pid,city,state,year,census_population,ori,agency,fbi_population_covered,population_ratio,months_reported,reporting_system,coverage,violent_crime,property_crime,murder,violent_per_1k,property_per_1k,murder_per_100k,consistency
194463,Anchorage Municipality,AK,2012,298695,AK0010100,Anchorage,299143,1.001,12,SRS,full,2479,10543,15,8.299,35.297,5.02,
194463,Anchorage Municipality,AK,2013,298695,AK0010100,Anchorage,299455,1.003,12,SRS,full,2435,12032,14,8.152,40.282,4.69,
194463,Anchorage Municipality,AK,2014,298695,AK0010100,Anchorage,301306,1.009,12,SRS,full,2605,11531,12,8.721,38.605,4.02,
194463,Anchorage Municipality,AK,2015,298695,AK0010100,Anchorage,301239,1.009,12,SRS,full,3226,11801,26,10.8,39.509,8.7,
194463,Anchorage Municipality,AK,2016,298695,AK0010100,Anchorage,299097,1.001,12,SRS,full,3422,14649,28,11.457,49.043,9.37,
194463,Anchorage Municipality,AK,2017,298695,AK0010100,Anchorage,296188,0.992,12,SRS,full,3780,16041,27,12.655,53.704,9.04,
194463,Anchorage Municipality,AK,2018,298695,AK0010100,Anchorage,291992,0.978,12,SRS,full,3824,14389,26,12.802,48.173,8.7,
194463,Anchorage Municipality,AK,2019,294356,AK0010100,Anchorage,287731,0.977,12,SRS,full,3581,12261,32,12.166,41.654,10.87,
194463,Anchorage Municipality,AK,2020,288000,AK0010100,Anchorage,286388,0.994,12,SRS,full,3472,9872,18,12.056,34.278,6.25,
194463,Anchorage Municipality,AK,2021,288000,AK0010100,Anchorage,,,,,missing,,,,,,,
194463,Anchorage Municipality,AK,2022,287095,AK0010100,Anchorage,285821,0.996,12,converted,full,3291,7900,29,11.463,27.517,10.1,
194463,Anchorage Municipality,AK,2023,288121,AK0010100,Anchorage,285026,0.989,12,converted,full,3022,8243,19,10.489,28.61,6.59,
194463,Anchorage Municipality,AK,2024,287145,AK0010100,Anchorage,286958,0.999,12,converted,full,2917,7937,28,10.159,27.641,9.75,
225038,Birmingham,AL,2012,212461,AL0010200,Birmingham,213266,1.004,12,SRS,full,3237,14788,67,15.236,69.603,31.54,
225038,Birmingham,AL,2013,212461,AL0010200,Birmingham,212001,0.998,12,SRS,full,2852,14157,63,13.424,66.633,29.65,
225038,Birmingham,AL,2014,212461,AL0010200,Birmingham,212115,0.998,12,SRS,full,3369,13929,52,15.857,65.56,24.48,
225038,Birmingham,AL,2015,212461,AL0010200,Birmingham,212291,0.999,12,SRS,full,3707,13499,79,17.448,63.536,37.18,
225038,Birmingham,AL,2016,212461,AL0010200,Birmingham,212549,1.0,12,SRS,full,3420,12470,78,16.097,58.693,36.71,
225038,Birmingham,AL,2017,212461,AL0010200,Birmingham,212178,0.999,10,SRS,partial,2415,8884,59,,,,
225038,Birmingham,AL,2018,212461,AL0010200,Birmingham,210564,0.991,12,SRS,full,4025,13295,88,18.945,62.576,41.42,
225038,Birmingham,AL,2019,210710,AL0010200,Birmingham,,,,,missing,,,,,,,
225038,Birmingham,AL,2020,209403,AL0010200,Birmingham,209081,0.998,12,SRS,full,866,2985,35,4.136,14.255,16.71,break_low
225038,Birmingham,AL,2021,209403,AL0010200,Birmingham,206476,0.986,12,converted,full,3138,7426,93,14.985,35.463,44.41,
225038,Birmingham,AL,2022,206950,AL0010200,Birmingham,195050,0.942,12,converted,full,3306,8292,143,15.975,40.068,69.1,
225038,Birmingham,AL,2023,197575,AL0010200,Birmingham,195224,0.988,12,converted,full,3032,9001,122,15.346,45.557,61.75,
225038,Birmingham,AL,2024,196910,AL0010200,Birmingham,195418,0.992,12,converted,full,2491,8154,116,12.65,41.41,58.91,
207520,Huntsville,AL,2012,190582,AL0470100,Huntsville,183691,0.964,12,SRS,full,1696,9261,14,8.899,48.593,7.35,
207520,Huntsville,AL,2013,190582,AL0470100,Huntsville,184738,0.969,12,SRS,full,1507,9216,24,7.907,48.357,12.59,
207520,Huntsville,AL,2014,190582,AL0470100,Huntsville,187624,0.984,12,SRS,full,1467,9161,15,7.697,48.069,7.87,
207520,Huntsville,AL,2015,190582,AL0470100,Huntsville,190106,0.998,12,SRS,full,1541,8743,18,8.086,45.875,9.44,
207520,Huntsville,AL,2016,190582,AL0470100,Huntsville,192587,1.011,12,SRS,full,1787,9398,18,9.377,49.312,9.44,
207520,Huntsville,AL,2017,190582,AL0470100,Huntsville,195173,1.024,12,SRS,full,1766,9232,22,9.266,48.441,11.54,
207520,Huntsville,AL,2018,190582,AL0470100,Huntsville,196620,1.032,12,SRS,full,1423,8244,28,7.467,43.257,14.69,
207520,Huntsville,AL,2019,194585,AL0470100,Huntsville,199465,1.025,6,SRS,partial,872,3854,12,,,,
207520,Huntsville,AL,2020,200574,AL0470100,Huntsville,202884,1.012,12,SRS,full,701,3125,7,3.495,15.58,3.49,break_low
207520,Huntsville,AL,2021,200574,AL0470100,Huntsville,205307,1.024,12,converted,full,28,122,3,0.14,0.608,1.5,break_low
207520,Huntsville,AL,2022,202964,AL0470100,Huntsville,218897,1.079,12,converted,full,966,4278,15,4.759,21.078,7.39,break_low
207520,Huntsville,AL,2023,216963,AL0470100,Huntsville,224777,1.036,12,converted,full,1012,5387,11,4.664,24.829,5.07,
207520,Huntsville,AL,2024,221933,AL0470100,Huntsville,228697,1.03,12,converted,full,1105,5462,19,4.979,24.611,8.56,
160683,Mobile,AL,2012,194288,AL0020100,Mobile,251516,1.295,12,SRS,full,1314,12103,32,6.763,62.294,16.47,
160683,Mobile,AL,2013,194288,AL0020100,Mobile,250557,1.29,12,SRS,full,1541,13011,29,7.932,66.968,14.93,
160683,Mobile,AL,2014,194288,AL0020100,Mobile,250655,1.29,12,SRS,full,1488,11603,31,7.659,59.721,15.96,
160683,Mobile,AL,2015,194288,AL0020100,Mobile,250346,1.289,12,SRS,full,1529,10794,24,7.87,55.557,12.35,
160683,Mobile,AL,2016,194288,AL0020100,Mobile,249921,1.286,12,SRS,full,1709,11769,44,8.796,60.575,22.65,
160683,Mobile,AL,2017,194288,AL0020100,Mobile,248431,1.279,12,SRS,full,1839,13549,50,9.465,69.737,25.73,
160683,Mobile,AL,2018,194288,AL0020100,Mobile,245475,1.263,12,SRS,full,1613,12094,26,8.302,62.248,13.38,
160683,Mobile,AL,2019,190265,AL0020100,Mobile,,,,,missing,,,,,,,
160683,Mobile,AL,2020,188720,AL0020100,Mobile,243900,1.292,12,SRS,full,337,2283,9,1.786,12.097,4.77,break_low
160683,Mobile,AL,2021,188720,AL0020100,Mobile,242894,1.287,12,converted,full,2495,7055,48,13.221,37.383,25.43,
160683,Mobile,AL,2022,187746,AL0020100,Mobile,239323,1.275,12,converted,full,2273,7243,42,12.107,38.579,22.37,
160683,Mobile,AL,2023,184952,AL0020100,Mobile,237469,1.284,12,converted,full,2118,5924,30,11.452,32.03,16.22,break_low
160683,Mobile,AL,2024,183289,AL0020100,Mobile,237092,1.294,12,converted,full,1765,3979,39,9.63,21.709,21.28,break_low
100091,Montgomery,AL,2012,200602,AL0030100,Montgomery,209018,1.042,12,SRS,full,827,12058,44,4.123,60.109,21.93,
100091,Montgomery,AL,2013,200602,AL0030100,Montgomery,205087,1.022,12,SRS,full,833,8262,3,4.153,41.186,1.5,
100091,Montgomery,AL,2014,200602,AL0030100,Montgomery,200194,0.998,12,SRS,full,1046,9025,35,5.214,44.99,17.45,
100091,Montgomery,AL,2015,200602,AL0030100,Montgomery,199139,0.993,12,SRS,full,1042,8363,33,5.194,41.69,16.45,
100091,Montgomery,AL,2016,200602,AL0030100,Montgomery,199565,0.995,12,SRS,full,1215,8989,30,6.057,44.81,14.95,
100091,Montgomery,AL,2017,200602,AL0030100,Montgomery,199099,0.993,12,SRS,full,1277,8800,38,6.366,43.868,18.94,
100091,Montgomery,AL,2018,200602,AL0030100,Montgomery,198662,0.99,12,SRS,full,1216,8480,29,6.062,42.273,14.46,
100091,Montgomery,AL,2019,199518,AL0030100,Montgomery,,,,,missing,,,,,,,
100091,Montgomery,AL,2020,198525,AL0030100,Montgomery,197755,0.996,12,SRS,full,522,2639,18,2.629,13.293,9.07,break_low
100091,Montgomery,AL,2021,198525,AL0030100,Montgomery,195361,0.984,12,converted,full,9,19,1,0.045,0.096,0.5,break_low
100091,Montgomery,AL,2022,196268,AL0030100,Montgomery,197333,1.005,12,converted,full,22,50,6,0.112,0.255,3.06,break_low
100091,Montgomery,AL,2023,198665,AL0030100,Montgomery,195484,0.984,12,converted,full,261,1067,9,1.314,5.371,4.53,break_low
100091,Montgomery,AL,2024,196986,AL0030100,Montgomery,193728,0.983,12,converted,full,1168,4368,37,5.929,22.174,18.78,
160723,Tuscaloosa,AL,2012,98332,AL0630100,Tuscaloosa,91973,0.935,12,SRS,full,478,4349,4,4.861,44.228,4.07,
160723,Tuscaloosa,AL,2013,98332,AL0630100,Tuscaloosa,94126,0.957,12,SRS,full,434,4512,8,4.414,45.885,8.14,
160723,Tuscaloosa,AL,2014,98332,AL0630100,Tuscaloosa,96412,0.98,12,SRS,full,466,4138,9,4.739,42.082,9.15,
160723,Tuscaloosa,AL,2015,98332,AL0630100,Tuscaloosa,97511,0.992,12,SRS,full,560,4210,7,5.695,42.814,7.12,
160723,Tuscaloosa,AL,2016,98332,AL0630100,Tuscaloosa,99925,1.016,12,SRS,full,480,3732,14,4.881,37.953,14.24,
160723,Tuscaloosa,AL,2017,98332,AL0630100,Tuscaloosa,101124,1.028,12,SRS,full,474,4174,9,4.82,42.448,9.15,
160723,Tuscaloosa,AL,2018,98332,AL0630100,Tuscaloosa,101764,1.035,12,SRS,full,514,4415,5,5.227,44.899,5.08,
160723,Tuscaloosa,AL,2019,100287,AL0630100,Tuscaloosa,102518,1.022,8,SRS,partial,368,2557,4,,,,
160723,Tuscaloosa,AL,2020,101129,AL0630100,Tuscaloosa,102391,1.012,12,SRS,full,356,2043,9,3.52,20.202,8.9,break_low
160723,Tuscaloosa,AL,2021,101129,AL0630100,Tuscaloosa,104151,1.03,12,converted,full,223,1089,8,2.205,10.768,7.91,break_low
160723,Tuscaloosa,AL,2022,102819,AL0630100,Tuscaloosa,101280,0.985,12,converted,full,654,2951,13,6.361,28.701,12.64,
160723,Tuscaloosa,AL,2023,100618,AL0630100,Tuscaloosa,113956,1.133,12,converted,full,643,3378,13,6.391,33.573,12.92,
160723,Tuscaloosa,AL,2024,110602,AL0630100,Tuscaloosa,113834,1.029,12,converted,full,641,3128,21,5.796,28.282,18.99,
100435,Little Rock,AR,2012,197992,AR0600200,Little Rock,196055,0.99,12,SRS,full,2582,15850,45,13.041,80.054,22.73,
100435,Little Rock,AR,2013,197992,AR0600200,Little Rock,197399,0.997,12,SRS,full,2790,15597,34,14.091,78.776,17.17,
100435,Little Rock,AR,2014,197992,AR0600200,Little Rock,198217,1.001,12,SRS,full,2785,14672,43,14.066,74.104,21.72,
100435,Little Rock,AR,2015,197992,AR0600200,Little Rock,198647,1.003,12,SRS,full,2990,13150,32,15.102,66.417,16.16,
100435,Little Rock,AR,2016,197992,AR0600200,Little Rock,198800,1.004,12,SRS,full,3050,13778,42,15.405,69.589,21.21,
100435,Little Rock,AR,2017,197992,AR0600200,Little Rock,199314,1.007,12,SRS,full,3279,13884,54,16.561,70.124,27.27,
100435,Little Rock,AR,2018,197992,AR0600200,Little Rock,199288,1.007,12,SRS,full,2891,13111,40,14.602,66.22,20.2,
100435,Little Rock,AR,2019,198606,AR0600200,Little Rock,198382,0.999,12,SRS,full,3029,12182,36,15.251,61.338,18.13,
100435,Little Rock,AR,2020,197312,AR0600200,Little Rock,197688,1.002,12,SRS,full,3661,9607,47,18.554,48.689,23.82,
100435,Little Rock,AR,2021,197312,AR0600200,Little Rock,198260,1.005,12,converted,full,4091,10645,63,20.734,53.95,31.93,
100435,Little Rock,AR,2022,197866,AR0600200,Little Rock,201513,1.018,12,converted,full,3694,10782,79,18.669,54.491,39.93,
100435,Little Rock,AR,2023,201998,AR0600200,Little Rock,202986,1.005,12,converted,full,3657,11035,63,18.104,54.629,31.19,
100435,Little Rock,AR,2024,202864,AR0600200,Little Rock,204247,1.007,12,converted,full,3417,10665,36,16.844,52.572,17.75,
160830,Buckeye,AZ,2012,62138,AZ0070300,Buckeye,52213,0.84,12,SRS,full,54,1372,3,0.869,22.08,4.83,
160830,Buckeye,AZ,2013,62138,AZ0070300,Buckeye,55710,0.897,12,SRS,full,49,1328,1,0.789,21.372,1.61,
160830,Buckeye,AZ,2014,62138,AZ0070300,Buckeye,58126,0.935,12,SRS,full,29,1141,1,0.467,18.362,1.61,
160830,Buckeye,AZ,2015,62138,AZ0070300,Buckeye,61726,0.993,12,SRS,full,28,1103,2,0.451,17.751,3.22,
160830,Buckeye,AZ,2016,62138,AZ0070300,Buckeye,64563,1.039,12,SRS,full,35,1025,2,0.563,16.496,3.22,
160830,Buckeye,AZ,2017,62138,AZ0070300,Buckeye,67147,1.081,12,SRS,full,86,1193,4,1.384,19.199,6.44,
160830,Buckeye,AZ,2018,62138,AZ0070300,Buckeye,71318,1.148,12,SRS,full,125,1348,1,2.012,21.694,1.61,
160830,Buckeye,AZ,2019,68453,AZ0070300,Buckeye,77904,1.138,12,SRS,full,107,1265,2,1.563,18.48,2.92,
160830,Buckeye,AZ,2020,79620,AZ0070300,Buckeye,83608,1.05,12,SRS,full,145,1184,1,1.821,14.871,1.26,
160830,Buckeye,AZ,2021,79620,AZ0070300,Buckeye,93218,1.171,12,converted,full,172,1056,4,2.16,13.263,5.02,
160830,Buckeye,AZ,2022,85224,AZ0070300,Buckeye,110002,1.291,12,converted,full,198,1149,1,2.323,13.482,1.17,
160830,Buckeye,AZ,2023,101315,AZ0070300,Buckeye,112048,1.106,12,converted,full,207,933,2,2.043,9.209,1.97,
160830,Buckeye,AZ,2024,105567,AZ0070300,Buckeye,114513,1.085,12,converted,full,192,885,3,1.819,8.383,2.84,
100249,Chandler,AZ,2012,260828,AZ0070500,Chandler,242721,0.931,12,SRS,full,628,6571,4,2.408,25.193,1.53,
100249,Chandler,AZ,2013,260828,AZ0070500,Chandler,248718,0.954,12,SRS,full,575,5900,2,2.205,22.62,0.77,
100249,Chandler,AZ,2014,260828,AZ0070500,Chandler,252369,0.968,12,SRS,full,466,5643,1,1.787,21.635,0.38,
100249,Chandler,AZ,2015,260828,AZ0070500,Chandler,258875,0.993,12,SRS,full,490,5393,1,1.879,20.676,0.38,
100249,Chandler,AZ,2016,260828,AZ0070500,Chandler,265922,1.02,12,SRS,full,558,6152,4,2.139,23.586,1.53,
100249,Chandler,AZ,2017,260828,AZ0070500,Chandler,249355,0.956,12,SRS,full,647,5809,5,2.481,22.271,1.92,
100249,Chandler,AZ,2018,260828,AZ0070500,Chandler,255986,0.981,12,SRS,full,606,5430,4,2.323,20.818,1.53,
100249,Chandler,AZ,2019,253458,AZ0070500,Chandler,259881,1.025,12,SRS,full,593,5382,4,2.34,21.234,1.58,
100249,Chandler,AZ,2020,261165,AZ0070500,Chandler,264071,1.011,12,SRS,full,543,4898,9,2.079,18.754,3.45,
100249,Chandler,AZ,2021,261165,AZ0070500,Chandler,281162,1.077,12,converted,full,548,4833,7,2.098,18.506,2.68,
100249,Chandler,AZ,2022,265398,AZ0070500,Chandler,281373,1.06,12,converted,full,532,5144,11,2.005,19.382,4.14,
100249,Chandler,AZ,2023,279458,AZ0070500,Chandler,282419,1.011,12,converted,full,503,4128,8,1.8,14.771,2.86,
100249,Chandler,AZ,2024,280711,AZ0070500,Chandler,281117,1.001,12,converted,full,391,4259,2,1.393,15.172,0.71,
160831,Gilbert,AZ,2012,247542,AZ0071100,Gilbert,214264,0.866,12,SRS,full,207,3462,5,0.836,13.986,2.02,
160831,Gilbert,AZ,2013,247542,AZ0071100,Gilbert,225232,0.91,12,SRS,full,199,3502,1,0.804,14.147,0.4,
160831,Gilbert,AZ,2014,247542,AZ0071100,Gilbert,235430,0.951,12,SRS,full,212,3518,0,0.856,14.212,0.0,
160831,Gilbert,AZ,2015,247542,AZ0071100,Gilbert,247324,0.999,12,SRS,full,182,3321,2,0.735,13.416,0.81,
160831,Gilbert,AZ,2016,247542,AZ0071100,Gilbert,255899,1.034,12,SRS,full,207,3396,3,0.836,13.719,1.21,
160831,Gilbert,AZ,2017,247542,AZ0071100,Gilbert,242090,0.978,12,SRS,full,217,3368,5,0.877,13.606,2.02,
160831,Gilbert,AZ,2018,247542,AZ0071100,Gilbert,247463,1.0,12,SRS,full,246,3352,2,0.994,13.541,0.81,
160831,Gilbert,AZ,2019,242354,AZ0071100,Gilbert,253619,1.046,12,SRS,full,251,3134,1,1.036,12.931,0.41,
160831,Gilbert,AZ,2020,254114,AZ0071100,Gilbert,259629,1.022,12,SRS,full,293,2817,4,1.153,11.086,1.57,
160831,Gilbert,AZ,2021,254114,AZ0071100,Gilbert,272941,1.074,12,converted,full,335,2942,3,1.318,11.577,1.18,
160831,Gilbert,AZ,2022,257658,AZ0071100,Gilbert,277123,1.076,12,converted,full,344,2830,2,1.335,10.984,0.78,
160831,Gilbert,AZ,2023,273136,AZ0071100,Gilbert,278495,1.02,12,converted,full,342,2626,5,1.252,9.614,1.83,
160831,Gilbert,AZ,2024,275346,AZ0071100,Gilbert,277527,1.008,12,converted,full,382,2721,2,1.387,9.882,0.73,
207535,Glendale,AZ,2012,240126,AZ0071300,Glendale,232997,0.97,12,SRS,full,1145,14934,12,4.768,62.192,5.0,
207535,Glendale,AZ,2013,240126,AZ0071300,Glendale,234006,0.975,12,SRS,full,905,13626,13,3.769,56.745,5.41,
207535,Glendale,AZ,2014,240126,AZ0071300,Glendale,236780,0.986,12,SRS,full,921,12578,20,3.835,52.381,8.33,
207535,Glendale,AZ,2015,240126,AZ0071300,Glendale,240374,1.001,12,SRS,full,943,12955,13,3.927,53.951,5.41,
207535,Glendale,AZ,2016,240126,AZ0071300,Glendale,242938,1.012,12,SRS,full,1204,12805,23,5.014,53.326,9.58,
207535,Glendale,AZ,2017,240126,AZ0071300,Glendale,249273,1.038,12,SRS,full,1217,11293,12,5.068,47.029,5.0,
207535,Glendale,AZ,2018,240126,AZ0071300,Glendale,249799,1.04,12,SRS,full,1167,10186,9,4.86,42.419,3.75,
207535,Glendale,AZ,2019,246709,AZ0071300,Glendale,253951,1.029,12,SRS,full,863,8083,17,3.498,32.763,6.89,
207535,Glendale,AZ,2020,252381,AZ0071300,Glendale,255468,1.012,12,SRS,full,1123,6956,24,4.45,27.562,9.51,
207535,Glendale,AZ,2021,252381,AZ0071300,Glendale,252981,1.002,5,converted,partial,417,2433,3,,,,break_low
207535,Glendale,AZ,2022,255307,AZ0071300,Glendale,250466,0.981,12,converted,full,1387,8381,20,5.433,32.827,7.83,
207535,Glendale,AZ,2023,249630,AZ0071300,Glendale,253768,1.017,12,converted,full,1474,7379,17,5.905,29.56,6.81,
207535,Glendale,AZ,2024,252136,AZ0071300,Glendale,255512,1.013,12,converted,full,1259,6874,20,4.993,27.263,7.93,
122748,Goodyear,AZ,2012,79003,AZ0071500,Goodyear,67033,0.848,12,SRS,full,103,1774,0,1.304,22.455,0.0,
122748,Goodyear,AZ,2013,79003,AZ0071500,Goodyear,71048,0.899,12,SRS,full,94,1716,4,1.19,21.721,5.06,
122748,Goodyear,AZ,2014,79003,AZ0071500,Goodyear,74826,0.947,12,SRS,full,111,1573,2,1.405,19.911,2.53,
122748,Goodyear,AZ,2015,79003,AZ0071500,Goodyear,78447,0.993,12,SRS,full,144,1784,1,1.823,22.581,1.27,
122748,Goodyear,AZ,2016,79003,AZ0071500,Goodyear,82018,1.038,12,SRS,full,310,2063,0,3.924,26.113,0.0,
122748,Goodyear,AZ,2017,79003,AZ0071500,Goodyear,79419,1.005,12,SRS,full,210,2280,2,2.658,28.86,2.53,
122748,Goodyear,AZ,2018,79003,AZ0071500,Goodyear,82159,1.04,12,SRS,full,203,2081,2,2.57,26.341,2.53,
122748,Goodyear,AZ,2019,79858,AZ0071500,Goodyear,85305,1.068,12,SRS,full,172,2045,1,2.154,25.608,1.25,
122748,Goodyear,AZ,2020,86840,AZ0071500,Goodyear,89607,1.032,12,SRS,full,199,1922,2,2.292,22.133,2.3,
122748,Goodyear,AZ,2021,86840,AZ0071500,Goodyear,97081,1.118,12,converted,full,183,2028,1,2.107,23.353,1.15,
122748,Goodyear,AZ,2022,90622,AZ0071500,Goodyear,107212,1.183,12,converted,full,181,2000,2,1.997,22.07,2.21,
122748,Goodyear,AZ,2023,101733,AZ0071500,Goodyear,109929,1.081,12,converted,full,174,1826,4,1.71,17.949,3.93,
122748,Goodyear,AZ,2024,105406,AZ0071500,Goodyear,116892,1.109,12,converted,full,216,1721,0,2.049,16.327,0.0,
100250,Mesa,AZ,2012,471825,AZ0071700,Mesa,451391,0.957,12,SRS,full,1804,14140,14,3.823,29.969,2.97,
100250,Mesa,AZ,2013,471825,AZ0071700,Mesa,456155,0.967,12,SRS,full,1807,12916,22,3.83,27.375,4.66,
100250,Mesa,AZ,2014,471825,AZ0071700,Mesa,462092,0.979,12,SRS,full,2119,12940,13,4.491,27.425,2.76,
100250,Mesa,AZ,2015,471825,AZ0071700,Mesa,471034,0.998,12,SRS,full,1972,11905,16,4.18,25.232,3.39,
100250,Mesa,AZ,2016,471825,AZ0071700,Mesa,478277,1.014,12,SRS,full,2051,11214,19,4.347,23.767,4.03,
100250,Mesa,AZ,2017,471825,AZ0071700,Mesa,492268,1.043,12,SRS,full,2047,10692,23,4.338,22.661,4.87,
100250,Mesa,AZ,2018,471825,AZ0071700,Mesa,504873,1.07,12,SRS,full,1837,10024,17,3.893,21.245,3.6,
100250,Mesa,AZ,2019,496401,AZ0071700,Mesa,518160,1.044,12,SRS,full,1953,9683,11,3.934,19.506,2.22,
100250,Mesa,AZ,2020,518012,AZ0071700,Mesa,527361,1.018,12,SRS,full,2006,9776,20,3.872,18.872,3.86,
100250,Mesa,AZ,2021,518012,AZ0071700,Mesa,513713,0.992,12,converted,full,2135,10124,25,4.122,19.544,4.83,
100250,Mesa,AZ,2022,528159,AZ0071700,Mesa,513116,0.972,12,converted,full,2236,9148,28,4.234,17.321,5.3,
100250,Mesa,AZ,2023,509475,AZ0071700,Mesa,515848,1.013,12,converted,full,2292,8469,27,4.499,16.623,5.3,
100250,Mesa,AZ,2024,512498,AZ0071700,Mesa,513585,1.002,12,converted,full,2494,7596,14,4.866,14.822,2.73,
160832,Peoria,AZ,2012,171237,AZ0072100,Peoria,158347,0.925,12,SRS,full,296,4673,9,1.729,27.29,5.26,
160832,Peoria,AZ,2013,171237,AZ0072100,Peoria,161641,0.944,12,SRS,full,254,3830,4,1.483,22.367,2.34,
160832,Peoria,AZ,2014,171237,AZ0072100,Peoria,164722,0.962,12,SRS,full,246,3299,2,1.437,19.266,1.17,
160832,Peoria,AZ,2015,171237,AZ0072100,Peoria,170222,0.994,12,SRS,full,282,3369,1,1.647,19.674,0.58,
160832,Peoria,AZ,2016,171237,AZ0072100,Peoria,174797,1.021,12,SRS,full,352,3709,2,2.056,21.66,1.17,
160832,Peoria,AZ,2017,171237,AZ0072100,Peoria,165889,0.969,12,SRS,full,415,3385,4,2.424,19.768,2.34,
160832,Peoria,AZ,2018,171237,AZ0072100,Peoria,170177,0.994,12,SRS,full,388,3241,3,2.266,18.927,1.75,
160832,Peoria,AZ,2019,168181,AZ0072100,Peoria,174571,1.038,12,SRS,full,407,3273,4,2.42,19.461,2.38,
160832,Peoria,AZ,2020,175961,AZ0072100,Peoria,178486,1.014,12,SRS,full,471,2683,3,2.677,15.248,1.7,
160832,Peoria,AZ,2021,175961,AZ0072100,Peoria,194566,1.106,12,converted,full,489,2883,8,2.779,16.384,4.55,
160832,Peoria,AZ,2022,179872,AZ0072100,Peoria,197894,1.1,12,converted,full,391,2748,3,2.174,15.278,1.67,
160832,Peoria,AZ,2023,194917,AZ0072100,Peoria,200886,1.031,12,converted,full,437,2674,9,2.242,13.719,4.62,
160832,Peoria,AZ,2024,197866,AZ0072100,Peoria,201056,1.016,12,converted,full,526,2484,3,2.658,12.554,1.52,
207536,Phoenix,AZ,2012,1563025,AZ0072300,Phoenix,1485509,0.95,12,SRS,full,9458,60777,123,6.051,38.884,7.87,
207536,Phoenix,AZ,2013,1563025,AZ0072300,Phoenix,1502139,0.961,12,SRS,full,9492,60085,118,6.073,38.441,7.55,
207536,Phoenix,AZ,2014,1563025,AZ0072300,Phoenix,1529852,0.979,12,SRS,full,8749,56977,114,5.597,36.453,7.29,
207536,Phoenix,AZ,2015,1563025,AZ0072300,Phoenix,1559744,0.998,12,SRS,full,9261,54456,112,5.925,34.84,7.17,
207536,Phoenix,AZ,2016,1563025,AZ0072300,Phoenix,1586611,1.015,12,SRS,full,10700,58552,146,6.846,37.461,9.34,
207536,Phoenix,AZ,2017,1563025,AZ0072300,Phoenix,1644177,1.052,12,SRS,full,12511,60353,157,8.004,38.613,10.04,
207536,Phoenix,AZ,2018,1563025,AZ0072300,Phoenix,1653080,1.058,12,SRS,full,12111,57732,133,7.748,36.936,8.51,
207536,Phoenix,AZ,2019,1626078,AZ0072300,Phoenix,1688722,1.039,12,SRS,full,11803,55974,131,7.259,34.423,8.06,
207536,Phoenix,AZ,2020,1680992,AZ0072300,Phoenix,1708960,1.017,12,SRS,full,13646,51089,187,8.118,30.392,11.12,
207536,Phoenix,AZ,2021,1680992,AZ0072300,Phoenix,,,,,missing,,,,,,,
207536,Phoenix,AZ,2022,1708127,AZ0072300,Phoenix,1637902,0.959,12,converted,full,13515,47530,217,7.912,27.826,12.7,
207536,Phoenix,AZ,2023,1624569,AZ0072300,Phoenix,1660686,1.022,12,converted,full,13033,41249,191,8.022,25.391,11.76,
207536,Phoenix,AZ,2024,1644409,AZ0072300,Phoenix,1662809,1.011,12,converted,full,13296,38666,139,8.086,23.514,8.45,
189585,Scottsdale,AZ,2012,236839,AZ0072500,Scottsdale,223432,0.943,12,SRS,full,330,6047,3,1.393,25.532,1.27,
189585,Scottsdale,AZ,2013,236839,AZ0072500,Scottsdale,225523,0.952,12,SRS,full,342,5766,4,1.444,24.346,1.69,
189585,Scottsdale,AZ,2014,236839,AZ0072500,Scottsdale,229325,0.968,12,SRS,full,362,5301,2,1.528,22.382,0.84,
189585,Scottsdale,AZ,2015,236839,AZ0072500,Scottsdale,233872,0.987,12,SRS,full,434,5332,6,1.832,22.513,2.53,
189585,Scottsdale,AZ,2016,236839,AZ0072500,Scottsdale,240885,1.017,12,SRS,full,369,5698,4,1.558,24.059,1.69,
189585,Scottsdale,AZ,2017,236839,AZ0072500,Scottsdale,251840,1.063,12,SRS,full,396,5470,5,1.672,23.096,2.11,
189585,Scottsdale,AZ,2018,236839,AZ0072500,Scottsdale,254961,1.077,12,SRS,full,422,5683,7,1.782,23.995,2.96,
189585,Scottsdale,AZ,2019,249950,AZ0072500,Scottsdale,260464,1.042,12,SRS,full,415,5099,3,1.66,20.4,1.2,
189585,Scottsdale,AZ,2020,258069,AZ0072500,Scottsdale,263006,1.019,12,SRS,full,470,4945,7,1.821,19.162,2.71,
189585,Scottsdale,AZ,2021,258069,AZ0072500,Scottsdale,245886,0.953,12,converted,full,537,5824,5,2.081,22.568,1.94,
189585,Scottsdale,AZ,2022,262647,AZ0072500,Scottsdale,243576,0.927,12,converted,full,458,5562,3,1.744,21.177,1.14,
189585,Scottsdale,AZ,2023,242753,AZ0072500,Scottsdale,243644,1.004,12,converted,full,430,5470,2,1.771,22.533,0.82,
189585,Scottsdale,AZ,2024,243050,AZ0072500,Scottsdale,245237,1.009,12,converted,full,375,4591,1,1.543,18.889,0.41,
100251,Surprise,AZ,2012,128422,AZ0072700,Surprise,120793,0.941,12,SRS,full,162,2488,3,1.261,19.374,2.34,
100251,Surprise,AZ,2013,128422,AZ0072700,Surprise,122497,0.954,12,SRS,full,150,2120,0,1.168,16.508,0.0,
100251,Surprise,AZ,2014,128422,AZ0072700,Surprise,125049,0.974,12,SRS,full,137,2099,4,1.067,16.345,3.11,
100251,Surprise,AZ,2015,128422,AZ0072700,Surprise,128525,1.001,12,SRS,full,170,2182,2,1.324,16.991,1.56,
100251,Surprise,AZ,2016,128422,AZ0072700,Surprise,130679,1.018,12,SRS,full,136,2489,6,1.059,19.381,4.67,
100251,Surprise,AZ,2017,128422,AZ0072700,Surprise,135345,1.054,12,SRS,full,120,2421,2,0.934,18.852,1.56,
100251,Surprise,AZ,2018,128422,AZ0072700,Surprise,136611,1.064,12,SRS,full,165,2103,7,1.285,16.376,5.45,
100251,Surprise,AZ,2019,134085,AZ0072700,Surprise,140962,1.051,12,SRS,full,138,2083,4,1.029,15.535,2.98,
100251,Surprise,AZ,2020,141664,AZ0072700,Surprise,144620,1.021,12,SRS,full,210,2008,2,1.482,14.174,1.41,
100251,Surprise,AZ,2021,141664,AZ0072700,Surprise,145832,1.029,12,converted,full,193,2156,1,1.362,15.219,0.71,
100251,Surprise,AZ,2022,143148,AZ0072700,Surprise,154128,1.077,12,converted,full,184,2163,2,1.285,15.11,1.4,
100251,Surprise,AZ,2023,149191,AZ0072700,Surprise,159346,1.068,12,converted,full,160,1999,2,1.072,13.399,1.34,
100251,Surprise,AZ,2024,154198,AZ0072700,Surprise,163202,1.058,12,converted,full,178,1432,12,1.154,9.287,7.78,
160833,Tempe,AZ,2012,175826,AZ0072900,Tempe,166061,0.944,12,SRS,full,878,7824,11,4.994,44.499,6.26,
160833,Tempe,AZ,2013,175826,AZ0072900,Tempe,168501,0.958,12,SRS,full,831,7876,3,4.726,44.794,1.71,
160833,Tempe,AZ,2014,175826,AZ0072900,Tempe,169812,0.966,12,SRS,full,799,8044,5,4.544,45.75,2.84,
160833,Tempe,AZ,2015,175826,AZ0072900,Tempe,175556,0.998,12,SRS,full,721,7642,7,4.101,43.463,3.98,
160833,Tempe,AZ,2016,175826,AZ0072900,Tempe,178654,1.016,12,SRS,full,902,8144,4,5.13,46.319,2.27,
160833,Tempe,AZ,2017,175826,AZ0072900,Tempe,186086,1.058,12,SRS,full,883,7669,5,5.022,43.617,2.84,
160833,Tempe,AZ,2018,175826,AZ0072900,Tempe,188543,1.072,12,SRS,full,913,7802,5,5.193,44.373,2.84,
160833,Tempe,AZ,2019,185038,AZ0072900,Tempe,196499,1.062,12,SRS,full,889,7420,8,4.804,40.1,4.32,
160833,Tempe,AZ,2020,195805,AZ0072900,Tempe,199935,1.021,12,SRS,full,1100,7124,8,5.618,36.383,4.09,
160833,Tempe,AZ,2021,195805,AZ0072900,Tempe,,,,,missing,,,,,,,
160833,Tempe,AZ,2022,200402,AZ0072900,Tempe,187473,0.935,12,converted,full,1103,8175,8,5.504,40.793,3.99,
160833,Tempe,AZ,2023,184118,AZ0072900,Tempe,188144,1.022,12,converted,full,954,6770,12,5.181,36.77,6.52,
160833,Tempe,AZ,2024,185950,AZ0072900,Tempe,191376,1.029,12,converted,full,901,5564,5,4.845,29.922,2.69,
160840,Tucson,AZ,2012,531641,AZ0100300,Tucson,531535,1.0,12,SRS,full,3850,7520,42,7.242,14.145,7.9,
160840,Tucson,AZ,2013,531641,AZ0100300,Tucson,525486,0.988,12,SRS,full,3368,34587,47,6.335,65.057,8.84,
160840,Tucson,AZ,2014,531641,AZ0100300,Tucson,527328,0.992,12,SRS,full,3443,31605,35,6.476,59.448,6.58,
160840,Tucson,AZ,2015,531641,AZ0100300,Tucson,529675,0.996,12,SRS,full,3472,35185,31,6.531,66.182,5.83,
160840,Tucson,AZ,2016,531641,AZ0100300,Tucson,533663,1.004,12,SRS,full,4245,31265,30,7.985,58.808,5.64,
160840,Tucson,AZ,2017,531641,AZ0100300,Tucson,532323,1.001,12,SRS,full,4268,27956,46,8.028,52.584,8.65,
160840,Tucson,AZ,2018,531641,AZ0100300,Tucson,537392,1.011,12,SRS,full,3958,26623,47,7.445,50.077,8.84,
160840,Tucson,AZ,2019,535677,AZ0100300,Tucson,548374,1.024,12,SRS,full,3775,17943,40,7.047,33.496,7.47,
160840,Tucson,AZ,2020,548073,AZ0100300,Tucson,550448,1.004,12,SRS,full,3780,19853,57,6.897,36.223,10.4,
160840,Tucson,AZ,2021,548073,AZ0100300,Tucson,,,,,missing,,,,,,,
160840,Tucson,AZ,2022,542629,AZ0100300,Tucson,544629,1.004,12,converted,full,2675,15345,43,4.93,28.279,7.92,
160840,Tucson,AZ,2023,543242,AZ0100300,Tucson,548544,1.01,12,converted,full,2597,14980,42,4.781,27.575,7.73,
160840,Tucson,AZ,2024,546574,AZ0100300,Tucson,548789,1.004,12,converted,full,3544,18868,47,6.484,34.52,8.6,
183836,Anaheim,CA,2012,350742,CA0300100,Anaheim,344526,0.982,12,SRS,full,1279,10070,15,3.647,28.711,4.28,
183836,Anaheim,CA,2013,350742,CA0300100,Anaheim,345320,0.985,12,SRS,full,1130,9611,11,3.222,27.402,3.14,
183836,Anaheim,CA,2014,350742,CA0300100,Anaheim,346956,0.989,12,SRS,full,1101,8196,14,3.139,23.368,3.99,
183836,Anaheim,CA,2015,350742,CA0300100,Anaheim,349471,0.996,12,SRS,full,1271,10038,18,3.624,28.619,5.13,
183836,Anaheim,CA,2016,350742,CA0300100,Anaheim,353504,1.008,12,SRS,full,1209,9617,7,3.447,27.419,2.0,
183836,Anaheim,CA,2017,350742,CA0300100,Anaheim,353400,1.008,12,SRS,full,1253,9296,10,3.572,26.504,2.85,
183836,Anaheim,CA,2018,350742,CA0300100,Anaheim,354743,1.011,12,SRS,full,1192,8702,7,3.399,24.81,2.0,
183836,Anaheim,CA,2019,352497,CA0300100,Anaheim,353915,1.004,12,SRS,full,1120,8258,8,3.177,23.427,2.27,
183836,Anaheim,CA,2020,350365,CA0300100,Anaheim,351913,1.004,12,SRS,full,1241,8865,16,3.542,25.302,4.57,
183836,Anaheim,CA,2021,350365,CA0300100,Anaheim,355301,1.014,12,converted,full,538,2418,6,1.536,6.901,1.71,break_low
183836,Anaheim,CA,2022,353676,CA0300100,Anaheim,344795,0.975,12,converted,full,1918,9562,11,5.423,27.036,3.11,
183836,Anaheim,CA,2023,345940,CA0300100,Anaheim,343147,0.992,12,converted,full,2034,8395,8,5.88,24.267,2.31,
183836,Anaheim,CA,2024,344461,CA0300100,Anaheim,338488,0.983,12,converted,full,2022,7507,12,5.87,21.793,3.48,
123096,Antioch,CA,2012,110542,CA0070100,Antioch,105009,0.95,12,SRS,full,1068,4757,10,9.661,43.033,9.05,
123096,Antioch,CA,2013,110542,CA0070100,Antioch,106447,0.963,12,SRS,full,947,4440,12,8.567,40.166,10.86,
123096,Antioch,CA,2014,110542,CA0070100,Antioch,108223,0.979,12,SRS,full,849,4190,9,7.68,37.904,8.14,
123096,Antioch,CA,2015,111605,CA0070100,Antioch,110537,0.99,12,SRS,full,771,3912,7,6.908,35.052,6.27,
123096,Antioch,CA,2016,110542,CA0070100,Antioch,112090,1.014,12,SRS,full,760,3690,9,6.875,33.381,8.14,
123096,Antioch,CA,2017,110542,CA0070100,Antioch,112252,1.015,12,SRS,full,607,3838,10,5.491,34.72,9.05,
123096,Antioch,CA,2018,110542,CA0070100,Antioch,112956,1.022,12,SRS,full,602,3330,7,5.446,30.124,6.33,
123096,Antioch,CA,2019,111605,CA0070100,Antioch,112641,1.009,12,SRS,full,648,3199,12,5.806,28.664,10.75,
123096,Antioch,CA,2020,111605,CA0070100,Antioch,112481,1.008,12,SRS,full,591,2719,9,5.295,24.363,8.06,
123096,Antioch,CA,2021,111605,CA0070100,Antioch,112499,1.008,12,converted,full,54,171,1,0.484,1.532,0.9,break_low
123096,Antioch,CA,2022,111605,CA0070100,Antioch,114338,1.024,12,converted,full,710,2559,9,6.362,22.929,8.06,
123096,Antioch,CA,2023,111605,CA0070100,Antioch,115271,1.033,12,converted,full,674,3496,11,6.039,31.325,9.86,
123096,Antioch,CA,2024,111605,CA0070100,Antioch,117675,1.054,12,converted,full,717,3757,16,6.424,33.663,14.34,
183825,Bakersfield,CA,2012,373640,CA0150200,Bakersfield,355696,0.952,12,SRS,full,1929,17754,34,5.163,47.516,9.1,
183825,Bakersfield,CA,2013,373640,CA0150200,Bakersfield,361859,0.968,12,SRS,full,1857,16814,24,4.97,45.001,6.42,
183825,Bakersfield,CA,2014,373640,CA0150200,Bakersfield,367406,0.983,12,SRS,full,1678,14595,17,4.491,39.062,4.55,
183825,Bakersfield,CA,2015,373640,CA0150200,Bakersfield,373887,1.001,12,SRS,full,1810,15559,22,4.844,41.642,5.89,
183825,Bakersfield,CA,2016,373640,CA0150200,Bakersfield,378788,1.014,12,SRS,full,1821,17138,32,4.874,45.868,8.56,
183825,Bakersfield,CA,2017,373640,CA0150200,Bakersfield,381154,1.02,12,SRS,full,1827,15507,41,4.89,41.503,10.97,
183825,Bakersfield,CA,2018,373640,CA0150200,Bakersfield,385609,1.032,12,SRS,full,1895,16097,31,5.072,43.082,8.3,
183825,Bakersfield,CA,2019,380874,CA0150200,Bakersfield,388080,1.019,12,SRS,full,1766,16074,34,4.637,42.203,8.93,
183825,Bakersfield,CA,2020,384145,CA0150200,Bakersfield,388265,1.011,12,SRS,full,2007,15619,44,5.225,40.659,11.45,
183825,Bakersfield,CA,2021,384145,CA0150200,Bakersfield,,,,,missing,,,,,,,
183825,Bakersfield,CA,2022,385725,CA0150200,Bakersfield,411873,1.068,12,converted,full,2282,16446,38,5.916,42.637,9.85,
183825,Bakersfield,CA,2023,407615,CA0150200,Bakersfield,413409,1.014,12,converted,full,2691,13955,29,6.602,34.236,7.11,
183825,Bakersfield,CA,2024,410647,CA0150200,Bakersfield,416120,1.013,12,converted,full,2315,10337,28,5.637,25.172,6.82,
123092,Berkeley,CA,2012,120972,CA0010300,Berkeley,114961,0.95,12,SRS,full,487,5696,5,4.026,47.085,4.13,
123092,Berkeley,CA,2013,120972,CA0010300,Berkeley,116217,0.961,12,SRS,full,563,5377,4,4.654,44.448,3.31,
123092,Berkeley,CA,2014,120972,CA0010300,Berkeley,117753,0.973,12,SRS,full,431,5102,3,3.563,42.175,2.48,
123092,Berkeley,CA,2015,120972,CA0010300,Berkeley,120387,0.995,12,SRS,full,530,5906,1,4.381,48.821,0.83,
123092,Berkeley,CA,2016,120972,CA0010300,Berkeley,122651,1.014,12,SRS,full,602,5420,2,4.976,44.804,1.65,
123092,Berkeley,CA,2017,120972,CA0010300,Berkeley,122687,1.014,12,SRS,full,666,6020,1,5.505,49.764,0.83,
123092,Berkeley,CA,2018,120972,CA0010300,Berkeley,123735,1.023,12,SRS,full,586,5381,1,4.844,44.481,0.83,
123092,Berkeley,CA,2019,120972,CA0010300,Berkeley,122788,1.015,12,SRS,full,618,6256,0,5.109,51.714,0.0,
123092,Berkeley,CA,2020,122726,CA0010300,Berkeley,122346,0.997,12,SRS,full,537,5535,6,4.376,45.1,4.89,
123092,Berkeley,CA,2021,122726,CA0010300,Berkeley,,,,,missing,,,,,,,
123092,Berkeley,CA,2022,122726,CA0010300,Berkeley,114872,0.936,12,converted,full,667,6483,3,5.435,52.825,2.44,
123092,Berkeley,CA,2023,122726,CA0010300,Berkeley,116595,0.95,12,converted,full,731,6551,2,5.956,53.379,1.63,
123092,Berkeley,CA,2024,118950,CA0010300,Berkeley,117400,0.987,12,converted,full,757,6166,4,6.364,51.837,3.36,
184443,Burbank,CA,2012,105319,CA0191200,Burbank,105057,0.998,12,SRS,full,243,2493,2,2.307,23.671,1.9,
184443,Burbank,CA,2013,105319,CA0191200,Burbank,104727,0.994,12,SRS,full,172,2430,0,1.633,23.073,0.0,
184443,Burbank,CA,2014,105319,CA0191200,Burbank,105041,0.997,12,SRS,full,150,2426,1,1.424,23.035,0.95,
184443,Burbank,CA,2015,105319,CA0191200,Burbank,105865,1.005,12,SRS,full,160,2656,1,1.519,25.219,0.95,
184443,Burbank,CA,2016,105319,CA0191200,Burbank,105720,1.004,12,SRS,full,210,2927,0,1.994,27.792,0.0,
184443,Burbank,CA,2017,105319,CA0191200,Burbank,104622,0.993,12,SRS,full,253,2944,0,2.402,27.953,0.0,
184443,Burbank,CA,2018,105319,CA0191200,Burbank,105041,0.997,12,SRS,full,229,2625,0,2.174,24.924,0.0,
184443,Burbank,CA,2019,104834,CA0191200,Burbank,103738,0.99,12,SRS,full,190,2617,1,1.812,24.963,0.95,
184443,Burbank,CA,2020,102511,CA0191200,Burbank,102419,0.999,12,SRS,full,174,2474,1,1.697,24.134,0.98,
184443,Burbank,CA,2021,102511,CA0191200,Burbank,101698,0.992,12,converted,full,21,268,0,0.205,2.614,0.0,break_low
184443,Burbank,CA,2022,101866,CA0191200,Burbank,103516,1.016,12,converted,full,317,2812,1,3.112,27.605,0.98,
184443,Burbank,CA,2023,105401,CA0191200,Burbank,102345,0.971,12,converted,full,371,3262,0,3.52,30.948,0.0,
184443,Burbank,CA,2024,103920,CA0191200,Burbank,101377,0.976,12,converted,full,409,3089,2,3.936,29.725,1.92,break_high
161254,Carlsbad,CA,2012,113453,CA0370100,Carlsbad,107879,0.951,12,SRS,full,265,2109,2,2.336,18.589,1.76,
161254,Carlsbad,CA,2013,113453,CA0370100,Carlsbad,110505,0.974,12,SRS,full,221,2085,1,1.948,18.378,0.88,
161254,Carlsbad,CA,2014,113453,CA0370100,Carlsbad,112297,0.99,12,SRS,full,204,1731,1,1.798,15.257,0.88,
161254,Carlsbad,CA,2015,113453,CA0370100,Carlsbad,113972,1.005,12,SRS,full,172,2134,0,1.516,18.81,0.0,
161254,Carlsbad,CA,2016,113453,CA0370100,Carlsbad,115040,1.014,12,SRS,full,209,2188,0,1.842,19.286,0.0,
161254,Carlsbad,CA,2017,113453,CA0370100,Carlsbad,115344,1.017,12,SRS,full,247,2209,0,2.177,19.471,0.0,
161254,Carlsbad,CA,2018,113453,CA0370100,Carlsbad,116739,1.029,12,SRS,full,243,2100,1,2.142,18.51,0.88,
161254,Carlsbad,CA,2019,115330,CA0370100,Carlsbad,117220,1.016,12,SRS,full,240,2135,3,2.081,18.512,2.6,
161254,Carlsbad,CA,2020,115382,CA0370100,Carlsbad,116516,1.01,12,SRS,full,224,1841,3,1.941,15.956,2.6,
161254,Carlsbad,CA,2021,115382,CA0370100,Carlsbad,116633,1.011,12,converted,full,259,2047,2,2.245,17.741,1.73,
161254,Carlsbad,CA,2022,115599,CA0370100,Carlsbad,115531,0.999,12,converted,full,243,2054,0,2.102,17.768,0.0,
161254,Carlsbad,CA,2023,115302,CA0370100,Carlsbad,113796,0.987,12,converted,full,231,1865,0,2.003,16.175,0.0,
161254,Carlsbad,CA,2024,114160,CA0370100,Carlsbad,113023,0.99,12,converted,full,228,1719,1,1.997,15.058,0.88,
161130,Chico,CA,2012,90316,CA0040200,Chico,87090,0.964,12,SRS,full,282,2291,1,3.122,25.366,1.11,
161130,Chico,CA,2013,90316,CA0040200,Chico,88226,0.977,12,SRS,full,299,2572,2,3.311,28.478,2.21,
161130,Chico,CA,2014,102867,CA0040200,Chico,88562,0.861,12,SRS,full,340,3213,1,3.305,31.235,0.97,
161130,Chico,CA,2015,102867,CA0040200,Chico,89949,0.874,12,SRS,full,317,3634,2,3.082,35.327,1.94,
161130,Chico,CA,2016,90316,CA0040200,Chico,91122,1.009,12,SRS,full,293,3290,0,3.244,36.428,0.0,
161130,Chico,CA,2017,90316,CA0040200,Chico,92459,1.024,12,SRS,full,413,3593,2,4.573,39.783,2.21,
161130,Chico,CA,2018,90316,CA0040200,Chico,94273,1.044,12,SRS,full,611,2403,2,6.765,26.607,2.21,
161130,Chico,CA,2019,102867,CA0040200,Chico,95826,0.932,12,SRS,full,557,2406,0,5.415,23.389,0.0,
161130,Chico,CA,2020,102867,CA0040200,Chico,105355,1.024,12,SRS,full,540,2113,3,5.249,20.541,2.92,
161130,Chico,CA,2021,102867,CA0040200,Chico,,,,,missing,,,,,,,
161130,Chico,CA,2022,102867,CA0040200,Chico,102499,0.996,12,converted,full,589,1703,1,5.726,16.555,0.97,
161130,Chico,CA,2023,102867,CA0040200,Chico,100896,0.981,12,converted,full,626,1872,3,6.086,18.198,2.92,
161130,Chico,CA,2024,101299,CA0040200,Chico,100831,0.995,12,converted,full,718,1957,2,7.088,19.319,1.97,
211212,Chula Vista,CA,2012,265757,CA0370200,Chula Vista,249830,0.94,12,SRS,full,581,5081,8,2.186,19.119,3.01,
211212,Chula Vista,CA,2013,265757,CA0370200,Chula Vista,255073,0.96,12,SRS,full,596,5284,2,2.243,19.883,0.75,
211212,Chula Vista,CA,2014,265757,CA0370200,Chula Vista,259894,0.978,12,SRS,full,612,4524,7,2.303,17.023,2.63,
211212,Chula Vista,CA,2015,265757,CA0370200,Chula Vista,265215,0.998,12,SRS,full,705,4619,6,2.653,17.381,2.26,
211212,Chula Vista,CA,2016,265757,CA0370200,Chula Vista,270175,1.017,12,SRS,full,696,4254,1,2.619,16.007,0.38,
211212,Chula Vista,CA,2017,265757,CA0370200,Chula Vista,271109,1.02,12,SRS,full,808,3883,2,3.04,14.611,0.75,
211212,Chula Vista,CA,2018,265757,CA0370200,Chula Vista,274370,1.032,12,SRS,full,835,3611,6,3.142,13.588,2.26,
211212,Chula Vista,CA,2019,270471,CA0370200,Chula Vista,275230,1.018,12,SRS,full,904,3816,3,3.342,14.109,1.11,
211212,Chula Vista,CA,2020,274492,CA0370200,Chula Vista,278027,1.013,12,SRS,full,916,3257,10,3.337,11.866,3.64,
211212,Chula Vista,CA,2021,274492,CA0370200,Chula Vista,275978,1.005,12,converted,full,943,3438,10,3.435,12.525,3.64,
211212,Chula Vista,CA,2022,272979,CA0370200,Chula Vista,277976,1.018,12,converted,full,982,3561,8,3.597,13.045,2.93,
211212,Chula Vista,CA,2023,277220,CA0370200,Chula Vista,280748,1.013,12,converted,full,983,3607,5,3.546,13.011,1.8,
211212,Chula Vista,CA,2024,279170,CA0370200,Chula Vista,273843,0.981,12,converted,full,1038,3122,3,3.718,11.183,1.07,
203966,Clovis,CA,2012,104180,CA0100100,Clovis,97828,0.939,12,SRS,full,219,4025,3,2.102,38.635,2.88,
203966,Clovis,CA,2013,104180,CA0100100,Clovis,99483,0.955,12,SRS,full,181,3404,0,1.737,32.674,0.0,
203966,Clovis,CA,2014,104180,CA0100100,Clovis,100705,0.967,12,SRS,full,216,3064,1,2.073,29.411,0.96,
203966,Clovis,CA,2015,117662,CA0100100,Clovis,103769,0.882,12,SRS,full,239,3083,1,2.031,26.202,0.85,
203966,Clovis,CA,2016,104180,CA0100100,Clovis,105865,1.016,12,SRS,full,255,2973,2,2.448,28.537,1.92,
203966,Clovis,CA,2017,104180,CA0100100,Clovis,108419,1.041,12,SRS,full,243,2895,0,2.333,27.788,0.0,
203966,Clovis,CA,2018,104180,CA0100100,Clovis,111759,1.073,12,SRS,full,221,2438,1,2.121,23.402,0.96,
203966,Clovis,CA,2019,109691,CA0100100,Clovis,114170,1.041,12,SRS,full,243,2276,0,2.215,20.749,0.0,
203966,Clovis,CA,2020,114584,CA0100100,Clovis,116809,1.019,12,SRS,full,240,2334,1,2.095,20.369,0.87,
203966,Clovis,CA,2021,114584,CA0100100,Clovis,,,,,missing,,,,,,,
203966,Clovis,CA,2022,117662,CA0100100,Clovis,125348,1.065,12,converted,full,245,2179,2,2.082,18.519,1.7,
203966,Clovis,CA,2023,122989,CA0100100,Clovis,126552,1.029,12,converted,full,301,2251,2,2.447,18.302,1.63,
203966,Clovis,CA,2024,122989,CA0100100,Clovis,127560,1.037,12,converted,full,316,2136,2,2.569,17.367,1.63,
161132,Concord,CA,2012,128667,CA0070400,Concord,125205,0.973,12,SRS,full,402,4182,0,3.124,32.503,0.0,
161132,Concord,CA,2013,128667,CA0070400,Concord,125464,0.975,12,SRS,full,408,4357,1,3.171,33.863,0.78,
161132,Concord,CA,2014,128667,CA0070400,Concord,126744,0.985,12,SRS,full,465,5196,3,3.614,40.383,2.33,
161132,Concord,CA,2015,128544,CA0070400,Concord,128767,1.002,12,SRS,full,492,4618,4,3.827,35.925,3.11,
161132,Concord,CA,2016,128667,CA0070400,Concord,129903,1.01,12,SRS,full,447,4337,1,3.474,33.707,0.78,
161132,Concord,CA,2017,128667,CA0070400,Concord,129789,1.009,12,SRS,full,462,4419,5,3.591,34.344,3.89,
161132,Concord,CA,2018,128667,CA0070400,Concord,130855,1.017,12,SRS,full,473,4126,3,3.676,32.067,2.33,
161132,Concord,CA,2019,128544,CA0070400,Concord,130615,1.016,12,SRS,full,541,4560,2,4.209,35.474,1.56,
161132,Concord,CA,2020,128544,CA0070400,Concord,130074,1.012,12,SRS,full,423,3783,2,3.291,29.43,1.56,
161132,Concord,CA,2021,128544,CA0070400,Concord,129173,1.005,12,converted,full,652,3509,4,5.072,27.298,3.11,
161132,Concord,CA,2022,128544,CA0070400,Concord,122982,0.957,12,converted,full,799,3465,4,6.216,26.956,3.11,
161132,Concord,CA,2023,128544,CA0070400,Concord,121331,0.944,12,converted,full,624,3861,4,4.854,30.036,3.11,
161132,Concord,CA,2024,128544,CA0070400,Concord,121341,0.944,12,converted,full,590,3563,3,4.59,27.718,2.33,
207593,Corona,CA,2012,164226,CA0331500,Corona,157342,0.958,12,SRS,full,210,4143,1,1.279,25.227,0.61,
207593,Corona,CA,2013,164226,CA0331500,Corona,160159,0.975,12,SRS,full,162,3439,9,0.986,20.941,5.48,
207593,Corona,CA,2014,164226,CA0331500,Corona,161128,0.981,12,SRS,full,171,3440,0,1.041,20.947,0.0,
207593,Corona,CA,2015,164226,CA0331500,Corona,163633,0.996,12,SRS,full,212,3727,5,1.291,22.694,3.04,
207593,Corona,CA,2016,164226,CA0331500,Corona,166534,1.014,12,SRS,full,185,3693,3,1.126,22.487,1.83,
207593,Corona,CA,2017,164226,CA0331500,Corona,169164,1.03,12,SRS,full,223,3297,1,1.358,20.076,0.61,
207593,Corona,CA,2018,164226,CA0331500,Corona,170041,1.035,12,SRS,full,263,3264,6,1.601,19.875,3.65,
207593,Corona,CA,2019,167836,CA0331500,Corona,170875,1.018,12,SRS,full,291,3482,4,1.734,20.746,2.38,
207593,Corona,CA,2020,169868,CA0331500,Corona,171848,1.012,12,SRS,full,240,3610,1,1.413,21.252,0.59,
207593,Corona,CA,2021,169868,CA0331500,Corona,,,,,missing,,,,,,,
207593,Corona,CA,2022,170996,CA0331500,Corona,161946,0.947,12,converted,full,351,3894,4,2.053,22.772,2.34,
207593,Corona,CA,2023,159743,CA0331500,Corona,160590,1.005,12,converted,full,367,3457,2,2.297,21.641,1.25,
207593,Corona,CA,2024,159567,CA0331500,Corona,161174,1.01,12,converted,full,400,2781,2,2.507,17.428,1.25,
211207,Costa Mesa,CA,2012,113204,CA0300400,Costa Mesa,112635,0.995,12,SRS,full,254,4079,4,2.244,36.032,3.53,
211207,Costa Mesa,CA,2013,113204,CA0300400,Costa Mesa,112538,0.994,12,SRS,full,252,3556,1,2.226,31.412,0.88,
211207,Costa Mesa,CA,2014,113204,CA0300400,Costa Mesa,112709,0.996,12,SRS,full,318,3462,0,2.809,30.582,0.0,
211207,Costa Mesa,CA,2015,112366,CA0300400,Costa Mesa,113477,1.01,12,SRS,full,386,4723,1,3.435,42.032,0.89,
211207,Costa Mesa,CA,2016,113204,CA0300400,Costa Mesa,113816,1.005,12,SRS,full,412,4610,1,3.639,40.723,0.88,
211207,Costa Mesa,CA,2017,113204,CA0300400,Costa Mesa,113267,1.001,12,SRS,full,361,4298,1,3.189,37.967,0.88,
211207,Costa Mesa,CA,2018,113204,CA0300400,Costa Mesa,114358,1.01,12,SRS,full,344,3792,3,3.039,33.497,2.65,
211207,Costa Mesa,CA,2019,112366,CA0300400,Costa Mesa,114047,1.015,12,SRS,full,312,3739,0,2.777,33.275,0.0,
211207,Costa Mesa,CA,2020,112366,CA0300400,Costa Mesa,113317,1.008,12,SRS,full,488,3581,2,4.343,31.869,1.78,
211207,Costa Mesa,CA,2021,112366,CA0300400,Costa Mesa,,,,,missing,,,,,,,
211207,Costa Mesa,CA,2022,112366,CA0300400,Costa Mesa,109785,0.977,12,converted,full,647,3905,1,5.758,34.753,0.89,
211207,Costa Mesa,CA,2023,112366,CA0300400,Costa Mesa,108401,0.965,12,converted,full,399,2436,2,3.551,21.679,1.78,
211207,Costa Mesa,CA,2024,112366,CA0300400,Costa Mesa,107235,0.954,12,converted,full,788,3055,3,7.013,27.188,2.67,break_high
211215,Daly,CA,2012,106562,CA0410600,Daly City,103311,0.969,12,SRS,full,217,1803,0,2.036,16.92,0.0,
211215,Daly,CA,2013,106562,CA0410600,Daly City,104536,0.981,12,SRS,full,223,1833,0,2.093,17.201,0.0,
211215,Daly,CA,2014,106562,CA0410600,Daly City,105628,0.991,12,SRS,full,194,1685,2,1.821,15.812,1.88,
211215,Daly,CA,2015,106562,CA0410600,Daly City,107320,1.007,12,SRS,full,234,1778,0,2.196,16.685,0.0,
211215,Daly,CA,2016,106562,CA0410600,Daly City,107640,1.01,12,SRS,full,244,1631,1,2.29,15.306,0.94,
211215,Daly,CA,2017,106562,CA0410600,Daly City,107355,1.007,12,SRS,full,265,1561,0,2.487,14.649,0.0,
211215,Daly,CA,2018,106562,CA0410600,Daly City,107928,1.013,12,SRS,full,242,1528,3,2.271,14.339,2.82,
211215,Daly,CA,2019,106562,CA0410600,Daly City,107748,1.011,12,SRS,full,232,1868,0,2.177,17.53,0.0,
211215,Daly,CA,2020,105868,CA0410600,Daly City,106855,1.009,12,SRS,full,192,1460,0,1.814,13.791,0.0,
211215,Daly,CA,2021,105868,CA0410600,Daly City,,,,,missing,,,,,,,
211215,Daly,CA,2022,105868,CA0410600,Daly City,98021,0.926,12,converted,full,349,2109,1,3.297,19.921,0.94,
211215,Daly,CA,2023,105868,CA0410600,Daly City,97774,0.924,12,converted,full,347,2073,3,3.278,19.581,2.83,
211215,Daly,CA,2024,105868,CA0410600,Daly City,98217,0.928,12,converted,full,293,1787,1,2.768,16.88,0.94,
183829,Downey,CA,2012,114219,CA0192000,Downey,113628,0.995,12,SRS,full,381,3537,6,3.336,30.967,5.25,
183829,Downey,CA,2013,114219,CA0192000,Downey,113222,0.991,12,SRS,full,326,3292,7,2.854,28.822,6.13,
183829,Downey,CA,2014,114219,CA0192000,Downey,113595,0.995,12,SRS,full,281,2897,3,2.46,25.364,2.63,
183829,Downey,CA,2015,109202,CA0192000,Downey,114754,1.051,12,SRS,full,335,2892,7,3.068,26.483,6.41,
183829,Downey,CA,2016,114219,CA0192000,Downey,114704,1.004,12,SRS,full,373,3371,1,3.266,29.513,0.88,
183829,Downey,CA,2017,114219,CA0192000,Downey,113511,0.994,12,SRS,full,382,3222,3,3.344,28.209,2.63,
183829,Downey,CA,2018,114219,CA0192000,Downey,113277,0.992,12,SRS,full,367,2615,5,3.213,22.895,4.38,
183829,Downey,CA,2019,109202,CA0192000,Downey,112330,1.029,12,SRS,full,352,2473,4,3.223,22.646,3.66,
183829,Downey,CA,2020,109202,CA0192000,Downey,111054,1.017,12,SRS,full,301,2153,2,2.756,19.716,1.83,
183829,Downey,CA,2021,109202,CA0192000,Downey,,,,,missing,,,,,,,
183829,Downey,CA,2022,109202,CA0192000,Downey,109226,1.0,12,converted,full,503,2895,10,4.606,26.511,9.16,
183829,Downey,CA,2023,109202,CA0192000,Downey,107969,0.989,12,converted,full,475,3116,1,4.35,28.534,0.92,
183829,Downey,CA,2024,109202,CA0192000,Downey,,,,,missing,,,,,,,
183842,El Cajon,CA,2012,103679,CA0370500,El Cajon,101864,0.982,12,SRS,full,365,2414,2,3.52,23.283,1.93,
183842,El Cajon,CA,2013,103679,CA0370500,El Cajon,102012,0.984,12,SRS,full,386,2730,2,3.723,26.331,1.93,
183842,El Cajon,CA,2014,103679,CA0370500,El Cajon,102838,0.992,12,SRS,full,327,2252,4,3.154,21.721,3.86,
183842,El Cajon,CA,2015,102401,CA0370500,El Cajon,103942,1.015,12,SRS,full,360,2267,2,3.516,22.138,1.95,
183842,El Cajon,CA,2016,103679,CA0370500,El Cajon,104483,1.008,12,SRS,full,395,2446,1,3.81,23.592,0.96,
183842,El Cajon,CA,2017,103679,CA0370500,El Cajon,104447,1.007,12,SRS,full,429,2330,1,4.138,22.473,0.96,
183842,El Cajon,CA,2018,103679,CA0370500,El Cajon,104497,1.008,12,SRS,full,515,2269,5,4.967,21.885,4.82,
183842,El Cajon,CA,2019,102401,CA0370500,El Cajon,103686,1.013,12,SRS,full,552,2046,3,5.391,19.98,2.93,
183842,El Cajon,CA,2020,102401,CA0370500,El Cajon,103035,1.006,12,SRS,full,512,1846,5,5.0,18.027,4.88,
183842,El Cajon,CA,2021,102401,CA0370500,El Cajon,102665,1.003,12,converted,full,548,1895,2,5.352,18.506,1.95,
183842,El Cajon,CA,2022,102401,CA0370500,El Cajon,104693,1.022,12,converted,full,493,1691,0,4.814,16.514,0.0,
183842,El Cajon,CA,2023,102401,CA0370500,El Cajon,103569,1.011,12,converted,full,494,1577,0,4.824,15.4,0.0,
183842,El Cajon,CA,2024,102401,CA0370500,El Cajon,101983,0.996,12,converted,full,444,1548,0,4.336,15.117,0.0,
161169,El Monte,CA,2012,116732,CA0192200,El Monte,115356,0.988,12,SRS,full,396,2230,4,3.392,19.104,3.43,
161169,El Monte,CA,2013,116732,CA0192200,El Monte,115591,0.99,12,SRS,full,340,2182,3,2.913,18.692,2.57,
161169,El Monte,CA,2014,116732,CA0192200,El Monte,116220,0.996,12,SRS,full,333,2213,2,2.853,18.958,1.71,
161169,El Monte,CA,2015,112344,CA0192200,El Monte,117376,1.045,12,SRS,full,400,2132,8,3.56,18.977,7.12,
161169,El Monte,CA,2016,116732,CA0192200,El Monte,117354,1.005,12,SRS,full,448,2501,3,3.838,21.425,2.57,
161169,El Monte,CA,2017,116732,CA0192200,El Monte,116168,0.995,12,SRS,full,451,2816,5,3.864,24.124,4.28,
161169,El Monte,CA,2018,116732,CA0192200,El Monte,116464,0.998,12,SRS,full,362,2242,6,3.101,19.206,5.14,
161169,El Monte,CA,2019,112344,CA0192200,El Monte,115830,1.031,12,SRS,full,304,1787,2,2.706,15.907,1.78,
161169,El Monte,CA,2020,112344,CA0192200,El Monte,115690,1.03,12,SRS,full,348,1775,9,3.098,15.8,8.01,
161169,El Monte,CA,2021,112344,CA0192200,El Monte,112224,0.999,12,converted,full,342,1840,7,3.044,16.378,6.23,
161169,El Monte,CA,2022,112344,CA0192200,El Monte,104695,0.932,12,converted,full,402,1957,4,3.578,17.42,3.56,
161169,El Monte,CA,2023,112344,CA0192200,El Monte,103463,0.921,12,converted,full,437,2065,3,3.89,18.381,2.67,
161169,El Monte,CA,2024,112344,CA0192200,El Monte,102088,0.909,12,converted,full,432,2096,6,3.845,18.657,5.34,
200728,Elk Grove,CA,2012,166913,CA0340H00,Elk Grove,156344,0.937,12,SRS,full,512,3292,1,3.067,19.723,0.6,
200728,Elk Grove,CA,2013,166913,CA0340H00,Elk Grove,160925,0.964,12,SRS,full,471,2963,0,2.822,17.752,0.0,
200728,Elk Grove,CA,2014,166913,CA0340H00,Elk Grove,162957,0.976,12,SRS,full,622,3072,2,3.726,18.405,1.2,
200728,Elk Grove,CA,2015,177302,CA0340H00,Elk Grove,166183,0.937,12,SRS,full,586,3120,1,3.305,17.597,0.56,
200728,Elk Grove,CA,2016,166913,CA0340H00,Elk Grove,169742,1.017,12,SRS,full,547,2342,0,3.277,14.031,0.0,
200728,Elk Grove,CA,2017,166913,CA0340H00,Elk Grove,172620,1.034,12,SRS,full,560,2245,3,3.355,13.45,1.8,
200728,Elk Grove,CA,2018,166913,CA0340H00,Elk Grove,174651,1.046,12,SRS,full,414,2359,1,2.48,14.133,0.6,
200728,Elk Grove,CA,2019,171844,CA0340H00,Elk Grove,175492,1.021,12,SRS,full,372,2599,0,2.165,15.124,0.0,
200728,Elk Grove,CA,2020,174775,CA0340H00,Elk Grove,177331,1.015,12,SRS,full,398,2380,1,2.277,13.618,0.57,
200728,Elk Grove,CA,2021,174775,CA0340H00,Elk Grove,179887,1.029,12,converted,full,68,387,0,0.389,2.214,0.0,break_low
200728,Elk Grove,CA,2022,177302,CA0340H00,Elk Grove,180372,1.017,12,converted,full,368,2417,1,2.076,13.632,0.56,
200728,Elk Grove,CA,2023,178997,CA0340H00,Elk Grove,177976,0.994,12,converted,full,338,2161,1,1.888,12.073,0.56,
200728,Elk Grove,CA,2024,178997,CA0340H00,Elk Grove,179074,1.0,12,converted,full,341,2250,3,1.905,12.57,1.68,
161255,Escondido,CA,2012,151451,CA0370600,Escondido,147386,0.973,12,SRS,full,629,3887,5,4.153,25.665,3.3,
161255,Escondido,CA,2013,151451,CA0370600,Escondido,148650,0.982,12,SRS,full,596,3965,6,3.935,26.18,3.96,
161255,Escondido,CA,2014,151451,CA0370600,Escondido,149839,0.989,12,SRS,full,512,3026,3,3.381,19.98,1.98,
161255,Escondido,CA,2015,151451,CA0370600,Escondido,151732,1.002,12,SRS,full,529,3393,7,3.493,22.403,4.62,
161255,Escondido,CA,2016,151451,CA0370600,Escondido,152897,1.01,12,SRS,full,555,3286,4,3.665,21.697,2.64,
161255,Escondido,CA,2017,151451,CA0370600,Escondido,152845,1.009,12,SRS,full,576,2605,3,3.803,17.2,1.98,
161255,Escondido,CA,2018,151451,CA0370600,Escondido,153073,1.011,12,SRS,full,535,2736,4,3.532,18.065,2.64,
161255,Escondido,CA,2019,151451,CA0370600,Escondido,153215,1.012,12,SRS,full,536,2373,4,3.539,15.668,2.64,
161255,Escondido,CA,2020,149943,CA0370600,Escondido,152446,1.017,12,SRS,full,569,2697,5,3.795,17.987,3.33,
161255,Escondido,CA,2021,149943,CA0370600,Escondido,150507,1.004,12,converted,full,602,2734,2,4.015,18.234,1.33,
161255,Escondido,CA,2022,149943,CA0370600,Escondido,150072,1.001,12,converted,full,523,2732,2,3.488,18.22,1.33,
161255,Escondido,CA,2023,149943,CA0370600,Escondido,149837,0.999,12,converted,full,582,2405,3,3.881,16.039,2.0,
161255,Escondido,CA,2024,149943,CA0370600,Escondido,147170,0.982,12,converted,full,641,2202,2,4.275,14.686,1.33,
100750,Fairfield,CA,2012,112970,CA0480300,Fairfield,107110,0.948,12,SRS,full,454,3317,8,4.019,29.362,7.08,
100750,Fairfield,CA,2013,112970,CA0480300,Fairfield,108425,0.96,12,SRS,full,498,3534,3,4.408,31.283,2.66,
100750,Fairfield,CA,2014,112970,CA0480300,Fairfield,110300,0.976,12,SRS,full,519,3873,6,4.594,34.283,5.31,
100750,Fairfield,CA,2015,117580,CA0480300,Fairfield,112582,0.957,12,SRS,full,486,3429,8,4.133,29.163,6.8,
100750,Fairfield,CA,2016,112970,CA0480300,Fairfield,114521,1.014,12,SRS,full,476,2845,7,4.214,25.184,6.2,
100750,Fairfield,CA,2017,112970,CA0480300,Fairfield,116372,1.03,12,SRS,full,546,3252,10,4.833,28.786,8.85,
100750,Fairfield,CA,2018,112970,CA0480300,Fairfield,117883,1.043,12,SRS,full,587,3280,4,5.196,29.034,3.54,
100750,Fairfield,CA,2019,116266,CA0480300,Fairfield,118383,1.018,12,SRS,full,442,3782,5,3.802,32.529,4.3,
100750,Fairfield,CA,2020,117133,CA0480300,Fairfield,118491,1.012,12,SRS,full,542,2990,6,4.627,25.527,5.12,
100750,Fairfield,CA,2021,117133,CA0480300,Fairfield,,,,,missing,,,,,,,
100750,Fairfield,CA,2022,117580,CA0480300,Fairfield,119583,1.017,12,converted,full,581,3056,11,4.941,25.991,9.36,
100750,Fairfield,CA,2023,119705,CA0480300,Fairfield,119071,0.995,12,converted,full,690,2640,6,5.764,22.054,5.01,
100750,Fairfield,CA,2024,119338,CA0480300,Fairfield,121082,1.015,12,converted,full,613,2058,2,5.137,17.245,1.68,
161245,Fontana,CA,2012,207460,CA0360400,Fontana,200874,0.968,12,SRS,full,850,4494,5,4.097,21.662,2.41,
161245,Fontana,CA,2013,207460,CA0360400,Fontana,203427,0.981,12,SRS,full,725,4088,10,3.495,19.705,4.82,
161245,Fontana,CA,2014,207460,CA0360400,Fontana,204532,0.986,12,SRS,full,710,3710,2,3.422,17.883,0.96,
161245,Fontana,CA,2015,216173,CA0360400,Fontana,206982,0.957,12,SRS,full,804,4269,3,3.719,19.748,1.39,
161245,Fontana,CA,2016,207460,CA0360400,Fontana,209531,1.01,12,SRS,full,870,4396,14,4.194,21.19,6.75,
161245,Fontana,CA,2017,207460,CA0360400,Fontana,211782,1.021,12,SRS,full,714,3736,9,3.442,18.008,4.34,
161245,Fontana,CA,2018,207460,CA0360400,Fontana,213964,1.031,12,SRS,full,709,3218,8,3.418,15.511,3.86,
161245,Fontana,CA,2019,211815,CA0360400,Fontana,215883,1.019,12,SRS,full,739,3094,6,3.489,14.607,2.83,
161245,Fontana,CA,2020,214547,CA0360400,Fontana,216553,1.009,12,SRS,full,666,2504,7,3.104,11.671,3.26,
161245,Fontana,CA,2021,214547,CA0360400,Fontana,218167,1.017,12,converted,full,171,839,0,0.797,3.911,0.0,break_low
161245,Fontana,CA,2022,216173,CA0360400,Fontana,212730,0.984,12,converted,full,614,2745,4,2.84,12.698,1.85,
161245,Fontana,CA,2023,210761,CA0360400,Fontana,214429,1.017,12,converted,full,605,2935,8,2.871,13.926,3.8,
161245,Fontana,CA,2024,212475,CA0360400,Fontana,217605,1.024,12,converted,full,593,2656,3,2.791,12.5,1.41,
207577,Fremont,CA,2012,232206,CA0010500,Fremont,218927,0.943,12,SRS,full,306,4259,2,1.318,18.341,0.86,
207577,Fremont,CA,2013,232206,CA0010500,Fremont,224475,0.967,12,SRS,full,273,4097,1,1.176,17.644,0.43,
207577,Fremont,CA,2014,232206,CA0010500,Fremont,227575,0.98,12,SRS,full,284,3910,1,1.223,16.838,0.43,
207577,Fremont,CA,2015,232206,CA0010500,Fremont,232427,1.001,12,SRS,full,337,4371,2,1.451,18.824,0.86,
207577,Fremont,CA,2016,232206,CA0010500,Fremont,235881,1.016,12,SRS,full,420,4715,0,1.809,20.305,0.0,
207577,Fremont,CA,2017,232206,CA0010500,Fremont,236368,1.018,12,SRS,full,431,5083,2,1.856,21.89,0.86,
207577,Fremont,CA,2018,232206,CA0010500,Fremont,238024,1.025,12,SRS,full,502,4687,3,2.162,20.185,1.29,
207577,Fremont,CA,2019,234962,CA0010500,Fremont,240887,1.025,12,SRS,full,400,4523,1,1.702,19.25,0.43,
207577,Fremont,CA,2020,241110,CA0010500,Fremont,244259,1.013,12,SRS,full,407,5722,2,1.688,23.732,0.83,
207577,Fremont,CA,2021,241110,CA0010500,Fremont,,,,,missing,,,,,,,
207577,Fremont,CA,2022,234569,CA0010500,Fremont,223430,0.953,12,converted,full,471,6457,4,2.008,27.527,1.71,
207577,Fremont,CA,2023,227514,CA0010500,Fremont,220775,0.97,12,converted,full,486,6371,6,2.136,28.003,2.64,
207577,Fremont,CA,2024,223871,CA0010500,Fremont,224820,1.004,12,converted,full,444,5387,6,1.983,24.063,2.68,
189636,Fresno,CA,2012,520052,CA0100500,Fresno,506011,0.973,12,SRS,full,2748,25737,51,5.284,49.489,9.81,
189636,Fresno,CA,2013,520052,CA0100500,Fresno,508876,0.979,12,SRS,full,2552,22584,40,4.907,43.426,7.69,
189636,Fresno,CA,2014,520052,CA0100500,Fresno,513187,0.987,12,SRS,full,2382,21101,47,4.58,40.575,9.04,
189636,Fresno,CA,2015,520052,CA0100500,Fresno,520837,1.002,12,SRS,full,2871,21606,39,5.521,41.546,7.5,
189636,Fresno,CA,2016,520052,CA0100500,Fresno,524796,1.009,12,SRS,full,3206,20523,39,6.165,39.463,7.5,
189636,Fresno,CA,2017,520052,CA0100500,Fresno,526371,1.012,12,SRS,full,2974,20220,56,5.719,38.881,10.77,
189636,Fresno,CA,2018,520052,CA0100500,Fresno,531818,1.023,12,SRS,full,2953,17787,32,5.678,34.202,6.15,
189636,Fresno,CA,2019,527438,CA0100500,Fresno,534285,1.013,10,SRS,partial,2457,14603,35,,,,
189636,Fresno,CA,2020,531576,CA0100500,Fresno,535472,1.007,12,SRS,full,3560,16475,77,6.697,30.993,14.49,
189636,Fresno,CA,2021,531576,CA0100500,Fresno,533633,1.004,12,converted,full,4967,17003,73,9.344,31.986,13.73,
189636,Fresno,CA,2022,530267,CA0100500,Fresno,546871,1.031,12,converted,full,4765,18954,62,8.986,35.744,11.69,
189636,Fresno,CA,2023,544510,CA0100500,Fresno,547134,1.005,12,converted,full,4098,16938,38,7.526,31.107,6.98,
189636,Fresno,CA,2024,545567,CA0100500,Fresno,546722,1.002,12,converted,full,4055,18008,32,7.433,33.008,5.87,
161218,Fullerton,CA,2012,140847,CA0300800,Fullerton,138455,0.983,12,SRS,full,452,3937,0,3.209,27.952,0.0,
161218,Fullerton,CA,2013,140847,CA0300800,Fullerton,139676,0.992,12,SRS,full,372,3859,0,2.641,27.399,0.0,
161218,Fullerton,CA,2014,140847,CA0300800,Fullerton,139895,0.993,12,SRS,full,339,3206,0,2.407,22.762,0.0,
161218,Fullerton,CA,2015,140847,CA0300800,Fullerton,140771,0.999,12,SRS,full,389,3893,0,2.762,27.64,0.0,
161218,Fullerton,CA,2016,140847,CA0300800,Fullerton,141968,1.008,12,SRS,full,341,3599,5,2.421,25.553,3.55,
161218,Fullerton,CA,2017,140847,CA0300800,Fullerton,141637,1.006,12,SRS,full,293,3952,1,2.08,28.059,0.71,
161218,Fullerton,CA,2018,140847,CA0300800,Fullerton,141132,1.002,12,SRS,full,332,3660,3,2.357,25.986,2.13,
161218,Fullerton,CA,2019,140392,CA0300800,Fullerton,140194,0.999,12,SRS,full,373,3157,2,2.657,22.487,1.42,
161218,Fullerton,CA,2020,138632,CA0300800,Fullerton,139011,1.003,12,SRS,full,422,3337,2,3.044,24.071,1.44,
161218,Fullerton,CA,2021,138632,CA0300800,Fullerton,,,,,missing,,,,,,,
161218,Fullerton,CA,2022,139921,CA0300800,Fullerton,140587,1.005,12,converted,full,551,3730,1,3.938,26.658,0.71,
161218,Fullerton,CA,2023,141874,CA0300800,Fullerton,139131,0.981,12,converted,full,600,3283,0,4.229,23.14,0.0,
161218,Fullerton,CA,2024,141874,CA0300800,Fullerton,137942,0.972,12,converted,full,627,2794,1,4.419,19.694,0.7,break_high
193114,Garden Grove,CA,2012,175393,CA0300900,Garden Grove,175079,0.998,12,SRS,full,439,4017,1,2.503,22.903,0.57,
193114,Garden Grove,CA,2013,175393,CA0300900,Garden Grove,175469,1.0,12,SRS,full,455,3397,5,2.594,19.368,2.85,
193114,Garden Grove,CA,2014,175393,CA0300900,Garden Grove,176106,1.004,12,SRS,full,406,3098,5,2.315,17.663,2.85,
193114,Garden Grove,CA,2015,175393,CA0300900,Garden Grove,176041,1.004,12,SRS,full,504,4433,4,2.874,25.275,2.28,
193114,Garden Grove,CA,2016,175393,CA0300900,Garden Grove,176230,1.005,12,SRS,full,545,4322,4,3.107,24.642,2.28,
193114,Garden Grove,CA,2017,175393,CA0300900,Garden Grove,175466,1.0,12,SRS,full,602,4348,5,3.432,24.79,2.85,
193114,Garden Grove,CA,2018,175393,CA0300900,Garden Grove,174661,0.996,12,SRS,full,507,4040,4,2.891,23.034,2.28,
193114,Garden Grove,CA,2019,175393,CA0300900,Garden Grove,172832,0.985,12,SRS,full,505,3909,6,2.879,22.287,3.42,
193114,Garden Grove,CA,2020,171366,CA0300900,Garden Grove,171698,1.002,12,SRS,full,512,3938,2,2.988,22.98,1.17,
193114,Garden Grove,CA,2021,171366,CA0300900,Garden Grove,171397,1.0,12,converted,full,68,156,3,0.397,0.91,1.75,break_low
193114,Garden Grove,CA,2022,171366,CA0300900,Garden Grove,169157,0.987,12,converted,full,537,3721,3,3.134,21.714,1.75,
193114,Garden Grove,CA,2023,171366,CA0300900,Garden Grove,168015,0.98,12,converted,full,429,3395,3,2.503,19.811,1.75,
193114,Garden Grove,CA,2024,171366,CA0300900,Garden Grove,167041,0.975,12,converted,full,488,3095,1,2.848,18.061,0.58,
161170,Glendale,CA,2012,201020,CA0192500,Glendale,194902,0.97,12,SRS,full,234,3043,0,1.164,15.138,0.0,
161170,Glendale,CA,2013,201020,CA0192500,Glendale,195366,0.972,12,SRS,full,181,3198,1,0.9,15.909,0.5,
161170,Glendale,CA,2014,201020,CA0192500,Glendale,197079,0.98,12,SRS,full,187,3073,0,0.93,15.287,0.0,
161170,Glendale,CA,2015,201020,CA0192500,Glendale,202298,1.006,12,SRS,full,195,3513,5,0.97,17.476,2.49,
161170,Glendale,CA,2016,201020,CA0192500,Glendale,202903,1.009,12,SRS,full,227,3450,1,1.129,17.162,0.5,
161170,Glendale,CA,2017,201020,CA0192500,Glendale,202381,1.007,12,SRS,full,274,3118,3,1.363,15.511,1.49,
161170,Glendale,CA,2018,201020,CA0192500,Glendale,204724,1.018,12,SRS,full,202,3110,1,1.005,15.471,0.5,
161170,Glendale,CA,2019,203054,CA0192500,Glendale,202601,0.998,12,SRS,full,231,3305,5,1.138,16.276,2.46,
161170,Glendale,CA,2020,199303,CA0192500,Glendale,200168,1.004,12,SRS,full,206,3197,3,1.034,16.041,1.51,
161170,Glendale,CA,2021,199303,CA0192500,Glendale,,,,,missing,,,,,,,
161170,Glendale,CA,2022,197747,CA0192500,Glendale,188599,0.954,12,converted,full,281,3440,0,1.421,17.396,0.0,
161170,Glendale,CA,2023,192366,CA0192500,Glendale,185923,0.967,12,converted,full,426,4157,2,2.215,21.61,1.04,break_high
161170,Glendale,CA,2024,189221,CA0192500,Glendale,184180,0.973,12,converted,full,528,3738,4,2.79,19.755,2.11,break_high
161123,Hayward,CA,2012,158289,CA0010600,Hayward,147424,0.931,12,SRS,full,613,4792,6,3.873,30.274,3.79,
161123,Hayward,CA,2013,158289,CA0010600,Hayward,150955,0.954,12,SRS,full,589,4844,5,3.721,30.602,3.16,
161123,Hayward,CA,2014,158289,CA0010600,Hayward,153319,0.969,12,SRS,full,605,4873,9,3.822,30.785,5.69,
161123,Hayward,CA,2015,157966,CA0010600,Hayward,157157,0.995,12,SRS,full,556,4483,10,3.52,28.38,6.33,
161123,Hayward,CA,2016,158289,CA0010600,Hayward,161122,1.018,12,SRS,full,631,4641,13,3.986,29.32,8.21,
161123,Hayward,CA,2017,158289,CA0010600,Hayward,161417,1.02,12,SRS,full,563,5023,5,3.557,31.733,3.16,
161123,Hayward,CA,2018,158289,CA0010600,Hayward,162881,1.029,12,SRS,full,669,4770,3,4.226,30.135,1.9,
161123,Hayward,CA,2019,160500,CA0010600,Hayward,161588,1.007,12,SRS,full,552,4886,5,3.439,30.442,3.12,
161123,Hayward,CA,2020,159203,CA0010600,Hayward,160891,1.011,12,SRS,full,528,5350,13,3.317,33.605,8.17,
161123,Hayward,CA,2021,159203,CA0010600,Hayward,,,,,missing,,,,,,,
161123,Hayward,CA,2022,157966,CA0010600,Hayward,156458,0.99,12,converted,full,569,4565,9,3.602,28.899,5.7,
161123,Hayward,CA,2023,159827,CA0010600,Hayward,153914,0.963,12,converted,full,1036,6124,11,6.482,38.316,6.88,break_high
161123,Hayward,CA,2024,159827,CA0010600,Hayward,153419,0.96,12,converted,full,743,5650,12,4.649,35.351,7.51,
100709,Huntington Beach,CA,2012,201899,CA0301000,Huntington Beach,194677,0.964,12,SRS,full,313,5470,3,1.55,27.093,1.49,
100709,Huntington Beach,CA,2013,201899,CA0301000,Huntington Beach,195842,0.97,12,SRS,full,362,4934,2,1.793,24.438,0.99,
100709,Huntington Beach,CA,2014,201899,CA0301000,Huntington Beach,199152,0.986,12,SRS,full,391,4238,1,1.937,20.991,0.5,
100709,Huntington Beach,CA,2015,198246,CA0301000,Huntington Beach,203233,1.025,12,SRS,full,420,4942,0,2.119,24.929,0.0,
100709,Huntington Beach,CA,2016,201899,CA0301000,Huntington Beach,204071,1.011,12,SRS,full,362,4527,2,1.793,22.422,0.99,
100709,Huntington Beach,CA,2017,201899,CA0301000,Huntington Beach,202244,1.002,12,SRS,full,461,4285,2,2.283,21.223,0.99,
100709,Huntington Beach,CA,2018,201899,CA0301000,Huntington Beach,203428,1.008,12,SRS,full,429,3993,1,2.125,19.777,0.5,
100709,Huntington Beach,CA,2019,201874,CA0301000,Huntington Beach,201843,1.0,12,SRS,full,386,4144,2,1.912,20.528,0.99,
100709,Huntington Beach,CA,2020,199223,CA0301000,Huntington Beach,200128,1.005,12,SRS,full,493,3928,3,2.475,19.717,1.51,
100709,Huntington Beach,CA,2021,199223,CA0301000,Huntington Beach,,,,,missing,,,,,,,
100709,Huntington Beach,CA,2022,198246,CA0301000,Huntington Beach,194618,0.982,12,converted,full,494,4364,3,2.492,22.013,1.51,
100709,Huntington Beach,CA,2023,196652,CA0301000,Huntington Beach,192292,0.978,12,converted,full,416,3909,4,2.115,19.878,2.03,
100709,Huntington Beach,CA,2024,194310,CA0301000,Huntington Beach,190081,0.978,12,converted,full,394,3781,5,2.028,19.459,2.57,
123110,Inglewood,CA,2012,111666,CA0193300,Inglewood,111488,0.998,12,SRS,full,780,2673,14,6.985,23.937,12.54,
123110,Inglewood,CA,2013,111666,CA0193300,Inglewood,111672,1.0,12,SRS,full,739,2718,14,6.618,24.34,12.54,
123110,Inglewood,CA,2014,111666,CA0193300,Inglewood,111997,1.003,12,SRS,full,783,2740,20,7.012,24.537,17.91,
123110,Inglewood,CA,2015,111666,CA0193300,Inglewood,112450,1.007,12,SRS,full,775,2612,7,6.94,23.391,6.27,
123110,Inglewood,CA,2016,111666,CA0193300,Inglewood,112059,1.004,12,SRS,full,830,2456,16,7.433,21.994,14.33,
123110,Inglewood,CA,2017,111666,CA0193300,Inglewood,110811,0.992,12,SRS,full,785,2760,13,7.03,24.717,11.64,
123110,Inglewood,CA,2018,111666,CA0193300,Inglewood,110726,0.992,12,SRS,full,683,2744,15,6.116,24.573,13.43,
123110,Inglewood,CA,2019,111666,CA0193300,Inglewood,109386,0.98,12,SRS,full,671,2321,2,6.009,20.785,1.79,
123110,Inglewood,CA,2020,107203,CA0193300,Inglewood,107986,1.007,12,SRS,full,679,2495,14,6.334,23.274,13.06,
123110,Inglewood,CA,2021,107203,CA0193300,Inglewood,,,,,missing,,,,,,,
123110,Inglewood,CA,2022,107203,CA0193300,Inglewood,102879,0.96,12,converted,full,684,2983,17,6.38,27.826,15.86,
123110,Inglewood,CA,2023,107203,CA0193300,Inglewood,101790,0.95,12,converted,full,788,3845,13,7.351,35.867,12.13,
123110,Inglewood,CA,2024,103621,CA0193300,Inglewood,101399,0.979,12,converted,full,683,3673,8,6.591,35.446,7.72,
161229,Irvine,CA,2012,256927,CA0302600,Irvine,217528,0.847,12,SRS,full,110,3304,2,0.428,12.86,0.78,
161229,Irvine,CA,2013,256927,CA0302600,Irvine,235830,0.918,12,SRS,full,113,3285,2,0.44,12.786,0.78,
161229,Irvine,CA,2014,256927,CA0302600,Irvine,242971,0.946,12,SRS,full,120,3045,0,0.467,11.852,0.0,
161229,Irvine,CA,2015,256927,CA0302600,Irvine,258198,1.005,12,SRS,full,144,3868,2,0.56,15.055,0.78,
161229,Irvine,CA,2016,256927,CA0302600,Irvine,266663,1.038,12,SRS,full,152,3737,3,0.592,14.545,1.17,
161229,Irvine,CA,2017,256927,CA0302600,Irvine,276115,1.075,12,SRS,full,169,3635,2,0.658,14.148,0.78,
161229,Irvine,CA,2018,256927,CA0302600,Irvine,288052,1.121,12,SRS,full,160,3659,0,0.623,14.241,0.0,
161229,Irvine,CA,2019,277453,CA0302600,Irvine,292673,1.055,12,SRS,full,188,3823,1,0.678,13.779,0.36,
161229,Irvine,CA,2020,287401,CA0302600,Irvine,297069,1.034,12,SRS,full,152,4452,1,0.529,15.491,0.35,
161229,Irvine,CA,2021,287401,CA0302600,Irvine,,,,,missing,,,,,,,
161229,Irvine,CA,2022,283700,CA0302600,Irvine,311696,1.099,12,converted,full,287,5023,4,1.012,17.705,1.41,
161229,Irvine,CA,2023,309031,CA0302600,Irvine,316132,1.023,12,converted,full,281,4892,2,0.909,15.83,0.65,
161229,Irvine,CA,2024,313685,CA0302600,Irvine,316764,1.01,12,converted,full,270,4423,5,0.861,14.1,1.59,
228280,Jurupa Valley,CA,2012,100314,,,,,,,missing,,,,,,,
228280,Jurupa Valley,CA,2013,100314,,,,,,,missing,,,,,,,
228280,Jurupa Valley,CA,2014,100314,,,,,,,missing,,,,,,,
228280,Jurupa Valley,CA,2015,109745,,,,,,,missing,,,,,,,
228280,Jurupa Valley,CA,2016,100314,,,,,,,missing,,,,,,,
228280,Jurupa Valley,CA,2017,100314,,,,,,,missing,,,,,,,
228280,Jurupa Valley,CA,2018,100314,,,,,,,missing,,,,,,,
228280,Jurupa Valley,CA,2019,109745,,,,,,,missing,,,,,,,
228280,Jurupa Valley,CA,2020,109745,,,,,,,missing,,,,,,,
228280,Jurupa Valley,CA,2021,109745,,,,,,,missing,,,,,,,
228280,Jurupa Valley,CA,2022,109745,,,,,,,missing,,,,,,,
228280,Jurupa Valley,CA,2023,109745,,,,,,,missing,,,,,,,
228280,Jurupa Valley,CA,2024,109745,,,,,,,missing,,,,,,,
184451,Lancaster,CA,2012,161103,,,,,,,missing,,,,,,,
184451,Lancaster,CA,2013,161103,,,,,,,missing,,,,,,,
184451,Lancaster,CA,2014,161103,,,,,,,missing,,,,,,,
184451,Lancaster,CA,2015,155822,,,,,,,missing,,,,,,,
184451,Lancaster,CA,2016,161103,,,,,,,missing,,,,,,,
184451,Lancaster,CA,2017,161103,,,,,,,missing,,,,,,,
184451,Lancaster,CA,2018,161103,,,,,,,missing,,,,,,,
184451,Lancaster,CA,2019,155822,,,,,,,missing,,,,,,,
184451,Lancaster,CA,2020,155822,,,,,,,missing,,,,,,,
184451,Lancaster,CA,2021,155822,,,,,,,missing,,,,,,,
184451,Lancaster,CA,2022,155822,,,,,,,missing,,,,,,,
184451,Lancaster,CA,2023,155822,,,,,,,missing,,,,,,,
184451,Lancaster,CA,2024,169185,,,,,,,missing,,,,,,,
161173,Long Beach,CA,2012,474140,CA0194100,Long Beach,469893,0.991,12,SRS,full,2705,14131,32,5.705,29.803,6.75,
161173,Long Beach,CA,2013,474140,CA0194100,Long Beach,469665,0.991,12,SRS,full,2346,12999,34,4.948,27.416,7.17,
161173,Long Beach,CA,2014,474140,CA0194100,Long Beach,471123,0.994,12,SRS,full,2304,12438,23,4.859,26.233,4.85,
161173,Long Beach,CA,2015,474140,CA0194100,Long Beach,476318,1.005,12,SRS,full,2766,14337,36,5.834,30.238,7.59,
161173,Long Beach,CA,2016,474140,CA0194100,Long Beach,476476,1.005,12,SRS,full,2846,14224,33,6.002,30.0,6.96,
161173,Long Beach,CA,2017,474140,CA0194100,Long Beach,471397,0.994,12,SRS,full,3101,12598,22,6.54,26.57,4.64,
161173,Long Beach,CA,2018,474140,CA0194100,Long Beach,470445,0.992,12,SRS,full,3284,11922,30,6.926,25.144,6.33,
161173,Long Beach,CA,2019,469450,CA0194100,Long Beach,467974,0.997,12,SRS,full,2369,11297,34,5.046,24.064,7.24,
161173,Long Beach,CA,2020,462628,CA0194100,Long Beach,462654,1.0,12,SRS,full,2343,12707,36,5.065,27.467,7.78,
161173,Long Beach,CA,2021,462628,CA0194100,Long Beach,,,,,missing,,,,,,,
161173,Long Beach,CA,2022,454681,CA0194100,Long Beach,447528,0.984,12,converted,full,2495,11820,37,5.487,25.996,8.14,
161173,Long Beach,CA,2023,456062,CA0194100,Long Beach,444415,0.974,12,converted,full,2829,13982,27,6.203,30.658,5.92,
161173,Long Beach,CA,2024,451307,CA0194100,Long Beach,444232,0.984,12,converted,full,3065,15765,37,6.791,34.932,8.2,
161174,Los Angeles,CA,2012,3971883,CA0194200,Los Angeles,3855122,0.971,12,SRS,full,18547,87478,299,4.67,22.024,7.53,
161174,Los Angeles,CA,2013,3971883,CA0194200,Los Angeles,3878725,0.977,12,SRS,full,16524,85844,251,4.16,21.613,6.32,
161174,Los Angeles,CA,2014,3971883,CA0194200,Los Angeles,3906772,0.984,12,SRS,full,19171,83139,260,4.827,20.932,6.55,
161174,Los Angeles,CA,2015,3971883,CA0194200,Los Angeles,3962726,0.998,12,SRS,full,25156,93503,282,6.334,23.541,7.1,
161174,Los Angeles,CA,2016,3971883,CA0194200,Los Angeles,4007905,1.009,12,SRS,full,28817,99151,293,7.255,24.963,7.38,
161174,Los Angeles,CA,2017,3971883,CA0194200,Los Angeles,4007147,1.009,12,SRS,full,30507,101618,281,7.681,25.584,7.07,
161174,Los Angeles,CA,2018,3971883,CA0194200,Los Angeles,4029741,1.015,12,SRS,full,30126,101267,258,7.585,25.496,6.5,
161174,Los Angeles,CA,2019,3999759,CA0194200,Los Angeles,4015546,1.004,12,SRS,full,29400,95704,258,7.35,23.927,6.45,
161174,Los Angeles,CA,2020,3979576,CA0194200,Los Angeles,4000587,1.005,12,SRS,full,28882,85932,351,7.258,21.593,8.82,
161174,Los Angeles,CA,2021,3979576,CA0194200,Los Angeles,,,,,missing,,,,,,,
161174,Los Angeles,CA,2022,3970219,CA0194200,Los Angeles,3809182,0.959,12,converted,full,31772,103171,387,8.003,25.986,9.75,
161174,Los Angeles,CA,2023,3849297,CA0194200,Los Angeles,3786018,0.984,12,converted,full,31047,107777,324,8.066,27.999,8.42,
161174,Los Angeles,CA,2024,3822238,CA0194200,Los Angeles,3796352,0.993,12,converted,full,26358,54879,245,6.896,14.358,6.41,
207610,Modesto,CA,2012,211266,CA0500200,Modesto,204631,0.969,12,SRS,full,1590,11276,20,7.526,53.373,9.47,
207610,Modesto,CA,2013,211266,CA0500200,Modesto,204252,0.967,12,SRS,full,1704,9989,14,8.066,47.282,6.63,
207610,Modesto,CA,2014,211266,CA0500200,Modesto,205820,0.974,12,SRS,full,1778,9113,11,8.416,43.135,5.21,
207610,Modesto,CA,2015,211266,CA0500200,Modesto,210794,0.998,12,SRS,full,2025,10123,25,9.585,47.916,11.83,
207610,Modesto,CA,2016,211266,CA0500200,Modesto,212880,1.008,12,SRS,full,2106,9324,13,9.968,44.134,6.15,
207610,Modesto,CA,2017,211266,CA0500200,Modesto,213677,1.011,12,SRS,full,2074,8465,20,9.817,40.068,9.47,
207610,Modesto,CA,2018,211266,CA0500200,Modesto,215822,1.022,12,SRS,full,1904,7727,16,9.012,36.575,7.57,
207610,Modesto,CA,2019,214221,CA0500200,Modesto,216542,1.011,12,SRS,full,1758,7183,13,8.206,33.531,6.07,
207610,Modesto,CA,2020,215196,CA0500200,Modesto,216560,1.006,12,SRS,full,1603,5340,16,7.449,24.815,7.44,
207610,Modesto,CA,2021,215196,CA0500200,Modesto,,,,,missing,,,,,,,
207610,Modesto,CA,2022,215666,CA0500200,Modesto,219083,1.016,12,converted,full,1662,5301,9,7.706,24.58,4.17,
207610,Modesto,CA,2023,218771,CA0500200,Modesto,217778,0.995,12,converted,full,1419,4819,9,6.486,22.028,4.11,
207610,Modesto,CA,2024,218069,CA0500200,Modesto,218990,1.004,12,converted,full,1458,5323,6,6.686,24.41,2.75,
161238,Moreno Valley,CA,2012,204198,,,,,,,missing,,,,,,,
161238,Moreno Valley,CA,2013,204198,,,,,,,missing,,,,,,,
161238,Moreno Valley,CA,2014,204198,,,,,,,missing,,,,,,,
161238,Moreno Valley,CA,2015,212349,,,,,,,missing,,,,,,,
161238,Moreno Valley,CA,2016,204198,,,,,,,missing,,,,,,,
161238,Moreno Valley,CA,2017,204198,,,,,,,missing,,,,,,,
161238,Moreno Valley,CA,2018,204198,,,,,,,missing,,,,,,,
161238,Moreno Valley,CA,2019,207226,,,,,,,missing,,,,,,,
161238,Moreno Valley,CA,2020,213055,,,,,,,missing,,,,,,,
161238,Moreno Valley,CA,2021,213055,,,,,,,missing,,,,,,,
161238,Moreno Valley,CA,2022,212349,,,,,,,missing,,,,,,,
161238,Moreno Valley,CA,2023,211600,,,,,,,missing,,,,,,,
161238,Moreno Valley,CA,2024,211924,,,,,,,missing,,,,,,,
100719,Murrieta,CA,2012,109830,CA0334200,Murrieta,106839,0.973,12,SRS,full,70,1715,1,0.637,15.615,0.91,
100719,Murrieta,CA,2013,109830,CA0334200,Murrieta,107768,0.981,12,SRS,full,70,1640,1,0.637,14.932,0.91,
100719,Murrieta,CA,2014,109830,CA0334200,Murrieta,108376,0.987,12,SRS,full,68,1458,1,0.619,13.275,0.91,
100719,Murrieta,CA,2015,116522,CA0334200,Murrieta,109495,0.94,12,SRS,full,69,1700,0,0.592,14.59,0.0,
100719,Murrieta,CA,2016,109830,CA0334200,Murrieta,111043,1.011,12,SRS,full,50,1603,0,0.455,14.595,0.0,
100719,Murrieta,CA,2017,109830,CA0334200,Murrieta,113016,1.029,12,SRS,full,80,1582,1,0.728,14.404,0.91,
100719,Murrieta,CA,2018,109830,CA0334200,Murrieta,114706,1.044,12,SRS,full,92,1412,2,0.838,12.856,1.82,
100719,Murrieta,CA,2019,116522,CA0334200,Murrieta,116413,0.999,12,SRS,full,77,1512,3,0.661,12.976,2.57,
100719,Murrieta,CA,2020,116522,CA0334200,Murrieta,117639,1.01,12,SRS,full,95,1205,0,0.815,10.341,0.0,
100719,Murrieta,CA,2021,116522,CA0334200,Murrieta,117835,1.011,12,converted,full,182,942,1,1.562,8.084,0.86,
100719,Murrieta,CA,2022,116522,CA0334200,Murrieta,114655,0.984,12,converted,full,325,1446,1,2.789,12.41,0.86,
100719,Murrieta,CA,2023,116522,CA0334200,Murrieta,115037,0.987,12,converted,full,195,1409,0,1.674,12.092,0.0,
100719,Murrieta,CA,2024,113783,CA0334200,Murrieta,112125,0.985,12,converted,full,207,1066,1,1.819,9.369,0.88,
123117,Norwalk,CA,2012,107140,,,,,,,missing,,,,,,,
123117,Norwalk,CA,2013,107140,,,,,,,missing,,,,,,,
123117,Norwalk,CA,2014,107140,,,,,,,missing,,,,,,,
123117,Norwalk,CA,2015,102635,,,,,,,missing,,,,,,,
123117,Norwalk,CA,2016,107140,,,,,,,missing,,,,,,,
123117,Norwalk,CA,2017,107140,,,,,,,missing,,,,,,,
123117,Norwalk,CA,2018,107140,,,,,,,missing,,,,,,,
123117,Norwalk,CA,2019,102635,,,,,,,missing,,,,,,,
123117,Norwalk,CA,2020,102635,,,,,,,missing,,,,,,,
123117,Norwalk,CA,2021,102635,,,,,,,missing,,,,,,,
123117,Norwalk,CA,2022,102635,,,,,,,missing,,,,,,,
123117,Norwalk,CA,2023,102635,,,,,,,missing,,,,,,,
123117,Norwalk,CA,2024,102635,,,,,,,missing,,,,,,,
123093,Oakland,CA,2012,419267,CA0010900,Oakland,399487,0.953,12,SRS,full,7963,26342,127,18.993,62.829,30.29,
123093,Oakland,CA,2013,419267,CA0010900,Oakland,403887,0.963,12,SRS,full,7984,25176,90,19.043,60.048,21.47,
123093,Oakland,CA,2014,419267,CA0010900,Oakland,409994,0.978,12,SRS,full,6910,24367,80,16.481,58.118,19.08,
123093,Oakland,CA,2015,419267,CA0010900,Oakland,419481,1.001,12,SRS,full,6051,24568,85,14.432,58.598,20.27,
123093,Oakland,CA,2016,419267,CA0010900,Oakland,424998,1.014,12,SRS,full,6059,23952,85,14.451,57.128,20.27,
123093,Oakland,CA,2017,419267,CA0010900,Oakland,424915,1.013,12,SRS,full,5521,25422,69,13.168,60.634,16.46,
123093,Oakland,CA,2018,419267,CA0010900,Oakland,430230,1.026,12,SRS,full,5480,23190,70,13.07,55.311,16.7,
123093,Oakland,CA,2019,425195,CA0010900,Oakland,434036,1.021,12,SRS,full,5520,27868,78,12.982,65.542,18.34,
123093,Oakland,CA,2020,433031,CA0010900,Oakland,437923,1.011,12,SRS,full,5653,22622,102,13.054,52.241,23.55,
123093,Oakland,CA,2021,433031,CA0010900,Oakland,,,,,missing,,,,,,,
123093,Oakland,CA,2022,424891,CA0010900,Oakland,428374,1.008,12,converted,full,6516,27737,121,15.336,65.28,28.48,
123093,Oakland,CA,2023,433823,CA0010900,Oakland,425484,0.981,12,converted,full,15490,43048,118,35.706,99.229,27.2,break_high
123093,Oakland,CA,2024,430553,CA0010900,Oakland,435042,1.01,12,converted,full,8376,31455,81,19.454,73.057,18.81,
161256,Oceanside,CA,2012,175691,CA0371000,Oceanside,171141,0.974,12,SRS,full,728,4289,8,4.144,24.412,4.55,
161256,Oceanside,CA,2013,175691,CA0371000,Oceanside,172525,0.982,12,SRS,full,634,4494,9,3.609,25.579,5.12,
161256,Oceanside,CA,2014,175691,CA0371000,Oceanside,174102,0.991,12,SRS,full,652,3984,5,3.711,22.676,2.85,
161256,Oceanside,CA,2015,175691,CA0371000,Oceanside,176319,1.004,12,SRS,full,702,4597,9,3.996,26.165,5.12,
161256,Oceanside,CA,2016,175691,CA0371000,Oceanside,177340,1.009,12,SRS,full,639,4364,8,3.637,24.839,4.55,
161256,Oceanside,CA,2017,175691,CA0371000,Oceanside,176815,1.006,12,SRS,full,694,4088,9,3.95,23.268,5.12,
161256,Oceanside,CA,2018,175691,CA0371000,Oceanside,177464,1.01,12,SRS,full,669,3836,9,3.808,21.834,5.12,
161256,Oceanside,CA,2019,176193,CA0371000,Oceanside,177129,1.005,12,SRS,full,712,3736,4,4.041,21.204,2.27,
161256,Oceanside,CA,2020,175742,CA0371000,Oceanside,176616,1.005,12,SRS,full,717,3180,4,4.08,18.095,2.28,
161256,Oceanside,CA,2021,175742,CA0371000,Oceanside,175335,0.998,12,converted,full,823,3469,6,4.683,19.739,3.41,
161256,Oceanside,CA,2022,174648,CA0371000,Oceanside,171844,0.984,12,converted,full,836,3471,8,4.787,19.874,4.58,
161256,Oceanside,CA,2023,172982,CA0371000,Oceanside,171348,0.991,12,converted,full,755,3077,3,4.365,17.788,1.73,
161256,Oceanside,CA,2024,172199,CA0371000,Oceanside,168725,0.98,12,converted,full,780,2853,5,4.53,16.568,2.9,
161246,Ontario,CA,2012,171214,CA0360700,Ontario,167933,0.981,12,SRS,full,534,5056,3,3.119,29.53,1.75,
161246,Ontario,CA,2013,171214,CA0360700,Ontario,168144,0.982,12,SRS,full,453,4507,9,2.646,26.324,5.26,
161246,Ontario,CA,2014,171214,CA0360700,Ontario,168278,0.983,12,SRS,full,431,4654,6,2.517,27.182,3.5,
161246,Ontario,CA,2015,171214,CA0360700,Ontario,170274,0.995,12,SRS,full,547,5169,3,3.195,30.19,1.75,
161246,Ontario,CA,2016,171214,CA0360700,Ontario,172606,1.008,12,SRS,full,602,4718,8,3.516,27.556,4.67,
161246,Ontario,CA,2017,171214,CA0360700,Ontario,174724,1.021,12,SRS,full,683,4473,8,3.989,26.125,4.67,
161246,Ontario,CA,2018,171214,CA0360700,Ontario,177542,1.037,12,SRS,full,670,4584,6,3.913,26.774,3.5,
161246,Ontario,CA,2019,175841,CA0360700,Ontario,183322,1.043,12,SRS,full,659,4290,10,3.748,24.397,5.69,
161246,Ontario,CA,2020,185010,CA0360700,Ontario,187464,1.013,12,SRS,full,686,3994,10,3.708,21.588,5.41,
161246,Ontario,CA,2021,185010,CA0360700,Ontario,,,,,missing,,,,,,,
161246,Ontario,CA,2022,183393,CA0360700,Ontario,180004,0.982,12,converted,full,582,3833,7,3.174,20.9,3.82,
161246,Ontario,CA,2023,177963,CA0360700,Ontario,180688,1.015,12,converted,full,615,4163,3,3.456,23.393,1.69,
161246,Ontario,CA,2024,179061,CA0360700,Ontario,184763,1.032,12,converted,full,503,3358,4,2.809,18.753,2.23,
161220,Orange,CA,2012,140992,CA0301500,Orange,139692,0.991,12,SRS,full,135,2833,4,0.958,20.093,2.84,
161220,Orange,CA,2013,140992,CA0301500,Orange,140304,0.995,12,SRS,full,147,2418,4,1.043,17.15,2.84,
161220,Orange,CA,2014,140992,CA0301500,Orange,140767,0.998,12,SRS,full,142,2241,0,1.007,15.895,0.0,
161220,Orange,CA,2015,138192,CA0301500,Orange,140572,1.017,12,SRS,full,172,2897,7,1.245,20.964,5.07,
161220,Orange,CA,2016,140992,CA0301500,Orange,141841,1.006,12,SRS,full,228,2608,1,1.617,18.498,0.71,
161220,Orange,CA,2017,140992,CA0301500,Orange,141130,1.001,12,SRS,full,218,2584,4,1.546,18.327,2.84,
161220,Orange,CA,2018,140992,CA0301500,Orange,141108,1.001,12,SRS,full,160,2478,3,1.135,17.575,2.13,
161220,Orange,CA,2019,140560,CA0301500,Orange,139830,0.995,12,SRS,full,180,2184,3,1.281,15.538,2.13,
161220,Orange,CA,2020,138669,CA0301500,Orange,138846,1.001,12,SRS,full,180,2396,4,1.298,17.279,2.88,
161220,Orange,CA,2021,138669,CA0301500,Orange,,,,,missing,,,,,,,
161220,Orange,CA,2022,138192,CA0301500,Orange,135862,0.983,12,converted,full,233,2061,2,1.686,14.914,1.45,
161220,Orange,CA,2023,137264,CA0301500,Orange,134582,0.98,12,converted,full,301,2544,2,2.193,18.534,1.46,
161220,Orange,CA,2024,136178,CA0301500,Orange,137970,1.013,12,converted,full,315,1795,0,2.313,13.181,0.0,
161299,Oxnard,CA,2012,207254,CA0560400,Oxnard,201797,0.974,12,SRS,full,609,4071,9,2.938,19.643,4.34,
161299,Oxnard,CA,2013,207254,CA0560400,Oxnard,202594,0.978,12,SRS,full,651,5074,15,3.141,24.482,7.24,
161299,Oxnard,CA,2014,207254,CA0560400,Oxnard,204159,0.985,12,SRS,full,886,6382,11,4.275,30.793,5.31,
161299,Oxnard,CA,2015,207254,CA0560400,Oxnard,207221,1.0,12,SRS,full,920,6696,12,4.439,32.308,5.79,
161299,Oxnard,CA,2016,207254,CA0560400,Oxnard,209048,1.009,12,SRS,full,948,6073,12,4.574,29.302,5.79,
161299,Oxnard,CA,2017,207254,CA0560400,Oxnard,209513,1.011,12,SRS,full,908,5328,15,4.381,25.708,7.24,
161299,Oxnard,CA,2018,207254,CA0560400,Oxnard,211737,1.022,12,SRS,full,801,5055,14,3.865,24.39,6.75,
161299,Oxnard,CA,2019,210037,CA0560400,Oxnard,211349,1.006,12,SRS,full,724,4242,13,3.447,20.196,6.19,
161299,Oxnard,CA,2020,208881,CA0560400,Oxnard,210064,1.006,12,SRS,full,743,4323,8,3.557,20.696,3.83,
161299,Oxnard,CA,2021,208881,CA0560400,Oxnard,,,,,missing,,,,,,,
161299,Oxnard,CA,2022,207945,CA0560400,Oxnard,201517,0.969,12,converted,full,805,3483,10,3.871,16.75,4.81,
161299,Oxnard,CA,2023,201879,CA0560400,Oxnard,199508,0.988,12,converted,full,1231,3508,7,6.098,17.377,3.47,
161299,Oxnard,CA,2024,200415,CA0560400,Oxnard,197361,0.985,12,converted,full,1186,3743,5,5.918,18.676,2.49,
183832,Palmdale,CA,2012,158351,,,,,,,missing,,,,,,,
183832,Palmdale,CA,2013,158351,,,,,,,missing,,,,,,,
183832,Palmdale,CA,2014,158351,,,,,,,missing,,,,,,,
183832,Palmdale,CA,2015,150498,,,,,,,missing,,,,,,,
183832,Palmdale,CA,2016,158351,,,,,,,missing,,,,,,,
183832,Palmdale,CA,2017,158351,,,,,,,missing,,,,,,,
183832,Palmdale,CA,2018,158351,,,,,,,missing,,,,,,,
183832,Palmdale,CA,2019,150498,,,,,,,missing,,,,,,,
183832,Palmdale,CA,2020,150498,,,,,,,missing,,,,,,,
183832,Palmdale,CA,2021,150498,,,,,,,missing,,,,,,,
183832,Palmdale,CA,2022,150498,,,,,,,missing,,,,,,,
183832,Palmdale,CA,2023,150498,,,,,,,missing,,,,,,,
183832,Palmdale,CA,2024,163463,,,,,,,missing,,,,,,,
207582,Pasadena,CA,2012,142250,CA0195300,Pasadena,139382,0.98,12,SRS,full,433,3379,5,3.044,23.754,3.51,
207582,Pasadena,CA,2013,142250,CA0195300,Pasadena,139003,0.977,12,SRS,full,434,3779,3,3.051,26.566,2.11,
207582,Pasadena,CA,2014,142250,CA0195300,Pasadena,140373,0.987,12,SRS,full,394,3469,10,2.77,24.387,7.03,
207582,Pasadena,CA,2015,142250,CA0195300,Pasadena,141815,0.997,12,SRS,full,428,3693,4,3.009,25.961,2.81,
207582,Pasadena,CA,2016,142250,CA0195300,Pasadena,143288,1.007,12,SRS,full,477,3446,2,3.353,24.225,1.41,
207582,Pasadena,CA,2017,142250,CA0195300,Pasadena,142891,1.005,12,SRS,full,574,2946,8,4.035,20.71,5.62,
207582,Pasadena,CA,2018,142250,CA0195300,Pasadena,143448,1.008,12,SRS,full,547,2928,7,3.845,20.583,4.92,
207582,Pasadena,CA,2019,142647,CA0195300,Pasadena,141913,0.995,12,SRS,full,613,2866,4,4.297,20.092,2.8,
207582,Pasadena,CA,2020,141029,CA0195300,Pasadena,141473,1.003,12,SRS,full,414,3021,7,2.936,21.421,4.96,
207582,Pasadena,CA,2021,141029,CA0195300,Pasadena,,,,,missing,,,,,,,
207582,Pasadena,CA,2022,141045,CA0195300,Pasadena,133312,0.945,12,converted,full,510,3058,7,3.616,21.681,4.96,
207582,Pasadena,CA,2023,135732,CA0195300,Pasadena,132210,0.974,12,converted,full,706,3460,6,5.201,25.491,4.42,
207582,Pasadena,CA,2024,134211,CA0195300,Pasadena,131966,0.983,12,converted,full,640,3654,0,4.769,27.226,0.0,
161179,Pomona,CA,2012,153266,CA0195500,Pomona,151511,0.989,12,SRS,full,1021,5055,17,6.662,32.982,11.09,
161179,Pomona,CA,2013,153266,CA0195500,Pomona,151366,0.988,12,SRS,full,809,4394,29,5.278,28.669,18.92,
161179,Pomona,CA,2014,153266,CA0195500,Pomona,151899,0.991,12,SRS,full,778,4403,18,5.076,28.728,11.74,
161179,Pomona,CA,2015,149212,CA0195500,Pomona,154410,1.035,12,SRS,full,792,4507,10,5.308,30.205,6.7,
161179,Pomona,CA,2016,153266,CA0195500,Pomona,154109,1.006,12,SRS,full,767,4676,13,5.004,30.509,8.48,
161179,Pomona,CA,2017,153266,CA0195500,Pomona,153066,0.999,12,SRS,full,853,4484,18,5.565,29.256,11.74,
161179,Pomona,CA,2018,153266,CA0195500,Pomona,153496,1.002,12,SRS,full,877,4697,17,5.722,30.646,11.09,
161179,Pomona,CA,2019,152939,CA0195500,Pomona,152776,0.999,12,SRS,full,940,4208,12,6.146,27.514,7.85,
161179,Pomona,CA,2020,151691,CA0195500,Pomona,151982,1.002,12,SRS,full,780,4759,13,5.142,31.373,8.57,
161179,Pomona,CA,2021,151691,CA0195500,Pomona,,,,,missing,,,,,,,
161179,Pomona,CA,2022,149212,CA0195500,Pomona,145600,0.976,12,converted,full,955,5008,18,6.4,33.563,12.06,
161179,Pomona,CA,2023,148338,CA0195500,Pomona,143578,0.968,12,converted,full,975,4229,16,6.573,28.509,10.79,
161179,Pomona,CA,2024,148338,CA0195500,Pomona,143726,0.969,12,converted,full,1029,3957,12,6.937,26.676,8.09,
161251,Rancho Cucamonga,CA,2012,175236,,,,,,,missing,,,,,,,
161251,Rancho Cucamonga,CA,2013,175236,,,,,,,missing,,,,,,,
161251,Rancho Cucamonga,CA,2014,175236,,,,,,,missing,,,,,,,
161251,Rancho Cucamonga,CA,2015,178849,,,,,,,missing,,,,,,,
161251,Rancho Cucamonga,CA,2016,175236,,,,,,,missing,,,,,,,
161251,Rancho Cucamonga,CA,2017,175236,,,,,,,missing,,,,,,,
161251,Rancho Cucamonga,CA,2018,175236,,,,,,,missing,,,,,,,
161251,Rancho Cucamonga,CA,2019,177452,,,,,,,missing,,,,,,,
161251,Rancho Cucamonga,CA,2020,177603,,,,,,,missing,,,,,,,
161251,Rancho Cucamonga,CA,2021,177603,,,,,,,missing,,,,,,,
161251,Rancho Cucamonga,CA,2022,178849,,,,,,,missing,,,,,,,
161251,Rancho Cucamonga,CA,2023,175142,,,,,,,missing,,,,,,,
161251,Rancho Cucamonga,CA,2024,176336,,,,,,,missing,,,,,,,
123146,Rialto,CA,2012,103132,CA0360900,Rialto,101595,0.985,12,SRS,full,509,3571,4,4.935,34.626,3.88,
123146,Rialto,CA,2013,103132,CA0360900,Rialto,102520,0.994,12,SRS,full,434,2717,4,4.208,26.345,3.88,
123146,Rialto,CA,2014,103132,CA0360900,Rialto,102540,0.994,12,SRS,full,328,2154,5,3.18,20.886,4.85,
123146,Rialto,CA,2015,104132,CA0360900,Rialto,103590,0.995,12,SRS,full,423,2218,3,4.062,21.3,2.88,
123146,Rialto,CA,2016,103132,CA0360900,Rialto,103893,1.007,12,SRS,full,451,1887,4,4.373,18.297,3.88,
123146,Rialto,CA,2017,103132,CA0360900,Rialto,103980,1.008,12,SRS,full,399,1684,2,3.869,16.329,1.94,
123146,Rialto,CA,2018,103132,CA0360900,Rialto,104173,1.01,12,SRS,full,543,3038,5,5.265,29.457,4.85,
123146,Rialto,CA,2019,104132,CA0360900,Rialto,103965,0.998,12,SRS,full,595,3149,8,5.714,30.24,7.68,
123146,Rialto,CA,2020,104132,CA0360900,Rialto,104004,0.999,12,SRS,full,500,2525,7,4.802,24.248,6.72,
123146,Rialto,CA,2021,104132,CA0360900,Rialto,,,,,missing,,,,,,,
123146,Rialto,CA,2022,104132,CA0360900,Rialto,104589,1.004,12,converted,full,525,3036,3,5.042,29.155,2.88,
123146,Rialto,CA,2023,104132,CA0360900,Rialto,103257,0.992,12,converted,full,575,2863,2,5.522,27.494,1.92,
123146,Rialto,CA,2024,104132,CA0360900,Rialto,103164,0.991,12,converted,full,662,2471,2,6.357,23.729,1.92,
161135,Richmond,CA,2012,109708,CA0071000,Richmond,106357,0.969,12,SRS,full,1162,5018,18,10.592,45.74,16.41,
161135,Richmond,CA,2013,109708,CA0071000,Richmond,107341,0.978,12,SRS,full,1112,4826,16,10.136,43.989,14.58,
161135,Richmond,CA,2014,109708,CA0071000,Richmond,108464,0.989,12,SRS,full,843,4281,11,7.684,39.022,10.03,
161135,Richmond,CA,2015,110038,CA0071000,Richmond,109716,0.997,12,SRS,full,906,3901,19,8.234,35.451,17.27,
161135,Richmond,CA,2016,109708,CA0071000,Richmond,110868,1.011,12,SRS,full,1019,3785,21,9.288,34.501,19.14,
161135,Richmond,CA,2017,109708,CA0071000,Richmond,110804,1.01,12,SRS,full,1014,4128,10,9.243,37.627,9.12,
161135,Richmond,CA,2018,109708,CA0071000,Richmond,110982,1.012,12,SRS,full,1046,4353,17,9.534,39.678,15.5,
161135,Richmond,CA,2019,110040,CA0071000,Richmond,110988,1.009,12,SRS,full,1034,4188,16,9.397,38.059,14.54,
161135,Richmond,CA,2020,110567,CA0071000,Richmond,111367,1.007,12,SRS,full,1074,3679,20,9.714,33.274,18.09,
161135,Richmond,CA,2021,110567,CA0071000,Richmond,110698,1.001,12,converted,full,1185,3222,16,10.717,29.141,14.47,
161135,Richmond,CA,2022,110038,CA0071000,Richmond,115043,1.045,12,converted,full,1063,3150,17,9.66,28.626,15.45,
161135,Richmond,CA,2023,115639,CA0071000,Richmond,113282,0.98,12,converted,full,1211,3602,8,10.472,31.149,6.92,
161135,Richmond,CA,2024,115639,CA0071000,Richmond,113418,0.981,12,converted,full,1092,3158,10,9.443,27.309,8.65,
207594,Riverside,CA,2012,322424,CA0331300,Riverside,313532,0.972,12,SRS,full,1389,10818,16,4.308,33.552,4.96,
207594,Riverside,CA,2013,322424,CA0331300,Riverside,316423,0.981,12,SRS,full,1330,10608,10,4.125,32.901,3.1,
207594,Riverside,CA,2014,322424,CA0331300,Riverside,319453,0.991,12,SRS,full,1384,9864,12,4.292,30.593,3.72,
207594,Riverside,CA,2015,322424,CA0331300,Riverside,323064,1.002,12,SRS,full,1441,10531,10,4.469,32.662,3.1,
207594,Riverside,CA,2016,322424,CA0331300,Riverside,325896,1.011,12,SRS,full,1724,11266,10,5.347,34.942,3.1,
207594,Riverside,CA,2017,322424,CA0331300,Riverside,328023,1.017,12,SRS,full,1669,10032,12,5.176,31.114,3.72,
207594,Riverside,CA,2018,322424,CA0331300,Riverside,331022,1.027,12,SRS,full,1686,10226,14,5.229,31.716,4.34,
207594,Riverside,CA,2019,327728,CA0331300,Riverside,333260,1.017,12,SRS,full,1686,9790,17,5.145,29.872,5.19,
207594,Riverside,CA,2020,331360,CA0331300,Riverside,334370,1.009,12,SRS,full,1491,9980,20,4.5,30.118,6.04,
207594,Riverside,CA,2021,331360,CA0331300,Riverside,,,,,missing,,,,,,,
207594,Riverside,CA,2022,330786,CA0331300,Riverside,319889,0.967,12,converted,full,1652,10366,17,4.994,31.337,5.14,
207594,Riverside,CA,2023,317261,CA0331300,Riverside,323473,1.02,12,converted,full,1783,10980,10,5.62,34.609,3.15,
207594,Riverside,CA,2024,320764,CA0331300,Riverside,320148,0.998,12,converted,full,1892,9150,10,5.898,28.526,3.12,
123137,Roseville,CA,2012,130269,CA0310500,Roseville,122896,0.943,12,SRS,full,293,3288,2,2.249,25.24,1.54,
123137,Roseville,CA,2013,130269,CA0310500,Roseville,126236,0.969,12,SRS,full,261,3343,1,2.004,25.662,0.77,
123137,Roseville,CA,2014,130269,CA0310500,Roseville,128997,0.99,12,SRS,full,193,3070,1,1.482,23.567,0.77,
123137,Roseville,CA,2015,130269,CA0310500,Roseville,131039,1.006,12,SRS,full,239,3295,0,1.835,25.294,0.0,
123137,Roseville,CA,2016,130269,CA0310500,Roseville,132566,1.018,12,SRS,full,199,3316,0,1.528,25.455,0.0,
123137,Roseville,CA,2017,130269,CA0310500,Roseville,135028,1.037,12,SRS,full,237,3322,0,1.819,25.501,0.0,
123137,Roseville,CA,2018,130269,CA0310500,Roseville,137706,1.057,12,SRS,full,299,3252,3,2.295,24.964,2.3,
123137,Roseville,CA,2019,135329,CA0310500,Roseville,141744,1.047,12,SRS,full,259,3154,4,1.914,23.306,2.96,
123137,Roseville,CA,2020,141500,CA0310500,Roseville,144128,1.019,12,SRS,full,277,2843,4,1.958,20.092,2.83,
123137,Roseville,CA,2021,141500,CA0310500,Roseville,,,,,missing,,,,,,,
123137,Roseville,CA,2022,144725,CA0310500,Roseville,155448,1.074,12,converted,full,254,2930,2,1.755,20.245,1.38,
123137,Roseville,CA,2023,151901,CA0310500,Roseville,158084,1.041,12,converted,full,395,2296,3,2.6,15.115,1.97,
123137,Roseville,CA,2024,154817,CA0310500,Roseville,162841,1.052,12,converted,full,364,2331,2,2.351,15.056,1.29,
161241,Sacramento,CA,2012,490712,CA0340400,Sacramento,476557,0.971,12,SRS,full,3520,19967,34,7.173,40.69,6.93,
161241,Sacramento,CA,2013,490712,CA0340400,Sacramento,478182,0.974,12,SRS,full,3137,17980,34,6.393,36.641,6.93,
161241,Sacramento,CA,2014,490712,CA0340400,Sacramento,482767,0.984,12,SRS,full,2968,15078,28,6.048,30.727,5.71,
161241,Sacramento,CA,2015,490712,CA0340400,Sacramento,489717,0.998,12,SRS,full,3611,16501,43,7.359,33.627,8.76,
161241,Sacramento,CA,2016,490712,CA0340400,Sacramento,495471,1.01,12,SRS,full,3549,15283,41,7.232,31.145,8.36,
161241,Sacramento,CA,2017,490712,CA0340400,Sacramento,499997,1.019,12,SRS,full,3378,14683,39,6.884,29.922,7.95,
161241,Sacramento,CA,2018,490712,CA0340400,Sacramento,507037,1.033,12,SRS,full,3329,15417,36,6.784,31.418,7.34,
161241,Sacramento,CA,2019,501901,CA0340400,Sacramento,513934,1.024,12,SRS,full,3223,16354,34,6.422,32.584,6.77,
161241,Sacramento,CA,2020,513624,CA0340400,Sacramento,519050,1.011,12,SRS,full,3547,14248,42,6.906,27.74,8.18,
161241,Sacramento,CA,2021,513624,CA0340400,Sacramento,,,,,missing,,,,,,,
161241,Sacramento,CA,2022,512838,CA0340400,Sacramento,526671,1.027,12,converted,full,4776,16925,54,9.313,33.003,10.53,
161241,Sacramento,CA,2023,525041,CA0340400,Sacramento,529172,1.008,12,converted,full,4260,15623,40,8.114,29.756,7.62,
161241,Sacramento,CA,2024,528001,CA0340400,Sacramento,526670,0.997,12,converted,full,3987,13618,45,7.551,25.792,8.52,
161212,Salinas,CA,2012,157380,CA0270800,Salinas,154413,0.981,12,SRS,full,1027,4906,21,6.526,31.173,13.34,
161212,Salinas,CA,2013,157380,CA0270800,Salinas,155742,0.99,12,SRS,full,1001,5356,24,6.36,34.032,15.25,
161212,Salinas,CA,2014,157380,CA0270800,Salinas,156908,0.997,12,SRS,full,997,5227,15,6.335,33.213,9.53,
161212,Salinas,CA,2015,154868,CA0270800,Salinas,158185,1.021,12,SRS,full,1098,4145,40,7.09,26.765,25.83,
161212,Salinas,CA,2016,157380,CA0270800,Salinas,158729,1.009,12,SRS,full,1005,4742,35,6.386,30.131,22.24,
161212,Salinas,CA,2017,157380,CA0270800,Salinas,158313,1.006,12,SRS,full,1021,4795,28,6.487,30.468,17.79,
161212,Salinas,CA,2018,157380,CA0270800,Salinas,158590,1.008,12,SRS,full,981,4304,19,6.233,27.348,12.07,
161212,Salinas,CA,2019,154868,CA0270800,Salinas,156943,1.013,12,SRS,full,782,3532,8,5.049,22.807,5.17,
161212,Salinas,CA,2020,154868,CA0270800,Salinas,155984,1.007,12,SRS,full,866,3481,8,5.592,22.477,5.17,
161212,Salinas,CA,2021,154868,CA0270800,Salinas,,,,,missing,,,,,,,
161212,Salinas,CA,2022,154868,CA0270800,Salinas,162187,1.047,12,converted,full,842,2745,13,5.437,17.725,8.39,
161212,Salinas,CA,2023,154868,CA0270800,Salinas,159896,1.032,12,converted,full,814,2361,12,5.256,15.245,7.75,
161212,Salinas,CA,2024,161020,CA0270800,Salinas,158233,0.983,12,converted,full,842,2701,6,5.229,16.774,3.73,
193115,San Bernardino,CA,2012,216108,CA0361000,San Bernardino,214987,0.995,12,SRS,full,2022,10510,47,9.356,48.633,21.75,
193115,San Bernardino,CA,2013,216108,CA0361000,San Bernardino,214322,0.992,12,SRS,full,1949,9389,45,9.019,43.446,20.82,
193115,San Bernardino,CA,2014,216108,CA0361000,San Bernardino,214588,0.993,12,SRS,full,2128,9239,43,9.847,42.752,19.9,
193115,San Bernardino,CA,2015,216108,CA0361000,San Bernardino,216477,1.002,12,SRS,full,2697,10390,44,12.48,48.078,20.36,
193115,San Bernardino,CA,2016,216108,CA0361000,San Bernardino,217303,1.006,12,SRS,full,2878,9178,62,13.317,42.47,28.69,
193115,San Bernardino,CA,2017,216108,CA0361000,San Bernardino,217259,1.005,12,SRS,full,2805,8403,34,12.98,38.883,15.73,
193115,San Bernardino,CA,2018,216108,CA0361000,San Bernardino,217986,1.009,12,SRS,full,2906,9014,49,13.447,41.711,22.67,
193115,San Bernardino,CA,2019,216995,CA0361000,San Bernardino,216715,0.999,12,SRS,full,2858,9081,46,13.171,41.849,21.2,
193115,San Bernardino,CA,2020,215784,CA0361000,San Bernardino,216365,1.003,12,SRS,full,3033,6059,68,14.056,28.079,31.51,
193115,San Bernardino,CA,2021,215784,CA0361000,San Bernardino,,,,,missing,,,,,,,
193115,San Bernardino,CA,2022,217491,CA0361000,San Bernardino,222623,1.024,12,converted,full,2640,6578,72,12.138,30.245,33.1,
193115,San Bernardino,CA,2023,222203,CA0361000,San Bernardino,219483,0.988,12,converted,full,2351,7074,36,10.58,31.836,16.2,
193115,San Bernardino,CA,2024,220328,CA0361000,San Bernardino,224283,1.018,12,converted,full,2012,6499,25,9.132,29.497,11.35,
161300,San Buenaventura,CA,2012,109708,,,,,,,missing,,,,,,,
161300,San Buenaventura,CA,2013,109708,,,,,,,missing,,,,,,,
161300,San Buenaventura,CA,2014,109708,,,,,,,missing,,,,,,,
161300,San Buenaventura,CA,2015,107110,,,,,,,missing,,,,,,,
161300,San Buenaventura,CA,2016,109708,,,,,,,missing,,,,,,,
161300,San Buenaventura,CA,2017,109708,,,,,,,missing,,,,,,,
161300,San Buenaventura,CA,2018,109708,,,,,,,missing,,,,,,,
161300,San Buenaventura,CA,2019,107110,,,,,,,missing,,,,,,,
161300,San Buenaventura,CA,2020,107110,,,,,,,missing,,,,,,,
161300,San Buenaventura,CA,2021,107110,,,,,,,missing,,,,,,,
161300,San Buenaventura,CA,2022,107110,,,,,,,missing,,,,,,,
161300,San Buenaventura,CA,2023,107110,,,,,,,missing,,,,,,,
161300,San Buenaventura,CA,2024,107110,,,,,,,missing,,,,,,,
207598,San Diego,CA,2012,1394928,CA0371100,San Diego,1338477,0.96,12,SRS,full,5529,31700,47,3.964,22.725,3.37,
207598,San Diego,CA,2013,1394928,CA0371100,San Diego,1349306,0.967,12,SRS,full,5303,31728,39,3.802,22.745,2.8,
207598,San Diego,CA,2014,1394928,CA0371100,San Diego,1368690,0.981,12,SRS,full,5214,26812,32,3.738,19.221,2.29,
207598,San Diego,CA,2015,1394928,CA0371100,San Diego,1400467,1.004,12,SRS,full,5582,29158,37,4.002,20.903,2.65,
207598,San Diego,CA,2016,1394928,CA0371100,San Diego,1413414,1.013,12,SRS,full,5332,28624,50,3.822,20.52,3.58,
207598,San Diego,CA,2017,1394928,CA0371100,San Diego,1424116,1.021,12,SRS,full,5221,26246,35,3.743,18.815,2.51,
207598,San Diego,CA,2018,1394928,CA0371100,San Diego,1436495,1.03,12,SRS,full,5360,27416,35,3.842,19.654,2.51,
207598,San Diego,CA,2019,1419516,CA0371100,San Diego,1441737,1.016,12,SRS,full,5215,27141,50,3.674,19.12,3.52,
207598,San Diego,CA,2020,1423851,CA0371100,San Diego,1437608,1.01,12,SRS,full,5303,24321,56,3.724,17.081,3.93,
207598,San Diego,CA,2021,1423851,CA0371100,San Diego,1434673,1.008,12,converted,full,5790,27732,66,4.066,19.477,4.64,
207598,San Diego,CA,2022,1422420,CA0371100,San Diego,1377838,0.969,12,converted,full,5977,25184,53,4.202,17.705,3.73,
207598,San Diego,CA,2023,1381611,CA0371100,San Diego,1378349,0.998,12,converted,full,5856,25096,42,4.239,18.164,3.04,
207598,San Diego,CA,2024,1381162,CA0371100,San Diego,1389024,1.006,12,converted,full,5748,23379,37,4.162,16.927,2.68,
161258,San Francisco And County,CA,2012,864816,CA0380100,San Francisco,820363,0.949,12,SRS,full,5777,38898,69,6.68,44.978,7.98,
161258,San Francisco And County,CA,2013,864816,CA0380100,San Francisco,833863,0.964,12,SRS,full,7064,48324,48,8.168,55.878,5.55,
161258,San Francisco And County,CA,2014,864816,CA0380100,San Francisco,850294,0.983,12,SRS,full,6761,45093,45,7.818,52.142,5.2,
161258,San Francisco And County,CA,2015,864816,CA0380100,San Francisco,863782,0.999,12,SRS,full,6710,53019,53,7.759,61.307,6.13,
161258,San Francisco And County,CA,2016,864816,CA0380100,San Francisco,871155,1.007,12,SRS,full,6190,47402,57,7.158,54.812,6.59,
161258,San Francisco And County,CA,2017,864816,CA0380100,San Francisco,881255,1.019,12,SRS,full,6301,54356,56,7.286,62.853,6.48,
161258,San Francisco And County,CA,2018,864816,CA0380100,San Francisco,889282,1.028,12,SRS,full,6144,49214,46,7.104,56.907,5.32,
161258,San Francisco And County,CA,2019,884363,CA0380100,San Francisco,886007,1.002,12,SRS,full,5933,48780,40,6.709,55.158,4.52,
161258,San Francisco And County,CA,2020,881549,CA0380100,San Francisco,881514,1.0,12,SRS,full,4796,38737,48,5.44,43.942,5.44,
161258,San Francisco And County,CA,2021,881549,CA0380100,San Francisco,,,,,missing,,,,,,,
161258,San Francisco And County,CA,2022,866606,CA0380100,San Francisco,764693,0.882,12,converted,full,5323,47759,55,6.142,55.11,6.35,
161258,San Francisco And County,CA,2023,815201,CA0380100,San Francisco,782846,0.96,12,converted,full,5560,44720,52,6.82,54.858,6.38,
161258,San Francisco And County,CA,2024,808437,CA0380100,San Francisco,802856,0.993,12,converted,full,4789,31545,35,5.924,39.02,4.33,
100745,San Jose,CA,2012,1026908,CA0431300,San Jose,976459,0.951,12,SRS,full,3547,28463,45,3.454,27.717,4.38,
100745,San Jose,CA,2013,1026908,CA0431300,San Jose,992143,0.966,12,SRS,full,3215,25510,38,3.131,24.842,3.7,
100745,San Jose,CA,2014,1026908,CA0431300,San Jose,1009679,0.983,12,SRS,full,3242,24577,32,3.157,23.933,3.12,
100745,San Jose,CA,2015,1026908,CA0431300,San Jose,1031458,1.004,12,SRS,full,3400,25035,30,3.311,24.379,2.92,
100745,San Jose,CA,2016,1026908,CA0431300,San Jose,1041844,1.015,12,SRS,full,3887,24749,47,3.785,24.101,4.58,
100745,San Jose,CA,2017,1026908,CA0431300,San Jose,1037529,1.01,12,SRS,full,4188,25323,32,4.078,24.659,3.12,
100745,San Jose,CA,2018,1026908,CA0431300,San Jose,1047305,1.02,12,SRS,full,4444,25753,28,4.328,25.078,2.73,
100745,San Jose,CA,2019,1035317,CA0431300,San Jose,1040008,1.005,12,SRS,full,4559,25164,32,4.403,24.306,3.09,
100745,San Jose,CA,2020,1021795,CA0431300,San Jose,1029542,1.008,12,SRS,full,4375,23847,40,4.282,23.338,3.91,
100745,San Jose,CA,2021,1021795,CA0431300,San Jose,,,,,missing,,,,,,,
100745,San Jose,CA,2022,1013616,CA0431300,San Jose,956814,0.944,12,converted,full,5046,25363,35,4.978,25.022,3.45,
100745,San Jose,CA,2023,983489,CA0431300,San Jose,952530,0.969,12,converted,full,6046,24255,35,6.148,24.662,3.56,
100745,San Jose,CA,2024,971233,CA0431300,San Jose,956840,0.985,12,converted,full,5851,25105,26,6.024,25.849,2.68,
123157,San Mateo,CA,2012,103536,CA0411600,San Mateo,99303,0.959,12,SRS,full,261,1876,0,2.521,18.119,0.0,
123157,San Mateo,CA,2013,103536,CA0411600,San Mateo,100440,0.97,12,SRS,full,239,2065,0,2.308,19.945,0.0,
123157,San Mateo,CA,2014,103536,CA0411600,San Mateo,102082,0.986,12,SRS,full,230,1944,0,2.221,18.776,0.0,
123157,San Mateo,CA,2015,103536,CA0411600,San Mateo,104306,1.007,12,SRS,full,266,2045,2,2.569,19.752,1.93,
123157,San Mateo,CA,2016,103536,CA0411600,San Mateo,104802,1.012,12,SRS,full,242,2141,1,2.337,20.679,0.97,
123157,San Mateo,CA,2017,103536,CA0411600,San Mateo,105090,1.015,12,SRS,full,268,2125,0,2.588,20.524,0.0,
123157,San Mateo,CA,2018,103536,CA0411600,San Mateo,105839,1.022,12,SRS,full,285,2163,0,2.753,20.891,0.0,
123157,San Mateo,CA,2019,103536,CA0411600,San Mateo,106020,1.024,12,SRS,full,266,2217,2,2.569,21.413,1.93,
123157,San Mateo,CA,2020,102398,CA0411600,San Mateo,105246,1.028,12,SRS,full,274,2306,4,2.676,22.52,3.91,
123157,San Mateo,CA,2021,102398,CA0411600,San Mateo,,,,,missing,,,,,,,
123157,San Mateo,CA,2022,102398,CA0411600,San Mateo,99184,0.969,12,converted,full,306,2340,1,2.988,22.852,0.98,
123157,San Mateo,CA,2023,102398,CA0411600,San Mateo,98883,0.966,12,converted,full,342,1907,2,3.34,18.623,1.95,
123157,San Mateo,CA,2024,102398,CA0411600,San Mateo,99929,0.976,12,converted,full,245,1883,5,2.393,18.389,4.88,
100711,Santa Ana,CA,2012,335400,CA0301900,Santa Ana,332482,0.991,12,SRS,full,1334,7389,11,3.977,22.03,3.28,
100711,Santa Ana,CA,2013,335400,CA0301900,Santa Ana,332848,0.992,12,SRS,full,1121,6425,13,3.342,19.156,3.88,
100711,Santa Ana,CA,2014,335400,CA0301900,Santa Ana,336462,1.003,12,SRS,full,1260,5784,18,3.757,17.245,5.37,
100711,Santa Ana,CA,2015,335400,CA0301900,Santa Ana,337304,1.006,12,SRS,full,1626,7270,12,4.848,21.676,3.58,
100711,Santa Ana,CA,2016,335400,CA0301900,Santa Ana,337419,1.006,12,SRS,full,1612,6980,23,4.806,20.811,6.86,
100711,Santa Ana,CA,2017,335400,CA0301900,Santa Ana,335699,1.001,12,SRS,full,1640,7017,21,4.89,20.921,6.26,
100711,Santa Ana,CA,2018,335400,CA0301900,Santa Ana,335403,1.0,12,SRS,full,1571,6390,21,4.684,19.052,6.26,
100711,Santa Ana,CA,2019,334136,CA0301900,Santa Ana,333664,0.999,12,SRS,full,1453,6808,13,4.349,20.375,3.89,
100711,Santa Ana,CA,2020,332318,CA0301900,Santa Ana,333107,1.002,12,SRS,full,1429,6926,15,4.3,20.841,4.51,
100711,Santa Ana,CA,2021,332318,CA0301900,Santa Ana,,,,,missing,,,,,,,
100711,Santa Ana,CA,2022,331301,CA0301900,Santa Ana,308995,0.933,12,converted,full,1219,5305,28,3.679,16.013,8.45,
100711,Santa Ana,CA,2023,309441,CA0301900,Santa Ana,307327,0.993,12,converted,full,1742,6279,6,5.63,20.291,1.94,
100711,Santa Ana,CA,2024,308189,CA0301900,Santa Ana,310304,1.007,12,converted,full,1542,5317,15,5.003,17.252,4.87,
161280,Santa Clara,CA,2012,126215,CA0431400,Santa Clara,119360,0.946,12,SRS,full,221,3306,0,1.751,26.193,0.0,
161280,Santa Clara,CA,2013,126215,CA0431400,Santa Clara,120150,0.952,12,SRS,full,172,3023,0,1.363,23.951,0.0,
161280,Santa Clara,CA,2014,126215,CA0431400,Santa Clara,121114,0.96,12,SRS,full,162,3268,0,1.284,25.892,0.0,
161280,Santa Clara,CA,2015,126215,CA0431400,Santa Clara,123562,0.979,12,SRS,full,156,3579,1,1.236,28.356,0.79,
161280,Santa Clara,CA,2016,126215,CA0431400,Santa Clara,128179,1.016,12,SRS,full,159,2814,3,1.26,22.295,2.38,
161280,Santa Clara,CA,2017,126215,CA0431400,Santa Clara,127538,1.01,12,SRS,full,214,3618,2,1.696,28.665,1.58,
161280,Santa Clara,CA,2018,126215,CA0431400,Santa Clara,128682,1.02,12,SRS,full,208,3741,1,1.648,29.64,0.79,
161280,Santa Clara,CA,2019,127134,CA0431400,Santa Clara,131173,1.032,12,SRS,full,214,4748,0,1.683,37.346,0.0,
161280,Santa Clara,CA,2020,130365,CA0431400,Santa Clara,131976,1.012,12,SRS,full,206,3301,1,1.58,25.321,0.77,
161280,Santa Clara,CA,2021,130365,CA0431400,Santa Clara,132572,1.017,12,converted,full,136,1427,0,1.043,10.946,0.0,break_low
161280,Santa Clara,CA,2022,131055,CA0431400,Santa Clara,126877,0.968,12,converted,full,401,4592,2,3.06,35.039,1.53,break_high
161280,Santa Clara,CA,2023,127151,CA0431400,Santa Clara,126452,0.995,12,converted,full,269,3725,0,2.116,29.296,0.0,
161280,Santa Clara,CA,2024,126930,CA0431400,Santa Clara,131901,1.039,12,converted,full,248,3315,3,1.954,26.117,2.36,
137232,Santa Clarita,CA,2012,182371,,,,,,,missing,,,,,,,
137232,Santa Clarita,CA,2013,182371,,,,,,,missing,,,,,,,
137232,Santa Clarita,CA,2014,182371,,,,,,,missing,,,,,,,
137232,Santa Clarita,CA,2015,209990,,,,,,,missing,,,,,,,
137232,Santa Clarita,CA,2016,182371,,,,,,,missing,,,,,,,
137232,Santa Clarita,CA,2017,182371,,,,,,,missing,,,,,,,
137232,Santa Clarita,CA,2018,182371,,,,,,,missing,,,,,,,
137232,Santa Clarita,CA,2019,210888,,,,,,,missing,,,,,,,
137232,Santa Clarita,CA,2020,212979,,,,,,,missing,,,,,,,
137232,Santa Clarita,CA,2021,212979,,,,,,,missing,,,,,,,
137232,Santa Clarita,CA,2022,209990,,,,,,,missing,,,,,,,
137232,Santa Clarita,CA,2023,224593,,,,,,,missing,,,,,,,
137232,Santa Clarita,CA,2024,221345,,,,,,,missing,,,,,,,
161273,Santa Maria,CA,2012,105093,CA0420400,Santa Maria,101207,0.963,12,SRS,full,690,2430,0,6.566,23.122,0.0,
161273,Santa Maria,CA,2013,105093,CA0420400,Santa Maria,102051,0.971,12,SRS,full,490,2934,3,4.663,27.918,2.85,
161273,Santa Maria,CA,2014,105093,CA0420400,Santa Maria,102885,0.979,12,SRS,full,439,3045,3,4.177,28.974,2.85,
161273,Santa Maria,CA,2015,105851,CA0420400,Santa Maria,104355,0.986,12,SRS,full,463,2975,13,4.374,28.106,12.28,
161273,Santa Maria,CA,2016,105093,CA0420400,Santa Maria,106200,1.011,12,SRS,full,506,2638,9,4.815,25.102,8.56,
161273,Santa Maria,CA,2017,105093,CA0420400,Santa Maria,107424,1.022,12,SRS,full,476,2354,3,4.529,22.399,2.85,
161273,Santa Maria,CA,2018,105093,CA0420400,Santa Maria,108100,1.029,12,SRS,full,497,1932,6,4.729,18.384,5.71,
161273,Santa Maria,CA,2019,105851,CA0420400,Santa Maria,108414,1.024,12,SRS,full,466,1475,5,4.402,13.935,4.72,
161273,Santa Maria,CA,2020,105851,CA0420400,Santa Maria,108140,1.022,12,SRS,full,834,2472,2,7.879,23.354,1.89,
161273,Santa Maria,CA,2021,105851,CA0420400,Santa Maria,106495,1.006,12,converted,full,596,2645,4,5.631,24.988,3.78,
161273,Santa Maria,CA,2022,105851,CA0420400,Santa Maria,109518,1.035,12,converted,full,723,3055,8,6.83,28.861,7.56,
161273,Santa Maria,CA,2023,105851,CA0420400,Santa Maria,110317,1.042,12,converted,full,684,2612,6,6.462,24.676,5.67,
161273,Santa Maria,CA,2024,110125,CA0420400,Santa Maria,110056,0.999,12,converted,full,732,2083,4,6.647,18.915,3.63,
161287,Santa Rosa,CA,2012,174972,CA0490500,Santa Rosa,170862,0.977,12,SRS,full,636,3818,2,3.635,21.821,1.14,
161287,Santa Rosa,CA,2013,174972,CA0490500,Santa Rosa,171564,0.981,12,SRS,full,541,3506,3,3.092,20.037,1.71,
161287,Santa Rosa,CA,2014,174972,CA0490500,Santa Rosa,172991,0.989,12,SRS,full,636,3850,2,3.635,22.004,1.14,
161287,Santa Rosa,CA,2015,174613,CA0490500,Santa Rosa,175738,1.006,12,SRS,full,606,4311,4,3.471,24.689,2.29,
161287,Santa Rosa,CA,2016,174972,CA0490500,Santa Rosa,176383,1.008,12,SRS,full,658,3010,5,3.761,17.203,2.86,
161287,Santa Rosa,CA,2017,174972,CA0490500,Santa Rosa,176361,1.008,12,SRS,full,722,3245,5,4.126,18.546,2.86,
161287,Santa Rosa,CA,2018,174972,CA0490500,Santa Rosa,176325,1.008,12,SRS,full,823,3118,3,4.704,17.82,1.71,
161287,Santa Rosa,CA,2019,175269,CA0490500,Santa Rosa,177884,1.015,12,SRS,full,857,2874,3,4.89,16.398,1.71,
161287,Santa Rosa,CA,2020,176753,CA0490500,Santa Rosa,176932,1.001,12,SRS,full,913,2838,4,5.165,16.056,2.26,
161287,Santa Rosa,CA,2021,176753,CA0490500,Santa Rosa,,,,,missing,,,,,,,
161287,Santa Rosa,CA,2022,174613,CA0490500,Santa Rosa,175999,1.008,12,converted,full,603,2427,10,3.453,13.899,5.73,
161287,Santa Rosa,CA,2023,176938,CA0490500,Santa Rosa,176855,1.0,12,converted,full,593,2621,10,3.351,14.813,5.65,
161287,Santa Rosa,CA,2024,176938,CA0490500,Santa Rosa,175147,0.99,12,converted,full,614,2345,2,3.47,13.253,1.13,
161302,Simi Valley,CA,2012,126788,CA0560900,Simi Valley,126686,0.999,12,SRS,full,141,1916,3,1.112,15.112,2.37,
161302,Simi Valley,CA,2013,126788,CA0560900,Simi Valley,126215,0.995,12,SRS,full,132,1709,3,1.041,13.479,2.37,
161302,Simi Valley,CA,2014,126788,CA0560900,Simi Valley,126604,0.999,12,SRS,full,140,1618,0,1.104,12.761,0.0,
161302,Simi Valley,CA,2015,125168,CA0560900,Simi Valley,127472,1.018,12,SRS,full,174,1513,1,1.39,12.088,0.8,
161302,Simi Valley,CA,2016,126788,CA0560900,Simi Valley,127252,1.004,12,SRS,full,174,1566,2,1.372,12.351,1.58,
161302,Simi Valley,CA,2017,126788,CA0560900,Simi Valley,126635,0.999,12,SRS,full,184,1824,0,1.451,14.386,0.0,
161302,Simi Valley,CA,2018,126788,CA0560900,Simi Valley,127222,1.003,12,SRS,full,214,1491,0,1.688,11.76,0.0,
161302,Simi Valley,CA,2019,126878,CA0560900,Simi Valley,126025,0.993,12,SRS,full,146,1188,1,1.151,9.363,0.79,
161302,Simi Valley,CA,2020,125613,CA0560900,Simi Valley,125742,1.001,12,SRS,full,167,1318,3,1.329,10.493,2.39,
161302,Simi Valley,CA,2021,125613,CA0560900,Simi Valley,,,,,missing,,,,,,,
161302,Simi Valley,CA,2022,125168,CA0560900,Simi Valley,125585,1.003,12,converted,full,121,1077,2,0.967,8.604,1.6,
161302,Simi Valley,CA,2023,125975,CA0560900,Simi Valley,123443,0.98,12,converted,full,165,1213,0,1.31,9.629,0.0,
161302,Simi Valley,CA,2024,125975,CA0560900,Simi Valley,124707,0.99,12,converted,full,166,1161,3,1.318,9.216,2.38,
211214,Stockton,CA,2012,305658,CA0390500,Stockton,299105,0.979,12,SRS,full,4630,15258,71,15.148,49.919,23.23,
211214,Stockton,CA,2013,305658,CA0390500,Stockton,299796,0.981,12,SRS,full,3622,15080,32,11.85,49.336,10.47,
211214,Stockton,CA,2014,305658,CA0390500,Stockton,299519,0.98,12,SRS,full,3988,13148,49,13.047,43.015,16.03,
211214,Stockton,CA,2015,305658,CA0390500,Stockton,304890,0.997,12,SRS,full,4122,12998,49,13.486,42.525,16.03,
211214,Stockton,CA,2016,305658,CA0390500,Stockton,308348,1.009,12,SRS,full,4381,11634,49,14.333,38.062,16.03,
211214,Stockton,CA,2017,305658,CA0390500,Stockton,309566,1.013,12,SRS,full,4379,11229,55,14.326,36.737,17.99,
211214,Stockton,CA,2018,305658,CA0390500,Stockton,313158,1.025,12,SRS,full,4383,11800,33,14.34,38.605,10.8,
211214,Stockton,CA,2019,310496,CA0390500,Stockton,313604,1.01,12,SRS,full,4380,12367,34,14.106,39.83,10.95,
211214,Stockton,CA,2020,312697,CA0390500,Stockton,314981,1.007,12,SRS,full,4023,9391,56,12.865,30.032,17.91,
211214,Stockton,CA,2021,312697,CA0390500,Stockton,314764,1.007,12,converted,full,3089,6903,32,9.879,22.076,10.23,
211214,Stockton,CA,2022,312716,CA0390500,Stockton,323501,1.034,12,converted,full,3700,8838,52,11.832,28.262,16.63,
211214,Stockton,CA,2023,322120,CA0390500,Stockton,322220,1.0,12,converted,full,3715,9787,49,11.533,30.383,15.21,
211214,Stockton,CA,2024,321819,CA0390500,Stockton,319069,0.991,12,converted,full,3674,8457,53,11.416,26.279,16.47,
161281,Sunnyvale,CA,2012,151754,CA0431600,Sunnyvale,143606,0.946,12,SRS,full,170,2555,3,1.12,16.836,1.98,
161281,Sunnyvale,CA,2013,151754,CA0431600,Sunnyvale,148160,0.976,12,SRS,full,144,2434,4,0.949,16.039,2.64,
161281,Sunnyvale,CA,2014,151754,CA0431600,Sunnyvale,149384,0.984,12,SRS,full,167,2356,1,1.1,15.525,0.66,
161281,Sunnyvale,CA,2015,151746,CA0431600,Sunnyvale,152443,1.005,12,SRS,full,158,2355,1,1.041,15.519,0.66,
161281,Sunnyvale,CA,2016,151754,CA0431600,Sunnyvale,154108,1.016,12,SRS,full,158,2140,1,1.041,14.102,0.66,
161281,Sunnyvale,CA,2017,151754,CA0431600,Sunnyvale,154919,1.021,12,SRS,full,182,2682,1,1.199,17.673,0.66,
161281,Sunnyvale,CA,2018,151754,CA0431600,Sunnyvale,155637,1.026,12,SRS,full,255,2541,1,1.68,16.744,0.66,
161281,Sunnyvale,CA,2019,153656,CA0431600,Sunnyvale,154859,1.008,12,SRS,full,259,3380,0,1.686,21.997,0.0,
161281,Sunnyvale,CA,2020,152703,CA0431600,Sunnyvale,154133,1.009,12,SRS,full,229,3178,2,1.5,20.812,1.31,
161281,Sunnyvale,CA,2021,152703,CA0431600,Sunnyvale,152893,1.001,12,converted,full,132,1414,2,0.864,9.26,1.31,
161281,Sunnyvale,CA,2022,151746,CA0431600,Sunnyvale,148739,0.98,12,converted,full,329,3660,0,2.168,24.119,0.0,
161281,Sunnyvale,CA,2023,152258,CA0431600,Sunnyvale,152031,0.999,12,converted,full,386,2963,1,2.535,19.46,0.66,
161281,Sunnyvale,CA,2024,153091,CA0431600,Sunnyvale,150893,0.986,12,converted,full,372,2906,1,2.43,18.982,0.65,
137234,Temecula,CA,2012,112011,,,,,,,missing,,,,,,,
137234,Temecula,CA,2013,112011,,,,,,,missing,,,,,,,
137234,Temecula,CA,2014,112011,,,,,,,missing,,,,,,,
137234,Temecula,CA,2015,113878,,,,,,,missing,,,,,,,
137234,Temecula,CA,2016,112011,,,,,,,missing,,,,,,,
137234,Temecula,CA,2017,112011,,,,,,,missing,,,,,,,
137234,Temecula,CA,2018,112011,,,,,,,missing,,,,,,,
137234,Temecula,CA,2019,113878,,,,,,,missing,,,,,,,
137234,Temecula,CA,2020,113878,,,,,,,missing,,,,,,,
137234,Temecula,CA,2021,113878,,,,,,,missing,,,,,,,
137234,Temecula,CA,2022,113878,,,,,,,missing,,,,,,,
137234,Temecula,CA,2023,113878,,,,,,,missing,,,,,,,
137234,Temecula,CA,2024,111752,,,,,,,missing,,,,,,,
201369,Thousand Oaks,CA,2012,129339,,,,,,,missing,,,,,,,
201369,Thousand Oaks,CA,2013,129339,,,,,,,missing,,,,,,,
201369,Thousand Oaks,CA,2014,129339,,,,,,,missing,,,,,,,
201369,Thousand Oaks,CA,2015,126310,,,,,,,missing,,,,,,,
201369,Thousand Oaks,CA,2016,129339,,,,,,,missing,,,,,,,
201369,Thousand Oaks,CA,2017,129339,,,,,,,missing,,,,,,,
201369,Thousand Oaks,CA,2018,129339,,,,,,,missing,,,,,,,
201369,Thousand Oaks,CA,2019,126310,,,,,,,missing,,,,,,,
201369,Thousand Oaks,CA,2020,126310,,,,,,,missing,,,,,,,
201369,Thousand Oaks,CA,2021,126310,,,,,,,missing,,,,,,,
201369,Thousand Oaks,CA,2022,126310,,,,,,,missing,,,,,,,
201369,Thousand Oaks,CA,2023,126310,,,,,,,missing,,,,,,,
201369,Thousand Oaks,CA,2024,124265,,,,,,,missing,,,,,,,
207583,Torrance,CA,2012,148475,CA0197200,Torrance,147851,0.996,12,SRS,full,190,2690,4,1.28,18.118,2.69,
207583,Torrance,CA,2013,148475,CA0197200,Torrance,147534,0.994,12,SRS,full,187,2786,1,1.259,18.764,0.67,
207583,Torrance,CA,2014,148475,CA0197200,Torrance,147971,0.997,12,SRS,full,155,2623,2,1.044,17.666,1.35,
207583,Torrance,CA,2015,148475,CA0197200,Torrance,149243,1.005,12,SRS,full,214,2881,2,1.441,19.404,1.35,
207583,Torrance,CA,2016,148475,CA0197200,Torrance,149078,1.004,12,SRS,full,258,3221,1,1.738,21.694,0.67,
207583,Torrance,CA,2017,148475,CA0197200,Torrance,147482,0.993,12,SRS,full,269,3206,0,1.812,21.593,0.0,
207583,Torrance,CA,2018,148475,CA0197200,Torrance,146968,0.99,12,SRS,full,267,2702,2,1.798,18.198,1.35,
207583,Torrance,CA,2019,146758,CA0197200,Torrance,145183,0.989,12,SRS,full,280,2853,3,1.908,19.44,2.04,
207583,Torrance,CA,2020,143592,CA0197200,Torrance,143421,0.999,12,SRS,full,274,2935,3,1.908,20.44,2.09,
207583,Torrance,CA,2021,143592,CA0197200,Torrance,141185,0.983,12,converted,full,24,293,0,0.167,2.041,0.0,break_low
207583,Torrance,CA,2022,141553,CA0197200,Torrance,140499,0.993,12,converted,full,369,3719,2,2.607,26.273,1.41,
207583,Torrance,CA,2023,143600,CA0197200,Torrance,138472,0.964,12,converted,full,366,3707,2,2.549,25.815,1.39,
207583,Torrance,CA,2024,141126,CA0197200,Torrance,136899,0.97,12,converted,full,425,3809,0,3.011,26.99,0.0,
161286,Vacaville,CA,2012,96803,CA0480600,Vacaville,93951,0.971,12,SRS,full,246,2031,3,2.541,20.981,3.1,
161286,Vacaville,CA,2013,96803,CA0480600,Vacaville,94347,0.975,12,SRS,full,201,2096,1,2.076,21.652,1.03,
161286,Vacaville,CA,2014,96803,CA0480600,Vacaville,94701,0.978,12,SRS,full,269,2587,2,2.779,26.724,2.07,
161286,Vacaville,CA,2015,101332,CA0480600,Vacaville,96693,0.954,12,SRS,full,250,2159,0,2.467,21.306,0.0,
161286,Vacaville,CA,2016,96803,CA0480600,Vacaville,97671,1.009,12,SRS,full,207,2057,0,2.138,21.249,0.0,
161286,Vacaville,CA,2017,96803,CA0480600,Vacaville,99293,1.026,12,SRS,full,198,2108,1,2.045,21.776,1.03,
161286,Vacaville,CA,2018,96803,CA0480600,Vacaville,101146,1.045,12,SRS,full,230,2158,2,2.376,22.293,2.07,
161286,Vacaville,CA,2019,100032,CA0480600,Vacaville,101147,1.011,12,SRS,full,331,2442,3,3.309,24.412,3.0,
161286,Vacaville,CA,2020,100670,CA0480600,Vacaville,101616,1.009,12,SRS,full,249,1760,2,2.473,17.483,1.99,
161286,Vacaville,CA,2021,100670,CA0480600,Vacaville,,,,,missing,,,,,,,
161286,Vacaville,CA,2022,101332,CA0480600,Vacaville,103486,1.021,12,converted,full,330,1927,1,3.257,19.017,0.99,
161286,Vacaville,CA,2023,103078,CA0480600,Vacaville,101975,0.989,12,converted,full,360,2128,2,3.493,20.645,1.94,
161286,Vacaville,CA,2024,101918,CA0480600,Vacaville,102672,1.007,12,converted,full,307,1792,1,3.012,17.583,0.98,
207608,Vallejo,CA,2012,121253,CA0480700,Vallejo,117912,0.972,12,SRS,full,878,5844,14,7.241,48.197,11.55,
207608,Vallejo,CA,2013,121253,CA0480700,Vallejo,118336,0.976,12,SRS,full,1019,5734,25,8.404,47.29,20.62,
207608,Vallejo,CA,2014,121253,CA0480700,Vallejo,119504,0.986,12,SRS,full,1034,4877,18,8.528,40.222,14.84,
207608,Vallejo,CA,2015,120747,CA0480700,Vallejo,121257,1.004,12,SRS,full,1031,4986,18,8.539,41.293,14.91,
207608,Vallejo,CA,2016,121253,CA0480700,Vallejo,122293,1.009,12,SRS,full,1053,4810,15,8.684,39.669,12.37,
207608,Vallejo,CA,2017,121253,CA0480700,Vallejo,122174,1.008,12,SRS,full,1048,4597,15,8.643,37.912,12.37,
207608,Vallejo,CA,2018,121253,CA0480700,Vallejo,122974,1.014,12,SRS,full,942,4508,8,7.769,37.178,6.6,
207608,Vallejo,CA,2019,120747,CA0480700,Vallejo,122657,1.016,12,SRS,full,1037,4941,12,8.588,40.92,9.94,
207608,Vallejo,CA,2020,120747,CA0480700,Vallejo,122326,1.013,12,SRS,full,1212,4078,27,10.038,33.773,22.36,
207608,Vallejo,CA,2021,120747,CA0480700,Vallejo,,,,,missing,,,,,,,
207608,Vallejo,CA,2022,120747,CA0480700,Vallejo,123940,1.026,12,converted,full,1205,5267,22,9.98,43.62,18.22,
207608,Vallejo,CA,2023,120747,CA0480700,Vallejo,122419,1.014,12,converted,full,976,5131,19,8.083,42.494,15.74,
207608,Vallejo,CA,2024,123564,CA0480700,Vallejo,121795,0.986,12,converted,full,921,4894,25,7.454,39.607,20.23,
161252,Victorville,CA,2012,122225,,,,,,,missing,,,,,,,
161252,Victorville,CA,2013,122225,,,,,,,missing,,,,,,,
161252,Victorville,CA,2014,122225,,,,,,,missing,,,,,,,
161252,Victorville,CA,2015,124982,,,,,,,missing,,,,,,,
161252,Victorville,CA,2016,122225,,,,,,,missing,,,,,,,
161252,Victorville,CA,2017,122225,,,,,,,missing,,,,,,,
161252,Victorville,CA,2018,122225,,,,,,,missing,,,,,,,
161252,Victorville,CA,2019,122441,,,,,,,missing,,,,,,,
161252,Victorville,CA,2020,122385,,,,,,,missing,,,,,,,
161252,Victorville,CA,2021,122385,,,,,,,missing,,,,,,,
161252,Victorville,CA,2022,124982,,,,,,,missing,,,,,,,
161252,Victorville,CA,2023,135950,,,,,,,missing,,,,,,,
161252,Victorville,CA,2024,137221,,,,,,,missing,,,,,,,
123165,Visalia,CA,2012,130104,CA0540700,Visalia,127604,0.981,12,SRS,full,544,5531,5,4.181,42.512,3.84,
123165,Visalia,CA,2013,130104,CA0540700,Visalia,127824,0.982,12,SRS,full,500,4853,8,3.843,37.301,6.15,
123165,Visalia,CA,2014,130104,CA0540700,Visalia,128488,0.988,12,SRS,full,484,3796,10,3.72,29.177,7.69,
123165,Visalia,CA,2015,135007,CA0540700,Visalia,130405,0.966,12,SRS,full,608,3995,6,4.503,29.591,4.44,
123165,Visalia,CA,2016,130104,CA0540700,Visalia,131186,1.008,12,SRS,full,480,4196,8,3.689,32.251,6.15,
123165,Visalia,CA,2017,130104,CA0540700,Visalia,132143,1.016,12,SRS,full,457,4396,9,3.513,33.788,6.92,
123165,Visalia,CA,2018,130104,CA0540700,Visalia,134224,1.032,12,SRS,full,450,3978,3,3.459,30.576,2.31,
123165,Visalia,CA,2019,133010,CA0540700,Visalia,134961,1.015,12,SRS,full,586,3900,4,4.406,29.321,3.01,
123165,Visalia,CA,2020,134605,CA0540700,Visalia,135733,1.008,12,SRS,full,555,3077,8,4.123,22.859,5.94,
123165,Visalia,CA,2021,134605,CA0540700,Visalia,,,,,missing,,,,,,,
123165,Visalia,CA,2022,135007,CA0540700,Visalia,144137,1.068,12,converted,full,715,3430,9,5.296,25.406,6.67,
123165,Visalia,CA,2023,142978,CA0540700,Visalia,145031,1.014,12,converted,full,663,3496,16,4.637,24.451,11.19,
123165,Visalia,CA,2024,143966,CA0540700,Visalia,146090,1.015,12,converted,full,649,3137,7,4.508,21.79,4.86,
211981,Vista,CA,2012,100890,,,,,,,missing,,,,,,,
211981,Vista,CA,2013,100890,,,,,,,missing,,,,,,,
211981,Vista,CA,2014,100890,,,,,,,missing,,,,,,,
211981,Vista,CA,2015,100636,,,,,,,missing,,,,,,,
211981,Vista,CA,2016,100890,,,,,,,missing,,,,,,,
211981,Vista,CA,2017,100890,,,,,,,missing,,,,,,,
211981,Vista,CA,2018,100890,,,,,,,missing,,,,,,,
211981,Vista,CA,2019,100636,,,,,,,missing,,,,,,,
211981,Vista,CA,2020,100636,,,,,,,missing,,,,,,,
211981,Vista,CA,2021,100636,,,,,,,missing,,,,,,,
211981,Vista,CA,2022,100636,,,,,,,missing,,,,,,,
211981,Vista,CA,2023,100636,,,,,,,missing,,,,,,,
211981,Vista,CA,2024,100636,,,,,,,missing,,,,,,,
100689,West Covina,CA,2012,108484,CA0197500,West Covina,107861,0.994,12,SRS,full,281,3224,2,2.59,29.719,1.84,
100689,West Covina,CA,2013,108484,CA0197500,West Covina,107867,0.994,12,SRS,full,231,3370,1,2.129,31.064,0.92,
100689,West Covina,CA,2014,108484,CA0197500,West Covina,108136,0.997,12,SRS,full,225,2832,1,2.074,26.105,0.92,
100689,West Covina,CA,2015,103656,CA0197500,West Covina,109030,1.052,12,SRS,full,263,2982,2,2.537,28.768,1.93,
100689,West Covina,CA,2016,108484,CA0197500,West Covina,108950,1.004,12,SRS,full,265,2811,4,2.443,25.912,3.69,
100689,West Covina,CA,2017,108484,CA0197500,West Covina,108128,0.997,12,SRS,full,275,2733,0,2.535,25.193,0.0,
100689,West Covina,CA,2018,108484,CA0197500,West Covina,107806,0.994,12,SRS,full,292,2513,1,2.692,23.165,0.92,
100689,West Covina,CA,2019,103656,CA0197500,West Covina,106335,1.026,12,SRS,full,260,2369,6,2.508,22.854,5.79,
100689,West Covina,CA,2020,103656,CA0197500,West Covina,104989,1.013,12,SRS,full,206,2212,1,1.987,21.34,0.96,
100689,West Covina,CA,2021,103656,CA0197500,West Covina,103417,0.998,12,converted,full,272,1610,4,2.624,15.532,3.86,
100689,West Covina,CA,2022,103656,CA0197500,West Covina,104739,1.01,12,converted,full,431,2428,3,4.158,23.424,2.89,
100689,West Covina,CA,2023,103656,CA0197500,West Covina,103014,0.994,12,converted,full,361,2433,1,3.483,23.472,0.96,
100689,West Covina,CA,2024,103656,CA0197500,West Covina,104467,1.008,12,converted,full,266,2208,3,2.566,21.301,2.89,
161374,Arvada,CO,2012,115368,CO0300100,Arvada,109029,0.945,12,SRS,full,160,2615,2,1.387,22.667,1.73,
161374,Arvada,CO,2013,115368,CO0300100,Arvada,110792,0.96,12,SRS,full,162,2670,1,1.404,23.143,0.87,
161374,Arvada,CO,2014,115368,CO0300100,Arvada,113008,0.98,12,SRS,full,169,2666,1,1.465,23.109,0.87,
161374,Arvada,CO,2015,115368,CO0300100,Arvada,115379,1.0,12,SRS,full,156,2951,2,1.352,25.579,1.73,
161374,Arvada,CO,2016,115368,CO0300100,Arvada,117186,1.016,12,SRS,full,203,2905,1,1.76,25.18,0.87,
161374,Arvada,CO,2017,115368,CO0300100,Arvada,119346,1.034,12,SRS,full,202,3330,0,1.751,28.864,0.0,
161374,Arvada,CO,2018,115368,CO0300100,Arvada,120631,1.046,12,SRS,full,282,3568,0,2.444,30.927,0.0,
161374,Arvada,CO,2019,115368,CO0300100,Arvada,122312,1.06,12,SRS,full,284,3764,1,2.462,32.626,0.87,
161374,Arvada,CO,2020,121936,CO0300100,Arvada,122983,1.009,12,SRS,full,291,3920,6,2.386,32.148,4.92,
161374,Arvada,CO,2021,121936,CO0300100,Arvada,123548,1.013,12,converted,full,356,4309,4,2.92,35.338,3.28,
161374,Arvada,CO,2022,121936,CO0300100,Arvada,122403,1.004,12,converted,full,324,3738,1,2.657,30.655,0.82,
161374,Arvada,CO,2023,121936,CO0300100,Arvada,120200,0.986,12,converted,full,263,3160,1,2.157,25.915,0.82,
161374,Arvada,CO,2024,121581,CO0300100,Arvada,120456,0.991,12,converted,full,352,3016,0,2.895,24.807,0.0,
194644,Aurora,CO,2012,359407,CO0010100,Aurora,336952,0.938,12,SRS,full,1412,10062,29,3.929,27.996,8.07,
194644,Aurora,CO,2013,359407,CO0010100,Aurora,343484,0.956,12,SRS,full,1429,10779,20,3.976,29.991,5.56,
194644,Aurora,CO,2014,359407,CO0010100,Aurora,350948,0.976,12,SRS,full,1430,9963,9,3.979,27.721,2.5,
194644,Aurora,CO,2015,359407,CO0010100,Aurora,360237,1.002,12,SRS,full,1661,10617,25,4.622,29.54,6.96,
194644,Aurora,CO,2016,359407,CO0010100,Aurora,366477,1.02,12,SRS,full,1948,11238,16,5.42,31.268,4.45,
194644,Aurora,CO,2017,359407,CO0010100,Aurora,368018,1.024,12,SRS,full,2313,11114,31,6.436,30.923,8.63,
194644,Aurora,CO,2018,359407,CO0010100,Aurora,372824,1.037,12,SRS,full,2739,11186,18,7.621,31.123,5.01,
194644,Aurora,CO,2019,366623,CO0010100,Aurora,380600,1.038,12,SRS,full,2817,11064,28,7.684,30.178,7.64,
194644,Aurora,CO,2020,379289,CO0010100,Aurora,385720,1.017,12,SRS,full,3521,12967,43,9.283,34.188,11.34,
194644,Aurora,CO,2021,379289,CO0010100,Aurora,393897,1.039,12,converted,full,4035,15310,45,10.638,40.365,11.86,
194644,Aurora,CO,2022,387377,CO0010100,Aurora,392134,1.012,12,converted,full,4536,16838,54,11.71,43.467,13.94,break_high
194644,Aurora,CO,2023,389347,CO0010100,Aurora,396976,1.02,12,converted,full,3808,15048,41,9.78,38.649,10.53,
194644,Aurora,CO,2024,393537,CO0010100,Aurora,397852,1.011,12,converted,full,3790,13299,40,9.631,33.794,10.16,
161337,Boulder,CO,2012,107349,CO0070100,Boulder,100257,0.934,12,SRS,full,200,2936,0,1.863,27.35,0.0,
161337,Boulder,CO,2013,107349,CO0070100,Boulder,102828,0.958,12,SRS,full,218,2949,0,2.031,27.471,0.0,
161337,Boulder,CO,2014,107349,CO0070100,Boulder,104284,0.971,12,SRS,full,245,2780,1,2.282,25.897,0.93,
161337,Boulder,CO,2015,107349,CO0070100,Boulder,106823,0.995,12,SRS,full,225,2825,2,2.096,26.316,1.86,
161337,Boulder,CO,2016,107349,CO0070100,Boulder,109189,1.017,12,SRS,full,260,3176,0,2.422,29.586,0.0,
161337,Boulder,CO,2017,107349,CO0070100,Boulder,109722,1.022,12,SRS,full,170,1813,3,1.584,16.889,2.79,
161337,Boulder,CO,2018,107349,CO0070100,Boulder,108380,1.01,12,SRS,full,293,3693,0,2.729,34.402,0.0,
161337,Boulder,CO,2019,107125,CO0070100,Boulder,108519,1.013,12,SRS,full,283,3319,1,2.642,30.982,0.93,
161337,Boulder,CO,2020,105673,CO0070100,Boulder,106598,1.009,12,SRS,full,347,4045,2,3.284,38.278,1.89,
161337,Boulder,CO,2021,105673,CO0070100,Boulder,108698,1.029,12,converted,full,424,3763,3,4.012,35.61,2.84,
161337,Boulder,CO,2022,107645,CO0070100,Boulder,103099,0.958,12,converted,full,391,3116,7,3.632,28.947,6.5,
161337,Boulder,CO,2023,104175,CO0070100,Boulder,104232,1.001,12,converted,full,374,3243,3,3.59,31.13,2.88,
161337,Boulder,CO,2024,105485,CO0070100,Boulder,105195,0.997,12,converted,full,342,2901,0,3.242,27.502,0.0,
212209,Centennial,CO,2012,109741,CO0031100,Centennial,104022,0.948,12,SRS,full,157,1439,1,1.431,13.113,0.91,
212209,Centennial,CO,2013,109741,CO0031100,Centennial,104771,0.955,12,SRS,full,141,1194,6,1.285,10.88,5.47,
212209,Centennial,CO,2014,109741,CO0031100,Centennial,107485,0.979,12,SRS,full,142,1298,0,1.294,11.828,0.0,
212209,Centennial,CO,2015,110156,CO0031100,Centennial,108846,0.988,12,SRS,full,137,1303,1,1.244,11.829,0.91,
212209,Centennial,CO,2016,109741,CO0031100,Centennial,111479,1.016,12,SRS,full,165,1403,1,1.504,12.785,0.91,
212209,Centennial,CO,2017,109741,CO0031100,Centennial,111416,1.015,12,SRS,full,124,1615,4,1.13,14.716,3.64,
212209,Centennial,CO,2018,109741,CO0031100,Centennial,111646,1.017,12,SRS,full,212,2034,2,1.932,18.535,1.82,
212209,Centennial,CO,2019,110250,CO0031100,Centennial,112129,1.017,12,SRS,full,184,1841,2,1.669,16.698,1.81,
212209,Centennial,CO,2020,110937,CO0031100,Centennial,112104,1.011,12,SRS,full,169,2088,1,1.523,18.821,0.9,
212209,Centennial,CO,2021,110937,CO0031100,Centennial,111199,1.002,12,converted,full,210,2269,6,1.893,20.453,5.41,
212209,Centennial,CO,2022,110156,CO0031100,Centennial,105849,0.961,12,converted,full,253,2506,1,2.297,22.75,0.91,
212209,Centennial,CO,2023,106966,CO0031100,Centennial,104724,0.979,12,converted,full,281,2120,1,2.627,19.819,0.93,
212209,Centennial,CO,2024,105865,CO0031100,Centennial,106454,1.006,12,converted,full,206,1839,0,1.946,17.371,0.0,
161362,Colorado Springs,CO,2012,456568,CO0210100,Colorado Springs,432287,0.947,12,SRS,full,1965,17893,18,4.304,39.19,3.94,
161362,Colorado Springs,CO,2013,456568,CO0210100,Colorado Springs,436108,0.955,12,SRS,full,1872,18172,26,4.1,39.801,5.69,
161362,Colorado Springs,CO,2014,456568,CO0210100,Colorado Springs,444949,0.975,12,SRS,full,2027,16321,20,4.44,35.747,4.38,
161362,Colorado Springs,CO,2015,456568,CO0210100,Colorado Springs,452410,0.991,12,SRS,full,1980,16510,22,4.337,36.161,4.82,
161362,Colorado Springs,CO,2016,456568,CO0210100,Colorado Springs,464113,1.017,12,SRS,full,2304,16518,23,5.046,36.179,5.04,
161362,Colorado Springs,CO,2017,456568,CO0210100,Colorado Springs,472958,1.036,12,SRS,full,2550,15233,29,5.585,33.364,6.35,
161362,Colorado Springs,CO,2018,456568,CO0210100,Colorado Springs,471124,1.032,12,SRS,full,2800,16212,33,6.133,35.508,7.23,
161362,Colorado Springs,CO,2019,464474,CO0210100,Colorado Springs,479648,1.033,12,SRS,full,2789,17649,20,6.005,37.998,4.31,
161362,Colorado Springs,CO,2020,478221,CO0210100,Colorado Springs,485083,1.014,12,SRS,full,2961,16398,32,6.192,34.29,6.69,
161362,Colorado Springs,CO,2021,478221,CO0210100,Colorado Springs,488747,1.022,12,converted,full,2950,16367,38,6.169,34.225,7.95,
161362,Colorado Springs,CO,2022,482131,CO0210100,Colorado Springs,487728,1.012,12,converted,full,3146,16600,49,6.525,34.43,10.16,
161362,Colorado Springs,CO,2023,483956,CO0210100,Colorado Springs,489254,1.011,12,converted,full,3408,18098,21,7.042,37.396,4.34,
161362,Colorado Springs,CO,2024,486248,CO0210100,Colorado Springs,491474,1.011,12,converted,full,3543,16987,33,7.286,34.935,6.79,
194647,Denver And County,CO,2012,682545,CODPD0000,Denver,628545,0.921,12,SRS,full,3885,23346,39,5.692,34.204,5.71,
194647,Denver And County,CO,2013,682545,CODPD0000,Denver,648981,0.951,12,SRS,full,4093,23755,41,5.997,34.804,6.01,
194647,Denver And County,CO,2014,682545,CODPD0000,Denver,665353,0.975,12,SRS,full,4002,22405,31,5.863,32.826,4.54,
194647,Denver And County,CO,2015,682545,CODPD0000,Denver,682418,1.0,12,SRS,full,4399,24181,53,6.445,35.428,7.77,
194647,Denver And County,CO,2016,682545,CODPD0000,Denver,699259,1.024,12,SRS,full,4602,25164,56,6.742,36.868,8.2,
194647,Denver And County,CO,2017,682545,CODPD0000,Denver,706616,1.035,12,SRS,full,4840,25988,58,7.091,38.075,8.5,
194647,Denver And County,CO,2018,682545,CODPD0000,Denver,720745,1.056,12,SRS,full,5313,26760,65,7.784,39.206,9.52,
194647,Denver And County,CO,2019,704621,CODPD0000,Denver,728941,1.035,12,SRS,full,5516,27355,66,7.828,38.822,9.37,
194647,Denver And County,CO,2020,727211,CODPD0000,Denver,737709,1.014,12,SRS,full,6397,34383,95,8.797,47.281,13.06,
194647,Denver And County,CO,2021,727211,CODPD0000,Denver,740209,1.018,12,converted,full,6933,42864,100,9.534,58.943,13.75,
194647,Denver And County,CO,2022,735538,CODPD0000,Denver,705264,0.959,12,converted,full,7587,45391,90,10.315,61.711,12.24,
194647,Denver And County,CO,2023,711463,CODPD0000,Denver,712222,1.001,12,converted,full,7315,41034,87,10.282,57.676,12.23,
194647,Denver And County,CO,2024,713252,CODPD0000,Denver,722031,1.012,12,converted,full,7204,34398,71,10.1,48.227,9.95,
101409,Fort Collins,CO,2012,161175,CO0350300,Fort Collins,148792,0.923,12,SRS,full,393,4122,2,2.438,25.575,1.24,
101409,Fort Collins,CO,2013,161175,CO0350300,Fort Collins,150066,0.931,12,SRS,full,357,3805,0,2.215,23.608,0.0,
101409,Fort Collins,CO,2014,161175,CO0350300,Fort Collins,154015,0.956,12,SRS,full,322,3782,1,1.998,23.465,0.62,
101409,Fort Collins,CO,2015,161175,CO0350300,Fort Collins,159629,0.99,12,SRS,full,310,4031,2,1.923,25.01,1.24,
101409,Fort Collins,CO,2016,161175,CO0350300,Fort Collins,164670,1.022,12,SRS,full,344,4047,5,2.134,25.109,3.1,
101409,Fort Collins,CO,2017,161175,CO0350300,Fort Collins,167633,1.04,12,SRS,full,374,4269,6,2.32,26.487,3.72,
101409,Fort Collins,CO,2018,161175,CO0350300,Fort Collins,168163,1.043,12,SRS,full,388,3700,3,2.407,22.956,1.86,
101409,Fort Collins,CO,2019,165080,CO0350300,Fort Collins,170889,1.035,12,SRS,full,378,3727,1,2.29,22.577,0.61,
101409,Fort Collins,CO,2020,170243,CO0350300,Fort Collins,173274,1.018,12,SRS,full,458,3711,2,2.69,21.798,1.17,
101409,Fort Collins,CO,2021,170243,CO0350300,Fort Collins,170744,1.003,12,converted,full,526,3540,3,3.09,20.794,1.76,
101409,Fort Collins,CO,2022,168234,CO0350300,Fort Collins,168045,0.999,12,converted,full,551,4399,2,3.275,26.148,1.19,
101409,Fort Collins,CO,2023,168538,CO0350300,Fort Collins,168886,1.002,12,converted,full,505,4139,1,2.996,24.558,0.59,
101409,Fort Collins,CO,2024,169249,CO0350300,Fort Collins,170509,1.007,12,converted,full,473,3689,3,2.795,21.796,1.77,
207635,Greeley,CO,2012,100883,CO0620200,Greeley,96276,0.954,12,SRS,full,427,3248,1,4.233,32.196,0.99,
207635,Greeley,CO,2013,100883,CO0620200,Greeley,96111,0.953,12,SRS,full,490,3231,1,4.857,32.027,0.99,
207635,Greeley,CO,2014,100883,CO0620200,Greeley,97406,0.966,12,SRS,full,483,3297,1,4.788,32.681,0.99,
207635,Greeley,CO,2015,100883,CO0620200,Greeley,99993,0.991,12,SRS,full,460,2631,2,4.56,26.08,1.98,
207635,Greeley,CO,2016,100883,CO0620200,Greeley,102491,1.016,12,SRS,full,469,3276,3,4.649,32.473,2.97,
207635,Greeley,CO,2017,100883,CO0620200,Greeley,105906,1.05,12,SRS,full,451,2717,5,4.471,26.932,4.96,
207635,Greeley,CO,2018,100883,CO0620200,Greeley,107325,1.064,12,SRS,full,430,2746,2,4.262,27.22,1.98,
207635,Greeley,CO,2019,105448,CO0620200,Greeley,109255,1.036,12,SRS,full,392,2545,2,3.717,24.135,1.9,
207635,Greeley,CO,2020,108649,CO0620200,Greeley,110505,1.017,12,SRS,full,473,2725,9,4.353,25.081,8.28,
207635,Greeley,CO,2021,108649,CO0620200,Greeley,110660,1.019,12,converted,full,599,3058,9,5.513,28.146,8.28,
207635,Greeley,CO,2022,108958,CO0620200,Greeley,109258,1.003,12,converted,full,758,4145,11,6.957,38.042,10.1,
207635,Greeley,CO,2023,109323,CO0620200,Greeley,109183,0.999,12,converted,full,817,3695,5,7.473,33.799,4.57,break_high
207635,Greeley,CO,2024,109209,CO0620200,Greeley,113757,1.042,12,converted,full,766,3440,6,7.014,31.499,5.49,
161376,Lakewood,CO,2012,152597,CO0300400,Lakewood,146404,0.959,12,SRS,full,675,6706,2,4.423,43.946,1.31,
161376,Lakewood,CO,2013,152597,CO0300400,Lakewood,146298,0.959,12,SRS,full,624,6887,6,4.089,45.132,3.93,
161376,Lakewood,CO,2014,152597,CO0300400,Lakewood,148236,0.971,12,SRS,full,713,6845,5,4.672,44.857,3.28,
161376,Lakewood,CO,2015,152597,CO0300400,Lakewood,151311,0.992,12,SRS,full,859,7584,6,5.629,49.7,3.93,
161376,Lakewood,CO,2016,152597,CO0300400,Lakewood,154553,1.013,12,SRS,full,875,8454,4,5.734,55.401,2.62,
161376,Lakewood,CO,2017,152597,CO0300400,Lakewood,156344,1.025,12,SRS,full,1015,7609,5,6.652,49.863,3.28,
161376,Lakewood,CO,2018,152597,CO0300400,Lakewood,156779,1.027,12,SRS,full,1036,7846,3,6.789,51.416,1.97,
161376,Lakewood,CO,2019,154958,CO0300400,Lakewood,158645,1.024,12,SRS,full,842,7116,13,5.434,45.922,8.39,
161376,Lakewood,CO,2020,157935,CO0300400,Lakewood,159719,1.011,12,SRS,full,930,8105,8,5.888,51.319,5.07,
161376,Lakewood,CO,2021,157935,CO0300400,Lakewood,158977,1.007,12,converted,full,1103,8609,12,6.984,54.51,7.6,
161376,Lakewood,CO,2022,157429,CO0300400,Lakewood,157068,0.998,12,converted,full,1296,8399,12,8.232,53.351,7.62,
161376,Lakewood,CO,2023,156605,CO0300400,Lakewood,156065,0.997,12,converted,full,1144,7306,14,7.305,46.652,8.94,
161376,Lakewood,CO,2024,156120,CO0300400,Lakewood,155868,0.998,12,converted,full,1241,8020,4,7.949,51.371,2.56,
194651,Longmont,CO,2012,92088,CO0070400,Longmont,88925,0.966,12,SRS,full,189,2177,0,2.052,23.64,0.0,
194651,Longmont,CO,2013,92088,CO0070400,Longmont,89434,0.971,12,SRS,full,229,2013,0,2.487,21.86,0.0,
194651,Longmont,CO,2014,92088,CO0070400,Longmont,90813,0.986,12,SRS,full,312,2064,3,3.388,22.413,3.26,
194651,Longmont,CO,2015,92088,CO0070400,Longmont,91222,0.991,12,SRS,full,250,2117,1,2.715,22.989,1.09,
194651,Longmont,CO,2016,92088,CO0070400,Longmont,93268,1.013,12,SRS,full,295,2303,0,3.203,25.009,0.0,
194651,Longmont,CO,2017,92088,CO0070400,Longmont,93979,1.021,12,SRS,full,326,2318,1,3.54,25.172,1.09,
194651,Longmont,CO,2018,92088,CO0070400,Longmont,95534,1.037,12,SRS,full,413,2592,1,4.485,28.147,1.09,
194651,Longmont,CO,2019,94341,CO0070400,Longmont,97928,1.038,12,SRS,full,392,2556,1,4.155,27.093,1.06,
194651,Longmont,CO,2020,97261,CO0070400,Longmont,98545,1.013,12,SRS,full,400,2739,2,4.113,28.161,2.06,
194651,Longmont,CO,2021,97261,CO0070400,Longmont,99714,1.025,12,converted,full,474,2700,2,4.873,27.76,2.06,
194651,Longmont,CO,2022,98445,CO0070400,Longmont,101159,1.028,12,converted,full,451,2907,9,4.581,29.529,9.14,
194651,Longmont,CO,2023,100758,CO0070400,Longmont,98444,0.977,12,converted,full,497,2739,7,4.933,27.184,6.95,
194651,Longmont,CO,2024,98687,CO0070400,Longmont,98446,0.998,12,converted,full,462,2578,4,4.681,26.123,4.05,
194654,Pueblo,CO,2012,109412,CO0510100,Pueblo,109065,0.997,12,SRS,full,797,7051,8,7.284,64.444,7.31,
194654,Pueblo,CO,2013,109412,CO0510100,Pueblo,108062,0.988,12,SRS,full,1004,7610,2,9.176,69.554,1.83,
194654,Pueblo,CO,2014,109412,CO0510100,Pueblo,108591,0.992,12,SRS,full,889,7091,10,8.125,64.81,9.14,
194654,Pueblo,CO,2015,109412,CO0510100,Pueblo,108810,0.994,12,SRS,full,988,7289,11,9.03,66.62,10.05,
194654,Pueblo,CO,2016,109412,CO0510100,Pueblo,109927,1.005,12,SRS,full,1085,7487,8,9.917,68.429,7.31,
194654,Pueblo,CO,2017,109412,CO0510100,Pueblo,110872,1.013,12,SRS,full,1181,6874,10,10.794,62.827,9.14,
194654,Pueblo,CO,2018,109412,CO0510100,Pueblo,111756,1.021,12,SRS,full,1137,6307,8,10.392,57.644,7.31,
194654,Pueblo,CO,2019,111127,CO0510100,Pueblo,112381,1.011,12,SRS,full,1062,5078,10,9.557,45.695,9.0,
194654,Pueblo,CO,2020,112361,CO0510100,Pueblo,113002,1.006,12,SRS,full,1196,5293,16,10.644,47.107,14.24,
194654,Pueblo,CO,2021,112361,CO0510100,Pueblo,113371,1.009,12,converted,full,1428,6497,28,12.709,57.823,24.92,
194654,Pueblo,CO,2022,112751,CO0510100,Pueblo,112618,0.999,12,converted,full,1831,7237,29,16.239,64.186,25.72,
194654,Pueblo,CO,2023,112368,CO0510100,Pueblo,111240,0.99,12,converted,full,1644,6372,26,14.63,56.707,23.14,
194654,Pueblo,CO,2024,111456,CO0510100,Pueblo,110805,0.994,12,converted,full,1583,5480,20,14.203,49.167,17.94,
161328,Thornton,CO,2012,133451,CO0010400,Thornton,123115,0.923,12,SRS,full,336,3269,1,2.518,24.496,0.75,
161328,Thornton,CO,2013,133451,CO0010400,Thornton,125775,0.942,12,SRS,full,316,3336,5,2.368,24.998,3.75,
161328,Thornton,CO,2014,133451,CO0010400,Thornton,129442,0.97,12,SRS,full,330,3760,6,2.473,28.175,4.5,
161328,Thornton,CO,2015,133451,CO0010400,Thornton,133188,0.998,12,SRS,full,332,3114,4,2.488,23.334,3.0,
161328,Thornton,CO,2016,133451,CO0010400,Thornton,136451,1.022,12,SRS,full,477,4309,5,3.574,32.289,3.75,
161328,Thornton,CO,2017,133451,CO0010400,Thornton,139825,1.048,12,SRS,full,497,4601,5,3.724,34.477,3.75,
161328,Thornton,CO,2018,133451,CO0010400,Thornton,139697,1.047,12,SRS,full,420,4746,5,3.147,35.564,3.75,
161328,Thornton,CO,2019,136978,CO0010400,Thornton,142168,1.038,12,SRS,full,420,4329,1,3.066,31.604,0.73,
161328,Thornton,CO,2020,141464,CO0010400,Thornton,144156,1.019,12,SRS,full,445,4580,6,3.146,32.376,4.24,
161328,Thornton,CO,2021,141464,CO0010400,Thornton,151324,1.07,12,converted,full,466,5006,5,3.294,35.387,3.53,
161328,Thornton,CO,2022,148113,CO0010400,Thornton,143055,0.966,12,converted,full,417,5009,3,2.815,33.819,2.03,
161328,Thornton,CO,2023,142610,CO0010400,Thornton,143838,1.009,12,converted,full,416,4338,5,2.917,30.419,3.51,
161328,Thornton,CO,2024,143282,CO0010400,Thornton,145847,1.018,12,converted,full,414,4171,2,2.889,29.11,1.4,
211654,Westminster,CO,2012,113130,CO0010500,Westminster,109461,0.968,12,SRS,full,285,2845,2,2.519,25.148,1.77,
211654,Westminster,CO,2013,113130,CO0010500,Westminster,110093,0.973,12,SRS,full,216,3012,2,1.909,26.624,1.77,
211654,Westminster,CO,2014,113130,CO0010500,Westminster,112100,0.991,12,SRS,full,262,3266,4,2.316,28.869,3.54,
211654,Westminster,CO,2015,113130,CO0010500,Westminster,113547,1.004,12,SRS,full,277,3810,1,2.449,33.678,0.88,
211654,Westminster,CO,2016,113130,CO0010500,Westminster,114514,1.012,12,SRS,full,273,4027,4,2.413,35.596,3.54,
211654,Westminster,CO,2017,113130,CO0010500,Westminster,115155,1.018,12,SRS,full,288,3735,4,2.546,33.015,3.54,
211654,Westminster,CO,2018,113130,CO0010500,Westminster,113751,1.005,12,SRS,full,338,3685,10,2.988,32.573,8.84,
211654,Westminster,CO,2019,112812,CO0010500,Westminster,114392,1.014,12,SRS,full,326,3729,2,2.89,33.055,1.77,
211654,Westminster,CO,2020,113166,CO0010500,Westminster,113941,1.007,12,SRS,full,345,4080,9,3.049,36.053,7.95,
211654,Westminster,CO,2021,113166,CO0010500,Westminster,115942,1.025,12,converted,full,473,5222,12,4.18,46.145,10.6,
211654,Westminster,CO,2022,115046,CO0010500,Westminster,112844,0.981,12,converted,full,389,5075,2,3.381,44.113,1.74,
211654,Westminster,CO,2023,114561,CO0010500,Westminster,113660,0.992,12,converted,full,391,4133,8,3.413,36.077,6.98,
211654,Westminster,CO,2024,114533,CO0010500,Westminster,114310,0.998,12,converted,full,354,4079,6,3.091,35.614,5.24,
124038,Bridgeport,CT,2012,147629,CT0001500,Bridgeport,146030,0.989,12,SRS,full,1760,5153,22,11.922,34.905,14.9,
124038,Bridgeport,CT,2013,147629,CT0001500,Bridgeport,147076,0.996,12,SRS,full,1397,4464,11,9.463,30.238,7.45,
124038,Bridgeport,CT,2014,147629,CT0001500,Bridgeport,147822,1.001,12,SRS,full,1338,4285,11,9.063,29.025,7.45,
124038,Bridgeport,CT,2015,147629,CT0001500,Bridgeport,148313,1.005,12,SRS,full,996,3496,19,6.747,23.681,12.87,
124038,Bridgeport,CT,2016,147629,CT0001500,Bridgeport,148180,1.004,12,SRS,full,1115,3258,10,7.553,22.069,6.77,
124038,Bridgeport,CT,2017,147629,CT0001500,Bridgeport,146110,0.99,12,SRS,full,1315,3416,21,8.907,23.139,14.22,
124038,Bridgeport,CT,2018,147629,CT0001500,Bridgeport,146819,0.995,12,SRS,full,974,2829,11,6.598,19.163,7.45,
124038,Bridgeport,CT,2019,146579,CT0001500,Bridgeport,144908,0.989,12,SRS,full,847,2466,17,5.778,16.824,11.6,
124038,Bridgeport,CT,2020,144399,CT0001500,Bridgeport,144350,1.0,12,SRS,full,834,2519,25,5.776,17.445,17.31,
124038,Bridgeport,CT,2021,144399,CT0001500,Bridgeport,143394,0.993,12,converted,full,811,2181,20,5.616,15.104,13.85,
124038,Bridgeport,CT,2022,143525,CT0001500,Bridgeport,148395,1.034,12,converted,full,613,1850,15,4.271,12.89,10.45,
124038,Bridgeport,CT,2023,148333,CT0001500,Bridgeport,148483,1.001,12,converted,full,600,2106,18,4.045,14.198,12.13,
124038,Bridgeport,CT,2024,148377,CT0001500,Bridgeport,148132,0.998,12,converted,full,594,2190,12,4.003,14.76,8.09,break_low
161441,Hartford,CT,2012,124006,CT0006400,Hartford,125203,1.01,12,SRS,full,1655,5319,23,13.346,42.893,18.55,
161441,Hartford,CT,2013,124006,CT0006400,Hartford,124927,1.007,12,SRS,full,1473,5036,23,11.878,40.611,18.55,
161441,Hartford,CT,2014,124006,CT0006400,Hartford,124943,1.008,12,SRS,full,1380,5280,19,11.128,42.579,15.32,
161441,Hartford,CT,2015,124006,CT0006400,Hartford,124553,1.004,12,SRS,full,1421,5468,32,11.459,44.095,25.81,
161441,Hartford,CT,2016,124006,CT0006400,Hartford,123736,0.998,12,SRS,full,1353,5197,14,10.911,41.909,11.29,
161441,Hartford,CT,2017,124006,CT0006400,Hartford,122891,0.991,12,SRS,full,1343,4907,29,10.83,39.571,23.39,
161441,Hartford,CT,2018,124006,CT0006400,Hartford,123117,0.993,12,SRS,full,1313,4435,21,10.588,35.764,16.93,
161441,Hartford,CT,2019,123400,CT0006400,Hartford,122245,0.991,12,SRS,full,1049,3424,21,8.501,27.747,17.02,
161441,Hartford,CT,2020,122105,CT0006400,Hartford,121749,0.997,12,SRS,full,1208,3787,23,9.893,31.014,18.84,
161441,Hartford,CT,2021,122105,CT0006400,Hartford,121160,0.992,12,converted,full,926,3998,41,7.584,32.742,33.58,
161441,Hartford,CT,2022,121535,CT0006400,Hartford,120196,0.989,12,converted,full,731,3152,40,6.015,25.935,32.91,break_low
161441,Hartford,CT,2023,120576,CT0006400,Hartford,120710,1.001,12,converted,full,706,3438,37,5.855,28.513,30.69,break_low
161441,Hartford,CT,2024,120686,CT0006400,Hartford,119626,0.991,12,converted,full,630,3497,22,5.22,28.976,18.23,break_low
161447,New Haven,CT,2012,130322,CT0009300,New Haven,129934,0.997,12,SRS,full,1881,6607,17,14.433,50.698,13.04,
161447,New Haven,CT,2013,130322,CT0009300,New Haven,131071,1.006,12,SRS,full,1697,6169,20,13.022,47.337,15.35,
161447,New Haven,CT,2014,130322,CT0009300,New Haven,130882,1.004,12,SRS,full,1425,5228,13,10.934,40.116,9.98,
161447,New Haven,CT,2015,130322,CT0009300,New Haven,130403,1.001,12,SRS,full,1227,5257,15,9.415,40.339,11.51,
161447,New Haven,CT,2016,130322,CT0009300,New Haven,130425,1.001,12,SRS,full,1223,5494,13,9.384,42.157,9.98,
161447,New Haven,CT,2017,130322,CT0009300,New Haven,129953,0.997,12,SRS,full,1101,5220,7,8.448,40.055,5.37,
161447,New Haven,CT,2018,130322,CT0009300,New Haven,131181,1.007,12,SRS,full,1114,5148,10,8.548,39.502,7.67,
161447,New Haven,CT,2019,131014,CT0009300,New Haven,130494,0.996,12,SRS,full,1168,4963,13,8.915,37.881,9.92,
161447,New Haven,CT,2020,130250,CT0009300,New Haven,130299,1.0,12,SRS,full,930,4602,21,7.14,35.332,16.12,
161447,New Haven,CT,2021,130250,CT0009300,New Haven,130903,1.005,12,converted,full,827,4279,26,6.349,32.852,19.96,
161447,New Haven,CT,2022,130801,CT0009300,New Haven,136205,1.041,12,converted,full,780,4235,15,5.963,32.377,11.47,
161447,New Haven,CT,2023,135081,CT0009300,New Haven,141481,1.047,12,converted,full,785,5234,22,5.811,38.747,16.29,
161447,New Haven,CT,2024,138915,CT0009300,New Haven,137243,0.988,12,converted,full,736,4929,14,5.298,35.482,10.08,
225767,Stamford,CT,2012,128874,CT0013500,Stamford,124201,0.964,12,SRS,full,351,1946,5,2.724,15.1,3.88,
225767,Stamford,CT,2013,128874,CT0013500,Stamford,125876,0.977,12,SRS,full,337,1947,1,2.615,15.108,0.78,
225767,Stamford,CT,2014,128874,CT0013500,Stamford,127385,0.988,12,SRS,full,310,2063,2,2.405,16.008,1.55,
225767,Stamford,CT,2015,128874,CT0013500,Stamford,129682,1.006,12,SRS,full,290,1892,3,2.25,14.681,2.33,
225767,Stamford,CT,2016,128874,CT0013500,Stamford,130116,1.01,12,SRS,full,354,2087,2,2.747,16.194,1.55,
225767,Stamford,CT,2017,128874,CT0013500,Stamford,130189,1.01,12,SRS,full,285,1999,0,2.211,15.511,0.0,
225767,Stamford,CT,2018,128874,CT0013500,Stamford,132007,1.024,12,SRS,full,230,2138,4,1.785,16.59,3.1,
225767,Stamford,CT,2019,130824,CT0013500,Stamford,130678,0.999,12,SRS,full,262,1835,5,2.003,14.026,3.82,
225767,Stamford,CT,2020,129638,CT0013500,Stamford,130425,1.006,12,SRS,full,293,1657,9,2.26,12.782,6.94,
225767,Stamford,CT,2021,129638,CT0013500,Stamford,132292,1.02,12,converted,full,268,1770,6,2.067,13.653,4.63,
225767,Stamford,CT,2022,131397,CT0013500,Stamford,136936,1.042,12,converted,full,267,1612,2,2.032,12.268,1.52,
225767,Stamford,CT,2023,136309,CT0013500,Stamford,136512,1.001,12,converted,full,240,1599,3,1.761,11.731,2.2,
225767,Stamford,CT,2024,136188,CT0013500,Stamford,136483,1.002,12,converted,full,218,1680,1,1.601,12.336,0.73,
101696,Waterbury,CT,2012,108802,CT0015100,Waterbury,110486,1.015,12,SRS,full,328,4713,5,3.015,43.317,4.6,
101696,Waterbury,CT,2013,108802,CT0015100,Waterbury,109763,1.009,12,SRS,full,410,4636,5,3.768,42.61,4.6,
101696,Waterbury,CT,2014,108802,CT0015100,Waterbury,109495,1.006,12,SRS,full,408,4591,7,3.75,42.196,6.43,
101696,Waterbury,CT,2015,108802,CT0015100,Waterbury,109044,1.002,12,SRS,full,467,4524,4,4.292,41.58,3.68,
101696,Waterbury,CT,2016,108802,CT0015100,Waterbury,108491,0.997,12,SRS,full,553,4206,10,5.083,38.657,9.19,
101696,Waterbury,CT,2017,108802,CT0015100,Waterbury,107924,0.992,12,SRS,full,544,4137,11,5.0,38.023,10.11,
101696,Waterbury,CT,2018,108802,CT0015100,Waterbury,108378,0.996,12,SRS,full,483,4255,9,4.439,39.108,8.27,
101696,Waterbury,CT,2019,108629,CT0015100,Waterbury,107812,0.992,12,SRS,full,330,3269,5,3.038,30.093,4.6,
101696,Waterbury,CT,2020,107568,CT0015100,Waterbury,107263,0.997,12,SRS,full,404,2850,13,3.756,26.495,12.09,
101696,Waterbury,CT,2021,107568,CT0015100,Waterbury,106480,0.99,12,converted,full,369,3336,9,3.43,31.013,8.37,
101696,Waterbury,CT,2022,106826,CT0015100,Waterbury,113464,1.062,12,converted,full,450,3268,17,4.212,30.592,15.91,
101696,Waterbury,CT,2023,113811,CT0015100,Waterbury,115380,1.014,12,converted,full,466,3539,18,4.095,31.095,15.82,
101696,Waterbury,CT,2024,115016,CT0015100,Waterbury,115363,1.003,12,converted,full,378,3371,8,3.286,29.309,6.96,
124214,Washington Dc,DC,2012,672228,DCMPD0000,Washington,632323,0.941,12,SRS,full,7448,29264,88,11.08,43.533,13.09,
124214,Washington Dc,DC,2013,672228,DCMPD0000,Washington,646449,0.962,12,SRS,full,7880,29569,103,11.722,43.987,15.32,
124214,Washington Dc,DC,2014,672228,DCMPD0000,Washington,658893,0.98,12,SRS,full,7810,33027,105,11.618,49.131,15.62,
124214,Washington Dc,DC,2015,672228,DCMPD0000,Washington,672228,1.0,12,SRS,full,8084,30359,162,12.026,45.162,24.1,
124214,Washington Dc,DC,2016,672228,DCMPD0000,Washington,681170,1.013,12,SRS,full,7710,31313,135,11.469,46.581,20.08,
124214,Washington Dc,DC,2017,672228,DCMPD0000,Washington,693972,1.032,12,SRS,full,6584,28843,116,9.794,42.907,17.26,
124214,Washington Dc,DC,2018,672228,DCMPD0000,Washington,702455,1.045,12,SRS,full,6613,29993,160,9.837,44.617,23.8,
124214,Washington Dc,DC,2019,701547,DCMPD0000,Washington,705749,1.006,12,SRS,full,6896,29965,166,9.83,42.713,23.66,
124214,Washington Dc,DC,2020,705749,DCMPD0000,Washington,712816,1.01,12,SRS,full,6828,24459,198,9.675,34.657,28.06,
124214,Washington Dc,DC,2021,705749,DCMPD0000,Washington,670050,0.949,12,converted,full,2490,11414,116,3.528,16.173,16.44,break_low
124214,Washington Dc,DC,2022,712816,DCMPD0000,Washington,671803,0.942,12,converted,full,5043,23524,207,7.075,33.002,29.04,
124214,Washington Dc,DC,2023,670050,DCMPD0000,Washington,678972,1.013,12,converted,full,7149,28289,267,10.669,42.219,39.85,
124214,Washington Dc,DC,2024,671803,DCMPD0000,Washington,702250,1.045,12,converted,full,6572,25434,181,9.783,37.859,26.94,
161649,Cape Coral,FL,2012,175229,FL0360200,Cape Coral,159625,0.911,12,SRS,full,229,3521,4,1.307,20.094,2.28,
161649,Cape Coral,FL,2013,175229,FL0360200,Cape Coral,163461,0.933,12,SRS,full,197,3375,3,1.124,19.261,1.71,
161649,Cape Coral,FL,2014,175229,FL0360200,Cape Coral,168712,0.963,12,SRS,full,242,3271,4,1.381,18.667,2.28,
161649,Cape Coral,FL,2015,175229,FL0360200,Cape Coral,173844,0.992,12,SRS,full,203,3136,0,1.158,17.897,0.0,
161649,Cape Coral,FL,2016,175229,FL0360200,Cape Coral,179631,1.025,12,SRS,full,224,3081,5,1.278,17.583,2.85,
161649,Cape Coral,FL,2017,175229,FL0360200,Cape Coral,184346,1.052,12,SRS,full,235,2888,3,1.341,16.481,1.71,
161649,Cape Coral,FL,2018,175229,FL0360200,Cape Coral,187869,1.072,12,SRS,full,267,2701,3,1.524,15.414,1.71,
161649,Cape Coral,FL,2019,183365,FL0360200,Cape Coral,194183,1.059,12,SRS,full,226,2176,5,1.233,11.867,2.73,
161649,Cape Coral,FL,2020,194495,FL0360200,Cape Coral,199503,1.026,12,SRS,full,255,2130,1,1.311,10.951,0.51,
161649,Cape Coral,FL,2021,194495,FL0360200,Cape Coral,,,,,missing,,,,,,,
161649,Cape Coral,FL,2022,200972,FL0360200,Cape Coral,213074,1.06,12,converted,full,403,1968,4,2.005,9.792,1.99,
161649,Cape Coral,FL,2023,204510,FL0360200,Cape Coral,228672,1.118,12,converted,full,277,2086,2,1.354,10.2,0.98,
161649,Cape Coral,FL,2024,216992,FL0360200,Cape Coral,235076,1.083,10,converted,partial,236,1809,5,,,,
207684,Clearwater,FL,2012,113003,FL0520300,Clearwater,109255,0.967,12,SRS,full,727,4264,3,6.433,37.734,2.65,
207684,Clearwater,FL,2013,113003,FL0520300,Clearwater,108908,0.964,12,SRS,full,618,4316,4,5.469,38.194,3.54,
207684,Clearwater,FL,2014,113003,FL0520300,Clearwater,110075,0.974,12,SRS,full,641,4283,7,5.672,37.902,6.19,
207684,Clearwater,FL,2015,113003,FL0520300,Clearwater,111316,0.985,12,SRS,full,679,4356,7,6.009,38.548,6.19,
207684,Clearwater,FL,2016,113003,FL0520300,Clearwater,113904,1.008,12,SRS,full,636,3755,5,5.628,33.229,4.42,
207684,Clearwater,FL,2017,113003,FL0520300,Clearwater,115295,1.02,12,SRS,full,578,3652,3,5.115,32.318,2.65,
207684,Clearwater,FL,2018,113003,FL0520300,Clearwater,116504,1.031,12,SRS,full,510,3087,6,4.513,27.318,5.31,
207684,Clearwater,FL,2019,115513,FL0520300,Clearwater,117458,1.017,12,SRS,full,469,2810,2,4.06,24.326,1.73,
207684,Clearwater,FL,2020,116946,FL0520300,Clearwater,117859,1.008,12,SRS,full,460,2232,0,3.933,19.086,0.0,
207684,Clearwater,FL,2021,116946,FL0520300,Clearwater,,,,,missing,,,,,,,
207684,Clearwater,FL,2022,116552,FL0520300,Clearwater,116303,0.998,12,converted,full,460,2209,4,3.947,18.953,3.43,
207684,Clearwater,FL,2023,116674,FL0520300,Clearwater,116899,1.002,12,converted,full,398,2143,4,3.411,18.367,3.43,
207684,Clearwater,FL,2024,117027,FL0520300,Clearwater,116689,0.997,12,converted,full,281,1741,5,2.401,14.877,4.27,break_low
161595,Coral Springs,FL,2012,129485,FL0062800,Coral Springs,125021,0.966,12,SRS,full,229,2820,1,1.769,21.779,0.77,
161595,Coral Springs,FL,2013,129485,FL0062800,Coral Springs,126608,0.978,12,SRS,full,237,2565,0,1.83,19.809,0.0,
161595,Coral Springs,FL,2014,129485,FL0062800,Coral Springs,127939,0.988,12,SRS,full,203,2481,1,1.568,19.161,0.77,
161595,Coral Springs,FL,2015,129485,FL0062800,Coral Springs,129631,1.001,12,SRS,full,225,2485,2,1.738,19.191,1.54,
161595,Coral Springs,FL,2016,129485,FL0062800,Coral Springs,131159,1.013,12,SRS,full,209,2411,1,1.614,18.62,0.77,
161595,Coral Springs,FL,2017,129485,FL0062800,Coral Springs,131558,1.016,12,SRS,full,249,2609,0,1.923,20.149,0.0,
161595,Coral Springs,FL,2018,129485,FL0062800,Coral Springs,134640,1.04,12,SRS,full,209,2027,1,1.614,15.654,0.77,
161595,Coral Springs,FL,2019,133037,FL0062800,Coral Springs,134967,1.015,12,SRS,full,195,2309,2,1.466,17.356,1.5,
161595,Coral Springs,FL,2020,133759,FL0062800,Coral Springs,135027,1.009,12,SRS,full,164,1664,1,1.226,12.44,0.75,
161595,Coral Springs,FL,2021,133759,FL0062800,Coral Springs,135168,1.011,12,converted,full,20,144,1,0.15,1.077,0.75,break_low
161595,Coral Springs,FL,2022,133519,FL0062800,Coral Springs,131628,0.986,12,converted,full,141,1007,4,1.056,7.542,3.0,break_low
161595,Coral Springs,FL,2023,132822,FL0062800,Coral Springs,132977,1.001,12,converted,full,206,1777,2,1.551,13.379,1.51,
161595,Coral Springs,FL,2024,133369,FL0062800,Coral Springs,135157,1.013,12,converted,full,212,1580,4,1.59,11.847,3.0,
161594,Davie,FL,2012,100882,FL0061200,Davie,94952,0.941,12,SRS,full,369,3473,5,3.658,34.426,4.96,
161594,Davie,FL,2013,100882,FL0061200,Davie,96581,0.957,12,SRS,full,306,3393,1,3.033,33.633,0.99,
161594,Davie,FL,2014,100882,FL0061200,Davie,98010,0.972,12,SRS,full,257,3207,4,2.548,31.79,3.97,
161594,Davie,FL,2015,100882,FL0061200,Davie,100612,0.997,12,SRS,full,237,2966,1,2.349,29.401,0.99,
161594,Davie,FL,2016,100882,FL0061200,Davie,102692,1.018,12,SRS,full,228,2971,3,2.26,29.45,2.97,
161594,Davie,FL,2017,100882,FL0061200,Davie,103555,1.026,12,SRS,full,244,2722,0,2.419,26.982,0.0,
161594,Davie,FL,2018,100882,FL0061200,Davie,107120,1.062,12,SRS,full,270,2763,0,2.676,27.388,0.0,
161594,Davie,FL,2019,105149,FL0061200,Davie,108486,1.032,12,SRS,full,276,2796,2,2.625,26.591,1.9,
161594,Davie,FL,2020,106306,FL0061200,Davie,107988,1.016,12,SRS,full,263,2445,2,2.474,23.0,1.88,
161594,Davie,FL,2021,106306,FL0061200,Davie,,,,,missing,,,,,,,
161594,Davie,FL,2022,106621,FL0061200,Davie,104215,0.977,12,converted,full,287,2062,3,2.692,19.34,2.81,
161594,Davie,FL,2023,104882,FL0061200,Davie,106759,1.018,12,converted,full,244,2191,2,2.326,20.89,1.91,
161594,Davie,FL,2024,106513,FL0061200,Davie,108397,1.018,8,converted,partial,172,1437,0,,,,
161585,Fort Lauderdale,FL,2012,178590,FL0060300,Fort Lauderdale,170827,0.957,12,SRS,full,1543,9960,16,8.64,55.77,8.96,
161585,Fort Lauderdale,FL,2013,178590,FL0060300,Fort Lauderdale,172398,0.965,12,SRS,full,1456,9650,13,8.153,54.034,7.28,
161585,Fort Lauderdale,FL,2014,178590,FL0060300,Fort Lauderdale,174056,0.975,12,SRS,full,1345,8933,18,7.531,50.02,10.08,
161585,Fort Lauderdale,FL,2015,178590,FL0060300,Fort Lauderdale,178598,1.0,12,SRS,full,1217,9670,10,6.814,54.146,5.6,
161585,Fort Lauderdale,FL,2016,178590,FL0060300,Fort Lauderdale,181218,1.015,12,SRS,full,1144,10630,18,6.406,59.522,10.08,
161585,Fort Lauderdale,FL,2017,178590,FL0060300,Fort Lauderdale,180972,1.013,12,SRS,full,1072,10006,15,6.003,56.028,8.4,
161585,Fort Lauderdale,FL,2018,178590,FL0060300,Fort Lauderdale,182150,1.02,12,SRS,full,1006,9050,20,5.633,50.675,11.2,
161585,Fort Lauderdale,FL,2019,180072,FL0060300,Fort Lauderdale,184765,1.026,12,SRS,full,1098,9082,21,6.098,50.435,11.66,
161585,Fort Lauderdale,FL,2020,182437,FL0060300,Fort Lauderdale,184347,1.01,12,SRS,full,1158,7662,37,6.347,41.998,20.28,
161585,Fort Lauderdale,FL,2021,182437,FL0060300,Fort Lauderdale,,,,,missing,,,,,,,
161585,Fort Lauderdale,FL,2022,184245,FL0060300,Fort Lauderdale,,,,,missing,,,,,,,
161585,Fort Lauderdale,FL,2023,181668,FL0060300,Fort Lauderdale,183282,1.009,12,converted,full,1317,8635,36,7.249,47.532,19.82,
161585,Fort Lauderdale,FL,2024,183146,FL0060300,Fort Lauderdale,184714,1.009,12,converted,full,1269,7485,19,6.929,40.869,10.37,
161572,Gainesville,FL,2012,130128,FL0010100,Gainesville,127036,0.976,12,SRS,full,851,5201,6,6.54,39.968,4.61,
161572,Gainesville,FL,2013,130128,FL0010100,Gainesville,126589,0.973,12,SRS,full,806,4986,6,6.194,38.316,4.61,
161572,Gainesville,FL,2014,130128,FL0010100,Gainesville,128185,0.985,12,SRS,full,817,4580,2,6.278,35.196,1.54,
161572,Gainesville,FL,2015,130128,FL0010100,Gainesville,129410,0.994,12,SRS,full,930,4617,2,7.147,35.48,1.54,
161572,Gainesville,FL,2016,130128,FL0010100,Gainesville,131242,1.009,12,SRS,full,870,4908,3,6.686,37.717,2.31,
161572,Gainesville,FL,2017,130128,FL0010100,Gainesville,132777,1.02,12,SRS,full,952,4778,4,7.316,36.718,3.07,
161572,Gainesville,FL,2018,130128,FL0010100,Gainesville,133400,1.025,12,SRS,full,989,5229,5,7.6,40.184,3.84,
161572,Gainesville,FL,2019,132249,FL0010100,Gainesville,135085,1.021,12,SRS,full,928,4712,2,7.017,35.63,1.51,
161572,Gainesville,FL,2020,133997,FL0010100,Gainesville,135076,1.008,12,SRS,full,1042,4297,10,7.776,32.068,7.46,
161572,Gainesville,FL,2021,133997,FL0010100,Gainesville,136085,1.016,12,converted,full,16,25,3,0.119,0.187,2.24,break_low
161572,Gainesville,FL,2022,135004,FL0010100,Gainesville,140869,1.043,12,converted,full,1126,3856,11,8.34,28.562,8.15,
161572,Gainesville,FL,2023,140398,FL0010100,Gainesville,146744,1.045,12,converted,full,1097,4286,18,7.814,30.528,12.82,
161572,Gainesville,FL,2024,145214,FL0010100,Gainesville,147022,1.012,12,converted,full,1100,3997,7,7.575,27.525,4.82,
161604,Hialeah,FL,2012,237069,FL0130400,Hialeah,233107,0.983,12,SRS,full,810,7194,4,3.417,30.346,1.69,
161604,Hialeah,FL,2013,237069,FL0130400,Hialeah,234182,0.988,12,SRS,full,774,6550,13,3.265,27.629,5.48,
161604,Hialeah,FL,2014,237069,FL0130400,Hialeah,235446,0.993,12,SRS,full,782,6536,6,3.299,27.57,2.53,
161604,Hialeah,FL,2015,237069,FL0130400,Hialeah,238132,1.004,12,SRS,full,767,5574,7,3.235,23.512,2.95,
161604,Hialeah,FL,2016,237069,FL0130400,Hialeah,239451,1.01,12,SRS,full,580,5597,7,2.447,23.609,2.95,
161604,Hialeah,FL,2017,237069,FL0130400,Hialeah,238260,1.005,12,SRS,full,473,5274,6,1.995,22.247,2.53,
161604,Hialeah,FL,2018,237069,FL0130400,Hialeah,241778,1.02,12,SRS,full,533,5355,2,2.248,22.588,0.84,
161604,Hialeah,FL,2019,239673,FL0130400,Hialeah,240688,1.004,12,SRS,full,503,4893,6,2.099,20.415,2.5,
161604,Hialeah,FL,2020,233339,FL0130400,Hialeah,234235,1.004,12,SRS,full,447,3851,7,1.916,16.504,3.0,
161604,Hialeah,FL,2021,233339,FL0130400,Hialeah,232699,0.997,12,converted,full,419,4098,12,1.796,17.562,5.14,
161604,Hialeah,FL,2022,232027,FL0130400,Hialeah,218839,0.943,12,converted,full,474,4322,6,2.043,18.627,2.59,
161604,Hialeah,FL,2023,220490,FL0130400,Hialeah,219251,0.994,12,converted,full,431,4007,6,1.955,18.173,2.72,
161604,Hialeah,FL,2024,220292,FL0130400,Hialeah,220935,1.003,12,converted,full,414,3626,2,1.879,16.46,0.91,
161586,Hollywood,FL,2012,149728,FL0060500,Hollywood,145313,0.971,12,SRS,full,643,7713,5,4.294,51.513,3.34,
161586,Hollywood,FL,2013,149728,FL0060500,Hollywood,146643,0.979,12,SRS,full,720,6550,16,4.809,43.746,10.69,
161586,Hollywood,FL,2014,149728,FL0060500,Hollywood,147918,0.988,12,SRS,full,731,6385,12,4.882,42.644,8.01,
161586,Hollywood,FL,2015,149728,FL0060500,Hollywood,149822,1.001,12,SRS,full,648,5209,8,4.328,34.79,5.34,
161586,Hollywood,FL,2016,149728,FL0060500,Hollywood,151510,1.012,12,SRS,full,574,4990,7,3.834,33.327,4.68,
161586,Hollywood,FL,2017,149728,FL0060500,Hollywood,153893,1.028,12,SRS,full,445,4661,8,2.972,31.13,5.34,
161586,Hollywood,FL,2018,149728,FL0060500,Hollywood,155503,1.039,12,SRS,full,363,4343,5,2.424,29.006,3.34,
161586,Hollywood,FL,2019,153627,FL0060500,Hollywood,156643,1.02,12,SRS,full,456,4159,10,2.968,27.072,6.51,
161586,Hollywood,FL,2020,154817,FL0060500,Hollywood,156434,1.01,12,SRS,full,542,3316,16,3.501,21.419,10.33,
161586,Hollywood,FL,2021,154817,FL0060500,Hollywood,,,,,missing,,,,,,,
161586,Hollywood,FL,2022,154611,FL0060500,Hollywood,,,,,missing,,,,,,,
161586,Hollywood,FL,2023,152131,FL0060500,Hollywood,,,,,missing,,,,,,,
161586,Hollywood,FL,2024,152650,FL0060500,Hollywood,,,,,missing,,,,,,,
101942,Jacksonville,FL,2012,868031,FL0160200,Jacksonville,840660,0.968,12,SRS,full,5189,34674,93,5.978,39.946,10.71,
101942,Jacksonville,FL,2013,868031,FL0160200,Jacksonville,845745,0.974,12,SRS,full,5246,33007,93,6.044,38.025,10.71,
101942,Jacksonville,FL,2014,868031,FL0160200,Jacksonville,856021,0.986,12,SRS,full,5853,33732,96,6.743,38.86,11.06,
101942,Jacksonville,FL,2015,868031,FL0160200,Jacksonville,867258,0.999,12,SRS,full,5622,31854,97,6.477,36.697,11.17,
101942,Jacksonville,FL,2016,868031,FL0160200,Jacksonville,880557,1.014,12,SRS,full,5504,31538,106,6.341,36.333,12.21,
101942,Jacksonville,FL,2017,868031,FL0160200,Jacksonville,894638,1.031,12,SRS,full,5648,31551,109,6.507,36.348,12.56,
101942,Jacksonville,FL,2018,868031,FL0160200,Jacksonville,903213,1.041,12,SRS,full,5381,30112,110,6.199,34.69,12.67,
101942,Jacksonville,FL,2019,892062,FL0160200,Jacksonville,909142,1.019,12,SRS,full,5886,30088,129,6.598,33.729,14.46,
101942,Jacksonville,FL,2020,911507,FL0160200,Jacksonville,920508,1.01,12,SRS,full,6424,26432,140,7.048,28.998,15.36,
101942,Jacksonville,FL,2021,911507,FL0160200,Jacksonville,,,,,missing,,,,,,,
101942,Jacksonville,FL,2022,920570,FL0160200,Jacksonville,,,,,missing,,,,,,,
101942,Jacksonville,FL,2023,954614,FL0160200,Jacksonville,,,,,missing,,,,,,,
101942,Jacksonville,FL,2024,971319,FL0160200,Jacksonville,,,,,missing,,,,,,,
184767,Lakeland,FL,2012,104401,FL0531200,Lakeland,99934,0.957,12,SRS,full,465,5216,10,4.454,49.961,9.58,
184767,Lakeland,FL,2013,104401,FL0531200,Lakeland,100725,0.965,12,SRS,full,460,5410,7,4.406,51.819,6.7,
184767,Lakeland,FL,2014,104401,FL0531200,Lakeland,101428,0.972,12,SRS,full,453,5285,8,4.339,50.622,7.66,
184767,Lakeland,FL,2015,104401,FL0531200,Lakeland,103498,0.991,12,SRS,full,395,5036,4,3.783,48.237,3.83,
184767,Lakeland,FL,2016,104401,FL0531200,Lakeland,105766,1.013,12,SRS,full,337,5111,4,3.228,48.955,3.83,
184767,Lakeland,FL,2017,104401,FL0531200,Lakeland,107927,1.034,12,SRS,full,307,4021,1,2.941,38.515,0.96,
184767,Lakeland,FL,2018,104401,FL0531200,Lakeland,109616,1.05,12,SRS,full,361,3417,8,3.458,32.73,7.66,
184767,Lakeland,FL,2019,108054,FL0531200,Lakeland,112237,1.039,12,SRS,full,350,3230,7,3.239,29.892,6.48,
184767,Lakeland,FL,2020,112136,FL0531200,Lakeland,113876,1.016,12,SRS,full,404,2813,12,3.603,25.086,10.7,
184767,Lakeland,FL,2021,112136,FL0531200,Lakeland,,,,,missing,,,,,,,
184767,Lakeland,FL,2022,115283,FL0531200,Lakeland,,,,,missing,,,,,,,
184767,Lakeland,FL,2023,115425,FL0531200,Lakeland,123284,1.068,12,converted,full,491,2401,7,4.254,20.801,6.06,
184767,Lakeland,FL,2024,120071,FL0531200,Lakeland,125193,1.043,12,converted,full,473,2127,14,3.939,17.715,11.66,
194757,Miami,FL,2012,441003,FL0130600,Miami,414327,0.94,12,SRS,full,4856,22271,69,11.011,50.501,15.65,
194757,Miami,FL,2013,441003,FL0130600,Miami,418394,0.949,12,SRS,full,4945,20928,71,11.213,47.455,16.1,
194757,Miami,FL,2014,441003,FL0130600,Miami,421996,0.957,12,SRS,full,4473,20394,81,10.143,46.245,18.37,
194757,Miami,FL,2015,441003,FL0130600,Miami,437969,0.993,12,SRS,full,4473,19128,75,10.143,43.374,17.01,
194757,Miami,FL,2016,441003,FL0130600,Miami,449469,1.019,12,SRS,full,3989,18974,55,9.045,43.025,12.47,
194757,Miami,FL,2017,441003,FL0130600,Miami,463009,1.05,12,SRS,full,3338,18586,52,7.569,42.145,11.79,
194757,Miami,FL,2018,441003,FL0130600,Miami,473047,1.073,12,SRS,full,2978,16837,46,6.753,38.179,10.43,
194757,Miami,FL,2019,463347,FL0130600,Miami,480505,1.037,12,SRS,full,2850,17624,43,6.151,38.036,9.28,
194757,Miami,FL,2020,467963,FL0130600,Miami,476102,1.017,12,SRS,full,2645,13092,61,5.652,27.977,13.04,
194757,Miami,FL,2021,467963,FL0130600,Miami,,,,,missing,,,,,,,
194757,Miami,FL,2022,471525,FL0130600,Miami,437900,0.929,12,converted,full,1179,7159,27,2.5,15.183,5.73,break_low
194757,Miami,FL,2023,439890,FL0130600,Miami,452929,1.03,12,converted,full,2242,13313,32,5.097,30.264,7.27,
194757,Miami,FL,2024,449514,FL0130600,Miami,460392,1.024,12,converted,full,2222,13867,28,4.943,30.849,6.23,
214783,Miami Gardens,FL,2012,113187,FL0139700,Miami Gardens,111177,0.982,12,SRS,full,931,4784,25,8.225,42.266,22.09,
214783,Miami Gardens,FL,2013,113187,FL0139700,Miami Gardens,111870,0.988,12,SRS,full,921,4660,23,8.137,41.171,20.32,
214783,Miami Gardens,FL,2014,113187,FL0139700,Miami Gardens,112373,0.993,12,SRS,full,736,4524,13,6.503,39.969,11.49,
214783,Miami Gardens,FL,2015,109131,FL0139700,Miami Gardens,113469,1.04,12,SRS,full,707,4138,18,6.478,37.918,16.49,
214783,Miami Gardens,FL,2016,113187,FL0139700,Miami Gardens,114349,1.01,12,SRS,full,743,3671,22,6.564,32.433,19.44,
214783,Miami Gardens,FL,2017,113187,FL0139700,Miami Gardens,114008,1.007,12,SRS,full,896,3722,19,7.916,32.884,16.79,
214783,Miami Gardens,FL,2018,113187,FL0139700,Miami Gardens,114670,1.013,12,SRS,full,816,4530,24,7.209,40.022,21.2,
214783,Miami Gardens,FL,2019,109131,FL0139700,Miami Gardens,113786,1.043,12,SRS,full,841,4311,26,7.706,39.503,23.82,
214783,Miami Gardens,FL,2020,109131,FL0139700,Miami Gardens,110284,1.011,12,SRS,full,782,2775,18,7.166,25.428,16.49,
214783,Miami Gardens,FL,2021,109131,FL0139700,Miami Gardens,,,,,missing,,,,,,,
214783,Miami Gardens,FL,2022,109131,FL0139700,Miami Gardens,,,,,missing,,,,,,,
214783,Miami Gardens,FL,2023,109131,FL0139700,Miami Gardens,110010,1.008,12,converted,full,192,1055,10,1.759,9.667,9.16,break_low
214783,Miami Gardens,FL,2024,110497,FL0139700,Miami Gardens,110466,1.0,12,converted,full,470,2779,13,4.254,25.15,11.77,break_low
101927,Miramar,FL,2012,137132,FL0062200,Miramar,125998,0.919,12,SRS,full,537,2984,2,3.916,21.76,1.46,
101927,Miramar,FL,2013,137132,FL0062200,Miramar,130926,0.955,12,SRS,full,476,3164,4,3.471,23.073,2.92,
101927,Miramar,FL,2014,137132,FL0062200,Miramar,132352,0.965,12,SRS,full,417,2750,4,3.041,20.054,2.92,
101927,Miramar,FL,2015,137132,FL0062200,Miramar,138330,1.009,12,SRS,full,452,2794,5,3.296,20.375,3.65,
101927,Miramar,FL,2016,137132,FL0062200,Miramar,140288,1.023,12,SRS,full,446,2740,5,3.252,19.981,3.65,
101927,Miramar,FL,2017,137132,FL0062200,Miramar,141328,1.031,12,SRS,full,408,2246,3,2.975,16.378,2.19,
101927,Miramar,FL,2018,137132,FL0062200,Miramar,143103,1.044,12,SRS,full,337,2128,6,2.457,15.518,4.38,
101927,Miramar,FL,2019,140328,FL0062200,Miramar,143334,1.021,12,SRS,full,310,1947,3,2.209,13.875,2.14,
101927,Miramar,FL,2020,141191,FL0062200,Miramar,143470,1.016,12,SRS,full,349,1500,4,2.472,10.624,2.83,
101927,Miramar,FL,2021,141191,FL0062200,Miramar,135497,0.96,12,converted,full,261,1087,11,1.849,7.699,7.79,break_low
101927,Miramar,FL,2022,141150,FL0062200,Miramar,135785,0.962,12,converted,full,221,1363,7,1.566,9.656,4.96,break_low
101927,Miramar,FL,2023,135077,FL0062200,Miramar,138613,1.026,12,converted,full,244,1519,4,1.806,11.245,2.96,break_low
101927,Miramar,FL,2024,137228,FL0062200,Miramar,139611,1.017,12,converted,full,163,1149,8,1.188,8.373,5.83,break_low
161665,Orlando,FL,2012,270934,FL0480400,Orlando,246513,0.91,12,SRS,full,2508,16304,24,9.257,60.177,8.86,
161665,Orlando,FL,2013,270934,FL0480400,Orlando,253238,0.935,12,SRS,full,2316,16489,17,8.548,60.86,6.27,
161665,Orlando,FL,2014,270934,FL0480400,Orlando,259675,0.958,12,SRS,full,2340,16515,15,8.637,60.956,5.54,
161665,Orlando,FL,2015,270934,FL0480400,Orlando,268438,0.991,12,SRS,full,2525,16148,32,9.32,59.601,11.81,
161665,Orlando,FL,2016,270934,FL0480400,Orlando,277719,1.025,12,SRS,full,2328,14498,84,8.592,53.511,31.0,
161665,Orlando,FL,2017,270934,FL0480400,Orlando,283982,1.048,12,SRS,full,2113,15490,23,7.799,57.173,8.49,
161665,Orlando,FL,2018,270934,FL0480400,Orlando,286679,1.058,12,SRS,full,2282,13803,39,8.423,50.946,14.39,
161665,Orlando,FL,2019,280257,FL0480400,Orlando,292120,1.042,12,SRS,full,2157,14100,25,7.697,50.311,8.92,
161665,Orlando,FL,2020,287442,FL0480400,Orlando,293363,1.021,12,SRS,full,2524,11158,31,8.781,38.818,10.78,
161665,Orlando,FL,2021,287442,FL0480400,Orlando,,,,,missing,,,,,,,
161665,Orlando,FL,2022,289457,FL0480400,Orlando,310713,1.073,12,converted,full,2597,12517,32,8.972,43.243,11.06,
161665,Orlando,FL,2023,309154,FL0480400,Orlando,,,,,missing,,,,,,,
161665,Orlando,FL,2024,316081,FL0480400,Orlando,,,,,missing,,,,,,,
184735,Palm Bay,FL,2012,107888,FL0051200,Palm Bay,104635,0.97,12,SRS,full,553,2457,3,5.126,22.774,2.78,
184735,Palm Bay,FL,2013,107888,FL0051200,Palm Bay,104391,0.968,12,SRS,full,451,1958,3,4.18,18.148,2.78,
184735,Palm Bay,FL,2014,107888,FL0051200,Palm Bay,105287,0.976,12,SRS,full,600,2226,4,5.561,20.633,3.71,
184735,Palm Bay,FL,2015,116932,FL0051200,Palm Bay,106469,0.911,12,SRS,full,509,2060,5,4.353,17.617,4.28,
184735,Palm Bay,FL,2016,107888,FL0051200,Palm Bay,108823,1.009,12,SRS,full,516,1841,4,4.783,17.064,3.71,
184735,Palm Bay,FL,2017,107888,FL0051200,Palm Bay,111275,1.031,12,SRS,full,561,2120,7,5.2,19.65,6.49,
184735,Palm Bay,FL,2018,107888,FL0051200,Palm Bay,112902,1.046,12,SRS,full,404,2109,9,3.745,19.548,8.34,
184735,Palm Bay,FL,2019,111657,FL0051200,Palm Bay,115520,1.035,12,SRS,full,396,1981,8,3.547,17.742,7.16,
184735,Palm Bay,FL,2020,115552,FL0051200,Palm Bay,116897,1.012,12,SRS,full,328,1770,3,2.839,15.318,2.6,
184735,Palm Bay,FL,2021,115552,FL0051200,Palm Bay,118296,1.024,12,converted,full,364,1164,6,3.15,10.073,5.19,
184735,Palm Bay,FL,2022,116932,FL0051200,Palm Bay,125766,1.076,12,converted,full,380,1240,6,3.25,10.604,5.13,
184735,Palm Bay,FL,2023,122942,FL0051200,Palm Bay,134040,1.09,12,converted,full,431,1403,7,3.506,11.412,5.69,
184735,Palm Bay,FL,2024,129234,FL0051200,Palm Bay,141137,1.092,12,converted,full,500,1451,13,3.869,11.228,10.06,
161593,Pembroke Pines,FL,2012,166611,FL0060800,Pembroke Pines,159744,0.959,12,SRS,full,238,4238,2,1.428,25.436,1.2,
161593,Pembroke Pines,FL,2013,166611,FL0060800,Pembroke Pines,162064,0.973,12,SRS,full,275,4023,0,1.651,24.146,0.0,
161593,Pembroke Pines,FL,2014,166611,FL0060800,Pembroke Pines,164372,0.987,12,SRS,full,277,3775,4,1.663,22.658,2.4,
161593,Pembroke Pines,FL,2015,166611,FL0060800,Pembroke Pines,167266,1.004,12,SRS,full,370,3618,4,2.221,21.715,2.4,
161593,Pembroke Pines,FL,2016,166611,FL0060800,Pembroke Pines,169156,1.015,12,SRS,full,342,3750,1,2.053,22.508,0.6,
161593,Pembroke Pines,FL,2017,166611,FL0060800,Pembroke Pines,170923,1.026,12,SRS,full,321,3725,1,1.927,22.357,0.6,
161593,Pembroke Pines,FL,2018,166611,FL0060800,Pembroke Pines,173053,1.039,12,SRS,full,314,3333,1,1.885,20.005,0.6,
161593,Pembroke Pines,FL,2019,170712,FL0060800,Pembroke Pines,174641,1.023,12,SRS,full,355,3344,7,2.08,19.589,4.1,
161593,Pembroke Pines,FL,2020,173591,FL0060800,Pembroke Pines,175757,1.012,12,SRS,full,209,2495,4,1.204,14.373,2.3,
161593,Pembroke Pines,FL,2021,173591,FL0060800,Pembroke Pines,,,,,missing,,,,,,,
161593,Pembroke Pines,FL,2022,174414,FL0060800,Pembroke Pines,,,,,missing,,,,,,,
161593,Pembroke Pines,FL,2023,169391,FL0060800,Pembroke Pines,,,,,missing,,,,,,,
161593,Pembroke Pines,FL,2024,169876,FL0060800,Pembroke Pines,171138,1.007,12,converted,full,3,350,0,0.018,2.06,0.0,break_low
161588,Pompano Beach,FL,2012,107762,FL0060700,Pompano Beach,103003,0.956,12,SRS,full,1060,5562,5,9.836,51.614,4.64,
161588,Pompano Beach,FL,2013,107762,FL0060700,Pompano Beach,103971,0.965,12,SRS,full,819,5129,7,7.6,47.596,6.5,
161588,Pompano Beach,FL,2014,107762,FL0060700,Pompano Beach,105523,0.979,12,SRS,full,869,4568,6,8.064,42.39,5.57,
161588,Pompano Beach,FL,2015,107762,FL0060700,Pompano Beach,107656,0.999,12,SRS,full,939,4731,6,8.714,43.902,5.57,
161588,Pompano Beach,FL,2016,107762,FL0060700,Pompano Beach,109362,1.015,12,SRS,full,931,5205,7,8.639,48.301,6.5,
161588,Pompano Beach,FL,2017,107762,FL0060700,Pompano Beach,111027,1.03,12,SRS,full,958,5330,8,8.89,49.461,7.42,
161588,Pompano Beach,FL,2018,107762,FL0060700,Pompano Beach,112045,1.04,12,SRS,full,876,4307,6,8.129,39.968,5.57,
161588,Pompano Beach,FL,2019,110473,FL0060700,Pompano Beach,113536,1.028,12,SRS,full,900,4277,8,8.147,38.715,7.24,
161588,Pompano Beach,FL,2020,112118,FL0060700,Pompano Beach,113545,1.013,12,SRS,full,837,3142,19,7.465,28.024,16.95,
161588,Pompano Beach,FL,2021,112118,FL0060700,Pompano Beach,,,,,missing,,,,,,,
161588,Pompano Beach,FL,2022,112360,FL0060700,Pompano Beach,,,,,missing,,,,,,,
161588,Pompano Beach,FL,2023,111348,FL0060700,Pompano Beach,,,,,missing,,,,,,,
161588,Pompano Beach,FL,2024,112302,FL0060700,Pompano Beach,,,,,missing,,,,,,,
161710,Port St Lucie,FL,2012,179413,FL0560200,Port St. Lucie,168416,0.939,12,SRS,full,395,3031,4,2.202,16.894,2.23,
161710,Port St Lucie,FL,2013,179413,FL0560200,Port St. Lucie,169877,0.947,12,SRS,full,303,2461,1,1.689,13.717,0.56,
161710,Port St Lucie,FL,2014,179413,FL0560200,Port St. Lucie,172453,0.961,12,SRS,full,243,2498,6,1.354,13.923,3.34,
161710,Port St Lucie,FL,2015,179413,FL0560200,Port St. Lucie,176364,0.983,12,SRS,full,260,2406,2,1.449,13.41,1.11,
161710,Port St Lucie,FL,2016,179413,FL0560200,Port St. Lucie,182365,1.016,12,SRS,full,270,2419,3,1.505,13.483,1.67,
161710,Port St Lucie,FL,2017,179413,FL0560200,Port St. Lucie,188652,1.051,12,SRS,full,186,2126,2,1.037,11.85,1.11,
161710,Port St Lucie,FL,2018,179413,FL0560200,Port St. Lucie,193137,1.076,12,SRS,full,218,1851,2,1.215,10.317,1.11,
161710,Port St Lucie,FL,2019,189344,FL0560200,Port St. Lucie,199433,1.053,12,SRS,full,293,1696,7,1.547,8.957,3.7,
161710,Port St Lucie,FL,2020,201846,FL0560200,Port St. Lucie,206450,1.023,12,SRS,full,264,1666,5,1.308,8.254,2.48,
161710,Port St Lucie,FL,2021,201846,FL0560200,Port St. Lucie,,,,,missing,,,,,,,
161710,Port St Lucie,FL,2022,209715,FL0560200,Port St. Lucie,228855,1.091,12,converted,full,267,1743,6,1.273,8.311,2.86,
161710,Port St Lucie,FL,2023,217523,FL0560200,Port St. Lucie,245394,1.128,12,converted,full,243,1838,5,1.117,8.45,2.3,
161710,Port St Lucie,FL,2024,231790,FL0560200,Port St. Lucie,259267,1.119,12,converted,full,181,991,3,0.781,4.275,1.29,break_low
161693,St Petersburg,FL,2012,257083,FL0521400,St. Petersburg,248340,0.966,12,SRS,full,2239,12451,15,8.709,48.432,5.83,
161693,St Petersburg,FL,2013,257083,FL0521400,St. Petersburg,247084,0.961,12,SRS,full,2379,13181,15,9.254,51.271,5.83,
161693,St Petersburg,FL,2014,257083,FL0521400,St. Petersburg,250772,0.975,12,SRS,full,2169,14150,19,8.437,55.041,7.39,
161693,St Petersburg,FL,2015,257083,FL0521400,St. Petersburg,255821,0.995,12,SRS,full,1898,14384,14,7.383,55.951,5.45,
161693,St Petersburg,FL,2016,257083,FL0521400,St. Petersburg,259510,1.009,12,SRS,full,1727,12804,20,6.718,49.805,7.78,
161693,St Petersburg,FL,2017,257083,FL0521400,St. Petersburg,263712,1.026,12,SRS,full,1842,11373,20,7.165,44.239,7.78,
161693,St Petersburg,FL,2018,257083,FL0521400,St. Petersburg,265942,1.034,12,SRS,full,1660,8784,21,6.457,34.168,8.17,
161693,St Petersburg,FL,2019,263255,FL0521400,St. Petersburg,267696,1.017,12,SRS,full,1594,8592,17,6.055,32.638,6.46,
161693,St Petersburg,FL,2020,265351,FL0521400,St. Petersburg,267690,1.009,12,SRS,full,1772,6841,15,6.678,25.781,5.65,
161693,St Petersburg,FL,2021,265351,FL0521400,St. Petersburg,,,,,missing,,,,,,,
161693,St Petersburg,FL,2022,267802,FL0521400,St. Petersburg,257745,0.962,12,converted,full,1622,6864,16,6.057,25.631,5.97,
161693,St Petersburg,FL,2023,258201,FL0521400,St. Petersburg,262395,1.016,12,converted,full,1519,7028,13,5.883,27.219,5.03,
161693,St Petersburg,FL,2024,261256,FL0521400,St. Petersburg,264999,1.014,12,converted,full,1642,6516,18,6.285,24.941,6.89,
161650,Tallahassee,FL,2012,189907,FL0370300,Tallahassee,185461,0.977,12,SRS,full,1582,8617,12,8.33,45.375,6.32,
161650,Tallahassee,FL,2013,189907,FL0370300,Tallahassee,188714,0.994,12,SRS,full,1398,8116,11,7.361,42.737,5.79,
161650,Tallahassee,FL,2014,189907,FL0370300,Tallahassee,187573,0.988,12,SRS,full,1758,9080,14,9.257,47.813,7.37,
161650,Tallahassee,FL,2015,189907,FL0370300,Tallahassee,189709,0.999,12,SRS,full,2019,9658,16,10.632,50.856,8.43,
161650,Tallahassee,FL,2016,189907,FL0370300,Tallahassee,191564,1.009,12,SRS,full,1686,11073,11,8.878,58.307,5.79,
161650,Tallahassee,FL,2017,189907,FL0370300,Tallahassee,192455,1.013,12,SRS,full,1503,9428,17,7.914,49.645,8.95,
161650,Tallahassee,FL,2018,189907,FL0370300,Tallahassee,192443,1.013,12,SRS,full,1404,8695,16,7.393,45.786,8.43,
161650,Tallahassee,FL,2019,191049,FL0370300,Tallahassee,195104,1.021,12,SRS,full,1359,7763,20,7.113,40.634,10.47,
161650,Tallahassee,FL,2020,194500,FL0370300,Tallahassee,196012,1.008,12,SRS,full,1516,5786,24,7.794,29.748,12.34,
161650,Tallahassee,FL,2021,194500,FL0370300,Tallahassee,,,,,missing,,,,,,,
161650,Tallahassee,FL,2022,196326,FL0370300,Tallahassee,197865,1.008,12,converted,full,1587,4422,15,8.083,22.524,7.64,break_low
161650,Tallahassee,FL,2023,197102,FL0370300,Tallahassee,203661,1.033,12,converted,full,1730,5201,21,8.777,26.387,10.65,
161650,Tallahassee,FL,2024,201731,FL0370300,Tallahassee,203672,1.01,12,converted,full,1381,5784,16,6.846,28.672,7.93,
161633,Tampa,FL,2012,369075,FL0290200,Tampa,350758,0.95,12,SRS,full,2162,9947,23,5.858,26.951,6.23,
161633,Tampa,FL,2013,369075,FL0290200,Tampa,351314,0.952,12,SRS,full,2097,8823,28,5.682,23.906,7.59,
161633,Tampa,FL,2014,369075,FL0290200,Tampa,357124,0.968,12,SRS,full,2080,8670,28,5.636,23.491,7.59,
161633,Tampa,FL,2015,369075,FL0290200,Tampa,364383,0.987,12,SRS,full,2298,8366,34,6.226,22.667,9.21,
161633,Tampa,FL,2016,369075,FL0290200,Tampa,375904,1.019,12,SRS,full,1906,7800,29,5.164,21.134,7.86,
161633,Tampa,FL,2017,369075,FL0290200,Tampa,384360,1.041,12,SRS,full,1785,6702,39,4.836,18.159,10.57,
161633,Tampa,FL,2018,369075,FL0290200,Tampa,392945,1.065,12,SRS,full,1598,6576,27,4.33,17.818,7.32,
161633,Tampa,FL,2019,385430,FL0290200,Tampa,400501,1.039,12,SRS,full,1622,6523,31,4.208,16.924,8.04,
161633,Tampa,FL,2020,399700,FL0290200,Tampa,407350,1.019,12,SRS,full,2119,5561,41,5.301,13.913,10.26,
161633,Tampa,FL,2021,399700,FL0290200,Tampa,415413,1.039,12,converted,full,1799,4863,42,4.501,12.167,10.51,
161633,Tampa,FL,2022,407599,FL0290200,Tampa,390145,0.957,12,converted,full,2001,6800,44,4.909,16.683,10.79,
161633,Tampa,FL,2023,387050,FL0290200,Tampa,403407,1.042,12,converted,full,1893,6759,42,4.891,17.463,10.85,
161633,Tampa,FL,2024,398173,FL0290200,Tampa,408646,1.026,12,converted,full,1814,5994,34,4.556,15.054,8.54,
161679,West Palm Beach,FL,2012,106779,FL0500800,West Palm Beach,102422,0.959,12,SRS,full,821,5404,17,7.689,50.609,15.92,
161679,West Palm Beach,FL,2013,106779,FL0500800,West Palm Beach,102510,0.96,12,SRS,full,701,4863,15,6.565,45.543,14.05,
161679,West Palm Beach,FL,2014,106779,FL0500800,West Palm Beach,103028,0.965,12,SRS,full,849,4788,15,7.951,44.84,14.05,
161679,West Palm Beach,FL,2015,106779,FL0500800,West Palm Beach,104919,0.983,12,SRS,full,924,5093,22,8.653,47.697,20.6,
161679,West Palm Beach,FL,2016,106779,FL0500800,West Palm Beach,108074,1.012,12,SRS,full,954,5599,10,8.934,52.435,9.37,
161679,West Palm Beach,FL,2017,106779,FL0500800,West Palm Beach,109459,1.025,12,SRS,full,906,5275,25,8.485,49.401,23.41,
161679,West Palm Beach,FL,2018,106779,FL0500800,West Palm Beach,111659,1.046,12,SRS,full,1026,4249,27,9.609,39.792,25.29,
161679,West Palm Beach,FL,2019,110222,FL0500800,West Palm Beach,112798,1.023,12,SRS,full,859,4231,17,7.793,38.386,15.42,
161679,West Palm Beach,FL,2020,111955,FL0500800,West Palm Beach,113268,1.012,12,SRS,full,863,3862,18,7.708,34.496,16.08,
161679,West Palm Beach,FL,2021,111955,FL0500800,West Palm Beach,114055,1.019,12,converted,full,891,2380,19,7.959,21.259,16.97,break_low
161679,West Palm Beach,FL,2022,112782,FL0500800,West Palm Beach,117393,1.041,12,converted,full,925,3079,26,8.202,27.3,23.05,
161679,West Palm Beach,FL,2023,117286,FL0500800,West Palm Beach,122697,1.046,12,converted,full,868,3272,14,7.401,27.898,11.94,
161679,West Palm Beach,FL,2024,120932,FL0500800,West Palm Beach,126427,1.045,12,converted,full,726,2718,11,6.003,22.475,9.1,
161834,Athens-Clarke County Unified Government,GA,2012,123912,GA0290100,Athens-Clarke County,117457,0.948,12,SRS,full,456,4601,5,3.68,37.131,4.04,
161834,Athens-Clarke County Unified Government,GA,2013,123912,GA0290100,Athens-Clarke County,120122,0.969,12,SRS,full,404,4072,2,3.26,32.862,1.61,
161834,Athens-Clarke County Unified Government,GA,2014,123912,GA0290100,Athens-Clarke County,121511,0.981,12,SRS,full,372,3792,4,3.002,30.602,3.23,
161834,Athens-Clarke County Unified Government,GA,2015,123912,GA0290100,Athens-Clarke County,120858,0.975,12,SRS,full,504,4282,3,4.067,34.557,2.42,
161834,Athens-Clarke County Unified Government,GA,2016,123912,GA0290100,Athens-Clarke County,123934,1.0,12,SRS,full,533,4100,4,4.301,33.088,3.23,
161834,Athens-Clarke County Unified Government,GA,2017,123912,GA0290100,Athens-Clarke County,124903,1.008,12,SRS,full,519,3930,6,4.188,31.716,4.84,
161834,Athens-Clarke County Unified Government,GA,2018,123912,GA0290100,Athens-Clarke County,127014,1.025,12,SRS,full,503,3728,6,4.059,30.086,4.84,
161834,Athens-Clarke County Unified Government,GA,2019,123912,GA0290100,Athens-Clarke County,127246,1.027,12,SRS,full,634,4240,6,5.117,34.218,4.84,
161834,Athens-Clarke County Unified Government,GA,2020,123912,GA0290100,Athens-Clarke County,128152,1.034,12,SRS,full,677,3863,5,5.464,31.175,4.04,
161834,Athens-Clarke County Unified Government,GA,2021,123912,GA0290100,Athens-Clarke County,127410,1.028,12,converted,full,746,3567,4,6.02,28.787,3.23,
161834,Athens-Clarke County Unified Government,GA,2022,127795,GA0290100,Athens-Clarke County,128177,1.003,12,converted,full,768,3415,4,6.01,26.722,3.13,
161834,Athens-Clarke County Unified Government,GA,2023,128711,GA0290100,Athens-Clarke County,129595,1.007,12,converted,full,567,3345,5,4.405,25.988,3.88,
161834,Athens-Clarke County Unified Government,GA,2024,128561,GA0290100,Athens-Clarke County,129765,1.009,12,converted,full,530,2978,5,4.123,23.164,3.89,
194678,Atlanta,GA,2012,463878,GAAPD0000,Atlanta,437041,0.942,12,SRS,full,6027,28554,83,12.993,61.555,17.89,
194678,Atlanta,GA,2013,463878,GAAPD0000,Atlanta,451020,0.972,12,SRS,full,5516,27528,83,11.891,59.343,17.89,
194678,Atlanta,GA,2014,463878,GAAPD0000,Atlanta,454363,0.979,12,SRS,full,5577,26114,93,12.023,56.295,20.05,
194678,Atlanta,GA,2015,463878,GAAPD0000,Atlanta,464710,1.002,12,SRS,full,5203,25556,94,11.216,55.092,20.26,
194678,Atlanta,GA,2016,463878,GAAPD0000,Atlanta,472579,1.019,12,SRS,full,5121,24804,111,11.04,53.471,23.93,
194678,Atlanta,GA,2017,463878,GAAPD0000,Atlanta,481343,1.038,12,SRS,full,4504,22991,79,9.709,49.563,17.03,
194678,Atlanta,GA,2018,463878,GAAPD0000,Atlanta,496106,1.069,12,SRS,full,3814,23091,88,8.222,49.778,18.97,
194678,Atlanta,GA,2019,486290,GAAPD0000,Atlanta,507369,1.043,9,SRS,partial,3042,16518,70,,,,
194678,Atlanta,GA,2020,506811,GAAPD0000,Atlanta,515945,1.018,12,SRS,full,1357,5964,58,2.678,11.768,11.44,break_low
194678,Atlanta,GA,2021,506811,GAAPD0000,Atlanta,521274,1.029,12,converted,full,4631,19186,161,9.138,37.856,31.77,
194678,Atlanta,GA,2022,512550,GAAPD0000,Atlanta,495707,0.967,12,converted,full,4221,18671,171,8.235,36.428,33.36,
194678,Atlanta,GA,2023,496461,GAAPD0000,Atlanta,500212,1.008,12,converted,full,3548,19547,134,7.147,39.373,26.99,
194678,Atlanta,GA,2024,499127,GAAPD0000,Atlanta,517123,1.036,12,converted,full,3121,18321,123,6.253,36.706,24.64,
194679,Augusta-Richmond County Consolidated Government,GA,2012,197182,,,,,,,missing,,,,,,,
194679,Augusta-Richmond County Consolidated Government,GA,2013,197182,,,,,,,missing,,,,,,,
194679,Augusta-Richmond County Consolidated Government,GA,2014,197182,,,,,,,missing,,,,,,,
194679,Augusta-Richmond County Consolidated Government,GA,2015,197182,,,,,,,missing,,,,,,,
194679,Augusta-Richmond County Consolidated Government,GA,2016,197182,,,,,,,missing,,,,,,,
194679,Augusta-Richmond County Consolidated Government,GA,2017,197182,,,,,,,missing,,,,,,,
194679,Augusta-Richmond County Consolidated Government,GA,2018,197182,,,,,,,missing,,,,,,,
194679,Augusta-Richmond County Consolidated Government,GA,2019,197182,,,,,,,missing,,,,,,,
194679,Augusta-Richmond County Consolidated Government,GA,2020,197888,,,,,,,missing,,,,,,,
194679,Augusta-Richmond County Consolidated Government,GA,2021,197888,,,,,,,missing,,,,,,,
194679,Augusta-Richmond County Consolidated Government,GA,2022,197468,,,,,,,missing,,,,,,,
194679,Augusta-Richmond County Consolidated Government,GA,2023,201196,,,,,,,missing,,,,,,,
194679,Augusta-Richmond County Consolidated Government,GA,2024,202096,,,,,,,missing,,,,,,,
161944,Columbus Consolidated Government,GA,2012,200579,GA1060100,Columbus,196178,0.978,12,SRS,full,994,11266,17,4.956,56.167,8.48,
161944,Columbus Consolidated Government,GA,2013,200579,GA1060100,Columbus,201165,1.003,12,SRS,full,1022,12475,22,5.095,62.195,10.97,
161944,Columbus Consolidated Government,GA,2014,200579,GA1060100,Columbus,206714,1.031,12,SRS,full,1101,13378,22,5.489,66.697,10.97,
161944,Columbus Consolidated Government,GA,2015,200579,GA1060100,Columbus,203778,1.016,12,SRS,full,1132,11295,19,5.644,56.312,9.47,
161944,Columbus Consolidated Government,GA,2016,200579,GA1060100,Columbus,202338,1.009,12,SRS,full,1210,9593,26,6.033,47.827,12.96,
161944,Columbus Consolidated Government,GA,2017,200579,GA1060100,Columbus,198832,0.991,12,SRS,full,1306,8837,36,6.511,44.057,17.95,
161944,Columbus Consolidated Government,GA,2018,200579,GA1060100,Columbus,194135,0.968,12,SRS,full,1043,7246,25,5.2,36.125,12.46,
161944,Columbus Consolidated Government,GA,2019,194058,GA1060100,Columbus,194356,1.002,12,SRS,full,618,3870,12,3.185,19.942,6.18,
161944,Columbus Consolidated Government,GA,2020,195769,GA1060100,Columbus,195998,1.001,12,SRS,full,270,1189,13,1.379,6.073,6.64,break_low
161944,Columbus Consolidated Government,GA,2021,195769,GA1060100,Columbus,196633,1.004,12,converted,full,382,1330,9,1.951,6.794,4.6,break_low
161944,Columbus Consolidated Government,GA,2022,196442,GA1060100,Columbus,204986,1.043,12,converted,full,1301,4856,22,6.623,24.72,11.2,
161944,Columbus Consolidated Government,GA,2023,205617,GA1060100,Columbus,200848,0.977,12,converted,full,1449,5669,36,7.047,27.571,17.51,
161944,Columbus Consolidated Government,GA,2024,202616,GA1060100,Columbus,201061,0.992,12,converted,full,1227,4561,27,6.056,22.511,13.33,
102163,Macon-Bibb County,GA,2012,153515,,,,,,,missing,,,,,,,
102163,Macon-Bibb County,GA,2013,153515,,,,,,,missing,,,,,,,
102163,Macon-Bibb County,GA,2014,153515,,,,,,,missing,,,,,,,
102163,Macon-Bibb County,GA,2015,153515,,,,,,,missing,,,,,,,
102163,Macon-Bibb County,GA,2016,153515,,,,,,,missing,,,,,,,
102163,Macon-Bibb County,GA,2017,153515,,,,,,,missing,,,,,,,
102163,Macon-Bibb County,GA,2018,153515,,,,,,,missing,,,,,,,
102163,Macon-Bibb County,GA,2019,152663,,,,,,,missing,,,,,,,
102163,Macon-Bibb County,GA,2020,153159,,,,,,,missing,,,,,,,
102163,Macon-Bibb County,GA,2021,153159,,,,,,,missing,,,,,,,
102163,Macon-Bibb County,GA,2022,152737,,,,,,,missing,,,,,,,
102163,Macon-Bibb County,GA,2023,156762,,,,,,,missing,,,,,,,
102163,Macon-Bibb County,GA,2024,156197,,,,,,,missing,,,,,,,
216510,Sandy Springs,GA,2012,105330,GA0605600,Sandy Springs,97890,0.929,12,SRS,full,187,2750,3,1.775,26.108,2.85,
216510,Sandy Springs,GA,2013,105330,GA0605600,Sandy Springs,101180,0.961,12,SRS,full,186,2739,6,1.766,26.004,5.7,
216510,Sandy Springs,GA,2014,105330,GA0605600,Sandy Springs,101184,0.961,12,SRS,full,159,2745,6,1.51,26.061,5.7,
216510,Sandy Springs,GA,2015,105330,GA0605600,Sandy Springs,103898,0.986,12,SRS,full,151,2498,3,1.434,23.716,2.85,
216510,Sandy Springs,GA,2016,105330,GA0605600,Sandy Springs,107685,1.022,12,SRS,full,117,2837,3,1.111,26.934,2.85,
216510,Sandy Springs,GA,2017,105330,GA0605600,Sandy Springs,107740,1.023,12,SRS,full,126,2263,0,1.196,21.485,0.0,
216510,Sandy Springs,GA,2018,105330,GA0605600,Sandy Springs,108654,1.032,12,SRS,full,128,2015,2,1.215,19.13,1.9,
216510,Sandy Springs,GA,2019,106739,GA0605600,Sandy Springs,110760,1.038,12,SRS,full,144,1977,1,1.349,18.522,0.94,
216510,Sandy Springs,GA,2020,109452,GA0605600,Sandy Springs,111219,1.016,12,SRS,full,170,1548,6,1.553,14.143,5.48,
216510,Sandy Springs,GA,2021,109452,GA0605600,Sandy Springs,111533,1.019,12,converted,full,211,1654,7,1.928,15.112,6.4,
216510,Sandy Springs,GA,2022,109928,GA0605600,Sandy Springs,106747,0.971,12,converted,full,154,1607,5,1.401,14.619,4.55,
216510,Sandy Springs,GA,2023,107180,GA0605600,Sandy Springs,107895,1.007,12,converted,full,160,1856,5,1.493,17.317,4.67,
216510,Sandy Springs,GA,2024,107763,GA0605600,Sandy Springs,105580,0.98,12,converted,full,148,1560,1,1.373,14.476,0.93,
124438,Savannah,GA,2012,145674,GA0250300,Savannah,231285,1.588,12,SRS,not_city,878,8325,23,,,,
124438,Savannah,GA,2013,145674,GA0250300,Savannah,235200,1.615,12,SRS,not_city,851,8458,30,,,,
124438,Savannah,GA,2014,145674,GA0250300,Savannah,236682,1.625,12,SRS,not_city,927,8507,32,,,,
124438,Savannah,GA,2015,145674,GA0250300,Savannah,240178,1.649,12,SRS,not_city,1168,9236,54,,,,
124438,Savannah,GA,2016,145674,GA0250300,Savannah,241296,1.656,12,SRS,not_city,1174,8762,50,,,,
124438,Savannah,GA,2017,145674,GA0250300,Savannah,242941,1.668,12,SRS,not_city,1124,8336,35,,,,
124438,Savannah,GA,2018,145674,GA0250300,Savannah,242265,1.663,12,SRS,not_city,982,5960,28,,,,
124438,Savannah,GA,2019,146444,GA0250300,Savannah,240631,1.643,12,SRS,not_city,895,4223,19,,,,
124438,Savannah,GA,2020,144464,GA0250300,Savannah,,,,,missing,,,,,,,
124438,Savannah,GA,2021,144464,GA0250300,Savannah,235950,1.633,12,converted,not_city,1036,4993,34,,,,
124438,Savannah,GA,2022,143632,GA0250300,Savannah,239089,1.665,9,converted,not_city,962,3893,24,,,,
124438,Savannah,GA,2023,147088,GA0250300,Savannah,,,,,missing,,,,,,,
124438,Savannah,GA,2024,148004,GA0250300,Savannah,241780,1.634,12,converted,not_city,76,1,23,,,,
247337,South Fulton,GA,2012,102567,,,,,,,missing,,,,,,,
247337,South Fulton,GA,2013,102567,,,,,,,missing,,,,,,,
247337,South Fulton,GA,2014,102567,,,,,,,missing,,,,,,,
247337,South Fulton,GA,2015,102567,,,,,,,missing,,,,,,,
247337,South Fulton,GA,2016,102567,,,,,,,missing,,,,,,,
247337,South Fulton,GA,2017,102567,GA0607200,South Fulton,,,,,missing,,,,,,,
247337,South Fulton,GA,2018,95158,GA0607200,South Fulton,,,,,missing,,,,,,,
247337,South Fulton,GA,2019,95158,GA0607200,South Fulton,98765,1.038,12,SRS,full,172,666,5,1.808,6.999,5.25,
247337,South Fulton,GA,2020,99155,GA0607200,South Fulton,100658,1.015,12,SRS,full,1035,2699,21,10.438,27.22,21.18,
247337,South Fulton,GA,2021,99155,GA0607200,South Fulton,104282,1.052,12,converted,full,990,2095,30,9.984,21.129,30.26,
247337,South Fulton,GA,2022,102567,GA0607200,South Fulton,110102,1.073,12,converted,full,1088,2921,22,10.608,28.479,21.45,
247337,South Fulton,GA,2023,108575,GA0607200,South Fulton,113003,1.041,12,converted,full,713,3181,27,6.567,29.298,24.87,
247337,South Fulton,GA,2024,111158,GA0607200,South Fulton,112441,1.012,12,converted,full,533,2153,26,4.795,19.369,23.39,
183701,Honolulu And County,HI,2012,998714,HI0020000,Honolulu,975875,0.977,12,SRS,full,2336,29445,11,2.339,29.483,1.1,
183701,Honolulu And County,HI,2013,998714,HI0020000,Honolulu,984683,0.986,6,SRS,partial,1135,15755,10,,,,
183701,Honolulu And County,HI,2014,998714,HI0020000,Honolulu,994034,0.995,12,SRS,full,714,10479,7,0.715,10.492,0.7,
183701,Honolulu And County,HI,2015,998714,HI0020000,Honolulu,999307,1.001,12,SRS,full,2437,31085,15,2.44,31.125,1.5,
183701,Honolulu And County,HI,2016,998714,HI0020000,Honolulu,995572,0.997,12,SRS,full,2366,30192,16,2.369,30.231,1.6,
183701,Honolulu And County,HI,2017,998714,HI0020000,Honolulu,990384,0.992,12,SRS,full,2440,27477,32,2.443,27.512,3.2,
183701,Honolulu And County,HI,2018,998714,HI0020000,Honolulu,982019,0.983,12,SRS,full,2574,29118,23,2.577,29.155,2.3,
183701,Honolulu And County,HI,2019,998714,HI0020000,Honolulu,974902,0.976,12,SRS,full,2763,29726,19,2.767,29.764,1.9,
183701,Honolulu And County,HI,2020,998714,HI0020000,Honolulu,966438,0.968,12,SRS,full,2497,25731,30,2.5,25.764,3.0,
183701,Honolulu And County,HI,2021,998714,HI0020000,Honolulu,985138,0.986,12,converted,full,2662,29012,20,2.665,29.049,2.0,
183701,Honolulu And County,HI,2022,963826,HI0020000,Honolulu,994799,1.032,12,converted,full,2753,26286,25,2.856,27.273,2.59,
183701,Honolulu And County,HI,2023,963826,HI0020000,Honolulu,987546,1.025,12,converted,full,2189,20729,24,2.271,21.507,2.49,
183701,Honolulu And County,HI,2024,995638,HI0020000,Honolulu,992973,0.997,12,converted,full,2128,18790,23,2.137,18.872,2.31,
164470,Cedar Rapids,IA,2012,130405,IA0570100,Cedar Rapids,128401,0.985,12,SRS,full,356,4753,3,2.73,36.448,2.3,
164470,Cedar Rapids,IA,2013,130405,IA0570100,Cedar Rapids,128642,0.986,12,SRS,full,394,4771,4,3.021,36.586,3.07,
164470,Cedar Rapids,IA,2014,130405,IA0570100,Cedar Rapids,128901,0.988,12,SRS,full,388,5043,8,2.975,38.672,6.13,
164470,Cedar Rapids,IA,2015,130405,IA0570100,Cedar Rapids,129863,0.996,12,SRS,full,366,5017,6,2.807,38.472,4.6,
164470,Cedar Rapids,IA,2016,130405,IA0570100,Cedar Rapids,131181,1.006,12,SRS,full,390,5101,4,2.991,39.117,3.07,
164470,Cedar Rapids,IA,2017,130405,IA0570100,Cedar Rapids,131878,1.011,12,SRS,full,375,5041,6,2.876,38.656,4.6,
164470,Cedar Rapids,IA,2018,130405,IA0570100,Cedar Rapids,133039,1.02,12,SRS,full,354,4707,3,2.715,36.095,2.3,
164470,Cedar Rapids,IA,2019,132228,IA0570100,Cedar Rapids,134007,1.013,12,SRS,full,391,4716,7,2.957,35.666,5.29,
164470,Cedar Rapids,IA,2020,133562,IA0570100,Cedar Rapids,134330,1.006,12,SRS,full,436,4381,9,3.264,32.801,6.74,
164470,Cedar Rapids,IA,2021,133562,IA0570100,Cedar Rapids,134763,1.009,12,converted,full,472,3757,10,3.534,28.129,7.49,
164470,Cedar Rapids,IA,2022,134027,IA0570100,Cedar Rapids,135362,1.01,12,converted,full,447,4161,10,3.335,31.046,7.46,
164470,Cedar Rapids,IA,2023,136467,IA0570100,Cedar Rapids,135777,0.995,12,converted,full,413,3973,8,3.026,29.113,5.86,
164470,Cedar Rapids,IA,2024,136429,IA0570100,Cedar Rapids,135363,0.992,12,converted,full,358,3679,2,2.624,26.966,1.47,
208060,Davenport,IA,2012,102582,IA0820200,Davenport,101193,0.986,12,SRS,full,604,4088,4,5.888,39.851,3.9,
208060,Davenport,IA,2013,102582,IA0820200,Davenport,101834,0.993,12,SRS,full,654,4248,2,6.375,41.411,1.95,
208060,Davenport,IA,2014,102582,IA0820200,Davenport,102715,1.001,12,SRS,full,636,4195,2,6.2,40.894,1.95,
208060,Davenport,IA,2015,102582,IA0820200,Davenport,103082,1.005,12,SRS,full,733,4641,6,7.146,45.242,5.85,
208060,Davenport,IA,2016,102582,IA0820200,Davenport,103118,1.005,12,SRS,full,750,5001,7,7.311,48.751,6.82,
208060,Davenport,IA,2017,102582,IA0820200,Davenport,103063,1.005,12,SRS,full,754,5297,11,7.35,51.637,10.72,
208060,Davenport,IA,2018,102582,IA0820200,Davenport,102706,1.001,12,SRS,full,651,4850,6,6.346,47.279,5.85,
208060,Davenport,IA,2019,102320,IA0820200,Davenport,102392,1.001,12,SRS,full,609,3922,2,5.952,38.331,1.95,
208060,Davenport,IA,2020,101590,IA0820200,Davenport,101806,1.002,12,SRS,full,748,3977,11,7.363,39.148,10.83,
208060,Davenport,IA,2021,101590,IA0820200,Davenport,102014,1.004,12,converted,full,671,3652,10,6.605,35.948,9.84,
208060,Davenport,IA,2022,101799,IA0820200,Davenport,100437,0.987,12,converted,full,701,3498,4,6.886,34.362,3.93,
208060,Davenport,IA,2023,101009,IA0820200,Davenport,99911,0.989,12,converted,full,688,3806,7,6.811,37.68,6.93,
208060,Davenport,IA,2024,100486,IA0820200,Davenport,99926,0.994,12,converted,full,581,3538,8,5.782,35.209,7.96,
208056,Des Moines,IA,2012,210330,IA0770300,Des Moines,207400,0.986,12,SRS,full,1096,10240,8,5.211,48.685,3.8,
208056,Des Moines,IA,2013,210330,IA0770300,Des Moines,207391,0.986,12,SRS,full,1029,10025,11,4.892,47.663,5.23,
208056,Des Moines,IA,2014,210330,IA0770300,Des Moines,208250,0.99,12,SRS,full,1276,8872,9,6.067,42.181,4.28,
208056,Des Moines,IA,2015,210330,IA0770300,Des Moines,210403,1.0,12,SRS,full,1122,8455,19,5.334,40.199,9.03,
208056,Des Moines,IA,2016,210330,IA0770300,Des Moines,211501,1.006,12,SRS,full,1501,8876,14,7.136,42.2,6.66,
208056,Des Moines,IA,2017,210330,IA0770300,Des Moines,217277,1.033,12,SRS,full,1463,9622,28,6.956,45.747,13.31,
208056,Des Moines,IA,2018,210330,IA0770300,Des Moines,219387,1.043,12,SRS,full,485,2664,3,2.306,12.666,1.43,
208056,Des Moines,IA,2019,217521,IA0770300,Des Moines,218384,1.004,12,SRS,full,1583,9027,14,7.277,41.499,6.44,
208056,Des Moines,IA,2020,214237,IA0770300,Des Moines,215290,1.005,12,SRS,full,1525,8430,33,7.118,39.349,15.4,
208056,Des Moines,IA,2021,214237,IA0770300,Des Moines,213060,0.995,12,converted,full,1346,6773,2,6.283,31.615,0.93,
208056,Des Moines,IA,2022,212312,IA0770300,Des Moines,210376,0.991,12,converted,full,1015,4602,4,4.781,21.676,1.88,
208056,Des Moines,IA,2023,212031,IA0770300,Des Moines,209658,0.989,12,converted,full,1495,7048,8,7.051,33.24,3.77,
208056,Des Moines,IA,2024,211034,IA0770300,Des Moines,209245,0.992,12,converted,full,1475,6569,9,6.989,31.128,4.26,
162035,Boise,ID,2012,218281,ID0010100,Boise,211569,0.969,12,SRS,full,572,5373,1,2.62,24.615,0.46,
162035,Boise,ID,2013,218281,ID0010100,Boise,214330,0.982,12,SRS,full,558,4753,3,2.556,21.775,1.37,
162035,Boise,ID,2014,218281,ID0010100,Boise,216260,0.991,12,SRS,full,624,4513,4,2.859,20.675,1.83,
162035,Boise,ID,2015,218281,ID0010100,Boise,218844,1.003,12,SRS,full,675,4982,1,3.092,22.824,0.46,
162035,Boise,ID,2016,218281,ID0010100,Boise,220749,1.011,12,SRS,full,657,5134,6,3.01,23.52,2.75,
162035,Boise,ID,2017,218281,ID0010100,Boise,225677,1.034,12,SRS,full,684,5569,2,3.134,25.513,0.92,
162035,Boise,ID,2018,218281,ID0010100,Boise,229265,1.05,12,SRS,full,671,4646,1,3.074,21.284,0.46,
162035,Boise,ID,2019,226570,ID0010100,Boise,231314,1.021,12,SRS,full,688,3749,4,3.037,16.547,1.77,
162035,Boise,ID,2020,228959,ID0010100,Boise,231223,1.01,12,SRS,full,721,3873,5,3.149,16.916,2.18,
162035,Boise,ID,2021,228959,ID0010100,Boise,231902,1.013,12,converted,full,735,3151,4,3.21,13.762,1.75,
162035,Boise,ID,2022,229776,ID0010100,Boise,239074,1.04,12,converted,full,625,2903,3,2.72,12.634,1.31,
162035,Boise,ID,2023,237446,ID0010100,Boise,236949,0.998,12,converted,full,664,2972,5,2.796,12.517,2.11,
162035,Boise,ID,2024,236634,ID0010100,Boise,235223,0.994,12,converted,full,703,2637,3,2.971,11.144,1.27,
162037,Meridian,ID,2012,90739,ID0010300,Meridian,77270,0.852,12,SRS,full,94,1236,0,1.036,13.621,0.0,
162037,Meridian,ID,2013,90739,ID0010300,Meridian,82064,0.904,12,SRS,full,106,1037,1,1.168,11.428,1.1,
162037,Meridian,ID,2014,90739,ID0010300,Meridian,85733,0.945,12,SRS,full,76,1232,2,0.838,13.577,2.2,
162037,Meridian,ID,2015,90739,ID0010300,Meridian,91077,1.004,12,SRS,full,99,1061,1,1.091,11.693,1.1,
162037,Meridian,ID,2016,90739,ID0010300,Meridian,94113,1.037,12,SRS,full,105,1457,0,1.157,16.057,0.0,
162037,Meridian,ID,2017,90739,ID0010300,Meridian,99241,1.094,12,SRS,full,159,1092,1,1.752,12.035,1.1,
162037,Meridian,ID,2018,90739,ID0010300,Meridian,103774,1.144,12,SRS,full,170,906,2,1.874,9.985,2.2,
162037,Meridian,ID,2019,99926,ID0010300,Meridian,111196,1.113,12,SRS,full,188,1183,4,1.881,11.839,4.0,
162037,Meridian,ID,2020,114161,ID0010300,Meridian,119203,1.044,12,SRS,full,208,1020,2,1.822,8.935,1.75,
162037,Meridian,ID,2021,114161,ID0010300,Meridian,126744,1.11,12,converted,full,223,933,0,1.953,8.173,0.0,
162037,Meridian,ID,2022,121182,ID0010300,Meridian,132522,1.094,12,converted,full,200,865,0,1.65,7.138,0.0,
162037,Meridian,ID,2023,125963,ID0010300,Meridian,135239,1.074,12,converted,full,230,677,2,1.826,5.375,1.59,
162037,Meridian,ID,2024,129736,ID0010300,Meridian,140353,1.082,12,converted,full,210,812,1,1.619,6.259,0.77,
162062,Nampa,ID,2012,89839,ID0140200,Nampa,83316,0.927,12,SRS,full,207,2184,2,2.304,24.31,2.23,
162062,Nampa,ID,2013,89839,ID0140200,Nampa,84634,0.942,12,SRS,full,205,1901,1,2.282,21.16,1.11,
162062,Nampa,ID,2014,89839,ID0140200,Nampa,87735,0.977,12,SRS,full,281,2525,3,3.128,28.106,3.34,
162062,Nampa,ID,2015,89839,ID0140200,Nampa,89875,1.0,12,SRS,full,317,2634,6,3.529,29.319,6.68,
162062,Nampa,ID,2016,89839,ID0140200,Nampa,91520,1.019,12,SRS,full,332,2643,6,3.695,29.419,6.68,
162062,Nampa,ID,2017,89839,ID0140200,Nampa,93064,1.036,12,SRS,full,255,2387,5,2.838,26.57,5.57,
162062,Nampa,ID,2018,89839,ID0140200,Nampa,95386,1.062,12,SRS,full,257,2477,5,2.861,27.572,5.57,
162062,Nampa,ID,2019,93590,ID0140200,Nampa,98208,1.049,12,SRS,full,294,1806,0,3.141,19.297,0.0,
162062,Nampa,ID,2020,99277,ID0140200,Nampa,101411,1.021,12,SRS,full,328,1711,2,3.304,17.235,2.01,
162062,Nampa,ID,2021,99277,ID0140200,Nampa,105619,1.064,12,converted,full,370,1558,2,3.727,15.693,2.01,
162062,Nampa,ID,2022,103215,ID0140200,Nampa,111501,1.08,12,converted,full,399,1440,5,3.866,13.951,4.84,
162062,Nampa,ID,2023,106186,ID0140200,Nampa,116116,1.094,12,converted,full,445,1015,4,4.191,9.559,3.77,break_low
162062,Nampa,ID,2024,110951,ID0140200,Nampa,118950,1.072,12,converted,full,437,901,3,3.939,8.121,2.7,break_low
189929,Aurora,IL,2012,200661,IL0450100,Aurora,199765,0.996,12,SRS,full,563,3565,0,2.806,17.766,0.0,
189929,Aurora,IL,2013,200661,IL0450100,Aurora,200551,0.999,12,SRS,full,601,2972,4,2.995,14.811,1.99,
189929,Aurora,IL,2014,200661,IL0450100,Aurora,200419,0.999,12,SRS,full,558,2982,8,2.781,14.861,3.99,
189929,Aurora,IL,2015,200661,IL0450100,Aurora,201034,1.002,12,SRS,full,650,3089,9,3.239,15.394,4.49,
189929,Aurora,IL,2016,200661,IL0450100,Aurora,201159,1.002,12,SRS,full,631,2867,7,3.145,14.288,3.49,
189929,Aurora,IL,2017,200661,IL0450100,Aurora,195066,0.972,12,SRS,full,521,2665,6,2.596,13.281,2.99,
189929,Aurora,IL,2018,200661,IL0450100,Aurora,194789,0.971,12,SRS,full,538,2301,4,2.681,11.467,1.99,
189929,Aurora,IL,2019,200965,IL0450100,Aurora,193151,0.961,12,SRS,full,516,2014,12,2.568,10.022,5.97,
189929,Aurora,IL,2020,197757,IL0450100,Aurora,191128,0.966,12,SRS,full,659,2280,11,3.332,11.529,5.56,
189929,Aurora,IL,2021,197757,IL0450100,Aurora,,,,,missing,,,,,,,
189929,Aurora,IL,2022,196383,IL0450100,Aurora,172121,0.876,12,converted,full,50,150,0,0.255,0.764,0.0,break_low
189929,Aurora,IL,2023,179266,IL0450100,Aurora,170648,0.952,12,converted,full,563,1953,5,3.141,10.894,2.79,
189929,Aurora,IL,2024,177866,IL0450100,Aurora,170585,0.959,12,converted,full,476,2196,1,2.676,12.346,0.56,
162236,Chicago,IL,2012,2720546,ILCPD0000,Chicago,2708382,0.996,12,SRS,full,26248,112466,500,9.648,41.339,18.38,
162236,Chicago,IL,2013,2720546,ILCPD0000,Chicago,2720554,1.0,12,SRS,full,25688,97476,416,9.442,35.83,15.29,
162236,Chicago,IL,2014,2720546,ILCPD0000,Chicago,2724121,1.001,12,SRS,full,24133,85351,415,8.871,31.373,15.25,
162236,Chicago,IL,2015,2720546,ILCPD0000,Chicago,2728695,1.003,12,SRS,full,24698,80505,481,9.078,29.591,17.68,
162236,Chicago,IL,2016,2720546,ILCPD0000,Chicago,2725153,1.002,12,SRS,full,30193,87136,768,11.098,32.029,28.23,
162236,Chicago,IL,2017,2720546,ILCPD0000,Chicago,2706171,0.995,12,SRS,full,29737,88324,653,10.931,32.466,24.0,
162236,Chicago,IL,2018,2720546,ILCPD0000,Chicago,2719151,0.999,12,SRS,full,27420,86822,567,10.079,31.913,20.84,
162236,Chicago,IL,2019,2716450,ILCPD0000,Chicago,2707064,0.997,12,SRS,full,25553,81010,495,9.407,29.822,18.22,
162236,Chicago,IL,2020,2693976,ILCPD0000,Chicago,2693598,1.0,12,SRS,full,26583,59530,771,9.868,22.097,28.62,
162236,Chicago,IL,2021,2693976,ILCPD0000,Chicago,2721948,1.01,12,converted,full,7766,30361,370,2.883,11.27,13.73,break_low
162236,Chicago,IL,2022,2677643,ILCPD0000,Chicago,2652124,0.99,12,converted,full,14321,83090,604,5.348,31.031,22.56,break_low
162236,Chicago,IL,2023,2696555,ILCPD0000,Chicago,2628298,0.975,12,converted,full,15952,90258,499,5.916,33.472,18.51,break_low
162236,Chicago,IL,2024,2665039,ILCPD0000,Chicago,2638698,0.99,12,converted,full,14245,91626,461,5.345,34.381,17.3,break_low
102716,Elgin,IL,2012,112111,IL0450600,Elgin,109155,0.974,12,SRS,full,260,1985,2,2.319,17.706,1.78,
102716,Elgin,IL,2013,112111,IL0450600,Elgin,110454,0.985,12,SRS,full,236,1902,3,2.105,16.965,2.68,
102716,Elgin,IL,2014,112111,IL0450600,Elgin,110595,0.986,12,SRS,full,220,1997,2,1.962,17.813,1.78,
102716,Elgin,IL,2015,112111,IL0450600,Elgin,111832,0.998,12,SRS,full,245,1630,4,2.185,14.539,3.57,
102716,Elgin,IL,2016,112111,IL0450600,Elgin,112886,1.007,12,SRS,full,236,1565,2,2.105,13.959,1.78,
102716,Elgin,IL,2017,112111,IL0450600,Elgin,112767,1.006,12,SRS,full,224,1579,2,1.998,14.084,1.78,
102716,Elgin,IL,2018,112111,IL0450600,Elgin,113060,1.008,12,SRS,full,276,1713,3,2.462,15.279,2.68,
102716,Elgin,IL,2019,112456,IL0450600,Elgin,112112,0.997,12,SRS,full,223,1429,1,1.983,12.707,0.89,
102716,Elgin,IL,2020,110849,IL0450600,Elgin,111127,1.003,12,SRS,full,260,1358,1,2.346,12.251,0.9,
102716,Elgin,IL,2021,110849,IL0450600,Elgin,,,,,missing,,,,,,,
102716,Elgin,IL,2022,110196,IL0450600,Elgin,113205,1.027,12,converted,full,216,909,3,1.96,8.249,2.72,
102716,Elgin,IL,2023,113911,IL0450600,Elgin,112470,0.987,12,converted,full,259,1051,6,2.274,9.227,5.27,
102716,Elgin,IL,2024,113177,IL0450600,Elgin,112879,0.997,12,converted,full,309,1254,7,2.73,11.08,6.19,
162690,Joliet,IL,2012,147861,IL0990700,Joliet,148471,1.004,12,SRS,full,506,3835,11,3.422,25.937,7.44,
162690,Joliet,IL,2013,147861,IL0990700,Joliet,148462,1.004,12,SRS,full,557,3217,10,3.767,21.757,6.76,
162690,Joliet,IL,2014,147861,IL0990700,Joliet,147838,1.0,12,SRS,full,495,2988,8,3.348,20.208,5.41,
162690,Joliet,IL,2015,147861,IL0990700,Joliet,147991,1.001,12,SRS,full,461,3555,10,3.118,24.043,6.76,
162690,Joliet,IL,2016,147861,IL0990700,Joliet,147886,1.0,12,SRS,full,488,2801,10,3.3,18.943,6.76,
162690,Joliet,IL,2017,147861,IL0990700,Joliet,148342,1.003,12,SRS,full,540,2625,15,3.652,17.753,10.14,
162690,Joliet,IL,2018,147861,IL0990700,Joliet,148553,1.005,12,SRS,full,486,2312,8,3.287,15.636,5.41,
162690,Joliet,IL,2019,148462,IL0990700,Joliet,148155,0.998,12,SRS,full,750,2160,17,5.052,14.549,11.45,
162690,Joliet,IL,2020,147344,IL0990700,Joliet,147324,1.0,9,SRS,partial,546,1436,13,,,,
162690,Joliet,IL,2021,147344,IL0990700,Joliet,146589,0.995,12,converted,full,257,571,1,1.744,3.875,0.68,break_low
162690,Joliet,IL,2022,146673,IL0990700,Joliet,150545,1.026,12,converted,full,775,1556,2,5.284,10.609,1.36,
162690,Joliet,IL,2023,150372,IL0990700,Joliet,149940,0.997,12,converted,full,615,1544,5,4.09,10.268,3.33,
162690,Joliet,IL,2024,150033,IL0990700,Joliet,150569,1.004,12,converted,full,530,1885,0,3.533,12.564,0.0,
162299,Naperville,IL,2012,147100,IL0221400,Naperville,142840,0.971,12,SRS,full,119,2032,3,0.809,13.814,2.04,
162299,Naperville,IL,2013,147100,IL0221400,Naperville,144221,0.98,12,SRS,full,105,1869,0,0.714,12.706,0.0,
162299,Naperville,IL,2014,147100,IL0221400,Naperville,145510,0.989,12,SRS,full,113,1634,1,0.768,11.108,0.68,
162299,Naperville,IL,2015,147100,IL0221400,Naperville,147101,1.0,12,SRS,full,130,1692,0,0.884,11.502,0.0,
162299,Naperville,IL,2016,147100,IL0221400,Naperville,148070,1.007,12,SRS,full,93,1594,0,0.632,10.836,0.0,
162299,Naperville,IL,2017,147100,IL0221400,Naperville,147934,1.006,12,SRS,full,136,1716,1,0.925,11.666,0.68,
162299,Naperville,IL,2018,147100,IL0221400,Naperville,148457,1.009,12,SRS,full,128,1603,1,0.87,10.897,0.68,
162299,Naperville,IL,2019,147682,IL0221400,Naperville,149061,1.009,12,SRS,full,92,1619,0,0.623,10.963,0.0,
162299,Naperville,IL,2020,148449,IL0221400,Naperville,149137,1.005,12,SRS,full,99,3454,1,0.667,23.267,0.67,
162299,Naperville,IL,2021,148449,IL0221400,Naperville,148556,1.001,12,converted,full,45,730,1,0.303,4.918,0.67,
162299,Naperville,IL,2022,147986,IL0221400,Naperville,148929,1.006,12,converted,full,85,1233,2,0.574,8.332,1.35,
162299,Naperville,IL,2023,149104,IL0221400,Naperville,150197,1.007,12,converted,full,99,1307,0,0.664,8.766,0.0,
162299,Naperville,IL,2024,149936,IL0221400,Naperville,150521,1.004,12,converted,full,129,1342,1,0.86,8.95,0.67,
193205,Peoria,IL,2012,115070,IL0720700,Peoria,115288,1.002,12,SRS,full,919,5022,10,7.986,43.643,8.69,
193205,Peoria,IL,2013,115070,IL0720700,Peoria,115953,1.008,12,SRS,full,784,4415,16,6.813,38.368,13.9,
193205,Peoria,IL,2014,115070,IL0720700,Peoria,116923,1.016,12,SRS,full,759,4858,7,6.596,42.218,6.08,
193205,Peoria,IL,2015,115070,IL0720700,Peoria,116066,1.009,12,SRS,full,767,4452,15,6.666,38.689,13.04,
193205,Peoria,IL,2016,115070,IL0720700,Peoria,115099,1.0,12,SRS,full,875,4429,10,7.604,38.49,8.69,
193205,Peoria,IL,2017,115070,IL0720700,Peoria,114157,0.992,12,SRS,full,867,4810,12,7.535,41.801,10.43,
193205,Peoria,IL,2018,115070,IL0720700,Peoria,112595,0.978,12,SRS,full,860,4509,22,7.474,39.185,19.12,
193205,Peoria,IL,2019,112883,IL0720700,Peoria,110955,0.983,12,SRS,full,1158,4160,25,10.258,36.852,22.15,
193205,Peoria,IL,2020,110417,IL0720700,Peoria,109924,0.996,12,SRS,full,1084,3649,14,9.817,33.047,12.68,
193205,Peoria,IL,2021,110417,IL0720700,Peoria,,,,,missing,,,,,,,
193205,Peoria,IL,2022,109428,IL0720700,Peoria,110551,1.01,12,converted,full,1322,3522,24,12.081,32.186,21.93,
193205,Peoria,IL,2023,111666,IL0720700,Peoria,110118,0.986,12,converted,full,1323,4242,21,11.848,37.988,18.81,
193205,Peoria,IL,2024,111021,IL0720700,Peoria,109677,0.988,12,converted,full,1435,4700,13,12.925,42.334,11.71,
102882,Rockford,IL,2012,148276,IL1010400,Rockford,152293,1.027,12,SRS,full,2122,7665,13,14.311,51.694,8.77,
102882,Rockford,IL,2013,148276,IL1010400,Rockford,150209,1.013,12,SRS,full,2077,7092,19,14.008,47.83,12.81,
102882,Rockford,IL,2014,148276,IL1010400,Rockford,149586,1.009,12,SRS,full,1863,6443,18,12.564,43.453,12.14,
102882,Rockford,IL,2015,148276,IL1010400,Rockford,148178,0.999,12,SRS,full,2364,5912,19,15.943,39.872,12.81,
102882,Rockford,IL,2016,148276,IL1010400,Rockford,147363,0.994,12,SRS,full,2452,5584,26,16.537,37.659,17.53,
102882,Rockford,IL,2017,148276,IL1010400,Rockford,146770,0.99,12,SRS,full,2338,5290,18,15.768,35.677,12.14,
102882,Rockford,IL,2018,148276,IL1010400,Rockford,146198,0.986,12,SRS,full,2045,5441,23,13.792,36.695,15.51,
102882,Rockford,IL,2019,147051,IL1010400,Rockford,145719,0.991,12,SRS,full,1720,4891,15,11.697,33.261,10.2,
102882,Rockford,IL,2020,145609,IL1010400,Rockford,144795,0.994,12,SRS,full,2111,4133,30,14.498,28.384,20.6,
102882,Rockford,IL,2021,145609,IL1010400,Rockford,144027,0.989,12,converted,full,2223,3679,20,15.267,25.266,13.74,
102882,Rockford,IL,2022,144835,IL1010400,Rockford,146710,1.013,12,converted,full,2116,3894,17,14.61,26.886,11.74,
102882,Rockford,IL,2023,147711,IL1010400,Rockford,145873,0.988,12,converted,full,1683,3955,17,11.394,26.775,11.51,
102882,Rockford,IL,2024,146713,IL1010400,Rockford,145280,0.99,12,converted,full,1573,3678,19,10.722,25.069,12.95,
162629,Springfield,IL,2012,116565,IL0840200,Springfield,117131,1.005,12,SRS,full,1197,6908,10,10.269,59.263,8.58,
162629,Springfield,IL,2013,116565,IL0840200,Springfield,117351,1.007,12,SRS,full,1192,5908,4,10.226,50.684,3.43,
162629,Springfield,IL,2014,116565,IL0840200,Springfield,117134,1.005,12,SRS,full,1248,5535,4,10.706,47.484,3.43,
162629,Springfield,IL,2015,116565,IL0840200,Springfield,116875,1.003,12,SRS,full,1251,5321,11,10.732,45.648,9.44,
162629,Springfield,IL,2016,116565,IL0840200,Springfield,116563,1.0,12,SRS,full,1301,5158,6,11.161,44.25,5.15,
162629,Springfield,IL,2017,116565,IL0840200,Springfield,115568,0.991,12,SRS,full,1217,5496,9,10.441,47.15,7.72,
162629,Springfield,IL,2018,116565,IL0840200,Springfield,114623,0.983,12,SRS,full,955,5487,9,8.193,47.072,7.72,
162629,Springfield,IL,2019,114868,IL0840200,Springfield,114393,0.996,12,SRS,full,889,5080,9,7.739,44.225,7.84,
162629,Springfield,IL,2020,114230,IL0840200,Springfield,113912,0.997,12,SRS,full,1078,4465,11,9.437,39.088,9.63,
162629,Springfield,IL,2021,114230,IL0840200,Springfield,113331,0.992,12,converted,full,950,4321,11,8.317,37.827,9.63,
162629,Springfield,IL,2022,113671,IL0840200,Springfield,112549,0.99,12,converted,full,866,4774,7,7.618,41.998,6.16,
162629,Springfield,IL,2023,113394,IL0840200,Springfield,112781,0.995,12,converted,full,881,5344,5,7.769,47.128,4.41,
162629,Springfield,IL,2024,113273,IL0840200,Springfield,111965,0.988,12,converted,full,1009,5500,9,8.908,48.555,7.95,
126027,Carmel,IN,2012,88713,IN0290100,Carmel,81819,0.922,12,SRS,full,11,808,0,0.124,9.108,0.0,
126027,Carmel,IN,2013,88713,IN0290100,Carmel,84880,0.957,12,SRS,full,20,744,0,0.225,8.387,0.0,
126027,Carmel,IN,2014,88713,IN0290100,Carmel,87555,0.987,12,SRS,full,13,816,1,0.147,9.198,1.13,
126027,Carmel,IN,2015,88713,IN0290100,Carmel,88511,0.998,12,SRS,full,13,874,0,0.147,9.852,0.0,
126027,Carmel,IN,2016,88713,IN0290100,Carmel,90619,1.021,12,SRS,full,25,803,0,0.282,9.052,0.0,
126027,Carmel,IN,2017,88713,IN0290100,Carmel,93098,1.049,12,SRS,full,17,695,0,0.192,7.834,0.0,
126027,Carmel,IN,2018,88713,IN0290100,Carmel,94128,1.061,12,SRS,full,43,716,0,0.485,8.071,0.0,
126027,Carmel,IN,2019,92198,IN0290100,Carmel,95388,1.035,12,SRS,full,27,718,1,0.293,7.788,1.08,
126027,Carmel,IN,2020,101068,IN0290100,Carmel,103100,1.02,12,SRS,full,55,656,1,0.544,6.491,0.99,
126027,Carmel,IN,2021,101068,IN0290100,Carmel,103540,1.024,12,converted,full,50,672,1,0.495,6.649,0.99,
126027,Carmel,IN,2022,101643,IN0290100,Carmel,101670,1.0,12,converted,full,58,829,2,0.571,8.156,1.97,
126027,Carmel,IN,2023,100777,IN0290100,Carmel,103013,1.022,12,converted,full,65,873,1,0.645,8.663,0.99,
126027,Carmel,IN,2024,101964,IN0290100,Carmel,103107,1.011,12,converted,full,73,852,0,0.716,8.356,0.0,
163681,Evansville,IN,2012,119943,IN0820100,Evansville,118194,0.985,12,SRS,full,560,6083,8,4.669,50.716,6.67,
163681,Evansville,IN,2013,119943,IN0820100,Evansville,120284,1.003,12,SRS,full,564,5859,5,4.702,48.848,4.17,
163681,Evansville,IN,2014,119943,IN0820100,Evansville,120372,1.004,12,SRS,full,623,6883,9,5.194,57.386,7.5,
163681,Evansville,IN,2015,119943,IN0820100,Evansville,120414,1.004,12,SRS,full,708,6162,4,5.903,51.374,3.33,
163681,Evansville,IN,2016,119943,IN0820100,Evansville,119908,1.0,12,SRS,full,762,5881,8,6.353,49.032,6.67,
163681,Evansville,IN,2017,119943,IN0820100,Evansville,119371,0.995,12,SRS,full,825,5979,20,6.878,49.849,16.67,
163681,Evansville,IN,2018,119943,IN0820100,Evansville,118765,0.99,12,SRS,full,675,5301,10,5.628,44.196,8.34,
163681,Evansville,IN,2019,118930,IN0820100,Evansville,117700,0.99,12,SRS,full,721,4917,11,6.062,41.344,9.25,
163681,Evansville,IN,2020,117979,IN0820100,Evansville,117747,0.998,12,SRS,full,1188,4267,10,10.07,36.167,8.48,
163681,Evansville,IN,2021,117979,IN0820100,Evansville,118240,1.002,12,converted,full,874,4302,19,7.408,36.464,16.1,
163681,Evansville,IN,2022,118407,IN0820100,Evansville,115719,0.977,12,converted,full,835,4361,25,7.052,36.831,21.11,
163681,Evansville,IN,2023,116486,IN0820100,Evansville,114950,0.987,12,converted,full,1313,4219,10,11.272,36.219,8.58,break_high
163681,Evansville,IN,2024,115749,IN0820100,Evansville,114660,0.991,12,converted,full,1397,4237,12,12.069,36.605,10.37,break_high
103799,Fishers,IN,2012,88658,IN0290700,Fishers,79375,0.895,12,SRS,full,15,821,0,0.169,9.26,0.0,
103799,Fishers,IN,2013,88658,IN0290700,Fishers,83358,0.94,12,SRS,full,17,826,0,0.192,9.317,0.0,
103799,Fishers,IN,2014,88658,IN0290700,Fishers,85597,0.965,12,SRS,full,18,814,2,0.203,9.181,2.26,
103799,Fishers,IN,2015,88658,IN0290700,Fishers,88724,1.001,12,SRS,full,21,942,0,0.237,10.625,0.0,
103799,Fishers,IN,2016,88658,IN0290700,Fishers,91100,1.028,12,SRS,full,26,940,0,0.293,10.603,0.0,
103799,Fishers,IN,2017,88658,IN0290700,Fishers,92367,1.042,12,SRS,full,43,855,1,0.485,9.644,1.13,
103799,Fishers,IN,2018,88658,IN0290700,Fishers,94035,1.061,12,SRS,full,46,815,1,0.519,9.193,1.13,
103799,Fishers,IN,2019,91832,IN0290700,Fishers,95506,1.04,12,SRS,full,52,734,0,0.566,7.993,0.0,
103799,Fishers,IN,2020,95310,IN0290700,Fishers,97481,1.023,12,SRS,full,63,638,1,0.661,6.694,1.05,
103799,Fishers,IN,2021,95310,IN0290700,Fishers,99184,1.041,12,converted,full,78,681,0,0.818,7.145,0.0,
103799,Fishers,IN,2022,97020,IN0290700,Fishers,102921,1.061,12,converted,full,82,780,1,0.845,8.04,1.03,
103799,Fishers,IN,2023,101171,IN0290700,Fishers,103247,1.021,12,converted,full,107,635,1,1.058,6.277,0.99,
103799,Fishers,IN,2024,101966,IN0290700,Fishers,105680,1.036,12,converted,full,81,706,1,0.794,6.924,0.98,
163465,Fort Wayne,IN,2012,260326,IN0020100,Fort Wayne,256625,0.986,12,SRS,full,931,9515,22,3.576,36.55,8.45,
163465,Fort Wayne,IN,2013,260326,IN0020100,Fort Wayne,254820,0.979,12,SRS,full,951,9807,33,3.653,37.672,12.68,
163465,Fort Wayne,IN,2014,260326,IN0020100,Fort Wayne,257172,0.988,12,SRS,full,817,8352,13,3.138,32.083,4.99,
163465,Fort Wayne,IN,2015,260326,IN0020100,Fort Wayne,259712,0.998,12,SRS,full,984,7943,25,3.78,30.512,9.6,
163465,Fort Wayne,IN,2016,260326,IN0020100,Fort Wayne,261642,1.005,12,SRS,full,1040,8924,43,3.995,34.28,16.52,
163465,Fort Wayne,IN,2017,260326,IN0020100,Fort Wayne,266259,1.023,12,SRS,full,952,8466,38,3.657,32.521,14.6,
163465,Fort Wayne,IN,2018,260326,IN0020100,Fort Wayne,267634,1.028,12,SRS,full,1024,7007,40,3.934,26.916,15.37,
163465,Fort Wayne,IN,2019,265904,IN0020100,Fort Wayne,269366,1.013,12,SRS,full,976,7437,28,3.67,27.969,10.53,
163465,Fort Wayne,IN,2020,270402,IN0020100,Fort Wayne,272270,1.007,12,SRS,full,1124,6119,39,4.157,22.629,14.42,
163465,Fort Wayne,IN,2021,270402,IN0020100,Fort Wayne,274295,1.014,12,converted,full,706,6159,43,2.611,22.777,15.9,
163465,Fort Wayne,IN,2022,272398,IN0020100,Fort Wayne,267791,0.983,12,converted,full,701,6408,20,2.573,23.524,7.34,
163465,Fort Wayne,IN,2023,265974,IN0020100,Fort Wayne,269728,1.014,12,converted,full,732,6361,26,2.752,23.916,9.78,
163465,Fort Wayne,IN,2024,267927,IN0020100,Fort Wayne,271892,1.015,12,converted,full,839,6050,31,3.131,22.581,11.57,
207957,Indianapolis,IN,2012,853173,INIPD0000,Indianapolis,838650,0.983,12,SRS,full,9942,46898,97,11.653,54.969,11.37,
207957,Indianapolis,IN,2013,853173,INIPD0000,Indianapolis,850220,0.997,12,SRS,full,10479,44606,129,12.282,52.282,15.12,
207957,Indianapolis,IN,2014,853173,INIPD0000,Indianapolis,858238,1.006,12,SRS,full,10768,41394,136,12.621,48.518,15.94,
207957,Indianapolis,IN,2015,853173,INIPD0000,Indianapolis,863675,1.012,12,SRS,full,11124,41377,148,13.038,48.498,17.35,
207957,Indianapolis,IN,2016,853173,INIPD0000,Indianapolis,866351,1.015,12,SRS,full,11907,41540,148,13.956,48.689,17.35,
207957,Indianapolis,IN,2017,853173,INIPD0000,Indianapolis,870788,1.021,12,SRS,full,11616,38418,156,13.615,45.03,18.28,
207957,Indianapolis,IN,2018,853173,INIPD0000,Indianapolis,877584,1.029,12,SRS,full,11170,36237,162,13.092,42.473,18.99,
207957,Indianapolis,IN,2019,853173,INIPD0000,Indianapolis,883699,1.036,12,SRS,full,9140,32873,145,10.713,38.53,17.0,
207957,Indianapolis,IN,2020,876384,INIPD0000,Indianapolis,890672,1.016,12,SRS,full,9767,31071,216,11.145,35.454,24.65,
207957,Indianapolis,IN,2021,876384,INIPD0000,Indianapolis,895826,1.022,12,converted,full,9378,30370,246,10.701,34.654,28.07,
207957,Indianapolis,IN,2022,877903,INIPD0000,Indianapolis,886455,1.01,12,converted,full,9512,30151,210,10.835,34.344,23.92,
207957,Indianapolis,IN,2023,882039,INIPD0000,Indianapolis,887131,1.006,12,converted,full,9651,31568,169,10.942,35.79,19.16,
207957,Indianapolis,IN,2024,880621,INIPD0000,Indianapolis,890685,1.011,12,converted,full,8284,29628,174,9.407,33.644,19.76,
126081,South Bend,IN,2012,101516,IN0710200,South Bend,101398,0.999,12,SRS,full,622,4827,18,6.127,47.549,17.73,
126081,South Bend,IN,2013,101516,IN0710200,South Bend,100711,0.992,12,SRS,full,664,4889,9,6.541,48.16,8.87,
126081,South Bend,IN,2014,101516,IN0710200,South Bend,100853,0.993,12,SRS,full,691,4744,17,6.807,46.732,16.75,
126081,South Bend,IN,2015,101516,IN0710200,South Bend,101240,0.997,12,SRS,full,720,5410,17,7.092,53.292,16.75,
126081,South Bend,IN,2016,101516,IN0710200,South Bend,101621,1.001,12,SRS,full,1037,5166,14,10.215,50.889,13.79,
126081,South Bend,IN,2017,101516,IN0710200,South Bend,101857,1.003,12,SRS,full,1064,5100,15,10.481,50.238,14.78,
126081,South Bend,IN,2018,101516,IN0710200,South Bend,102397,1.009,12,SRS,full,1069,4415,9,10.53,43.491,8.87,
126081,South Bend,IN,2019,102245,IN0710200,South Bend,101944,0.997,12,SRS,full,1362,4311,14,13.321,42.163,13.69,
126081,South Bend,IN,2020,102026,IN0710200,South Bend,102119,1.001,12,SRS,full,1770,3754,28,17.349,36.795,27.44,
126081,South Bend,IN,2021,102026,IN0710200,South Bend,101936,0.999,12,converted,full,583,1102,7,5.714,10.801,6.86,break_low
126081,South Bend,IN,2022,101868,IN0710200,South Bend,103179,1.013,12,converted,full,966,2362,0,9.483,23.187,0.0,break_low
126081,South Bend,IN,2023,103353,IN0710200,South Bend,102999,0.997,12,converted,full,1254,2620,11,12.133,25.35,10.64,
126081,South Bend,IN,2024,103110,IN0710200,South Bend,103415,1.003,12,converted,full,897,1948,3,8.699,18.892,2.91,break_low
204523,Olathe,KS,2012,134305,KS0460500,Olathe,128560,0.957,12,SRS,full,191,2480,0,1.422,18.465,0.0,
204523,Olathe,KS,2013,134305,KS0460500,Olathe,131342,0.978,12,SRS,full,185,2273,2,1.377,16.924,1.49,
204523,Olathe,KS,2014,134305,KS0460500,Olathe,133341,0.993,12,SRS,full,101,1746,0,0.752,13.0,0.0,
204523,Olathe,KS,2015,134305,KS0460500,Olathe,134830,1.004,12,SRS,full,177,2099,3,1.318,15.629,2.23,
204523,Olathe,KS,2016,134305,KS0460500,Olathe,135977,1.012,12,SRS,full,222,2127,1,1.653,15.837,0.74,
204523,Olathe,KS,2017,134305,KS0460500,Olathe,137070,1.021,12,SRS,full,255,1958,2,1.899,14.579,1.49,
204523,Olathe,KS,2018,134305,KS0460500,Olathe,139154,1.036,12,SRS,full,305,1957,2,2.271,14.571,1.49,
204523,Olathe,KS,2019,137472,KS0460500,Olathe,141371,1.028,12,SRS,full,291,1618,4,2.117,11.77,2.91,
204523,Olathe,KS,2020,140545,KS0460500,Olathe,142228,1.012,12,SRS,full,349,1932,2,2.483,13.746,1.42,
204523,Olathe,KS,2021,140545,KS0460500,Olathe,143307,1.02,12,converted,full,345,1816,2,2.455,12.921,1.42,
204523,Olathe,KS,2022,141665,KS0460500,Olathe,144646,1.021,12,converted,full,331,1752,2,2.336,12.367,1.41,
204523,Olathe,KS,2023,143014,KS0460500,Olathe,147680,1.033,12,converted,full,345,1695,6,2.412,11.852,4.2,
204523,Olathe,KS,2024,145616,KS0460500,Olathe,149473,1.026,12,converted,full,294,1426,3,2.019,9.793,2.06,
208111,Overland Park,KS,2012,186515,KS0460600,Overland Park,177085,0.949,12,SRS,full,285,4079,2,1.528,21.87,1.07,
208111,Overland Park,KS,2013,186515,KS0460600,Overland Park,180555,0.968,12,SRS,full,284,3530,2,1.523,18.926,1.07,
208111,Overland Park,KS,2014,186515,KS0460600,Overland Park,183108,0.982,12,SRS,full,327,3033,6,1.753,16.261,3.22,
208111,Overland Park,KS,2015,186515,KS0460600,Overland Park,187240,1.004,12,SRS,full,399,3447,5,2.139,18.481,2.68,
208111,Overland Park,KS,2016,186515,KS0460600,Overland Park,189104,1.014,12,SRS,full,376,2803,4,2.016,15.028,2.14,
208111,Overland Park,KS,2017,186515,KS0460600,Overland Park,191566,1.027,12,SRS,full,399,3231,4,2.139,17.323,2.14,
208111,Overland Park,KS,2018,186515,KS0460600,Overland Park,193877,1.039,12,SRS,full,440,3739,3,2.359,20.047,1.61,
208111,Overland Park,KS,2019,191278,KS0460600,Overland Park,194983,1.019,12,SRS,full,367,2870,4,1.919,15.004,2.09,
208111,Overland Park,KS,2020,195494,KS0460600,Overland Park,198036,1.013,12,SRS,full,415,3934,4,2.123,20.123,2.05,
208111,Overland Park,KS,2021,195494,KS0460600,Overland Park,199881,1.022,12,converted,full,479,4395,2,2.45,22.482,1.02,
208111,Overland Park,KS,2022,197381,KS0460600,Overland Park,196626,0.996,12,converted,full,450,4745,5,2.28,24.04,2.53,
208111,Overland Park,KS,2023,197106,KS0460600,Overland Park,197728,1.003,12,converted,full,401,4367,2,2.034,22.156,1.01,
208111,Overland Park,KS,2024,197726,KS0460600,Overland Park,196875,0.996,12,converted,full,371,3514,0,1.876,17.772,0.0,
164885,Topeka,KS,2012,127265,KS0890100,Topeka,128843,1.012,12,SRS,full,772,6841,15,6.066,53.754,11.79,
164885,Topeka,KS,2013,127265,KS0890100,Topeka,128009,1.006,12,SRS,full,612,6486,11,4.809,50.965,8.64,
164885,Topeka,KS,2014,127265,KS0890100,Topeka,127673,1.003,12,SRS,full,651,6260,6,5.115,49.189,4.71,
164885,Topeka,KS,2015,127265,KS0890100,Topeka,127096,0.999,12,SRS,full,720,6601,11,5.657,51.868,8.64,
164885,Topeka,KS,2016,127265,KS0890100,Topeka,127166,0.999,12,SRS,full,711,7148,17,5.587,56.166,13.36,
164885,Topeka,KS,2017,127265,KS0890100,Topeka,126624,0.995,12,SRS,full,777,6494,27,6.105,51.027,21.22,
164885,Topeka,KS,2018,127265,KS0890100,Topeka,126399,0.993,12,SRS,full,766,6560,14,6.019,51.546,11.0,
164885,Topeka,KS,2019,126587,KS0890100,Topeka,125655,0.993,12,SRS,full,895,6271,13,7.07,49.539,10.27,
164885,Topeka,KS,2020,125310,KS0890100,Topeka,125024,0.998,12,SRS,full,94,536,1,0.75,4.277,0.8,break_low
164885,Topeka,KS,2021,125310,KS0890100,Topeka,124227,0.991,12,converted,full,1075,5301,16,8.579,42.303,12.77,
164885,Topeka,KS,2022,124558,KS0890100,Topeka,125658,1.009,12,converted,full,1211,4659,13,9.722,37.404,10.44,
164885,Topeka,KS,2023,125963,KS0890100,Topeka,124967,0.992,12,converted,full,1207,5108,26,9.582,40.552,20.64,
164885,Topeka,KS,2024,125449,KS0890100,Topeka,125156,0.998,12,converted,full,1072,4559,20,8.545,36.341,15.94,
201810,Wichita,KS,2012,389965,KS0870300,Wichita,386409,0.991,12,SRS,full,2896,21247,23,7.426,54.484,5.9,
201810,Wichita,KS,2013,389965,KS0870300,Wichita,386486,0.991,12,SRS,full,3069,20860,15,7.87,53.492,3.85,
201810,Wichita,KS,2014,389965,KS0870300,Wichita,387493,0.994,12,SRS,full,2939,18301,21,7.537,46.93,5.39,
201810,Wichita,KS,2015,389965,KS0870300,Wichita,389824,1.0,12,SRS,full,3854,19719,27,9.883,50.566,6.92,
201810,Wichita,KS,2016,389965,KS0870300,Wichita,391399,1.004,12,SRS,full,4163,21089,31,10.675,54.079,7.95,
201810,Wichita,KS,2017,389965,KS0870300,Wichita,391084,1.003,12,SRS,full,4027,21731,35,10.327,55.726,8.98,
201810,Wichita,KS,2018,389965,KS0870300,Wichita,391726,1.005,12,SRS,full,4666,22193,35,11.965,56.91,8.98,
201810,Wichita,KS,2019,390591,KS0870300,Wichita,390080,0.999,12,SRS,full,4493,20929,35,11.503,53.583,8.96,
201810,Wichita,KS,2020,389938,KS0870300,Wichita,390746,1.002,12,SRS,full,5225,19851,54,13.4,50.908,13.85,
201810,Wichita,KS,2021,389938,KS0870300,Wichita,392643,1.007,12,converted,full,4558,17538,47,11.689,44.976,12.05,
201810,Wichita,KS,2022,391731,KS0870300,Wichita,394286,1.007,12,converted,full,4367,16749,31,11.148,42.756,7.91,
201810,Wichita,KS,2023,395699,KS0870300,Wichita,395290,0.999,12,converted,full,4569,19001,39,11.547,48.019,9.86,
201810,Wichita,KS,2024,396192,KS0870300,Wichita,395486,0.998,12,converted,full,4899,20765,33,12.365,52.411,8.33,
164911,Wyandotte County And Kansas Unified Government,KS,2012,151306,KS1050200,Kansas City,147201,0.973,12,SRS,full,877,7538,15,5.796,49.82,9.91,
164911,Wyandotte County And Kansas Unified Government,KS,2013,151306,KS1050200,Kansas City,147618,0.976,12,SRS,full,731,7228,28,4.831,47.771,18.51,
164911,Wyandotte County And Kansas Unified Government,KS,2014,151306,KS1050200,Kansas City,149103,0.985,12,SRS,full,1060,7316,25,7.006,48.352,16.52,
164911,Wyandotte County And Kansas Unified Government,KS,2015,151306,KS1050200,Kansas City,150370,0.994,12,SRS,full,1163,7054,28,7.686,46.621,18.51,
164911,Wyandotte County And Kansas Unified Government,KS,2016,151306,KS1050200,Kansas City,,,,,missing,,,,,,,
164911,Wyandotte County And Kansas Unified Government,KS,2017,151306,KS1050200,Kansas City,,,,,missing,,,,,,,
164911,Wyandotte County And Kansas Unified Government,KS,2018,151306,KS1050200,Kansas City,,,,,missing,,,,,,,
164911,Wyandotte County And Kansas Unified Government,KS,2019,152938,KS1050200,Kansas City,,,,,missing,,,,,,,
164911,Wyandotte County And Kansas Unified Government,KS,2020,152960,KS1050200,Kansas City,,,,,missing,,,,,,,
164911,Wyandotte County And Kansas Unified Government,KS,2021,152960,KS1050200,Kansas City,,,,,missing,,,,,,,
164911,Wyandotte County And Kansas Unified Government,KS,2022,152727,KS1050200,Kansas City,,,,,missing,,,,,,,
164911,Wyandotte County And Kansas Unified Government,KS,2023,154545,KS1050200,Kansas City,152115,0.984,12,converted,full,180,682,5,1.165,4.413,3.24,
164911,Wyandotte County And Kansas Unified Government,KS,2024,153345,KS1050200,Kansas City,153363,1.0,12,converted,full,1615,5623,19,10.532,36.669,12.39,
165831,Lexington-Fayette Urban County Government,KY,2012,314488,KY0340200,Lexington,302332,0.961,12,SRS,full,1068,13469,12,3.396,42.828,3.82,
165831,Lexington-Fayette Urban County Government,KY,2013,314488,KY0340200,Lexington,308712,0.982,12,SRS,full,946,12524,18,3.008,39.823,5.72,
165831,Lexington-Fayette Urban County Government,KY,2014,314488,KY0340200,Lexington,311848,0.992,12,SRS,full,1050,12201,20,3.339,38.796,6.36,
165831,Lexington-Fayette Urban County Government,KY,2015,314488,KY0340200,Lexington,314077,0.999,12,SRS,full,1052,12482,15,3.345,39.69,4.77,
165831,Lexington-Fayette Urban County Government,KY,2016,314488,KY0340200,Lexington,317853,1.011,12,SRS,full,1083,13099,24,3.444,41.652,7.63,
165831,Lexington-Fayette Urban County Government,KY,2017,314488,KY0340200,Lexington,322332,1.025,12,SRS,full,1165,12286,29,3.704,39.067,9.22,
165831,Lexington-Fayette Urban County Government,KY,2018,314488,KY0340200,Lexington,325579,1.035,12,SRS,full,1001,10405,22,3.183,33.086,7.0,
165831,Lexington-Fayette Urban County Government,KY,2019,321959,KY0340200,Lexington,326070,1.013,12,SRS,full,989,9814,30,3.072,30.482,9.32,
165831,Lexington-Fayette Urban County Government,KY,2020,323152,KY0340200,Lexington,325851,1.008,12,SRS,full,1064,9445,31,3.293,29.228,9.59,
165831,Lexington-Fayette Urban County Government,KY,2021,323152,KY0340200,Lexington,328965,1.018,12,converted,full,989,9038,36,3.06,27.968,11.14,
165831,Lexington-Fayette Urban County Government,KY,2022,324735,KY0340200,Lexington,320983,0.988,12,converted,full,893,8836,42,2.75,27.21,12.93,
165831,Lexington-Fayette Urban County Government,KY,2023,321793,KY0340200,Lexington,319994,0.994,12,converted,full,827,8865,21,2.57,27.549,6.53,
165831,Lexington-Fayette Urban County Government,KY,2024,320347,KY0340200,Lexington,323254,1.009,12,converted,full,863,7428,22,2.694,23.187,6.87,
165866,Louisville-Jefferson County Metro Government,KY,2012,763623,KY0568000,Louisville Metro,666200,0.872,12,SRS,full,3989,28606,62,5.224,37.461,8.12,
165866,Louisville-Jefferson County Metro Government,KY,2013,763623,KY0568000,Louisville Metro,671120,0.879,12,SRS,full,3644,28780,48,4.772,37.689,6.29,
165866,Louisville-Jefferson County Metro Government,KY,2014,763623,KY0568000,Louisville Metro,677710,0.887,12,SRS,full,4015,28438,56,5.258,37.241,7.33,
165866,Louisville-Jefferson County Metro Government,KY,2015,763623,KY0568000,Louisville Metro,680550,0.891,12,SRS,full,4315,28534,82,5.651,37.367,10.74,
165866,Louisville-Jefferson County Metro Government,KY,2016,763623,KY0568000,Louisville Metro,683825,0.896,12,SRS,full,4638,30377,119,6.074,39.78,15.58,
165866,Louisville-Jefferson County Metro Government,KY,2017,763623,KY0568000,Louisville Metro,685171,0.897,12,SRS,full,4469,28457,108,5.852,37.266,14.14,
165866,Louisville-Jefferson County Metro Government,KY,2018,763623,KY0568000,Louisville Metro,683335,0.895,12,SRS,full,4149,27702,85,5.433,36.277,11.13,
165866,Louisville-Jefferson County Metro Government,KY,2019,771158,KY0568000,Louisville Metro,675501,0.876,12,SRS,full,4691,26510,93,6.083,34.377,12.06,
165866,Louisville-Jefferson County Metro Government,KY,2020,766757,KY0568000,Louisville Metro,673730,0.879,12,SRS,full,6364,25347,167,8.3,33.057,21.78,
165866,Louisville-Jefferson County Metro Government,KY,2021,766757,KY0568000,Louisville Metro,678236,0.885,12,converted,full,6686,22637,189,8.72,29.523,24.65,
165866,Louisville-Jefferson County Metro Government,KY,2022,767452,KY0568000,Louisville Metro,677554,0.883,12,converted,full,4717,19878,165,6.146,25.901,21.5,
165866,Louisville-Jefferson County Metro Government,KY,2023,777874,KY0568000,Louisville Metro,669468,0.861,12,converted,full,5236,24357,150,6.731,31.312,19.28,
165866,Louisville-Jefferson County Metro Government,KY,2024,773399,KY0568000,Louisville Metro,676843,0.875,12,converted,full,5152,23747,147,6.662,30.705,19.01,
166054,Baton Rouge-East Baton Rouge-Parish,LA,2012,228590,LA0170200,Baton Rouge,231500,1.013,12,SRS,full,2507,12059,66,10.967,52.754,28.87,
166054,Baton Rouge-East Baton Rouge-Parish,LA,2013,228590,LA0170200,Baton Rouge,230212,1.007,12,SRS,full,2127,11418,49,9.305,49.95,21.44,
166054,Baton Rouge-East Baton Rouge-Parish,LA,2014,228590,LA0170200,Baton Rouge,229387,1.003,12,SRS,full,2120,10270,53,9.274,44.928,23.19,
166054,Baton Rouge-East Baton Rouge-Parish,LA,2015,228590,LA0170200,Baton Rouge,228727,1.001,12,SRS,full,2001,10243,60,8.754,44.809,26.25,
166054,Baton Rouge-East Baton Rouge-Parish,LA,2016,228590,LA0170200,Baton Rouge,228389,0.999,12,SRS,full,2143,9934,47,9.375,43.458,20.56,
166054,Baton Rouge-East Baton Rouge-Parish,LA,2017,228590,LA0170200,Baton Rouge,227403,0.995,12,SRS,full,2335,12721,87,10.215,55.65,38.06,
166054,Baton Rouge-East Baton Rouge-Parish,LA,2018,228590,LA0170200,Baton Rouge,224790,0.983,12,SRS,full,2067,11965,79,9.042,52.343,34.56,
166054,Baton Rouge-East Baton Rouge-Parish,LA,2019,228590,LA0170200,Baton Rouge,220648,0.965,12,SRS,full,2066,11673,70,9.038,51.065,30.62,
166054,Baton Rouge-East Baton Rouge-Parish,LA,2020,220236,LA0170200,Baton Rouge,219245,0.996,12,SRS,full,2087,10580,102,9.476,48.039,46.31,
166054,Baton Rouge-East Baton Rouge-Parish,LA,2021,220236,LA0170200,Baton Rouge,218060,0.99,12,converted,full,2796,9741,102,12.695,44.23,46.31,
166054,Baton Rouge-East Baton Rouge-Parish,LA,2022,219052,LA0170200,Baton Rouge,219913,1.004,12,converted,full,2365,12897,65,10.797,58.876,29.67,
166054,Baton Rouge-East Baton Rouge-Parish,LA,2023,222185,LA0170200,Baton Rouge,219086,0.986,12,converted,full,2210,12126,53,9.947,54.576,23.85,
166054,Baton Rouge-East Baton Rouge-Parish,LA,2024,221453,LA0170200,Baton Rouge,217387,0.982,4,converted,partial,663,3812,24,,,,break_low
166076,Lafayette-Parish,LA,2012,127657,,,,,,,missing,,,,,,,
166076,Lafayette-Parish,LA,2013,127657,,,,,,,missing,,,,,,,
166076,Lafayette-Parish,LA,2014,127657,,,,,,,missing,,,,,,,
166076,Lafayette-Parish,LA,2015,127657,,,,,,,missing,,,,,,,
166076,Lafayette-Parish,LA,2016,127657,,,,,,,missing,,,,,,,
166076,Lafayette-Parish,LA,2017,127657,,,,,,,missing,,,,,,,
166076,Lafayette-Parish,LA,2018,127657,,,,,,,missing,,,,,,,
166076,Lafayette-Parish,LA,2019,127657,,,,,,,missing,,,,,,,
166076,Lafayette-Parish,LA,2020,126185,,,,,,,missing,,,,,,,
166076,Lafayette-Parish,LA,2021,126185,,,,,,,missing,,,,,,,
166076,Lafayette-Parish,LA,2022,126535,,,,,,,missing,,,,,,,
166076,Lafayette-Parish,LA,2023,121771,,,,,,,missing,,,,,,,
166076,Lafayette-Parish,LA,2024,121389,,,,,,,missing,,,,,,,
166094,New Orleans,LA,2012,389617,LANPD0000,New Orleans,362874,0.931,12,SRS,full,2958,13689,193,7.592,35.135,49.54,
166094,New Orleans,LA,2013,389617,LANPD0000,New Orleans,377022,0.968,12,SRS,full,2965,14525,156,7.61,37.28,40.04,
166094,New Orleans,LA,2014,389617,LANPD0000,New Orleans,387113,0.994,12,SRS,full,3770,16382,150,9.676,42.046,38.5,
166094,New Orleans,LA,2015,389617,LANPD0000,New Orleans,393447,1.01,12,SRS,full,3736,15243,164,9.589,39.123,42.09,
166094,New Orleans,LA,2016,389617,LANPD0000,New Orleans,397208,1.019,12,SRS,full,4249,15571,174,10.906,39.965,44.66,
166094,New Orleans,LA,2017,389617,LANPD0000,New Orleans,397447,1.02,12,SRS,full,4457,16867,157,11.439,43.291,40.3,
166094,New Orleans,LA,2018,389617,LANPD0000,New Orleans,396374,1.017,12,SRS,full,4611,18063,147,11.835,46.361,37.73,
166094,New Orleans,LA,2019,393292,LANPD0000,New Orleans,394498,1.003,12,SRS,full,4516,20879,121,11.483,53.088,30.77,
166094,New Orleans,LA,2020,390144,LANPD0000,New Orleans,393779,1.009,12,SRS,full,5215,17876,201,13.367,45.819,51.52,
166094,New Orleans,LA,2021,390144,LANPD0000,New Orleans,391149,1.003,12,converted,full,5820,15844,218,14.918,40.611,55.88,
166094,New Orleans,LA,2022,389476,LANPD0000,New Orleans,370128,0.95,12,converted,full,5611,17177,266,14.407,44.103,68.3,
166094,New Orleans,LA,2023,376971,LANPD0000,New Orleans,364197,0.966,12,converted,full,4957,18536,193,13.15,49.171,51.2,
166094,New Orleans,LA,2024,369749,LANPD0000,New Orleans,,,,,missing,,,,,,,
127810,Shreveport,LA,2012,197204,LA0090100,Shreveport,202164,1.025,12,SRS,full,1550,9862,17,7.86,50.009,8.62,
127810,Shreveport,LA,2013,197204,LA0090100,Shreveport,202189,1.025,12,SRS,full,1397,9584,26,7.084,48.599,13.18,
127810,Shreveport,LA,2014,197204,LA0090100,Shreveport,200184,1.015,12,SRS,full,1444,9204,20,7.322,46.672,10.14,
127810,Shreveport,LA,2015,197204,LA0090100,Shreveport,197592,1.002,12,SRS,full,1619,10148,22,8.21,51.459,11.16,
127810,Shreveport,LA,2016,197204,LA0090100,Shreveport,196467,0.996,12,SRS,full,1865,10721,42,9.457,54.365,21.3,
127810,Shreveport,LA,2017,197204,LA0090100,Shreveport,193937,0.983,12,SRS,full,1850,10813,52,9.381,54.832,26.37,
127810,Shreveport,LA,2018,197204,LA0090100,Shreveport,190808,0.968,12,SRS,full,1588,9884,49,8.053,50.121,24.85,
127810,Shreveport,LA,2019,192036,LA0090100,Shreveport,187556,0.977,12,SRS,full,1462,9189,35,7.613,47.85,18.23,
127810,Shreveport,LA,2020,187112,LA0090100,Shreveport,185588,0.992,12,SRS,full,1713,8907,69,9.155,47.603,36.88,
127810,Shreveport,LA,2021,187112,LA0090100,Shreveport,183204,0.979,12,converted,full,1686,7353,83,9.011,39.297,44.36,
127810,Shreveport,LA,2022,184786,LA0090100,Shreveport,180763,0.978,12,converted,full,1466,6851,47,7.934,37.075,25.43,
127810,Shreveport,LA,2023,184021,LA0090100,Shreveport,176906,0.961,12,converted,full,2039,5618,54,11.08,30.529,29.34,
127810,Shreveport,LA,2024,180153,LA0090100,Shreveport,175092,0.972,12,converted,full,2161,7060,46,11.995,39.189,25.53,
128108,Boston,MA,2012,667137,MA0130100,Boston,630648,0.945,12,SRS,full,5266,18349,57,7.893,27.504,8.54,
128108,Boston,MA,2013,667137,MA0130100,Boston,643799,0.965,12,SRS,full,5037,17853,39,7.55,26.761,5.85,
128108,Boston,MA,2014,667137,MA0130100,Boston,654413,0.981,12,SRS,full,4749,17269,53,7.118,25.885,7.94,
128108,Boston,MA,2015,667137,MA0130100,Boston,665258,0.997,12,SRS,full,4702,15408,38,7.048,23.096,5.7,
128108,Boston,MA,2016,667137,MA0130100,Boston,673880,1.01,12,SRS,full,4767,14489,49,7.145,21.718,7.34,
128108,Boston,MA,2017,667137,MA0130100,Boston,682903,1.024,12,SRS,full,4570,14266,57,6.85,21.384,8.54,
128108,Boston,MA,2018,667137,MA0130100,Boston,694673,1.041,12,SRS,full,4324,14007,56,6.481,20.996,8.39,
128108,Boston,MA,2019,685094,MA0130100,Boston,698941,1.02,12,SRS,full,4276,13379,42,6.241,19.529,6.13,
128108,Boston,MA,2020,692600,MA0130100,Boston,697323,1.007,12,SRS,full,4441,13203,58,6.412,19.063,8.37,
128108,Boston,MA,2021,692600,MA0130100,Boston,704758,1.018,12,converted,full,3977,11749,37,5.742,16.964,5.34,
128108,Boston,MA,2022,691531,MA0130100,Boston,638925,0.924,12,converted,full,4061,11672,46,5.872,16.878,6.65,
128108,Boston,MA,2023,654776,MA0130100,Boston,642823,0.982,12,converted,full,4073,12607,35,6.22,19.254,5.35,
128108,Boston,MA,2024,650706,MA0130100,Boston,659049,1.013,12,converted,full,4153,13363,25,6.382,20.536,3.84,
166455,Brockton,MA,2012,95314,MA0120300,Brockton,95156,0.998,12,SRS,full,1088,3076,6,11.415,32.272,6.29,
166455,Brockton,MA,2013,95314,MA0120300,Brockton,94448,0.991,12,SRS,full,1163,3188,9,12.202,33.447,9.44,
166455,Brockton,MA,2014,95314,MA0120300,Brockton,94427,0.991,12,SRS,full,993,2907,12,10.418,30.499,12.59,
166455,Brockton,MA,2015,95314,MA0120300,Brockton,95049,0.997,12,SRS,full,943,2151,8,9.894,22.568,8.39,
166455,Brockton,MA,2016,95314,MA0120300,Brockton,95189,0.999,12,SRS,full,1029,2295,3,10.796,24.078,3.15,
166455,Brockton,MA,2017,95314,MA0120300,Brockton,96016,1.007,12,SRS,full,918,1961,8,9.631,20.574,8.39,
166455,Brockton,MA,2018,95314,MA0120300,Brockton,95922,1.006,12,SRS,full,868,2073,9,9.107,21.749,9.44,
166455,Brockton,MA,2019,95672,MA0120300,Brockton,95287,0.996,12,SRS,full,783,1853,5,8.184,19.368,5.23,
166455,Brockton,MA,2020,95708,MA0120300,Brockton,95230,0.995,12,SRS,full,758,1668,4,7.92,17.428,4.18,
166455,Brockton,MA,2021,95708,MA0120300,Brockton,96586,1.009,12,converted,full,676,1672,8,7.063,17.47,8.36,
166455,Brockton,MA,2022,95770,MA0120300,Brockton,105929,1.106,12,converted,full,712,1905,8,7.434,19.891,8.35,
166455,Brockton,MA,2023,105446,MA0120300,Brockton,104890,0.995,12,converted,full,698,2167,7,6.62,20.551,6.64,
166455,Brockton,MA,2024,104826,MA0120300,Brockton,106650,1.017,12,converted,full,639,1434,8,6.096,13.68,7.63,
166448,Cambridge,MA,2012,110402,MA0091100,Cambridge,106981,0.969,12,SRS,full,433,3096,1,3.922,28.043,0.91,
166448,Cambridge,MA,2013,110402,MA0091100,Cambridge,107282,0.972,12,SRS,full,361,2907,3,3.27,26.331,2.72,
166448,Cambridge,MA,2014,110402,MA0091100,Cambridge,108201,0.98,12,SRS,full,302,2610,2,2.735,23.641,1.81,
166448,Cambridge,MA,2015,110402,MA0091100,Cambridge,110953,1.005,12,SRS,full,328,2616,3,2.971,23.695,2.72,
166448,Cambridge,MA,2016,110402,MA0091100,Cambridge,111030,1.006,12,SRS,full,294,2371,2,2.663,21.476,1.81,
166448,Cambridge,MA,2017,110402,MA0091100,Cambridge,111707,1.012,12,SRS,full,312,2032,2,2.826,18.405,1.81,
166448,Cambridge,MA,2018,110402,MA0091100,Cambridge,114881,1.041,12,SRS,full,343,2069,0,3.107,18.741,0.0,
166448,Cambridge,MA,2019,113630,MA0091100,Cambridge,119908,1.055,12,SRS,full,334,1983,1,2.939,17.451,0.88,
166448,Cambridge,MA,2020,118927,MA0091100,Cambridge,119938,1.009,12,SRS,full,341,2197,1,2.867,18.474,0.84,
166448,Cambridge,MA,2021,118927,MA0091100,Cambridge,121699,1.023,12,converted,full,372,2363,1,3.128,19.869,0.84,
166448,Cambridge,MA,2022,119192,MA0091100,Cambridge,117044,0.982,12,converted,full,474,2622,0,3.977,21.998,0.0,
166448,Cambridge,MA,2023,117090,MA0091100,Cambridge,118960,1.016,12,converted,full,570,2842,1,4.868,24.272,0.85,
166448,Cambridge,MA,2024,118488,MA0091100,Cambridge,120447,1.017,12,converted,full,526,3186,0,4.439,26.889,0.0,
166449,Lowell,MA,2012,110699,MA0092600,Lowell,108539,0.98,12,SRS,full,585,3149,0,5.285,28.447,0.0,
166449,Lowell,MA,2013,110699,MA0092600,Lowell,109449,0.989,12,SRS,full,626,3387,4,5.655,30.596,3.61,
166449,Lowell,MA,2014,110699,MA0092600,Lowell,109729,0.991,12,SRS,full,599,2800,6,5.411,25.294,5.42,
166449,Lowell,MA,2015,110699,MA0092600,Lowell,110819,1.001,12,SRS,full,483,2376,0,4.363,21.464,0.0,
166449,Lowell,MA,2016,110699,MA0092600,Lowell,111027,1.003,12,SRS,full,380,2207,0,3.433,19.937,0.0,
166449,Lowell,MA,2017,110699,MA0092600,Lowell,111294,1.005,12,SRS,full,323,2201,1,2.918,19.883,0.9,
166449,Lowell,MA,2018,110699,MA0092600,Lowell,111989,1.012,12,SRS,full,367,1723,4,3.315,15.565,3.61,
166449,Lowell,MA,2019,111346,MA0092600,Lowell,111423,1.001,12,SRS,full,405,1669,4,3.637,14.989,3.59,
166449,Lowell,MA,2020,110997,MA0092600,Lowell,110876,0.999,12,SRS,full,350,1632,6,3.153,14.703,5.41,
166449,Lowell,MA,2021,110997,MA0092600,Lowell,112230,1.011,12,converted,full,366,1516,6,3.297,13.658,5.41,
166449,Lowell,MA,2022,110904,MA0092600,Lowell,113277,1.021,12,converted,full,455,1981,6,4.103,17.862,5.41,
166449,Lowell,MA,2023,113994,MA0092600,Lowell,113124,0.992,12,converted,full,514,2135,2,4.509,18.729,1.75,
166449,Lowell,MA,2024,113608,MA0092600,Lowell,116062,1.022,12,converted,full,618,1930,5,5.44,16.988,4.4,
106055,Lynn,MA,2012,92457,MA0051400,Lynn,91846,0.993,12,SRS,full,754,2589,2,8.155,28.002,2.16,
106055,Lynn,MA,2013,92457,MA0051400,Lynn,91769,0.993,12,SRS,full,816,2398,2,8.826,25.936,2.16,
106055,Lynn,MA,2014,92457,MA0051400,Lynn,92131,0.996,12,SRS,full,716,2283,5,7.744,24.693,5.41,
106055,Lynn,MA,2015,92457,MA0051400,Lynn,92584,1.001,12,SRS,full,719,2191,2,7.777,23.698,2.16,
106055,Lynn,MA,2016,92457,MA0051400,Lynn,92443,1.0,12,SRS,full,714,1922,4,7.723,20.788,4.33,
106055,Lynn,MA,2017,92457,MA0051400,Lynn,93140,1.007,12,SRS,full,666,1633,12,7.203,17.662,12.98,
106055,Lynn,MA,2018,92457,MA0051400,Lynn,94558,1.023,12,SRS,full,564,1360,3,6.1,14.71,3.24,
106055,Lynn,MA,2019,94063,MA0051400,Lynn,94449,1.004,12,SRS,full,465,1348,8,4.943,14.331,8.5,
106055,Lynn,MA,2020,94299,MA0051400,Lynn,94223,0.999,12,SRS,full,418,915,6,4.433,9.703,6.36,
106055,Lynn,MA,2021,94299,MA0051400,Lynn,95727,1.015,12,converted,full,444,851,1,4.708,9.024,1.06,
106055,Lynn,MA,2022,94539,MA0051400,Lynn,101056,1.069,12,converted,full,662,1203,7,7.002,12.725,7.4,
106055,Lynn,MA,2023,100843,MA0051400,Lynn,101144,1.003,12,converted,full,466,999,4,4.621,9.906,3.97,
106055,Lynn,MA,2024,100891,MA0051400,Lynn,103200,1.023,12,converted,full,593,1208,3,5.878,11.973,2.97,
166441,New Bedford,MA,2012,94958,MA0031100,New Bedford,96031,1.011,12,SRS,full,1034,3186,2,10.889,33.552,2.11,
166441,New Bedford,MA,2013,94958,MA0031100,New Bedford,95156,1.002,12,SRS,full,1040,3444,6,10.952,36.269,6.32,
166441,New Bedford,MA,2014,94958,MA0031100,New Bedford,95366,1.004,12,SRS,full,1200,3364,3,12.637,35.426,3.16,
166441,New Bedford,MA,2015,94958,MA0031100,New Bedford,94833,0.999,12,SRS,full,1048,3133,5,11.036,32.994,5.27,
166441,New Bedford,MA,2016,94958,MA0031100,New Bedford,94524,0.995,12,SRS,full,808,2927,3,8.509,30.824,3.16,
166441,New Bedford,MA,2017,94958,MA0031100,New Bedford,95107,1.002,12,SRS,full,634,2717,8,6.677,28.613,8.42,
166441,New Bedford,MA,2018,94958,MA0031100,New Bedford,95106,1.002,12,SRS,full,603,2426,3,6.35,25.548,3.16,
166441,New Bedford,MA,2019,95120,MA0031100,New Bedford,94613,0.995,12,SRS,full,630,2130,3,6.623,22.393,3.15,
166441,New Bedford,MA,2020,95363,MA0031100,New Bedford,94886,0.995,12,SRS,full,595,1681,4,6.239,17.627,4.19,
166441,New Bedford,MA,2021,95363,MA0031100,New Bedford,96346,1.01,12,converted,full,616,1650,4,6.46,17.302,4.19,
166441,New Bedford,MA,2022,95517,MA0031100,New Bedford,101402,1.062,12,converted,full,635,1582,4,6.648,16.562,4.19,
166441,New Bedford,MA,2023,100941,MA0031100,New Bedford,100876,0.999,12,converted,full,510,1566,4,5.052,15.514,3.96,
166441,New Bedford,MA,2024,100682,MA0031100,New Bedford,102491,1.018,12,converted,full,363,1395,7,3.605,13.856,6.95,break_low
166454,Quincy,MA,2012,93618,MA0112000,Quincy,93736,1.001,12,SRS,full,401,1554,0,4.283,16.599,0.0,
166454,Quincy,MA,2013,93618,MA0112000,Quincy,93490,0.999,12,SRS,full,361,1647,0,3.856,17.593,0.0,
166454,Quincy,MA,2014,93618,MA0112000,Quincy,94035,1.004,12,SRS,full,394,1500,0,4.209,16.023,0.0,
166454,Quincy,MA,2015,93618,MA0112000,Quincy,93671,1.001,12,SRS,full,376,1498,1,4.016,16.001,1.07,
166454,Quincy,MA,2016,93618,MA0112000,Quincy,93437,0.998,12,SRS,full,408,1506,0,4.358,16.087,0.0,
166454,Quincy,MA,2017,93618,MA0112000,Quincy,93966,1.004,12,SRS,full,383,1564,0,4.091,16.706,0.0,
166454,Quincy,MA,2018,93618,MA0112000,Quincy,94388,1.008,12,SRS,full,352,1190,0,3.76,12.711,0.0,
166454,Quincy,MA,2019,94166,MA0112000,Quincy,94113,0.999,12,SRS,full,375,1146,1,3.982,12.17,1.06,
166454,Quincy,MA,2020,94470,MA0112000,Quincy,94119,0.996,12,SRS,full,303,1146,1,3.207,12.131,1.06,
166454,Quincy,MA,2021,94470,MA0112000,Quincy,95396,1.01,12,converted,full,303,1166,0,3.207,12.343,0.0,
166454,Quincy,MA,2022,94421,MA0112000,Quincy,101130,1.071,12,converted,full,403,1106,2,4.268,11.713,2.12,
166454,Quincy,MA,2023,101119,MA0112000,Quincy,102211,1.011,12,converted,full,352,1145,0,3.481,11.323,0.0,
166454,Quincy,MA,2024,101727,MA0112000,Quincy,103550,1.018,12,converted,full,346,1379,0,3.401,13.556,0.0,
106061,Springfield,MA,2012,154341,MA0071800,Springfield,154518,1.001,12,SRS,full,1606,7028,11,10.406,45.536,7.13,
106061,Springfield,MA,2013,154341,MA0071800,Springfield,153586,0.995,12,SRS,full,1677,7122,22,10.866,46.145,14.25,
106061,Springfield,MA,2014,154341,MA0071800,Springfield,153766,0.996,12,SRS,full,1678,5907,13,10.872,38.272,8.42,
106061,Springfield,MA,2015,154341,MA0071800,Springfield,154090,0.998,12,SRS,full,1662,5186,18,10.768,33.601,11.66,
106061,Springfield,MA,2016,154341,MA0071800,Springfield,154102,0.998,12,SRS,full,1590,5074,12,10.302,32.875,7.77,
106061,Springfield,MA,2017,154341,MA0071800,Springfield,154562,1.001,12,SRS,full,1356,4596,14,8.786,29.778,9.07,
106061,Springfield,MA,2018,154341,MA0071800,Springfield,155179,1.005,12,SRS,full,1541,4097,19,9.984,26.545,12.31,
106061,Springfield,MA,2019,154758,MA0071800,Springfield,154306,0.997,12,SRS,full,1398,4010,20,9.033,25.911,12.92,
106061,Springfield,MA,2020,153606,MA0071800,Springfield,153084,0.997,12,SRS,full,1482,3737,18,9.648,24.328,11.72,
106061,Springfield,MA,2021,153606,MA0071800,Springfield,154098,1.003,12,converted,full,1444,3610,18,9.401,23.502,11.72,
106061,Springfield,MA,2022,152646,MA0071800,Springfield,155046,1.016,12,converted,full,1340,3677,15,8.778,24.088,9.83,
106061,Springfield,MA,2023,154789,MA0071800,Springfield,154218,0.996,12,converted,full,1366,4607,31,8.825,29.763,20.03,
106061,Springfield,MA,2024,154064,MA0071800,Springfield,155491,1.009,12,converted,full,1387,4415,17,9.003,28.657,11.03,
106079,Worcester,MA,2012,184815,MA0146000,Worcester,183247,0.992,12,SRS,full,1761,6445,8,9.528,34.873,4.33,
106079,Worcester,MA,2013,184815,MA0146000,Worcester,183454,0.993,12,SRS,full,1751,6247,9,9.474,33.801,4.87,
106079,Worcester,MA,2014,184815,MA0146000,Worcester,183248,0.992,12,SRS,full,1768,5612,6,9.566,30.366,3.25,
106079,Worcester,MA,2015,184815,MA0146000,Worcester,183377,0.992,12,SRS,full,1634,5375,8,8.841,29.083,4.33,
106079,Worcester,MA,2016,184815,MA0146000,Worcester,184595,0.999,12,SRS,full,1646,5364,8,8.906,29.024,4.33,
106079,Worcester,MA,2017,184815,MA0146000,Worcester,185107,1.002,12,SRS,full,1359,4048,5,7.353,21.903,2.71,
106079,Worcester,MA,2018,184815,MA0146000,Worcester,186188,1.007,12,SRS,full,1278,3978,5,6.915,21.524,2.71,
106079,Worcester,MA,2019,185677,MA0146000,Worcester,184945,0.996,12,SRS,full,1169,3758,13,6.296,20.239,7.0,
106079,Worcester,MA,2020,185428,MA0146000,Worcester,184850,0.997,12,SRS,full,1172,3702,10,6.321,19.965,5.39,
106079,Worcester,MA,2021,185428,MA0146000,Worcester,186365,1.005,12,converted,full,1207,3541,6,6.509,19.096,3.24,
106079,Worcester,MA,2022,184570,MA0146000,Worcester,206575,1.119,12,converted,full,1246,3445,11,6.751,18.665,5.96,
106079,Worcester,MA,2023,205918,MA0146000,Worcester,206145,1.001,12,converted,full,1473,3347,8,7.153,16.254,3.89,
106079,Worcester,MA,2024,205319,MA0146000,Worcester,212425,1.035,12,converted,full,1363,3350,15,6.638,16.316,7.31,
208246,Baltimore,MD,2012,621849,MDBPD0000,Baltimore,625474,1.006,12,SRS,full,8789,29149,216,14.134,46.875,34.74,
208246,Baltimore,MD,2013,621849,MDBPD0000,Baltimore,622671,1.001,12,SRS,full,8725,30789,233,14.031,49.512,37.47,
208246,Baltimore,MD,2014,621849,MDBPD0000,Baltimore,623513,1.003,12,SRS,full,8346,29420,211,13.421,47.311,33.93,
208246,Baltimore,MD,2015,621849,MDBPD0000,Baltimore,621252,0.999,12,SRS,full,9542,30941,344,15.345,49.756,55.32,
208246,Baltimore,MD,2016,621849,MDBPD0000,Baltimore,618385,0.994,12,SRS,full,11010,29547,318,17.705,47.515,51.14,
208246,Baltimore,MD,2017,621849,MDBPD0000,Baltimore,613217,0.986,12,SRS,full,12430,30220,342,19.989,48.597,55.0,
208246,Baltimore,MD,2018,621849,MDBPD0000,Baltimore,605436,0.974,12,SRS,full,11100,27217,309,17.85,43.768,49.69,
208246,Baltimore,MD,2019,611648,MDBPD0000,Baltimore,597239,0.976,12,SRS,full,11101,25748,348,18.149,42.096,56.9,
208246,Baltimore,MD,2020,593490,MDBPD0000,Baltimore,588594,0.992,12,SRS,full,9398,18540,330,15.835,31.239,55.6,
208246,Baltimore,MD,2021,593490,MDBPD0000,Baltimore,590536,0.995,12,converted,full,4982,8169,174,8.394,13.764,29.32,break_low
208246,Baltimore,MD,2022,586131,MDBPD0000,Baltimore,570546,0.973,12,converted,full,9751,19289,326,16.636,32.909,55.62,
208246,Baltimore,MD,2023,576498,MDBPD0000,Baltimore,565192,0.98,12,converted,full,9573,29003,246,16.605,50.309,42.67,
208246,Baltimore,MD,2024,569931,MDBPD0000,Baltimore,566632,0.994,12,converted,full,9154,23669,193,16.062,41.53,33.86,
190480,Ann Arbor,MI,2012,117070,MI8121800,Ann Arbor,115008,0.982,12,SRS,full,231,2735,1,1.973,23.362,0.85,
190480,Ann Arbor,MI,2013,117070,MI8121800,Ann Arbor,116799,0.998,12,SRS,full,251,2538,2,2.144,21.679,1.71,
190480,Ann Arbor,MI,2014,117070,MI8121800,Ann Arbor,117768,1.006,12,SRS,full,195,2215,0,1.666,18.92,0.0,
190480,Ann Arbor,MI,2015,117070,MI8121800,Ann Arbor,118730,1.014,12,SRS,full,229,2378,0,1.956,20.313,0.0,
190480,Ann Arbor,MI,2016,117070,MI8121800,Ann Arbor,117688,1.005,12,SRS,full,211,2057,1,1.802,17.571,0.85,
190480,Ann Arbor,MI,2017,117070,MI8121800,Ann Arbor,121930,1.042,12,SRS,full,267,2111,0,2.281,18.032,0.0,
190480,Ann Arbor,MI,2018,117070,MI8121800,Ann Arbor,122571,1.047,12,SRS,full,282,1946,2,2.409,16.623,1.71,
190480,Ann Arbor,MI,2019,121477,MI8121800,Ann Arbor,122893,1.012,12,SRS,full,316,2129,2,2.601,17.526,1.65,
190480,Ann Arbor,MI,2020,119980,MI8121800,Ann Arbor,120647,1.006,12,SRS,full,304,1619,1,2.534,13.494,0.83,
190480,Ann Arbor,MI,2021,119980,MI8121800,Ann Arbor,119805,0.999,12,converted,full,353,1731,2,2.942,14.427,1.67,
190480,Ann Arbor,MI,2022,119280,MI8121800,Ann Arbor,120549,1.011,12,converted,full,375,2081,1,3.144,17.446,0.84,
190480,Ann Arbor,MI,2023,121536,MI8121800,Ann Arbor,118072,0.971,12,converted,full,371,2088,4,3.053,17.18,3.29,
190480,Ann Arbor,MI,2024,119875,MI8121800,Ann Arbor,118025,0.985,12,converted,full,366,2047,0,3.053,17.076,0.0,
194789,Dearborn,MI,2012,95171,MI8234300,Dearborn,97215,1.021,12,SRS,full,323,3286,1,3.394,34.527,1.05,
194789,Dearborn,MI,2013,95171,MI8234300,Dearborn,96012,1.009,12,SRS,full,347,3107,2,3.646,32.646,2.1,
194789,Dearborn,MI,2014,95171,MI8234300,Dearborn,95396,1.002,12,SRS,full,342,3140,2,3.594,32.993,2.1,
194789,Dearborn,MI,2015,95171,MI8234300,Dearborn,94962,0.998,12,SRS,full,356,2933,1,3.741,30.818,1.05,
194789,Dearborn,MI,2016,95171,MI8234300,Dearborn,94646,0.994,12,SRS,full,347,2798,1,3.646,29.4,1.05,
194789,Dearborn,MI,2017,95171,MI8234300,Dearborn,93889,0.987,12,SRS,full,259,2274,0,2.721,23.894,0.0,
194789,Dearborn,MI,2018,95171,MI8234300,Dearborn,94022,0.988,12,SRS,full,316,1880,1,3.32,19.754,1.05,
194789,Dearborn,MI,2019,94491,MI8234300,Dearborn,93902,0.994,12,SRS,full,304,2111,4,3.217,22.341,4.23,
194789,Dearborn,MI,2020,93932,MI8234300,Dearborn,93507,0.995,12,SRS,full,285,1679,5,3.034,17.875,5.32,
194789,Dearborn,MI,2021,93932,MI8234300,Dearborn,92930,0.989,12,converted,full,349,1758,4,3.715,18.716,4.26,
194789,Dearborn,MI,2022,93367,MI8234300,Dearborn,107197,1.148,12,converted,full,302,2075,2,3.235,22.224,2.14,
194789,Dearborn,MI,2023,108420,MI8234300,Dearborn,106747,0.985,12,converted,full,322,2310,2,2.97,21.306,1.84,
194789,Dearborn,MI,2024,107710,MI8234300,Dearborn,104571,0.971,12,converted,full,309,2107,1,2.869,19.562,0.93,
166817,Detroit,MI,2012,677116,MI8234900,Detroit,707096,1.044,12,SRS,full,15023,41010,386,22.187,60.566,57.01,
166817,Detroit,MI,2013,677116,MI8234900,Detroit,699889,1.034,12,SRS,full,14501,40558,316,21.416,59.898,46.67,
166817,Detroit,MI,2014,677116,MI8234900,Detroit,684694,1.011,12,SRS,full,13622,32995,298,20.118,48.729,44.01,
166817,Detroit,MI,2015,677116,MI8234900,Detroit,673225,0.994,12,SRS,full,11901,30508,287,17.576,45.056,42.39,
166817,Detroit,MI,2016,677116,MI8234900,Detroit,669673,0.989,12,SRS,full,13723,31769,302,20.267,46.918,44.6,
166817,Detroit,MI,2017,677116,MI8234900,Detroit,670792,0.991,12,SRS,full,13744,30505,268,20.298,45.051,39.58,
166817,Detroit,MI,2018,677116,MI8234900,Detroit,671275,0.991,12,SRS,full,13495,28987,261,19.93,42.81,38.55,
166817,Detroit,MI,2019,673104,MI8234900,Detroit,663502,0.986,12,SRS,full,13035,28613,281,19.366,42.509,41.75,
166817,Detroit,MI,2020,670031,MI8234900,Detroit,659616,0.984,12,SRS,full,14493,21442,321,21.63,32.002,47.91,
166817,Detroit,MI,2021,670031,MI8234900,Detroit,673708,1.005,12,converted,full,14496,22646,306,21.635,33.798,45.67,
166817,Detroit,MI,2022,665369,MI8234900,Detroit,626757,0.942,12,converted,full,12692,28124,307,19.075,42.268,46.14,
166817,Detroit,MI,2023,632464,MI8234900,Detroit,615501,0.973,12,converted,full,12623,29329,250,19.958,46.373,39.53,
166817,Detroit,MI,2024,620376,MI8234900,Detroit,651171,1.05,12,converted,full,11610,28190,203,18.714,45.44,32.72,
185901,Grand Rapids,MI,2012,195097,MI4143600,Grand Rapids,189953,0.974,12,SRS,full,1465,6618,16,7.509,33.922,8.2,
185901,Grand Rapids,MI,2013,195097,MI4143600,Grand Rapids,191213,0.98,12,SRS,full,1326,6188,17,6.797,31.718,8.71,
185901,Grand Rapids,MI,2014,195097,MI4143600,Grand Rapids,193385,0.991,12,SRS,full,1381,5174,7,7.079,26.52,3.59,
185901,Grand Rapids,MI,2015,195097,MI4143600,Grand Rapids,195268,1.001,12,SRS,full,1420,4604,10,7.278,23.599,5.13,
185901,Grand Rapids,MI,2016,195097,MI4143600,Grand Rapids,196538,1.007,12,SRS,full,1327,4334,10,6.802,22.215,5.13,
185901,Grand Rapids,MI,2017,195097,MI4143600,Grand Rapids,197868,1.014,12,SRS,full,1410,4102,12,7.227,21.025,6.15,
185901,Grand Rapids,MI,2018,195097,MI4143600,Grand Rapids,200428,1.027,12,SRS,full,1320,3832,5,6.766,19.642,2.56,
185901,Grand Rapids,MI,2019,198829,MI4143600,Grand Rapids,201799,1.015,12,SRS,full,1299,3871,8,6.533,19.469,4.02,
185901,Grand Rapids,MI,2020,201013,MI4143600,Grand Rapids,202513,1.007,12,SRS,full,1951,5849,32,9.706,29.098,15.92,
185901,Grand Rapids,MI,2021,201013,MI4143600,Grand Rapids,201280,1.001,12,converted,full,1990,5160,18,9.9,25.67,8.95,
185901,Grand Rapids,MI,2022,200031,MI4143600,Grand Rapids,196662,0.983,12,converted,full,1925,5912,20,9.624,29.555,10.0,
185901,Grand Rapids,MI,2023,197416,MI4143600,Grand Rapids,196019,0.993,12,converted,full,1730,5966,23,8.763,30.22,11.65,
185901,Grand Rapids,MI,2024,196908,MI4143600,Grand Rapids,195913,0.995,12,converted,full,1783,4860,12,9.055,24.682,6.09,
166690,Lansing,MI,2012,115056,MI3351900,Lansing,114688,0.997,12,SRS,full,1089,3808,13,9.465,33.097,11.3,
166690,Lansing,MI,2013,115056,MI3351900,Lansing,113907,0.99,12,SRS,full,1203,3974,7,10.456,34.54,6.08,
166690,Lansing,MI,2014,115056,MI3351900,Lansing,113901,0.99,12,SRS,full,1274,3591,10,11.073,31.211,8.69,
166690,Lansing,MI,2015,115056,MI3351900,Lansing,114694,0.997,12,SRS,full,1335,3466,9,11.603,30.124,7.82,
166690,Lansing,MI,2016,115056,MI3351900,Lansing,115199,1.001,12,SRS,full,1359,3341,10,11.812,29.038,8.69,
166690,Lansing,MI,2017,115056,MI3351900,Lansing,116302,1.011,12,SRS,full,1349,3566,15,11.725,30.994,13.04,
166690,Lansing,MI,2018,115056,MI3351900,Lansing,117380,1.02,12,SRS,full,1328,3562,9,11.542,30.959,7.82,
166690,Lansing,MI,2019,116986,MI3351900,Lansing,118953,1.017,12,SRS,full,1328,3369,13,11.352,28.798,11.11,
166690,Lansing,MI,2020,118210,MI3351900,Lansing,118651,1.004,12,SRS,full,1719,3587,18,14.542,30.344,15.23,
166690,Lansing,MI,2021,118210,MI3351900,Lansing,117865,0.997,12,converted,full,1762,2932,26,14.906,24.803,21.99,
166690,Lansing,MI,2022,117540,MI3351900,Lansing,112567,0.958,12,converted,full,1446,3047,15,12.302,25.923,12.76,
166690,Lansing,MI,2023,112684,MI3351900,Lansing,112529,0.999,12,converted,full,1589,3189,12,14.101,28.3,10.65,
166690,Lansing,MI,2024,112537,MI3351900,Lansing,111965,0.995,12,converted,full,1509,2803,11,13.409,24.907,9.77,
166734,Sterling Heights,MI,2012,132052,MI5076500,Sterling Heights,129974,0.984,12,SRS,full,232,2578,4,1.757,19.523,3.03,
166734,Sterling Heights,MI,2013,132052,MI5076500,Sterling Heights,130634,0.989,12,SRS,full,244,2483,0,1.848,18.803,0.0,
166734,Sterling Heights,MI,2014,132052,MI5076500,Sterling Heights,131604,0.997,12,SRS,full,211,2023,0,1.598,15.32,0.0,
166734,Sterling Heights,MI,2015,132052,MI5076500,Sterling Heights,132255,1.002,12,SRS,full,230,1774,5,1.742,13.434,3.79,
166734,Sterling Heights,MI,2016,132052,MI5076500,Sterling Heights,132523,1.004,12,SRS,full,231,1513,1,1.749,11.458,0.76,
166734,Sterling Heights,MI,2017,132052,MI5076500,Sterling Heights,132882,1.006,12,SRS,full,241,1503,4,1.825,11.382,3.03,
166734,Sterling Heights,MI,2018,132052,MI5076500,Sterling Heights,133055,1.008,12,SRS,full,240,1334,2,1.817,10.102,1.51,
166734,Sterling Heights,MI,2019,132631,MI5076500,Sterling Heights,133377,1.006,12,SRS,full,174,1147,0,1.312,8.648,0.0,
166734,Sterling Heights,MI,2020,132438,MI5076500,Sterling Heights,132745,1.002,12,SRS,full,237,1147,2,1.79,8.661,1.51,
166734,Sterling Heights,MI,2021,132438,MI5076500,Sterling Heights,131911,0.996,12,converted,full,242,1120,2,1.827,8.457,1.51,
166734,Sterling Heights,MI,2022,131709,MI5076500,Sterling Heights,132393,1.005,12,converted,full,273,1571,2,2.073,11.928,1.52,
166734,Sterling Heights,MI,2023,133269,MI5076500,Sterling Heights,131801,0.989,12,converted,full,222,1464,1,1.666,10.985,0.75,
166734,Sterling Heights,MI,2024,132567,MI5076500,Sterling Heights,133058,1.004,12,converted,full,305,1388,1,2.301,10.47,0.75,
128309,Warren,MI,2012,135358,MI5080600,Warren,134340,0.992,12,SRS,full,716,3801,0,5.29,28.081,0.0,
128309,Warren,MI,2013,135358,MI5080600,Warren,134167,0.991,12,SRS,full,689,3518,3,5.09,25.99,2.22,
128309,Warren,MI,2014,135358,MI5080600,Warren,135080,0.998,12,SRS,full,646,3444,4,4.773,25.444,2.96,
128309,Warren,MI,2015,135358,MI5080600,Warren,135367,1.0,12,SRS,full,750,3289,2,5.541,24.299,1.48,
128309,Warren,MI,2016,135358,MI5080600,Warren,135620,1.002,12,SRS,full,700,3527,6,5.171,26.057,4.43,
128309,Warren,MI,2017,135358,MI5080600,Warren,135303,1.0,12,SRS,full,686,2904,7,5.068,21.454,5.17,
128309,Warren,MI,2018,135358,MI5080600,Warren,135160,0.999,12,SRS,full,697,2818,4,5.149,20.819,2.96,
128309,Warren,MI,2019,135022,MI5080600,Warren,134653,0.997,12,SRS,full,652,2482,8,4.829,18.382,5.92,
128309,Warren,MI,2020,133943,MI5080600,Warren,133928,1.0,12,SRS,full,690,1951,12,5.151,14.566,8.96,
128309,Warren,MI,2021,133943,MI5080600,Warren,132758,0.991,12,converted,full,729,2147,5,5.443,16.029,3.73,
128309,Warren,MI,2022,132877,MI5080600,Warren,137138,1.032,12,converted,full,673,2280,5,5.065,17.159,3.76,
128309,Warren,MI,2023,138130,MI5080600,Warren,136121,0.985,12,converted,full,775,2516,6,5.611,18.215,4.34,
128309,Warren,MI,2024,137107,MI5080600,Warren,135843,0.991,12,converted,full,736,2121,8,5.368,15.47,5.83,
193551,Minneapolis,MN,2012,410939,MN0271100,Minneapolis,390240,0.95,12,SRS,full,3872,19359,39,9.422,47.109,9.49,
193551,Minneapolis,MN,2013,410939,MN0271100,Minneapolis,396206,0.964,12,SRS,full,4038,19358,36,9.826,47.107,8.76,
193551,Minneapolis,MN,2014,410939,MN0271100,Minneapolis,404461,0.984,12,SRS,full,4093,19123,31,9.96,46.535,7.54,
193551,Minneapolis,MN,2015,410939,MN0271100,Minneapolis,413479,1.006,12,SRS,full,4395,17341,47,10.695,42.198,11.44,
193551,Minneapolis,MN,2016,410939,MN0271100,Minneapolis,416751,1.014,12,SRS,full,4622,17594,35,11.247,42.814,8.52,
193551,Minneapolis,MN,2017,410939,MN0271100,Minneapolis,418971,1.02,12,SRS,full,4614,19446,42,11.228,47.321,10.22,
193551,Minneapolis,MN,2018,410939,MN0271100,Minneapolis,428261,1.042,12,SRS,full,3395,16750,31,8.262,40.76,7.54,
193551,Minneapolis,MN,2019,422331,MN0271100,Minneapolis,431016,1.021,12,SRS,full,4037,19552,47,9.559,46.295,11.13,
193551,Minneapolis,MN,2020,429606,MN0271100,Minneapolis,435116,1.013,12,SRS,full,5085,19942,83,11.836,46.419,19.32,
193551,Minneapolis,MN,2021,429606,MN0271100,Minneapolis,438463,1.021,12,converted,full,5664,18462,94,13.184,42.974,21.88,
193551,Minneapolis,MN,2022,433111,MN0271100,Minneapolis,421690,0.974,12,converted,full,5215,22265,79,12.041,51.407,18.24,
193551,Minneapolis,MN,2023,425336,MN0271100,Minneapolis,422341,0.993,12,converted,full,4803,22286,72,11.292,52.396,16.93,
193551,Minneapolis,MN,2024,425096,MN0271100,Minneapolis,423282,0.996,12,converted,full,4941,21824,77,11.623,51.339,18.11,
167574,Rochester,MN,2012,112225,MN0550100,Rochester,108582,0.968,12,SRS,full,225,2721,2,2.005,24.246,1.78,
167574,Rochester,MN,2013,112225,MN0550100,Rochester,109675,0.977,12,SRS,full,214,2558,0,1.907,22.793,0.0,
167574,Rochester,MN,2014,112225,MN0550100,Rochester,111712,0.995,12,SRS,full,205,2223,2,1.827,19.808,1.78,
167574,Rochester,MN,2015,112225,MN0550100,Rochester,112542,1.003,12,SRS,full,198,2546,1,1.764,22.687,0.89,
167574,Rochester,MN,2016,112225,MN0550100,Rochester,113306,1.01,12,SRS,full,242,2479,0,2.156,22.09,0.0,
167574,Rochester,MN,2017,112225,MN0550100,Rochester,115228,1.027,12,SRS,full,224,2143,1,1.996,19.096,0.89,
167574,Rochester,MN,2018,112225,MN0550100,Rochester,117037,1.043,12,SRS,full,227,2435,5,2.023,21.697,4.46,
167574,Rochester,MN,2019,115733,MN0550100,Rochester,118267,1.022,12,SRS,full,243,2235,2,2.1,19.312,1.73,
167574,Rochester,MN,2020,118935,MN0550100,Rochester,120336,1.012,12,SRS,full,261,2339,5,2.194,19.666,4.2,
167574,Rochester,MN,2021,118935,MN0550100,Rochester,121225,1.019,12,converted,full,296,2466,1,2.489,20.734,0.84,
167574,Rochester,MN,2022,119862,MN0550100,Rochester,121534,1.014,12,converted,full,273,2285,1,2.278,19.064,0.83,
167574,Rochester,MN,2023,121465,MN0550100,Rochester,122035,1.005,12,converted,full,204,1967,1,1.679,16.194,0.82,
167574,Rochester,MN,2024,121878,MN0550100,Rochester,122694,1.007,12,converted,full,195,1688,5,1.6,13.85,4.1,
167605,St Paul,MN,2012,300851,MN0620900,St. Paul,290700,0.966,12,SRS,full,2101,11893,13,6.984,39.531,4.32,
167605,St Paul,MN,2013,300851,MN0620900,St. Paul,294690,0.98,12,SRS,full,2200,10973,14,7.313,36.473,4.65,
167605,St Paul,MN,2014,300851,MN0620900,St. Paul,297984,0.99,12,SRS,full,1974,10383,11,6.561,34.512,3.66,
167605,St Paul,MN,2015,300851,MN0620900,St. Paul,300721,1.0,12,SRS,full,2115,9870,16,7.03,32.807,5.32,
167605,St Paul,MN,2016,300851,MN0620900,St. Paul,303920,1.01,12,SRS,full,1970,9811,19,6.548,32.611,6.32,
167605,St Paul,MN,2017,300851,MN0620900,St. Paul,306696,1.019,12,SRS,full,1996,10935,22,6.635,36.347,7.31,
167605,St Paul,MN,2018,300851,MN0620900,St. Paul,309756,1.03,12,SRS,full,1941,10082,15,6.452,33.512,4.99,
167605,St Paul,MN,2019,306621,MN0620900,St. Paul,310263,1.012,12,SRS,full,1752,11208,28,5.714,36.553,9.13,
167605,St Paul,MN,2020,308096,MN0620900,St. Paul,309859,1.006,12,SRS,full,2330,11801,33,7.563,38.303,10.71,
167605,St Paul,MN,2021,308096,MN0620900,St. Paul,309957,1.006,12,converted,full,2416,12513,38,7.842,40.614,12.33,
167605,St Paul,MN,2022,306717,MN0620900,St. Paul,277533,0.905,12,converted,full,2132,12924,34,6.951,42.137,11.09,
167605,St Paul,MN,2023,307193,MN0620900,St. Paul,300368,0.978,12,converted,full,1880,9305,27,6.12,30.29,8.79,
167605,St Paul,MN,2024,303176,MN0620900,St. Paul,304051,1.003,12,converted,full,1882,8643,26,6.208,28.508,8.58,
168809,Columbia,MO,2012,119108,MO0100200,Columbia,110646,0.929,12,SRS,full,476,4221,3,3.996,35.438,2.52,
168809,Columbia,MO,2013,119108,MO0100200,Columbia,114587,0.962,12,SRS,full,416,4359,5,3.493,36.597,4.2,
168809,Columbia,MO,2014,119108,MO0100200,Columbia,116847,0.981,12,SRS,full,410,3988,5,3.442,33.482,4.2,
168809,Columbia,MO,2015,119108,MO0100200,Columbia,118911,0.998,12,SRS,full,600,3635,1,5.037,30.519,0.84,
168809,Columbia,MO,2016,119108,MO0100200,Columbia,121143,1.017,12,SRS,full,517,3245,6,4.341,27.244,5.04,
168809,Columbia,MO,2017,119108,MO0100200,Columbia,122585,1.029,12,SRS,full,610,3597,9,5.121,30.199,7.56,
168809,Columbia,MO,2018,119108,MO0100200,Columbia,123586,1.038,12,SRS,full,446,3483,5,3.745,29.242,4.2,
168809,Columbia,MO,2019,121717,MO0100200,Columbia,125017,1.027,12,SRS,full,404,3273,12,3.319,26.89,9.86,
168809,Columbia,MO,2020,123195,MO0100200,Columbia,124829,1.013,12,SRS,full,571,3360,13,4.635,27.274,10.55,
168809,Columbia,MO,2021,123195,MO0100200,Columbia,126418,1.026,12,converted,full,645,3164,6,5.236,25.683,4.87,
168809,Columbia,MO,2022,124769,MO0100200,Columbia,127862,1.025,12,converted,full,599,3345,11,4.801,26.81,8.82,
168809,Columbia,MO,2023,126853,MO0100200,Columbia,129602,1.022,12,converted,full,508,3273,7,4.005,25.802,5.52,
168809,Columbia,MO,2024,128555,MO0100200,Columbia,130354,1.014,12,converted,full,458,3043,13,3.563,23.671,10.11,
129515,Independence,MO,2012,117255,MO0480600,Independence,117433,1.002,12,SRS,full,537,7152,5,4.58,60.995,4.26,
129515,Independence,MO,2013,117255,MO0480600,Independence,117381,1.001,12,SRS,full,543,7108,7,4.631,60.62,5.97,
129515,Independence,MO,2014,117255,MO0480600,Independence,117321,1.001,12,SRS,full,476,6582,3,4.06,56.134,2.56,
129515,Independence,MO,2015,117255,MO0480600,Independence,117639,1.003,12,SRS,full,500,6061,7,4.264,51.691,5.97,
129515,Independence,MO,2016,117255,MO0480600,Independence,117335,1.001,12,SRS,full,601,6389,9,5.126,54.488,7.68,
129515,Independence,MO,2017,117255,MO0480600,Independence,117055,0.998,12,SRS,full,646,6702,11,5.509,57.157,9.38,
129515,Independence,MO,2018,117255,MO0480600,Independence,117368,1.001,12,SRS,full,521,6115,10,4.443,52.151,8.53,
129515,Independence,MO,2019,117306,MO0480600,Independence,116931,0.997,12,SRS,full,708,5532,9,6.035,47.159,7.67,
129515,Independence,MO,2020,116672,MO0480600,Independence,116648,1.0,12,SRS,full,809,5371,13,6.934,46.035,11.14,
129515,Independence,MO,2021,116672,MO0480600,Independence,116761,1.001,12,converted,full,733,4763,8,6.283,40.824,6.86,
129515,Independence,MO,2022,116774,MO0480600,Independence,121255,1.038,12,converted,full,663,4119,12,5.678,35.273,10.28,
129515,Independence,MO,2023,122088,MO0480600,Independence,120326,0.986,12,converted,full,282,1796,14,2.31,14.711,11.47,break_low
129515,Independence,MO,2024,121202,MO0480600,Independence,120271,0.992,12,converted,full,705,4291,11,5.817,35.404,9.08,
186236,Kansas,MO,2012,475378,MOKPD0000,Kansas City,464073,0.976,12,SRS,full,5889,25797,105,12.388,54.266,22.09,
186236,Kansas,MO,2013,475378,MOKPD0000,Kansas City,465514,0.979,12,SRS,full,5876,24655,99,12.361,51.864,20.83,
186236,Kansas,MO,2014,475378,MOKPD0000,Kansas City,468417,0.985,12,SRS,full,5892,22776,79,12.394,47.911,16.62,
186236,Kansas,MO,2015,475378,MOKPD0000,Kansas City,473373,0.996,12,SRS,full,6735,21111,110,14.168,44.409,23.14,
186236,Kansas,MO,2016,475378,MOKPD0000,Kansas City,478364,1.006,12,SRS,full,7925,20922,131,16.671,44.011,27.56,
186236,Kansas,MO,2017,475378,MOKPD0000,Kansas City,484750,1.02,12,SRS,full,8523,22136,153,17.929,46.565,32.18,
186236,Kansas,MO,2018,475378,MOKPD0000,Kansas City,492916,1.037,12,SRS,full,7915,21376,142,16.65,44.966,29.87,
186236,Kansas,MO,2019,488943,MOKPD0000,Kansas City,495762,1.014,12,SRS,full,7270,19542,152,14.869,39.968,31.09,
186236,Kansas,MO,2020,495327,MOKPD0000,Kansas City,499135,1.008,12,SRS,full,8000,20816,176,16.151,42.025,35.53,
186236,Kansas,MO,2021,495327,MOKPD0000,Kansas City,500765,1.011,12,converted,full,7433,21675,156,15.006,43.759,31.49,
186236,Kansas,MO,2022,497159,MOKPD0000,Kansas City,508755,1.023,12,converted,full,7583,24108,167,15.253,48.492,33.59,
186236,Kansas,MO,2023,508394,MOKPD0000,Kansas City,509758,1.003,12,converted,full,7594,25443,180,14.937,50.046,35.41,
186236,Kansas,MO,2024,509297,MOKPD0000,Kansas City,511437,1.004,12,converted,full,7961,24048,141,15.631,47.218,27.69,
168926,Lees Summit,MO,2012,95094,MO0480800,Lee's Summit,91840,0.966,12,SRS,full,109,2127,0,1.146,22.367,0.0,
168926,Lees Summit,MO,2013,95094,MO0480800,Lee's Summit,92765,0.976,12,SRS,full,92,1958,0,0.967,20.59,0.0,
168926,Lees Summit,MO,2014,95094,MO0480800,Lee's Summit,93594,0.984,12,SRS,full,84,1797,2,0.883,18.897,2.1,
168926,Lees Summit,MO,2015,95094,MO0480800,Lee's Summit,94450,0.993,12,SRS,full,100,1779,1,1.052,18.708,1.05,
168926,Lees Summit,MO,2016,95094,MO0480800,Lee's Summit,95821,1.008,12,SRS,full,104,1626,2,1.094,17.099,2.1,
168926,Lees Summit,MO,2017,95094,MO0480800,Lee's Summit,96855,1.019,12,SRS,full,133,1869,1,1.399,19.654,1.05,
168926,Lees Summit,MO,2018,95094,MO0480800,Lee's Summit,98144,1.032,12,SRS,full,118,2105,2,1.241,22.136,2.1,
168926,Lees Summit,MO,2019,97290,MO0480800,Lee's Summit,99365,1.021,12,SRS,full,115,2095,0,1.182,21.534,0.0,
168926,Lees Summit,MO,2020,99357,MO0480800,Lee's Summit,100268,1.009,12,SRS,full,129,2050,0,1.298,20.633,0.0,
168926,Lees Summit,MO,2021,99357,MO0480800,Lee's Summit,102519,1.032,12,converted,full,156,1814,3,1.57,18.257,3.02,
168926,Lees Summit,MO,2022,101467,MO0480800,Lee's Summit,103976,1.025,12,converted,full,144,2181,6,1.419,21.495,5.91,
168926,Lees Summit,MO,2023,102781,MO0480800,Lee's Summit,104402,1.016,12,converted,full,170,2287,1,1.654,22.251,0.97,
168926,Lees Summit,MO,2024,103465,MO0480800,Lee's Summit,105053,1.015,12,converted,full,152,2502,1,1.469,24.182,0.97,
168896,Springfield,MO,2012,166810,MO0390300,Springfield,160962,0.965,12,SRS,full,1596,14504,16,9.568,86.949,9.59,
168896,Springfield,MO,2013,166810,MO0390300,Springfield,163062,0.978,12,SRS,full,1894,14691,12,11.354,88.07,7.19,
168896,Springfield,MO,2014,166810,MO0390300,Springfield,165280,0.991,12,SRS,full,1961,12638,16,11.756,75.763,9.59,
168896,Springfield,MO,2015,166810,MO0390300,Springfield,166860,1.0,12,SRS,full,2262,13007,10,13.56,77.975,5.99,
168896,Springfield,MO,2016,166810,MO0390300,Springfield,168307,1.009,12,SRS,full,2251,14251,8,13.494,85.433,4.8,
168896,Springfield,MO,2017,166810,MO0390300,Springfield,168654,1.011,12,SRS,full,2258,14932,14,13.536,89.515,8.39,
168896,Springfield,MO,2018,166810,MO0390300,Springfield,168537,1.01,12,SRS,full,2218,11830,16,13.297,70.919,9.59,
168896,Springfield,MO,2019,167376,MO0390300,Springfield,169235,1.011,12,SRS,full,2571,13188,11,15.361,78.793,6.57,
168896,Springfield,MO,2020,167882,MO0390300,Springfield,168856,1.006,12,SRS,full,2675,12418,22,15.934,73.969,13.1,
168896,Springfield,MO,2021,167882,MO0390300,Springfield,168988,1.007,12,converted,full,2677,10992,17,15.946,65.475,10.13,
168896,Springfield,MO,2022,168090,MO0390300,Springfield,169822,1.01,12,converted,full,2430,8370,17,14.457,49.795,10.11,
168896,Springfield,MO,2023,169724,MO0390300,Springfield,170521,1.005,12,converted,full,2011,7051,15,11.849,41.544,8.84,
168896,Springfield,MO,2024,170067,MO0390300,Springfield,170527,1.003,12,converted,full,2026,7180,10,11.913,42.219,5.88,
169159,St Louis,MO,2012,315685,MOSPD0000,St. Louis,318667,1.009,12,SRS,full,5661,21995,113,17.932,69.674,35.8,
169159,St Louis,MO,2013,315685,MOSPD0000,St. Louis,318563,1.009,12,SRS,full,5077,21087,120,16.082,66.798,38.01,
169159,St Louis,MO,2014,315685,MOSPD0000,St. Louis,318574,1.009,12,SRS,full,5348,19919,159,16.941,63.098,50.37,
169159,St Louis,MO,2015,315685,MOSPD0000,St. Louis,317095,1.004,12,SRS,full,5762,20028,188,18.252,63.443,59.55,
169159,St Louis,MO,2016,315685,MOSPD0000,St. Louis,314507,0.996,12,SRS,full,6017,18653,188,19.06,59.087,59.55,
169159,St Louis,MO,2017,315685,MOSPD0000,St. Louis,310284,0.983,12,SRS,full,6461,18745,205,20.467,59.379,64.94,
169159,St Louis,MO,2018,315685,MOSPD0000,St. Louis,306875,0.972,12,SRS,full,5525,18142,187,17.502,57.469,59.24,
169159,St Louis,MO,2019,308626,MOSPD0000,St. Louis,300521,0.974,12,SRS,full,5792,18582,194,18.767,60.209,62.86,
169159,St Louis,MO,2020,300576,MOSPD0000,St. Louis,298422,0.993,12,SRS,full,6017,17399,263,20.018,57.886,87.5,
169159,St Louis,MO,2021,300576,MOSPD0000,St. Louis,295536,0.983,12,converted,full,4848,17884,203,16.129,59.499,67.54,
169159,St Louis,MO,2022,297645,MOSPD0000,St. Louis,286053,0.961,12,converted,full,4298,20943,201,14.44,70.362,67.53,
169159,St Louis,MO,2023,293310,MOSPD0000,St. Louis,280108,0.955,12,converted,full,4082,18038,160,13.917,61.498,54.55,
169159,St Louis,MO,2024,286578,MOSPD0000,St. Louis,277294,0.968,12,converted,full,3803,15977,151,13.27,55.751,52.69,
129295,Jackson,MS,2012,170674,MS0250100,Jackson,175939,1.031,12,SRS,full,1668,11568,63,9.773,67.778,36.91,
129295,Jackson,MS,2013,170674,MS0250100,Jackson,176039,1.031,12,SRS,full,1631,10284,50,9.556,60.255,29.3,
129295,Jackson,MS,2014,170674,MS0250100,Jackson,172376,1.01,12,SRS,full,1593,10382,61,9.334,60.829,35.74,
129295,Jackson,MS,2015,170674,MS0250100,Jackson,170508,0.999,12,SRS,full,1571,8621,53,9.205,50.512,31.05,
129295,Jackson,MS,2016,170674,MS0250100,Jackson,170070,0.996,12,SRS,full,1451,7884,58,8.502,46.193,33.98,
129295,Jackson,MS,2017,170674,MS0250100,Jackson,168397,0.987,12,SRS,full,1314,7449,60,7.699,43.645,35.15,
129295,Jackson,MS,2018,170674,MS0250100,Jackson,166024,0.973,12,SRS,full,1252,7855,78,7.336,46.023,45.7,
129295,Jackson,MS,2019,166965,MS0250100,Jackson,163297,0.978,12,SRS,full,1338,7411,76,8.014,44.387,45.52,
129295,Jackson,MS,2020,160628,MS0250100,Jackson,159243,0.991,11,SRS,partial,1614,6579,110,,,,
129295,Jackson,MS,2021,160628,MS0250100,Jackson,,,,,missing,,,,,,,
129295,Jackson,MS,2022,157821,MS0250100,Jackson,,,,,missing,,,,,,,
129295,Jackson,MS,2023,149761,MS0250100,Jackson,,,,,missing,,,,,,,
129295,Jackson,MS,2024,145995,MS0250100,Jackson,,,,,missing,,,,,,,
108127,Billings,MT,2012,110263,MT0560100,Billings,106371,0.965,12,SRS,full,381,4815,3,3.455,43.668,2.72,
108127,Billings,MT,2013,110263,MT0560100,Billings,107802,0.978,12,SRS,full,426,5614,4,3.863,50.915,3.63,
108127,Billings,MT,2014,110263,MT0560100,Billings,110245,1.0,12,SRS,full,420,4961,10,3.809,44.992,9.07,
108127,Billings,MT,2015,110263,MT0560100,Billings,109997,0.998,12,SRS,full,485,5203,9,4.399,47.187,8.16,
108127,Billings,MT,2016,110263,MT0560100,Billings,111447,1.011,12,SRS,full,515,5226,0,4.671,47.396,0.0,
108127,Billings,MT,2017,110263,MT0560100,Billings,111317,1.01,12,SRS,full,540,6092,2,4.897,55.25,1.81,
108127,Billings,MT,2018,110263,MT0560100,Billings,110397,1.001,12,SRS,full,610,5335,9,5.532,48.384,8.16,
108127,Billings,MT,2019,109642,MT0560100,Billings,110198,1.005,12,SRS,full,702,4553,3,6.403,41.526,2.74,
108127,Billings,MT,2020,109577,MT0560100,Billings,110157,1.005,12,SRS,full,968,5294,14,8.834,48.313,12.78,
108127,Billings,MT,2021,109577,MT0560100,Billings,110274,1.006,12,converted,full,1204,5304,7,10.988,48.404,6.39,break_high
108127,Billings,MT,2022,109736,MT0560100,Billings,117866,1.074,12,converted,full,1112,5110,13,10.133,46.566,11.85,break_high
108127,Billings,MT,2023,117445,MT0560100,Billings,121365,1.033,12,converted,full,1091,4391,9,9.289,37.388,7.66,break_high
108127,Billings,MT,2024,119960,MT0560100,Billings,122105,1.018,12,converted,full,914,3777,10,7.619,31.485,8.34,
131775,Cary,NC,2012,159769,NC0920300,Cary,141016,0.883,12,SRS,full,115,1909,0,0.72,11.949,0.0,
131775,Cary,NC,2013,159769,NC0920300,Cary,148905,0.932,12,SRS,full,102,2075,1,0.638,12.988,0.63,
131775,Cary,NC,2014,159769,NC0920300,Cary,154978,0.97,12,SRS,full,98,1711,3,0.613,10.709,1.88,
131775,Cary,NC,2015,159769,NC0920300,Cary,160291,1.003,12,SRS,full,81,1902,5,0.507,11.905,3.13,
131775,Cary,NC,2016,159769,NC0920300,Cary,164835,1.032,12,SRS,full,151,1656,1,0.945,10.365,0.63,
131775,Cary,NC,2017,159769,NC0920300,Cary,166986,1.045,12,SRS,full,122,1795,0,0.764,11.235,0.0,
131775,Cary,NC,2018,159769,NC0920300,Cary,170518,1.067,12,SRS,full,124,1666,0,0.776,10.428,0.0,
131775,Cary,NC,2019,165904,NC0920300,Cary,172525,1.04,12,SRS,full,117,1572,1,0.705,9.475,0.6,
131775,Cary,NC,2020,170282,NC0920300,Cary,174441,1.024,12,SRS,full,121,1671,1,0.711,9.813,0.59,
131775,Cary,NC,2021,170282,NC0920300,Cary,177735,1.044,12,converted,full,135,1715,4,0.793,10.072,2.35,
131775,Cary,NC,2022,173587,NC0920300,Cary,178600,1.029,12,converted,full,146,1978,0,0.841,11.395,0.0,
131775,Cary,NC,2023,176987,NC0920300,Cary,182878,1.033,12,converted,full,191,2250,2,1.079,12.713,1.13,
131775,Cary,NC,2024,180388,NC0920300,Cary,181793,1.008,12,converted,full,131,2402,3,0.726,13.316,1.66,
194726,Charlotte,NC,2012,827097,NC0600100,Charlotte-Mecklenburg,808504,0.978,12,SRS,full,5238,32587,52,6.333,39.399,6.29,
194726,Charlotte,NC,2013,827097,NC0600100,Charlotte-Mecklenburg,837638,1.013,12,SRS,full,5093,30569,59,6.158,36.959,7.13,
194726,Charlotte,NC,2014,827097,NC0600100,Charlotte-Mecklenburg,856916,1.036,12,SRS,full,5054,30565,47,6.111,36.955,5.68,
194726,Charlotte,NC,2015,827097,NC0600100,Charlotte-Mecklenburg,877817,1.061,12,SRS,full,5948,33075,61,7.191,39.989,7.38,
194726,Charlotte,NC,2016,827097,NC0600100,Charlotte-Mecklenburg,896379,1.084,12,SRS,full,6560,36732,67,7.931,44.411,8.1,
194726,Charlotte,NC,2017,827097,NC0600100,Charlotte-Mecklenburg,914609,1.106,12,SRS,full,6304,34894,86,7.622,42.189,10.4,
194726,Charlotte,NC,2018,827097,NC0600100,Charlotte-Mecklenburg,931235,1.126,12,SRS,full,6482,34881,59,7.837,42.173,7.13,
194726,Charlotte,NC,2019,859035,NC0600100,Charlotte-Mecklenburg,944260,1.099,12,SRS,full,6996,37138,101,8.144,43.232,11.76,
194726,Charlotte,NC,2020,885708,NC0600100,Charlotte-Mecklenburg,958358,1.082,12,SRS,full,8026,31180,118,9.062,35.203,13.32,
194726,Charlotte,NC,2021,885708,NC0600100,Charlotte-Mecklenburg,956282,1.08,12,converted,full,7505,30116,96,8.473,34.002,10.84,
194726,Charlotte,NC,2022,900350,NC0600100,Charlotte-Mecklenburg,955466,1.061,12,converted,full,7121,32242,107,7.909,35.811,11.88,
194726,Charlotte,NC,2023,879709,NC0600100,Charlotte-Mecklenburg,979304,1.113,12,converted,full,7110,37595,89,8.082,42.736,10.12,
194726,Charlotte,NC,2024,897720,NC0600100,Charlotte-Mecklenburg,1003130,1.117,12,converted,full,7354,37144,107,8.192,41.376,11.92,
110047,Concord,NC,2012,87696,NC0130100,Concord,81396,0.928,12,SRS,full,85,2653,2,0.969,30.252,2.28,
110047,Concord,NC,2013,87696,NC0130100,Concord,82899,0.945,12,SRS,full,122,2549,7,1.391,29.066,7.98,
110047,Concord,NC,2014,87696,NC0130100,Concord,84558,0.964,12,SRS,full,96,2408,2,1.095,27.458,2.28,
110047,Concord,NC,2015,87696,NC0130100,Concord,87167,0.994,12,SRS,full,133,2324,5,1.517,26.501,5.7,
110047,Concord,NC,2016,87696,NC0130100,Concord,89446,1.02,12,SRS,full,124,2205,5,1.414,25.144,5.7,
110047,Concord,NC,2017,87696,NC0130100,Concord,91756,1.046,12,SRS,full,101,1791,1,1.152,20.423,1.14,
110047,Concord,NC,2018,87696,NC0130100,Concord,94022,1.072,12,SRS,full,100,1679,3,1.14,19.146,3.42,
110047,Concord,NC,2019,92067,NC0130100,Concord,96138,1.044,12,SRS,full,117,1592,4,1.271,17.292,4.34,
110047,Concord,NC,2020,96341,NC0130100,Concord,98411,1.021,12,SRS,full,122,1382,6,1.266,14.345,6.23,
110047,Concord,NC,2021,96341,NC0130100,Concord,100631,1.045,12,converted,full,88,1205,6,0.913,12.508,6.23,
110047,Concord,NC,2022,98500,NC0130100,Concord,109660,1.113,12,converted,full,117,1083,6,1.188,10.995,6.09,
110047,Concord,NC,2023,107697,NC0130100,Concord,111915,1.039,12,converted,full,126,1099,0,1.17,10.205,0.0,
110047,Concord,NC,2024,109896,NC0130100,Concord,111922,1.018,12,converted,full,178,1239,6,1.62,11.274,5.46,
208963,Durham,NC,2012,257636,NC0320100,Durham,235563,0.914,12,SRS,full,1710,10279,21,6.637,39.897,8.15,
208963,Durham,NC,2013,257636,NC0320100,Durham,242865,0.943,12,SRS,full,1457,9907,25,5.655,38.453,9.7,
208963,Durham,NC,2014,257636,NC0320100,Durham,249738,0.969,12,SRS,full,1834,11085,21,7.119,43.026,8.15,
208963,Durham,NC,2015,257636,NC0320100,Durham,257911,1.001,12,SRS,full,2185,10615,34,8.481,41.202,13.2,
208963,Durham,NC,2016,257636,NC0320100,Durham,263716,1.024,12,SRS,full,1970,8653,31,7.646,33.586,12.03,
208963,Durham,NC,2017,257636,NC0320100,Durham,269088,1.044,12,SRS,full,2214,10296,23,8.594,39.963,8.93,
208963,Durham,NC,2018,257636,NC0320100,Durham,273759,1.063,12,SRS,full,1963,9755,33,7.619,37.863,12.81,
208963,Durham,NC,2019,267743,NC0320100,Durham,280282,1.047,12,SRS,full,2051,10679,37,7.66,39.885,13.82,
208963,Durham,NC,2020,278993,NC0320100,Durham,284925,1.021,12,SRS,full,2454,10679,37,8.796,38.277,13.26,
208963,Durham,NC,2021,278993,NC0320100,Durham,291962,1.046,12,converted,full,2181,9696,46,7.817,34.754,16.49,
208963,Durham,NC,2022,285897,NC0320100,Durham,286377,1.002,12,converted,full,1978,9530,42,6.919,33.334,14.69,
208963,Durham,NC,2023,285527,NC0320100,Durham,295788,1.036,12,converted,full,1889,11148,47,6.616,39.044,16.46,
208963,Durham,NC,2024,291928,NC0320100,Durham,300208,1.028,12,converted,full,1865,11412,36,6.389,39.092,12.33,
131717,Fayetteville,NC,2012,201963,NC0260100,Fayetteville,205966,1.02,12,SRS,full,1186,13163,22,5.872,65.175,10.89,
131717,Fayetteville,NC,2013,201963,NC0260100,Fayetteville,202524,1.003,12,SRS,full,1170,12261,25,5.793,60.709,12.38,
131717,Fayetteville,NC,2014,201963,NC0260100,Fayetteville,205306,1.017,12,SRS,full,1039,10524,19,5.145,52.109,9.41,
131717,Fayetteville,NC,2015,201963,NC0260100,Fayetteville,204731,1.014,12,SRS,full,1168,9234,16,5.783,45.721,7.92,
131717,Fayetteville,NC,2016,201963,NC0260100,Fayetteville,202200,1.001,12,SRS,full,1531,9201,33,7.581,45.558,16.34,
131717,Fayetteville,NC,2017,201963,NC0260100,Fayetteville,205432,1.017,12,SRS,full,1525,8811,24,7.551,43.627,11.88,
131717,Fayetteville,NC,2018,201963,NC0260100,Fayetteville,210117,1.04,12,SRS,full,1549,6692,19,7.67,33.135,9.41,
131717,Fayetteville,NC,2019,209889,NC0260100,Fayetteville,209614,0.999,12,SRS,full,1853,7480,24,8.828,35.638,11.43,
131717,Fayetteville,NC,2020,211657,NC0260100,Fayetteville,212033,1.002,12,SRS,full,2102,7277,32,9.931,34.381,15.12,
131717,Fayetteville,NC,2021,211657,NC0260100,Fayetteville,212047,1.002,12,converted,full,2027,6119,47,9.577,28.91,22.21,
131717,Fayetteville,NC,2022,211705,NC0260100,Fayetteville,208980,0.987,12,converted,full,2054,7243,38,9.702,34.213,17.95,
131717,Fayetteville,NC,2023,208778,NC0260100,Fayetteville,209262,1.002,12,converted,full,1859,6693,48,8.904,32.058,22.99,
131717,Fayetteville,NC,2024,208873,NC0260100,Fayetteville,209945,1.005,12,converted,full,1440,6549,31,6.894,31.354,14.84,
171207,Greensboro,NC,2012,285342,NC0410200,Greensboro,276134,0.968,12,SRS,full,1555,12064,21,5.45,42.279,7.36,
171207,Greensboro,NC,2013,285342,NC0410200,Greensboro,279343,0.979,12,SRS,full,1449,11537,27,5.078,40.432,9.46,
171207,Greensboro,NC,2014,285342,NC0410200,Greensboro,282203,0.989,12,SRS,full,1346,10160,23,4.717,35.606,8.06,
171207,Greensboro,NC,2015,285342,NC0410200,Greensboro,285950,1.002,12,SRS,full,1707,10204,26,5.982,35.761,9.11,
171207,Greensboro,NC,2016,285342,NC0410200,Greensboro,288618,1.011,12,SRS,full,1855,9277,35,6.501,32.512,12.27,
171207,Greensboro,NC,2017,285342,NC0410200,Greensboro,290051,1.017,12,SRS,full,2192,10332,46,7.682,36.209,16.12,
171207,Greensboro,NC,2018,285342,NC0410200,Greensboro,293298,1.028,12,SRS,full,1860,9831,37,6.518,34.453,12.97,
171207,Greensboro,NC,2019,290222,NC0410200,Greensboro,298025,1.027,12,SRS,full,2467,11077,45,8.5,38.167,15.51,
171207,Greensboro,NC,2020,296710,NC0410200,Greensboro,299887,1.011,12,SRS,full,2722,10897,60,9.174,36.726,20.22,
171207,Greensboro,NC,2021,296710,NC0410200,Greensboro,300865,1.014,12,converted,full,2641,10665,51,8.901,35.944,17.19,
171207,Greensboro,NC,2022,297878,NC0410200,Greensboro,298719,1.003,12,converted,full,2454,11347,41,8.238,38.093,13.76,
171207,Greensboro,NC,2023,298263,NC0410200,Greensboro,303237,1.017,12,converted,full,2511,11358,74,8.419,38.08,24.81,
171207,Greensboro,NC,2024,301115,NC0410200,Greensboro,304306,1.011,12,converted,full,2817,10315,43,9.355,34.256,14.28,
194732,High Point,NC,2012,110268,NC0410300,High Point,106801,0.969,12,SRS,full,556,4417,5,5.042,40.057,4.53,
194732,High Point,NC,2013,110268,NC0410300,High Point,107261,0.973,12,SRS,full,556,4489,2,5.042,40.71,1.81,
194732,High Point,NC,2014,110268,NC0410300,High Point,108540,0.984,12,SRS,full,505,3863,4,4.58,35.033,3.63,
194732,High Point,NC,2015,110268,NC0410300,High Point,109669,0.995,12,SRS,full,620,3722,8,5.623,33.754,7.26,
194732,High Point,NC,2016,110268,NC0410300,High Point,111435,1.011,12,SRS,full,721,3983,7,6.539,36.121,6.35,
194732,High Point,NC,2017,110268,NC0410300,High Point,112359,1.019,12,SRS,full,784,4161,20,7.11,37.735,18.14,
194732,High Point,NC,2018,110268,NC0410300,High Point,112517,1.02,12,SRS,full,684,3682,19,6.203,33.391,17.23,
194732,High Point,NC,2019,111513,NC0410300,High Point,113298,1.016,12,SRS,full,830,3757,19,7.443,33.691,17.04,
194732,High Point,NC,2020,112791,NC0410300,High Point,113718,1.008,12,SRS,full,786,3430,13,6.969,30.41,11.53,
194732,High Point,NC,2021,112791,NC0410300,High Point,114483,1.015,12,converted,full,604,3193,19,5.355,28.309,16.85,
194732,High Point,NC,2022,113565,NC0410300,High Point,114270,1.006,12,converted,full,630,3096,15,5.547,27.262,13.21,
194732,High Point,NC,2023,114086,NC0410300,High Point,115480,1.012,12,converted,full,519,2949,13,4.549,25.849,11.39,
194732,High Point,NC,2024,115067,NC0410300,High Point,117619,1.022,12,converted,full,544,2900,6,4.728,25.203,5.21,
171305,Raleigh,NC,2012,451066,NC0920100,Raleigh,420594,0.932,12,SRS,full,1780,13779,17,3.946,30.548,3.77,
171305,Raleigh,NC,2013,451066,NC0920100,Raleigh,428993,0.951,12,SRS,full,1683,13140,12,3.731,29.131,2.66,
171305,Raleigh,NC,2014,451066,NC0920100,Raleigh,438363,0.972,5,SRS,partial,667,4516,8,,,,
171305,Raleigh,NC,2015,451066,NC0920100,Raleigh,,,,,missing,,,,,,,
171305,Raleigh,NC,2016,451066,NC0920100,Raleigh,,,,,missing,,,,,,,
171305,Raleigh,NC,2017,451066,NC0920100,Raleigh,,,,,missing,,,,,,,
171305,Raleigh,NC,2018,451066,NC0920100,Raleigh,473765,1.05,12,SRS,full,112,740,0,0.248,1.641,0.0,
171305,Raleigh,NC,2019,464758,NC0920100,Raleigh,477828,1.028,12,SRS,full,1468,9027,20,3.159,19.423,4.3,
171305,Raleigh,NC,2020,474069,NC0920100,Raleigh,482264,1.017,12,SRS,full,1913,9887,22,4.035,20.856,4.64,
171305,Raleigh,NC,2021,474069,NC0920100,Raleigh,481823,1.016,12,converted,full,2262,10344,26,4.771,21.82,5.48,
171305,Raleigh,NC,2022,474414,NC0920100,Raleigh,470829,0.992,12,converted,full,2389,11140,45,5.036,23.482,9.49,
171305,Raleigh,NC,2023,469124,NC0920100,Raleigh,482842,1.029,12,converted,full,2573,12612,28,5.485,26.884,5.97,
171305,Raleigh,NC,2024,476587,NC0920100,Raleigh,488085,1.024,12,converted,full,2399,13815,24,5.034,28.987,5.04,
171248,Wilmington,NC,2012,115933,NC0650200,Wilmington,109370,0.943,12,SRS,full,618,5910,8,5.331,50.978,6.9,
171248,Wilmington,NC,2013,115933,NC0650200,Wilmington,110985,0.957,12,SRS,full,687,5549,7,5.926,47.864,6.04,
171248,Wilmington,NC,2014,115933,NC0650200,Wilmington,113418,0.978,12,SRS,full,766,5172,18,6.607,44.612,15.53,
171248,Wilmington,NC,2015,115933,NC0650200,Wilmington,115434,0.996,12,SRS,full,880,5170,14,7.591,44.595,12.08,
171248,Wilmington,NC,2016,115933,NC0650200,Wilmington,117852,1.017,12,SRS,full,759,4771,15,6.547,41.153,12.94,
171248,Wilmington,NC,2017,115933,NC0650200,Wilmington,119422,1.03,12,SRS,full,790,4318,18,6.814,37.246,15.53,
171248,Wilmington,NC,2018,115933,NC0650200,Wilmington,120920,1.043,12,SRS,full,777,3639,9,6.702,31.389,7.76,
171248,Wilmington,NC,2019,119045,NC0650200,Wilmington,124750,1.048,12,SRS,full,773,3628,8,6.493,30.476,6.72,
171248,Wilmington,NC,2020,123744,NC0650200,Wilmington,125794,1.017,12,SRS,full,807,3222,21,6.522,26.038,16.97,
171248,Wilmington,NC,2021,123744,NC0650200,Wilmington,126759,1.024,12,converted,full,662,3543,14,5.35,28.632,11.31,
171248,Wilmington,NC,2022,124794,NC0650200,Wilmington,119159,0.955,12,converted,full,636,3430,12,5.096,27.485,9.62,
171248,Wilmington,NC,2023,117643,NC0650200,Wilmington,122675,1.043,12,converted,full,603,4326,10,5.126,36.772,8.5,
171248,Wilmington,NC,2024,120324,NC0650200,Wilmington,125101,1.04,12,converted,full,605,4407,7,5.028,36.626,5.82,
194744,Winston-Salem,NC,2012,241218,NC0340200,Winston-Salem,234687,0.973,12,SRS,full,1556,13701,6,6.451,56.799,2.49,
194744,Winston-Salem,NC,2013,241218,NC0340200,Winston-Salem,235811,0.978,12,SRS,full,1426,12853,15,5.912,53.284,6.22,
194744,Winston-Salem,NC,2014,241218,NC0340200,Winston-Salem,238082,0.987,12,SRS,full,1696,12896,13,7.031,53.462,5.39,
194744,Winston-Salem,NC,2015,241218,NC0340200,Winston-Salem,241631,1.002,12,SRS,full,1507,10918,10,6.247,45.262,4.15,
194744,Winston-Salem,NC,2016,241218,NC0340200,Winston-Salem,243507,1.009,12,SRS,full,1823,11638,23,7.557,48.247,9.53,
194744,Winston-Salem,NC,2017,241218,NC0340200,Winston-Salem,244278,1.013,12,SRS,full,2087,11590,24,8.652,48.048,9.95,
194744,Winston-Salem,NC,2018,241218,NC0340200,Winston-Salem,246759,1.023,12,SRS,full,2156,10666,23,8.938,44.217,9.53,
194744,Winston-Salem,NC,2019,244605,NC0340200,Winston-Salem,248445,1.016,12,SRS,full,2700,11886,29,11.038,48.593,11.86,
194744,Winston-Salem,NC,2020,247945,NC0340200,Winston-Salem,250021,1.008,12,SRS,full,3133,11881,29,12.636,47.918,11.7,
194744,Winston-Salem,NC,2021,247945,NC0340200,Winston-Salem,249998,1.008,12,converted,full,2892,10138,38,11.664,40.888,15.33,
194744,Winston-Salem,NC,2022,248112,NC0340200,Winston-Salem,251295,1.013,12,converted,full,2964,9807,32,11.946,39.527,12.9,
194744,Winston-Salem,NC,2023,250320,NC0340200,Winston-Salem,252132,1.007,12,converted,full,2245,7632,43,8.969,30.489,17.18,
194744,Winston-Salem,NC,2024,251350,NC0340200,Winston-Salem,254041,1.011,12,converted,full,2062,7453,29,8.204,29.652,11.54,
171371,Fargo,ND,2012,118523,ND0090200,Fargo,109813,0.927,12,SRS,full,395,2866,1,3.333,24.181,0.84,
171371,Fargo,ND,2013,118523,ND0090200,Fargo,111101,0.937,12,SRS,full,438,3231,3,3.695,27.261,2.53,
171371,Fargo,ND,2014,118523,ND0090200,Fargo,115686,0.976,12,SRS,full,415,3063,4,3.501,25.843,3.37,
171371,Fargo,ND,2015,118523,ND0090200,Fargo,118490,1.0,12,SRS,full,424,3539,3,3.577,29.859,2.53,
171371,Fargo,ND,2016,118523,ND0090200,Fargo,121217,1.023,12,SRS,full,470,3859,3,3.965,32.559,2.53,
171371,Fargo,ND,2017,118523,ND0090200,Fargo,123430,1.041,12,SRS,full,498,3881,3,4.202,32.745,2.53,
171371,Fargo,ND,2018,118523,ND0090200,Fargo,124906,1.054,12,SRS,full,526,3954,5,4.438,33.361,4.22,
171371,Fargo,ND,2019,122359,ND0090200,Fargo,127423,1.041,12,SRS,full,583,3992,5,4.765,32.625,4.09,
171371,Fargo,ND,2020,124662,ND0090200,Fargo,126927,1.018,12,SRS,full,592,4430,7,4.749,35.536,5.62,
171371,Fargo,ND,2021,124662,ND0090200,Fargo,127313,1.021,12,converted,full,669,5570,6,5.367,44.681,4.81,
171371,Fargo,ND,2022,125209,ND0090200,Fargo,127649,1.019,12,converted,full,803,5321,5,6.413,42.497,3.99,
171371,Fargo,ND,2023,126748,ND0090200,Fargo,134268,1.059,12,converted,full,703,5249,2,5.546,41.413,1.58,
171371,Fargo,ND,2024,131444,ND0090200,Fargo,135682,1.032,12,converted,full,686,5040,6,5.219,38.343,4.56,
169646,Lincoln,NE,2012,277348,,,,,,,missing,,,,,,,
169646,Lincoln,NE,2013,277348,,,,,,,missing,,,,,,,
169646,Lincoln,NE,2014,277348,,,,,,,missing,,,,,,,
169646,Lincoln,NE,2015,277348,,,,,,,missing,,,,,,,
169646,Lincoln,NE,2016,277348,,,,,,,missing,,,,,,,
169646,Lincoln,NE,2017,277348,,,,,,,missing,,,,,,,
169646,Lincoln,NE,2018,277348,,,,,,,missing,,,,,,,
169646,Lincoln,NE,2019,284736,,,,,,,missing,,,,,,,
169646,Lincoln,NE,2020,289102,,,,,,,missing,,,,,,,
169646,Lincoln,NE,2021,289102,,,,,,,missing,,,,,,,
169646,Lincoln,NE,2022,290505,,,,,,,missing,,,,,,,
169646,Lincoln,NE,2023,292657,,,,,,,missing,,,,,,,
169646,Lincoln,NE,2024,292627,,,,,,,missing,,,,,,,
208698,Omaha,NE,2012,443885,,,,,,,missing,,,,,,,
208698,Omaha,NE,2013,443885,,,,,,,missing,,,,,,,
208698,Omaha,NE,2014,443885,,,,,,,missing,,,,,,,
208698,Omaha,NE,2015,443885,,,,,,,missing,,,,,,,
208698,Omaha,NE,2016,443885,,,,,,,missing,,,,,,,
208698,Omaha,NE,2017,443885,,,,,,,missing,,,,,,,
208698,Omaha,NE,2018,443885,,,,,,,missing,,,,,,,
208698,Omaha,NE,2019,466893,,,,,,,missing,,,,,,,
208698,Omaha,NE,2020,478192,,,,,,,missing,,,,,,,
208698,Omaha,NE,2021,478192,,,,,,,missing,,,,,,,
208698,Omaha,NE,2022,478393,,,,,,,missing,,,,,,,
208698,Omaha,NE,2023,487300,,,,,,,missing,,,,,,,
208698,Omaha,NE,2024,485153,,,,,,,missing,,,,,,,
170001,Manchester,NH,2012,110229,NH0063400,Manchester,110040,0.998,12,SRS,full,624,3849,2,5.661,34.918,1.81,
170001,Manchester,NH,2013,110229,NH0063400,Manchester,110411,1.002,12,SRS,full,746,4194,4,6.768,38.048,3.63,
170001,Manchester,NH,2014,110229,NH0063400,Manchester,110571,1.003,12,SRS,full,685,4006,3,6.214,36.343,2.72,
170001,Manchester,NH,2015,110229,NH0063400,Manchester,110661,1.004,12,SRS,full,743,4070,6,6.741,36.923,5.44,
170001,Manchester,NH,2016,110229,NH0063400,Manchester,110353,1.001,12,SRS,full,744,3011,5,6.75,27.316,4.54,
170001,Manchester,NH,2017,110229,NH0063400,Manchester,110655,1.004,12,SRS,full,747,2905,2,6.777,26.354,1.81,
170001,Manchester,NH,2018,110229,NH0063400,Manchester,111422,1.011,12,SRS,full,662,2875,4,6.006,26.082,3.63,
170001,Manchester,NH,2019,111196,NH0063400,Manchester,112895,1.015,12,SRS,full,683,2681,6,6.142,24.111,5.4,
170001,Manchester,NH,2020,112673,NH0063400,Manchester,113018,1.003,12,SRS,full,681,2621,5,6.044,23.262,4.44,
170001,Manchester,NH,2021,112673,NH0063400,Manchester,112844,1.002,12,converted,full,475,2625,3,4.216,23.298,2.66,
170001,Manchester,NH,2022,112546,NH0063400,Manchester,114650,1.019,12,converted,full,475,2905,5,4.22,25.812,4.44,
170001,Manchester,NH,2023,115462,NH0063400,Manchester,114963,0.996,12,converted,full,447,1971,6,3.871,17.071,5.2,
170001,Manchester,NH,2024,115141,NH0063400,Manchester,115464,1.003,12,converted,full,392,1934,2,3.405,16.797,1.74,break_low
204933,Elizabeth,NJ,2012,129007,NJ0200400,Elizabeth,126281,0.979,12,SRS,full,1007,4351,14,7.806,33.727,10.85,
204933,Elizabeth,NJ,2013,129007,NJ0200400,Elizabeth,127067,0.985,12,SRS,full,999,3655,7,7.744,28.332,5.43,
204933,Elizabeth,NJ,2014,129007,NJ0200400,Elizabeth,128345,0.995,12,SRS,full,1142,3846,13,8.852,29.812,10.08,
204933,Elizabeth,NJ,2015,129007,NJ0200400,Elizabeth,129364,1.003,12,SRS,full,1174,3793,8,9.1,29.402,6.2,
204933,Elizabeth,NJ,2016,129007,NJ0200400,Elizabeth,129096,1.001,12,SRS,full,1054,4134,5,8.17,32.045,3.88,
204933,Elizabeth,NJ,2017,129007,NJ0200400,Elizabeth,129726,1.006,12,SRS,full,1034,4595,7,8.015,35.618,5.43,
204933,Elizabeth,NJ,2018,129007,NJ0200400,Elizabeth,129080,1.001,12,SRS,full,897,4002,3,6.953,31.022,2.33,
204933,Elizabeth,NJ,2019,130215,NJ0200400,Elizabeth,128753,0.989,12,SRS,full,926,3898,7,7.111,29.935,5.38,
204933,Elizabeth,NJ,2020,129216,NJ0200400,Elizabeth,129518,1.002,12,SRS,full,774,2897,17,5.99,22.42,13.16,
204933,Elizabeth,NJ,2021,129216,NJ0200400,Elizabeth,134131,1.038,12,converted,full,643,2978,10,4.976,23.047,7.74,
204933,Elizabeth,NJ,2022,128382,NJ0200400,Elizabeth,134065,1.044,12,converted,full,646,3425,2,5.032,26.678,1.56,
204933,Elizabeth,NJ,2023,135407,NJ0200400,Elizabeth,133578,0.986,12,converted,full,745,3987,10,5.502,29.445,7.39,
204933,Elizabeth,NJ,2024,134283,NJ0200400,Elizabeth,138500,1.031,12,converted,full,570,3682,7,4.245,27.42,5.21,break_low
193734,Jersey,NJ,2012,264290,NJ0090600,Jersey City,251554,0.952,12,SRS,full,1847,5479,11,6.989,20.731,4.16,
193734,Jersey,NJ,2013,264290,NJ0090600,Jersey City,256886,0.972,12,SRS,full,1655,4836,20,6.262,18.298,7.57,
193734,Jersey,NJ,2014,264290,NJ0090600,Jersey City,260005,0.984,12,SRS,full,1381,4240,24,5.225,16.043,9.08,
193734,Jersey,NJ,2015,264290,NJ0090600,Jersey City,265159,1.003,12,SRS,full,1383,4229,27,5.233,16.001,10.22,
193734,Jersey,NJ,2016,264290,NJ0090600,Jersey City,266179,1.007,12,SRS,full,1276,4483,24,4.828,16.962,9.08,
193734,Jersey,NJ,2017,264290,NJ0090600,Jersey City,267906,1.014,12,SRS,full,1365,4841,21,5.165,18.317,7.95,
193734,Jersey,NJ,2018,264290,NJ0090600,Jersey City,270175,1.022,12,SRS,full,1233,4781,17,4.665,18.09,6.43,
193734,Jersey,NJ,2019,270753,NJ0090600,Jersey City,266508,0.984,12,SRS,full,1393,5074,13,5.145,18.74,4.8,
193734,Jersey,NJ,2020,262075,NJ0090600,Jersey City,263273,1.005,12,SRS,full,1167,3940,17,4.453,15.034,6.49,
193734,Jersey,NJ,2021,262075,NJ0090600,Jersey City,275213,1.05,12,converted,full,1026,3508,23,3.915,13.385,8.78,
193734,Jersey,NJ,2022,262664,NJ0090600,Jersey City,276300,1.052,12,converted,full,1251,5160,12,4.763,19.645,4.57,
193734,Jersey,NJ,2023,283927,NJ0090600,Jersey City,285117,1.004,12,converted,full,1419,5522,11,4.998,19.449,3.87,
193734,Jersey,NJ,2024,286670,NJ0090600,Jersey City,297922,1.039,12,converted,full,1677,6059,7,5.85,21.136,2.44,
130835,Newark,NJ,2012,281944,NJNPD0000,Newark,278906,0.989,12,SRS,full,3220,10199,96,11.421,36.174,34.05,
130835,Newark,NJ,2013,281944,NJNPD0000,Newark,278246,0.987,12,SRS,full,3516,8965,112,12.471,31.797,39.72,
130835,Newark,NJ,2014,281944,NJNPD0000,Newark,279110,0.99,12,SRS,full,3009,7958,94,10.672,28.225,33.34,
130835,Newark,NJ,2015,281944,NJNPD0000,Newark,280888,0.996,11,SRS,partial,2792,6767,95,,,,
130835,Newark,NJ,2016,281944,NJNPD0000,Newark,281450,0.998,12,SRS,full,2637,6308,100,9.353,22.373,35.47,
130835,Newark,NJ,2017,281944,NJNPD0000,Newark,283673,1.006,12,SRS,full,2543,6794,77,9.02,24.097,27.31,
130835,Newark,NJ,2018,281944,NJNPD0000,Newark,282258,1.001,12,SRS,full,2069,5674,75,7.338,20.125,26.6,
130835,Newark,NJ,2019,285154,NJNPD0000,Newark,281422,0.987,12,SRS,full,1742,4618,57,6.109,16.195,19.99,
130835,Newark,NJ,2020,282011,NJNPD0000,Newark,282242,1.001,12,SRS,full,1492,4567,56,5.291,16.194,19.86,
130835,Newark,NJ,2021,282011,NJNPD0000,Newark,295039,1.046,12,converted,full,1443,4172,61,5.117,14.794,21.63,
130835,Newark,NJ,2022,282520,NJNPD0000,Newark,304311,1.077,12,converted,full,1584,5540,52,5.607,19.609,18.41,
130835,Newark,NJ,2023,307220,NJNPD0000,Newark,303827,0.989,12,converted,full,1489,6763,54,4.847,22.014,17.58,
130835,Newark,NJ,2024,305344,NJNPD0000,Newark,309708,1.014,12,converted,full,1804,6064,42,5.908,19.86,13.75,
184046,Paterson,NJ,2012,147754,NJ0160800,Paterson,147148,0.996,12,SRS,full,1552,4640,21,10.504,31.404,14.21,
184046,Paterson,NJ,2013,147754,NJ0160800,Paterson,145082,0.982,12,SRS,full,1555,4101,18,10.524,27.756,12.18,
184046,Paterson,NJ,2014,147754,NJ0160800,Paterson,146083,0.989,12,SRS,full,1192,3856,24,8.067,26.097,16.24,
184046,Paterson,NJ,2015,147754,NJ0160800,Paterson,146588,0.992,12,SRS,full,1171,3667,18,7.925,24.818,12.18,
184046,Paterson,NJ,2016,147754,NJ0160800,Paterson,147265,0.997,12,SRS,full,1126,3154,19,7.621,21.346,12.86,
184046,Paterson,NJ,2017,147754,NJ0160800,Paterson,147690,1.0,12,SRS,full,1028,3399,21,6.958,23.004,14.21,
184046,Paterson,NJ,2018,147754,NJ0160800,Paterson,146893,0.994,12,SRS,full,1076,3564,13,7.282,24.121,8.8,
184046,Paterson,NJ,2019,148678,NJ0160800,Paterson,144866,0.974,12,SRS,full,1219,3132,19,8.199,21.066,12.78,
184046,Paterson,NJ,2020,145233,NJ0160800,Paterson,144947,0.998,12,SRS,full,1432,2160,27,9.86,14.873,18.59,
184046,Paterson,NJ,2021,145233,NJ0160800,Paterson,150757,1.038,12,converted,full,713,959,18,4.909,6.603,12.39,break_low
184046,Paterson,NJ,2022,144801,NJ0160800,Paterson,156292,1.079,12,converted,full,1626,3654,26,11.229,25.235,17.96,
184046,Paterson,NJ,2023,157794,NJ0160800,Paterson,155991,0.989,12,converted,full,1455,3856,16,9.221,24.437,10.14,
184046,Paterson,NJ,2024,156661,NJ0160800,Paterson,158903,1.014,12,converted,full,1587,3782,11,10.13,24.141,7.02,
170378,Albuquerque,NM,2012,559121,NM0010100,Albuquerque,553684,0.99,12,SRS,full,4151,29718,41,7.424,53.151,7.33,
170378,Albuquerque,NM,2013,559121,NM0010100,Albuquerque,558165,0.998,12,SRS,full,4325,30531,37,7.735,54.605,6.62,
170378,Albuquerque,NM,2014,559121,NM0010100,Albuquerque,558874,1.0,12,SRS,full,4934,30437,30,8.825,54.437,5.37,
170378,Albuquerque,NM,2015,559121,NM0010100,Albuquerque,559721,1.001,12,SRS,full,5406,33993,43,9.669,60.797,7.69,
170378,Albuquerque,NM,2016,559121,NM0010100,Albuquerque,561560,1.004,12,SRS,full,6245,38528,61,11.169,68.908,10.91,
170378,Albuquerque,NM,2017,559121,NM0010100,Albuquerque,561375,1.004,12,SRS,full,7686,41350,70,13.747,73.955,12.52,
170378,Albuquerque,NM,2018,559121,NM0010100,Albuquerque,560235,1.002,12,SRS,full,7687,34790,69,13.748,62.223,12.34,
170378,Albuquerque,NM,2019,558545,NM0010100,Albuquerque,561920,1.006,12,SRS,full,7615,31873,80,13.634,57.064,14.32,
170378,Albuquerque,NM,2020,560513,NM0010100,Albuquerque,562065,1.003,12,SRS,full,7573,28188,76,13.511,50.29,13.56,
170378,Albuquerque,NM,2021,560513,NM0010100,Albuquerque,564147,1.006,12,converted,full,8092,25019,125,14.437,44.636,22.3,
170378,Albuquerque,NM,2022,562540,NM0010100,Albuquerque,560557,0.996,12,converted,full,7771,27021,126,13.814,48.034,22.4,
170378,Albuquerque,NM,2023,562599,NM0010100,Albuquerque,559094,0.994,12,converted,full,7398,26534,110,13.15,47.163,19.55,
170378,Albuquerque,NM,2024,561008,NM0010100,Albuquerque,558745,0.996,12,converted,full,6663,26571,106,11.877,47.363,18.89,
208793,Las Cruces,NM,2012,101643,NM0070100,Las Cruces,99824,0.982,12,SRS,full,394,4419,5,3.876,43.476,4.92,
208793,Las Cruces,NM,2013,101643,NM0070100,Las Cruces,102007,1.004,12,SRS,full,332,4349,6,3.266,42.787,5.9,
208793,Las Cruces,NM,2014,101643,NM0070100,Las Cruces,102113,1.005,12,SRS,full,295,4614,7,2.902,45.394,6.89,
208793,Las Cruces,NM,2015,101643,NM0070100,Las Cruces,102227,1.006,12,SRS,full,268,5065,3,2.637,49.831,2.95,
208793,Las Cruces,NM,2016,101643,NM0070100,Las Cruces,102349,1.007,12,SRS,full,251,4788,5,2.469,47.106,4.92,
208793,Las Cruces,NM,2017,101643,NM0070100,Las Cruces,102350,1.007,12,SRS,full,182,3313,7,1.791,32.594,6.89,
208793,Las Cruces,NM,2018,101643,NM0070100,Las Cruces,102203,1.006,12,SRS,full,417,3636,5,4.103,35.772,4.92,
208793,Las Cruces,NM,2019,101712,NM0070100,Las Cruces,103520,1.018,12,SRS,full,520,3717,10,5.112,36.544,9.83,
208793,Las Cruces,NM,2020,103432,NM0070100,Las Cruces,104022,1.006,12,SRS,full,553,4160,10,5.347,40.22,9.67,break_high
208793,Las Cruces,NM,2021,103432,NM0070100,Las Cruces,105805,1.023,12,converted,full,638,5028,8,6.168,48.612,7.73,break_high
208793,Las Cruces,NM,2022,105096,NM0070100,Las Cruces,114102,1.086,12,converted,full,708,6110,11,6.737,58.137,10.47,break_high
208793,Las Cruces,NM,2023,112914,NM0070100,Las Cruces,114999,1.018,12,converted,full,678,6247,10,6.005,55.325,8.86,break_high
208793,Las Cruces,NM,2024,113888,NM0070100,Las Cruces,115977,1.018,12,converted,full,841,5671,14,7.384,49.795,12.29,break_high
170404,Rio Rancho,NM,2012,94171,NM0230600,Rio Rancho,89462,0.95,12,SRS,full,202,1904,2,2.145,20.219,2.12,
170404,Rio Rancho,NM,2013,94171,NM0230600,Rio Rancho,91777,0.975,12,SRS,full,167,1716,0,1.773,18.222,0.0,
170404,Rio Rancho,NM,2014,94171,NM0230600,Rio Rancho,92965,0.987,12,SRS,full,175,1814,1,1.858,19.263,1.06,
170404,Rio Rancho,NM,2015,94171,NM0230600,Rio Rancho,95329,1.012,12,SRS,full,207,1877,3,2.198,19.932,3.19,
170404,Rio Rancho,NM,2016,94171,NM0230600,Rio Rancho,95454,1.014,12,SRS,full,215,2250,1,2.283,23.893,1.06,
170404,Rio Rancho,NM,2017,94171,NM0230600,Rio Rancho,97444,1.035,12,SRS,full,167,1990,1,1.773,21.132,1.06,
170404,Rio Rancho,NM,2018,94171,NM0230600,Rio Rancho,97394,1.034,12,SRS,full,198,1595,4,2.103,16.937,4.25,
170404,Rio Rancho,NM,2019,96159,NM0230600,Rio Rancho,99359,1.033,12,SRS,full,189,1474,3,1.965,15.329,3.12,
170404,Rio Rancho,NM,2020,99178,NM0230600,Rio Rancho,100508,1.013,12,SRS,full,78,709,0,0.786,7.149,0.0,
170404,Rio Rancho,NM,2021,99178,NM0230600,Rio Rancho,101162,1.02,12,converted,full,446,1299,2,4.497,13.098,2.02,
170404,Rio Rancho,NM,2022,99885,NM0230600,Rio Rancho,107435,1.076,12,converted,full,494,1794,3,4.946,17.961,3.0,
170404,Rio Rancho,NM,2023,105834,NM0230600,Rio Rancho,109992,1.039,12,converted,full,453,1639,2,4.28,15.487,1.89,
170404,Rio Rancho,NM,2024,108082,NM0230600,Rio Rancho,112817,1.044,12,converted,full,382,1664,8,3.534,15.396,7.4,
169987,Henderson,NV,2012,285667,NV0020300,Henderson,263469,0.922,12,SRS,full,446,5295,4,1.561,18.536,1.4,
169987,Henderson,NV,2013,285667,NV0020300,Henderson,268237,0.939,12,SRS,full,367,5358,8,1.285,18.756,2.8,
169987,Henderson,NV,2014,285667,NV0020300,Henderson,274121,0.96,12,SRS,full,452,5423,3,1.582,18.984,1.05,
169987,Henderson,NV,2015,285667,NV0020300,Henderson,282554,0.989,12,SRS,full,476,5349,4,1.666,18.725,1.4,
169987,Henderson,NV,2016,285667,NV0020300,Henderson,291584,1.021,12,SRS,full,617,5484,10,2.16,19.197,3.5,
169987,Henderson,NV,2017,285667,NV0020300,Henderson,299285,1.048,12,SRS,full,554,5486,10,1.939,19.204,3.5,
169987,Henderson,NV,2018,285667,NV0020300,Henderson,309586,1.084,12,SRS,full,583,6072,14,2.041,21.256,4.9,
169987,Henderson,NV,2019,302539,NV0020300,Henderson,317732,1.05,12,SRS,full,543,5554,9,1.795,18.358,2.97,
169987,Henderson,NV,2020,320189,NV0020300,Henderson,328056,1.025,12,SRS,full,686,4682,13,2.142,14.623,4.06,
169987,Henderson,NV,2021,320189,NV0020300,Henderson,337375,1.054,12,converted,full,773,5584,13,2.414,17.44,4.06,
169987,Henderson,NV,2022,329172,NV0020300,Henderson,325332,0.988,12,converted,full,971,6243,4,2.95,18.966,1.22,
169987,Henderson,NV,2023,322178,NV0020300,Henderson,337794,1.048,12,converted,full,993,6943,10,3.082,21.55,3.1,
169987,Henderson,NV,2024,331415,NV0020300,Henderson,343619,1.037,12,converted,full,932,5896,8,2.812,17.79,2.41,
169988,Las Vegas,NV,2012,623747,NV0020100,Las Vegas Metropolitan Police Department,1479393,2.372,12,SRS,not_city,11598,46427,76,,,,
169988,Las Vegas,NV,2013,623747,NV0020100,Las Vegas Metropolitan Police Department,1500455,2.406,12,SRS,not_city,11374,47968,97,,,,
169988,Las Vegas,NV,2014,623747,NV0020100,Las Vegas Metropolitan Police Department,1530899,2.454,12,SRS,not_city,12876,44754,122,,,,
169988,Las Vegas,NV,2015,623747,NV0020100,Las Vegas Metropolitan Police Department,1562134,2.504,12,SRS,not_city,14383,46791,127,,,,
169988,Las Vegas,NV,2016,623747,NV0020100,Las Vegas Metropolitan Police Department,1592178,2.553,12,SRS,not_city,13520,46000,158,,,,
169988,Las Vegas,NV,2017,623747,NV0020100,Las Vegas Metropolitan Police Department,1627244,2.609,12,SRS,not_city,10064,47896,198,,,,
169988,Las Vegas,NV,2018,623747,NV0020100,Las Vegas Metropolitan Police Department,1644390,2.636,12,SRS,not_city,9949,46673,120,,,,
169988,Las Vegas,NV,2019,641676,NV0020100,Las Vegas Metropolitan Police Department,1666803,2.598,12,SRS,not_city,8855,46197,85,,,,
169988,Las Vegas,NV,2020,651319,NV0020100,Las Vegas Metropolitan Police Department,1693061,2.599,12,SRS,not_city,9227,38529,100,,,,
169988,Las Vegas,NV,2021,651319,NV0020100,Las Vegas Metropolitan Police Department,1685021,2.587,12,converted,not_city,8059,43069,160,,,,
169988,Las Vegas,NV,2022,662368,NV0020100,Las Vegas Metropolitan Police Department,1667961,2.518,12,converted,not_city,8655,48818,148,,,,
169988,Las Vegas,NV,2023,646790,NV0020100,Las Vegas Metropolitan Police Department,1670226,2.582,12,converted,not_city,7899,51626,142,,,,
169988,Las Vegas,NV,2024,656274,NV0020100,Las Vegas Metropolitan Police Department,1716565,2.616,12,converted,not_city,7431,45150,112,,,,
208734,North Las Vegas,NV,2012,234807,NV0020200,North Las Vegas,221884,0.945,12,SRS,full,1695,5534,14,7.219,23.568,5.96,
208734,North Las Vegas,NV,2013,234807,NV0020200,North Las Vegas,225632,0.961,12,SRS,full,1806,5969,7,7.691,25.421,2.98,
208734,North Las Vegas,NV,2014,234807,NV0020200,North Las Vegas,229436,0.977,12,SRS,full,1782,5508,12,7.589,23.458,5.11,
208734,North Las Vegas,NV,2015,234807,NV0020200,North Las Vegas,234386,0.998,12,SRS,full,2130,5331,14,9.071,22.704,5.96,
208734,North Las Vegas,NV,2016,234807,NV0020200,North Las Vegas,238554,1.016,12,SRS,full,2276,5277,26,9.693,22.474,11.07,
208734,North Las Vegas,NV,2017,234807,NV0020200,North Las Vegas,242537,1.033,12,SRS,full,2461,5787,22,10.481,24.646,9.37,
208734,North Las Vegas,NV,2018,234807,NV0020200,North Las Vegas,246951,1.052,12,SRS,full,2386,5202,33,10.162,22.154,14.05,
208734,North Las Vegas,NV,2019,242975,NV0020200,North Las Vegas,249854,1.028,12,SRS,full,2322,5086,18,9.557,20.932,7.41,
208734,North Las Vegas,NV,2020,251974,NV0020200,North Las Vegas,256217,1.017,12,SRS,full,1341,4171,18,5.322,16.553,7.14,break_low
208734,North Las Vegas,NV,2021,251974,NV0020200,North Las Vegas,264877,1.051,12,converted,full,1100,4771,27,4.366,18.934,10.72,break_low
208734,North Las Vegas,NV,2022,260098,NV0020200,North Las Vegas,284422,1.094,12,converted,full,1222,5194,25,4.698,19.969,9.61,break_low
208734,North Las Vegas,NV,2023,274133,NV0020200,North Las Vegas,290751,1.061,12,converted,full,1325,6860,29,4.833,25.024,10.58,break_low
208734,North Las Vegas,NV,2024,280543,NV0020200,North Las Vegas,293100,1.045,12,converted,full,1162,5790,37,4.142,20.639,13.19,break_low
169993,Reno,NV,2012,241445,NV0160100,Reno,230486,0.955,12,SRS,full,1192,7423,7,4.937,30.744,2.9,
169993,Reno,NV,2013,241445,NV0160100,Reno,232561,0.963,12,SRS,full,1154,7180,14,4.78,29.738,5.8,
169993,Reno,NV,2014,241445,NV0160100,Reno,235055,0.974,12,SRS,full,1147,6798,15,4.751,28.155,6.21,
169993,Reno,NV,2015,241445,NV0160100,Reno,239721,0.993,12,SRS,full,1419,7531,15,5.877,31.191,6.21,
169993,Reno,NV,2016,241445,NV0160100,Reno,244554,1.013,12,SRS,full,1718,7933,10,7.115,32.856,4.14,
169993,Reno,NV,2017,241445,NV0160100,Reno,248531,1.029,12,SRS,full,1674,7669,19,6.933,31.763,7.87,
169993,Reno,NV,2018,241445,NV0160100,Reno,252341,1.045,12,SRS,full,1636,6053,6,6.776,25.07,2.49,
169993,Reno,NV,2019,248853,NV0160100,Reno,254349,1.022,12,SRS,full,1431,5770,12,5.75,23.186,4.82,
169993,Reno,NV,2020,255601,NV0160100,Reno,259168,1.014,12,SRS,full,1552,6791,17,6.072,26.569,6.65,
169993,Reno,NV,2021,255601,NV0160100,Reno,262919,1.029,12,converted,full,1538,7783,18,6.017,30.45,7.04,
169993,Reno,NV,2022,259290,NV0160100,Reno,273671,1.055,12,converted,full,1667,7214,18,6.429,27.822,6.94,
169993,Reno,NV,2023,268851,NV0160100,Reno,277792,1.033,12,converted,full,1651,7340,19,6.141,27.301,7.07,
169993,Reno,NV,2024,273448,NV0160100,Reno,278313,1.018,12,converted,full,1472,6914,23,5.383,25.285,8.41,
108910,Sparks,NV,2012,96094,NV0160200,Sparks,92387,0.961,12,SRS,full,234,2559,1,2.435,26.63,1.04,
108910,Sparks,NV,2013,96094,NV0160200,Sparks,92768,0.965,12,SRS,full,272,2522,2,2.831,26.245,2.08,
108910,Sparks,NV,2014,96094,NV0160200,Sparks,94012,0.978,12,SRS,full,307,2494,2,3.195,25.954,2.08,
108910,Sparks,NV,2015,96094,NV0160200,Sparks,95815,0.997,12,SRS,full,359,2658,2,3.736,27.66,2.08,
108910,Sparks,NV,2016,96094,NV0160200,Sparks,97269,1.012,12,SRS,full,435,2450,3,4.527,25.496,3.12,
108910,Sparks,NV,2017,96094,NV0160200,Sparks,99732,1.038,12,SRS,full,474,2692,2,4.933,28.014,2.08,
108910,Sparks,NV,2018,96094,NV0160200,Sparks,102354,1.065,12,SRS,full,508,2440,4,5.286,25.392,4.16,
108910,Sparks,NV,2019,100888,NV0160200,Sparks,106010,1.051,12,SRS,full,450,2424,1,4.46,24.027,0.99,
108910,Sparks,NV,2020,105006,NV0160200,Sparks,106664,1.016,12,SRS,full,445,2096,4,4.238,19.961,3.81,
108910,Sparks,NV,2021,105006,NV0160200,Sparks,108612,1.034,12,converted,full,474,2524,8,4.514,24.037,7.62,
108910,Sparks,NV,2022,106900,NV0160200,Sparks,110475,1.033,12,converted,full,463,2221,6,4.331,20.776,5.61,
108910,Sparks,NV,2023,109796,NV0160200,Sparks,109403,0.996,12,converted,full,428,2480,4,3.898,22.587,3.64,
108910,Sparks,NV,2024,109226,NV0160200,Sparks,110807,1.014,12,converted,full,437,2872,5,4.001,26.294,4.58,
170440,Albany,NY,2012,98469,NY0010100,Albany,98187,0.997,12,SRS,full,802,4340,4,8.145,44.075,4.06,
170440,Albany,NY,2013,98469,NY0010100,Albany,97956,0.995,12,SRS,full,791,4090,8,8.033,41.536,8.12,
170440,Albany,NY,2014,98469,NY0010100,Albany,98595,1.001,12,SRS,full,792,3876,8,8.043,39.363,8.12,
170440,Albany,NY,2015,98469,NY0010100,Albany,98772,1.003,12,SRS,full,791,3214,5,8.033,32.64,5.08,
170440,Albany,NY,2016,98469,NY0010100,Albany,98617,1.002,12,SRS,full,852,3471,2,8.652,35.25,2.03,
170440,Albany,NY,2017,98469,NY0010100,Albany,98174,0.997,12,SRS,full,876,3394,8,8.896,34.468,8.12,
170440,Albany,NY,2018,98469,NY0010100,Albany,98322,0.999,12,SRS,full,823,3147,12,8.358,31.959,12.19,
170440,Albany,NY,2019,98251,NY0010100,Albany,97221,0.99,12,SRS,full,736,2919,4,7.491,29.71,4.07,
170440,Albany,NY,2020,96460,NY0010100,Albany,96318,0.999,12,SRS,full,869,2650,16,9.009,27.473,16.59,
170440,Albany,NY,2021,96460,NY0010100,Albany,95201,0.987,12,converted,full,860,2877,16,8.916,29.826,16.59,
170440,Albany,NY,2022,95429,NY0010100,Albany,98104,1.028,12,converted,full,955,3807,14,10.007,39.894,14.67,
170440,Albany,NY,2023,98617,NY0010100,Albany,101930,1.034,12,converted,full,1017,3555,15,10.313,36.049,15.21,
170440,Albany,NY,2024,100826,NY0010100,Albany,102095,1.013,12,converted,full,937,3026,13,9.293,30.012,12.89,
186634,Buffalo,NY,2012,258071,NY0140100,Buffalo,262434,1.017,12,SRS,full,3382,13454,48,13.105,52.133,18.6,
186634,Buffalo,NY,2013,258071,NY0140100,Buffalo,258789,1.003,12,SRS,full,3249,12491,47,12.59,48.401,18.21,
186634,Buffalo,NY,2014,258071,NY0140100,Buffalo,258419,1.001,12,SRS,full,3173,12449,60,12.295,48.239,23.25,
186634,Buffalo,NY,2015,258071,NY0140100,Buffalo,258096,1.0,12,SRS,full,2886,11175,41,11.183,43.302,15.89,
186634,Buffalo,NY,2016,258071,NY0140100,Buffalo,257446,0.998,12,SRS,full,2857,10599,44,11.071,41.07,17.05,
186634,Buffalo,NY,2017,258071,NY0140100,Buffalo,256169,0.993,12,SRS,full,2611,9827,40,10.117,38.079,15.5,
186634,Buffalo,NY,2018,258071,NY0140100,Buffalo,258219,1.001,12,SRS,full,2692,9852,57,10.431,38.176,22.09,
186634,Buffalo,NY,2019,258612,NY0140100,Buffalo,255686,0.989,12,SRS,full,2533,8298,47,9.795,32.087,18.17,
186634,Buffalo,NY,2020,255284,NY0140100,Buffalo,254627,0.997,12,SRS,full,2686,8422,63,10.522,32.991,24.68,
186634,Buffalo,NY,2021,255284,NY0140100,Buffalo,253809,0.994,12,converted,full,2441,7887,66,9.562,30.895,25.85,
186634,Buffalo,NY,2022,254479,NY0140100,Buffalo,275710,1.083,12,converted,full,2152,9067,67,8.456,35.63,26.33,
186634,Buffalo,NY,2023,276807,NY0140100,Buffalo,275922,0.997,12,converted,full,2099,11722,40,7.583,42.347,14.45,
186634,Buffalo,NY,2024,276486,NY0140100,Buffalo,273728,0.99,12,converted,full,2108,10845,38,7.624,39.224,13.74,
194805,New York,NY,2012,8550405,NY0303000,New York,8289415,0.969,12,SRS,full,52993,142760,419,6.198,16.696,4.9,
194805,New York,NY,2013,8550405,NY0303000,New York,8396126,0.982,12,SRS,full,52384,141971,335,6.126,16.604,3.92,
194805,New York,NY,2014,8550405,NY0303000,New York,8473938,0.991,12,SRS,full,50564,135747,333,5.914,15.876,3.89,
194805,New York,NY,2015,8550405,NY0303000,New York,8550861,1.0,12,SRS,full,50088,129860,352,5.858,15.188,4.12,
194805,New York,NY,2016,8550405,NY0303000,New York,8566917,1.002,12,SRS,full,49124,125278,335,5.745,14.652,3.92,
194805,New York,NY,2017,8550405,NY0303000,New York,8616333,1.008,12,SRS,full,46433,124815,292,5.431,14.598,3.42,
194805,New York,NY,2018,8550405,NY0303000,New York,8523171,0.997,12,SRS,full,46113,128051,295,5.393,14.976,3.45,
194805,New York,NY,2019,8622698,NY0303000,New York,8379043,0.972,12,SRS,full,47821,122299,319,5.546,14.183,3.7,
194805,New York,NY,2020,8336817,NY0303000,New York,8300377,0.996,12,SRS,full,47959,129361,468,5.753,15.517,5.61,
194805,New York,NY,2021,8336817,NY0303000,New York,,,,,missing,,,,,,,
194805,New York,NY,2022,8253213,NY0303000,New York,8236567,0.998,12,converted,full,61293,176361,438,7.427,21.369,5.31,
194805,New York,NY,2023,8467513,NY0303000,New York,8184044,0.967,12,converted,full,55815,199058,404,6.592,23.508,4.77,
194805,New York,NY,2024,8335897,NY0303000,New York,8299271,0.996,12,converted,full,57326,199391,356,6.877,23.92,4.27,
131239,Rochester,NY,2012,209802,NY0270100,Rochester,211993,1.01,12,SRS,full,2069,11283,36,9.862,53.779,17.16,
131239,Rochester,NY,2013,209802,NY0270100,Rochester,210562,1.004,12,SRS,full,2107,10051,42,10.043,47.907,20.02,
131239,Rochester,NY,2014,209802,NY0270100,Rochester,210347,1.003,12,SRS,full,1787,8856,32,8.518,42.211,15.25,
131239,Rochester,NY,2015,209802,NY0270100,Rochester,209922,1.001,12,SRS,full,1839,8267,33,8.765,39.404,15.73,
131239,Rochester,NY,2016,209802,NY0270100,Rochester,209643,0.999,12,SRS,full,1845,7813,43,8.794,37.24,20.5,
131239,Rochester,NY,2017,209802,NY0270100,Rochester,208591,0.994,12,SRS,full,1872,7934,27,8.923,37.817,12.87,
131239,Rochester,NY,2018,209802,NY0270100,Rochester,207701,0.99,12,SRS,full,1615,7036,29,7.698,33.536,13.82,
131239,Rochester,NY,2019,208046,NY0270100,Rochester,205769,0.989,12,SRS,full,1540,7142,33,7.402,34.329,15.86,
131239,Rochester,NY,2020,205695,NY0270100,Rochester,205199,0.998,12,SRS,full,1680,6887,48,8.167,33.482,23.34,
131239,Rochester,NY,2021,205695,NY0270100,Rochester,204735,0.995,12,converted,full,1565,5586,75,7.608,27.157,36.46,
131239,Rochester,NY,2022,205225,NY0270100,Rochester,210270,1.025,12,converted,full,1602,7611,76,7.806,37.086,37.03,
131239,Rochester,NY,2023,210606,NY0270100,Rochester,208452,0.99,12,converted,full,1529,10618,49,7.26,50.416,23.27,
131239,Rochester,NY,2024,209352,NY0270100,Rochester,206093,0.984,12,converted,full,1422,7163,46,6.792,34.215,21.97,
170582,Syracuse,NY,2012,144142,NY0330100,Syracuse,145934,1.012,12,SRS,full,1372,5976,14,9.518,41.459,9.71,
170582,Syracuse,NY,2013,144142,NY0330100,Syracuse,143834,0.998,12,SRS,full,1192,6473,21,8.27,44.907,14.57,
170582,Syracuse,NY,2014,144142,NY0330100,Syracuse,144534,1.003,12,SRS,full,1172,5755,20,8.131,39.926,13.88,
170582,Syracuse,NY,2015,144142,NY0330100,Syracuse,144027,0.999,12,SRS,full,1142,5087,22,7.923,35.292,15.26,
170582,Syracuse,NY,2016,144142,NY0330100,Syracuse,143925,0.998,12,SRS,full,1063,4651,30,7.375,32.267,20.81,
170582,Syracuse,NY,2017,144142,NY0330100,Syracuse,143069,0.993,12,SRS,full,1009,4817,20,7.0,33.418,13.88,
170582,Syracuse,NY,2018,144142,NY0330100,Syracuse,143129,0.993,12,SRS,full,1006,4420,23,6.979,30.664,15.96,
170582,Syracuse,NY,2019,143396,NY0330100,Syracuse,142438,0.993,12,SRS,full,1129,4464,19,7.873,31.131,13.25,
170582,Syracuse,NY,2020,142327,NY0330100,Syracuse,142011,0.998,12,SRS,full,1192,4009,32,8.375,28.168,22.48,
170582,Syracuse,NY,2021,142327,NY0330100,Syracuse,,,,,missing,,,,,,,
170582,Syracuse,NY,2022,141229,NY0330100,Syracuse,145179,1.028,12,converted,full,1294,4430,17,9.162,31.367,12.04,
170582,Syracuse,NY,2023,146103,NY0330100,Syracuse,143295,0.981,12,converted,full,1169,5497,18,8.001,37.624,12.32,
170582,Syracuse,NY,2024,144451,NY0330100,Syracuse,145175,1.005,12,converted,full,1111,6147,22,7.691,42.554,15.23,
109593,Yonkers,NY,2012,201116,NY0590700,Yonkers,198464,0.987,12,SRS,full,1133,2565,4,5.634,12.754,1.99,
109593,Yonkers,NY,2013,201116,NY0590700,Yonkers,199134,0.99,12,SRS,full,1036,2368,6,5.151,11.774,2.98,
109593,Yonkers,NY,2014,201116,NY0590700,Yonkers,200624,0.998,12,SRS,full,977,2009,3,4.858,9.989,1.49,
109593,Yonkers,NY,2015,201116,NY0590700,Yonkers,201753,1.003,12,SRS,full,950,2008,6,4.724,9.984,2.98,
109593,Yonkers,NY,2016,201116,NY0590700,Yonkers,202075,1.005,12,SRS,full,943,2187,8,4.689,10.874,3.98,
109593,Yonkers,NY,2017,201116,NY0590700,Yonkers,201554,1.002,12,SRS,full,810,2023,8,4.028,10.059,3.98,
109593,Yonkers,NY,2018,201116,NY0590700,Yonkers,202827,1.009,12,SRS,full,706,1771,1,3.51,8.806,0.5,
109593,Yonkers,NY,2019,202019,NY0590700,Yonkers,200075,0.99,12,SRS,full,708,1826,6,3.505,9.039,2.97,
109593,Yonkers,NY,2020,200370,NY0590700,Yonkers,200816,1.002,12,SRS,full,653,1990,7,3.259,9.932,3.49,
109593,Yonkers,NY,2021,200370,NY0590700,Yonkers,200397,1.0,12,converted,full,553,1712,8,2.76,8.544,3.99,
109593,Yonkers,NY,2022,200040,NY0590700,Yonkers,208100,1.04,12,converted,full,684,1933,3,3.419,9.663,1.5,
109593,Yonkers,NY,2023,209530,NY0590700,Yonkers,206702,0.987,12,converted,full,721,2609,4,3.441,12.452,1.91,
109593,Yonkers,NY,2024,208121,NY0590700,Yonkers,206557,0.992,12,converted,full,778,2141,7,3.738,10.287,3.36,
209096,Akron,OH,2012,197542,OH0770100,Akron,198390,1.004,12,SRS,full,1777,10160,25,8.996,51.432,12.66,
209096,Akron,OH,2013,197542,OH0770100,Akron,198405,1.004,12,SRS,full,1576,9701,23,7.978,49.109,11.64,
209096,Akron,OH,2014,197542,OH0770100,Akron,197891,1.002,12,SRS,full,1366,9123,26,6.915,46.183,13.16,
209096,Akron,OH,2015,197542,OH0770100,Akron,197587,1.0,12,SRS,full,1225,8723,29,6.201,44.158,14.68,
209096,Akron,OH,2016,197542,OH0770100,Akron,197257,0.999,12,SRS,full,1291,8643,34,6.535,43.753,17.21,
209096,Akron,OH,2017,197542,OH0770100,Akron,197412,0.999,12,SRS,full,1392,8411,43,7.047,42.578,21.77,
209096,Akron,OH,2018,197542,OH0770100,Akron,197690,1.001,12,SRS,full,1727,7261,38,8.742,36.757,19.24,
209096,Akron,OH,2019,197846,OH0770100,Akron,197882,1.0,12,SRS,full,1845,6665,30,9.325,33.688,15.16,
209096,Akron,OH,2020,197597,OH0770100,Akron,197433,0.999,12,SRS,full,1826,7060,47,9.241,35.729,23.79,
209096,Akron,OH,2021,197597,OH0770100,Akron,195701,0.99,12,converted,full,1668,6544,37,8.441,33.118,18.72,
209096,Akron,OH,2022,195994,OH0770100,Akron,188534,0.962,12,converted,full,1577,6554,38,8.046,33.44,19.39,
209096,Akron,OH,2023,189347,OH0770100,Akron,187705,0.991,12,converted,full,1501,5725,19,7.927,30.235,10.03,
209096,Akron,OH,2024,188509,OH0770100,Akron,188223,0.998,12,converted,full,1580,5724,25,8.382,30.365,13.26,
191166,Cincinnati,OH,2012,298550,OHCIP0000,Cincinnati,296204,0.992,12,SRS,full,2903,18283,47,9.724,61.239,15.74,
191166,Cincinnati,OH,2013,298550,OHCIP0000,Cincinnati,296491,0.993,12,SRS,full,2858,17302,70,9.573,57.953,23.45,
191166,Cincinnati,OH,2014,298550,OHCIP0000,Cincinnati,297671,0.997,12,SRS,full,2719,16680,60,9.107,55.87,20.1,
191166,Cincinnati,OH,2015,298550,OHCIP0000,Cincinnati,298478,1.0,12,SRS,full,2788,16534,67,9.338,55.381,22.44,
191166,Cincinnati,OH,2016,298550,OHCIP0000,Cincinnati,298880,1.001,12,SRS,full,2803,15428,59,9.389,51.676,19.76,
191166,Cincinnati,OH,2017,298550,OHCIP0000,Cincinnati,299116,1.002,12,SRS,full,2862,15165,71,9.586,50.796,23.78,
191166,Cincinnati,OH,2018,298550,OHCIP0000,Cincinnati,301952,1.011,12,SRS,full,2579,13788,58,8.638,46.183,19.43,
191166,Cincinnati,OH,2019,301301,OHCIP0000,Cincinnati,303335,1.007,12,SRS,full,2610,13101,67,8.662,43.481,22.24,
191166,Cincinnati,OH,2020,303940,OHCIP0000,Cincinnati,304724,1.003,12,SRS,full,2764,11308,95,9.094,37.205,31.26,
191166,Cincinnati,OH,2021,303940,OHCIP0000,Cincinnati,305308,1.005,12,converted,full,2545,10134,91,8.373,33.342,29.94,
191166,Cincinnati,OH,2022,304548,OHCIP0000,Cincinnati,307761,1.011,12,converted,full,2594,11590,74,8.518,38.056,24.3,
191166,Cincinnati,OH,2023,308935,OHCIP0000,Cincinnati,309484,1.002,12,converted,full,2300,13316,68,7.445,43.103,22.01,
191166,Cincinnati,OH,2024,309513,OHCIP0000,Cincinnati,311599,1.007,12,converted,full,2663,12044,69,8.604,38.913,22.29,
172358,Cleveland,OH,2012,388072,OHCLP0000,Cleveland,393781,1.015,12,SRS,full,5469,24462,85,14.093,63.035,21.9,
172358,Cleveland,OH,2013,388072,OHCLP0000,Cleveland,389181,1.003,12,SRS,full,5782,23267,58,14.899,59.955,14.95,
172358,Cleveland,OH,2014,388072,OHCLP0000,Cleveland,388655,1.002,12,SRS,full,5205,21216,63,13.412,54.67,16.23,
172358,Cleveland,OH,2015,388072,OHCLP0000,Cleveland,387921,1.0,12,SRS,full,4506,15537,78,11.611,40.036,20.1,
172358,Cleveland,OH,2016,388072,OHCLP0000,Cleveland,386227,0.995,12,SRS,full,6546,20808,131,16.868,53.619,33.76,
172358,Cleveland,OH,2017,388072,OHCLP0000,Cleveland,385351,0.993,12,SRS,full,5628,19084,106,14.502,49.176,27.31,
172358,Cleveland,OH,2018,388072,OHCLP0000,Cleveland,384666,0.991,12,SRS,full,5996,17137,86,15.451,44.159,22.16,
172358,Cleveland,OH,2019,385525,OHCLP0000,Cleveland,381829,0.99,12,SRS,full,5849,17211,100,15.172,44.643,25.94,
172358,Cleveland,OH,2020,381009,OHCLP0000,Cleveland,379121,0.995,12,SRS,full,6382,15860,161,16.75,41.626,42.26,
172358,Cleveland,OH,2021,381009,OHCLP0000,Cleveland,379313,0.996,12,converted,full,6463,14692,166,16.963,38.561,43.57,
172358,Cleveland,OH,2022,378589,OHCLP0000,Cleveland,363764,0.961,12,converted,full,5932,15885,147,15.669,41.958,38.83,
172358,Cleveland,OH,2023,367991,OHCLP0000,Cleveland,358146,0.973,12,converted,full,6182,17663,138,16.799,47.998,37.5,
172358,Cleveland,OH,2024,361607,OHCLP0000,Cleveland,362762,1.003,12,converted,full,5727,16239,110,15.838,44.908,30.42,
209050,Columbus,OH,2012,850106,OHCOP0000,Columbus,797384,0.938,12,SRS,full,4808,44111,71,5.656,51.889,8.35,
209050,Columbus,OH,2013,850106,OHCOP0000,Columbus,816364,0.96,12,SRS,full,4446,40576,78,5.23,47.731,9.18,
209050,Columbus,OH,2014,850106,OHCOP0000,Columbus,830811,0.977,12,SRS,full,4640,35544,85,5.458,41.811,10.0,
209050,Columbus,OH,2015,850106,OHCOP0000,Columbus,847745,0.997,12,SRS,full,4758,33627,83,5.597,39.556,9.76,
209050,Columbus,OH,2016,850106,OHCOP0000,Columbus,862515,1.015,12,SRS,full,4694,35273,104,5.522,41.492,12.23,
209050,Columbus,OH,2017,850106,OHCOP0000,Columbus,872205,1.026,12,SRS,full,4594,34844,143,5.404,40.988,16.82,
209050,Columbus,OH,2018,850106,OHCOP0000,Columbus,892576,1.05,12,SRS,full,4586,32325,110,5.395,38.025,12.94,
209050,Columbus,OH,2019,879170,OHCOP0000,Columbus,906120,1.031,12,SRS,full,4640,30266,87,5.278,34.426,9.9,
209050,Columbus,OH,2020,898553,OHCOP0000,Columbus,911383,1.014,12,SRS,full,5593,29602,179,6.224,32.944,19.92,
209050,Columbus,OH,2021,898553,OHCOP0000,Columbus,916001,1.019,12,converted,full,6277,30974,212,6.986,34.471,23.59,
209050,Columbus,OH,2022,903852,OHCOP0000,Columbus,907196,1.004,12,converted,full,4865,32489,136,5.383,35.945,15.05,
209050,Columbus,OH,2023,906528,OHCOP0000,Columbus,908834,1.003,12,converted,full,4871,30339,147,5.373,33.467,16.22,
209050,Columbus,OH,2024,907971,OHCOP0000,Columbus,915447,1.008,12,converted,full,4431,28284,117,4.88,31.151,12.89,
172543,Dayton,OH,2012,140599,OH0570200,Dayton,142139,1.011,12,SRS,full,1401,8492,26,9.965,60.399,18.49,
172543,Dayton,OH,2013,140599,OH0570200,Dayton,141167,1.004,12,SRS,full,1240,7714,31,8.819,54.865,22.05,
172543,Dayton,OH,2014,140599,OH0570200,Dayton,143217,1.019,12,SRS,full,1237,8001,27,8.798,56.907,19.2,
172543,Dayton,OH,2015,140599,OH0570200,Dayton,140683,1.001,12,SRS,full,1339,7176,27,9.524,51.039,19.2,
172543,Dayton,OH,2016,140599,OH0570200,Dayton,140260,0.998,12,SRS,full,1460,7242,39,10.384,51.508,27.74,
172543,Dayton,OH,2017,140599,OH0570200,Dayton,140171,0.997,12,SRS,full,1254,6115,32,8.919,43.492,22.76,
172543,Dayton,OH,2018,140599,OH0570200,Dayton,140094,0.996,12,SRS,full,1292,6330,37,9.189,45.022,26.32,
172543,Dayton,OH,2019,140371,OH0570200,Dayton,140427,1.0,12,SRS,full,1424,5732,54,10.145,40.835,38.47,
172543,Dayton,OH,2020,140407,OH0570200,Dayton,140193,0.998,12,SRS,full,1586,5465,48,11.296,38.923,34.19,
172543,Dayton,OH,2021,140407,OH0570200,Dayton,139671,0.995,12,converted,full,1455,5075,30,10.363,36.145,21.37,
172543,Dayton,OH,2022,139907,OH0570200,Dayton,137084,0.98,12,converted,full,1611,5905,34,11.515,42.207,24.3,
172543,Dayton,OH,2023,137571,OH0570200,Dayton,135181,0.983,12,converted,full,1598,6402,38,11.616,46.536,27.62,
172543,Dayton,OH,2024,135944,OH0570200,Dayton,134857,0.992,12,converted,full,1818,5872,40,13.373,43.194,29.42,
205133,Toledo,OH,2012,279789,OH0480700,Toledo,286020,1.022,12,SRS,full,3352,8063,39,11.98,28.818,13.94,
205133,Toledo,OH,2013,279789,OH0480700,Toledo,283035,1.012,12,SRS,full,2902,7167,28,10.372,25.616,10.01,
205133,Toledo,OH,2014,279789,OH0480700,Toledo,281150,1.005,12,SRS,full,3068,5640,24,10.965,20.158,8.58,
205133,Toledo,OH,2015,279789,OH0480700,Toledo,279552,0.999,12,SRS,full,3156,12510,24,11.28,44.712,8.58,
205133,Toledo,OH,2016,279789,OH0480700,Toledo,278366,0.995,12,SRS,full,3319,11191,37,11.863,39.998,13.22,
205133,Toledo,OH,2017,279789,OH0480700,Toledo,277116,0.99,12,SRS,full,2748,11165,38,9.822,39.905,13.58,
205133,Toledo,OH,2018,279789,OH0480700,Toledo,275023,0.983,12,SRS,full,2539,10311,37,9.075,36.853,13.22,
205133,Toledo,OH,2019,276491,OH0480700,Toledo,273505,0.989,12,SRS,full,2651,9581,42,9.588,34.652,15.19,
205133,Toledo,OH,2020,272779,OH0480700,Toledo,271237,0.994,12,SRS,full,2844,8004,60,10.426,29.342,22.0,
205133,Toledo,OH,2021,272779,OH0480700,Toledo,269941,0.99,12,converted,full,2987,7732,70,10.95,28.345,25.66,
205133,Toledo,OH,2022,271455,OH0480700,Toledo,266984,0.984,12,converted,full,3140,8307,64,11.567,30.602,23.58,
205133,Toledo,OH,2023,268508,OH0480700,Toledo,264341,0.984,12,converted,full,3071,8019,37,11.437,29.865,13.78,
205133,Toledo,OH,2024,266301,OH0480700,Toledo,263668,0.99,12,converted,full,2779,7330,32,10.436,27.525,12.02,
184222,Broken Arrow,OK,2012,106563,OK0720100,Broken Arrow,100688,0.945,12,SRS,full,155,2187,1,1.455,20.523,0.94,
184222,Broken Arrow,OK,2013,106563,OK0720100,Broken Arrow,102956,0.966,12,SRS,full,147,2034,0,1.379,19.087,0.0,
184222,Broken Arrow,OK,2014,106563,OK0720100,Broken Arrow,104592,0.982,12,SRS,full,148,1716,0,1.389,16.103,0.0,
184222,Broken Arrow,OK,2015,106563,OK0720100,Broken Arrow,106145,0.996,12,SRS,full,151,1929,5,1.417,18.102,4.69,
184222,Broken Arrow,OK,2016,106563,OK0720100,Broken Arrow,108088,1.014,12,SRS,full,166,2296,3,1.558,21.546,2.82,
184222,Broken Arrow,OK,2017,106563,OK0720100,Broken Arrow,108823,1.021,12,SRS,full,135,2374,1,1.267,22.278,0.94,
184222,Broken Arrow,OK,2018,106563,OK0720100,Broken Arrow,109663,1.029,12,SRS,full,156,2283,3,1.464,21.424,2.82,
184222,Broken Arrow,OK,2019,108303,OK0720100,Broken Arrow,110480,1.02,12,SRS,full,138,1977,0,1.274,18.254,0.0,
184222,Broken Arrow,OK,2020,110198,OK0720100,Broken Arrow,111488,1.012,12,SRS,full,192,2158,2,1.742,19.583,1.81,
184222,Broken Arrow,OK,2021,110198,OK0720100,Broken Arrow,112990,1.025,12,converted,full,179,2163,5,1.624,19.628,4.54,
184222,Broken Arrow,OK,2022,111648,OK0720100,Broken Arrow,118683,1.063,12,converted,full,181,1925,7,1.621,17.242,6.27,
184222,Broken Arrow,OK,2023,116330,OK0720100,Broken Arrow,119959,1.031,12,converted,full,250,1638,8,2.149,14.081,6.88,
184222,Broken Arrow,OK,2024,117911,OK0720100,Broken Arrow,121004,1.026,12,converted,full,270,1453,4,2.29,12.323,3.39,
205181,Norman,OK,2012,120284,OK0140200,Norman,113969,0.947,12,SRS,full,173,3050,1,1.438,25.357,0.83,
205181,Norman,OK,2013,120284,OK0140200,Norman,116970,0.972,12,SRS,full,178,2941,4,1.48,24.45,3.33,
205181,Norman,OK,2014,120284,OK0140200,Norman,119956,0.997,12,SRS,full,192,3243,3,1.596,26.961,2.49,
205181,Norman,OK,2015,120284,OK0140200,Norman,119767,0.996,6,SRS,partial,74,1435,1,,,,
205181,Norman,OK,2016,120284,OK0140200,Norman,122143,1.015,12,SRS,full,338,3988,1,2.81,33.155,0.83,
205181,Norman,OK,2017,120284,OK0140200,Norman,124074,1.032,12,SRS,full,367,3410,7,3.051,28.35,5.82,
205181,Norman,OK,2018,120284,OK0140200,Norman,124577,1.036,12,SRS,full,348,3544,3,2.893,29.464,2.49,
205181,Norman,OK,2019,122843,OK0140200,Norman,125076,1.018,12,SRS,full,349,3405,4,2.841,27.718,3.26,
205181,Norman,OK,2020,124880,OK0140200,Norman,126480,1.013,12,SRS,full,380,3337,5,3.043,26.722,4.0,
205181,Norman,OK,2021,124880,OK0140200,Norman,127304,1.019,12,converted,full,416,3788,2,3.331,30.333,1.6,
205181,Norman,OK,2022,125762,OK0140200,Norman,128878,1.025,12,converted,full,401,3588,2,3.189,28.53,1.59,
205181,Norman,OK,2023,128097,OK0140200,Norman,130366,1.018,12,converted,full,419,3028,2,3.271,23.638,1.56,
205181,Norman,OK,2024,129627,OK0140200,Norman,130681,1.008,12,converted,full,350,2993,1,2.7,23.089,0.77,
209170,Oklahoma,OK,2012,631346,OK0550600,Oklahoma City,595607,0.943,12,SRS,full,5474,35390,85,8.67,56.055,13.46,
209170,Oklahoma,OK,2013,631346,OK0550600,Oklahoma City,605034,0.958,12,SRS,full,4998,32479,62,7.916,51.444,9.82,
209170,Oklahoma,OK,2014,631346,OK0550600,Oklahoma City,617975,0.979,12,SRS,full,4782,27258,45,7.574,43.174,7.13,
209170,Oklahoma,OK,2015,631346,OK0550600,Oklahoma City,630621,0.999,12,SRS,full,4828,24948,73,7.647,39.516,11.56,
209170,Oklahoma,OK,2016,631346,OK0550600,Oklahoma City,641681,1.016,12,SRS,full,5027,25032,70,7.962,39.649,11.09,
209170,Oklahoma,OK,2017,631346,OK0550600,Oklahoma City,648195,1.027,12,SRS,full,5104,24326,81,8.084,38.53,12.83,
209170,Oklahoma,OK,2018,631346,OK0550600,Oklahoma City,652865,1.034,12,SRS,full,5663,26298,52,8.97,41.654,8.24,
209170,Oklahoma,OK,2019,643648,OK0550600,Oklahoma City,657819,1.022,12,SRS,full,4791,27073,76,7.444,42.062,11.81,
209170,Oklahoma,OK,2020,655057,OK0550600,Oklahoma City,663590,1.013,12,SRS,full,4872,26217,67,7.438,40.022,10.23,
209170,Oklahoma,OK,2021,655057,OK0550600,Oklahoma City,670796,1.024,12,converted,full,4365,25834,83,6.664,39.438,12.67,
209170,Oklahoma,OK,2022,662314,OK0550600,Oklahoma City,692651,1.046,12,converted,full,4530,21418,71,6.84,32.338,10.72,
209170,Oklahoma,OK,2023,687725,OK0550600,Oklahoma City,700684,1.019,12,converted,full,4588,20913,66,6.671,30.409,9.6,
209170,Oklahoma,OK,2024,694800,OK0550600,Oklahoma City,709376,1.021,12,converted,full,4859,20653,76,6.993,29.725,10.94,
212090,Tulsa,OK,2012,403505,OK0720500,Tulsa,398904,0.989,12,SRS,full,3949,20807,42,9.787,51.566,10.41,
212090,Tulsa,OK,2013,403505,OK0720500,Tulsa,394498,0.978,12,SRS,full,3827,20978,60,9.484,51.989,14.87,
212090,Tulsa,OK,2014,403505,OK0720500,Tulsa,399556,0.99,12,SRS,full,3217,20304,46,7.973,50.319,11.4,
212090,Tulsa,OK,2015,403505,OK0720500,Tulsa,401520,0.995,12,SRS,full,3628,20892,55,8.991,51.776,13.63,
212090,Tulsa,OK,2016,403505,OK0720500,Tulsa,405748,1.006,12,SRS,full,4444,23956,72,11.013,59.37,17.84,
212090,Tulsa,OK,2017,403505,OK0720500,Tulsa,404868,1.003,12,SRS,full,4214,22088,70,10.443,54.74,17.35,
212090,Tulsa,OK,2018,403505,OK0720500,Tulsa,403147,0.999,12,SRS,full,4294,21893,60,10.642,54.257,14.87,
212090,Tulsa,OK,2019,401800,OK0720500,Tulsa,401700,1.0,12,SRS,full,3964,21336,55,9.866,53.101,13.69,
212090,Tulsa,OK,2020,401190,OK0720500,Tulsa,402166,1.002,12,SRS,full,4555,20557,72,11.354,51.24,17.95,
212090,Tulsa,OK,2021,401190,OK0720500,Tulsa,404255,1.008,12,converted,full,4518,20222,60,11.261,50.405,14.96,
212090,Tulsa,OK,2022,403166,OK0720500,Tulsa,410135,1.017,12,converted,full,3876,17710,59,9.614,43.927,14.63,
212090,Tulsa,OK,2023,411401,OK0720500,Tulsa,410965,0.999,12,converted,full,3797,16288,35,9.229,39.592,8.51,
212090,Tulsa,OK,2024,411867,OK0720500,Tulsa,411274,0.999,12,converted,full,3902,15016,38,9.474,36.458,9.23,
193960,Bend,OR,2012,87014,OR0090100,Bend,78458,0.902,12,SRS,full,169,2307,0,1.942,26.513,0.0,
193960,Bend,OR,2013,87014,OR0090100,Bend,79926,0.919,12,SRS,full,183,2288,1,2.103,26.295,1.15,
193960,Bend,OR,2014,87014,OR0090100,Bend,82418,0.947,12,SRS,full,119,2193,0,1.368,25.203,0.0,
193960,Bend,OR,2015,87014,OR0090100,Bend,86042,0.989,12,SRS,full,136,2369,2,1.563,27.226,2.3,
193960,Bend,OR,2016,87014,OR0090100,Bend,89244,1.026,12,SRS,full,100,2024,0,1.149,23.261,0.0,
193960,Bend,OR,2017,87014,OR0090100,Bend,93786,1.078,12,SRS,full,163,1980,0,1.873,22.755,0.0,
193960,Bend,OR,2018,87014,OR0090100,Bend,97403,1.119,12,SRS,full,168,2103,0,1.931,24.169,0.0,
193960,Bend,OR,2019,94520,OR0090100,Bend,100588,1.064,12,SRS,full,161,1946,0,1.703,20.588,0.0,
193960,Bend,OR,2020,100421,OR0090100,Bend,103485,1.031,12,SRS,full,180,1971,2,1.792,19.627,1.99,
193960,Bend,OR,2021,100421,OR0090100,Bend,104833,1.044,12,converted,full,191,1656,2,1.902,16.491,1.99,
193960,Bend,OR,2022,101886,OR0090100,Bend,104649,1.027,12,converted,full,162,1680,2,1.59,16.489,1.96,
193960,Bend,OR,2023,102059,OR0090100,Bend,105099,1.03,12,converted,full,201,1688,2,1.969,16.539,1.96,
193960,Bend,OR,2024,103254,OR0090100,Bend,106241,1.029,12,converted,full,184,1470,3,1.782,14.237,2.91,
133222,Eugene,OR,2012,163460,OR0200200,Eugene,158043,0.967,12,SRS,full,430,8004,0,2.631,48.966,0.0,
133222,Eugene,OR,2013,163460,OR0200200,Eugene,158499,0.97,12,SRS,full,402,7920,0,2.459,48.452,0.0,
133222,Eugene,OR,2014,163460,OR0200200,Eugene,159882,0.978,12,SRS,full,587,6637,2,3.591,40.603,1.22,
133222,Eugene,OR,2015,163460,OR0200200,Eugene,161608,0.989,12,SRS,full,517,6286,5,3.163,38.456,3.06,
133222,Eugene,OR,2016,163460,OR0200200,Eugene,164883,1.009,12,SRS,full,606,6332,6,3.707,38.737,3.67,
133222,Eugene,OR,2017,163460,OR0200200,Eugene,168310,1.03,12,SRS,full,659,6308,3,4.032,38.59,1.84,
133222,Eugene,OR,2018,163460,OR0200200,Eugene,170771,1.045,12,SRS,full,669,5527,3,4.093,33.813,1.84,
133222,Eugene,OR,2019,168916,OR0200200,Eugene,173183,1.025,12,SRS,full,682,6248,2,4.038,36.989,1.18,
133222,Eugene,OR,2020,172622,OR0200200,Eugene,174513,1.011,12,SRS,full,691,7008,2,4.003,40.597,1.16,
133222,Eugene,OR,2021,172622,OR0200200,Eugene,175007,1.014,12,converted,full,723,6495,3,4.188,37.626,1.74,
133222,Eugene,OR,2022,173236,OR0200200,Eugene,175390,1.012,12,converted,full,680,6027,3,3.925,34.791,1.73,
133222,Eugene,OR,2023,175096,OR0200200,Eugene,178191,1.018,12,converted,full,631,5736,6,3.604,32.759,3.43,
133222,Eugene,OR,2024,177923,OR0200200,Eugene,178057,1.001,12,converted,full,569,5841,2,3.198,32.829,1.12,
173685,Gresham,OR,2012,110553,OR0260100,Gresham,108202,0.979,12,SRS,full,487,4858,4,4.405,43.943,3.62,
173685,Gresham,OR,2013,110553,OR0260100,Gresham,109965,0.995,12,SRS,full,611,4553,5,5.527,41.184,4.52,
173685,Gresham,OR,2014,110553,OR0260100,Gresham,110276,0.997,12,SRS,full,549,5161,2,4.966,46.683,1.81,
173685,Gresham,OR,2015,110553,OR0260100,Gresham,110901,1.003,3,SRS,partial,131,1036,1,,,,
173685,Gresham,OR,2016,110553,OR0260100,Gresham,111491,1.008,12,SRS,full,429,3077,6,3.88,27.833,5.43,
173685,Gresham,OR,2017,110553,OR0260100,Gresham,112466,1.017,12,SRS,full,395,3716,10,3.573,33.613,9.05,
173685,Gresham,OR,2018,110553,OR0260100,Gresham,111797,1.011,12,SRS,full,480,3869,3,4.342,34.997,2.71,
173685,Gresham,OR,2019,111053,OR0260100,Gresham,110692,0.997,12,SRS,full,501,3447,3,4.511,31.039,2.7,
173685,Gresham,OR,2020,109381,OR0260100,Gresham,109767,1.004,12,SRS,full,532,3089,6,4.864,28.241,5.49,
173685,Gresham,OR,2021,109381,OR0260100,Gresham,110448,1.01,12,converted,full,508,3272,16,4.644,29.914,14.63,
173685,Gresham,OR,2022,110031,OR0260100,Gresham,111590,1.014,12,converted,full,499,3302,10,4.535,30.01,9.09,
173685,Gresham,OR,2023,113103,OR0260100,Gresham,110225,0.975,12,converted,full,427,3330,10,3.775,29.442,8.84,
173685,Gresham,OR,2024,111621,OR0260100,Gresham,109452,0.981,12,converted,full,455,2672,6,4.076,23.938,5.38,
211253,Hillsboro,OR,2012,102347,OR0340300,Hillsboro,94119,0.92,12,SRS,full,180,2154,2,1.759,21.046,1.95,
211253,Hillsboro,OR,2013,102347,OR0340300,Hillsboro,96313,0.941,12,SRS,full,141,2160,0,1.378,21.105,0.0,
211253,Hillsboro,OR,2014,102347,OR0340300,Hillsboro,98635,0.964,12,SRS,full,186,2205,2,1.817,21.544,1.95,
211253,Hillsboro,OR,2015,102347,OR0340300,Hillsboro,101206,0.989,3,SRS,partial,34,570,0,,,,
211253,Hillsboro,OR,2016,102347,OR0340300,Hillsboro,104440,1.02,12,SRS,full,312,2059,1,3.048,20.118,0.98,
211253,Hillsboro,OR,2017,102347,OR0340300,Hillsboro,107433,1.05,12,SRS,full,274,2150,2,2.677,21.007,1.95,
211253,Hillsboro,OR,2018,102347,OR0340300,Hillsboro,109121,1.066,12,SRS,full,303,2095,0,2.961,20.47,0.0,
211253,Hillsboro,OR,2019,106894,OR0340300,Hillsboro,110549,1.034,12,SRS,full,281,2170,1,2.629,20.3,0.94,
211253,Hillsboro,OR,2020,109128,OR0340300,Hillsboro,111146,1.018,12,SRS,full,258,2161,2,2.364,19.802,1.83,
211253,Hillsboro,OR,2021,109128,OR0340300,Hillsboro,113053,1.036,12,converted,full,284,2287,6,2.602,20.957,5.5,
211253,Hillsboro,OR,2022,110985,OR0340300,Hillsboro,106345,0.958,12,converted,full,335,2724,4,3.018,24.544,3.6,
211253,Hillsboro,OR,2023,106633,OR0340300,Hillsboro,107459,1.008,12,converted,full,323,2704,3,3.029,25.358,2.81,
211253,Hillsboro,OR,2024,107299,OR0340300,Hillsboro,107978,1.006,12,converted,full,350,2638,0,3.262,24.586,0.0,
211254,Portland,OR,2012,632309,OR0260200,Portland,598037,0.946,12,SRS,full,3093,30454,20,4.892,48.163,3.16,
211254,Portland,OR,2013,632309,OR0260200,Portland,609136,0.963,12,SRS,full,2941,29633,14,4.651,46.865,2.21,
211254,Portland,OR,2014,632309,OR0260200,Portland,615672,0.974,12,SRS,full,2911,32229,26,4.604,50.97,4.11,
211254,Portland,OR,2015,632309,OR0260200,Portland,628192,0.993,3,SRS,partial,680,7708,4,,,,
211254,Portland,OR,2016,632309,OR0260200,Portland,642129,1.016,12,SRS,full,3223,33321,16,5.097,52.697,2.53,
211254,Portland,OR,2017,632309,OR0260200,Portland,649408,1.027,12,SRS,full,3365,36894,25,5.322,58.348,3.95,
211254,Portland,OR,2018,632309,OR0260200,Portland,657260,1.039,12,SRS,full,3481,36136,26,5.505,57.149,4.11,
211254,Portland,OR,2019,647805,OR0260200,Portland,662114,1.022,12,SRS,full,3651,34661,30,5.636,53.505,4.63,
211254,Portland,OR,2020,654741,OR0260200,Portland,662941,1.013,12,SRS,full,3814,33081,53,5.825,50.525,8.09,
211254,Portland,OR,2021,654741,OR0260200,Portland,664350,1.015,12,converted,full,5062,38007,86,7.731,58.049,13.13,
211254,Portland,OR,2022,656751,OR0260200,Portland,630129,0.959,12,converted,full,4915,40537,95,7.484,61.724,14.47,
211254,Portland,OR,2023,641162,OR0260200,Portland,626146,0.977,12,converted,full,4587,36933,75,7.154,57.603,11.7,
211254,Portland,OR,2024,635067,OR0260200,Portland,623066,0.981,12,converted,full,4558,34657,68,7.177,54.572,10.71,
205218,Salem,OR,2012,164549,OR0240200,Salem,157353,0.956,12,SRS,full,563,6755,7,3.421,41.052,4.25,
205218,Salem,OR,2013,164549,OR0240200,Salem,158234,0.962,12,SRS,full,520,6832,7,3.16,41.52,4.25,
205218,Salem,OR,2014,164549,OR0240200,Salem,162028,0.985,12,SRS,full,508,7075,2,3.087,42.996,1.22,
205218,Salem,OR,2015,164549,OR0240200,Salem,163320,0.993,12,SRS,full,541,6686,5,3.288,40.632,3.04,
205218,Salem,OR,2016,164549,OR0240200,Salem,166508,1.012,12,SRS,full,534,6668,7,3.245,40.523,4.25,
205218,Salem,OR,2017,164549,OR0240200,Salem,169565,1.03,12,SRS,full,648,7212,7,3.938,43.829,4.25,
205218,Salem,OR,2018,164549,OR0240200,Salem,172022,1.045,12,SRS,full,727,7201,5,4.418,43.762,3.04,
205218,Salem,OR,2019,169798,OR0240200,Salem,175867,1.036,12,SRS,full,712,7041,6,4.193,41.467,3.53,
205218,Salem,OR,2020,174365,OR0240200,Salem,176632,1.013,12,SRS,full,717,6742,3,4.112,38.666,1.72,
205218,Salem,OR,2021,174365,OR0240200,Salem,178106,1.021,12,converted,full,835,6465,9,4.789,37.077,5.16,
205218,Salem,OR,2022,175891,OR0240200,Salem,179661,1.021,12,converted,full,885,6539,7,5.032,37.176,3.98,
205218,Salem,OR,2023,177723,OR0240200,Salem,178276,1.003,12,converted,full,823,5740,8,4.631,32.297,4.5,
205218,Salem,OR,2024,177487,OR0240200,Salem,177936,1.003,12,converted,full,958,5010,9,5.398,28.227,5.07,
174015,Allentown,PA,2012,120207,PA0390100,Allentown,119334,0.993,12,SRS,full,653,4612,15,5.432,38.367,12.48,
174015,Allentown,PA,2013,120207,PA0390100,Allentown,119277,0.992,12,SRS,full,628,4324,12,5.224,35.971,9.98,
174015,Allentown,PA,2014,120207,PA0390100,Allentown,118710,0.988,12,SRS,full,611,3821,9,5.083,31.787,7.49,
174015,Allentown,PA,2015,120207,PA0390100,Allentown,119335,0.993,12,SRS,full,525,3198,9,4.367,26.604,7.49,
174015,Allentown,PA,2016,120207,PA0390100,Allentown,120615,1.003,12,SRS,full,552,3337,10,4.592,27.76,8.32,
174015,Allentown,PA,2017,120207,PA0390100,Allentown,120823,1.005,12,SRS,full,557,3302,16,4.634,27.469,13.31,
174015,Allentown,PA,2018,120207,PA0390100,Allentown,121743,1.013,12,SRS,full,412,2821,11,3.427,23.468,9.15,
174015,Allentown,PA,2019,121283,PA0390100,Allentown,121855,1.005,12,SRS,full,471,2782,7,3.883,22.938,5.77,
174015,Allentown,PA,2020,121442,PA0390100,Allentown,121818,1.003,12,SRS,full,423,2469,7,3.483,20.331,5.76,
174015,Allentown,PA,2021,121442,PA0390100,Allentown,,,,,missing,,,,,,,
174015,Allentown,PA,2022,121470,PA0390100,Allentown,125917,1.037,8,converted,partial,177,1293,4,,,,break_low
174015,Allentown,PA,2023,125944,PA0390100,Allentown,124782,0.991,12,converted,full,360,2231,17,2.858,17.714,13.5,
174015,Allentown,PA,2024,125094,PA0390100,Allentown,124599,0.996,12,converted,full,340,1972,4,2.718,15.764,3.2,
133602,Philadelphia,PA,2012,1567442,PAPEP0000,Philadelphia,1538957,0.982,12,SRS,full,17853,56997,331,11.39,36.363,21.12,
133602,Philadelphia,PA,2013,1567442,PAPEP0000,Philadelphia,1553153,0.991,12,SRS,full,17074,53452,247,10.893,34.101,15.76,
133602,Philadelphia,PA,2014,1567442,PAPEP0000,Philadelphia,1559062,0.995,12,SRS,full,15925,52816,248,10.16,33.696,15.82,
133602,Philadelphia,PA,2015,1567442,PAPEP0000,Philadelphia,1567810,1.0,12,SRS,full,16133,49376,280,10.293,31.501,17.86,
133602,Philadelphia,PA,2016,1567442,PAPEP0000,Philadelphia,1570826,1.002,12,SRS,full,15385,49334,273,9.815,31.474,17.42,
133602,Philadelphia,PA,2017,1567442,PAPEP0000,Philadelphia,1575595,1.005,12,SRS,full,14930,48268,316,9.525,30.794,20.16,
133602,Philadelphia,PA,2018,1567442,PAPEP0000,Philadelphia,1586916,1.012,12,SRS,full,14420,49145,351,9.2,31.354,22.39,
133602,Philadelphia,PA,2019,1580863,PAPEP0000,Philadelphia,1589014,1.005,12,SRS,full,13934,45479,330,8.814,28.768,20.87,
133602,Philadelphia,PA,2020,1584064,PAPEP0000,Philadelphia,1586666,1.002,12,SRS,full,15492,47696,494,9.78,30.11,31.19,
133602,Philadelphia,PA,2021,1584064,PAPEP0000,Philadelphia,1604950,1.013,12,converted,full,15830,51497,575,9.993,32.509,36.3,
133602,Philadelphia,PA,2022,1578487,PAPEP0000,Philadelphia,1555812,0.986,12,converted,full,16391,67664,520,10.384,42.866,32.94,
133602,Philadelphia,PA,2023,1576251,PAPEP0000,Philadelphia,1550843,0.984,12,converted,full,15382,78721,412,9.759,49.942,26.14,
133602,Philadelphia,PA,2024,1567258,PAPEP0000,Philadelphia,1549259,0.989,12,converted,full,14199,70755,268,9.06,45.146,17.1,
133470,Pittsburgh,PA,2012,304391,PAPPD0000,Pittsburgh,312112,1.025,12,SRS,full,2351,10691,41,7.724,35.123,13.47,
133470,Pittsburgh,PA,2013,304391,PAPPD0000,Pittsburgh,307632,1.011,12,SRS,full,2259,10047,45,7.421,33.007,14.78,
133470,Pittsburgh,PA,2014,304391,PAPPD0000,Pittsburgh,307613,1.011,12,SRS,full,2455,9883,69,8.065,32.468,22.67,
133470,Pittsburgh,PA,2015,304391,PAPPD0000,Pittsburgh,306870,1.008,12,SRS,full,2167,9895,57,7.119,32.508,18.73,
133470,Pittsburgh,PA,2016,304391,PAPPD0000,Pittsburgh,302443,0.994,12,SRS,full,2366,9868,57,7.773,32.419,18.73,
133470,Pittsburgh,PA,2017,304391,PAPPD0000,Pittsburgh,305932,1.005,12,SRS,full,2008,9528,55,6.597,31.302,18.07,
133470,Pittsburgh,PA,2018,304391,PAPPD0000,Pittsburgh,302544,0.994,12,SRS,full,1751,9125,57,5.752,29.978,18.73,
133470,Pittsburgh,PA,2019,302407,PAPPD0000,Pittsburgh,300548,0.994,12,SRS,full,1574,7032,30,5.205,23.253,9.92,
133470,Pittsburgh,PA,2020,300286,PAPPD0000,Pittsburgh,298608,0.994,12,SRS,full,1530,6181,48,5.095,20.584,15.98,
133470,Pittsburgh,PA,2021,300286,PAPPD0000,Pittsburgh,,,,,missing,,,,,,,
133470,Pittsburgh,PA,2022,299226,PAPPD0000,Pittsburgh,303137,1.013,12,converted,full,1536,6677,66,5.133,22.314,22.06,
133470,Pittsburgh,PA,2023,300431,PAPPD0000,Pittsburgh,304825,1.015,12,converted,full,1545,7617,51,5.143,25.354,16.98,
133470,Pittsburgh,PA,2024,302898,PAPPD0000,Pittsburgh,317177,1.047,12,converted,full,1383,7270,38,4.566,24.001,12.55,
112811,Providence,RI,2012,179207,RI0040900,Providence,177882,0.993,12,SRS,full,1136,8001,17,6.339,44.647,9.49,
112811,Providence,RI,2013,179207,RI0040900,Providence,178887,0.998,12,SRS,full,1124,8020,12,6.272,44.753,6.7,
112811,Providence,RI,2014,179207,RI0040900,Providence,178640,0.997,12,SRS,full,933,6860,18,5.206,38.28,10.04,
112811,Providence,RI,2015,179207,RI0040900,Providence,179522,1.002,12,SRS,full,1020,6092,14,5.692,33.994,7.81,
112811,Providence,RI,2016,179207,RI0040900,Providence,179340,1.001,12,SRS,full,1035,5397,10,5.775,30.116,5.58,
112811,Providence,RI,2017,179207,RI0040900,Providence,179854,1.004,12,SRS,full,964,5938,12,5.379,33.135,6.7,
112811,Providence,RI,2018,179207,RI0040900,Providence,180169,1.005,12,SRS,full,827,5706,10,4.615,31.84,5.58,
112811,Providence,RI,2019,180393,RI0040900,Providence,179762,0.997,12,SRS,full,895,5436,12,4.961,30.134,6.65,
112811,Providence,RI,2020,179883,RI0040900,Providence,179603,0.998,12,SRS,full,870,4358,16,4.836,24.227,8.89,
112811,Providence,RI,2021,179883,RI0040900,Providence,185868,1.033,12,converted,full,740,4711,21,4.114,26.189,11.67,
112811,Providence,RI,2022,179270,RI0040900,Providence,189064,1.055,12,converted,full,650,4798,7,3.626,26.764,3.9,
112811,Providence,RI,2023,189692,RI0040900,Providence,189590,0.999,12,converted,full,593,3628,11,3.126,19.126,5.8,
112811,Providence,RI,2024,189563,RI0040900,Providence,193679,1.022,12,converted,full,547,3225,12,2.886,17.013,6.33,break_low
174889,Charleston,SC,2012,132609,SC0100100,Charleston,123856,0.934,12,SRS,full,296,3380,12,2.232,25.488,9.05,
174889,Charleston,SC,2013,132609,SC0100100,Charleston,127206,0.959,12,SRS,full,233,3192,7,1.757,24.071,5.28,
174889,Charleston,SC,2014,132609,SC0100100,Charleston,129867,0.979,12,SRS,full,273,2984,9,2.059,22.502,6.79,
174889,Charleston,SC,2015,132609,SC0100100,Charleston,132585,1.0,12,SRS,full,341,3248,16,2.571,24.493,12.07,
174889,Charleston,SC,2016,132609,SC0100100,Charleston,135153,1.019,12,SRS,full,408,3360,11,3.077,25.338,8.3,
174889,Charleston,SC,2017,132609,SC0100100,Charleston,136845,1.032,12,SRS,full,387,3144,6,2.918,23.709,4.52,
174889,Charleston,SC,2018,132609,SC0100100,Charleston,137092,1.034,12,SRS,full,413,2854,10,3.114,21.522,7.54,
174889,Charleston,SC,2019,134875,SC0100100,Charleston,138254,1.025,12,SRS,full,516,3127,8,3.826,23.184,5.93,
174889,Charleston,SC,2020,137566,SC0100100,Charleston,139582,1.015,12,SRS,full,656,3232,17,4.769,23.494,12.36,
174889,Charleston,SC,2021,137566,SC0100100,Charleston,141768,1.031,12,converted,full,622,3178,17,4.521,23.102,12.36,
174889,Charleston,SC,2022,139714,SC0100100,Charleston,152324,1.09,12,converted,full,571,2882,8,4.087,20.628,5.73,
174889,Charleston,SC,2023,151612,SC0100100,Charleston,155159,1.023,12,converted,full,629,3074,9,4.149,20.275,5.94,
174889,Charleston,SC,2024,153672,SC0100100,Charleston,156898,1.021,12,converted,full,563,3177,7,3.664,20.674,4.56,
174959,Columbia,SC,2012,133803,SC0400100,Columbia,131833,0.985,12,SRS,full,1256,8097,9,9.387,60.514,6.73,
174959,Columbia,SC,2013,133803,SC0400100,Columbia,132240,0.988,12,SRS,full,956,8000,8,7.145,59.789,5.98,
174959,Columbia,SC,2014,133803,SC0400100,Columbia,134124,1.002,12,SRS,full,1036,7244,9,7.743,54.139,6.73,
174959,Columbia,SC,2015,133803,SC0400100,Columbia,132495,0.99,12,SRS,full,1051,7293,13,7.855,54.506,9.72,
174959,Columbia,SC,2016,133803,SC0400100,Columbia,134489,1.005,12,SRS,full,1118,7383,10,8.356,55.178,7.47,
174959,Columbia,SC,2017,133803,SC0400100,Columbia,134957,1.009,12,SRS,full,988,7140,10,7.384,53.362,7.47,
174959,Columbia,SC,2018,133803,SC0400100,Columbia,133540,0.998,12,SRS,full,1055,6963,16,7.885,52.039,11.96,
174959,Columbia,SC,2019,133114,SC0400100,Columbia,133790,1.005,12,SRS,full,1039,7034,29,7.805,52.842,21.79,
174959,Columbia,SC,2020,131674,SC0400100,Columbia,131777,1.001,12,SRS,full,1001,6028,19,7.602,45.78,14.43,
174959,Columbia,SC,2021,131674,SC0400100,Columbia,132255,1.004,12,converted,full,962,5542,20,7.306,42.089,15.19,
174959,Columbia,SC,2022,132130,SC0400100,Columbia,137768,1.043,12,converted,full,826,3937,13,6.251,29.796,9.84,
174959,Columbia,SC,2023,137541,SC0400100,Columbia,141497,1.029,12,converted,full,1086,4933,20,7.896,35.866,14.54,
174959,Columbia,SC,2024,139698,SC0400100,Columbia,144559,1.035,12,converted,full,1113,4692,14,7.967,33.587,10.02,
174894,North Charleston,SC,2012,108304,SC0100800,North Charleston,100675,0.93,12,SRS,full,740,5768,13,6.833,53.257,12.0,
174894,North Charleston,SC,2013,108304,SC0100800,North Charleston,103324,0.954,12,SRS,full,698,5814,13,6.445,53.682,12.0,
174894,North Charleston,SC,2014,108304,SC0100800,North Charleston,105594,0.975,12,SRS,full,764,5774,21,7.054,53.313,19.39,
174894,North Charleston,SC,2015,108304,SC0100800,North Charleston,109051,1.007,12,SRS,full,807,5794,19,7.451,53.498,17.54,
174894,North Charleston,SC,2016,108304,SC0100800,North Charleston,110490,1.02,12,SRS,full,995,6234,32,9.187,57.56,29.55,
174894,North Charleston,SC,2017,108304,SC0100800,North Charleston,111305,1.028,12,SRS,full,1033,6302,35,9.538,58.188,32.32,
174894,North Charleston,SC,2018,108304,SC0100800,North Charleston,112840,1.042,12,SRS,full,1060,6677,26,9.787,61.651,24.01,
174894,North Charleston,SC,2019,110861,SC0100800,North Charleston,115312,1.04,12,SRS,full,1119,6952,26,10.094,62.709,23.45,
174894,North Charleston,SC,2020,115382,SC0100800,North Charleston,117503,1.018,12,SRS,full,1362,6081,30,11.804,52.703,26.0,
174894,North Charleston,SC,2021,115382,SC0100800,North Charleston,121060,1.049,12,converted,full,1244,6141,36,10.782,53.223,31.2,
174894,North Charleston,SC,2022,118752,SC0100800,North Charleston,119198,1.004,12,converted,full,1131,5751,32,9.524,48.429,26.95,
174894,North Charleston,SC,2023,117472,SC0100800,North Charleston,120162,1.023,12,converted,full,1113,5734,30,9.475,48.812,25.54,
174894,North Charleston,SC,2024,118608,SC0100800,North Charleston,123511,1.041,12,converted,full,1007,4911,21,8.49,41.405,17.71,
184196,Sioux Falls,SD,2012,171544,SD0490200,Sioux Falls,158354,0.923,12,SRS,full,641,5096,2,3.737,29.707,1.17,
184196,Sioux Falls,SD,2013,171544,SD0490200,Sioux Falls,161754,0.943,12,SRS,full,648,4954,3,3.777,28.879,1.75,
184196,Sioux Falls,SD,2014,171544,SD0490200,Sioux Falls,167339,0.975,12,SRS,full,744,4950,4,4.337,28.856,2.33,
184196,Sioux Falls,SD,2015,171544,SD0490200,Sioux Falls,172313,1.004,12,SRS,full,825,5703,2,4.809,33.245,1.17,
184196,Sioux Falls,SD,2016,171544,SD0490200,Sioux Falls,175152,1.021,12,SRS,full,897,5581,6,5.229,32.534,3.5,
184196,Sioux Falls,SD,2017,171544,SD0490200,Sioux Falls,177888,1.037,12,SRS,full,773,5082,4,4.506,29.625,2.33,
184196,Sioux Falls,SD,2018,171544,SD0490200,Sioux Falls,180335,1.051,12,SRS,full,788,5288,5,4.594,30.826,2.91,
184196,Sioux Falls,SD,2019,176888,SD0490200,Sioux Falls,185628,1.049,12,SRS,full,897,5653,4,5.071,31.958,2.26,
184196,Sioux Falls,SD,2020,183793,SD0490200,Sioux Falls,187370,1.019,12,SRS,full,1119,5867,13,6.088,31.922,7.07,
184196,Sioux Falls,SD,2021,183793,SD0490200,Sioux Falls,191508,1.042,12,converted,full,1031,5545,3,5.61,30.17,1.63,
184196,Sioux Falls,SD,2022,187809,SD0490200,Sioux Falls,199879,1.064,12,converted,full,1092,6162,7,5.814,32.81,3.73,
184196,Sioux Falls,SD,2023,196528,SD0490200,Sioux Falls,206559,1.051,12,converted,full,899,5017,1,4.574,25.528,0.51,
184196,Sioux Falls,SD,2024,202078,SD0490200,Sioux Falls,210926,1.044,12,converted,full,1111,6149,14,5.498,30.429,6.93,
191559,Chattanooga,TN,2012,176588,TN0330100,Chattanooga,171541,0.971,12,SRS,full,1722,10480,23,9.752,59.347,13.02,
191559,Chattanooga,TN,2013,176588,TN0330100,Chattanooga,172286,0.976,12,SRS,full,1699,11516,18,9.621,65.214,10.19,
191559,Chattanooga,TN,2014,176588,TN0330100,Chattanooga,174449,0.988,12,SRS,full,1697,11000,27,9.61,62.292,15.29,
191559,Chattanooga,TN,2015,176588,TN0330100,Chattanooga,174969,0.991,12,SRS,full,1699,10427,21,9.621,59.047,11.89,
191559,Chattanooga,TN,2016,176588,TN0330100,Chattanooga,177801,1.007,12,SRS,full,1819,9803,26,10.301,55.513,14.72,
191559,Chattanooga,TN,2017,176588,TN0330100,Chattanooga,178753,1.012,12,SRS,full,1893,10704,30,10.72,60.616,16.99,
191559,Chattanooga,TN,2018,176588,TN0330100,Chattanooga,180397,1.022,12,SRS,full,1875,10950,21,10.618,62.009,11.89,
191559,Chattanooga,TN,2019,179139,TN0330100,Chattanooga,181848,1.015,12,SRS,full,1921,10090,33,10.724,56.325,18.42,
191559,Chattanooga,TN,2020,182799,TN0330100,Chattanooga,184211,1.008,12,SRS,full,2435,11693,32,13.321,63.966,17.51,
191559,Chattanooga,TN,2021,182799,TN0330100,Chattanooga,186222,1.019,12,converted,full,2378,10812,34,13.009,59.147,18.6,
191559,Chattanooga,TN,2022,184742,TN0330100,Chattanooga,182603,0.988,12,converted,full,1988,9439,26,10.761,51.093,14.07,
191559,Chattanooga,TN,2023,182113,TN0330100,Chattanooga,185370,1.018,12,converted,full,1960,8905,31,10.763,48.898,17.02,
191559,Chattanooga,TN,2024,184086,TN0330100,Chattanooga,188894,1.026,12,converted,full,1567,7493,24,8.512,40.704,13.04,
184266,Clarksville,TN,2012,149176,TN0630100,Clarksville,137356,0.921,12,SRS,full,878,3754,10,5.886,25.165,6.7,
184266,Clarksville,TN,2013,149176,TN0630100,Clarksville,145599,0.976,12,SRS,full,778,4159,6,5.215,27.88,4.02,
184266,Clarksville,TN,2014,149176,TN0630100,Clarksville,144639,0.97,12,SRS,full,970,4285,10,6.502,28.724,6.7,
184266,Clarksville,TN,2015,149176,TN0630100,Clarksville,150319,1.008,12,SRS,full,879,4308,14,5.892,28.879,9.38,
184266,Clarksville,TN,2016,149176,TN0630100,Clarksville,152526,1.022,12,SRS,full,938,3886,12,6.288,26.05,8.04,
184266,Clarksville,TN,2017,149176,TN0630100,Clarksville,153294,1.028,12,SRS,full,908,4371,12,6.087,29.301,8.04,
184266,Clarksville,TN,2018,149176,TN0630100,Clarksville,156264,1.048,12,SRS,full,992,4461,15,6.65,29.904,10.06,
184266,Clarksville,TN,2019,153205,TN0630100,Clarksville,159996,1.044,12,SRS,full,886,4452,15,5.783,29.059,9.79,
184266,Clarksville,TN,2020,158146,TN0630100,Clarksville,161167,1.019,12,SRS,full,1010,3614,15,6.387,22.852,9.48,
184266,Clarksville,TN,2021,158146,TN0630100,Clarksville,164336,1.039,12,converted,full,968,3557,16,6.121,22.492,10.12,
184266,Clarksville,TN,2022,161247,TN0630100,Clarksville,174738,1.084,12,converted,full,890,3493,11,5.519,21.662,6.82,
184266,Clarksville,TN,2023,170957,TN0630100,Clarksville,181916,1.064,12,converted,full,864,3202,10,5.054,18.73,5.85,
184266,Clarksville,TN,2024,176974,TN0630100,Clarksville,185349,1.047,12,converted,full,768,3046,9,4.34,17.212,5.09,
175780,Knoxville,TN,2012,185291,TN0470100,Knoxville,182254,0.984,12,SRS,full,1771,12192,18,9.558,65.799,9.71,
175780,Knoxville,TN,2013,185291,TN0470100,Knoxville,183249,0.989,12,SRS,full,1545,11460,18,8.338,61.849,9.71,
175780,Knoxville,TN,2014,185291,TN0470100,Knoxville,184362,0.995,12,SRS,full,1614,12042,12,8.711,64.99,6.48,
175780,Knoxville,TN,2015,185291,TN0470100,Knoxville,185638,1.002,12,SRS,full,1718,11166,22,9.272,60.262,11.87,
175780,Knoxville,TN,2016,185291,TN0470100,Knoxville,186583,1.007,12,SRS,full,1674,10339,18,9.034,55.799,9.71,
175780,Knoxville,TN,2017,185291,TN0470100,Knoxville,187539,1.012,12,SRS,full,1673,10223,31,9.029,55.173,16.73,
175780,Knoxville,TN,2018,185291,TN0470100,Knoxville,188653,1.018,12,SRS,full,1522,8860,20,8.214,47.817,10.79,
175780,Knoxville,TN,2019,187347,TN0470100,Knoxville,188666,1.007,12,SRS,full,1249,8227,22,6.667,43.913,11.74,
175780,Knoxville,TN,2020,187603,TN0470100,Knoxville,188672,1.006,12,SRS,full,1539,8012,37,8.203,42.707,19.72,
175780,Knoxville,TN,2021,187603,TN0470100,Knoxville,191463,1.021,12,converted,full,1600,7713,40,8.529,41.113,21.32,
175780,Knoxville,TN,2022,190223,TN0470100,Knoxville,194724,1.024,12,converted,full,1645,7623,34,8.648,40.074,17.87,
175780,Knoxville,TN,2023,192648,TN0470100,Knoxville,198132,1.028,12,converted,full,1621,6211,24,8.414,32.24,12.46,
175780,Knoxville,TN,2024,195889,TN0470100,Knoxville,200457,1.023,12,converted,full,1488,5471,23,7.596,27.929,11.74,
175826,Memphis,TN,2012,655770,TNMPD0000,Memphis,657436,1.003,12,SRS,full,11417,41558,134,17.41,63.373,20.43,
175826,Memphis,TN,2013,655770,TNMPD0000,Memphis,657691,1.003,12,SRS,full,10890,39876,125,16.606,60.808,19.06,
175826,Memphis,TN,2014,655770,TNMPD0000,Memphis,654922,0.999,12,SRS,full,11420,39263,139,17.415,59.873,21.2,
175826,Memphis,TN,2015,655770,TNMPD0000,Memphis,657936,1.003,12,SRS,full,11474,37111,138,17.497,56.591,21.04,
175826,Memphis,TN,2016,655770,TNMPD0000,Memphis,656434,1.001,12,SRS,full,11989,37023,200,18.282,56.457,30.5,
175826,Memphis,TN,2017,655770,TNMPD0000,Memphis,652765,0.995,12,SRS,full,13135,41219,186,20.03,62.856,28.36,
175826,Memphis,TN,2018,655770,TNMPD0000,Memphis,652226,0.995,12,SRS,full,12783,41914,188,19.493,63.916,28.67,
175826,Memphis,TN,2019,652236,TNMPD0000,Memphis,650410,0.997,12,SRS,full,12502,40242,196,19.168,61.699,30.05,
175826,Memphis,TN,2020,651073,TNMPD0000,Memphis,650937,1.0,12,SRS,full,15414,36452,293,23.675,55.988,45.0,
175826,Memphis,TN,2021,651073,TNMPD0000,Memphis,649444,0.997,12,converted,full,15829,34303,307,24.312,52.687,47.15,
175826,Memphis,TN,2022,649705,TNMPD0000,Memphis,624944,0.962,12,converted,full,15083,44968,253,23.215,69.213,38.94,
175826,Memphis,TN,2023,628127,TNMPD0000,Memphis,616061,0.981,12,converted,full,16117,53064,351,25.659,84.48,55.88,
175826,Memphis,TN,2024,621056,TNMPD0000,Memphis,613207,0.987,12,converted,full,15374,42370,251,24.755,68.223,40.42,
209519,Murfreesboro,TN,2012,126118,TN0750100,Murfreesboro,112247,0.89,12,SRS,full,711,4068,4,5.638,32.256,3.17,
209519,Murfreesboro,TN,2013,126118,TN0750100,Murfreesboro,115587,0.916,12,SRS,full,699,4065,4,5.542,32.232,3.17,
209519,Murfreesboro,TN,2014,126118,TN0750100,Murfreesboro,119005,0.944,12,SRS,full,637,3993,7,5.051,31.661,5.55,
209519,Murfreesboro,TN,2015,126118,TN0750100,Murfreesboro,123994,0.983,12,SRS,full,679,4034,5,5.384,31.986,3.96,
209519,Murfreesboro,TN,2016,126118,TN0750100,Murfreesboro,129730,1.029,12,SRS,full,792,3876,6,6.28,30.733,4.76,
209519,Murfreesboro,TN,2017,126118,TN0750100,Murfreesboro,136102,1.079,12,SRS,full,749,4350,5,5.939,34.492,3.96,
209519,Murfreesboro,TN,2018,126118,TN0750100,Murfreesboro,140702,1.116,12,SRS,full,629,4434,11,4.987,35.158,8.72,
209519,Murfreesboro,TN,2019,136372,TN0750100,Murfreesboro,145929,1.07,12,SRS,full,646,4224,6,4.737,30.974,4.4,
209519,Murfreesboro,TN,2020,146900,TN0750100,Murfreesboro,151769,1.033,12,SRS,full,742,3751,10,5.051,25.534,6.81,
209519,Murfreesboro,TN,2021,146900,TN0750100,Murfreesboro,155652,1.06,12,converted,full,617,3449,7,4.2,23.479,4.77,
209519,Murfreesboro,TN,2022,150757,TN0750100,Murfreesboro,161810,1.073,12,converted,full,769,3380,11,5.101,22.42,7.3,
209519,Murfreesboro,TN,2023,157519,TN0750100,Murfreesboro,166916,1.06,12,converted,full,790,3903,15,5.015,24.778,9.52,
209519,Murfreesboro,TN,2024,162398,TN0750100,Murfreesboro,169520,1.044,12,converted,full,729,3438,6,4.489,21.17,3.69,
175728,Nashville-Davidson County Metropolitan Government,TN,2012,678889,TN0190100,Metropolitan Nashville Police Department,620886,0.915,12,SRS,full,7314,26102,63,10.773,38.448,9.28,
175728,Nashville-Davidson County Metropolitan Government,TN,2013,678889,TN0190100,Metropolitan Nashville Police Department,635673,0.936,12,SRS,full,6667,24604,35,9.82,36.242,5.16,
175728,Nashville-Davidson County Metropolitan Government,TN,2014,678889,TN0190100,Metropolitan Nashville Police Department,647689,0.954,12,SRS,full,7289,23620,42,10.737,34.792,6.19,
175728,Nashville-Davidson County Metropolitan Government,TN,2015,678889,TN0190100,Metropolitan Nashville Police Department,658029,0.969,12,SRS,full,7337,25192,79,10.807,37.108,11.64,
175728,Nashville-Davidson County Metropolitan Government,TN,2016,678889,TN0190100,Metropolitan Nashville Police Department,668685,0.985,12,SRS,full,7401,24771,81,10.902,36.488,11.93,
175728,Nashville-Davidson County Metropolitan Government,TN,2017,678889,TN0190100,Metropolitan Nashville Police Department,681186,1.003,12,SRS,full,7746,25850,110,11.41,38.077,16.2,
175728,Nashville-Davidson County Metropolitan Government,TN,2018,678889,TN0190100,Metropolitan Nashville Police Department,686492,1.011,12,SRS,full,7728,27751,89,11.383,40.877,13.11,
175728,Nashville-Davidson County Metropolitan Government,TN,2019,678889,TN0190100,Metropolitan Nashville Police Department,687361,1.012,12,SRS,full,7518,27935,86,11.074,41.148,12.67,
175728,Nashville-Davidson County Metropolitan Government,TN,2020,678889,TN0190100,Metropolitan Nashville Police Department,688013,1.013,12,SRS,full,8128,28315,115,11.973,41.708,16.94,
175728,Nashville-Davidson County Metropolitan Government,TN,2021,678889,TN0190100,Metropolitan Nashville Police Department,690553,1.017,12,converted,full,8317,25395,101,12.251,37.407,14.88,
175728,Nashville-Davidson County Metropolitan Government,TN,2022,694176,TN0190100,Metropolitan Nashville Police Department,679562,0.979,12,converted,full,8425,26718,109,12.137,38.489,15.7,
175728,Nashville-Davidson County Metropolitan Government,TN,2023,703953,TN0190100,Metropolitan Nashville Police Department,690495,0.981,12,converted,full,8668,31128,101,12.313,44.219,14.35,
175728,Nashville-Davidson County Metropolitan Government,TN,2024,683622,TN0190100,Metropolitan Nashville Police Department,698987,1.022,12,converted,full,8232,31794,102,12.042,46.508,14.92,
176386,Abilene,TX,2012,121721,TX2210100,Abilene,119886,0.985,12,SRS,full,472,4393,3,3.878,36.091,2.46,
176386,Abilene,TX,2013,121721,TX2210100,Abilene,119401,0.981,12,SRS,full,477,4769,1,3.919,39.18,0.82,
176386,Abilene,TX,2014,121721,TX2210100,Abilene,120686,0.991,12,SRS,full,571,5344,7,4.691,43.904,5.75,
176386,Abilene,TX,2015,121721,TX2210100,Abilene,121764,1.0,12,SRS,full,613,5354,7,5.036,43.986,5.75,
176386,Abilene,TX,2016,121721,TX2210100,Abilene,122523,1.007,12,SRS,full,546,4269,8,4.486,35.072,6.57,
176386,Abilene,TX,2017,121721,TX2210100,Abilene,122981,1.01,12,SRS,full,644,3812,4,5.291,31.318,3.29,
176386,Abilene,TX,2018,121721,TX2210100,Abilene,122480,1.006,12,SRS,full,630,3532,8,5.176,29.017,6.57,
176386,Abilene,TX,2019,121885,TX2210100,Abilene,123665,1.015,12,SRS,full,475,3105,6,3.897,25.475,4.92,
176386,Abilene,TX,2020,123420,TX2210100,Abilene,124061,1.005,12,SRS,full,530,2653,3,4.294,21.496,2.43,
176386,Abilene,TX,2021,123420,TX2210100,Abilene,125088,1.014,12,converted,full,610,2591,7,4.942,20.993,5.67,
176386,Abilene,TX,2022,124407,TX2210100,Abilene,125186,1.006,12,converted,full,599,2527,7,4.815,20.312,5.63,
176386,Abilene,TX,2023,125070,TX2210100,Abilene,128387,1.027,12,converted,full,573,2224,7,4.581,17.782,5.6,
176386,Abilene,TX,2024,127385,TX2210100,Abilene,130275,1.023,12,converted,full,556,2300,8,4.365,18.056,6.28,
209555,Allen,TX,2012,98143,TX0430100,Allen,88783,0.905,12,SRS,full,55,1432,0,0.56,14.591,0.0,
209555,Allen,TX,2013,98143,TX0430100,Allen,91289,0.93,12,SRS,full,62,1200,0,0.632,12.227,0.0,
209555,Allen,TX,2014,98143,TX0430100,Allen,93889,0.957,12,SRS,full,73,1128,0,0.744,11.493,0.0,
209555,Allen,TX,2015,98143,TX0430100,Allen,96642,0.985,12,SRS,full,80,1041,0,0.815,10.607,0.0,
209555,Allen,TX,2016,98143,TX0430100,Allen,101020,1.029,12,SRS,full,80,1143,0,0.815,11.646,0.0,
209555,Allen,TX,2017,98143,TX0430100,Allen,101779,1.037,12,SRS,full,100,1268,2,1.019,12.92,2.04,
209555,Allen,TX,2018,98143,TX0430100,Allen,103168,1.051,12,SRS,full,111,1277,0,1.131,13.012,0.0,
209555,Allen,TX,2019,100685,TX0430100,Allen,105961,1.052,12,SRS,full,88,1154,0,0.874,11.461,0.0,
209555,Allen,TX,2020,105623,TX0430100,Allen,108218,1.025,12,SRS,full,105,996,1,0.994,9.43,0.95,
209555,Allen,TX,2021,105623,TX0430100,Allen,,,,,missing,,,,,,,
209555,Allen,TX,2022,109379,TX0430100,Allen,108135,0.989,12,converted,full,124,928,0,1.134,8.484,0.0,
209555,Allen,TX,2023,106874,TX0430100,Allen,114696,1.073,12,converted,full,129,955,13,1.207,8.936,12.16,
209555,Allen,TX,2024,111551,TX0430100,Allen,113737,1.02,12,converted,full,119,1010,0,1.067,9.054,0.0,
194809,Amarillo,TX,2012,198645,TX1880100,Amarillo,196576,0.99,12,SRS,full,1278,8900,10,6.434,44.804,5.03,
194809,Amarillo,TX,2013,198645,TX1880100,Amarillo,196577,0.99,12,SRS,full,1300,8235,9,6.544,41.456,4.53,
194809,Amarillo,TX,2014,198645,TX1880100,Amarillo,197724,0.995,12,SRS,full,1353,9389,7,6.811,47.265,3.52,
194809,Amarillo,TX,2015,198645,TX1880100,Amarillo,198770,1.001,12,SRS,full,1289,9325,9,6.489,46.943,4.53,
194809,Amarillo,TX,2016,198645,TX1880100,Amarillo,200141,1.008,12,SRS,full,1426,9522,11,7.179,47.935,5.54,
194809,Amarillo,TX,2017,198645,TX1880100,Amarillo,200993,1.012,12,SRS,full,1531,8847,16,7.707,44.537,8.05,
194809,Amarillo,TX,2018,198645,TX1880100,Amarillo,201082,1.012,12,SRS,full,1632,8472,12,8.216,42.649,6.04,
194809,Amarillo,TX,2019,199826,TX1880100,Amarillo,201036,1.006,12,SRS,full,1467,7864,16,7.341,39.354,8.01,
194809,Amarillo,TX,2020,199371,TX1880100,Amarillo,200296,1.005,12,SRS,full,1681,7395,15,8.432,37.092,7.52,
194809,Amarillo,TX,2021,199371,TX1880100,Amarillo,200515,1.006,12,converted,full,1547,6773,21,7.759,33.972,10.53,
194809,Amarillo,TX,2022,199654,TX1880100,Amarillo,201572,1.01,12,converted,full,1559,7017,23,7.809,35.146,11.52,
194809,Amarillo,TX,2023,201234,TX1880100,Amarillo,201684,1.002,12,converted,full,1466,6251,16,7.285,31.063,7.95,
194809,Amarillo,TX,2024,201291,TX1880100,Amarillo,203039,1.009,12,converted,full,1405,5407,17,6.98,26.862,8.45,
194811,Arlington,TX,2012,388125,TX2200100,Arlington,379295,0.977,12,SRS,full,1909,15109,17,4.919,38.928,4.38,
194811,Arlington,TX,2013,388125,TX2200100,Arlington,378765,0.976,12,SRS,full,1837,15000,18,4.733,38.647,4.64,
194811,Arlington,TX,2014,388125,TX2200100,Arlington,382976,0.987,12,SRS,full,1854,13462,13,4.777,34.685,3.35,
194811,Arlington,TX,2015,388125,TX2200100,Arlington,387565,0.999,12,SRS,full,1946,13346,8,5.014,34.386,2.06,
194811,Arlington,TX,2016,388125,TX2200100,Arlington,392666,1.012,12,SRS,full,2188,12383,21,5.637,31.905,5.41,
194811,Arlington,TX,2017,388125,TX2200100,Arlington,397377,1.024,12,SRS,full,2080,12824,18,5.359,33.041,4.64,
194811,Arlington,TX,2018,388125,TX2200100,Arlington,400920,1.033,12,SRS,full,1888,11933,7,4.864,30.745,1.8,
194811,Arlington,TX,2019,396394,TX2200100,Arlington,402304,1.015,12,SRS,full,2118,11338,17,5.343,28.603,4.29,
194811,Arlington,TX,2020,398854,TX2200100,Arlington,402700,1.01,12,SRS,full,2221,10344,23,5.568,25.934,5.77,
194811,Arlington,TX,2021,398854,TX2200100,Arlington,402323,1.009,12,converted,full,2330,10358,19,5.842,25.969,4.76,
194811,Arlington,TX,2022,398864,TX2200100,Arlington,391591,0.982,12,converted,full,2307,9944,16,5.784,24.931,4.01,
194811,Arlington,TX,2023,392786,TX2200100,Arlington,394799,1.005,12,converted,full,1962,10274,17,4.995,26.157,4.33,
194811,Arlington,TX,2024,394602,TX2200100,Arlington,399840,1.013,12,converted,full,1963,9720,17,4.975,24.632,4.31,
176394,Austin,TX,2012,931830,TX2270100,Austin,832901,0.894,12,SRS,full,3405,43472,31,3.654,46.652,3.33,
176394,Austin,TX,2013,931830,TX2270100,Austin,859180,0.922,12,SRS,full,3123,41667,26,3.351,44.715,2.79,
176394,Austin,TX,2014,931830,TX2270100,Austin,903924,0.97,12,SRS,full,3581,37444,32,3.843,40.183,3.43,
176394,Austin,TX,2015,931830,TX2270100,Austin,938728,1.007,12,SRS,full,3497,35399,23,3.753,37.989,2.47,
176394,Austin,TX,2016,931830,TX2270100,Austin,956911,1.027,12,SRS,full,3903,33575,39,4.189,36.031,4.19,
176394,Austin,TX,2017,931830,TX2270100,Austin,971949,1.043,12,SRS,full,4033,31001,26,4.328,33.269,2.79,
176394,Austin,TX,2018,931830,TX2270100,Austin,973344,1.045,12,SRS,full,3720,33655,32,3.992,36.117,3.43,
176394,Austin,TX,2019,950715,TX2270100,Austin,986062,1.037,12,SRS,full,4114,36700,34,4.327,38.603,3.58,
176394,Austin,TX,2020,978908,TX2270100,Austin,1000276,1.022,12,SRS,full,4820,36480,46,4.924,37.266,4.7,
176394,Austin,TX,2021,978908,TX2270100,Austin,1016721,1.039,12,converted,full,5141,34233,81,5.252,34.971,8.27,
176394,Austin,TX,2022,995484,TX2270100,Austin,965234,0.97,12,converted,full,5335,34887,65,5.359,35.045,6.53,
176394,Austin,TX,2023,964177,TX2270100,Austin,978816,1.015,12,converted,full,5045,32709,64,5.232,33.924,6.64,
176394,Austin,TX,2024,974447,TX2270100,Austin,984613,1.01,12,converted,full,4685,32236,66,4.808,33.081,6.77,
194812,Beaumont,TX,2012,118129,TX1230100,Beaumont,120323,1.019,12,SRS,full,1242,5824,13,10.514,49.302,11.0,
194812,Beaumont,TX,2013,118129,TX1230100,Beaumont,118177,1.0,12,SRS,full,1225,6192,16,10.37,52.417,13.54,
194812,Beaumont,TX,2014,118129,TX1230100,Beaumont,117898,0.998,12,SRS,full,1050,5530,16,8.889,46.813,13.54,
194812,Beaumont,TX,2015,118129,TX1230100,Beaumont,117635,0.996,12,SRS,full,1088,4840,16,9.21,40.972,13.54,
194812,Beaumont,TX,2016,118129,TX1230100,Beaumont,118283,1.001,12,SRS,full,1316,5065,14,11.14,42.877,11.85,
194812,Beaumont,TX,2017,118129,TX1230100,Beaumont,118456,1.003,12,SRS,full,1259,5136,16,10.658,43.478,13.54,
194812,Beaumont,TX,2018,118129,TX1230100,Beaumont,119368,1.01,12,SRS,full,1265,4516,13,10.709,38.229,11.0,
194812,Beaumont,TX,2019,119114,TX1230100,Beaumont,118562,0.995,12,SRS,full,1241,4287,19,10.419,35.991,15.95,
194812,Beaumont,TX,2020,116825,TX1230100,Beaumont,116766,0.999,12,SRS,full,1436,3883,23,12.292,33.238,19.69,
194812,Beaumont,TX,2021,116825,TX1230100,Beaumont,115290,0.987,12,converted,full,1254,3843,18,10.734,32.895,15.41,
194812,Beaumont,TX,2022,115473,TX1230100,Beaumont,110898,0.96,12,converted,full,1202,4320,18,10.409,37.411,15.59,
194812,Beaumont,TX,2023,112556,TX1230100,Beaumont,110671,0.983,12,converted,full,1527,3711,17,13.567,32.97,15.1,
194812,Beaumont,TX,2024,112089,TX1230100,Beaumont,111320,0.993,12,converted,full,1271,3684,14,11.339,32.867,12.49,
176022,Brownsville,TX,2012,183887,TX0310100,Brownsville,181102,0.985,12,SRS,full,473,8337,3,2.572,45.338,1.63,
176022,Brownsville,TX,2013,183887,TX0310100,Brownsville,181590,0.988,12,SRS,full,473,7838,1,2.572,42.624,0.54,
176022,Brownsville,TX,2014,183887,TX0310100,Brownsville,183433,0.998,12,SRS,full,558,7505,5,3.034,40.813,2.72,
176022,Brownsville,TX,2015,183887,TX0310100,Brownsville,184941,1.006,12,SRS,full,502,7656,3,2.73,41.634,1.63,
176022,Brownsville,TX,2016,183887,TX0310100,Brownsville,185583,1.009,12,SRS,full,448,6028,4,2.436,32.781,2.18,
176022,Brownsville,TX,2017,183887,TX0310100,Brownsville,185216,1.007,12,SRS,full,476,5176,5,2.589,28.148,2.72,
176022,Brownsville,TX,2018,183887,TX0310100,Brownsville,184461,1.003,12,SRS,full,602,4849,2,3.274,26.369,1.09,
176022,Brownsville,TX,2019,183299,TX0310100,Brownsville,184418,1.006,12,SRS,full,783,4559,0,4.272,24.872,0.0,
176022,Brownsville,TX,2020,182781,TX0310100,Brownsville,183627,1.005,12,SRS,full,740,3408,7,4.049,18.645,3.83,
176022,Brownsville,TX,2021,182781,TX0310100,Brownsville,184287,1.008,12,converted,full,735,3359,2,4.021,18.377,1.09,
176022,Brownsville,TX,2022,183428,TX0310100,Brownsville,188906,1.03,12,converted,full,829,3509,4,4.519,19.13,2.18,
176022,Brownsville,TX,2023,187831,TX0310100,Brownsville,190590,1.015,12,converted,full,765,3919,8,4.073,20.865,4.26,
176022,Brownsville,TX,2024,189382,TX0310100,Brownsville,191221,1.01,12,converted,full,875,3733,3,4.62,19.711,1.58,
135130,Carrollton,TX,2012,133168,TX0570400,Carrollton,124477,0.935,12,SRS,full,180,3414,2,1.352,25.637,1.5,
135130,Carrollton,TX,2013,133168,TX0570400,Carrollton,127459,0.957,12,SRS,full,185,2960,1,1.389,22.228,0.75,
135130,Carrollton,TX,2014,133168,TX0570400,Carrollton,128577,0.966,12,SRS,full,166,2784,1,1.247,20.906,0.75,
135130,Carrollton,TX,2015,133168,TX0570400,Carrollton,130676,0.981,12,SRS,full,196,2871,2,1.472,21.559,1.5,
135130,Carrollton,TX,2016,133168,TX0570400,Carrollton,136095,1.022,12,SRS,full,220,2659,4,1.652,19.967,3.0,
135130,Carrollton,TX,2017,133168,TX0570400,Carrollton,135823,1.02,12,SRS,full,166,2380,2,1.247,17.872,1.5,
135130,Carrollton,TX,2018,133168,TX0570400,Carrollton,138216,1.038,12,SRS,full,191,2364,5,1.434,17.752,3.75,
135130,Carrollton,TX,2019,135710,TX0570400,Carrollton,139179,1.026,7,SRS,partial,125,1254,1,,,,
135130,Carrollton,TX,2020,139248,TX0570400,Carrollton,141745,1.018,12,SRS,full,166,1796,4,1.192,12.898,2.87,
135130,Carrollton,TX,2021,139248,TX0570400,Carrollton,141694,1.018,12,converted,full,228,1976,4,1.637,14.191,2.87,
135130,Carrollton,TX,2022,139892,TX0570400,Carrollton,133610,0.955,12,converted,full,279,2235,3,1.994,15.977,2.14,
135130,Carrollton,TX,2023,133251,TX0570400,Carrollton,134261,1.008,12,converted,full,229,2040,6,1.719,15.309,4.5,
135130,Carrollton,TX,2024,133820,TX0570400,Carrollton,133471,0.997,12,converted,full,193,1818,1,1.442,13.585,0.75,
194814,College Station,TX,2012,107889,TX0210200,College Station,96567,0.895,12,SRS,full,491,2398,3,4.551,22.227,2.78,
194814,College Station,TX,2013,107889,TX0210200,College Station,98919,0.917,12,SRS,full,379,2230,0,3.513,20.669,0.0,
194814,College Station,TX,2014,107889,TX0210200,College Station,101483,0.941,12,SRS,full,191,2343,0,1.77,21.717,0.0,
194814,College Station,TX,2015,107889,TX0210200,College Station,105855,0.981,12,SRS,full,234,2455,2,2.169,22.755,1.85,
194814,College Station,TX,2016,107889,TX0210200,College Station,110785,1.027,12,SRS,full,245,2290,3,2.271,21.226,2.78,
194814,College Station,TX,2017,107889,TX0210200,College Station,115357,1.069,12,SRS,full,232,2306,1,2.15,21.374,0.93,
194814,College Station,TX,2018,107889,TX0210200,College Station,116565,1.08,12,SRS,full,237,2422,1,2.197,22.449,0.93,
194814,College Station,TX,2019,113564,TX0210200,College Station,119246,1.05,12,SRS,full,261,2213,3,2.298,19.487,2.64,
194814,College Station,TX,2020,117911,TX0210200,College Station,120831,1.025,12,SRS,full,235,2331,2,1.993,19.769,1.7,
194814,College Station,TX,2021,117911,TX0210200,College Station,122051,1.035,12,converted,full,254,2190,3,2.154,18.573,2.54,
194814,College Station,TX,2022,119260,TX0210200,College Station,121618,1.02,12,converted,full,256,2381,1,2.147,19.965,0.84,
194814,College Station,TX,2023,120019,TX0210200,College Station,126136,1.051,12,converted,full,217,1719,4,1.808,14.323,3.33,
194814,College Station,TX,2024,124319,TX0210200,College Station,126702,1.019,12,converted,full,228,1422,3,1.834,11.438,2.41,
187683,Conroe,TX,2012,68602,TX1700100,Conroe,59856,0.873,12,SRS,full,221,2075,2,3.221,30.247,2.92,
187683,Conroe,TX,2013,68602,TX1700100,Conroe,62962,0.918,12,SRS,full,216,2071,1,3.149,30.189,1.46,
187683,Conroe,TX,2014,96214,TX1700100,Conroe,64446,0.67,12,SRS,not_city,207,2256,2,,,,
187683,Conroe,TX,2015,96214,TX1700100,Conroe,68197,0.709,12,SRS,full,235,2474,1,2.442,25.714,1.04,
187683,Conroe,TX,2016,68602,TX1700100,Conroe,71111,1.037,12,SRS,full,256,2242,1,3.732,32.681,1.46,
187683,Conroe,TX,2017,68602,TX1700100,Conroe,85534,1.247,12,SRS,full,254,1943,4,3.703,28.323,5.83,
187683,Conroe,TX,2018,68602,TX1700100,Conroe,87544,1.276,12,SRS,full,225,2192,3,3.28,31.952,4.37,
187683,Conroe,TX,2019,84378,TX1700100,Conroe,90900,1.077,12,SRS,full,217,2416,2,2.572,28.633,2.37,
187683,Conroe,TX,2020,91079,TX1700100,Conroe,94451,1.037,12,SRS,full,180,2352,2,1.976,25.824,2.2,
187683,Conroe,TX,2021,91079,TX1700100,Conroe,99965,1.098,12,converted,full,220,2192,5,2.415,24.067,5.49,
187683,Conroe,TX,2022,96214,TX1700100,Conroe,98623,1.025,12,converted,full,322,2018,3,3.347,20.974,3.12,
187683,Conroe,TX,2023,94400,TX1700100,Conroe,106904,1.132,12,converted,full,248,1726,3,2.627,18.284,3.18,
187683,Conroe,TX,2024,101405,TX1700100,Conroe,114592,1.13,12,converted,full,286,1887,1,2.82,18.609,0.99,
176325,Corpus Christi,TX,2012,324074,TX1780200,Corpus Christi,312565,0.964,12,SRS,full,2057,14061,16,6.347,43.388,4.94,
176325,Corpus Christi,TX,2013,324074,TX1780200,Corpus Christi,314523,0.971,12,SRS,full,1939,14601,18,5.983,45.055,5.55,
176325,Corpus Christi,TX,2014,324074,TX1780200,Corpus Christi,319211,0.985,12,SRS,full,2094,14110,27,6.461,43.539,8.33,
176325,Corpus Christi,TX,2015,324074,TX1780200,Corpus Christi,324326,1.001,12,SRS,full,2092,11240,17,6.455,34.683,5.25,
176325,Corpus Christi,TX,2016,324074,TX1780200,Corpus Christi,327948,1.012,12,SRS,full,2328,12198,24,7.184,37.64,7.41,
176325,Corpus Christi,TX,2017,324074,TX1780200,Corpus Christi,329256,1.016,12,SRS,full,2313,11739,21,7.137,36.223,6.48,
176325,Corpus Christi,TX,2018,324074,TX1780200,Corpus Christi,328614,1.014,12,SRS,full,2488,11975,24,7.677,36.951,7.41,
176325,Corpus Christi,TX,2019,325605,TX1780200,Corpus Christi,329320,1.011,12,SRS,full,2653,11394,31,8.148,34.993,9.52,
176325,Corpus Christi,TX,2020,326586,TX1780200,Corpus Christi,329050,1.008,12,SRS,full,2819,10818,34,8.632,33.125,10.41,
176325,Corpus Christi,TX,2021,326586,TX1780200,Corpus Christi,329538,1.009,12,converted,full,2844,10439,20,8.708,31.964,6.12,
176325,Corpus Christi,TX,2022,327248,TX1780200,Corpus Christi,317694,0.971,12,converted,full,2553,9967,41,7.801,30.457,12.53,
176325,Corpus Christi,TX,2023,317773,TX1780200,Corpus Christi,315340,0.992,12,converted,full,2759,10084,20,8.682,31.733,6.29,
176325,Corpus Christi,TX,2024,316239,TX1780200,Corpus Christi,316108,1.0,12,converted,full,2758,9566,25,8.721,30.249,7.91,
187649,Dallas,TX,2012,1300092,TXDPD0000,Dallas,1241549,0.955,12,SRS,full,8380,54300,154,6.446,41.766,11.85,
187649,Dallas,TX,2013,1300092,TXDPD0000,Dallas,1255015,0.965,12,SRS,full,8330,52274,143,6.407,40.208,11.0,
187649,Dallas,TX,2014,1300092,TXDPD0000,Dallas,1272396,0.979,12,SRS,full,8457,45669,116,6.505,35.128,8.92,
187649,Dallas,TX,2015,1300092,TXDPD0000,Dallas,1301977,1.001,12,SRS,full,9038,44791,136,6.952,34.452,10.46,
187649,Dallas,TX,2016,1300092,TXDPD0000,Dallas,1320939,1.016,12,SRS,full,10071,44910,171,7.746,34.544,13.15,
187649,Dallas,TX,2017,1300092,TXDPD0000,Dallas,1338545,1.03,12,SRS,full,10369,42634,167,7.976,32.793,12.85,
187649,Dallas,TX,2018,1300092,TXDPD0000,Dallas,1362459,1.048,12,SRS,full,10338,44420,153,7.952,34.167,11.77,
187649,Dallas,TX,2019,1341075,TXDPD0000,Dallas,1363295,1.017,12,SRS,full,11880,46606,201,8.859,34.753,14.99,
187649,Dallas,TX,2020,1343573,TXDPD0000,Dallas,1363028,1.014,12,SRS,full,12245,46809,249,9.114,34.839,18.53,
187649,Dallas,TX,2021,1343573,TXDPD0000,Dallas,1349185,1.004,12,converted,full,11178,46750,211,8.32,34.795,15.7,
187649,Dallas,TX,2022,1343266,TXDPD0000,Dallas,1286121,0.957,12,converted,full,10252,49026,212,7.632,36.498,15.78,
187649,Dallas,TX,2023,1288457,TXDPD0000,Dallas,1304988,1.013,12,converted,full,9015,52481,244,6.997,40.732,18.94,
187649,Dallas,TX,2024,1299544,TXDPD0000,Dallas,1321500,1.017,12,converted,full,8734,44932,181,6.721,34.575,13.93,
209562,Denton,TX,2012,131044,TX0610200,Denton,118942,0.908,12,SRS,full,369,3262,1,2.816,24.892,0.76,
209562,Denton,TX,2013,131044,TX0610200,Denton,123260,0.941,12,SRS,full,338,2823,1,2.579,21.542,0.76,
209562,Denton,TX,2014,131044,TX0610200,Denton,125248,0.956,12,SRS,full,338,3050,2,2.579,23.275,1.53,
209562,Denton,TX,2015,131044,TX0610200,Denton,131194,1.001,12,SRS,full,298,3174,2,2.274,24.221,1.53,
209562,Denton,TX,2016,131044,TX0610200,Denton,134054,1.023,12,SRS,full,347,3036,5,2.648,23.168,3.82,
209562,Denton,TX,2017,131044,TX0610200,Denton,136836,1.044,12,SRS,full,409,3095,1,3.121,23.618,0.76,
209562,Denton,TX,2018,131044,TX0610200,Denton,139262,1.063,12,SRS,full,434,3245,2,3.312,24.763,1.53,
209562,Denton,TX,2019,136268,TX0610200,Denton,141492,1.038,12,SRS,full,396,3255,5,2.906,23.887,3.67,
209562,Denton,TX,2020,141541,TX0610200,Denton,144569,1.021,12,SRS,full,405,3193,5,2.861,22.559,3.53,
209562,Denton,TX,2021,141541,TX0610200,Denton,150975,1.067,12,converted,full,441,3122,3,3.116,22.057,2.12,
209562,Denton,TX,2022,147515,TX0610200,Denton,154230,1.046,12,converted,full,448,3832,7,3.037,25.977,4.75,
209562,Denton,TX,2023,148146,TX0610200,Denton,155215,1.048,12,converted,full,417,3451,9,2.815,23.295,6.08,
209562,Denton,TX,2024,150353,TX0610200,Denton,164565,1.095,12,converted,full,376,3083,8,2.501,20.505,5.32,
113634,Edinburg,TX,2012,84497,TX1080400,Edinburg,80332,0.951,12,SRS,full,357,4732,1,4.225,56.002,1.18,
113634,Edinburg,TX,2013,84497,TX1080400,Edinburg,82271,0.974,12,SRS,full,277,4292,1,3.278,50.795,1.18,
113634,Edinburg,TX,2014,102374,TX1080400,Edinburg,82349,0.804,12,SRS,full,296,4420,1,2.891,43.175,0.98,
113634,Edinburg,TX,2015,102374,TX1080400,Edinburg,85137,0.832,12,SRS,full,365,4070,2,3.565,39.756,1.95,
113634,Edinburg,TX,2016,84497,TX1080400,Edinburg,86535,1.024,12,SRS,full,354,4183,3,4.189,49.505,3.55,
113634,Edinburg,TX,2017,84497,TX1080400,Edinburg,89595,1.06,12,SRS,full,306,3372,2,3.621,39.907,2.37,
113634,Edinburg,TX,2018,84497,TX1080400,Edinburg,92391,1.093,12,SRS,full,304,3248,2,3.598,38.439,2.37,
113634,Edinburg,TX,2019,102374,TX1080400,Edinburg,100896,0.986,12,SRS,full,281,2959,6,2.745,28.904,5.86,
113634,Edinburg,TX,2020,102374,TX1080400,Edinburg,103491,1.011,12,SRS,full,325,2310,6,3.175,22.564,5.86,
113634,Edinburg,TX,2021,102374,TX1080400,Edinburg,104604,1.022,12,converted,full,364,2319,3,3.556,22.652,2.93,
113634,Edinburg,TX,2022,102374,TX1080400,Edinburg,104987,1.026,12,converted,full,357,2329,3,3.487,22.75,2.93,
113634,Edinburg,TX,2023,102374,TX1080400,Edinburg,106137,1.037,12,converted,full,321,2316,2,3.136,22.623,1.95,
113634,Edinburg,TX,2024,102374,TX1080400,Edinburg,107552,1.051,12,converted,full,296,1905,2,2.891,18.608,1.95,
176118,El Paso,TX,2012,681124,TX0710200,El Paso,675536,0.992,12,SRS,full,2859,16411,23,4.197,24.094,3.38,
176118,El Paso,TX,2013,681124,TX0710200,El Paso,679700,0.998,12,SRS,full,2522,15558,10,3.703,22.842,1.47,
176118,El Paso,TX,2014,681124,TX0710200,El Paso,680273,0.999,12,SRS,full,2671,14570,21,3.921,21.391,3.08,
176118,El Paso,TX,2015,681124,TX0710200,El Paso,686077,1.007,12,SRS,full,2515,13133,17,3.692,19.281,2.5,
176118,El Paso,TX,2016,681124,TX0710200,El Paso,687193,1.009,12,SRS,full,2682,12357,17,3.938,18.142,2.5,
176118,El Paso,TX,2017,681124,TX0710200,El Paso,688667,1.011,12,SRS,full,2609,12526,19,3.83,18.39,2.79,
176118,El Paso,TX,2018,681124,TX0710200,El Paso,688442,1.011,12,SRS,full,2554,10365,23,3.75,15.217,3.38,
176118,El Paso,TX,2019,683577,TX0710200,El Paso,686793,1.005,12,SRS,full,2463,10555,40,3.603,15.441,5.85,
176118,El Paso,TX,2020,681728,TX0710200,El Paso,685288,1.005,12,SRS,full,2212,8881,23,3.245,13.027,3.37,
176118,El Paso,TX,2021,681728,TX0710200,El Paso,684737,1.004,12,converted,full,1794,8841,33,2.632,12.969,4.84,
176118,El Paso,TX,2022,681534,TX0710200,El Paso,678232,0.995,12,converted,full,2107,9378,22,3.092,13.76,3.23,
176118,El Paso,TX,2023,678415,TX0710200,El Paso,676665,0.997,12,converted,full,2134,10964,37,3.146,16.161,5.45,
176118,El Paso,TX,2024,677456,TX0710200,El Paso,678860,1.002,12,converted,full,2169,10170,20,3.202,15.012,2.95,
176375,Fort Worth,TX,2012,833319,TX2201200,Fort Worth,770101,0.924,12,SRS,full,4526,32529,46,5.431,39.035,5.52,
176375,Fort Worth,TX,2013,833319,TX2201200,Fort Worth,789035,0.947,12,SRS,full,4440,34366,49,5.328,41.24,5.88,
176375,Fort Worth,TX,2014,833319,TX2201200,Fort Worth,804907,0.966,12,SRS,full,4492,32201,53,5.39,38.642,6.36,
176375,Fort Worth,TX,2015,833319,TX2201200,Fort Worth,829731,0.996,12,SRS,full,4382,29857,56,5.258,35.829,6.72,
176375,Fort Worth,TX,2016,833319,TX2201200,Fort Worth,851849,1.022,12,SRS,full,4515,28239,65,5.418,33.887,7.8,
176375,Fort Worth,TX,2017,833319,TX2201200,Fort Worth,873069,1.048,12,SRS,full,4955,28176,71,5.946,33.812,8.52,
176375,Fort Worth,TX,2018,833319,TX2201200,Fort Worth,893756,1.073,12,SRS,full,4571,25637,55,5.485,30.765,6.6,
176375,Fort Worth,TX,2019,874168,TX2201200,Fort Worth,915237,1.047,12,SRS,full,4167,24752,70,4.767,28.315,8.01,
176375,Fort Worth,TX,2020,909585,TX2201200,Fort Worth,929509,1.022,12,SRS,full,5267,26044,109,5.791,28.633,11.98,
176375,Fort Worth,TX,2021,909585,TX2201200,Fort Worth,947862,1.042,12,converted,full,5425,25061,118,5.964,27.552,12.97,
176375,Fort Worth,TX,2022,927720,TX2201200,Fort Worth,948605,1.023,12,converted,full,4872,26158,101,5.252,28.196,10.89,
176375,Fort Worth,TX,2023,935508,TX2201200,Fort Worth,973722,1.041,12,converted,full,4849,25985,85,5.183,27.776,9.09,
176375,Fort Worth,TX,2024,956709,TX2201200,Fort Worth,997476,1.043,12,converted,full,4631,27133,72,4.841,28.361,7.53,
194820,Frisco,TX,2012,154407,TX0430400,Frisco,123205,0.798,12,SRS,full,98,2531,0,0.635,16.392,0.0,
194820,Frisco,TX,2013,154407,TX0430400,Frisco,131769,0.853,12,SRS,full,103,2529,0,0.667,16.379,0.0,
194820,Frisco,TX,2014,154407,TX0430400,Frisco,141940,0.919,12,SRS,full,118,2535,4,0.764,16.418,2.59,
194820,Frisco,TX,2015,154407,TX0430400,Frisco,152678,0.989,12,SRS,full,142,2404,2,0.92,15.569,1.3,
194820,Frisco,TX,2016,154407,TX0430400,Frisco,162917,1.055,12,SRS,full,130,2416,0,0.842,15.647,0.0,
194820,Frisco,TX,2017,154407,TX0430400,Frisco,172804,1.119,12,SRS,full,172,2586,1,1.114,16.748,0.65,
194820,Frisco,TX,2018,154407,TX0430400,Frisco,187889,1.217,12,SRS,full,169,2580,2,1.095,16.709,1.3,
194820,Frisco,TX,2019,177286,TX0430400,Frisco,199445,1.125,12,SRS,full,170,2407,1,0.959,13.577,0.56,
194820,Frisco,TX,2020,200490,TX0430400,Frisco,212626,1.061,12,SRS,full,191,2078,1,0.953,10.365,0.5,
194820,Frisco,TX,2021,200490,TX0430400,Frisco,222416,1.109,12,converted,full,221,2018,4,1.102,10.065,2.0,
194820,Frisco,TX,2022,209980,TX0430400,Frisco,218962,1.043,12,converted,full,233,2945,0,1.11,14.025,0.0,
194820,Frisco,TX,2023,210719,TX0430400,Frisco,228527,1.085,12,converted,full,208,3113,1,0.987,14.773,0.47,
194820,Frisco,TX,2024,219587,TX0430400,Frisco,232961,1.061,12,converted,full,265,2357,3,1.207,10.734,1.37,
212231,Garland,TX,2012,236897,TX0571100,Garland,234984,0.992,12,SRS,full,540,8675,7,2.279,36.619,2.95,
212231,Garland,TX,2013,236897,TX0571100,Garland,235683,0.995,12,SRS,full,514,8371,6,2.17,35.336,2.53,
212231,Garland,TX,2014,236897,TX0571100,Garland,236414,0.998,12,SRS,full,644,7695,5,2.718,32.482,2.11,
212231,Garland,TX,2015,236897,TX0571100,Garland,237593,1.003,12,SRS,full,709,7491,8,2.993,31.621,3.38,
212231,Garland,TX,2016,236897,TX0571100,Garland,238859,1.008,12,SRS,full,767,7663,7,3.238,32.347,2.95,
212231,Garland,TX,2017,236897,TX0571100,Garland,236243,0.997,12,SRS,full,748,7164,8,3.157,30.241,3.38,
212231,Garland,TX,2018,236897,TX0571100,Garland,239577,1.011,12,SRS,full,659,6454,9,2.782,27.244,3.8,
212231,Garland,TX,2019,238002,TX0571100,Garland,244277,1.026,12,SRS,full,738,6311,11,3.101,26.517,4.62,
212231,Garland,TX,2020,239928,TX0571100,Garland,241845,1.008,12,SRS,full,709,6106,4,2.955,25.449,1.67,
212231,Garland,TX,2021,239928,TX0571100,Garland,237510,0.99,12,converted,full,626,5722,20,2.609,23.849,8.34,
212231,Garland,TX,2022,238139,TX0571100,Garland,241095,1.012,12,converted,full,620,6256,5,2.604,26.27,2.1,
212231,Garland,TX,2023,242035,TX0571100,Garland,240051,0.992,12,converted,full,553,5769,12,2.285,23.835,4.96,
212231,Garland,TX,2024,240854,TX0571100,Garland,246255,1.022,12,converted,full,592,4931,12,2.458,20.473,4.98,
194823,Grand Prairie,TX,2012,187809,TX0571200,Grand Prairie,181782,0.968,12,SRS,full,499,5246,1,2.657,27.933,0.53,
194823,Grand Prairie,TX,2013,187809,TX0571200,Grand Prairie,183822,0.979,12,SRS,full,511,5158,11,2.721,27.464,5.86,
194823,Grand Prairie,TX,2014,187809,TX0571200,Grand Prairie,185273,0.986,12,SRS,full,482,4635,4,2.566,24.679,2.13,
194823,Grand Prairie,TX,2015,187809,TX0571200,Grand Prairie,187901,1.0,12,SRS,full,461,4089,7,2.455,21.772,3.73,
194823,Grand Prairie,TX,2016,187809,TX0571200,Grand Prairie,190270,1.013,12,SRS,full,587,4527,9,3.126,24.104,4.79,
194823,Grand Prairie,TX,2017,187809,TX0571200,Grand Prairie,193249,1.029,12,SRS,full,573,4706,2,3.051,25.057,1.06,
194823,Grand Prairie,TX,2018,187809,TX0571200,Grand Prairie,196535,1.046,12,SRS,full,483,3897,10,2.572,20.75,5.32,
194823,Grand Prairie,TX,2019,193837,TX0571200,Grand Prairie,196971,1.016,12,SRS,full,427,4152,7,2.203,21.42,3.61,
194823,Grand Prairie,TX,2020,194543,TX0571200,Grand Prairie,196990,1.013,12,SRS,full,484,3814,12,2.488,19.605,6.17,
194823,Grand Prairie,TX,2021,194543,TX0571200,Grand Prairie,196334,1.009,12,converted,full,458,3467,8,2.354,17.821,4.11,
194823,Grand Prairie,TX,2022,195272,TX0571200,Grand Prairie,199663,1.022,12,converted,full,409,3780,8,2.095,19.358,4.1,
194823,Grand Prairie,TX,2023,197347,TX0571200,Grand Prairie,205487,1.041,12,converted,full,398,3333,4,2.017,16.889,2.03,
194823,Grand Prairie,TX,2024,201843,TX0571200,Grand Prairie,206122,1.021,12,converted,full,448,3328,4,2.22,16.488,1.98,
176169,Houston,TX,2012,2296224,TXHPD0000,Houston,2177273,0.948,12,SRS,full,21610,107678,217,9.411,46.894,9.45,
176169,Houston,TX,2013,2296224,TXHPD0000,Houston,2180606,0.95,12,SRS,full,20993,110919,214,9.142,48.305,9.32,
176169,Houston,TX,2014,2296224,TXHPD0000,Houston,2219933,0.967,12,SRS,full,22008,104197,242,9.584,45.378,10.54,
176169,Houston,TX,2015,2296224,TXHPD0000,Houston,2275221,0.991,12,SRS,full,21994,100053,303,9.578,43.573,13.2,
176169,Houston,TX,2016,2296224,TXHPD0000,Houston,2334348,1.017,12,SRS,full,23960,100856,301,10.435,43.923,13.11,
176169,Houston,TX,2017,2296224,TXHPD0000,Houston,2338235,1.018,12,SRS,full,25609,96532,269,11.153,42.039,11.71,
176169,Houston,TX,2018,2296224,TXHPD0000,Houston,2344966,1.021,12,SRS,full,24210,93916,281,10.543,40.9,12.24,
176169,Houston,TX,2019,2312717,TXHPD0000,Houston,2355606,1.019,12,SRS,full,25518,102077,281,11.034,44.137,12.15,
176169,Houston,TX,2020,2320268,TXHPD0000,Houston,2346155,1.011,12,SRS,full,29907,98710,414,12.889,42.542,17.84,
176169,Houston,TX,2021,2320268,TXHPD0000,Houston,2339252,1.008,12,converted,full,28856,96599,475,12.436,41.633,20.47,
176169,Houston,TX,2022,2316120,TXHPD0000,Houston,2276533,0.983,12,converted,full,26405,105086,437,11.401,45.372,18.87,
176169,Houston,TX,2023,2288250,TXHPD0000,Houston,2304406,1.007,12,converted,full,25533,104439,353,11.158,45.641,15.43,
176169,Houston,TX,2024,2302878,TXHPD0000,Houston,2319160,1.007,12,converted,full,26777,100058,331,11.628,43.449,14.37,
176079,Irving,TX,2012,236607,TX0571500,Irving,224007,0.947,12,SRS,full,507,6307,3,2.143,26.656,1.27,
176079,Irving,TX,2013,236607,TX0571500,Irving,228367,0.965,12,SRS,full,530,6175,2,2.24,26.098,0.85,
176079,Irving,TX,2014,236607,TX0571500,Irving,231708,0.979,12,SRS,full,512,6291,5,2.164,26.588,2.11,
176079,Irving,TX,2015,236607,TX0571500,Irving,236465,0.999,12,SRS,full,469,6041,9,1.982,25.532,3.8,
176079,Irving,TX,2016,236607,TX0571500,Irving,240765,1.018,12,SRS,full,521,6490,5,2.202,27.429,2.11,
176079,Irving,TX,2017,236607,TX0571500,Irving,242062,1.023,12,SRS,full,549,6147,8,2.32,25.98,3.38,
176079,Irving,TX,2018,236607,TX0571500,Irving,243940,1.031,12,SRS,full,510,5759,10,2.155,24.34,4.23,
176079,Irving,TX,2019,240373,TX0571500,Irving,245423,1.021,12,SRS,full,617,5982,5,2.567,24.886,2.08,
176079,Irving,TX,2020,239798,TX0571500,Irving,242976,1.013,12,SRS,full,754,6162,9,3.144,25.697,3.75,
176079,Irving,TX,2021,239798,TX0571500,Irving,241692,1.008,12,converted,full,815,5992,12,3.399,24.988,5.0,
176079,Irving,TX,2022,240916,TX0571500,Irving,254141,1.055,12,converted,full,842,6440,14,3.495,26.731,5.81,
176079,Irving,TX,2023,254198,TX0571500,Irving,255203,1.004,12,converted,full,758,6226,14,2.982,24.493,5.51,
176079,Irving,TX,2024,254715,TX0571500,Irving,257460,1.011,12,converted,full,709,5687,19,2.784,22.327,7.46,
175981,Killeen,TX,2012,140806,TX0140400,Killeen,131965,0.937,12,SRS,full,851,4986,12,6.044,35.41,8.52,
175981,Killeen,TX,2013,140806,TX0140400,Killeen,136539,0.97,12,SRS,full,753,4791,6,5.348,34.026,4.26,
175981,Killeen,TX,2014,140806,TX0140400,Killeen,139211,0.989,12,SRS,full,846,4703,10,6.008,33.401,7.1,
175981,Killeen,TX,2015,140806,TX0140400,Killeen,140497,0.998,12,SRS,full,868,4038,17,6.165,28.678,12.07,
175981,Killeen,TX,2016,140806,TX0140400,Killeen,143248,1.017,12,SRS,full,996,3946,16,7.074,28.024,11.36,
175981,Killeen,TX,2017,140806,TX0140400,Killeen,145912,1.036,12,SRS,full,1118,4109,18,7.94,29.182,12.78,
175981,Killeen,TX,2018,140806,TX0140400,Killeen,148007,1.051,12,SRS,full,577,3336,7,4.098,23.692,4.97,
175981,Killeen,TX,2019,145482,TX0140400,Killeen,151832,1.044,12,SRS,full,583,3432,14,4.007,23.591,9.62,
175981,Killeen,TX,2020,151666,TX0140400,Killeen,154417,1.018,12,SRS,full,1048,2967,26,6.91,19.563,17.14,
175981,Killeen,TX,2021,151666,TX0140400,Killeen,156741,1.033,12,converted,full,942,2791,18,6.211,18.402,11.87,
175981,Killeen,TX,2022,153991,TX0140400,Killeen,159546,1.036,12,converted,full,867,2794,19,5.63,18.144,12.34,
175981,Killeen,TX,2023,156261,TX0140400,Killeen,161968,1.037,12,converted,full,781,2819,11,4.998,18.04,7.04,
175981,Killeen,TX,2024,159172,TX0140400,Killeen,161667,1.016,12,converted,full,835,2246,19,5.246,14.111,11.94,
135293,Laredo,TX,2012,255473,TX2400100,Laredo,245558,0.961,12,SRS,full,1036,10685,8,4.055,41.824,3.13,
135293,Laredo,TX,2013,255473,TX2400100,Laredo,247353,0.968,12,SRS,full,1027,10482,3,4.02,41.03,1.17,
135293,Laredo,TX,2014,255473,TX2400100,Laredo,250994,0.982,12,SRS,full,976,9687,14,3.82,37.918,5.48,
135293,Laredo,TX,2015,255473,TX2400100,Laredo,256280,1.003,12,SRS,full,972,8639,8,3.805,33.816,3.13,
135293,Laredo,TX,2016,255473,TX2400100,Laredo,259325,1.015,12,SRS,full,940,7890,12,3.679,30.884,4.7,
135293,Laredo,TX,2017,255473,TX2400100,Laredo,260669,1.02,12,SRS,full,839,6474,10,3.284,25.341,3.91,
135293,Laredo,TX,2018,255473,TX2400100,Laredo,264214,1.034,12,SRS,full,890,6367,10,3.484,24.922,3.91,
135293,Laredo,TX,2019,260654,TX2400100,Laredo,264916,1.016,12,SRS,full,854,4714,4,3.276,18.085,1.53,
135293,Laredo,TX,2020,262491,TX2400100,Laredo,265515,1.012,12,SRS,full,872,3860,12,3.322,14.705,4.57,
135293,Laredo,TX,2021,262491,TX2400100,Laredo,266489,1.015,12,converted,full,815,3195,13,3.105,12.172,4.95,break_low
135293,Laredo,TX,2022,263640,TX2400100,Laredo,256973,0.975,12,converted,full,827,3352,12,3.137,12.714,4.55,
135293,Laredo,TX,2023,256153,TX2400100,Laredo,256542,1.002,12,converted,full,1113,3566,10,4.345,13.921,3.9,
135293,Laredo,TX,2024,256187,TX2400100,Laredo,258311,1.008,12,converted,full,959,3830,6,3.743,14.95,2.34,
176142,League,TX,2012,98312,TX0840800,League City,86127,0.876,12,SRS,full,79,1734,0,0.804,17.638,0.0,
176142,League,TX,2013,98312,TX0840800,League City,89596,0.911,12,SRS,full,96,1918,2,0.976,19.509,2.03,
176142,League,TX,2014,98312,TX0840800,League City,92790,0.944,12,SRS,full,98,1807,3,0.997,18.38,3.05,
176142,League,TX,2015,98312,TX0840800,League City,97172,0.988,12,SRS,full,88,1767,1,0.895,17.973,1.02,
176142,League,TX,2016,98312,TX0840800,League City,101436,1.032,12,SRS,full,82,1937,5,0.834,19.703,5.09,
176142,League,TX,2017,98312,TX0840800,League City,105351,1.072,12,SRS,full,97,1718,3,0.987,17.475,3.05,
176142,League,TX,2018,98312,TX0840800,League City,108275,1.101,12,SRS,full,109,1814,1,1.109,18.451,1.02,
176142,League,TX,2019,104903,TX0840800,League City,109401,1.043,12,SRS,full,122,1492,3,1.163,14.223,2.86,
176142,League,TX,2020,107536,TX0840800,League City,110518,1.028,12,SRS,full,131,1498,1,1.218,13.93,0.93,
176142,League,TX,2021,107536,TX0840800,League City,111279,1.035,12,converted,full,114,1232,3,1.06,11.457,2.79,
176142,League,TX,2022,108477,TX0840800,League City,116511,1.074,12,converted,full,128,1502,2,1.18,13.846,1.84,
176142,League,TX,2023,115595,TX0840800,League City,115791,1.002,12,converted,full,133,1420,4,1.151,12.284,3.46,
176142,League,TX,2024,115418,TX0840800,League City,116881,1.013,12,converted,full,124,1365,4,1.074,11.827,3.47,
202617,Lewisville,TX,2012,104039,TX0610600,Lewisville,100216,0.963,12,SRS,full,180,2987,3,1.73,28.71,2.88,
202617,Lewisville,TX,2013,104039,TX0610600,Lewisville,100710,0.968,12,SRS,full,245,2750,1,2.355,26.432,0.96,
202617,Lewisville,TX,2014,104039,TX0610600,Lewisville,102439,0.985,12,SRS,full,201,2605,1,1.932,25.039,0.96,
202617,Lewisville,TX,2015,104039,TX0610600,Lewisville,104741,1.007,12,SRS,full,239,2438,2,2.297,23.434,1.92,
202617,Lewisville,TX,2016,104039,TX0610600,Lewisville,105762,1.017,12,SRS,full,220,2591,0,2.115,24.904,0.0,
202617,Lewisville,TX,2017,104039,TX0610600,Lewisville,106199,1.021,12,SRS,full,285,2181,3,2.739,20.963,2.88,
202617,Lewisville,TX,2018,104039,TX0610600,Lewisville,107560,1.034,12,SRS,full,259,2433,4,2.489,23.385,3.84,
202617,Lewisville,TX,2019,106021,TX0610600,Lewisville,108000,1.019,12,SRS,full,249,2179,2,2.349,20.553,1.89,
202617,Lewisville,TX,2020,109212,TX0610600,Lewisville,110800,1.015,12,SRS,full,327,1951,3,2.994,17.864,2.75,
202617,Lewisville,TX,2021,109212,TX0610600,Lewisville,113998,1.044,12,converted,full,320,2052,2,2.93,18.789,1.83,
202617,Lewisville,TX,2022,112232,TX0610600,Lewisville,113568,1.012,12,converted,full,336,2527,7,2.994,22.516,6.24,
202617,Lewisville,TX,2023,112944,TX0610600,Lewisville,133694,1.184,12,converted,full,316,2447,8,2.798,21.666,7.08,
202617,Lewisville,TX,2024,131215,TX0610600,Lewisville,136046,1.037,12,converted,full,265,2096,4,2.02,15.974,3.05,
212233,Lubbock,TX,2012,249042,TX1520200,Lubbock,237241,0.953,12,SRS,full,1962,12273,11,7.878,49.281,4.42,
212233,Lubbock,TX,2013,249042,TX1520200,Lubbock,237875,0.955,12,SRS,full,1829,11557,5,7.344,46.406,2.01,
212233,Lubbock,TX,2014,249042,TX1520200,Lubbock,241826,0.971,12,SRS,full,2084,10617,12,8.368,42.631,4.82,
212233,Lubbock,TX,2015,249042,TX1520200,Lubbock,247271,0.993,12,SRS,full,2391,12378,16,9.601,49.702,6.42,
212233,Lubbock,TX,2016,249042,TX1520200,Lubbock,252900,1.015,12,SRS,full,2741,12661,6,11.006,50.839,2.41,
212233,Lubbock,TX,2017,249042,TX1520200,Lubbock,256335,1.029,12,SRS,full,2691,11945,12,10.805,47.964,4.82,
212233,Lubbock,TX,2018,249042,TX1520200,Lubbock,257372,1.033,12,SRS,full,2574,11754,13,10.336,47.197,5.22,
212233,Lubbock,TX,2019,253888,TX1520200,Lubbock,259208,1.021,12,SRS,full,2619,11939,12,10.316,47.025,4.73,
212233,Lubbock,TX,2020,258862,TX1520200,Lubbock,262146,1.013,12,SRS,full,2861,10778,29,11.052,41.636,11.2,
212233,Lubbock,TX,2021,258862,TX1520200,Lubbock,265990,1.028,12,converted,full,2832,9774,24,10.94,37.758,9.27,
212233,Lubbock,TX,2022,262611,TX1520200,Lubbock,264142,1.006,12,converted,full,2828,10932,26,10.769,41.628,9.9,
212233,Lubbock,TX,2023,260993,TX1520200,Lubbock,266960,1.023,12,converted,full,2289,8365,16,8.77,32.051,6.13,
212233,Lubbock,TX,2024,263930,TX1520200,Lubbock,269900,1.023,12,converted,full,2244,7203,15,8.502,27.291,5.68,
205460,Mcallen,TX,2012,140269,TX1080800,McAllen,135745,0.968,12,SRS,full,166,5465,1,1.183,38.961,0.71,
205460,Mcallen,TX,2013,140269,TX1080800,McAllen,136169,0.971,12,SRS,full,171,5424,2,1.219,38.669,1.43,
205460,Mcallen,TX,2014,140269,TX1080800,McAllen,138122,0.985,12,SRS,full,181,4947,6,1.29,35.268,4.28,
205460,Mcallen,TX,2015,140269,TX1080800,McAllen,140593,1.002,12,SRS,full,152,4637,2,1.084,33.058,1.43,
205460,Mcallen,TX,2016,140269,TX1080800,McAllen,142227,1.014,12,SRS,full,215,4470,3,1.533,31.867,2.14,
205460,Mcallen,TX,2017,140269,TX1080800,McAllen,144162,1.028,12,SRS,full,208,4007,7,1.483,28.567,4.99,
205460,Mcallen,TX,2018,140269,TX1080800,McAllen,144363,1.029,12,SRS,full,122,3856,0,0.87,27.49,0.0,
205460,Mcallen,TX,2019,142696,TX1080800,McAllen,144915,1.016,12,SRS,full,140,3595,1,0.981,25.193,0.7,
205460,Mcallen,TX,2020,143268,TX1080800,McAllen,144569,1.009,12,SRS,full,123,2791,3,0.859,19.481,2.09,
205460,Mcallen,TX,2021,143268,TX1080800,McAllen,144973,1.012,12,converted,full,259,2615,0,1.808,18.253,0.0,
205460,Mcallen,TX,2022,143751,TX1080800,McAllen,145510,1.012,12,converted,full,285,2840,5,1.983,19.756,3.48,
205460,Mcallen,TX,2023,143920,TX1080800,McAllen,145684,1.012,12,converted,full,210,2839,7,1.459,19.726,4.86,
205460,Mcallen,TX,2024,144579,TX1080800,McAllen,148017,1.024,12,converted,full,222,2717,4,1.535,18.792,2.77,
187646,Mckinney,TX,2012,162898,TX0430500,McKinney,138105,0.848,12,SRS,full,230,2799,0,1.412,17.183,0.0,
187646,Mckinney,TX,2013,162898,TX0430500,McKinney,146869,0.902,12,SRS,full,207,3058,1,1.271,18.772,0.61,
187646,Mckinney,TX,2014,162898,TX0430500,McKinney,152806,0.938,12,SRS,full,224,2847,3,1.375,17.477,1.84,
187646,Mckinney,TX,2015,162898,TX0430500,McKinney,163406,1.003,12,SRS,full,268,2688,2,1.645,16.501,1.23,
187646,Mckinney,TX,2016,162898,TX0430500,McKinney,169689,1.042,12,SRS,full,239,2261,5,1.467,13.88,3.07,
187646,Mckinney,TX,2017,162898,TX0430500,McKinney,179934,1.105,12,SRS,full,276,2427,2,1.694,14.899,1.23,
187646,Mckinney,TX,2018,162898,TX0430500,McKinney,189555,1.164,12,SRS,full,295,2002,0,1.811,12.29,0.0,
187646,Mckinney,TX,2019,181330,TX0430500,McKinney,200615,1.106,12,SRS,full,289,1996,2,1.594,11.008,1.1,
187646,Mckinney,TX,2020,199177,TX0430500,McKinney,208335,1.046,12,SRS,full,288,1966,1,1.446,9.871,0.5,
187646,Mckinney,TX,2021,199177,TX0430500,McKinney,217841,1.094,12,converted,full,279,1951,4,1.401,9.795,2.01,
187646,Mckinney,TX,2022,208272,TX0430500,McKinney,208415,1.001,12,converted,full,240,2172,3,1.152,10.429,1.44,
187646,Mckinney,TX,2023,202690,TX0430500,McKinney,212716,1.049,12,converted,full,227,1941,6,1.12,9.576,2.96,
187646,Mckinney,TX,2024,207507,TX0430500,McKinney,219132,1.056,12,converted,full,267,1805,6,1.287,8.699,2.89,
135132,Mesquite,TX,2012,144788,TX0571800,Mesquite,144811,1.0,12,SRS,full,442,6285,2,3.053,43.408,1.38,
135132,Mesquite,TX,2013,144788,TX0571800,Mesquite,144313,0.997,12,SRS,full,402,6332,6,2.776,43.733,4.14,
135132,Mesquite,TX,2014,144788,TX0571800,Mesquite,144396,0.997,12,SRS,full,432,5846,4,2.984,40.376,2.76,
135132,Mesquite,TX,2015,144788,TX0571800,Mesquite,145569,1.005,12,SRS,full,483,5921,7,3.336,40.894,4.83,
135132,Mesquite,TX,2016,144788,TX0571800,Mesquite,145786,1.007,12,SRS,full,603,5534,2,4.165,38.221,1.38,
135132,Mesquite,TX,2017,144788,TX0571800,Mesquite,144406,0.997,12,SRS,full,616,5264,6,4.254,36.357,4.14,
135132,Mesquite,TX,2018,144788,TX0571800,Mesquite,144558,0.998,12,SRS,full,572,5242,7,3.951,36.205,4.83,
135132,Mesquite,TX,2019,143949,TX0571800,Mesquite,143078,0.994,12,SRS,full,686,5199,7,4.766,36.117,4.86,
135132,Mesquite,TX,2020,140937,TX0571800,Mesquite,141325,1.003,12,SRS,full,629,5000,11,4.463,35.477,7.8,
135132,Mesquite,TX,2021,140937,TX0571800,Mesquite,137796,0.978,12,converted,full,728,4775,13,5.165,33.88,9.22,
135132,Mesquite,TX,2022,138916,TX0571800,Mesquite,147226,1.06,12,converted,full,688,5372,9,4.953,38.671,6.48,
135132,Mesquite,TX,2023,147691,TX0571800,Mesquite,147926,1.002,12,converted,full,756,5427,5,5.119,36.746,3.39,
135132,Mesquite,TX,2024,147899,TX0571800,Mesquite,148803,1.006,12,converted,full,749,4428,6,5.064,29.939,4.06,
194825,Midland,TX,2012,132950,TX1650100,Midland,115637,0.87,12,SRS,full,398,3008,4,2.994,22.625,3.01,
194825,Midland,TX,2013,132950,TX1650100,Midland,122259,0.92,12,SRS,full,350,3191,5,2.633,24.002,3.76,
194825,Midland,TX,2014,132950,TX1650100,Midland,127344,0.958,12,SRS,full,407,3266,7,3.061,24.566,5.27,
194825,Midland,TX,2015,132950,TX1650100,Midland,132625,0.998,12,SRS,full,419,3381,7,3.152,25.431,5.27,
194825,Midland,TX,2016,132950,TX1650100,Midland,137780,1.036,12,SRS,full,412,3352,3,3.099,25.212,2.26,
194825,Midland,TX,2017,132950,TX1650100,Midland,138954,1.045,12,SRS,full,378,2677,2,2.843,20.135,1.5,
194825,Midland,TX,2018,132950,TX1650100,Midland,140072,1.054,12,SRS,full,403,2764,5,3.031,20.79,3.76,
194825,Midland,TX,2019,136089,TX1650100,Midland,146806,1.079,6,SRS,partial,202,1749,2,,,,
194825,Midland,TX,2020,146038,TX1650100,Midland,150529,1.031,12,SRS,full,549,3119,10,3.759,21.357,6.85,
194825,Midland,TX,2021,146038,TX1650100,Midland,151243,1.036,12,converted,full,591,2254,12,4.047,15.434,8.22,
194825,Midland,TX,2022,147069,TX1650100,Midland,129945,0.884,12,converted,full,640,2503,13,4.352,17.019,8.84,
194825,Midland,TX,2023,131325,TX1650100,Midland,135253,1.03,12,converted,full,583,2574,7,4.439,19.6,5.33,
194825,Midland,TX,2024,134444,TX1650100,Midland,140303,1.044,12,converted,full,526,2394,8,3.912,17.807,5.95,
176060,New Braunfels,TX,2012,70543,TX0460100,New Braunfels,60482,0.857,12,SRS,full,115,2110,1,1.63,29.911,1.42,
176060,New Braunfels,TX,2013,70543,TX0460100,New Braunfels,61651,0.874,12,SRS,full,147,2153,3,2.084,30.52,4.25,
176060,New Braunfels,TX,2014,70543,TX0460100,New Braunfels,64622,0.916,12,SRS,full,182,2101,1,2.58,29.783,1.42,
176060,New Braunfels,TX,2015,70543,TX0460100,New Braunfels,68641,0.973,12,SRS,full,175,2058,2,2.481,29.174,2.84,
176060,New Braunfels,TX,2016,70543,TX0460100,New Braunfels,73334,1.04,12,SRS,full,207,1721,1,2.934,24.396,1.42,
176060,New Braunfels,TX,2017,70543,TX0460100,New Braunfels,76993,1.091,12,SRS,full,193,1321,1,2.736,18.726,1.42,
176060,New Braunfels,TX,2018,70543,TX0460100,New Braunfels,82739,1.173,12,SRS,full,241,1201,2,3.416,17.025,2.84,
176060,New Braunfels,TX,2019,79152,TX0460100,New Braunfels,88706,1.121,12,SRS,full,220,1133,2,2.779,14.314,2.53,
176060,New Braunfels,TX,2020,90209,TX0460100,New Braunfels,94751,1.05,12,SRS,full,222,1231,6,2.461,13.646,6.65,
176060,New Braunfels,TX,2021,90209,TX0460100,New Braunfels,100427,1.113,12,converted,full,246,1230,1,2.727,13.635,1.11,
176060,New Braunfels,TX,2022,95534,TX0460100,New Braunfels,107017,1.12,12,converted,full,203,1521,0,2.125,15.921,0.0,
176060,New Braunfels,TX,2023,98857,TX0460100,New Braunfels,111942,1.132,12,converted,full,163,1403,1,1.649,14.192,1.01,
176060,New Braunfels,TX,2024,104707,TX0460100,New Braunfels,118268,1.13,12,converted,full,185,1520,2,1.767,14.517,1.91,
176107,Odessa,TX,2012,118968,TX0680200,Odessa,103635,0.871,12,SRS,full,1103,3717,5,9.271,31.244,4.2,
176107,Odessa,TX,2013,118968,TX0680200,Odessa,108265,0.91,12,SRS,full,1080,4374,2,9.078,36.766,1.68,
176107,Odessa,TX,2014,118968,TX0680200,Odessa,113619,0.955,12,SRS,full,1068,4217,11,8.977,35.447,9.25,
176107,Odessa,TX,2015,118968,TX0680200,Odessa,118606,0.997,12,SRS,full,1228,4541,10,10.322,38.17,8.41,
176107,Odessa,TX,2016,118968,TX0680200,Odessa,123209,1.036,12,SRS,full,996,4118,4,8.372,34.614,3.36,
176107,Odessa,TX,2017,118968,TX0680200,Odessa,121194,1.019,12,SRS,full,912,3219,7,7.666,27.058,5.88,
176107,Odessa,TX,2018,118968,TX0680200,Odessa,119545,1.005,12,SRS,full,1049,2996,8,8.817,25.183,6.72,
176107,Odessa,TX,2019,116861,TX0680200,Odessa,123468,1.057,12,SRS,full,1282,3624,13,10.97,31.011,11.12,
176107,Odessa,TX,2020,123334,TX0680200,Odessa,126288,1.024,12,SRS,full,1020,3179,13,8.27,25.776,10.54,
176107,Odessa,TX,2021,123334,TX0680200,Odessa,128328,1.04,12,converted,full,652,2891,10,5.286,23.44,8.11,
176107,Odessa,TX,2022,125413,TX0680200,Odessa,110163,0.878,12,converted,full,574,2281,8,4.577,18.188,6.38,break_low
176107,Odessa,TX,2023,112483,TX0680200,Odessa,111922,0.995,12,converted,full,443,1998,7,3.938,17.763,6.22,break_low
176107,Odessa,TX,2024,112906,TX0680200,Odessa,116039,1.028,12,converted,full,377,2145,4,3.339,18.998,3.54,break_low
205455,Pasadena,TX,2012,153784,TX1011500,Pasadena,154562,1.005,12,SRS,full,622,5610,8,4.045,36.48,5.2,
205455,Pasadena,TX,2013,153784,TX1011500,Pasadena,153195,0.996,12,SRS,full,592,5501,3,3.85,35.771,1.95,
205455,Pasadena,TX,2014,153784,TX1011500,Pasadena,153540,0.998,12,SRS,full,591,4630,7,3.843,30.107,4.55,
205455,Pasadena,TX,2015,153784,TX1011500,Pasadena,154986,1.008,12,SRS,full,632,4273,2,4.11,27.786,1.3,
205455,Pasadena,TX,2016,153784,TX1011500,Pasadena,154648,1.006,12,SRS,full,691,4008,3,4.493,26.063,1.95,
205455,Pasadena,TX,2017,153784,TX1011500,Pasadena,154000,1.001,12,SRS,full,711,3773,5,4.623,24.534,3.25,
205455,Pasadena,TX,2018,153784,TX1011500,Pasadena,154101,1.002,12,SRS,full,679,3467,7,4.415,22.545,4.55,
205455,Pasadena,TX,2019,153520,TX1011500,Pasadena,153689,1.001,12,SRS,full,883,3904,8,5.752,25.43,5.21,
205455,Pasadena,TX,2020,151227,TX1011500,Pasadena,151421,1.001,12,SRS,full,889,3558,8,5.879,23.528,5.29,
205455,Pasadena,TX,2021,151227,TX1011500,Pasadena,149428,0.988,12,converted,full,964,3705,8,6.375,24.5,5.29,
205455,Pasadena,TX,2022,149440,TX1011500,Pasadena,145954,0.977,12,converted,full,929,4106,11,6.217,27.476,7.36,
205455,Pasadena,TX,2023,148626,TX1011500,Pasadena,145850,0.981,12,converted,full,917,4074,11,6.17,27.411,7.4,
205455,Pasadena,TX,2024,147662,TX1011500,Pasadena,145199,0.983,12,converted,full,827,3431,6,5.601,23.235,4.06,
135095,Pearland,TX,2012,108821,TX0201000,Pearland,94702,0.87,12,SRS,full,123,1758,1,1.13,16.155,0.92,
135095,Pearland,TX,2013,108821,TX0201000,Pearland,98183,0.902,12,SRS,full,153,1935,1,1.406,17.781,0.92,
135095,Pearland,TX,2014,108821,TX0201000,Pearland,102516,0.942,12,SRS,full,160,2068,2,1.47,19.004,1.84,
135095,Pearland,TX,2015,108821,TX0201000,Pearland,106850,0.982,12,SRS,full,169,2182,2,1.553,20.051,1.84,
135095,Pearland,TX,2016,108821,TX0201000,Pearland,112814,1.037,12,SRS,full,199,2058,1,1.829,18.912,0.92,
135095,Pearland,TX,2017,108821,TX0201000,Pearland,117869,1.083,12,SRS,full,155,1796,2,1.424,16.504,1.84,
135095,Pearland,TX,2018,108821,TX0201000,Pearland,124179,1.141,12,SRS,full,122,1843,2,1.121,16.936,1.84,
135095,Pearland,TX,2019,119940,TX0201000,Pearland,126206,1.052,12,SRS,full,112,2069,3,0.934,17.25,2.5,
135095,Pearland,TX,2020,122460,TX0201000,Pearland,126111,1.03,12,SRS,full,129,1807,3,1.053,14.756,2.45,
135095,Pearland,TX,2021,122460,TX0201000,Pearland,126983,1.037,12,converted,full,132,1848,1,1.078,15.091,0.82,
135095,Pearland,TX,2022,123562,TX0201000,Pearland,125894,1.019,12,converted,full,125,2156,1,1.012,17.449,0.81,
135095,Pearland,TX,2023,125990,TX0201000,Pearland,127433,1.011,12,converted,full,142,2130,2,1.127,16.906,1.59,
135095,Pearland,TX,2024,126949,TX0201000,Pearland,128322,1.011,12,converted,full,124,1851,3,0.977,14.581,2.36,
176053,Plano,TX,2012,283558,TX0430600,Plano,273816,0.966,12,SRS,full,358,6453,1,1.263,22.757,0.35,
176053,Plano,TX,2013,283558,TX0430600,Plano,275795,0.973,12,SRS,full,407,5993,3,1.435,21.135,1.06,
176053,Plano,TX,2014,283558,TX0430600,Plano,277822,0.98,12,SRS,full,459,5508,4,1.619,19.425,1.41,
176053,Plano,TX,2015,283558,TX0430600,Plano,282968,0.998,12,SRS,full,437,5103,4,1.541,17.996,1.41,
176053,Plano,TX,2016,283558,TX0430600,Plano,288242,1.017,12,SRS,full,402,5488,5,1.418,19.354,1.76,
176053,Plano,TX,2017,283558,TX0430600,Plano,290413,1.024,12,SRS,full,444,5038,20,1.566,17.767,7.05,
176053,Plano,TX,2018,283558,TX0430600,Plano,289897,1.022,12,SRS,full,419,5040,6,1.478,17.774,2.12,
176053,Plano,TX,2019,286143,TX0430600,Plano,291611,1.019,12,SRS,full,421,4855,3,1.471,16.967,1.05,
176053,Plano,TX,2020,287677,TX0430600,Plano,290786,1.011,12,SRS,full,448,4749,3,1.557,16.508,1.04,
176053,Plano,TX,2021,287677,TX0430600,Plano,294496,1.024,12,converted,full,462,4776,5,1.606,16.602,1.74,
176053,Plano,TX,2022,291296,TX0430600,Plano,289847,0.995,12,converted,full,461,5442,1,1.583,18.682,0.34,
176053,Plano,TX,2023,288253,TX0430600,Plano,291140,1.01,12,converted,full,474,4848,3,1.644,16.819,1.04,
176053,Plano,TX,2024,289547,TX0430600,Plano,291463,1.007,12,converted,full,450,4280,3,1.554,14.782,1.04,
212234,Richardson,TX,2012,110815,TX0572000,Richardson,103266,0.932,12,SRS,full,171,3004,2,1.543,27.108,1.8,
212234,Richardson,TX,2013,110815,TX0572000,Richardson,104577,0.944,12,SRS,full,128,2758,2,1.155,24.888,1.8,
212234,Richardson,TX,2014,110815,TX0572000,Richardson,105744,0.954,12,SRS,full,179,2405,1,1.615,21.703,0.9,
212234,Richardson,TX,2015,110815,TX0572000,Richardson,111008,1.002,12,SRS,full,167,2225,1,1.507,20.079,0.9,
212234,Richardson,TX,2016,110815,TX0572000,Richardson,113216,1.022,12,SRS,full,156,2473,5,1.408,22.316,4.51,
212234,Richardson,TX,2017,110815,TX0572000,Richardson,115824,1.045,12,SRS,full,193,2295,3,1.742,20.71,2.71,
212234,Richardson,TX,2018,110815,TX0572000,Richardson,119480,1.078,12,SRS,full,135,2522,2,1.218,22.759,1.8,
212234,Richardson,TX,2019,116783,TX0572000,Richardson,123893,1.061,12,SRS,full,181,2279,4,1.55,19.515,3.43,
212234,Richardson,TX,2020,121323,TX0572000,Richardson,124190,1.024,12,SRS,full,154,2386,7,1.269,19.667,5.77,
212234,Richardson,TX,2021,121323,TX0572000,Richardson,122872,1.013,12,converted,full,181,2448,4,1.492,20.178,3.3,
212234,Richardson,TX,2022,121112,TX0572000,Richardson,115771,0.956,12,converted,full,182,2591,2,1.503,21.393,1.65,
212234,Richardson,TX,2023,116382,TX0572000,Richardson,119008,1.023,12,converted,full,150,2410,4,1.289,20.708,3.44,
212234,Richardson,TX,2024,118802,TX0572000,Richardson,117962,0.993,12,converted,full,174,2184,2,1.465,18.384,1.68,
135298,Round Rock,TX,2012,115997,TX2460500,Round Rock,106232,0.916,12,SRS,full,141,2636,0,1.216,22.725,0.0,
135298,Round Rock,TX,2013,115997,TX2460500,Round Rock,108577,0.936,12,SRS,full,149,2428,2,1.285,20.932,1.72,
135298,Round Rock,TX,2014,115997,TX2460500,Round Rock,112199,0.967,12,SRS,full,140,2189,0,1.207,18.871,0.0,
135298,Round Rock,TX,2015,115997,TX2460500,Round Rock,115955,1.0,12,SRS,full,153,2230,1,1.319,19.225,0.86,
135298,Round Rock,TX,2016,115997,TX2460500,Round Rock,119308,1.029,12,SRS,full,173,2653,0,1.491,22.871,0.0,
135298,Round Rock,TX,2017,115997,TX2460500,Round Rock,124617,1.074,12,SRS,full,169,2701,2,1.457,23.285,1.72,
135298,Round Rock,TX,2018,115997,TX2460500,Round Rock,127354,1.098,12,SRS,full,154,2494,1,1.328,21.501,0.86,
135298,Round Rock,TX,2019,123678,TX2460500,Round Rock,132747,1.073,12,SRS,full,165,2235,3,1.334,18.071,2.43,
135298,Round Rock,TX,2020,133372,TX2460500,Round Rock,137593,1.032,12,SRS,full,186,2287,3,1.395,17.148,2.25,
135298,Round Rock,TX,2021,133372,TX2460500,Round Rock,141927,1.064,12,converted,full,208,2486,3,1.56,18.64,2.25,
135298,Round Rock,TX,2022,137575,TX2460500,Round Rock,127349,0.926,12,converted,full,224,2954,2,1.628,21.472,1.45,
135298,Round Rock,TX,2023,123876,TX2460500,Round Rock,129898,1.049,12,converted,full,182,2805,2,1.469,22.644,1.61,
135298,Round Rock,TX,2024,126697,TX2460500,Round Rock,133868,1.057,12,converted,full,175,2613,3,1.381,20.624,2.37,
135285,San Angelo,TX,2012,100450,TX2260100,San Angelo,95960,0.955,12,SRS,full,287,3479,4,2.857,34.634,3.98,
135285,San Angelo,TX,2013,100450,TX2260100,San Angelo,96661,0.962,12,SRS,full,270,3646,2,2.688,36.297,1.99,
135285,San Angelo,TX,2014,100450,TX2260100,San Angelo,98477,0.98,12,SRS,full,327,3864,4,3.255,38.467,3.98,
135285,San Angelo,TX,2015,101612,TX2260100,San Angelo,100356,0.988,12,SRS,full,362,4174,3,3.563,41.078,2.95,
135285,San Angelo,TX,2016,100450,TX2260100,San Angelo,101870,1.014,12,SRS,full,371,5034,6,3.693,50.114,5.97,
135285,San Angelo,TX,2017,100450,TX2260100,San Angelo,101931,1.015,12,SRS,full,293,4505,3,2.917,44.848,2.99,
135285,San Angelo,TX,2018,100450,TX2260100,San Angelo,101084,1.006,12,SRS,full,375,3458,2,3.733,34.425,1.99,
135285,San Angelo,TX,2019,100119,TX2260100,San Angelo,101072,1.01,12,SRS,full,401,3215,6,4.005,32.112,5.99,
135285,San Angelo,TX,2020,101004,TX2260100,San Angelo,101860,1.008,12,SRS,full,384,3062,7,3.802,30.316,6.93,
135285,San Angelo,TX,2021,101004,TX2260100,San Angelo,102448,1.014,12,converted,full,354,2668,6,3.505,26.415,5.94,
135285,San Angelo,TX,2022,101612,TX2260100,San Angelo,99243,0.977,12,converted,full,336,2813,6,3.307,27.684,5.9,
135285,San Angelo,TX,2023,99667,TX2260100,San Angelo,98642,0.99,12,converted,full,290,2598,5,2.91,26.067,5.02,
135285,San Angelo,TX,2024,99112,TX2260100,San Angelo,98996,0.999,12,converted,full,221,2482,5,2.23,25.042,5.04,break_low
175988,San Antonio,TX,2012,1469845,TXSPD0000,San Antonio,1380123,0.939,12,SRS,full,6943,82668,89,4.724,56.243,6.06,
175988,San Antonio,TX,2013,1469845,TXSPD0000,San Antonio,1399725,0.952,12,SRS,full,8828,79994,72,6.006,54.423,4.9,
175988,San Antonio,TX,2014,1469845,TXSPD0000,San Antonio,1428465,0.972,12,SRS,full,7704,77392,103,5.241,52.653,7.01,
175988,San Antonio,TX,2015,1469845,TXSPD0000,San Antonio,1463586,0.996,12,SRS,full,8594,73611,94,5.847,50.081,6.4,
175988,San Antonio,TX,2016,1469845,TXSPD0000,San Antonio,1498642,1.02,12,SRS,full,10754,77786,149,7.316,52.921,10.14,
175988,San Antonio,TX,2017,1469845,TXSPD0000,San Antonio,1520712,1.035,12,SRS,full,10759,73676,124,7.32,50.125,8.44,
175988,San Antonio,TX,2018,1469845,TXSPD0000,San Antonio,1539328,1.047,12,SRS,full,9647,61478,107,6.563,41.826,7.28,
175988,San Antonio,TX,2019,1511946,TXSPD0000,San Antonio,1559166,1.031,12,SRS,full,11046,67422,105,7.306,44.593,6.94,
175988,San Antonio,TX,2020,1547253,TXSPD0000,San Antonio,1573189,1.017,12,SRS,full,11717,57306,131,7.573,37.037,8.47,
175988,San Antonio,TX,2021,1547253,TXSPD0000,San Antonio,1592693,1.029,12,converted,full,11211,61284,164,7.246,39.608,10.6,
175988,San Antonio,TX,2022,1567118,TXSPD0000,San Antonio,1465608,0.935,12,converted,full,13099,74531,233,8.359,47.559,14.87,
175988,San Antonio,TX,2023,1451853,TXSPD0000,San Antonio,1490047,1.026,12,converted,full,10430,80557,163,7.184,55.486,11.23,
175988,San Antonio,TX,2024,1472909,TXSPD0000,San Antonio,1514458,1.028,12,converted,full,9154,70459,126,6.215,47.837,8.55,
176132,Sugar Land,TX,2012,88156,TX0790500,Sugar Land,82924,0.941,12,SRS,full,109,1541,0,1.236,17.48,0.0,
176132,Sugar Land,TX,2013,88156,TX0790500,Sugar Land,83460,0.947,12,SRS,full,108,1613,1,1.225,18.297,1.13,
176132,Sugar Land,TX,2014,88156,TX0790500,Sugar Land,85055,0.965,12,SRS,full,99,1400,1,1.123,15.881,1.13,
176132,Sugar Land,TX,2015,88156,TX0790500,Sugar Land,88810,1.007,12,SRS,full,83,1470,1,0.942,16.675,1.13,
176132,Sugar Land,TX,2016,88156,TX0790500,Sugar Land,90088,1.022,12,SRS,full,77,1460,0,0.873,16.562,0.0,
176132,Sugar Land,TX,2017,88156,TX0790500,Sugar Land,89790,1.019,12,SRS,full,71,1289,0,0.805,14.622,0.0,
176132,Sugar Land,TX,2018,88156,TX0790500,Sugar Land,89919,1.02,12,SRS,full,82,1537,0,0.93,17.435,0.0,
176132,Sugar Land,TX,2019,88485,TX0790500,Sugar Land,119944,1.356,12,SRS,full,68,1558,3,0.768,17.608,3.39,
176132,Sugar Land,TX,2020,118488,TX0790500,Sugar Land,119671,1.01,12,SRS,full,72,1281,4,0.608,10.811,3.38,
176132,Sugar Land,TX,2021,118488,TX0790500,Sugar Land,118888,1.003,12,converted,full,80,1483,1,0.675,12.516,0.84,
176132,Sugar Land,TX,2022,117875,TX0790500,Sugar Land,107989,0.916,12,converted,full,99,1753,0,0.84,14.872,0.0,
176132,Sugar Land,TX,2023,109373,TX0790500,Sugar Land,108718,0.994,12,converted,full,72,1403,3,0.658,12.828,2.74,
176132,Sugar Land,TX,2024,109414,TX0790500,Sugar Land,107757,0.985,12,converted,full,86,1499,1,0.786,13.7,0.91,
135275,Tyler,TX,2012,103700,TX2120400,Tyler,100040,0.965,12,SRS,full,538,4506,4,5.188,43.452,3.86,
135275,Tyler,TX,2013,103700,TX2120400,Tyler,100033,0.965,12,SRS,full,376,4116,5,3.626,39.691,4.82,
135275,Tyler,TX,2014,103700,TX2120400,Tyler,100969,0.974,12,SRS,full,467,4090,1,4.503,39.441,0.96,
135275,Tyler,TX,2015,103700,TX2120400,Tyler,102481,0.988,12,SRS,full,394,4103,3,3.799,39.566,2.89,
135275,Tyler,TX,2016,103700,TX2120400,Tyler,105044,1.013,12,SRS,full,430,3747,5,4.147,36.133,4.82,
135275,Tyler,TX,2017,103700,TX2120400,Tyler,106115,1.023,12,SRS,full,461,3344,3,4.446,32.247,2.89,
135275,Tyler,TX,2018,103700,TX2120400,Tyler,106159,1.024,12,SRS,full,416,3144,7,4.012,30.318,6.75,
135275,Tyler,TX,2019,104991,TX2120400,Tyler,106851,1.018,12,SRS,full,406,3213,0,3.867,30.603,0.0,
135275,Tyler,TX,2020,106985,TX2120400,Tyler,108139,1.011,12,SRS,full,477,3298,6,4.459,30.827,5.61,
135275,Tyler,TX,2021,106985,TX2120400,Tyler,109408,1.023,12,converted,full,481,2795,5,4.496,26.125,4.67,
135275,Tyler,TX,2022,108222,TX2120400,Tyler,108422,1.002,12,converted,full,579,2530,11,5.35,23.378,10.16,
135275,Tyler,TX,2023,107192,TX2120400,Tyler,110824,1.034,12,converted,full,482,2408,11,4.497,22.464,10.26,
135275,Tyler,TX,2024,109286,TX2120400,Tyler,111714,1.022,12,converted,full,443,2154,9,4.054,19.71,8.24,
176286,Waco,TX,2012,132356,TX1551200,Waco,128595,0.972,12,SRS,full,635,5844,6,4.798,44.154,4.53,
176286,Waco,TX,2013,132356,TX1551200,Waco,127570,0.964,12,SRS,full,515,5422,4,3.891,40.965,3.02,
176286,Waco,TX,2014,132356,TX1551200,Waco,129944,0.982,12,SRS,full,576,5009,6,4.352,37.845,4.53,
176286,Waco,TX,2015,132356,TX1551200,Waco,131413,0.993,12,SRS,full,695,4913,22,5.251,37.12,16.62,
176286,Waco,TX,2016,132356,TX1551200,Waco,133790,1.011,12,SRS,full,695,4882,4,5.251,36.885,3.02,
176286,Waco,TX,2017,132356,TX1551200,Waco,135997,1.028,12,SRS,full,690,4889,5,5.213,36.938,3.78,
176286,Waco,TX,2018,132356,TX1551200,Waco,138091,1.043,12,SRS,full,755,4775,2,5.704,36.077,1.51,
176286,Waco,TX,2019,136436,TX1551200,Waco,139870,1.025,12,SRS,full,785,4538,11,5.754,33.261,8.06,
176286,Waco,TX,2020,139236,TX1551200,Waco,140870,1.012,12,SRS,full,908,4863,14,6.521,34.926,10.05,
176286,Waco,TX,2021,139236,TX1551200,Waco,143089,1.028,12,converted,full,1034,4781,15,7.426,34.337,10.77,
176286,Waco,TX,2022,141377,TX1551200,Waco,140911,0.997,12,converted,full,908,4566,14,6.423,32.297,9.9,
176286,Waco,TX,2023,139594,TX1551200,Waco,145741,1.044,12,converted,full,738,3865,12,5.287,27.687,8.6,
176286,Waco,TX,2024,143984,TX1551200,Waco,146270,1.016,12,converted,full,627,3117,8,4.355,21.648,5.56,
135295,Wichita Falls,TX,2012,104710,TX2430500,Wichita Falls,105488,1.007,12,SRS,full,475,5021,5,4.536,47.951,4.78,
135295,Wichita Falls,TX,2013,104710,TX2430500,Wichita Falls,104514,0.998,12,SRS,full,401,4558,7,3.83,43.53,6.69,
135295,Wichita Falls,TX,2014,104710,TX2430500,Wichita Falls,104949,1.002,12,SRS,full,426,4258,2,4.068,40.665,1.91,
135295,Wichita Falls,TX,2015,104710,TX2430500,Wichita Falls,105186,1.005,12,SRS,full,406,3821,1,3.877,36.491,0.96,
135295,Wichita Falls,TX,2016,104710,TX2430500,Wichita Falls,104685,1.0,12,SRS,full,445,3734,9,4.25,35.66,8.6,
135295,Wichita Falls,TX,2017,104710,TX2430500,Wichita Falls,104706,1.0,12,SRS,full,374,3257,4,3.572,31.105,3.82,
135295,Wichita Falls,TX,2018,104710,TX2430500,Wichita Falls,104738,1.0,12,SRS,full,387,3234,5,3.696,30.885,4.78,
135295,Wichita Falls,TX,2019,104747,TX2430500,Wichita Falls,104551,0.998,12,SRS,full,364,3183,4,3.475,30.388,3.82,
135295,Wichita Falls,TX,2020,104683,TX2430500,Wichita Falls,104673,1.0,12,SRS,full,405,3265,9,3.869,31.189,8.6,
135295,Wichita Falls,TX,2021,104683,TX2430500,Wichita Falls,105468,1.007,12,converted,full,605,3217,9,5.779,30.731,8.6,
135295,Wichita Falls,TX,2022,105405,TX2430500,Wichita Falls,103337,0.98,12,converted,full,494,2926,14,4.687,27.76,13.28,
135295,Wichita Falls,TX,2023,102988,TX2430500,Wichita Falls,102740,0.998,12,converted,full,511,2602,4,4.962,25.265,3.88,
135295,Wichita Falls,TX,2024,102664,TX2430500,Wichita Falls,102762,1.001,12,converted,full,370,2712,9,3.604,26.416,8.77,
176517,Provo,UT,2012,115264,UT0250600,Provo,116879,1.014,12,SRS,full,151,2471,0,1.31,21.438,0.0,
176517,Provo,UT,2013,115264,UT0250600,Provo,116937,1.015,12,SRS,full,166,2828,1,1.44,24.535,0.87,
176517,Provo,UT,2014,115264,UT0250600,Provo,117158,1.016,12,SRS,full,154,2234,1,1.336,19.382,0.87,
176517,Provo,UT,2015,115264,UT0250600,Provo,115294,1.0,12,SRS,full,153,2375,0,1.327,20.605,0.0,
176517,Provo,UT,2016,115264,UT0250600,Provo,115739,1.004,12,SRS,full,149,2717,2,1.293,23.572,1.74,
176517,Provo,UT,2017,115264,UT0250600,Provo,117540,1.02,12,SRS,full,165,2041,1,1.431,17.707,0.87,
176517,Provo,UT,2018,115264,UT0250600,Provo,117986,1.024,12,SRS,full,209,2093,2,1.813,18.158,1.74,
176517,Provo,UT,2019,117335,UT0250600,Provo,117189,0.999,12,SRS,full,135,1771,1,1.151,15.094,0.85,
176517,Provo,UT,2020,116618,UT0250600,Provo,117041,1.004,12,SRS,full,167,1879,0,1.432,16.112,0.0,
176517,Provo,UT,2021,116618,UT0250600,Provo,116642,1.0,12,converted,full,142,1575,0,1.218,13.506,0.0,
176517,Provo,UT,2022,116295,UT0250600,Provo,114120,0.981,12,converted,full,172,1600,0,1.479,13.758,0.0,
176517,Provo,UT,2023,114084,UT0250600,Provo,112743,0.988,12,converted,full,198,1543,0,1.736,13.525,0.0,
176517,Provo,UT,2024,113523,UT0250600,Provo,112763,0.993,12,converted,full,232,1434,2,2.044,12.632,1.76,
176492,Salt Lake,UT,2012,192672,UT0180300,Salt Lake City,192465,0.999,12,SRS,full,1302,14762,8,6.758,76.617,4.15,
176492,Salt Lake,UT,2013,192672,UT0180300,Salt Lake City,190246,0.987,12,SRS,full,1487,15451,7,7.718,80.193,3.63,
176492,Salt Lake,UT,2014,192672,UT0180300,Salt Lake City,192368,0.998,12,SRS,full,1452,16276,7,7.536,84.475,3.63,
176492,Salt Lake,UT,2015,192672,UT0180300,Salt Lake City,191992,0.996,12,SRS,full,1649,17961,8,8.559,93.221,4.15,
176492,Salt Lake,UT,2016,192672,UT0180300,Salt Lake City,193918,1.006,12,SRS,full,1784,16503,12,9.259,85.653,6.23,
176492,Salt Lake,UT,2017,192672,UT0180300,Salt Lake City,194968,1.012,12,SRS,full,1735,15735,8,9.005,81.667,4.15,
176492,Salt Lake,UT,2018,192672,UT0180300,Salt Lake City,202633,1.052,12,SRS,full,1491,12559,13,7.739,65.183,6.75,
176492,Salt Lake,UT,2019,200544,UT0180300,Salt Lake City,202426,1.009,12,SRS,full,1468,11495,12,7.32,57.319,5.98,
176492,Salt Lake,UT,2020,200567,UT0180300,Salt Lake City,202187,1.008,12,SRS,full,1896,14911,20,9.453,74.344,9.97,
176492,Salt Lake,UT,2021,200567,UT0180300,Salt Lake City,205929,1.027,12,converted,full,2007,14103,15,10.007,70.316,7.48,
176492,Salt Lake,UT,2022,204087,UT0180300,Salt Lake City,201373,0.987,12,converted,full,2003,12970,14,9.814,63.551,6.86,
176492,Salt Lake,UT,2023,200478,UT0180300,Salt Lake City,206692,1.031,12,converted,full,1824,11718,16,9.098,58.45,7.98,
176492,Salt Lake,UT,2024,204657,UT0180300,Salt Lake City,212675,1.039,12,converted,full,1867,11133,11,9.123,54.398,5.37,
184202,St George,UT,2012,80202,UT0270100,St. George,75780,0.945,12,SRS,full,156,1578,0,1.945,19.675,0.0,
184202,St George,UT,2013,80202,UT0270100,St. George,76427,0.953,12,SRS,full,138,1751,1,1.721,21.832,1.25,
184202,St George,UT,2014,80202,UT0270100,St. George,77838,0.971,12,SRS,full,113,1518,0,1.409,18.927,0.0,
184202,St George,UT,2015,80202,UT0270100,St. George,79984,0.997,12,SRS,full,117,1406,0,1.459,17.531,0.0,
184202,St George,UT,2016,80202,UT0270100,St. George,81755,1.019,12,SRS,full,160,1466,0,1.995,18.279,0.0,
184202,St George,UT,2017,80202,UT0270100,St. George,84007,1.047,12,SRS,full,106,1114,0,1.322,13.89,0.0,
184202,St George,UT,2018,80202,UT0270100,St. George,86202,1.075,12,SRS,full,193,1386,3,2.406,17.281,3.74,
184202,St George,UT,2019,84405,UT0270100,St. George,89160,1.056,12,SRS,full,180,1396,2,2.133,16.539,2.37,
184202,St George,UT,2020,89587,UT0270100,St. George,91673,1.023,12,SRS,full,188,1213,4,2.099,13.54,4.46,
184202,St George,UT,2021,89587,UT0270100,St. George,94601,1.056,12,converted,full,223,1245,3,2.489,13.897,3.35,
184202,St George,UT,2022,92378,UT0270100,St. George,104158,1.128,12,converted,full,202,1234,5,2.187,13.358,5.41,
184202,St George,UT,2023,99958,UT0270100,St. George,105930,1.06,12,converted,full,185,1165,1,1.851,11.655,1.0,
184202,St George,UT,2024,102519,UT0270100,St. George,107595,1.05,12,converted,full,228,1084,2,2.224,10.574,1.95,
114311,West Jordan,UT,2012,111946,UT0180600,West Jordan,107103,0.957,12,SRS,full,206,2989,2,1.84,26.7,1.79,
114311,West Jordan,UT,2013,111946,UT0180600,West Jordan,109831,0.981,12,SRS,full,198,2734,0,1.769,24.422,0.0,
114311,West Jordan,UT,2014,111946,UT0180600,West Jordan,111618,0.997,12,SRS,full,213,2075,0,1.903,18.536,0.0,
114311,West Jordan,UT,2015,111946,UT0180600,West Jordan,112687,1.007,12,SRS,full,307,3430,0,2.742,30.64,0.0,
114311,West Jordan,UT,2016,111946,UT0180600,West Jordan,113595,1.015,12,SRS,full,312,3651,1,2.787,32.614,0.89,
114311,West Jordan,UT,2017,111946,UT0180600,West Jordan,115390,1.031,12,SRS,full,298,3541,3,2.662,31.631,2.68,
114311,West Jordan,UT,2018,111946,UT0180600,West Jordan,115392,1.031,12,SRS,full,302,3051,1,2.698,27.254,0.89,
114311,West Jordan,UT,2019,113905,UT0180600,West Jordan,117644,1.033,12,SRS,full,270,2557,1,2.37,22.449,0.88,
114311,West Jordan,UT,2020,116480,UT0180600,West Jordan,117955,1.013,12,SRS,full,299,2989,4,2.567,25.661,3.43,
114311,West Jordan,UT,2021,116480,UT0180600,West Jordan,117862,1.012,12,converted,full,314,2454,4,2.696,21.068,3.43,
114311,West Jordan,UT,2022,116530,UT0180600,West Jordan,115900,0.995,12,converted,full,417,2504,5,3.578,21.488,4.29,
114311,West Jordan,UT,2023,116541,UT0180600,West Jordan,116485,1.0,12,converted,full,374,2098,0,3.209,18.002,0.0,
114311,West Jordan,UT,2024,116664,UT0180600,West Jordan,114211,0.979,12,converted,full,342,1561,0,2.931,13.38,0.0,break_low
176495,West Valley,UT,2012,136208,UT0182500,West Valley,133725,0.982,12,SRS,full,602,5614,1,4.42,41.216,0.73,
176495,West Valley,UT,2013,136208,UT0182500,West Valley,133373,0.979,12,SRS,full,708,6582,4,5.198,48.323,2.94,
176495,West Valley,UT,2014,136208,UT0182500,West Valley,134590,0.988,12,SRS,full,636,5984,1,4.669,43.933,0.73,
176495,West Valley,UT,2015,136208,UT0182500,West Valley,135744,0.997,12,SRS,full,768,6201,8,5.638,45.526,5.87,
176495,West Valley,UT,2016,136208,UT0182500,West Valley,137558,1.01,12,SRS,full,820,6436,10,6.02,47.251,7.34,
176495,West Valley,UT,2017,136208,UT0182500,West Valley,137762,1.011,12,SRS,full,819,5853,8,6.013,42.971,5.87,
176495,West Valley,UT,2018,136208,UT0182500,West Valley,137132,1.007,12,SRS,full,964,4938,8,7.077,36.253,5.87,
176495,West Valley,UT,2019,136170,UT0182500,West Valley,137269,1.008,12,SRS,full,964,4388,11,7.079,32.224,8.08,
176495,West Valley,UT,2020,135248,UT0182500,West Valley,135887,1.005,12,SRS,full,718,4525,6,5.309,33.457,4.44,
176495,West Valley,UT,2021,135248,UT0182500,West Valley,134329,0.993,12,converted,full,730,4161,5,5.397,30.766,3.7,
176495,West Valley,UT,2022,133894,UT0182500,West Valley,138020,1.031,12,converted,full,610,3957,11,4.556,29.553,8.22,
176495,West Valley,UT,2023,139110,UT0182500,West Valley,135023,0.971,12,converted,full,607,2914,6,4.363,20.947,4.31,break_low
176495,West Valley,UT,2024,136650,UT0182500,West Valley,132686,0.971,12,converted,full,627,2455,9,4.588,17.966,6.59,break_low
209712,Alexandria,VA,2012,153511,VA0990000,Alexandria,145892,0.95,12,SRS,full,244,3033,0,1.589,19.758,0.0,
209712,Alexandria,VA,2013,153511,VA0990000,Alexandria,148519,0.967,12,SRS,full,258,2981,5,1.681,19.419,3.26,
209712,Alexandria,VA,2014,153511,VA0990000,Alexandria,151065,0.984,12,SRS,full,280,2983,4,1.824,19.432,2.61,
209712,Alexandria,VA,2015,153511,VA0990000,Alexandria,152710,0.995,12,SRS,full,313,2868,4,2.039,18.683,2.61,
209712,Alexandria,VA,2016,153511,VA0990000,Alexandria,155319,1.012,12,SRS,full,288,2840,7,1.876,18.5,4.56,
209712,Alexandria,VA,2017,153511,VA0990000,Alexandria,158256,1.031,12,SRS,full,270,2514,5,1.759,16.377,3.26,
209712,Alexandria,VA,2018,153511,VA0990000,Alexandria,162588,1.059,12,SRS,full,265,2502,4,1.726,16.299,2.61,
209712,Alexandria,VA,2019,160035,VA0990000,Alexandria,162258,1.014,12,SRS,full,296,2487,2,1.85,15.54,1.25,
209712,Alexandria,VA,2020,159428,VA0990000,Alexandria,161525,1.013,12,SRS,full,300,2803,3,1.882,17.582,1.88,
209712,Alexandria,VA,2021,159428,VA0990000,Alexandria,160457,1.006,12,converted,full,340,2685,2,2.133,16.841,1.25,
209712,Alexandria,VA,2022,158726,VA0990000,Alexandria,150957,0.951,12,converted,full,286,2962,7,1.802,18.661,4.41,
209712,Alexandria,VA,2023,154706,VA0990000,Alexandria,153897,0.995,12,converted,full,397,3763,7,2.566,24.324,4.52,
209712,Alexandria,VA,2024,155525,VA0990000,Alexandria,155153,0.998,12,converted,full,402,4159,3,2.585,26.742,1.93,
114563,Chesapeake,VA,2012,235429,VA1030000,Chesapeake,227531,0.966,12,SRS,full,841,6364,12,3.572,27.032,5.1,
114563,Chesapeake,VA,2013,235429,VA1030000,Chesapeake,230577,0.979,12,SRS,full,741,6238,8,3.147,26.496,3.4,
114563,Chesapeake,VA,2014,235429,VA1030000,Chesapeake,232489,0.988,12,SRS,full,999,6429,10,4.243,27.308,4.25,
114563,Chesapeake,VA,2015,235429,VA1030000,Chesapeake,235273,0.999,12,SRS,full,973,5918,11,4.133,25.137,4.67,
114563,Chesapeake,VA,2016,235429,VA1030000,Chesapeake,236570,1.005,12,SRS,full,975,6033,14,4.141,25.626,5.95,
114563,Chesapeake,VA,2017,235429,VA1030000,Chesapeake,240119,1.02,12,SRS,full,1015,5492,11,4.311,23.328,4.67,
114563,Chesapeake,VA,2018,235429,VA1030000,Chesapeake,242310,1.029,12,SRS,full,988,5252,7,4.197,22.308,2.97,
114563,Chesapeake,VA,2019,240397,VA1030000,Chesapeake,243726,1.014,12,SRS,full,1131,5574,7,4.705,23.187,2.91,
114563,Chesapeake,VA,2020,244835,VA1030000,Chesapeake,247118,1.009,12,SRS,full,1042,4471,16,4.256,18.261,6.54,
114563,Chesapeake,VA,2021,244835,VA1030000,Chesapeake,249188,1.018,12,converted,full,1170,4324,25,4.779,17.661,10.21,
114563,Chesapeake,VA,2022,247011,VA1030000,Chesapeake,253745,1.027,12,converted,full,1071,5132,25,4.336,20.776,10.12,
114563,Chesapeake,VA,2023,251269,VA1030000,Chesapeake,254051,1.011,12,converted,full,1076,4696,9,4.282,18.689,3.58,
114563,Chesapeake,VA,2024,252488,VA1030000,Chesapeake,257248,1.019,12,converted,full,889,4516,12,3.521,17.886,4.75,
136056,Hampton,VA,2012,136454,VA1110000,Hampton,137905,1.011,12,SRS,full,336,4681,12,2.462,34.305,8.79,
136056,Hampton,VA,2013,136454,VA1110000,Hampton,136949,1.004,12,SRS,full,293,4482,23,2.147,32.846,16.86,
136056,Hampton,VA,2014,136454,VA1110000,Hampton,136590,1.001,12,SRS,full,349,4441,10,2.558,32.546,7.33,
136056,Hampton,VA,2015,136454,VA1110000,Hampton,136381,0.999,12,SRS,full,380,4493,16,2.785,32.927,11.73,
136056,Hampton,VA,2016,136454,VA1110000,Hampton,135504,0.993,12,SRS,full,438,4661,20,3.21,34.158,14.66,
136056,Hampton,VA,2017,136454,VA1110000,Hampton,134929,0.989,12,SRS,full,410,4380,17,3.005,32.099,12.46,
136056,Hampton,VA,2018,136454,VA1110000,Hampton,133965,0.982,12,SRS,full,324,3780,14,2.374,27.702,10.26,
136056,Hampton,VA,2019,134669,VA1110000,Hampton,133173,0.989,12,SRS,full,387,3953,15,2.874,29.353,11.14,
136056,Hampton,VA,2020,134510,VA1110000,Hampton,134082,0.997,12,SRS,full,358,3347,24,2.662,24.883,17.84,
136056,Hampton,VA,2021,134510,VA1110000,Hampton,135107,1.004,12,converted,full,394,3445,29,2.929,25.611,21.56,
136056,Hampton,VA,2022,135464,VA1110000,Hampton,138843,1.025,12,converted,full,381,4050,21,2.813,29.897,15.5,
136056,Hampton,VA,2023,137746,VA1110000,Hampton,138533,1.006,12,converted,full,395,4162,27,2.868,30.215,19.6,
136056,Hampton,VA,2024,138037,VA1110000,Hampton,138100,1.0,12,converted,full,343,3993,15,2.485,28.927,10.87,
176784,Newport News,VA,2012,182385,VA1160000,Newport News,181591,0.996,12,SRS,full,757,5753,21,4.151,31.543,11.51,
176784,Newport News,VA,2013,182385,VA1160000,Newport News,181074,0.993,12,SRS,full,796,5601,15,4.364,30.71,8.22,
176784,Newport News,VA,2014,182385,VA1160000,Newport News,182374,1.0,12,SRS,full,782,5552,25,4.288,30.441,13.71,
176784,Newport News,VA,2015,182385,VA1160000,Newport News,182975,1.003,12,SRS,full,799,5631,25,4.381,30.874,13.71,
176784,Newport News,VA,2016,182385,VA1160000,Newport News,181676,0.996,12,SRS,full,858,5596,31,4.704,30.682,17.0,
176784,Newport News,VA,2017,182385,VA1160000,Newport News,181738,0.996,12,SRS,full,918,5550,26,5.033,30.43,14.26,
176784,Newport News,VA,2018,182385,VA1160000,Newport News,178734,0.98,12,SRS,full,974,5176,24,5.34,28.38,13.16,
176784,Newport News,VA,2019,179388,VA1160000,Newport News,177319,0.988,12,SRS,full,1073,4512,25,5.981,25.152,13.94,
176784,Newport News,VA,2020,179225,VA1160000,Newport News,178896,0.998,12,SRS,full,1132,3685,25,6.316,20.561,13.95,
176784,Newport News,VA,2021,179225,VA1160000,Newport News,178662,0.997,12,converted,full,1191,3576,30,6.645,19.953,16.74,
176784,Newport News,VA,2022,179062,VA1160000,Newport News,183903,1.027,12,converted,full,1149,4222,31,6.417,23.578,17.31,
176784,Newport News,VA,2023,184587,VA1160000,Newport News,183600,0.995,12,converted,full,1620,4644,47,8.776,25.159,25.46,
176784,Newport News,VA,2024,184306,VA1160000,Newport News,183563,0.996,12,converted,full,1371,4460,23,7.439,24.199,12.48,
136057,Norfolk,VA,2012,246393,VA1170000,Norfolk,245303,0.996,12,SRS,full,1343,11475,34,5.451,46.572,13.8,
136057,Norfolk,VA,2013,246393,VA1170000,Norfolk,247303,1.004,12,SRS,full,1432,10861,29,5.812,44.08,11.77,
136057,Norfolk,VA,2014,246393,VA1170000,Norfolk,247078,1.003,12,SRS,full,1285,9696,31,5.215,39.352,12.58,
136057,Norfolk,VA,2015,246393,VA1170000,Norfolk,245400,0.996,12,SRS,full,1345,9059,28,5.459,36.766,11.36,
136057,Norfolk,VA,2016,246393,VA1170000,Norfolk,245734,0.997,12,SRS,full,1620,9641,45,6.575,39.129,18.26,
136057,Norfolk,VA,2017,246393,VA1170000,Norfolk,245190,0.995,12,SRS,full,1383,9232,34,5.613,37.469,13.8,
136057,Norfolk,VA,2018,246393,VA1170000,Norfolk,244347,0.992,12,SRS,full,1152,8513,37,4.675,34.55,15.02,
136057,Norfolk,VA,2019,244703,VA1170000,Norfolk,242813,0.992,12,SRS,full,1343,8456,38,5.488,34.556,15.53,
136057,Norfolk,VA,2020,242742,VA1170000,Norfolk,242516,0.999,12,SRS,full,1570,6669,51,6.468,27.474,21.01,
136057,Norfolk,VA,2021,242742,VA1170000,Norfolk,242488,0.999,12,converted,full,1814,7853,64,7.473,32.351,26.37,
136057,Norfolk,VA,2022,242803,VA1170000,Norfolk,233419,0.961,12,converted,full,1665,11449,62,6.857,47.153,25.54,
136057,Norfolk,VA,2023,235089,VA1170000,Norfolk,230849,0.982,12,converted,full,1252,8870,43,5.326,37.73,18.29,
136057,Norfolk,VA,2024,232995,VA1170000,Norfolk,230460,0.989,12,converted,full,1104,8747,37,4.738,37.542,15.88,
194178,Richmond,VA,2012,220289,VA1220000,Richmond,207799,0.943,12,SRS,full,1352,9127,44,6.137,41.432,19.97,
194178,Richmond,VA,2013,220289,VA1220000,Richmond,212830,0.966,12,SRS,full,1325,8734,37,6.015,39.648,16.8,
194178,Richmond,VA,2014,220289,VA1220000,Richmond,216747,0.984,12,SRS,full,1264,8426,43,5.738,38.25,19.52,
194178,Richmond,VA,2015,220289,VA1220000,Richmond,220802,1.002,12,SRS,full,1161,8691,43,5.27,39.453,19.52,
194178,Richmond,VA,2016,220289,VA1220000,Richmond,222430,1.01,12,SRS,full,1265,8078,57,5.742,36.67,25.88,
194178,Richmond,VA,2017,220289,VA1220000,Richmond,226236,1.027,12,SRS,full,1227,8243,66,5.57,37.419,29.96,
194178,Richmond,VA,2018,220289,VA1220000,Richmond,229927,1.044,12,SRS,full,1196,8834,53,5.429,40.102,24.06,
194178,Richmond,VA,2019,227032,VA1220000,Richmond,230721,1.016,12,SRS,full,1071,8081,56,4.717,35.594,24.67,
194178,Richmond,VA,2020,230436,VA1220000,Richmond,233350,1.013,12,SRS,full,824,6848,66,3.576,29.718,28.64,
194178,Richmond,VA,2021,230436,VA1220000,Richmond,234928,1.019,12,converted,full,879,6461,89,3.815,28.038,38.62,
194178,Richmond,VA,2022,232226,VA1220000,Richmond,227323,0.979,12,converted,full,823,7818,59,3.544,33.665,25.41,
194178,Richmond,VA,2023,226604,VA1220000,Richmond,230789,1.018,12,converted,full,927,8676,64,4.091,38.287,28.24,
194178,Richmond,VA,2024,229395,VA1220000,Richmond,231805,1.011,12,converted,full,809,7477,56,3.527,32.594,24.41,
202751,Virginia Beach,VA,2012,452745,VA1280000,Virginia Beach,447588,0.989,12,SRS,full,751,11763,21,1.659,25.982,4.64,
202751,Virginia Beach,VA,2013,452745,VA1280000,Virginia Beach,450687,0.995,12,SRS,full,738,11269,17,1.63,24.89,3.75,
202751,Virginia Beach,VA,2014,452745,VA1280000,Virginia Beach,451102,0.996,12,SRS,full,667,9865,17,1.473,21.789,3.75,
202751,Virginia Beach,VA,2015,452745,VA1280000,Virginia Beach,452797,1.0,12,SRS,full,644,10029,19,1.422,22.152,4.2,
202751,Virginia Beach,VA,2016,452745,VA1280000,Virginia Beach,453017,1.001,12,SRS,full,702,9888,21,1.551,21.84,4.64,
202751,Virginia Beach,VA,2017,452745,VA1280000,Virginia Beach,454353,1.004,12,SRS,full,629,8819,14,1.389,19.479,3.09,
202751,Virginia Beach,VA,2018,452745,VA1280000,Virginia Beach,451001,0.996,12,SRS,full,578,7868,16,1.277,17.378,3.53,
202751,Virginia Beach,VA,2019,450435,VA1280000,Virginia Beach,449038,0.997,12,SRS,full,582,7964,30,1.292,17.681,6.66,
202751,Virginia Beach,VA,2020,449974,VA1280000,Virginia Beach,450858,1.002,12,SRS,full,459,6894,17,1.02,15.321,3.78,
202751,Virginia Beach,VA,2021,449974,VA1280000,Virginia Beach,451938,1.004,12,converted,full,515,7120,14,1.145,15.823,3.11,
202751,Virginia Beach,VA,2022,451231,VA1280000,Virginia Beach,457556,1.014,12,converted,full,441,8001,22,0.977,17.731,4.88,
202751,Virginia Beach,VA,2023,457672,VA1280000,Virginia Beach,453991,0.992,12,converted,full,554,7859,23,1.21,17.172,5.03,
202751,Virginia Beach,VA,2024,455618,VA1280000,Virginia Beach,455155,0.999,12,converted,full,440,7533,15,0.966,16.534,3.29,
114624,Bellevue,WA,2012,139820,WA0170200,Bellevue,126022,0.901,12,SRS,full,161,3503,2,1.151,25.054,1.43,
114624,Bellevue,WA,2013,139820,WA0170200,Bellevue,127678,0.913,12,SRS,full,125,3949,1,0.894,28.243,0.72,
114624,Bellevue,WA,2014,139820,WA0170200,Bellevue,135449,0.969,12,SRS,full,146,4606,2,1.044,32.942,1.43,
114624,Bellevue,WA,2015,139820,WA0170200,Bellevue,138532,0.991,12,SRS,full,155,4359,2,1.109,31.176,1.43,
114624,Bellevue,WA,2016,139820,WA0170200,Bellevue,142238,1.017,12,SRS,full,139,4648,0,0.994,33.243,0.0,
114624,Bellevue,WA,2017,139820,WA0170200,Bellevue,143703,1.028,12,SRS,full,152,4173,0,1.087,29.846,0.0,
114624,Bellevue,WA,2018,139820,WA0170200,Bellevue,146913,1.051,12,SRS,full,200,4337,0,1.43,31.018,0.0,
114624,Bellevue,WA,2019,144444,WA0170200,Bellevue,150200,1.04,12,SRS,full,187,4281,1,1.295,29.638,0.69,
114624,Bellevue,WA,2020,148164,WA0170200,Bellevue,150548,1.016,12,SRS,full,180,4558,4,1.215,30.763,2.7,
114624,Bellevue,WA,2021,148164,WA0170200,Bellevue,150208,1.014,12,converted,full,190,5265,2,1.282,35.535,1.35,
114624,Bellevue,WA,2022,148073,WA0170200,Bellevue,147079,0.993,12,converted,full,235,5582,2,1.587,37.698,1.35,
114624,Bellevue,WA,2023,149440,WA0170200,Bellevue,153291,1.026,12,converted,full,233,5295,0,1.559,35.432,0.0,
114624,Bellevue,WA,2024,152767,WA0170200,Bellevue,151520,0.992,12,converted,full,212,5106,1,1.388,33.423,0.65,
176873,Everett,WA,2012,108010,WA0310300,Everett,105318,0.975,12,SRS,full,481,6416,1,4.453,59.402,0.93,
176873,Everett,WA,2013,108010,WA0310300,Everett,105129,0.973,12,SRS,full,443,6865,1,4.101,63.559,0.93,
176873,Everett,WA,2014,108010,WA0310300,Everett,105911,0.981,12,SRS,full,364,6947,2,3.37,64.318,1.85,
176873,Everett,WA,2015,108010,WA0310300,Everett,107633,0.997,12,SRS,full,423,6217,5,3.916,57.559,4.63,
176873,Everett,WA,2016,108010,WA0310300,Everett,108988,1.009,12,SRS,full,490,5609,1,4.537,51.93,0.93,
176873,Everett,WA,2017,108010,WA0310300,Everett,110040,1.019,12,SRS,full,521,5128,5,4.824,47.477,4.63,
176873,Everett,WA,2018,108010,WA0310300,Everett,111091,1.029,12,SRS,full,387,4698,5,3.583,43.496,4.63,
176873,Everett,WA,2019,110079,WA0310300,Everett,112302,1.02,12,SRS,full,351,3974,6,3.189,36.101,5.45,
176873,Everett,WA,2020,111475,WA0310300,Everett,112439,1.009,12,SRS,full,392,3768,4,3.516,33.801,3.59,
176873,Everett,WA,2021,111475,WA0310300,Everett,113469,1.018,12,converted,full,366,4649,4,3.283,41.704,3.59,
176873,Everett,WA,2022,112482,WA0310300,Everett,110694,0.984,12,converted,full,497,4843,12,4.418,43.056,10.67,
176873,Everett,WA,2023,110812,WA0310300,Everett,111566,1.007,12,converted,full,443,4693,11,3.998,42.351,9.93,
176873,Everett,WA,2024,111337,WA0310300,Everett,111276,0.999,12,converted,full,302,3633,9,2.712,32.631,8.08,
205590,Kent,WA,2012,126952,WA0170700,Kent,122102,0.962,12,SRS,full,543,5468,2,4.277,43.071,1.58,
205590,Kent,WA,2013,126952,WA0170700,Kent,124359,0.98,12,SRS,full,320,5608,2,2.521,44.174,1.58,
205590,Kent,WA,2014,126952,WA0170700,Kent,125837,0.991,12,SRS,full,362,6272,3,2.851,49.404,2.36,
205590,Kent,WA,2015,126952,WA0170700,Kent,127259,1.002,12,SRS,full,339,6177,5,2.67,48.656,3.94,
205590,Kent,WA,2016,126952,WA0170700,Kent,128604,1.013,12,SRS,full,375,7531,6,2.954,59.322,4.73,
205590,Kent,WA,2017,126952,WA0170700,Kent,128990,1.016,12,SRS,full,466,6919,7,3.671,54.501,5.51,
205590,Kent,WA,2018,126952,WA0170700,Kent,129870,1.023,12,SRS,full,459,5959,6,3.616,46.939,4.73,
205590,Kent,WA,2019,128458,WA0170700,Kent,131003,1.02,12,SRS,full,493,5213,4,3.838,40.581,3.11,
205590,Kent,WA,2020,132319,WA0170700,Kent,133883,1.012,12,SRS,full,471,5408,7,3.56,40.871,5.29,
205590,Kent,WA,2021,132319,WA0170700,Kent,131899,0.997,12,converted,full,531,6457,12,4.013,48.799,9.07,
205590,Kent,WA,2022,130676,WA0170700,Kent,133066,1.018,12,converted,full,612,7374,9,4.683,56.43,6.89,
205590,Kent,WA,2023,134835,WA0170700,Kent,133312,0.989,12,converted,full,741,6802,17,5.496,50.447,12.61,
205590,Kent,WA,2024,134392,WA0170700,Kent,132324,0.985,12,converted,full,651,4962,7,4.844,36.922,5.21,
136110,Renton,WA,2012,100242,WA0171300,Renton,93722,0.935,12,SRS,full,288,4603,2,2.873,45.919,2.0,
136110,Renton,WA,2013,100242,WA0171300,Renton,96657,0.964,12,SRS,full,256,4953,3,2.554,49.41,2.99,
136110,Renton,WA,2014,100242,WA0171300,Renton,98240,0.98,12,SRS,full,229,5230,4,2.284,52.174,3.99,
136110,Renton,WA,2015,100242,WA0171300,Renton,100015,0.998,12,SRS,full,300,5804,4,2.993,57.9,3.99,
136110,Renton,WA,2016,100242,WA0171300,Renton,101908,1.017,12,SRS,full,341,5769,4,3.402,57.551,3.99,
136110,Renton,WA,2017,100242,WA0171300,Renton,102470,1.022,12,SRS,full,331,5139,3,3.302,51.266,2.99,
136110,Renton,WA,2018,100242,WA0171300,Renton,102749,1.025,12,SRS,full,342,4957,5,3.412,49.45,4.99,
136110,Renton,WA,2019,101379,WA0171300,Renton,103452,1.02,12,SRS,full,336,4257,2,3.314,41.991,1.97,
136110,Renton,WA,2020,101751,WA0171300,Renton,102856,1.011,12,SRS,full,350,4390,6,3.44,43.145,5.9,
136110,Renton,WA,2021,101751,WA0171300,Renton,102458,1.007,12,converted,full,334,4487,3,3.283,44.098,2.95,
136110,Renton,WA,2022,101494,WA0171300,Renton,103619,1.021,12,converted,full,393,4885,8,3.872,48.131,7.88,
136110,Renton,WA,2023,105179,WA0171300,Renton,102742,0.977,12,converted,full,432,4764,7,4.107,45.294,6.66,
136110,Renton,WA,2024,104047,WA0171300,Renton,103762,0.997,12,converted,full,357,4053,6,3.431,38.954,5.77,
184255,Seattle,WA,2012,684451,WASPD0000,Seattle,626865,0.916,12,SRS,full,3782,32319,25,5.526,47.219,3.65,
184255,Seattle,WA,2013,684451,WASPD0000,Seattle,642814,0.939,12,SRS,full,3760,35964,18,5.493,52.544,2.63,
184255,Seattle,WA,2014,684451,WASPD0000,Seattle,663410,0.969,12,SRS,full,4005,40771,26,5.851,59.567,3.8,
184255,Seattle,WA,2015,684451,WASPD0000,Seattle,683700,0.999,12,SRS,full,4090,37745,24,5.976,55.146,3.51,
184255,Seattle,WA,2016,684451,WASPD0000,Seattle,700313,1.023,12,SRS,full,4301,38442,17,6.284,56.165,2.48,
184255,Seattle,WA,2017,684451,WASPD0000,Seattle,721365,1.054,12,SRS,full,4470,37513,24,6.531,54.807,3.51,
184255,Seattle,WA,2018,684451,WASPD0000,Seattle,742759,1.085,12,SRS,full,5026,38247,25,7.343,55.88,3.65,
184255,Seattle,WA,2019,724745,WASPD0000,Seattle,763706,1.054,12,SRS,full,5012,37282,30,6.916,51.442,4.14,
184255,Seattle,WA,2020,753675,WASPD0000,Seattle,771517,1.024,12,SRS,full,4896,37802,50,6.496,50.157,6.63,
184255,Seattle,WA,2021,753675,WASPD0000,Seattle,787749,1.045,12,converted,full,5964,40525,43,7.913,53.77,5.71,
184255,Seattle,WA,2022,769714,WASPD0000,Seattle,729691,0.948,12,converted,full,6198,41967,55,8.052,54.523,7.15,
184255,Seattle,WA,2023,733919,WASPD0000,Seattle,753786,1.027,12,converted,full,5935,38054,68,8.087,51.85,9.27,
184255,Seattle,WA,2024,749256,WASPD0000,Seattle,760058,1.014,12,converted,full,5967,38665,51,7.964,51.605,6.81,
205599,Spokane,WA,2012,213272,WA0320400,Spokane,212163,0.995,12,SRS,full,1369,18522,13,6.419,86.847,6.1,
205599,Spokane,WA,2013,213272,WA0320400,Spokane,209524,0.982,12,SRS,full,1365,19531,11,6.4,91.578,5.16,
205599,Spokane,WA,2014,213272,WA0320400,Spokane,211025,0.989,12,SRS,full,1156,18062,10,5.42,84.69,4.69,
205599,Spokane,WA,2015,213272,WA0320400,Spokane,212698,0.997,12,SRS,full,1111,15971,12,5.209,74.886,5.63,
205599,Spokane,WA,2016,213272,WA0320400,Spokane,214028,1.004,12,SRS,full,1280,16459,8,6.002,77.174,3.75,
205599,Spokane,WA,2017,213272,WA0320400,Spokane,217066,1.018,12,SRS,full,1384,15732,6,6.489,73.765,2.81,
205599,Spokane,WA,2018,213272,WA0320400,Spokane,218222,1.023,12,SRS,full,1769,15503,11,8.295,72.691,5.16,
205599,Spokane,WA,2019,217108,WA0320400,Spokane,220432,1.015,12,SRS,full,1548,13122,6,7.13,60.44,2.76,
205599,Spokane,WA,2020,222081,WA0320400,Spokane,223524,1.006,12,SRS,full,1375,11593,21,6.191,52.202,9.46,
205599,Spokane,WA,2021,222081,WA0320400,Spokane,223344,1.006,12,converted,full,1494,10817,15,6.727,48.707,6.75,
205599,Spokane,WA,2022,222050,WA0320400,Spokane,229292,1.033,12,converted,full,1566,13258,18,7.052,59.707,8.11,
205599,Spokane,WA,2023,229071,WA0320400,Spokane,230648,1.007,12,converted,full,1664,12603,18,7.264,55.018,7.86,
205599,Spokane,WA,2024,230160,WA0320400,Spokane,229529,0.997,12,converted,full,1566,11190,16,6.804,48.618,6.95,
213591,Spokane Valley,WA,2012,94919,WA0321500,Spokane Valley,91164,0.96,12,SRS,full,196,4805,1,2.065,50.622,1.05,
213591,Spokane Valley,WA,2013,94919,WA0321500,Spokane Valley,90835,0.957,12,SRS,full,231,5313,1,2.434,55.974,1.05,
213591,Spokane Valley,WA,2014,94919,WA0321500,Spokane Valley,91382,0.963,12,SRS,full,297,5245,3,3.129,55.258,3.16,
213591,Spokane Valley,WA,2015,94919,WA0321500,Spokane Valley,92157,0.971,12,SRS,full,235,4779,0,2.476,50.348,0.0,
213591,Spokane Valley,WA,2016,94919,WA0321500,Spokane Valley,95923,1.011,12,SRS,full,271,5296,5,2.855,55.795,5.27,
213591,Spokane Valley,WA,2017,94919,WA0321500,Spokane Valley,97430,1.026,12,SRS,full,221,4494,2,2.328,47.346,2.11,
213591,Spokane Valley,WA,2018,94919,WA0321500,Spokane Valley,99020,1.043,12,SRS,full,347,4192,1,3.656,44.164,1.05,
213591,Spokane Valley,WA,2019,97847,WA0321500,Spokane Valley,100983,1.032,12,SRS,full,316,4480,1,3.23,45.786,1.02,
213591,Spokane Valley,WA,2020,101060,WA0321500,Spokane Valley,102366,1.013,12,SRS,full,349,4410,3,3.453,43.637,2.97,
213591,Spokane Valley,WA,2021,101060,WA0321500,Spokane Valley,104276,1.032,12,converted,full,314,4077,9,3.107,40.342,8.91,
213591,Spokane Valley,WA,2022,102893,WA0321500,Spokane Valley,108076,1.05,12,converted,full,366,4424,3,3.557,42.996,2.92,
213591,Spokane Valley,WA,2023,105905,WA0321500,Spokane Valley,109278,1.032,12,converted,full,340,3798,3,3.21,35.862,2.83,
213591,Spokane Valley,WA,2024,107325,WA0321500,Spokane Valley,109852,1.024,12,converted,full,268,3885,1,2.497,36.198,0.93,
176868,Tacoma,WA,2012,207948,WA0270300,Tacoma,202646,0.975,12,SRS,full,1631,13076,12,7.843,62.881,5.77,
176868,Tacoma,WA,2013,207948,WA0270300,Tacoma,203226,0.977,12,SRS,full,1768,13359,10,8.502,64.242,4.81,
176868,Tacoma,WA,2014,207948,WA0270300,Tacoma,204722,0.984,12,SRS,full,1634,12778,13,7.858,61.448,6.25,
176868,Tacoma,WA,2015,207948,WA0270300,Tacoma,206884,0.995,12,SRS,full,1698,13127,12,8.166,63.126,5.77,
176868,Tacoma,WA,2016,207948,WA0270300,Tacoma,209914,1.009,12,SRS,full,2003,13781,13,9.632,66.271,6.25,
176868,Tacoma,WA,2017,207948,WA0270300,Tacoma,213504,1.027,12,SRS,full,1735,11926,10,8.343,57.351,4.81,
176868,Tacoma,WA,2018,207948,WA0270300,Tacoma,215687,1.037,12,SRS,full,1891,11362,17,9.094,54.639,8.18,
176868,Tacoma,WA,2019,213418,WA0270300,Tacoma,218650,1.025,12,SRS,full,1864,11556,17,8.734,54.147,7.97,
176868,Tacoma,WA,2020,217827,WA0270300,Tacoma,220123,1.011,12,SRS,full,1874,12281,29,8.603,56.38,13.31,
176868,Tacoma,WA,2021,217827,WA0270300,Tacoma,222235,1.02,12,converted,full,2640,15084,32,12.12,69.248,14.69,
176868,Tacoma,WA,2022,219945,WA0270300,Tacoma,219027,0.996,12,converted,full,3533,18771,40,16.063,85.344,18.19,break_high
176868,Tacoma,WA,2023,219205,WA0270300,Tacoma,222828,1.017,12,converted,full,2769,16482,27,12.632,75.19,12.32,
176868,Tacoma,WA,2024,221776,WA0270300,Tacoma,223980,1.01,12,converted,full,2384,12647,20,10.75,57.026,9.02,
176816,Vancouver,WA,2012,172860,WA0060300,Vancouver,166375,0.962,12,SRS,full,592,6478,5,3.425,37.475,2.89,
176816,Vancouver,WA,2013,172860,WA0060300,Vancouver,166535,0.963,12,SRS,full,593,5933,2,3.431,34.323,1.16,
176816,Vancouver,WA,2014,172860,WA0060300,Vancouver,168688,0.976,12,SRS,full,580,5260,7,3.355,30.429,4.05,
176816,Vancouver,WA,2015,172860,WA0060300,Vancouver,171076,0.99,12,SRS,full,671,5555,2,3.882,32.136,1.16,
176816,Vancouver,WA,2016,172860,WA0060300,Vancouver,174912,1.012,12,SRS,full,674,5534,0,3.899,32.014,0.0,
176816,Vancouver,WA,2017,172860,WA0060300,Vancouver,176884,1.023,12,SRS,full,640,5467,9,3.702,31.627,5.21,
176816,Vancouver,WA,2018,172860,WA0060300,Vancouver,177580,1.027,12,SRS,full,833,5865,3,4.819,33.929,1.74,
176816,Vancouver,WA,2019,175673,WA0060300,Vancouver,185034,1.053,12,SRS,full,891,6005,3,5.072,34.183,1.71,
176816,Vancouver,WA,2020,184463,WA0060300,Vancouver,186440,1.011,12,SRS,full,916,7122,5,4.966,38.609,2.71,
176816,Vancouver,WA,2021,184463,WA0060300,Vancouver,188160,1.02,12,converted,full,1123,9358,12,6.088,50.731,6.51,
176816,Vancouver,WA,2022,186192,WA0060300,Vancouver,193273,1.038,12,converted,full,1273,11080,9,6.837,59.508,4.83,break_high
176816,Vancouver,WA,2023,192169,WA0060300,Vancouver,196159,1.021,12,converted,full,1306,8882,7,6.796,46.22,3.64,break_high
176816,Vancouver,WA,2024,194512,WA0060300,Vancouver,198194,1.019,12,converted,full,1163,6795,10,5.979,34.934,5.14,
177090,Green Bay,WI,2012,105207,WI0050200,Green Bay,106080,1.008,12,SRS,full,521,2992,3,4.952,28.439,2.85,
177090,Green Bay,WI,2013,105207,WI0050200,Green Bay,105107,0.999,12,SRS,full,504,2681,2,4.791,25.483,1.9,
177090,Green Bay,WI,2014,105207,WI0050200,Green Bay,104979,0.998,12,SRS,full,522,2314,3,4.962,21.995,2.85,
177090,Green Bay,WI,2015,105207,WI0050200,Green Bay,105119,0.999,12,SRS,full,438,2245,2,4.163,21.339,1.9,
177090,Green Bay,WI,2016,105207,WI0050200,Green Bay,105452,1.002,12,SRS,full,508,2310,4,4.829,21.957,3.8,
177090,Green Bay,WI,2017,105207,WI0050200,Green Bay,105331,1.001,12,SRS,full,507,2158,0,4.819,20.512,0.0,
177090,Green Bay,WI,2018,105207,WI0050200,Green Bay,105281,1.001,12,SRS,full,488,1807,1,4.638,17.176,0.95,
177090,Green Bay,WI,2019,105116,WI0050200,Green Bay,104992,0.999,12,SRS,full,531,1731,3,5.052,16.468,2.85,
177090,Green Bay,WI,2020,104578,WI0050200,Green Bay,104649,1.001,12,SRS,full,560,1612,6,5.355,15.414,5.74,
177090,Green Bay,WI,2021,104578,WI0050200,Green Bay,103826,0.993,12,converted,full,497,1640,3,4.752,15.682,2.87,
177090,Green Bay,WI,2022,103836,WI0050200,Green Bay,106916,1.03,12,converted,full,458,1851,6,4.411,17.826,5.78,
177090,Green Bay,WI,2023,107015,WI0050200,Green Bay,105521,0.986,12,converted,full,410,1624,6,3.831,15.175,5.61,
177090,Green Bay,WI,2024,106095,WI0050200,Green Bay,105240,0.992,12,converted,full,528,1397,2,4.977,13.167,1.89,
209777,Madison,WI,2012,248951,WI0130100,Madison,237508,0.954,12,SRS,full,898,7765,3,3.607,31.191,1.21,
209777,Madison,WI,2013,248951,WI0130100,Madison,242523,0.974,12,SRS,full,885,7732,5,3.555,31.058,2.01,
209777,Madison,WI,2014,248951,WI0130100,Madison,245788,0.987,12,SRS,full,846,6989,5,3.398,28.074,2.01,
209777,Madison,WI,2015,248951,WI0130100,Madison,248833,1.0,12,SRS,full,891,6915,6,3.579,27.777,2.41,
209777,Madison,WI,2016,248951,WI0130100,Madison,252136,1.013,12,SRS,full,835,6936,8,3.354,27.861,3.21,
209777,Madison,WI,2017,248951,WI0130100,Madison,255850,1.028,12,SRS,full,961,6816,10,3.86,27.379,4.02,
209777,Madison,WI,2018,248951,WI0130100,Madison,258455,1.038,12,SRS,full,1011,6691,5,4.061,26.877,2.01,
209777,Madison,WI,2019,255214,WI0130100,Madison,261270,1.024,12,SRS,full,949,6472,4,3.718,25.359,1.57,
209777,Madison,WI,2020,259680,WI0130100,Madison,262736,1.012,12,SRS,full,856,7322,10,3.296,28.196,3.85,
209777,Madison,WI,2021,259680,WI0130100,Madison,266199,1.025,12,converted,full,828,6722,10,3.189,25.886,3.85,
209777,Madison,WI,2022,263094,WI0130100,Madison,269546,1.025,12,converted,full,828,6496,7,3.147,24.691,2.66,
209777,Madison,WI,2023,269196,WI0130100,Madison,274234,1.019,12,converted,full,833,6449,10,3.094,23.957,3.71,
209777,Madison,WI,2024,272903,WI0130100,Madison,282045,1.033,12,converted,full,732,5307,7,2.682,19.446,2.57,
136562,Milwaukee,WI,2012,600155,WIMPD0000,Milwaukee,599395,0.999,12,SRS,full,7932,30443,93,13.217,50.725,15.5,
136562,Milwaukee,WI,2013,600155,WIMPD0000,Milwaukee,600805,1.001,12,SRS,full,8194,27014,104,13.653,45.012,17.33,
136562,Milwaukee,WI,2014,600155,WIMPD0000,Milwaukee,600374,1.0,12,SRS,full,8914,27547,86,14.853,45.9,14.33,
136562,Milwaukee,WI,2015,600155,WIMPD0000,Milwaukee,600400,1.0,12,SRS,full,9589,25638,146,15.978,42.719,24.33,
136562,Milwaukee,WI,2016,600155,WIMPD0000,Milwaukee,600193,1.0,12,SRS,full,9204,24393,141,15.336,40.645,23.49,
136562,Milwaukee,WI,2017,600155,WIMPD0000,Milwaukee,595168,0.992,12,SRS,full,9505,22576,119,15.838,37.617,19.83,
136562,Milwaukee,WI,2018,600155,WIMPD0000,Milwaukee,595619,0.992,12,SRS,full,8496,17931,100,14.156,29.877,16.66,
136562,Milwaukee,WI,2019,595351,WIMPD0000,Milwaukee,590923,0.993,12,SRS,full,7967,15209,97,13.382,25.546,16.29,
136562,Milwaukee,WI,2020,590157,WIMPD0000,Milwaukee,589105,0.998,12,SRS,full,9548,16390,192,16.179,27.772,32.53,
136562,Milwaukee,WI,2021,590157,WIMPD0000,Milwaukee,593337,1.005,12,converted,full,9611,25088,194,16.285,42.511,32.87,
136562,Milwaukee,WI,2022,589067,WIMPD0000,Milwaukee,561743,0.954,12,converted,full,8678,18486,214,14.732,31.382,36.33,
136562,Milwaukee,WI,2023,569330,WIMPD0000,Milwaukee,558698,0.981,12,converted,full,8393,15566,174,14.742,27.341,30.56,
136562,Milwaukee,WI,2024,563305,WIMPD0000,Milwaukee,560416,0.995,12,converted,full,8139,15353,137,14.449,27.255,24.32,
