pid,census_raw_id,city,state,fips_place,fiscal_year,population,population_year,full_census_year,total_expenditure_usd,general_expenditure_usd,direct_general_expenditure_usd,general_ex_education_usd,education_usd,county_like_functions_usd,police_usd,police_current_ops_usd,police_capital_usd,fire_usd,fire_current_ops_usd,fire_capital_usd,police_intergov_usd,fire_intergov_usd,enterprise_usd,health_usd,core_municipal_expenditure_usd,police_flags,fire_flags,unit_imputed_share,n_items,record_complete,police_pct_general,police_pct_total,police_pct_general_ex_edu,police_pct_core,fire_pct_general,fire_pct_total,fire_pct_general_ex_edu,fire_pct_core,police_fire_pct_general,police_fire_pct_total,police_fire_pct_general_ex_edu,police_fire_pct_core
100091,01205100100000,Montgomery,AL,51000,2012,200602,2016,True,223512000,218227000,209381000,218227000,0,0,43617000,43617000,0,31842000,31842000,0,0,0,0,0,218227000,R,R,0.0,63,True,19.99,19.51,19.99,19.99,14.59,14.25,14.59,14.59,34.58,33.76,34.58,34.58
100249,03200700300000,Chandler,AZ,12000,2012,260828,2016,True,307146000,266641000,266641000,266641000,0,0,58144000,56322000,1822000,26242000,26242000,0,0,0,1942000,0,264699000,R,R,0.0,53,True,21.81,18.93,21.81,21.97,9.84,8.54,9.84,9.91,31.65,27.47,31.65,31.88
100250,03200700800000,Mesa,AZ,46000,2012,471825,2016,True,781905000,601217000,601217000,601217000,0,3490000,157487000,149789000,7698000,76111000,62353000,13758000,0,0,8590000,0,589137000,R,R,0.0,92,True,26.19,20.14,26.19,26.73,12.66,9.73,12.66,12.92,38.85,29.88,38.85,39.65
100251,03200750200000,Surprise,AZ,71510,2012,128422,2016,True,121649000,106848000,106848000,106848000,0,0,20310000,20310000,0,10152000,10152000,0,0,0,0,0,106848000,R,I,0.153,46,True,19.01,16.7,19.01,19.01,9.5,8.35,9.5,9.5,28.51,25.04,28.51,28.51
100435,04206000400000,Little Rock,AR,41000,2012,197992,2016,True,369844000,357571000,357571000,357571000,0,0,55425000,55102000,323000,39865000,39863000,2000,0,0,39090000,21310000,297171000,R,R,0.0,85,True,15.5,14.99,15.5,18.65,11.15,10.78,11.15,13.41,26.65,25.76,26.65,32.07
100689,05201904800000,West Covina,CA,84200,2012,108484,2016,True,93401000,91871000,91871000,91871000,0,0,29082000,28439000,643000,16366000,16359000,7000,0,0,0,2363000,89508000,R,R,0.0,54,True,31.66,31.14,31.66,32.49,17.81,17.52,17.81,18.28,49.47,48.66,49.47,50.78
100709,05203000900000,Huntington Beach,CA,36000,2012,201899,2016,True,282772000,244968000,244968000,244968000,0,0,70807000,70807000,0,33714000,33167000,547000,0,0,546000,4627000,239795000,R,R,0.0,68,True,28.9,25.04,28.9,29.53,13.76,11.92,13.76,14.06,42.67,36.96,42.67,43.59
100711,05203001600000,Santa Ana,CA,69000,2012,335400,2016,True,442530000,391762000,391762000,391762000,0,0,118581000,118485000,96000,53253000,53007000,246000,0,0,0,11473000,380289000,R,R,0.0,71,True,30.27,26.8,30.27,31.18,13.59,12.03,13.59,14.0,43.86,38.83,43.86,45.19
100719,05203320100000,Murrieta,CA,50076,2012,109830,2016,True,83136000,83136000,83127000,83136000,0,0,24440000,22788000,1652000,0,0,0,0,0,0,0,83136000,R,-,0.0,52,True,29.4,29.4,29.4,29.4,0.0,0.0,0.0,0.0,29.4,29.4,29.4,29.4
100745,05204301200000,San Jose,CA,68000,2012,1026908,2016,True,1451627000,1409190000,1390508000,1409190000,0,0,251179000,216928000,34251000,122185000,113368000,8817000,0,0,91135000,1835000,1316220000,R,R,0.0,99,True,17.82,17.3,17.82,19.08,8.67,8.42,8.67,9.28,26.49,25.72,26.49,28.37
100750,05204800300000,Fairfield,CA,23182,2012,112970,2016,True,168007000,120793000,119856000,120793000,0,0,32459000,32459000,0,14164000,14164000,0,0,0,0,1145000,119648000,R,R,0.0,60,True,26.87,19.32,26.87,27.13,11.73,8.43,11.73,11.84,38.6,27.75,38.6,38.97
101409,06203500300000,Fort Collins,CO,27425,2012,161175,2016,True,368388000,232930000,212761000,232930000,0,0,31780000,30760000,1020000,0,0,0,97000,18994000,85000,0,232845000,R,-,0.017,76,True,13.64,8.63,13.64,13.65,0.0,0.0,0.0,0.0,13.64,8.63,13.64,13.65
101696,07200500800000,Waterbury,CT,80000,2012,108802,2016,True,637845000,626168000,616996000,261419000,364749000,3684000,30149000,30149000,0,19427000,19143000,284000,0,0,0,3056000,254679000,R,R,0.0,73,True,4.81,4.73,11.53,11.84,3.1,3.05,7.43,7.63,7.92,7.77,18.96,19.47
101927,10200600900000,Miramar,FL,45975,2012,137132,2016,True,153284000,135302000,135302000,135302000,0,0,40120000,39238000,882000,21177000,20392000,785000,0,0,0,0,135302000,R,R,0.0,71,True,29.65,26.17,29.65,29.65,15.65,13.82,15.65,15.65,45.3,39.99,45.3,45.3
101942,10201600300000,Jacksonville,FL,35000,2012,868031,2016,True,4040427000,1860110000,1737000000,1860110000,0,87362000,299212000,295052000,4160000,162641000,159766000,2875000,160000,0,134896000,61685000,1576167000,R,R,0.0,133,True,16.09,7.41,16.09,18.98,8.74,4.03,8.74,10.32,24.83,11.43,24.83,29.3
102163,11201100100000,Macon-Bibb County,GA,49008,2012,153515,2016,True,116622000,115343000,113233000,115343000,0,496000,23781000,21198000,2583000,25970000,23519000,2451000,0,0,1421000,497000,112929000,R,R,0.0,81,True,20.62,20.39,20.62,21.06,22.52,22.27,22.52,23.0,43.13,42.66,43.13,44.06
102716,14204500700000,Elgin,IL,23074,2012,112111,2016,True,146484000,125188000,125188000,125188000,0,0,34676000,33670000,1006000,21805000,21805000,0,0,0,0,0,125188000,R,R,0.0,63,True,27.7,23.67,27.7,27.7,17.42,14.89,17.42,17.42,45.12,38.56,45.12,45.12
102882,14210100600000,Rockford,IL,65000,2012,148276,2016,True,202201000,176645000,175661000,176645000,0,16873000,44711000,44711000,0,39508000,39508000,0,0,0,0,0,159772000,R,R,0.0,62,True,25.31,22.11,25.31,27.98,22.37,19.54,22.37,24.73,47.68,41.65,47.68,52.71
103799,15202900500000,Fishers,IN,23278,2012,88658,2016,True,55305000,55305000,55305000,55305000,0,0,7032000,6947000,85000,8212000,8177000,35000,0,0,0,0,55305000,R,R,0.0,47,True,12.71,12.71,12.71,12.71,14.85,14.85,14.85,14.85,27.56,27.56,27.56,27.56
106055,22200500500000,Lynn,MA,37490,2012,92457,2016,True,313431000,311673000,306541000,121453000,190220000,996000,16832000,16832000,0,16050000,16050000,0,0,0,0,70000,120387000,R,R,0.586,62,True,5.4,5.37,13.86,13.98,5.15,5.12,13.21,13.33,10.55,10.49,27.07,27.31
106061,22200700300000,Springfield,MA,67000,2012,154341,2016,True,705917000,703633000,697790000,241357000,462276000,2965000,38303000,38294000,9000,18874000,18874000,0,0,0,0,1366000,237026000,R,R,0.574,69,True,5.44,5.43,15.87,16.16,2.68,2.67,7.82,7.96,8.13,8.1,23.69,24.12
106079,22201400400000,Worcester,MA,82000,2012,184815,2016,True,754679000,726644000,712914000,335380000,391264000,0,41157000,40962000,195000,32170000,32142000,28000,0,0,0,195000,335185000,R,R,0.47,87,True,5.66,5.45,12.27,12.28,4.43,4.26,9.59,9.6,10.09,9.72,21.86,21.88
108127,27205600100000,Billings,MT,06550,2012,110263,2016,True,150128000,121352000,121352000,121352000,0,0,19518000,19000000,518000,15000000,15000000,0,0,0,13348000,769000,107235000,R,R,0.0,79,True,16.08,13.0,16.08,18.2,12.36,9.99,12.36,13.99,28.44,22.99,28.44,32.19
108910,29201600200000,Sparks,NV,68400,2012,96094,2016,True,85834000,85834000,85575000,85834000,0,0,19902000,19761000,141000,14258000,14161000,97000,0,0,0,0,85834000,R,R,0.0,48,True,23.19,23.19,23.19,23.19,16.61,16.61,16.61,16.61,39.8,39.8,39.8,39.8
109593,33206002800000,Yonkers,NY,84000,2012,201116,2016,True,989861000,967480000,960304000,460022000,507458000,0,82206000,81109000,1097000,55430000,55009000,421000,0,0,0,629000,459393000,R,R,0.501,74,True,8.5,8.3,17.87,17.89,5.73,5.6,12.05,12.07,14.23,13.9,29.92,29.96
110047,34201300100000,Concord,NC,14100,2012,87696,2016,True,206466000,107683000,107610000,107683000,0,0,17805000,16885000,920000,15003000,14630000,373000,0,0,11911000,32000,95740000,R,R,0.03,88,True,16.53,8.62,16.53,18.6,13.93,7.27,13.93,15.67,30.47,15.89,30.47,34.27
112811,40200400400000,Providence,RI,59000,2012,179207,2016,True,778142000,715726000,714866000,332177000,383549000,0,82196000,82196000,0,63077000,63077000,0,0,0,0,0,332177000,R,R,0.0,61,True,11.48,10.56,24.74,24.74,8.81,8.11,18.99,18.99,20.3,18.67,43.73,43.73
113634,44210800400000,Edinburg,TX,22660,2012,84497,2016,True,80951000,71068000,71068000,71068000,0,0,12619000,12355000,264000,3108000,3033000,75000,0,0,473000,1412000,69183000,R,R,0.0,72,True,17.76,15.59,17.76,18.24,4.37,3.84,4.37,4.49,22.13,19.43,22.13,22.73
114311,45201800900000,West Jordan,UT,82950,2012,111946,2016,True,72407000,59004000,59004000,59004000,0,0,13176000,13176000,0,8603000,8603000,0,0,0,0,0,59004000,R,R,0.0,48,True,22.33,18.2,22.33,22.33,14.58,11.88,14.58,14.58,36.91,30.08,36.91,36.91
114563,47210570100000,Chesapeake,VA,16000,2012,235429,2016,True,915566000,865589000,855166000,396376000,469213000,65209000,39635000,39364000,271000,39160000,39157000,3000,0,0,1686000,28552000,300929000,R,R,0.0,106,True,4.58,4.33,10.0,13.17,4.52,4.28,9.88,13.01,9.1,8.61,19.88,26.18
114624,48201700400000,Bellevue,WA,05210,2012,139820,2016,True,287622000,252121000,245121000,252121000,0,2792000,28555000,28555000,0,15749000,15226000,523000,2032000,0,0,16253000,233076000,R,R,0.025,77,True,11.33,9.93,11.33,12.25,6.25,5.48,6.25,6.76,17.57,15.4,17.57,19.01
122748,03200700700000,Goodyear,AZ,28380,2012,79003,2016,True,91238000,78839000,78839000,78839000,0,0,13280000,13280000,0,11234000,11234000,0,0,0,0,0,78839000,R,R,0.0,46,True,16.84,14.56,16.84,16.84,14.25,12.31,14.25,14.25,31.09,26.87,31.09,31.09
123092,05200100300000,Berkeley,CA,06000,2012,120972,2016,True,300741000,300741000,300447000,300623000,118000,0,54430000,54316000,114000,26557000,25868000,689000,0,0,0,34292000,266331000,R,R,0.0,70,True,18.1,18.1,18.11,20.44,8.83,8.83,8.83,9.97,26.93,26.93,26.94,30.41
123093,05200100900000,Oakland,CA,53000,2012,419267,2016,True,1312390000,1312390000,1312390000,1312390000,0,0,195195000,193257000,1938000,105324000,104241000,1083000,0,0,211575000,71048000,1029767000,R,R,0.0,89,True,14.87,14.87,14.87,18.96,8.03,8.03,8.03,10.23,22.9,22.9,22.9,29.18
123096,05200700100000,Antioch,CA,02252,2012,110542,2016,True,83176000,57911000,57182000,57911000,0,0,25261000,25251000,10000,0,0,0,0,0,0,1365000,56546000,R,-,0.0,59,True,43.62,30.37,43.62,44.67,0.0,0.0,0.0,0.0,43.62,30.37,43.62,44.67
123110,05201902200000,Inglewood,CA,36546,2012,111666,2016,True,182502000,161622000,161622000,161622000,0,0,31190000,31190000,0,10935000,10935000,0,0,0,0,2530000,159092000,R,R,0.0,68,True,19.3,17.09,19.3,19.61,6.77,5.99,6.77,6.87,26.06,23.08,26.06,26.48
123117,05201950600000,Norwalk,CA,52526,2012,107140,2016,True,84496000,67831000,67831000,67831000,0,0,13363000,13363000,0,0,0,0,0,0,0,4971000,62860000,R,-,0.0,55,True,19.7,15.81,19.7,21.26,0.0,0.0,0.0,0.0,19.7,15.81,19.7,21.26
123137,05203100500000,Roseville,CA,62938,2012,130269,2016,True,422754000,243401000,243401000,243401000,0,0,29184000,28694000,490000,25731000,23534000,2197000,0,0,0,0,243401000,R,R,0.0,80,True,11.99,6.9,11.99,11.99,10.57,6.09,10.57,10.57,22.56,12.99,22.56,22.56
123146,05203600900000,Rialto,CA,60466,2012,103132,2016,True,117430000,108901000,107124000,108458000,443000,0,25773000,24527000,1246000,9755000,9617000,138000,0,0,184000,4435000,103839000,R,R,0.0,66,True,23.67,21.95,23.76,24.82,8.96,8.31,8.99,9.39,32.62,30.25,32.76,34.21
123157,05204101200000,San Mateo,CA,68252,2012,103536,2016,True,148383000,148383000,145647000,148383000,0,0,28790000,28264000,526000,21432000,18510000,2922000,246000,229000,0,1896000,146487000,R,R,0.0,77,True,19.4,19.4,19.4,19.65,14.44,14.44,14.44,14.63,33.85,33.85,33.85,34.28
123165,05205400600000,Visalia,CA,82954,2012,130104,2016,True,157965000,143761000,143441000,143761000,0,0,28306000,28162000,144000,11772000,11756000,16000,0,0,1850000,0,141911000,R,R,0.0,71,True,19.69,17.92,19.69,19.95,8.19,7.45,8.19,8.3,27.88,25.37,27.88,28.24
124038,07200100100000,Bridgeport,CT,08000,2012,147629,2016,True,743572000,743572000,731564000,410782000,332790000,3339000,92163000,92163000,0,53913000,53913000,0,0,0,1142000,4055000,402246000,R,R,0.0,59,True,12.39,12.39,22.44,22.91,7.25,7.25,13.12,13.4,19.65,19.65,35.56,36.32
124214,09200100100000,Washington Dc,DC,50000,2012,672228,2016,True,11463220000,10765049000,10765049000,8393395000,2371654000,884278000,563763000,506149000,57614000,211472000,195385000,16087000,0,0,0,444072000,7065045000,R,R,0.0,158,True,5.24,4.92,6.72,7.98,1.96,1.84,2.52,2.99,7.2,6.76,9.24,10.97
124438,11202500300000,Savannah,GA,69000,2012,145674,2016,True,345080000,305005000,301172000,305005000,0,2092000,62497000,60750000,1747000,24572000,24140000,432000,0,0,27260000,0,275653000,R,R,0.0,99,True,20.49,18.11,20.49,22.67,8.06,7.12,8.06,8.91,28.55,25.23,28.55,31.59
126027,15202900300000,Carmel,IN,10342,2012,88713,2016,True,128933000,93799000,93799000,93799000,0,0,15059000,14969000,90000,17382000,17382000,0,0,0,0,0,93799000,R,R,0.0,62,True,16.05,11.68,16.05,16.05,18.53,13.48,18.53,18.53,34.59,25.16,34.59,34.59
126081,15207100800000,South Bend,IN,71000,2012,101516,2016,True,167092000,141542000,141494000,141542000,0,0,23837000,23757000,80000,19716000,19716000,0,0,0,0,483000,141059000,R,R,0.055,83,True,16.84,14.27,16.84,16.9,13.93,11.8,13.93,13.98,30.77,26.07,30.77,30.88
127810,19200900300000,Shreveport,LA,70000,2012,197204,2016,True,373364000,315248000,315248000,315248000,0,0,57303000,54966000,2337000,49907000,49135000,772000,0,0,15339000,0,299909000,R,R,0.0,91,True,18.18,15.35,18.18,19.11,15.83,13.37,15.83,16.64,34.01,28.71,34.01,35.75
128108,22201300100000,Boston,MA,07000,2012,667137,2016,True,3213947000,3015689000,2850673000,1913895000,1101794000,276095000,315766000,311312000,4454000,186331000,185620000,711000,0,0,0,14909000,1622891000,R,R,0.0,115,True,10.47,9.82,16.5,19.46,6.18,5.8,9.74,11.48,16.65,15.62,26.23,30.94
128309,23205001400000,Warren,MI,84000,2012,135358,2016,True,155570000,136729000,136729000,136729000,0,0,34857000,34810000,47000,19748000,19230000,518000,0,0,0,0,136729000,R,R,0.029,66,True,25.49,22.41,25.49,25.49,14.44,12.69,14.44,14.44,39.94,35.1,39.94,39.94
129295,25202500400000,Jackson,MS,36000,2012,170674,2016,True,242905000,210698000,210698000,210698000,0,3566000,32615000,28965000,3650000,21182000,19398000,1784000,0,0,26817000,1003000,179312000,R,R,0.0,82,True,15.48,13.43,15.48,18.19,10.05,8.72,10.05,11.81,25.53,22.15,25.53,30.0
129515,26204800500000,Independence,MO,35000,2012,117255,2016,True,353685000,195971000,195971000,195971000,0,3575000,29342000,29342000,0,17270000,17270000,0,0,0,0,3055000,189341000,R,R,0.0,70,True,14.97,8.3,14.97,15.5,8.81,4.88,8.81,9.12,23.79,13.18,23.79,24.62
130835,31200700900000,Newark,NJ,51000,2012,281944,2016,True,861894000,810622000,762126000,809150000,1472000,2233000,132018000,132012000,6000,71672000,71450000,222000,0,0,0,36774000,770143000,R,R,0.0,81,True,16.29,15.32,16.32,17.14,8.84,8.32,8.86,9.31,25.13,23.63,25.17,26.45
131239,33202800800000,Rochester,NY,63000,2012,209802,2016,True,1248429000,1222912000,1220663000,547907000,675005000,0,81362000,81275000,87000,45230000,45230000,0,0,0,0,1541000,546366000,R,R,0.511,76,True,6.65,6.52,14.85,14.89,3.7,3.62,8.26,8.28,10.35,10.14,23.1,23.17
131717,34202600100000,Fayetteville,NC,22920,2012,201963,2016,True,487651000,235093000,233634000,235093000,0,0,44395000,42203000,2192000,24828000,22293000,2535000,145000,0,10942000,0,224151000,R,R,0.026,107,True,18.88,9.1,18.88,19.81,10.56,5.09,10.56,11.08,29.44,14.2,29.44,30.88
131775,34209200200000,Cary,NC,10740,2012,159769,2016,True,246597000,209542000,209542000,209542000,0,0,22486000,21752000,734000,20458000,17792000,2666000,0,0,0,0,209542000,R,R,0.099,73,True,10.73,9.12,10.73,10.73,9.76,8.3,9.76,9.76,20.49,17.41,20.49,20.49
133222,38202000400000,Eugene,OR,23850,2012,163460,2016,True,534222000,254515000,252874000,254515000,0,0,46411000,45393000,1018000,31297000,30915000,382000,0,0,9747000,0,244768000,R,R,0.0,87,True,18.24,8.69,18.24,18.96,12.3,5.86,12.3,12.79,30.53,14.55,30.53,31.75
133470,39200205600000,Pittsburgh,PA,61000,2012,304391,2016,True,548857000,548857000,548857000,548857000,0,0,77243000,77243000,0,51539000,51539000,0,0,0,0,13828000,535029000,R,R,0.0,60,True,14.07,14.07,14.07,14.44,9.39,9.39,9.39,9.63,23.46,23.46,23.46,24.07
133602,39205100100000,Philadelphia,PA,60000,2012,1567442,2016,True,6446611000,5416858000,5342519000,5342519000,74339000,568416000,610112000,602460000,7652000,199311000,193277000,6034000,0,0,197803000,1357317000,3218983000,R,R,0.0,134,True,11.26,9.46,11.42,18.95,3.68,3.09,3.73,6.19,14.94,12.56,15.15,25.15
135095,44202050300000,Pearland,TX,56348,2012,108821,2016,True,139897000,115644000,115303000,115644000,0,949000,15472000,15082000,390000,5435000,3420000,2015000,0,0,0,4293000,110402000,R,R,0.0,72,True,13.38,11.06,13.38,14.01,4.7,3.89,4.7,4.92,18.08,14.94,18.08,18.94
135130,44205700400000,Carrollton,TX,13024,2012,133168,2016,True,141683000,119345000,119345000,119345000,0,0,20845000,20838000,7000,16666000,16642000,24000,0,0,0,2439000,116906000,R,R,0.0,57,True,17.47,14.71,17.47,17.83,13.96,11.76,13.96,14.26,31.43,26.48,31.43,32.09
135132,44205702000000,Mesquite,TX,47892,2012,144788,2016,True,185622000,164532000,164532000,164532000,0,0,30482000,30474000,8000,24365000,23521000,844000,0,0,1293000,1281000,161958000,R,R,0.0,63,True,18.53,16.42,18.53,18.82,14.81,13.13,14.81,15.04,33.34,29.55,33.34,33.86
135275,44221200500000,Tyler,TX,74144,2012,103700,2016,True,146365000,120149000,120149000,120149000,0,0,22245000,22245000,0,14892000,14892000,0,0,0,3078000,0,117071000,R,R,0.0,87,True,18.51,15.2,18.51,19.0,12.39,10.17,12.39,12.72,30.91,25.37,30.91,31.72
135285,44222600100000,San Angelo,TX,64472,2012,100450,2016,True,118876000,98622000,98622000,98622000,0,0,15576000,15454000,122000,17964000,13816000,4148000,0,0,2912000,3451000,92259000,R,R,0.0,77,True,15.79,13.1,15.79,16.88,18.22,15.11,18.22,19.47,34.01,28.21,34.01,36.35
135293,44224000100000,Laredo,TX,41464,2012,255473,2016,True,443119000,350852000,350013000,350852000,0,4274000,52646000,52595000,51000,38209000,38209000,0,0,0,22664000,14353000,309561000,R,R,0.0,101,True,15.01,11.88,15.01,17.01,10.89,8.62,10.89,12.34,25.9,20.5,25.9,29.35
135295,44224300400000,Wichita Falls,TX,79000,2012,104710,2016,True,156484000,113965000,113965000,113965000,0,0,20085000,19950000,135000,12751000,12751000,0,0,0,2575000,4647000,106743000,R,R,0.0,82,True,17.62,12.84,17.62,18.82,11.19,8.15,11.19,11.95,28.81,20.98,28.81,30.76
135298,44224600600000,Round Rock,TX,63500,2012,115997,2016,True,141725000,119493000,119493000,119493000,0,0,23328000,21994000,1334000,13664000,12782000,882000,0,0,0,788000,118705000,R,R,0.0,63,True,19.52,16.46,19.52,19.65,11.43,9.64,11.43,11.51,30.96,26.1,30.96,31.16
136056,47211500100000,Hampton,VA,35000,2012,136454,2016,True,516841000,516841000,515561000,281690000,235151000,31258000,26899000,26637000,262000,18915000,18191000,724000,0,0,0,4003000,246429000,R,R,0.0,95,True,5.2,5.2,9.55,10.92,3.66,3.66,6.71,7.68,8.86,8.86,16.26,18.59
136057,47212200100000,Norfolk,VA,57000,2012,246393,2016,True,1231538000,1153676000,1144483000,737744000,415932000,101463000,68217000,64784000,3433000,40619000,39945000,674000,0,0,31340000,37286000,567655000,R,R,0.0,127,True,5.91,5.54,9.25,12.02,3.52,3.3,5.51,7.16,9.43,8.84,14.75,19.17
136110,48201702000000,Renton,WA,57745,2012,100242,2016,True,175790000,161608000,159066000,161608000,0,28720000,19240000,19240000,0,19492000,19452000,40000,0,0,1593000,347000,130948000,R,R,0.0,78,True,11.91,10.94,11.91,14.69,12.06,11.09,12.06,14.89,23.97,22.03,23.97,29.58
136562,50204100900000,Milwaukee,WI,53000,2012,600155,2016,True,1088909000,1000483000,961852000,1000483000,0,5546000,256575000,253118000,3457000,112584000,109229000,3355000,0,0,143000,23918000,970876000,R,R,0.0,83,True,25.65,23.56,25.65,26.43,11.25,10.34,11.25,11.6,36.9,33.9,36.9,38.02
137232,05201940200000,Santa Clarita,CA,69088,2012,182371,2016,True,169273000,145645000,145645000,145645000,0,0,18878000,18878000,0,33000,33000,0,0,0,0,141000,145504000,R,R,0.0,55,True,12.96,11.15,12.96,12.97,0.02,0.02,0.02,0.02,12.98,11.17,12.98,13.0
137234,05203340200000,Temecula,CA,78120,2012,112011,2016,True,129652000,129652000,103809000,129652000,0,0,0,0,0,0,0,0,22503000,3340000,0,295000,129357000,-,-,0.0,51,False,,,,,,,,,,,,
160683,01204900400000,Mobile,AL,50000,2012,194288,2016,True,387098000,351519000,351519000,351519000,0,7539000,42444000,42444000,0,24720000,24720000,0,0,0,0,6108000,337872000,R,R,0.232,68,True,12.07,10.96,12.07,12.56,7.03,6.39,7.03,7.32,19.11,17.35,19.11,19.88
160723,01206300200000,Tuscaloosa,AL,77256,2012,98332,2016,True,188557000,163003000,147877000,150068000,12935000,983000,28432000,28275000,157000,18900000,18900000,0,0,0,845000,176000,148064000,R,R,0.058,76,True,17.44,15.08,18.95,19.2,11.59,10.02,12.59,12.76,29.04,25.1,31.54,31.97
160830,03200700200000,Buckeye,AZ,07940,2012,62138,2016,True,56329000,48165000,47946000,48165000,0,219000,9546000,9182000,364000,7876000,7876000,0,0,0,600000,0,47346000,R,R,0.152,51,True,19.82,16.95,19.82,20.16,16.35,13.98,16.35,16.63,36.17,30.93,36.17,36.8
160831,03200700500000,Gilbert,AZ,27400,2012,247542,2016,True,227683000,189633000,181914000,189633000,0,1383000,36055000,35938000,117000,21207000,20988000,219000,144000,0,0,0,188250000,R,R,0.0,71,True,19.01,15.84,19.01,19.15,11.18,9.31,11.18,11.27,30.2,25.15,30.2,30.42
160832,03200700900000,Peoria,AZ,54050,2012,171237,2016,True,196467000,169003000,159950000,168546000,457000,833000,29557000,28737000,820000,17532000,17504000,28000,0,0,0,0,167713000,R,R,0.0,77,True,17.49,15.04,17.54,17.62,10.37,8.92,10.4,10.45,27.86,23.97,27.94,28.08
160833,03200701200000,Tempe,AZ,73000,2012,175826,2016,True,362031000,272294000,272294000,272294000,0,0,66408000,62401000,4007000,28157000,28157000,0,0,0,0,0,272294000,R,R,0.0,56,True,24.39,18.34,24.39,24.39,10.34,7.78,10.34,10.34,34.73,26.12,34.73,34.73
160840,03201000200000,Tucson,AZ,77000,2012,531641,2016,True,847939000,608535000,608535000,608535000,0,0,133125000,133125000,0,77620000,77620000,0,0,0,43581000,0,564954000,R,R,0.0,72,True,21.88,15.7,21.88,23.56,12.76,9.15,12.76,13.74,34.63,24.85,34.63,37.3
161123,05200100600000,Hayward,CA,33000,2012,158289,2016,True,227619000,190472000,190472000,190472000,0,0,56991000,56991000,0,31084000,31084000,0,0,0,3241000,2116000,185115000,R,R,0.0,68,True,29.92,25.04,29.92,30.79,16.32,13.66,16.32,16.79,46.24,38.69,46.24,47.58
161130,05200400200000,Chico,CA,13014,2012,90316,2016,True,97430000,91851000,91728000,91851000,0,0,21657000,21326000,331000,13388000,12897000,491000,0,0,716000,232000,90903000,R,R,0.0,62,True,23.58,22.23,23.58,23.82,14.58,13.74,14.58,14.73,38.15,35.97,38.15,38.55
161132,05200700300000,Concord,CA,16000,2012,128667,2016,True,128313000,128313000,128313000,128313000,0,0,42862000,42205000,657000,0,0,0,0,0,0,0,128313000,R,-,0.0,55,True,33.4,33.4,33.4,33.4,0.0,0.0,0.0,0.0,33.4,33.4,33.4,33.4
161135,05200700900000,Richmond,CA,60620,2012,109708,2016,True,275817000,274286000,274286000,274286000,0,0,64448000,63817000,631000,22986000,22835000,151000,0,0,6462000,1424000,266400000,R,R,0.0,72,True,23.5,23.37,23.5,24.19,8.38,8.33,8.38,8.63,31.88,31.7,31.88,32.82
161169,05201901400000,El Monte,CA,22230,2012,116732,2016,True,96949000,92660000,84540000,92660000,0,0,22458000,21810000,648000,0,0,0,0,8120000,0,72000,92588000,R,-,0.0,59,True,24.24,23.16,24.24,24.26,0.0,0.0,0.0,0.0,24.24,23.16,24.24,24.26
161170,05201901700000,Glendale,CA,30000,2012,201020,2016,True,601860000,334413000,334413000,334413000,0,0,69521000,66848000,2673000,66361000,60104000,6257000,0,0,0,775000,333638000,R,R,0.0,78,True,20.79,11.55,20.79,20.84,19.84,11.03,19.84,19.89,40.63,22.58,40.63,40.73
161173,05201902600000,Long Beach,CA,43000,2012,474140,2016,True,1970303000,1760551000,1760551000,1760551000,0,0,201429000,197623000,3806000,62190000,61114000,1076000,0,0,423947000,52787000,1283817000,R,R,0.0,92,True,11.44,10.22,11.44,15.69,3.53,3.16,3.53,4.84,14.97,13.38,14.97,20.53
161174,05201902700000,Los Angeles,CA,44000,2012,3971883,2016,True,13570566000,8678060000,8676536000,8678060000,0,0,1699729000,1664697000,35032000,445927000,422475000,23452000,0,0,1971935000,228768000,6477357000,R,R,0.0,111,True,19.59,12.53,19.59,26.24,5.14,3.29,5.14,6.88,24.73,15.81,24.73,33.13
161179,05201903600000,Pomona,CA,58072,2012,153266,2016,True,242742000,201586000,201586000,201586000,0,0,40458000,39608000,850000,23506000,23110000,396000,0,0,0,0,201586000,R,R,0.0,67,True,20.07,16.67,20.07,20.07,11.66,9.68,11.66,11.66,31.73,26.35,31.73,31.73
161212,05202700800000,Salinas,CA,64224,2012,157380,2016,True,122582000,122574000,122574000,122574000,0,0,40810000,39908000,902000,18504000,17937000,567000,0,0,1716000,4413000,116445000,R,R,0.0,71,True,33.29,33.29,33.29,35.05,15.1,15.1,15.1,15.89,48.39,48.39,48.39,50.94
161218,05203000700000,Fullerton,CA,28000,2012,140847,2016,True,214630000,188750000,188750000,188750000,0,0,36021000,36011000,10000,16279000,16252000,27000,0,0,2079000,5759000,180912000,R,R,0.0,73,True,19.08,16.78,19.08,19.91,8.62,7.58,8.62,9.0,27.71,24.37,27.71,28.91
161220,05203001300000,Orange,CA,53980,2012,140992,2016,True,183350000,160598000,160598000,160598000,0,0,37034000,36934000,100000,15401000,15062000,339000,0,0,0,10826000,149772000,R,R,0.0,64,True,23.06,20.2,23.06,24.73,9.59,8.4,9.59,10.28,32.65,28.6,32.65,35.01
161229,05203090100000,Irvine,CA,36770,2012,256927,2016,True,296049000,295295000,293272000,295295000,0,0,55224000,55203000,21000,0,0,0,0,0,0,4813000,290482000,R,-,0.0,58,True,18.7,18.65,18.7,19.01,0.0,0.0,0.0,0.0,18.7,18.65,18.7,19.01
161238,05203340100000,Moreno Valley,CA,49270,2012,204198,2016,True,182664000,166682000,166682000,166682000,0,0,43493000,39789000,3704000,15978000,14121000,1857000,0,0,0,2177000,164505000,R,R,0.0,62,True,26.09,23.81,26.09,26.44,9.59,8.75,9.59,9.71,35.68,32.56,35.68,36.15
161241,05203400500000,Sacramento,CA,64000,2012,490712,2016,True,898136000,806341000,763933000,806341000,0,0,136069000,136046000,23000,87182000,84531000,2651000,0,0,0,17874000,788467000,R,R,0.0,92,True,16.87,15.15,16.87,17.26,10.81,9.71,10.81,11.06,27.69,24.86,27.69,28.31
161245,05203600400000,Fontana,CA,24680,2012,207460,2016,True,241770000,241424000,234239000,241424000,0,0,52728000,44820000,7908000,4981000,1284000,3697000,0,0,0,0,241424000,R,R,0.0,64,True,21.84,21.81,21.84,21.84,2.06,2.06,2.06,2.06,23.9,23.87,23.9,23.9
161246,05203600700000,Ontario,CA,53896,2012,171214,2016,True,328530000,290171000,290171000,290171000,0,0,71371000,64948000,6423000,35252000,33461000,1791000,0,0,0,1067000,289104000,R,R,0.0,69,True,24.6,21.72,24.6,24.69,12.15,10.73,12.15,12.19,36.74,32.45,36.74,36.88
161251,05203660100000,Rancho Cucamonga,CA,59451,2012,175236,2016,True,215521000,207720000,179326000,205358000,2362000,0,75000,0,75000,32254000,30841000,1413000,26032000,0,0,2897000,202461000,R,R,0.0,64,True,0.04,0.03,0.04,0.04,15.53,14.97,15.71,15.93,15.56,15.0,15.74,15.97
161252,05203670100000,Victorville,CA,82590,2012,122225,2016,True,163925000,130145000,116444000,130145000,0,0,17769000,17769000,0,0,0,0,0,11594000,9353000,534000,120258000,R,-,0.0,67,True,13.65,10.84,13.65,14.78,0.0,0.0,0.0,0.0,13.65,10.84,13.65,14.78
161254,05203700100000,Carlsbad,CA,11194,2012,113453,2016,True,196127000,160209000,160209000,160209000,0,0,28676000,27881000,795000,11033000,3784000,7249000,0,0,0,13187000,147022000,R,R,0.0,65,True,17.9,14.62,17.9,19.5,6.89,5.63,6.89,7.5,24.79,20.25,24.79,27.01
161255,05203700500000,Escondido,CA,22804,2012,151451,2016,True,185023000,135873000,135771000,135873000,0,0,36369000,35933000,436000,17255000,17255000,0,0,0,0,1436000,134437000,R,R,0.0,66,True,26.77,19.66,26.77,27.05,12.7,9.33,12.7,12.84,39.47,28.98,39.47,39.89
161256,05203700900000,Oceanside,CA,53322,2012,175691,2016,True,256735000,212867000,212867000,212867000,0,0,48243000,46417000,1826000,22628000,22628000,0,0,0,5359000,139000,207369000,R,R,0.0,73,True,22.66,18.79,22.66,23.26,10.63,8.81,10.63,10.91,33.29,27.6,33.29,34.18
161258,05203800100000,San Francisco And County,CA,67000,2012,864816,2016,True,7848619000,5703995000,5672507000,5703995000,0,1217486000,377911000,373449000,4462000,241079000,237749000,3330000,0,0,507951000,864566000,3113992000,R,R,0.0,127,True,6.63,4.81,6.63,12.14,4.23,3.07,4.23,7.74,10.85,7.89,10.85,19.88
161273,05204200400000,Santa Maria,CA,69196,2012,105093,2016,True,153952000,112614000,112614000,112614000,0,0,20860000,20644000,216000,13481000,8123000,5358000,0,0,0,0,112614000,R,R,0.0,65,True,18.52,13.55,18.52,18.52,11.97,8.76,11.97,11.97,30.49,22.31,30.49,30.49
161280,05204301300000,Santa Clara,CA,69084,2012,126215,2016,True,525373000,212339000,212339000,212339000,0,0,41914000,41914000,0,31613000,31389000,224000,0,0,0,4283000,208056000,R,R,0.0,69,True,19.74,7.98,19.74,20.15,14.89,6.02,14.89,15.19,34.63,14.0,34.63,35.34
161281,05204301400000,Sunnyvale,CA,77000,2012,151754,2016,True,284027000,261612000,260105000,260673000,939000,0,30954000,30915000,39000,27103000,27103000,0,0,0,0,1480000,259193000,R,R,0.0,74,True,11.83,10.9,11.87,11.94,10.36,9.54,10.4,10.46,22.19,20.44,22.27,22.4
161286,05204800600000,Vacaville,CA,81554,2012,96803,2016,True,175936000,155997000,155997000,155997000,0,0,26449000,25697000,752000,10126000,9423000,703000,0,0,0,6829000,149168000,R,R,0.0,72,True,16.95,15.03,16.95,17.73,6.49,5.76,6.49,6.79,23.45,20.79,23.45,24.52
161287,05204900400000,Santa Rosa,CA,70098,2012,174972,2016,True,306581000,250327000,250327000,250327000,0,0,43434000,43209000,225000,28612000,28416000,196000,0,0,0,2264000,248063000,R,R,0.0,75,True,17.35,14.17,17.35,17.51,11.43,9.33,11.43,11.53,28.78,23.5,28.78,29.04
161299,05205600300000,Oxnard,CA,54652,2012,207254,2016,True,399858000,305679000,305679000,305679000,0,0,68449000,63894000,4555000,22812000,21998000,814000,0,0,0,0,305679000,R,R,0.0,66,True,22.39,17.12,22.39,22.39,7.46,5.71,7.46,7.46,29.86,22.82,29.86,29.86
161300,05205600500000,San Buenaventura,CA,65042,2012,109708,2016,True,161107000,135493000,135493000,135493000,0,0,30299000,29875000,424000,15545000,15486000,59000,0,0,0,252000,135241000,R,R,0.0,69,True,22.36,18.81,22.36,22.4,11.47,9.65,11.47,11.49,33.83,28.46,33.83,33.9
161302,05205680100000,Simi Valley,CA,72016,2012,126788,2016,True,131737000,92497000,92497000,92497000,0,0,28575000,28530000,45000,0,0,0,0,0,0,1300000,91197000,R,-,0.0,66,True,30.89,21.69,30.89,31.33,0.0,0.0,0.0,0.0,30.89,21.69,30.89,31.33
161328,06200100600000,Thornton,CO,77290,2012,133451,2016,True,166027000,134047000,134047000,134047000,0,0,25600000,24653000,947000,11804000,11622000,182000,0,0,0,0,134047000,R,R,0.04,74,True,19.1,15.42,19.1,19.1,8.81,7.11,8.81,8.81,27.9,22.53,27.9,27.9
161337,06200700100000,Boulder,CO,07850,2012,107349,2016,True,225882000,210440000,210440000,210440000,0,0,45367000,45367000,0,16295000,15971000,324000,0,0,1688000,0,208752000,R,IR,0.091,64,True,21.56,20.08,21.56,21.73,7.74,7.21,7.74,7.81,29.3,27.3,29.3,29.54
161362,06202100200000,Colorado Springs,CO,16000,2012,456568,2016,True,1661146000,968394000,968394000,968394000,0,515359000,88661000,87416000,1245000,40725000,39988000,737000,0,0,32718000,1210000,419107000,R,R,0.0,77,True,9.16,5.34,9.16,21.15,4.21,2.45,4.21,9.72,13.36,7.79,13.36,30.87
161374,06203000100000,Arvada,CO,03455,2012,115368,2016,True,140005000,119162000,119162000,119162000,0,0,23555000,23555000,0,0,0,0,0,0,0,0,119162000,R,-,0.0,57,True,19.77,16.82,19.77,19.77,0.0,0.0,0.0,0.0,19.77,16.82,19.77,19.77
161376,06203080100000,Lakewood,CO,43000,2012,152597,2016,True,146583000,144573000,144573000,144573000,0,543000,40299000,39268000,1031000,0,0,0,0,0,0,1320000,142710000,R,-,0.0,78,True,27.87,27.49,27.87,28.24,0.0,0.0,0.0,0.0,27.87,27.49,27.87,28.24
161441,07200200200000,Hartford,CT,37000,2012,124006,2016,True,793704000,793704000,773590000,333563000,460141000,12817000,65414000,55009000,10405000,25806000,15401000,10405000,0,0,0,14200000,306546000,R,R,0.0,76,True,8.24,8.24,19.61,21.34,3.25,3.25,7.74,8.42,11.49,11.49,27.35,29.76
161447,07200500600000,New Haven,CT,52000,2012,130322,2016,True,805534000,805534000,796105000,374257000,431277000,0,37784000,37784000,0,31302000,31302000,0,0,0,87000,2876000,371294000,R,R,0.098,65,True,4.69,4.69,10.1,10.18,3.89,3.89,8.36,8.43,8.58,8.58,18.46,18.61
161572,10200100300000,Gainesville,FL,25175,2012,130128,2016,True,513550000,208167000,208167000,208167000,0,1362000,37500000,36347000,1153000,18908000,15568000,3340000,0,0,0,285000,206520000,R,R,0.0,116,True,18.01,7.3,18.01,18.16,9.08,3.68,9.08,9.16,27.1,10.98,27.1,27.31
161585,10200600400000,Fort Lauderdale,FL,24000,2012,178590,2016,True,437371000,357495000,357495000,357495000,0,0,98375000,97546000,829000,72112000,69461000,2651000,0,0,8134000,109000,349252000,R,R,0.0,79,True,27.52,22.49,27.52,28.17,20.17,16.49,20.17,20.65,47.69,38.98,47.69,48.81
161586,10200600700000,Hollywood,FL,32000,2012,149728,2016,True,312051000,276255000,276255000,276255000,0,0,69246000,66363000,2883000,46918000,45579000,1339000,0,0,0,0,276255000,R,R,0.0,74,True,25.07,22.19,25.07,25.07,16.98,15.04,16.98,16.98,42.05,37.23,42.05,42.05
161588,10200601100000,Pompano Beach,FL,58050,2012,107762,2016,True,223687000,202362000,202362000,202362000,0,0,37385000,37385000,0,20794000,19227000,1567000,0,0,1693000,14073000,186596000,R,R,0.026,79,True,18.47,16.71,18.47,20.04,10.28,9.3,10.28,11.14,28.75,26.01,28.75,31.18
161593,10200650900000,Pembroke Pines,FL,55775,2012,166611,2016,True,316906000,310658000,310658000,310658000,0,1668000,47639000,46104000,1535000,44948000,44394000,554000,0,0,0,0,308990000,R,R,0.0,80,True,15.33,15.03,15.33,15.42,14.47,14.18,14.47,14.55,29.8,29.22,29.8,29.96
161594,10200670100000,Davie,FL,16475,2012,100882,2016,True,147698000,98202000,98202000,98202000,0,0,35540000,34368000,1172000,24099000,22812000,1287000,0,0,0,0,98202000,R,R,0.017,61,True,36.19,24.06,36.19,36.19,24.54,16.32,24.54,24.54,60.73,40.38,60.73,60.73
161595,10200670200000,Coral Springs,FL,14400,2012,129485,2016,True,143457000,133071000,133071000,133071000,0,0,50304000,47421000,2883000,16381000,15801000,580000,0,0,0,8270000,124801000,R,R,0.11,74,True,37.8,35.07,37.8,40.31,12.31,11.42,12.31,13.13,50.11,46.48,50.11,53.43
161604,10201300800000,Hialeah,FL,30000,2012,237069,2016,True,225465000,207279000,207279000,207279000,0,0,47717000,47144000,573000,36764000,35487000,1277000,0,0,0,0,207279000,R,R,0.0,83,True,23.02,21.16,23.02,23.02,17.74,16.31,17.74,17.74,40.76,37.47,40.76,40.76
161633,10202900300000,Tampa,FL,71000,2012,369075,2016,True,709502000,634154000,634154000,634154000,0,0,151200000,136702000,14498000,74056000,71279000,2777000,0,0,0,0,634154000,R,R,0.0,90,True,23.84,21.31,23.84,23.84,11.68,10.44,11.68,11.68,35.52,31.75,35.52,35.52
161649,10203680100000,Cape Coral,FL,10275,2012,175229,2016,True,296154000,240601000,239761000,215619000,24982000,0,36233000,35941000,292000,26775000,26542000,233000,0,0,0,0,215619000,R,R,0.0,90,True,15.06,12.23,16.8,16.8,11.13,9.04,12.42,12.42,26.19,21.28,29.22,29.22
161650,10203700100000,Tallahassee,FL,70600,2012,189907,2016,True,730408000,370874000,370874000,370874000,0,0,48910000,48645000,265000,31598000,31594000,4000,0,0,17402000,0,353472000,R,R,0.0,95,True,13.19,6.7,13.19,13.84,8.52,4.33,8.52,8.94,21.71,11.02,21.71,22.78
161665,10204800900000,Orlando,FL,53000,2012,270934,2016,True,661283000,644793000,644793000,644793000,0,0,123681000,121975000,1706000,91085000,89941000,1144000,0,0,0,6738000,638055000,R,R,0.0,82,True,19.18,18.7,19.18,19.38,14.13,13.77,14.13,14.28,33.31,32.48,33.31,33.66
161679,10205002300000,West Palm Beach,FL,76600,2012,106779,2016,True,292360000,255397000,255397000,255397000,0,0,47876000,47747000,129000,29051000,28373000,678000,0,0,0,1747000,253650000,R,R,0.304,80,True,18.75,16.38,18.75,18.87,11.37,9.94,11.37,11.45,30.12,26.31,30.12,30.33
161693,10205202000000,St Petersburg,FL,63000,2012,257083,2016,True,457715000,403189000,403189000,403189000,0,0,88625000,88434000,191000,33397000,32117000,1280000,0,0,3983000,12315000,386891000,R,R,0.208,84,True,21.98,19.36,21.98,22.91,8.28,7.3,8.28,8.63,30.26,26.66,30.26,31.54
161710,10205650200000,Port St Lucie,FL,58715,2012,179413,2016,True,267850000,184506000,184506000,184506000,0,0,35016000,34743000,273000,0,0,0,0,0,0,1316000,183190000,R,-,0.282,70,True,18.98,13.07,18.98,19.11,0.0,0.0,0.0,0.0,18.98,13.07,18.98,19.11
161834,11202900100000,Athens-Clarke County Unified Government,GA,03436,2012,123912,2016,True,292175000,249354000,244353000,249354000,0,16100000,27346000,24313000,3033000,12332000,12324000,8000,0,0,2776000,12960000,217518000,R,R,0.0,91,True,10.97,9.36,10.97,12.57,4.95,4.22,4.95,5.67,15.91,13.58,15.91,18.24
161944,11210600200000,Columbus Consolidated Government,GA,19000,2012,200579,2016,True,387117000,362497000,346440000,362497000,0,41626000,48703000,44724000,3979000,26925000,26359000,566000,0,0,6203000,16381000,298287000,R,R,0.007,110,True,13.44,12.58,13.44,16.33,7.43,6.96,7.43,9.03,20.86,19.54,20.86,25.35
162035,13200100100000,Boise,ID,08830,2012,218281,2016,True,268079000,268079000,268079000,268079000,0,0,45150000,45150000,0,40706000,40706000,0,0,0,24500000,0,243579000,R,R,0.288,56,True,16.84,16.84,16.84,18.54,15.18,15.18,15.18,16.71,32.03,32.03,32.03,35.25
162037,13200100400000,Meridian,ID,52120,2012,90739,2016,True,50930000,42398000,42398000,42398000,0,0,11290000,10673000,617000,7985000,7503000,482000,0,0,0,0,42398000,R,R,0.272,37,True,26.63,22.17,26.63,26.63,18.83,15.68,18.83,18.83,45.46,37.85,45.46,45.46
162062,13201400400000,Nampa,ID,56260,2012,89839,2016,True,93051000,86952000,86952000,86952000,0,0,18561000,18405000,156000,10802000,10802000,0,0,0,1570000,532000,84850000,R,R,0.0,68,True,21.35,19.95,21.35,21.88,12.42,11.61,12.42,12.73,33.77,31.56,33.77,34.61
162236,14201601600000,Chicago,IL,14000,2012,2720546,2016,True,7747143000,7439104000,7439104000,7439104000,0,339669000,1336451000,1310079000,26372000,490251000,481102000,9149000,0,0,989872000,186712000,5922851000,R,R,0.0,115,True,17.97,17.25,17.97,22.56,6.59,6.33,6.59,8.28,24.56,23.58,24.56,30.84
162299,14202201200000,Naperville,IL,51622,2012,147100,2016,True,319080000,143677000,143677000,143677000,0,0,34562000,34561000,1000,27611000,27611000,0,0,0,0,0,143677000,R,R,0.0,65,True,24.06,10.83,24.06,24.06,19.22,8.65,19.22,19.22,43.27,19.49,43.27,43.27
162629,14208402200000,Springfield,IL,72000,2012,116565,2016,True,416902000,135846000,133777000,135846000,0,0,36900000,36755000,145000,32301000,32139000,162000,0,0,0,0,135846000,R,R,0.0,74,True,27.16,8.85,27.16,27.16,23.78,7.75,23.78,23.78,50.94,16.6,50.94,50.94
162690,14209900700000,Joliet,IL,38570,2012,147861,2016,True,194303000,177807000,177807000,177807000,0,0,35708000,35545000,163000,23604000,23557000,47000,0,0,0,0,177807000,R,R,0.0,63,True,20.08,18.38,20.08,20.08,13.28,12.15,13.28,13.28,33.36,30.53,33.36,33.36
163465,15200200100000,Fort Wayne,IN,25000,2012,260326,2016,True,310707000,260832000,260832000,260832000,0,0,49821000,49748000,73000,35007000,34427000,580000,0,0,0,2331000,258501000,R,R,0.0,72,True,19.1,16.03,19.1,19.27,13.42,11.27,13.42,13.54,32.52,27.3,32.52,32.82
163681,15208200100000,Evansville,IN,22000,2012,119943,2016,True,209151000,191979000,191482000,191979000,0,0,26233000,26086000,147000,19654000,19654000,0,0,0,11122000,747000,180110000,R,R,0.0,78,True,13.66,12.54,13.66,14.56,10.24,9.4,10.24,10.91,23.9,21.94,23.9,25.48
164470,16205700300000,Cedar Rapids,IA,12000,2012,130405,2016,True,492621000,457547000,457547000,457547000,0,0,32957000,32590000,367000,18206000,17585000,621000,0,0,14776000,932000,441839000,R,R,0.0,80,True,7.2,6.69,7.2,7.46,3.98,3.7,3.98,4.12,11.18,10.39,11.18,11.58
164885,17208900300000,Topeka,KS,71000,2012,127265,2016,True,186150000,153570000,153570000,153570000,0,0,31315000,31236000,79000,22410000,20532000,1878000,0,0,0,0,153570000,R,R,0.0,78,True,20.39,16.82,20.39,20.39,14.59,12.04,14.59,14.59,34.98,28.86,34.98,34.98
164911,17210500300000,Wyandotte County And Kansas Unified Government,KS,36000,2012,151306,2016,True,559568000,304890000,304890000,304890000,0,20437000,48434000,48193000,241000,34314000,34314000,0,0,0,0,10410000,274043000,R,R,0.0,80,True,15.89,8.66,15.89,17.67,11.25,6.13,11.25,12.52,27.14,14.79,27.14,30.2
165831,18203400100000,Lexington-Fayette Urban County Government,KY,46027,2012,314488,2016,True,462486000,440477000,440477000,440477000,0,33260000,47606000,46889000,717000,45031000,44185000,846000,0,0,21432000,15906000,369879000,R,R,0.007,100,True,10.81,10.29,10.81,12.87,10.22,9.74,10.22,12.17,21.03,20.03,21.03,25.05
165866,18205601400000,Louisville-Jefferson County Metro Government,KY,48003,2012,763623,2016,True,1411065000,991263000,930182000,934255000,57008000,61210000,101114000,100735000,379000,104685000,73232000,31453000,0,0,51972000,32917000,788156000,R,R,0.0,108,True,10.2,7.17,10.82,12.83,10.56,7.42,11.21,13.28,20.76,14.58,22.03,26.11
166054,19201700200000,Baton Rouge-East Baton Rouge-Parish,LA,05000,2012,228590,2016,True,1222052000,1203574000,1190241000,1188456000,15118000,111995000,125797000,121657000,4140000,73693000,69457000,4236000,0,0,28217000,33890000,1014354000,R,R,0.0,135,True,10.45,10.29,10.58,12.4,6.12,6.03,6.2,7.27,16.57,16.32,16.79,19.67
166076,19202800400000,Lafayette-Parish,LA,40735,2012,127657,2016,True,636986000,443439000,441806000,443439000,0,24256000,56499000,53100000,3399000,18398000,17923000,475000,0,434000,22288000,6102000,390793000,R,R,0.0,108,True,12.74,8.87,12.74,14.46,4.15,2.89,4.15,4.71,16.89,11.76,16.89,19.17
166094,19203600100000,New Orleans,LA,55000,2012,389617,2016,True,1760581000,1674791000,1674291000,1674791000,0,133245000,143572000,136222000,7350000,89338000,89207000,131000,0,0,131891000,10785000,1398870000,R,R,0.0,117,True,8.57,8.15,8.57,10.26,5.33,5.07,5.33,6.39,13.91,13.23,13.91,16.65
166441,22200300300000,New Bedford,MA,45000,2012,94958,2016,True,337114000,328858000,323885000,135467000,193391000,3407000,21096000,21096000,0,11730000,11730000,0,0,0,436000,3318000,128306000,R,R,0.501,87,True,6.41,6.26,15.57,16.44,3.57,3.48,8.66,9.14,9.98,9.74,24.23,25.58
166448,22200900100000,Cambridge,MA,11000,2012,110402,2016,True,1325076000,1303050000,1279598000,1100798000,202252000,785835000,30590000,30090000,500000,23950000,23832000,118000,0,0,0,44000,314919000,R,R,0.134,91,True,2.35,2.31,2.78,9.71,1.84,1.81,2.18,7.61,4.19,4.12,4.95,17.32
166449,22200900300000,Lowell,MA,37000,2012,110699,2016,True,366829000,358634000,352112000,158922000,199712000,982000,21623000,21359000,264000,15421000,15349000,72000,0,0,1476000,1942000,154522000,R,R,0.52,90,True,6.03,5.89,13.61,13.99,4.3,4.2,9.7,9.98,10.33,10.1,23.31,23.97
166454,22201100100000,Quincy,MA,55745,2012,93618,2016,True,361573000,351303000,321730000,190689000,160614000,1456000,21948000,21948000,0,18237000,18237000,0,0,0,0,2029000,187204000,R,R,0.358,68,True,6.25,6.07,11.51,11.72,5.19,5.04,9.56,9.74,11.44,11.11,21.07,21.47
166455,22201200100000,Brockton,MA,09000,2012,95314,2016,True,361608000,341307000,337230000,101484000,239823000,1114000,17379000,17046000,333000,19345000,19309000,36000,0,0,0,834000,99536000,R,R,0.584,91,True,5.09,4.81,17.12,17.46,5.67,5.35,19.06,19.44,10.76,10.16,36.19,36.9
166690,23203300300000,Lansing,MI,46000,2012,115056,2016,True,563470000,191193000,191193000,191193000,0,0,30627000,30627000,0,28069000,28069000,0,0,0,0,0,191193000,R,R,0.0,73,True,16.02,5.44,16.02,16.02,14.68,4.98,14.68,14.68,30.7,10.42,30.7,30.7
166734,23205080100000,Sterling Heights,MI,76460,2012,132052,2016,True,142846000,126578000,113619000,126578000,0,0,30036000,29484000,552000,19730000,19116000,614000,0,0,0,0,126578000,R,R,0.0,73,True,23.73,21.03,23.73,23.73,15.59,13.81,15.59,15.59,39.32,34.84,39.32,39.32
166817,23208200400000,Detroit,MI,22000,2012,677116,2016,True,2845079000,2248401000,2238726000,2189215000,59186000,6312000,371551000,355428000,16123000,153484000,153019000,465000,0,0,1871000,71624000,2109408000,R,R,0.0,124,True,16.53,13.06,16.97,17.61,6.83,5.39,7.01,7.28,23.35,18.45,23.98,24.89
167574,24205500400000,Rochester,MN,54880,2012,112225,2016,True,387863000,238929000,238929000,238929000,0,0,20585000,20203000,382000,14006000,13187000,819000,0,0,6052000,319000,232558000,R,R,0.0,72,True,8.62,5.31,8.62,8.85,5.86,3.61,5.86,6.02,14.48,8.92,14.48,14.87
167605,24206200900000,St Paul,MN,58000,2012,300851,2016,True,563649000,504781000,504781000,504781000,0,0,88526000,86339000,2187000,55554000,54256000,1298000,0,0,14247000,3465000,487069000,R,R,0.0,69,True,17.54,15.71,17.54,18.18,11.01,9.86,11.01,11.41,28.54,25.56,28.54,29.58
168809,26201000300000,Columbia,MO,15670,2012,119108,2016,True,370385000,166607000,166607000,166607000,0,0,16462000,16010000,452000,11328000,10458000,870000,0,0,3803000,5761000,157043000,R,R,0.0,98,True,9.88,4.44,9.88,10.48,6.8,3.06,6.8,7.21,16.68,7.5,16.68,17.7
168896,26203900300000,Springfield,MO,70000,2012,166810,2016,True,683352000,276232000,276232000,276232000,0,1104000,65954000,65292000,662000,17427000,17223000,204000,0,0,21420000,8019000,245689000,R,R,0.007,97,True,23.88,9.65,23.88,26.84,6.31,2.55,6.31,7.09,30.19,12.2,30.19,33.94
168926,26204800700000,Lees Summit,MO,41348,2012,95094,2016,True,122618000,109478000,109478000,109478000,0,0,18233000,18212000,21000,15437000,15344000,93000,0,0,2146000,0,107332000,R,R,0.0,57,True,16.65,14.87,16.65,16.99,14.1,12.59,14.1,14.38,30.76,27.46,30.76,31.37
169159,26209600100000,St Louis,MO,65000,2012,315685,2016,True,1250986000,1179835000,1179835000,1179835000,0,50928000,251236000,251236000,0,64827000,64827000,0,0,0,134942000,39464000,954501000,R,R,0.026,80,True,21.29,20.08,21.29,26.32,5.49,5.18,5.49,6.79,26.79,25.27,26.79,33.11
169646,28205500700000,Lincoln,NE,28000,2012,277348,2016,True,546663000,277483000,277483000,277483000,0,6471000,35745000,34667000,1078000,22854000,22164000,690000,0,0,0,12248000,258764000,R,R,0.0,91,True,12.88,6.54,12.88,13.81,8.24,4.18,8.24,8.83,21.12,10.72,21.12,22.65
169987,29200200100000,Henderson,NV,31900,2012,285667,2016,True,481283000,422635000,422635000,422635000,0,16577000,72615000,70916000,1699000,37971000,37971000,0,0,0,0,0,406058000,R,R,0.0,71,True,17.18,15.09,17.18,17.88,8.98,7.89,8.98,9.35,26.17,22.98,26.17,27.23
169988,29200200200000,Las Vegas,NV,40000,2012,623747,2016,True,891384000,891371000,754820000,891371000,0,45570000,9274000,9274000,0,123031000,108942000,14089000,118683000,0,0,3247000,842554000,R,R,0.0,79,True,1.04,1.04,1.04,1.1,13.8,13.8,13.8,14.6,14.84,14.84,14.84,15.7
169993,29201600100000,Reno,NV,60600,2012,241445,2016,True,287169000,287169000,287169000,287169000,0,0,53550000,53550000,0,43930000,43542000,388000,0,0,0,0,287169000,R,R,0.0,57,True,18.65,18.65,18.65,18.65,15.3,15.3,15.3,15.3,33.95,33.95,33.95,33.95
170001,30200600100000,Manchester,NH,45140,2012,110229,2016,True,452254000,430350000,429926000,259007000,171343000,1008000,30624000,30324000,300000,28213000,27465000,748000,0,0,36746000,5609000,215644000,R,R,0.375,96,True,7.12,6.77,11.82,14.2,6.56,6.24,10.89,13.08,13.67,13.01,22.72,27.28
170378,32200100100000,Albuquerque,NM,02000,2012,559121,2016,True,1016998000,825548000,825548000,825548000,0,25177000,162415000,161078000,1337000,71001000,69664000,1337000,0,0,56041000,27878000,716452000,R,R,0.0,89,True,19.67,15.97,19.67,22.67,8.6,6.98,8.6,9.91,28.27,22.95,28.27,32.58
170404,32202360100000,Rio Rancho,NM,63460,2012,94171,2016,True,124485000,86844000,85320000,85331000,1513000,748000,16563000,16236000,327000,10463000,10019000,444000,11000,0,0,0,84583000,R,R,0.0,86,True,19.07,13.31,19.41,19.58,12.05,8.41,12.26,12.37,31.12,21.71,31.67,31.95
170440,33200100100000,Albany,NY,01000,2012,98469,2016,True,277741000,277741000,277589000,277741000,0,0,49506000,47673000,1833000,33469000,32800000,669000,0,0,0,525000,277216000,R,R,0.0,67,True,17.82,17.82,17.82,17.86,12.05,12.05,12.05,12.07,29.87,29.87,29.87,29.93
170582,33203401500000,Syracuse,NY,73000,2012,144142,2016,True,871426000,858396000,856030000,395596000,462800000,0,44558000,43599000,959000,31109000,29865000,1244000,0,0,24897000,430000,370269000,R,R,0.459,91,True,5.19,5.11,11.26,12.03,3.62,3.57,7.86,8.4,8.81,8.68,19.13,20.44
171207,34204100200000,Greensboro,NC,28000,2012,285342,2016,True,509350000,412272000,410583000,412272000,0,0,71584000,71584000,0,41484000,41330000,154000,543000,0,0,285000,411987000,R,R,0.123,87,True,17.36,14.05,17.36,17.38,10.06,8.14,10.06,10.07,27.43,22.2,27.43,27.44
171248,34206500300000,Wilmington,NC,74440,2012,115933,2016,True,133834000,132470000,131483000,132470000,0,0,27428000,25991000,1437000,17383000,14792000,2591000,0,0,0,0,132470000,R,R,0.186,72,True,20.71,20.49,20.71,20.71,13.12,12.99,13.12,13.12,33.83,33.48,33.83,33.83
171305,34209200800000,Raleigh,NC,55000,2012,451066,2016,True,717326000,527357000,527357000,527357000,0,904000,100905000,97154000,3751000,51529000,50001000,1528000,0,0,0,0,526453000,R,R,0.0,89,True,19.13,14.07,19.13,19.17,9.77,7.18,9.77,9.79,28.91,21.25,28.91,28.95
171371,35200900900000,Fargo,ND,25700,2012,118523,2016,True,248743000,232291000,232291000,232291000,0,9439000,28197000,28197000,0,0,0,0,0,0,0,68000,222784000,R,-,0.208,77,True,12.14,11.34,12.14,12.66,0.0,0.0,0.0,0.0,12.14,11.34,12.14,12.66
172358,36201801400000,Cleveland,OH,16000,2012,388072,2016,True,1334238000,897745000,888503000,897745000,0,24991000,172695000,172681000,14000,89812000,89607000,205000,0,0,144799000,40961000,686994000,R,R,0.0,87,True,19.24,12.94,19.24,25.14,10.0,6.73,10.0,13.07,29.24,19.67,29.24,38.21
172543,36205700400000,Dayton,OH,21000,2012,140599,2016,True,347407000,297777000,297156000,297777000,0,2368000,43219000,43219000,0,34724000,34724000,0,0,0,37176000,0,258233000,R,R,0.0,55,True,14.51,12.44,14.51,16.74,11.66,10.0,11.66,13.45,26.17,22.44,26.17,30.18
173685,38202600200000,Gresham,OR,31250,2012,110553,2016,True,115145000,106404000,106404000,106404000,0,0,21398000,21368000,30000,15559000,15487000,72000,0,0,0,0,106404000,R,R,0.0,69,True,20.11,18.58,20.11,20.11,14.62,13.51,14.62,14.62,34.73,32.1,34.73,34.73
174015,39203900200000,Allentown,PA,02000,2012,120207,2016,True,184674000,175040000,175040000,175040000,0,0,32273000,30759000,1514000,19073000,19073000,0,0,0,0,6195000,168845000,R,R,0.0,70,True,18.44,17.48,18.44,19.11,10.9,10.33,10.9,11.3,29.33,27.8,29.33,30.41
174889,41201000100000,Charleston,SC,13330,2012,132609,2016,True,265767000,169987000,169987000,169987000,0,804000,40002000,39933000,69000,21780000,21780000,0,0,0,0,0,169183000,R,R,0.011,58,True,23.53,15.05,23.53,23.64,12.81,8.2,12.81,12.87,36.35,23.25,36.35,36.52
174894,41201090100000,North Charleston,SC,50875,2012,108304,2016,True,119128000,119128000,119128000,119128000,0,0,29893000,29788000,105000,17369000,15866000,1503000,0,0,0,0,119128000,R,R,0.0,58,True,25.09,25.09,25.09,25.09,14.58,14.58,14.58,14.58,39.67,39.67,39.67,39.67
174959,41204000100000,Columbia,SC,16000,2012,133803,2016,True,283764000,200759000,200215000,200758000,1000,434000,33402000,31327000,2075000,21971000,20728000,1243000,0,0,0,1257000,199067000,R,R,0.0,78,True,16.64,11.77,16.64,16.78,10.94,7.74,10.94,11.04,27.58,19.51,27.58,27.82
175728,43201900300000,Nashville-Davidson County Metropolitan Government,TN,52004,2012,678889,2016,True,3745053000,2404691000,2402919000,1560145000,844546000,239178000,193910000,193910000,0,108609000,108609000,0,0,0,0,85976000,1234991000,R,R,0.0,101,True,8.06,5.18,12.43,15.7,4.52,2.9,6.96,8.79,12.58,8.08,19.39,24.5
175780,43204700100000,Knoxville,TN,40000,2012,185291,2016,True,1045706000,318212000,318212000,318212000,0,0,49820000,49820000,0,33668000,33668000,0,0,0,0,9000,318203000,R,R,0.0,76,True,15.66,4.76,15.66,15.66,10.58,3.22,10.58,10.58,26.24,7.98,26.24,26.24
175826,43207900500000,Memphis,TN,48000,2012,655770,2016,True,4066985000,2276856000,2274539000,1086136000,1190720000,0,224986000,220369000,4617000,157673000,151611000,6062000,0,0,1349000,0,1084787000,R,R,0.0,125,True,9.88,5.53,20.71,20.74,6.93,3.88,14.52,14.53,16.81,9.41,35.23,35.28
175981,44201400300000,Killeen,TX,39148,2012,140806,2016,True,140457000,125050000,125050000,125050000,0,247000,24333000,23633000,700000,15980000,15935000,45000,0,0,6282000,531000,117990000,R,R,0.0,76,True,19.46,17.32,19.46,20.62,12.78,11.38,12.78,13.54,32.24,28.7,32.24,34.17
175988,44201501000000,San Antonio,TX,65000,2012,1469845,2016,True,4168898000,1743282000,1743282000,1743282000,0,135802000,308881000,304319000,4562000,226022000,208415000,17607000,0,0,90166000,32995000,1484319000,R,R,0.0,122,True,17.72,7.41,17.72,20.81,12.97,5.42,12.97,15.23,30.68,12.83,30.68,36.04
176022,44203100100000,Brownsville,TX,10768,2012,183887,2016,True,326556000,175871000,175871000,175871000,0,2889000,32092000,32092000,0,19730000,19730000,0,0,0,8798000,1772000,162412000,R,R,0.0,80,True,18.25,9.83,18.25,19.76,11.22,6.04,11.22,12.15,29.47,15.87,29.47,31.91
176053,44204300900000,Plano,TX,58016,2012,283558,2016,True,395110000,330904000,301524000,330904000,0,0,55144000,55041000,103000,46340000,43240000,3100000,0,0,0,3433000,327471000,R,R,0.0,77,True,16.66,13.96,16.66,16.84,14.0,11.73,14.0,14.15,30.67,25.68,30.67,30.99
176060,44204600100000,New Braunfels,TX,50820,2012,70543,2016,True,177225000,79099000,79099000,79099000,0,0,13968000,13670000,298000,11511000,11511000,0,0,0,1775000,702000,76622000,R,R,0.0,65,True,17.66,7.88,17.66,18.23,14.55,6.5,14.55,15.02,32.21,14.38,32.21,33.25
176079,44205701600000,Irving,TX,37000,2012,236607,2016,True,338780000,289205000,289205000,289205000,0,0,53454000,53454000,0,33767000,33767000,0,0,0,0,934000,288271000,R,R,0.0,73,True,18.48,15.78,18.48,18.54,11.68,9.97,11.68,11.71,30.16,25.75,30.16,30.26
176107,44206800100000,Odessa,TX,53388,2012,118968,2016,True,121172000,92956000,92554000,92956000,0,464000,17322000,17073000,249000,13197000,13036000,161000,0,0,0,649000,91843000,R,R,0.0,84,True,18.63,14.3,18.63,18.86,14.2,10.89,14.2,14.37,32.83,25.19,32.83,33.23
176118,44207100200000,El Paso,TX,24000,2012,681124,2016,True,774961000,621593000,621593000,621593000,0,2622000,116718000,116718000,0,85039000,85039000,0,0,0,40889000,20822000,557260000,R,R,0.0,99,True,18.78,15.06,18.78,20.94,13.68,10.97,13.68,15.26,32.46,26.03,32.46,36.21
176132,44207900600000,Sugar Land,TX,70808,2012,88156,2016,True,194036000,161472000,158675000,161472000,0,304000,16398000,15791000,607000,14479000,9591000,4888000,0,0,15887000,591000,144690000,R,R,0.0,70,True,10.16,8.45,10.16,11.33,8.97,7.46,8.97,10.01,19.12,15.91,19.12,21.34
176142,44208480200000,League,TX,41980,2012,98312,2016,True,104765000,73253000,70220000,73253000,0,0,15153000,15153000,0,1565000,1497000,68000,0,0,0,2874000,70379000,R,R,0.0,58,True,20.69,14.46,20.69,21.53,2.14,1.49,2.14,2.22,22.82,15.96,22.82,23.75
176169,44210100800000,Houston,TX,35000,2012,2296224,2016,True,4006437000,3695213000,3648007000,3695213000,0,22311000,594622000,585398000,9224000,351688000,341053000,10635000,0,0,397251000,111911000,3163740000,R,R,0.0,116,True,16.09,14.84,16.09,18.79,9.52,8.78,9.52,11.12,25.61,23.62,25.61,29.91
176286,44215501000000,Waco,TX,76000,2012,132356,2016,True,383808000,342095000,338116000,342095000,0,0,35640000,33689000,1951000,20027000,18420000,1607000,0,0,6420000,7456000,328219000,R,R,0.0,77,True,10.42,9.29,10.42,10.86,5.85,5.22,5.85,6.1,16.27,14.5,16.27,16.96
176325,44217800300000,Corpus Christi,TX,17000,2012,324074,2016,True,527439000,381071000,380026000,381071000,0,1171000,73552000,71208000,2344000,46697000,46191000,506000,0,0,13561000,7130000,359209000,R,R,0.0,104,True,19.3,13.95,19.3,20.48,12.25,8.85,12.25,13.0,31.56,22.8,31.56,33.48
176375,44222001100000,Fort Worth,TX,27000,2012,833319,2016,True,1335880000,1116700000,1116700000,1116700000,0,0,234711000,226505000,8206000,107720000,106133000,1587000,0,0,14330000,14424000,1087946000,R,R,0.0,86,True,21.02,17.57,21.02,21.57,9.65,8.06,9.65,9.9,30.66,25.63,30.66,31.47
176386,44222100100000,Abilene,TX,01000,2012,121721,2016,True,141417000,116538000,116538000,116538000,0,0,21921000,21921000,0,16483000,16209000,274000,0,0,7440000,4442000,104656000,R,R,0.0,84,True,18.81,15.5,18.81,20.95,14.14,11.66,14.14,15.75,32.95,27.16,32.95,36.7
176394,44222700100000,Austin,TX,05000,2012,931830,2016,True,2996300000,1511495000,1511495000,1511495000,0,0,269199000,251071000,18128000,127792000,126483000,1309000,0,0,87710000,104198000,1319587000,R,R,0.0,104,True,17.81,8.98,17.81,20.4,8.45,4.26,8.45,9.68,26.26,13.25,26.26,30.08
176492,45201800500000,Salt Lake,UT,67000,2012,192672,2016,True,435444000,382883000,382883000,382883000,0,0,56894000,56887000,7000,35529000,35524000,5000,0,0,84427000,0,298456000,R,R,0.047,66,True,14.86,13.07,14.86,19.06,9.28,8.16,9.28,11.9,24.14,21.23,24.14,30.97
176495,45201860300000,West Valley,UT,83470,2012,136208,2016,True,154773000,154773000,151906000,154773000,0,0,20200000,20107000,93000,8040000,7979000,61000,44000,2000,0,1651000,153122000,R,R,0.0,69,True,13.05,13.05,13.05,13.19,5.19,5.19,5.19,5.25,18.25,18.25,18.25,18.44
176517,45202501100000,Provo,UT,62470,2012,115264,2016,True,155218000,98079000,98079000,98079000,0,0,15167000,14884000,283000,8311000,8295000,16000,0,0,1585000,0,96494000,AR,R,0.0,80,True,15.46,9.77,15.46,15.72,8.47,5.35,8.47,8.61,23.94,15.13,23.94,24.33
176784,47212100100000,Newport News,VA,56000,2012,182385,2016,True,879791000,812676000,802886000,464911000,347765000,72004000,46150000,46150000,0,30222000,30222000,0,0,0,0,68536000,324371000,R,R,0.0,88,True,5.68,5.25,9.93,14.23,3.72,3.44,6.5,9.32,9.4,8.68,16.43,23.54
176816,48200600500000,Vancouver,WA,74060,2012,172860,2016,True,204126000,187953000,181750000,187953000,0,5421000,24849000,24849000,0,27493000,26231000,1262000,0,0,272000,151000,182109000,R,R,0.04,85,True,13.22,12.17,13.22,13.65,14.63,13.47,14.63,15.1,27.85,25.64,27.85,28.74
176868,48202701600000,Tacoma,WA,70000,2012,207948,2016,True,957431000,533643000,519664000,533643000,0,12238000,57863000,57856000,7000,44521000,44520000,1000,0,0,0,13558000,507847000,R,R,0.0,97,True,10.84,6.04,10.84,11.39,8.34,4.65,8.34,8.77,19.19,10.69,19.19,20.16
176873,48203100500000,Everett,WA,22640,2012,108010,2016,True,219288000,170448000,167629000,170448000,0,3153000,26241000,26011000,230000,18762000,18604000,158000,0,0,0,7522000,159773000,R,R,0.0,84,True,15.4,11.97,15.4,16.42,11.01,8.56,11.01,11.74,26.4,20.52,26.4,28.17
177090,50200500300000,Green Bay,WI,31000,2012,105207,2016,True,157559000,133741000,133741000,133741000,0,0,26235000,24748000,1487000,21932000,20908000,1024000,0,0,0,196000,133545000,R,R,0.0,69,True,19.62,16.65,19.62,19.65,16.4,13.92,16.4,16.42,36.02,30.57,36.02,36.07
183701,12200200100000,Honolulu And County,HI,17000,2012,998714,2016,True,2324071000,1553966000,1553966000,1553966000,0,0,242433000,231822000,10611000,105377000,93919000,11458000,0,0,0,24340000,1529626000,R,R,0.0,90,True,15.6,10.43,15.6,15.85,6.78,4.53,6.78,6.89,22.38,14.97,22.38,22.74
183825,05201500100000,Bakersfield,CA,03526,2012,373640,2016,True,411541000,379082000,374327000,379082000,0,0,68489000,67940000,549000,32665000,31298000,1367000,0,0,226000,47000,378809000,R,R,0.0,80,True,18.07,16.64,18.07,18.08,8.62,7.94,8.62,8.62,26.68,24.58,26.68,26.7
183829,05201905000000,Downey,CA,19766,2012,114219,2016,True,110128000,98005000,98005000,98005000,0,0,29253000,29113000,140000,14596000,14538000,58000,0,0,0,3194000,94811000,R,R,0.0,63,True,29.85,26.56,29.85,30.85,14.89,13.25,14.89,15.39,44.74,39.82,44.74,46.25
183832,05201970400000,Palmdale,CA,55156,2012,158351,2016,True,124751000,117262000,117262000,117262000,0,0,19731000,19731000,0,0,0,0,0,0,0,803000,116459000,R,-,0.0,58,True,16.83,15.82,16.83,16.94,0.0,0.0,0.0,0.0,16.83,15.82,16.83,16.94
183836,05203000100000,Anaheim,CA,02000,2012,350742,2016,True,1125702000,658528000,658528000,658528000,0,0,108479000,108287000,192000,55156000,55002000,154000,0,0,0,745000,657783000,R,R,0.0,76,True,16.47,9.64,16.47,16.49,8.38,4.9,8.38,8.39,24.85,14.54,24.85,24.88
183842,05203700400000,El Cajon,CA,21712,2012,103679,2016,True,103445000,103445000,103204000,103445000,0,0,30011000,25823000,4188000,9002000,8837000,165000,0,0,0,5018000,98427000,R,R,0.0,54,True,29.01,29.01,29.01,30.49,8.7,8.7,8.7,9.15,37.71,37.71,37.71,39.64
184046,31201600700000,Paterson,NJ,57000,2012,147754,2016,True,265533000,265533000,255530000,265533000,0,0,46163000,46163000,0,31881000,31795000,86000,0,0,0,10744000,254789000,R,R,0.0,62,True,17.39,17.39,17.39,18.12,12.01,12.01,12.01,12.51,29.39,29.39,29.39,30.63
184196,42205000800000,Sioux Falls,SD,59020,2012,171544,2016,True,261582000,225712000,225712000,225712000,0,0,27855000,27322000,533000,21496000,20751000,745000,0,0,0,9420000,216292000,R,R,0.0,91,True,12.34,10.65,12.34,12.88,9.52,8.22,9.52,9.94,21.86,18.87,21.86,22.82
184202,45202700800000,St George,UT,65330,2012,80202,2016,True,158595000,76787000,76787000,76787000,0,0,12636000,12264000,372000,3987000,3281000,706000,0,0,1716000,0,75071000,R,R,0.0,72,True,16.46,7.97,16.46,16.83,5.19,2.51,5.19,5.31,21.65,10.48,21.65,22.14
184222,37207200200000,Broken Arrow,OK,09050,2012,106563,2016,True,112358000,91420000,91420000,91420000,0,0,17017000,16135000,882000,16147000,13258000,2889000,0,0,0,740000,90680000,R,R,0.0,73,True,18.61,15.15,18.61,18.77,17.66,14.37,17.66,17.81,36.28,29.52,36.28,36.57
184255,48201702100000,Seattle,WA,63000,2012,684451,2016,True,2673443000,1658162000,1481933000,1653153000,5009000,77157000,174096000,170157000,3939000,128764000,120357000,8407000,771000,1000,0,17514000,1558482000,R,R,0.0,124,True,10.5,6.51,10.53,11.17,7.77,4.82,7.79,8.26,18.26,11.33,18.32,19.43
184266,43206300100000,Clarksville,TN,15160,2012,149176,2016,True,350048000,103903000,103218000,103903000,0,0,23498000,22976000,522000,13905000,13465000,440000,0,0,253000,0,103650000,R,R,0.0,77,True,22.62,6.71,22.62,22.67,13.38,3.97,13.38,13.42,36.0,10.69,36.0,36.09
184443,05201900800000,Burbank,CA,08954,2012,105319,2016,True,508988000,282402000,282402000,282402000,0,0,45013000,43886000,1127000,19970000,19763000,207000,0,0,0,13032000,269370000,R,R,0.0,79,True,15.94,8.84,15.94,16.71,7.07,3.92,7.07,7.41,23.01,12.77,23.01,24.12
184451,05201960100000,Lancaster,CA,40130,2012,161103,2016,True,159063000,157363000,135445000,157363000,0,0,6102000,6102000,0,0,0,0,21424000,0,0,617000,156746000,R,-,0.0,60,True,3.88,3.84,3.88,3.89,0.0,0.0,0.0,0.0,3.88,3.84,3.88,3.89
184735,10200550200000,Palm Bay,FL,54000,2012,107888,2016,True,106165000,96356000,96356000,96356000,0,0,20523000,19792000,731000,13152000,13052000,100000,0,0,0,0,96356000,R,R,0.0,75,True,21.3,19.33,21.3,21.3,13.65,12.39,13.65,13.65,34.95,31.72,34.95,34.95
184767,10205301300000,Lakeland,FL,38250,2012,104401,2016,True,593823000,203675000,203675000,203675000,0,0,35296000,33881000,1415000,14693000,13604000,1089000,0,0,5295000,0,198380000,R,R,0.0,89,True,17.33,5.94,17.33,17.79,7.21,2.47,7.21,7.41,24.54,8.42,24.54,25.2
185901,23204100400000,Grand Rapids,MI,34000,2012,195097,2016,True,371724000,331486000,326480000,331486000,0,760000,48023000,48023000,0,29152000,29063000,89000,0,0,0,0,330726000,R,R,0.0,80,True,14.49,12.92,14.49,14.52,8.79,7.84,8.79,8.81,23.28,20.76,23.28,23.34
186236,26204800600000,Kansas,MO,38000,2012,475378,2016,True,1774352000,1645099000,1637722000,1645099000,0,10836000,198013000,192747000,5266000,123880000,119618000,4262000,0,0,119016000,53292000,1461955000,R,R,0.0,104,True,12.04,11.16,12.04,13.54,7.53,6.98,7.53,8.47,19.57,18.14,19.57,22.02
186634,33201500500000,Buffalo,NY,11000,2012,258071,2016,True,1544147000,1532082000,1530497000,641059000,891023000,0,79354000,75810000,3544000,57963000,53220000,4743000,0,0,0,906000,640153000,R,R,0.494,83,True,5.18,5.14,12.38,12.4,3.78,3.75,9.04,9.05,8.96,8.89,21.42,21.45
187646,44204300800000,Mckinney,TX,45744,2012,162898,2016,True,224871000,184251000,184251000,184251000,0,0,20150000,19655000,495000,18149000,17931000,218000,0,0,14022000,1477000,168752000,R,R,0.0,76,True,10.94,8.96,10.94,11.94,9.85,8.07,9.85,10.75,20.79,17.03,20.79,22.7
187649,44205700700000,Dallas,TX,19000,2012,1300092,2016,True,2887391000,2542831000,2531499000,2542831000,0,27616000,355359000,348789000,6570000,189559000,172233000,17326000,0,0,583725000,25594000,1905896000,R,R,0.0,127,True,13.97,12.31,13.97,18.65,7.45,6.57,7.45,9.95,21.43,18.87,21.43,28.59
187683,44217000100000,Conroe,TX,16432,2012,68602,2016,True,84810000,74386000,74386000,74386000,0,0,14062000,13641000,421000,8405000,8390000,15000,0,0,0,0,74386000,R,R,0.0,70,True,18.9,16.58,18.9,18.9,11.3,9.91,11.3,11.3,30.2,26.49,30.2,30.2
189585,03200701100000,Scottsdale,AZ,65000,2012,236839,2016,True,637099000,562388000,562388000,562388000,0,0,79681000,79165000,516000,27612000,26788000,824000,0,0,6702000,0,555686000,R,R,0.0,65,True,14.17,12.51,14.17,14.34,4.91,4.33,4.91,4.97,19.08,16.84,19.08,19.31
189636,05201000500000,Fresno,CA,27000,2012,520052,2016,True,694670000,528664000,528664000,528664000,0,0,147487000,142264000,5223000,55059000,48268000,6791000,0,0,35541000,9667000,483456000,R,R,0.0,88,True,27.9,21.23,27.9,30.51,10.41,7.93,10.41,11.39,38.31,29.16,38.31,41.9
189929,14204500100000,Aurora,IL,03012,2012,200661,2016,True,244873000,225147000,223560000,225147000,0,0,63051000,62461000,590000,36399000,36399000,0,0,0,852000,922000,223373000,R,R,0.0,77,True,28.0,25.75,28.0,28.23,16.17,14.86,16.17,16.3,44.17,40.61,44.17,44.52
190480,23208100100000,Ann Arbor,MI,03000,2012,117070,2016,True,222498000,198977000,198977000,198977000,0,0,25899000,25873000,26000,13590000,13581000,9000,0,0,569000,0,198408000,R,R,0.0,70,True,13.02,11.64,13.02,13.05,6.83,6.11,6.83,6.85,19.85,17.75,19.85,19.9
191166,36203100600000,Cincinnati,OH,15000,2012,298550,2016,True,926424000,783896000,782031000,783896000,0,0,114029000,112112000,1917000,75049000,72592000,2457000,0,0,3362000,27355000,753179000,R,R,0.0,88,True,14.55,12.31,14.55,15.14,9.57,8.1,9.57,9.96,24.12,20.41,24.12,25.1
191559,43203300100000,Chattanooga,TN,14000,2012,176588,2016,True,1108304000,396345000,395382000,396345000,0,11257000,54878000,54236000,642000,38529000,36304000,2225000,0,0,11517000,2447000,371124000,R,R,0.0,101,True,13.85,4.95,13.85,14.79,9.72,3.48,9.72,10.38,23.57,8.43,23.57,25.17
193114,05203000800000,Garden Grove,CA,29000,2012,175393,2016,True,202076000,176502000,176502000,176502000,0,0,46894000,46874000,20000,14955000,14595000,360000,0,0,0,6481000,170021000,R,R,0.0,64,True,26.57,23.21,26.57,27.58,8.47,7.4,8.47,8.8,35.04,30.61,35.04,36.38
193115,05203601000000,San Bernardino,CA,65000,2012,216108,2016,True,264668000,230777000,230777000,230777000,0,0,68472000,67870000,602000,36488000,36160000,328000,0,0,0,2594000,228183000,R,R,0.0,66,True,29.67,25.87,29.67,30.01,15.81,13.79,15.81,15.99,45.48,39.66,45.48,46.0
193205,14207201100000,Peoria,IL,59000,2012,115070,2016,True,173492000,173492000,173492000,173492000,0,0,35802000,35181000,621000,29734000,29616000,118000,0,0,0,0,173492000,R,R,0.0,59,True,20.64,20.64,20.64,20.64,17.14,17.14,17.14,17.14,37.77,37.77,37.77,37.77
193551,24202702000000,Minneapolis,MN,43000,2012,410939,2016,True,1009369000,937235000,883850000,937235000,0,0,146078000,146078000,0,52617000,52617000,0,0,0,0,16260000,920975000,R,R,0.0,73,True,15.59,14.47,15.59,15.86,5.61,5.21,5.61,5.71,21.2,19.69,21.2,21.57
193734,31200900600000,Jersey,NJ,36000,2012,264290,2016,True,634904000,580227000,551329000,580227000,0,0,93830000,93791000,39000,65066000,62976000,2090000,0,0,0,12656000,567571000,R,R,0.0,87,True,16.17,14.78,16.17,16.53,11.21,10.25,11.21,11.46,27.39,25.03,27.39,28.0
193960,38200900100000,Bend,OR,05800,2012,87014,2016,True,97199000,81095000,81095000,81095000,0,0,17390000,17298000,92000,12489000,12461000,28000,0,0,2413000,0,78682000,R,R,0.0,75,True,21.44,17.89,21.44,22.1,15.4,12.85,15.4,15.87,36.84,30.74,36.84,37.97
194178,47212700100000,Richmond,VA,67000,2012,220289,2016,True,1281814000,1024873000,1013564000,692072000,332801000,68268000,92065000,89323000,2742000,47130000,45193000,1937000,0,0,2508000,46183000,575113000,R,R,0.0,133,True,8.98,7.18,13.3,16.01,4.6,3.68,6.81,8.19,13.58,10.86,20.11,24.2
194463,02200200100000,Anchorage Municipality,AK,03000,2012,298695,2016,True,1510171000,1234531000,1234531000,569335000,665196000,0,123926000,111510000,12416000,90763000,90763000,0,0,0,13952000,26823000,528560000,R,R,0.004,96,True,10.04,8.21,21.77,23.45,7.35,6.01,15.94,17.17,17.39,14.22,37.71,40.62
194644,06200350100000,Aurora,CO,04000,2012,359407,2016,True,533007000,384328000,384328000,384328000,0,0,86225000,86158000,67000,37560000,37457000,103000,0,0,0,0,384328000,R,R,0.03,77,True,22.44,16.18,22.44,22.44,9.77,7.05,9.77,9.77,32.21,23.22,32.21,32.21
194647,06201600100000,Denver And County,CO,20000,2012,682545,2016,True,2922935000,2666832000,2666832000,2666832000,0,252036000,225208000,225208000,0,112010000,112010000,0,0,0,425170000,52415000,1937211000,I,R,0.124,79,True,8.44,7.7,8.44,11.63,4.2,3.83,4.2,5.78,12.64,11.54,12.64,17.41
194651,06200700400000,Longmont,CO,45970,2012,92088,2016,True,168665000,98810000,98810000,98810000,0,239000,22211000,22211000,0,9739000,9739000,0,0,0,487000,0,98084000,R,R,0.0,80,True,22.48,13.17,22.48,22.64,9.86,5.77,9.86,9.93,32.33,18.94,32.33,32.57
194654,06205100100000,Pueblo,CO,62000,2012,109412,2016,True,174834000,141761000,141761000,141761000,0,0,26367000,26081000,286000,14878000,14878000,0,0,0,8626000,0,133135000,R,R,0.0,61,True,18.6,15.08,18.6,19.8,10.5,8.51,10.5,11.18,29.09,23.59,29.09,30.98
194678,11206000200000,Atlanta,GA,04000,2012,463878,2016,True,1989550000,1567457000,1547261000,1547261000,20196000,46724000,171937000,170493000,1444000,85874000,73808000,12066000,0,0,588579000,945000,911013000,R,R,0.0,93,True,10.97,8.64,11.11,18.87,5.48,4.32,5.55,9.43,16.45,12.96,16.66,28.3
194679,11212100100000,Augusta-Richmond County Consolidated Government,GA,04204,2012,197182,2016,True,414323000,341466000,338357000,341466000,0,26590000,39468000,36984000,2484000,24792000,22348000,2444000,373000,0,36387000,21155000,257334000,R,R,0.0,110,True,11.56,9.53,11.56,15.34,7.26,5.98,7.26,9.63,18.82,15.51,18.82,24.97
194726,34206000100000,Charlotte,NC,12000,2012,827097,2016,True,1565831000,1257322000,1249284000,1257322000,0,0,248750000,232941000,15809000,108620000,102967000,5653000,305000,0,171248000,0,1086074000,R,R,0.026,112,True,19.78,15.89,19.78,22.9,8.64,6.94,8.64,10.0,28.42,22.82,28.42,32.9
194732,34204100400000,High Point,NC,31400,2012,110268,2016,True,299727000,162663000,162316000,162663000,0,0,26233000,26117000,116000,20493000,19025000,1468000,267000,0,0,85000,162578000,R,R,0.05,93,True,16.13,8.75,16.13,16.14,12.6,6.84,12.6,12.61,28.73,15.59,28.73,28.74
194744,34203400200000,Winston-Salem,NC,75000,2012,241218,2016,True,387024000,303246000,302501000,303246000,0,0,64312000,63687000,625000,32344000,25399000,6945000,0,0,0,111000,303135000,R,R,0.031,96,True,21.21,16.62,21.21,21.22,10.67,8.36,10.67,10.67,31.87,24.97,31.87,31.89
194757,10201301300000,Miami,FL,45000,2012,441003,2016,True,740877000,740715000,690715000,740715000,0,1381000,137044000,136308000,736000,85757000,81922000,3835000,0,0,0,0,739334000,R,R,0.0,81,True,18.5,18.5,18.5,18.54,11.58,11.58,11.58,11.6,30.08,30.07,30.08,30.14
194789,23208200300000,Dearborn,MI,21000,2012,95171,2016,True,182704000,163195000,147484000,163195000,0,439000,33243000,32720000,523000,19020000,19020000,0,0,0,0,10000,162746000,R,R,0.0,77,True,20.37,18.2,20.37,20.43,11.65,10.41,11.65,11.69,32.02,28.61,32.02,32.11
194805,33203100100000,New York,NY,51000,2012,8550405,2016,True,94828075000,79503238000,72987941000,57061689000,22441549000,13989911000,5065889000,4727262000,338627000,1842669000,1738749000,103920000,0,0,3574000,1344000000,41724204000,R,R,0.0,169,True,6.37,5.34,8.88,12.14,2.32,1.94,3.23,4.42,8.69,7.29,12.11,16.56
194809,44218800100000,Amarillo,TX,03000,2012,198645,2016,True,345080000,261970000,261970000,261970000,0,9347000,36368000,36025000,343000,24224000,24224000,0,0,0,30933000,6310000,215380000,R,R,0.0,90,True,13.88,10.54,13.88,16.89,9.25,7.02,9.25,11.25,23.13,17.56,23.13,28.13
194811,44222000100000,Arlington,TX,04000,2012,388125,2016,True,523615000,480011000,480011000,480011000,0,344000,84658000,84631000,27000,39053000,37341000,1712000,0,0,1591000,4441000,473635000,R,R,0.0,80,True,17.64,16.17,17.64,17.87,8.14,7.46,8.14,8.25,25.77,23.63,25.77,26.12
194812,44212300100000,Beaumont,TX,07000,2012,118129,2016,True,215113000,178354000,178354000,178354000,0,0,38161000,32996000,5165000,23668000,22939000,729000,0,0,783000,9025000,168546000,R,R,0.0,82,True,21.4,17.74,21.4,22.64,13.27,11.0,13.27,14.04,34.67,28.74,34.67,36.68
194814,44202100200000,College Station,TX,15976,2012,107889,2016,True,209470000,101432000,100508000,101432000,0,1624000,13897000,13897000,0,12578000,12578000,0,0,0,0,0,99808000,R,R,0.0,86,True,13.7,6.63,13.7,13.92,12.4,6.0,12.4,12.6,26.1,12.64,26.1,26.53
194820,44204300600000,Frisco,TX,27684,2012,154407,2016,True,235139000,202157000,192255000,192255000,9902000,0,19018000,18652000,366000,22945000,18168000,4777000,0,0,0,1122000,191133000,R,R,0.0,66,True,9.41,8.09,9.89,9.95,11.35,9.76,11.93,12.0,20.76,17.85,21.83,21.95
194823,44205701300000,Grand Prairie,TX,30464,2012,187809,2016,True,251469000,217361000,217361000,217361000,0,2630000,34977000,34062000,915000,24743000,22853000,1890000,0,0,2776000,1530000,210425000,R,R,0.0,85,True,16.09,13.91,16.09,16.62,11.38,9.84,11.38,11.76,27.48,23.75,27.48,28.38
194825,44216500100000,Midland,TX,48072,2012,132950,2016,True,158274000,126008000,126008000,126008000,0,0,21416000,21416000,0,18783000,18783000,0,0,0,8860000,4123000,113025000,R,R,0.0,70,True,17.0,13.53,17.0,18.95,14.91,11.87,14.91,16.62,31.9,25.4,31.9,35.57
200728,05203430200000,Elk Grove,CA,22020,2012,166913,2016,True,127502000,116806000,116806000,116806000,0,0,30798000,30702000,96000,0,0,0,0,0,0,850000,115956000,R,-,0.0,54,True,26.37,24.15,26.37,26.56,0.0,0.0,0.0,0.0,26.37,24.15,26.37,26.56
201369,05205670200000,Thousand Oaks,CA,78582,2012,129339,2016,True,169485000,145368000,119329000,145368000,0,0,33000,0,33000,0,0,0,25999000,0,0,740000,144628000,R,-,0.0,70,True,0.02,0.02,0.02,0.02,0.0,0.0,0.0,0.0,0.02,0.02,0.02,0.02
201810,17208701400000,Wichita,KS,79000,2012,389965,2016,True,685414000,543562000,543562000,543562000,0,0,74670000,74670000,0,39320000,39320000,0,0,0,27980000,3549000,512033000,R,R,0.0,81,True,13.74,10.89,13.74,14.58,7.23,5.74,7.23,7.68,20.97,16.63,20.97,22.26
202617,44206100500000,Lewisville,TX,42508,2012,104039,2016,True,118570000,100851000,100851000,100851000,0,894000,21735000,20770000,965000,17437000,15836000,1601000,0,0,0,1200000,98757000,R,R,0.05,64,True,21.55,18.33,21.55,22.01,17.29,14.71,17.29,17.66,38.84,33.04,38.84,39.67
202751,47213200100000,Virginia Beach,VA,82000,2012,452745,2016,True,1861666000,1811001000,1793036000,957569000,853432000,102332000,89260000,84413000,4847000,47591000,44899000,2692000,0,0,0,53408000,801829000,R,R,0.0,94,True,4.93,4.79,9.32,11.13,2.63,2.56,4.97,5.94,7.56,7.35,14.29,17.07
203966,05201000100000,Clovis,CA,14218,2012,104180,2016,True,130105000,105377000,100189000,105377000,0,0,22428000,22138000,290000,12211000,11231000,980000,0,0,0,708000,104669000,R,R,0.0,70,True,21.28,17.24,21.28,21.43,11.59,9.39,11.59,11.67,32.87,26.62,32.87,33.09
204523,17204601200000,Olathe,KS,52575,2012,134305,2016,True,165823000,149168000,149168000,149168000,0,0,19355000,19355000,0,15046000,15046000,0,0,0,0,353000,148815000,R,R,0.0,60,True,12.98,11.67,12.98,13.01,10.09,9.07,10.09,10.11,23.06,20.75,23.06,23.12
204933,31202000100000,Elizabeth,NJ,21000,2012,129007,2016,True,254755000,254755000,254755000,254755000,0,0,43378000,42649000,729000,24497000,24497000,0,0,0,0,5730000,249025000,R,R,0.0,59,True,17.03,17.03,17.03,17.42,9.62,9.62,9.62,9.84,26.64,26.64,26.64,27.26
205133,36204800700000,Toledo,OH,77000,2012,279789,2016,True,440352000,399159000,366803000,399159000,0,11932000,94656000,62730000,31926000,38769000,15725000,23044000,0,0,0,14856000,372371000,R,R,0.0,87,True,23.71,21.5,23.71,25.42,9.71,8.8,9.71,10.41,33.43,30.3,33.43,35.83
205181,37201400400000,Norman,OK,52500,2012,120284,2016,True,439396000,422147000,422147000,422147000,0,289249000,23235000,21543000,1692000,15972000,15208000,764000,0,0,0,0,132898000,R,R,0.0,72,True,5.5,5.29,5.5,17.48,3.78,3.63,3.78,12.02,9.29,8.92,9.29,29.5
205218,38202401100000,Salem,OR,64900,2012,164549,2016,True,270872000,240870000,234085000,240870000,0,0,33461000,33379000,82000,25287000,24960000,327000,0,0,1053000,1182000,238635000,R,R,0.0,71,True,13.89,12.35,13.89,14.02,10.5,9.34,10.5,10.6,24.39,21.69,24.39,24.62
205455,44210101700000,Pasadena,TX,56000,2012,153784,2016,True,156364000,138863000,138863000,138863000,0,443000,42921000,41106000,1815000,4299000,4122000,177000,0,0,0,3447000,134973000,R,R,0.0,62,True,30.91,27.45,30.91,31.8,3.1,2.75,3.1,3.19,34.0,30.2,34.0,34.98
205460,44210800700000,Mcallen,TX,45384,2012,140269,2016,True,235592000,201412000,198351000,201412000,0,1147000,33209000,32246000,963000,15402000,15313000,89000,0,0,7878000,1679000,190708000,R,R,0.0,95,True,16.49,14.1,16.49,17.41,7.65,6.54,7.65,8.08,24.14,20.63,24.14,25.49
205590,48201701300000,Kent,WA,35415,2012,126952,2016,True,159138000,140577000,140577000,140577000,0,4408000,21975000,21892000,83000,2242000,2241000,1000,0,0,0,1695000,134474000,R,R,0.0,72,True,15.63,13.81,15.63,16.34,1.59,1.41,1.59,1.67,17.23,15.22,17.23,18.01
205599,48203201000000,Spokane,WA,67000,2012,213272,2016,True,373666000,346339000,340608000,346339000,0,10736000,42570000,40412000,2158000,37478000,35982000,1496000,0,0,505000,413000,334685000,R,R,0.0,90,True,12.29,11.39,12.29,12.72,10.82,10.03,10.82,11.2,23.11,21.42,23.11,23.92
207520,01204500100000,Huntsville,AL,37000,2012,190582,2016,True,884695000,360168000,314666000,341123000,19045000,614000,41685000,40294000,1391000,28811000,28713000,98000,0,0,0,3983000,336526000,R,R,0.0,82,True,11.57,4.71,12.22,12.39,8.0,3.26,8.45,8.56,19.57,7.97,20.67,20.95
207535,03200700600000,Glendale,AZ,27820,2012,240126,2016,True,328695000,281300000,281300000,281300000,0,0,50612000,50612000,0,45341000,45341000,0,0,0,0,0,281300000,R,R,0.031,54,True,17.99,15.4,17.99,17.99,16.12,13.79,16.12,16.12,34.11,29.19,34.11,34.11
207536,03200701000000,Phoenix,AZ,55000,2012,1563025,2016,True,3274265000,2651717000,2638882000,2627904000,23813000,13342000,471353000,453841000,17512000,283475000,272528000,10947000,0,0,457296000,0,2157266000,R,R,0.0,132,True,17.78,14.4,17.94,21.85,10.69,8.66,10.79,13.14,28.47,23.05,28.72,34.99
207577,05200100500000,Fremont,CA,26000,2012,232206,2016,True,244059000,244059000,244059000,244059000,0,321000,66608000,45125000,21483000,33790000,29985000,3805000,0,0,0,11250000,232488000,R,R,0.0,70,True,27.29,27.29,27.29,28.65,13.85,13.85,13.85,14.53,41.14,41.14,41.14,43.18
207582,05201903500000,Pasadena,CA,56000,2012,142250,2016,True,634715000,403122000,388209000,403122000,0,0,63637000,63637000,0,32250000,32250000,0,0,0,0,17874000,385248000,R,R,0.0,85,True,15.79,10.03,15.79,16.52,8.0,5.08,8.0,8.37,23.79,15.11,23.79,24.89
207583,05201904600000,Torrance,CA,80000,2012,148475,2016,True,297456000,233951000,233951000,233951000,0,0,65900000,65218000,682000,26034000,25813000,221000,0,0,5099000,10465000,218387000,R,R,0.0,77,True,28.17,22.15,28.17,30.18,11.13,8.75,11.13,11.92,39.3,30.91,39.3,42.1
207593,05203300600000,Corona,CA,16350,2012,164226,2016,True,289454000,219202000,219202000,219202000,0,0,40571000,40571000,0,22954000,22954000,0,0,0,268000,1180000,217754000,R,R,0.0,80,True,18.51,14.02,18.51,18.63,10.47,7.93,10.47,10.54,28.98,21.95,28.98,29.17
207594,05203301200000,Riverside,CA,62000,2012,322424,2016,True,904122000,520270000,520270000,520270000,0,0,87300000,86522000,778000,49778000,48426000,1352000,0,0,1778000,496000,517996000,R,R,0.0,82,True,16.78,9.66,16.78,16.85,9.57,5.51,9.57,9.61,26.35,15.16,26.35,26.46
207598,05203701000000,San Diego,CA,66000,2012,1394928,2016,True,2789206000,2359667000,2357568000,2359667000,0,0,300172000,299869000,303000,171141000,170721000,420000,0,0,2658000,13157000,2343852000,R,R,0.0,98,True,12.72,10.76,12.72,12.81,7.25,6.14,7.25,7.3,19.97,16.9,19.97,20.11
207608,05204800700000,Vallejo,CA,81666,2012,121253,2016,True,215499000,152679000,151780000,152679000,0,0,33618000,33618000,0,20607000,20593000,14000,0,0,1374000,662000,150643000,R,R,0.0,68,True,22.02,15.6,22.02,22.32,13.5,9.56,13.5,13.68,35.52,25.16,35.52,36.0
207610,05205000200000,Modesto,CA,48354,2012,211266,2016,True,301338000,226479000,204759000,225863000,616000,0,47439000,47311000,128000,24084000,23427000,657000,0,200000,1003000,823000,224037000,R,R,0.0,81,True,20.95,15.74,21.0,21.17,10.63,7.99,10.66,10.75,31.58,23.74,31.67,31.92
207635,06206201100000,Greeley,CO,32155,2012,100883,2016,True,135900000,99426000,99426000,99426000,0,11000,26992000,25502000,1490000,11328000,11303000,25000,0,0,0,34000,99381000,R,R,0.0,78,True,27.15,19.86,27.15,27.16,11.39,8.34,11.39,11.4,38.54,28.2,38.54,38.56
207684,10205200500000,Clearwater,FL,12875,2012,113003,2016,True,262334000,194031000,194031000,194031000,0,180000,38545000,38335000,210000,16682000,15964000,718000,0,0,610000,5916000,187325000,R,R,0.202,95,True,19.87,14.69,19.87,20.58,8.6,6.36,8.6,8.91,28.46,21.05,28.46,29.48
207957,15204900800000,Indianapolis,IN,36003,2012,853173,2016,True,3963176000,3151630000,3100658000,3151630000,0,964974000,208579000,199564000,9015000,115214000,114360000,854000,505000,88000,81027000,254972000,1850657000,R,R,0.0,134,True,6.62,5.26,6.62,11.27,3.66,2.91,3.66,6.23,10.27,8.17,10.27,17.5
208056,16207700500000,Des Moines,IA,21000,2012,210330,2016,True,506138000,460872000,449704000,460872000,0,10772000,58063000,58063000,0,45256000,32889000,12367000,0,0,42224000,0,407876000,R,R,0.0,81,True,12.6,11.47,12.6,14.24,9.82,8.94,9.82,11.1,22.42,20.41,22.42,25.33
208060,16208200400000,Davenport,IA,19000,2012,102582,2016,True,183104000,177420000,177420000,177420000,0,0,23216000,23216000,0,16338000,16338000,0,0,0,228000,0,177192000,R,R,0.0,57,True,13.09,12.68,13.09,13.1,9.21,8.92,9.21,9.22,22.29,21.6,22.29,22.32
208111,17204650100000,Overland Park,KS,53775,2012,186515,2016,True,208696000,208696000,208696000,208696000,0,0,30146000,29738000,408000,18700000,18700000,0,0,0,0,0,208696000,R,R,0.258,55,True,14.44,14.44,14.44,14.44,8.96,8.96,8.96,8.96,23.41,23.41,23.41,23.41
208246,21200400100000,Baltimore,MD,04000,2012,621849,2016,True,3803289000,3659497000,3590783000,2256062000,1403435000,0,371545000,365046000,6499000,153863000,153461000,402000,0,0,0,120372000,2135690000,R,R,0.0,95,True,10.15,9.77,16.47,17.4,4.2,4.05,6.82,7.2,14.36,13.81,23.29,24.6
208698,28202800400000,Omaha,NE,37000,2012,443885,2016,True,580314000,580314000,565792000,580314000,0,6591000,90124000,88256000,1868000,70043000,69649000,394000,4183000,0,0,0,573723000,R,R,0.0,90,True,15.53,15.53,15.53,15.71,12.07,12.07,12.07,12.21,27.6,27.6,27.6,27.92
208734,29200200300000,North Las Vegas,NV,51800,2012,234807,2016,True,309571000,281462000,281462000,281462000,0,25332000,73921000,70961000,2960000,32873000,32679000,194000,0,0,0,0,256130000,R,R,0.0,66,True,26.26,23.88,26.26,28.86,11.68,10.62,11.68,12.83,37.94,34.5,37.94,41.7
208793,32200700200000,Las Cruces,NM,39380,2012,101643,2016,True,189924000,144292000,142717000,144292000,0,1575000,25588000,25305000,283000,11355000,11301000,54000,0,0,1303000,313000,141101000,R,R,0.0,79,True,17.73,13.47,17.73,18.13,7.87,5.98,7.87,8.05,25.6,19.45,25.6,26.18
208963,34203200100000,Durham,NC,19000,2012,257636,2016,True,352084000,302618000,302618000,302618000,0,0,62631000,61265000,1366000,23510000,22813000,697000,0,0,12000,0,302606000,R,R,0.072,77,True,20.7,17.79,20.7,20.7,7.77,6.68,7.77,7.77,28.47,24.47,28.47,28.47
209050,36202500300000,Columbus,OH,18000,2012,850106,2016,True,1586219000,1353327000,1352236000,1353327000,0,3577000,255672000,246611000,9061000,189615000,179053000,10562000,0,0,0,37779000,1311971000,R,R,0.0,93,True,18.89,16.12,18.89,19.49,14.01,11.95,14.01,14.45,32.9,28.07,32.9,33.94
209096,36207700100000,Akron,OH,01000,2012,197542,2016,True,369105000,337785000,329948000,337785000,0,8079000,33795000,33744000,51000,25801000,25781000,20000,0,0,528000,5327000,323851000,R,R,0.0,77,True,10.0,9.16,10.0,10.44,7.64,6.99,7.64,7.97,17.64,16.15,17.64,18.4
209170,37205501500000,Oklahoma,OK,55000,2012,631346,2016,True,1030626000,835103000,813996000,813996000,21107000,0,154444000,154427000,17000,133279000,133113000,166000,0,0,49998000,7868000,756130000,R,R,0.0,100,True,18.49,14.99,18.97,20.43,15.96,12.93,16.37,17.63,34.45,27.92,35.35,38.05
209519,43207500200000,Murfreesboro,TN,51560,2012,126118,2016,True,333246000,171894000,171888000,102927000,68967000,122000,22881000,22395000,486000,14344000,14126000,218000,6000,0,1339000,0,101466000,R,R,0.056,93,True,13.31,6.87,22.23,22.55,8.34,4.3,13.94,14.14,21.66,11.17,36.17,36.69
209555,44204300100000,Allen,TX,01924,2012,98143,2016,True,142505000,125075000,118881000,125075000,0,0,18815000,15565000,3250000,16328000,10850000,5478000,639000,0,0,247000,124828000,R,R,0.018,73,True,15.04,13.2,15.04,15.07,13.05,11.46,13.05,13.08,28.1,24.66,28.1,28.15
209562,44206100200000,Denton,TX,19972,2012,131044,2016,True,316200000,149090000,149090000,149090000,0,0,21904000,21856000,48000,20905000,20905000,0,0,0,1760000,880000,146450000,R,R,0.0,81,True,14.69,6.93,14.69,14.96,14.02,6.61,14.02,14.27,28.71,13.54,28.71,29.23
209712,47210100100000,Alexandria,VA,01000,2012,153511,2016,True,722418000,697889000,697200000,451756000,246133000,57100000,67015000,51293000,15722000,45356000,35516000,9840000,0,0,0,41632000,353024000,R,R,0.0,106,True,9.6,9.28,14.83,18.98,6.5,6.28,10.04,12.85,16.1,15.55,24.87,31.83
209777,50201301100000,Madison,WI,48000,2012,248951,2016,True,546301000,469260000,453549000,469260000,0,0,67929000,63427000,4502000,44118000,43797000,321000,0,0,0,10214000,459046000,R,R,0.0,81,True,14.48,12.43,14.48,14.8,9.4,8.08,9.4,9.61,23.88,20.51,23.88,24.41
211207,05203000400000,Costa Mesa,CA,16532,2012,113204,2016,True,111939000,111939000,111939000,111939000,0,0,37408000,35133000,2275000,18969000,18741000,228000,0,0,0,1142000,110797000,R,R,0.0,60,True,33.42,33.42,33.42,33.76,16.95,16.95,16.95,17.12,50.36,50.36,50.36,50.88
211212,05203700200000,Chula Vista,CA,13392,2012,265757,2016,True,253316000,246982000,229961000,246982000,0,0,50943000,47030000,3913000,23997000,22490000,1507000,0,0,0,2251000,244731000,R,R,0.0,64,True,20.63,20.11,20.63,20.82,9.72,9.47,9.72,9.81,30.34,29.58,30.34,30.62
211214,05203900400000,Stockton,CA,75000,2012,305658,2016,True,453264000,375000000,375000000,375000000,0,0,94492000,94492000,0,46401000,46401000,0,0,0,0,2215000,372785000,R,R,0.0,61,True,25.2,20.85,25.2,25.35,12.37,10.24,12.37,12.45,37.57,31.08,37.57,37.79
211215,05204100500000,Daly,CA,17918,2012,106562,2016,True,127503000,109659000,105305000,109659000,0,0,27260000,27110000,150000,15117000,15117000,0,761000,0,0,533000,109126000,R,R,0.0,67,True,24.86,21.38,24.86,24.98,13.79,11.86,13.79,13.85,38.64,33.24,38.64,38.83
211253,38203400600000,Hillsboro,OR,34100,2012,102347,2016,True,144380000,124846000,105081000,124846000,0,0,24937000,24851000,86000,16884000,16827000,57000,0,0,0,0,124846000,R,R,0.0,68,True,19.97,17.27,19.97,19.97,13.52,11.69,13.52,13.52,33.5,28.97,33.5,33.5
211254,38202600300000,Portland,OR,59000,2012,632309,2016,True,1451837000,1280835000,1280835000,1280835000,0,0,172980000,170496000,2484000,96689000,94896000,1793000,0,0,0,0,1280835000,R,R,0.0,81,True,13.51,11.91,13.51,13.51,7.55,6.66,7.55,7.55,21.05,18.57,21.05,21.05
211654,06200100700000,Westminster,CO,83835,2012,113130,2016,True,178102000,145271000,145271000,145271000,0,0,20247000,19463000,784000,12351000,11225000,1126000,0,0,0,0,145271000,R,R,0.0,81,True,13.94,11.37,13.94,13.94,8.5,6.93,8.5,8.5,22.44,18.3,22.44,22.44
211981,05203770300000,Vista,CA,82996,2012,100890,2016,True,117133000,117133000,99582000,117133000,0,0,0,0,0,13558000,13549000,9000,17551000,0,0,4451000,112682000,-,R,0.0,58,False,,,,,,,,,,,,
212090,37207201000000,Tulsa,OK,75000,2012,403505,2016,True,836103000,712633000,711806000,712633000,0,15049000,87148000,82530000,4618000,70326000,63336000,6990000,0,0,49956000,62640000,584988000,R,R,0.0,96,True,12.23,10.42,12.23,14.9,9.87,8.41,9.87,12.02,22.1,18.83,22.1,26.92
212209,06200330100000,Centennial,CO,12815,2012,109741,2016,True,66644000,66644000,46346000,66644000,0,0,0,0,0,0,0,0,19950000,0,0,0,66644000,-,-,0.101,44,False,,,,,,,,,,,,
212231,44205701200000,Garland,TX,29000,2012,236897,2016,True,456175000,234867000,234867000,234867000,0,0,45834000,44546000,1288000,27956000,27956000,0,0,0,0,3141000,231726000,R,R,0.0,75,True,19.51,10.05,19.51,19.78,11.9,6.13,11.9,12.06,31.42,16.18,31.42,31.84
212233,44215200200000,Lubbock,TX,45000,2012,249042,2016,True,751875000,310290000,310169000,310290000,0,0,50302000,50174000,128000,34832000,33832000,1000000,121000,0,23887000,5658000,280745000,R,R,0.0,101,True,16.21,6.69,16.21,17.92,11.23,4.63,11.23,12.41,27.44,11.32,27.44,30.32
212234,44205702100000,Richardson,TX,61796,2012,110815,2016,True,205362000,174698000,174698000,174698000,0,0,23914000,22566000,1348000,16531000,16531000,0,0,0,0,1872000,172826000,R,R,0.0,60,True,13.69,11.64,13.69,13.84,9.46,8.05,9.46,9.57,23.15,19.69,23.15,23.4
213591,48203201300000,Spokane Valley,WA,67167,2012,94919,2016,True,44605000,44605000,24154000,44605000,0,1092000,171000,152000,19000,0,0,0,16510000,0,0,314000,43199000,R,-,0.0,51,True,0.38,0.38,0.38,0.4,0.0,0.0,0.0,0.0,0.38,0.38,0.38,0.4
214783,10201310100000,Miami Gardens,FL,45060,2012,113187,2016,True,85344000,85344000,85344000,85344000,0,0,31268000,30959000,309000,0,0,0,0,0,0,0,85344000,R,-,0.0,48,True,36.64,36.64,36.64,36.64,0.0,0.0,0.0,0.0,36.64,36.64,36.64,36.64
216510,11206010100000,Sandy Springs,GA,68516,2012,105330,2016,True,75215000,75215000,74858000,75215000,0,789000,17291000,15002000,2289000,10134000,9594000,540000,0,0,0,0,74426000,R,R,0.0,53,True,22.99,22.99,22.99,23.23,13.47,13.47,13.47,13.62,36.46,36.46,36.46,36.85
225038,01203700300000,Birmingham,AL,07000,2012,212461,2016,True,672001000,473658000,473658000,473658000,0,1527000,78166000,78166000,0,56856000,56856000,0,0,0,0,0,472131000,R,R,0.052,62,True,16.5,11.63,16.5,16.56,12.0,8.46,12.0,12.04,28.51,20.09,28.51,28.6
225767,07200100600000,Stamford,CT,73000,2012,128874,2016,True,551631000,551560000,551359000,287541000,264019000,15024000,56085000,56085000,0,41320000,41320000,0,0,0,0,22307000,250210000,R,R,0.0,72,True,10.17,10.17,19.51,22.42,7.49,7.49,14.37,16.51,17.66,17.66,33.88,38.93
228280,05203310400000,Jurupa Valley,CA,37692,2012,100314,2016,True,4330000,4330000,4330000,4330000,0,0,581000,581000,0,0,0,0,0,0,0,0,4330000,R,-,0.0,15,False,,,,,,,,,,,,
100091,01205100100000,Montgomery,AL,51000,2013,200602,2016,False,224284000,215723000,208335000,215723000,0,0,52223000,47175000,5048000,31305000,31149000,156000,0,0,0,0,215723000,R,R,0.0,72,True,24.21,23.28,24.21,24.21,14.51,13.96,14.51,14.51,38.72,37.24,38.72,38.72
100249,03200700300000,Chandler,AZ,12000,2013,260828,2016,False,414412000,367610000,367610000,367610000,0,0,63325000,62523000,802000,28190000,28190000,0,0,0,1446000,0,366164000,R,R,0.0,60,True,17.23,15.28,17.23,17.29,7.67,6.8,7.67,7.7,24.89,22.08,24.89,24.99
100250,03200700800000,Mesa,AZ,46000,2013,471825,2016,False,819077000,608254000,608254000,608254000,0,3237000,165893000,145696000,20197000,77882000,59859000,18023000,0,0,5117000,0,599900000,R,R,0.0,90,True,27.27,20.25,27.27,27.65,12.8,9.51,12.8,12.98,40.08,29.76,40.08,40.64
100251,03200750200000,Surprise,AZ,71510,2013,128422,2016,False,114862000,106290000,106290000,106290000,0,0,19528000,19383000,145000,14631000,14631000,0,0,0,0,0,106290000,R,R,0.005,47,True,18.37,17.0,18.37,18.37,13.77,12.74,13.77,13.77,32.14,29.74,32.14,32.14
100435,04206000400000,Little Rock,AR,41000,2013,197992,2016,False,420273000,407011000,407011000,407011000,0,0,69498000,62913000,6585000,46728000,42589000,4139000,0,0,55286000,23749000,327976000,R,R,0.0,84,True,17.08,16.54,17.08,21.19,11.48,11.12,11.48,14.25,28.56,27.65,28.56,35.44
100689,05201904800000,West Covina,CA,84200,2013,108484,2016,False,79733000,77695000,77695000,77695000,0,0,28741000,28268000,473000,16274000,16271000,3000,0,0,0,2121000,75574000,R,R,0.058,50,True,36.99,36.05,36.99,38.03,20.95,20.41,20.95,21.53,57.94,56.46,57.94,59.56
100709,05203000900000,Huntington Beach,CA,36000,2013,201899,2016,False,314501000,274911000,274911000,274911000,0,0,80940000,80270000,670000,40584000,39467000,1117000,0,0,220000,6362000,268329000,R,R,0.0,64,True,29.44,25.74,29.44,30.16,14.76,12.9,14.76,15.12,44.2,38.64,44.2,45.29
100711,05203001600000,Santa Ana,CA,69000,2013,335400,2016,False,407052000,364272000,364272000,364272000,0,0,110641000,110641000,0,45654000,45654000,0,0,0,0,11578000,352694000,R,R,0.0,65,True,30.37,27.18,30.37,31.37,12.53,11.22,12.53,12.94,42.91,38.4,42.91,44.31
100719,05203320100000,Murrieta,CA,50076,2013,109830,2016,False,73867000,73867000,73867000,73867000,0,0,26263000,23096000,3167000,0,0,0,0,0,0,0,73867000,R,-,0.0,48,True,35.55,35.55,35.55,35.55,0.0,0.0,0.0,0.0,35.55,35.55,35.55,35.55
100745,05204301200000,San Jose,CA,68000,2013,1026908,2016,False,1406458000,1361093000,1349953000,1361093000,0,0,215537000,212100000,3437000,115907000,108574000,7333000,0,0,73249000,3541000,1284303000,R,R,0.0,97,True,15.84,15.32,15.84,16.78,8.52,8.24,8.52,9.02,24.35,23.57,24.35,25.81
100750,05204800300000,Fairfield,CA,23182,2013,112970,2016,False,172751000,118496000,117710000,118496000,0,0,33309000,32433000,876000,14266000,13831000,435000,0,0,0,1554000,116942000,R,R,0.0,65,True,28.11,19.28,28.11,28.48,12.04,8.26,12.04,12.2,40.15,27.54,40.15,40.68
101409,06203500300000,Fort Collins,CO,27425,2013,161175,2016,False,389550000,239573000,218689000,239573000,0,0,36119000,34670000,1449000,0,0,0,118000,19336000,85000,0,239488000,R,-,0.0,80,True,15.08,9.27,15.08,15.08,0.0,0.0,0.0,0.0,15.08,9.27,15.08,15.08
101696,07200500800000,Waterbury,CT,80000,2013,108802,2016,False,609808000,596753000,587746000,250744000,346009000,3684000,32167000,28968000,3199000,18607000,18607000,0,0,0,0,3091000,243969000,R,R,0.0,77,True,5.39,5.27,12.83,13.18,3.12,3.05,7.42,7.63,8.51,8.33,20.25,20.81
101927,10200600900000,Miramar,FL,45975,2013,137132,2016,False,164164000,146643000,146643000,146643000,0,0,40690000,39930000,760000,23252000,21107000,2145000,0,0,0,0,146643000,R,R,0.0,75,True,27.75,24.79,27.75,27.75,15.86,14.16,15.86,15.86,43.6,38.95,43.6,43.6
101942,10201600300000,Jacksonville,FL,35000,2013,868031,2016,False,3747467000,1845398000,1720690000,1845398000,0,93002000,285272000,280742000,4530000,157863000,155744000,2119000,1089000,0,171662000,50412000,1530322000,R,R,0.0,134,True,15.46,7.61,15.46,18.64,8.55,4.21,8.55,10.32,24.01,11.82,24.01,28.96
102163,11201100100000,Macon-Bibb County,GA,49008,2013,153515,2016,False,118257000,116513000,110987000,116513000,0,505000,23259000,19694000,3565000,22699000,21573000,1126000,0,0,1534000,0,114474000,R,R,0.0,76,True,19.96,19.67,19.96,20.32,19.48,19.19,19.48,19.83,39.44,38.86,39.44,40.15
102716,14204500700000,Elgin,IL,23074,2013,112111,2016,False,152646000,128807000,128807000,128807000,0,0,35202000,34561000,641000,23858000,23354000,504000,0,0,0,0,128807000,R,R,0.0,66,True,27.33,23.06,27.33,27.33,18.52,15.63,18.52,18.52,45.85,38.69,45.85,45.85
102882,14210100600000,Rockford,IL,65000,2013,148276,2016,False,213441000,191556000,190405000,191556000,0,16432000,45624000,45624000,0,45393000,41866000,3527000,0,0,0,0,175124000,R,R,0.0,67,True,23.82,21.38,23.82,26.05,23.7,21.27,23.7,25.92,47.51,42.64,47.51,51.97
103799,15202900500000,Fishers,IN,23278,2013,88658,2016,False,41814000,41814000,41814000,41814000,0,0,7252000,7231000,21000,8508000,8484000,24000,0,0,0,0,41814000,R,R,0.0,45,True,17.34,17.34,17.34,17.34,20.35,20.35,20.35,20.35,37.69,37.69,37.69,37.69
106055,22200500500000,Lynn,MA,37490,2013,92457,2016,False,346331000,344422000,338299000,140911000,203511000,1107000,20365000,20365000,0,16748000,16748000,0,0,0,0,74000,139730000,R,R,0.557,67,True,5.91,5.88,14.45,14.57,4.86,4.84,11.89,11.99,10.78,10.72,26.34,26.56
106061,22200700300000,Springfield,MA,67000,2013,154341,2016,False,680183000,677822000,672220000,188646000,489176000,3504000,37100000,37078000,22000,18840000,18835000,5000,0,0,0,1324000,183818000,R,R,0.604,70,True,5.47,5.45,19.67,20.18,2.78,2.77,9.99,10.25,8.25,8.22,29.65,30.43
106079,22201400400000,Worcester,MA,82000,2013,184815,2016,False,760630000,735022000,721337000,341128000,393894000,0,42243000,42205000,38000,32940000,32899000,41000,0,0,0,372000,340756000,R,R,0.474,92,True,5.75,5.55,12.38,12.4,4.48,4.33,9.66,9.67,10.23,9.88,22.04,22.06
108127,27205600100000,Billings,MT,06550,2013,110263,2016,False,162544000,134762000,134762000,134762000,0,0,19410000,19000000,410000,15503000,15300000,203000,0,0,12092000,787000,121883000,R,R,0.0,79,True,14.4,11.94,14.4,15.93,11.5,9.54,11.5,12.72,25.91,21.48,25.91,28.64
108910,29201600200000,Sparks,NV,68400,2013,96094,2016,False,88736000,88736000,88736000,88736000,0,0,19824000,19824000,0,14706000,14676000,30000,0,0,0,0,88736000,R,R,0.0,43,True,22.34,22.34,22.34,22.34,16.57,16.57,16.57,16.57,38.91,38.91,38.91,38.91
109593,33206002800000,Yonkers,NY,84000,2013,201116,2016,False,1003931000,983602000,975350000,457266000,526336000,0,79968000,79174000,794000,57879000,57240000,639000,0,0,0,609000,456657000,R,R,0.0,70,True,8.13,7.97,17.49,17.51,5.88,5.77,12.66,12.67,14.01,13.73,30.15,30.19
110047,34201300100000,Concord,NC,14100,2013,87696,2016,False,199027000,102312000,102279000,102312000,0,0,17348000,16935000,413000,15201000,14787000,414000,0,0,13740000,33000,88539000,R,R,0.0,85,True,16.96,8.72,16.96,19.59,14.86,7.64,14.86,17.17,31.81,16.35,31.81,36.76
112811,40200400400000,Providence,RI,59000,2013,179207,2016,False,835937000,754334000,753142000,349963000,404371000,0,80254000,80254000,0,67420000,67420000,0,0,0,0,0,349963000,R,R,0.0,63,True,10.64,9.6,22.93,22.93,8.94,8.07,19.26,19.26,19.58,17.67,42.2,42.2
114311,45201800900000,West Jordan,UT,82950,2013,111946,2016,False,76359000,62731000,62731000,62731000,0,0,13896000,13896000,0,9449000,9449000,0,0,0,0,0,62731000,R,R,0.0,49,True,22.15,18.2,22.15,22.15,15.06,12.37,15.06,15.06,37.21,30.57,37.21,37.21
114563,47210570100000,Chesapeake,VA,16000,2013,235429,2016,False,945493000,892322000,882240000,440650000,451672000,77060000,39286000,39120000,166000,39697000,39692000,5000,0,0,788000,12910000,349892000,R,R,0.0,102,True,4.4,4.16,8.92,11.23,4.45,4.2,9.01,11.35,8.85,8.35,17.92,22.57
114624,48201700400000,Bellevue,WA,05210,2013,139820,2016,False,288462000,249393000,241384000,249393000,0,2712000,27834000,27801000,33000,16195000,15342000,853000,2707000,0,0,17137000,229544000,R,R,0.0,81,True,11.16,9.65,11.16,12.13,6.49,5.61,6.49,7.06,17.65,15.26,17.65,19.18
122748,03200700700000,Goodyear,AZ,28380,2013,79003,2016,False,121361000,108214000,108214000,108214000,0,0,15486000,15486000,0,12332000,12332000,0,0,0,0,0,108214000,R,R,0.0,46,True,14.31,12.76,14.31,14.31,11.4,10.16,11.4,11.4,25.71,22.92,25.71,25.71
123092,05200100300000,Berkeley,CA,06000,2013,120972,2016,False,292292000,292292000,291677000,292292000,0,0,55583000,55582000,1000,23837000,22657000,1180000,0,0,0,30690000,261602000,R,R,0.0,67,True,19.02,19.02,19.02,21.25,8.16,8.16,8.16,9.11,27.17,27.17,27.17,30.36
123093,05200100900000,Oakland,CA,53000,2013,419267,2016,False,1602882000,1602882000,1602882000,1602882000,0,0,210945000,209102000,1843000,102479000,101688000,791000,0,0,259297000,71628000,1271957000,R,R,0.0,87,True,13.16,13.16,13.16,16.58,6.39,6.39,6.39,8.06,19.55,19.55,19.55,24.64
123096,05200700100000,Antioch,CA,02252,2013,110542,2016,False,87549000,62861000,61868000,62861000,0,0,26142000,26142000,0,0,0,0,0,0,0,1433000,61428000,R,-,0.0,60,True,41.59,29.86,41.59,42.56,0.0,0.0,0.0,0.0,41.59,29.86,41.59,42.56
123110,05201902200000,Inglewood,CA,36546,2013,111666,2016,False,170747000,149652000,149652000,149652000,0,0,30757000,30757000,0,11251000,11251000,0,0,0,0,2253000,147399000,R,R,0.055,58,True,20.55,18.01,20.55,20.87,7.52,6.59,7.52,7.63,28.07,24.6,28.07,28.5
123117,05201950600000,Norwalk,CA,52526,2013,107140,2016,False,99802000,76500000,66721000,76500000,0,0,13281000,13281000,0,0,0,0,9779000,0,0,4733000,71767000,R,-,0.046,56,True,17.36,13.31,17.36,18.51,0.0,0.0,0.0,0.0,17.36,13.31,17.36,18.51
123137,05203100500000,Roseville,CA,62938,2013,130269,2016,False,489845000,304694000,304694000,304694000,0,0,28191000,28172000,19000,25434000,24929000,505000,0,0,0,0,304694000,R,R,0.0,74,True,9.25,5.76,9.25,9.25,8.35,5.19,8.35,8.35,17.6,10.95,17.6,17.6
123146,05203600900000,Rialto,CA,60466,2013,103132,2016,False,104922000,91069000,91069000,91069000,0,0,25328000,24296000,1032000,9263000,9159000,104000,0,0,344000,4263000,86462000,R,R,0.0,57,True,27.81,24.14,27.81,29.29,10.17,8.83,10.17,10.71,37.98,32.97,37.98,40.01
123157,05204101200000,San Mateo,CA,68252,2013,103536,2016,False,133563000,133563000,133563000,133563000,0,0,28814000,28234000,580000,19987000,18963000,1024000,0,0,0,606000,132957000,R,R,0.0,69,True,21.57,21.57,21.57,21.67,14.96,14.96,14.96,15.03,36.54,36.54,36.54,36.7
123165,05205400600000,Visalia,CA,82954,2013,130104,2016,False,155764000,141737000,141737000,141737000,0,0,26886000,26626000,260000,12247000,12210000,37000,0,0,2555000,1101000,138081000,R,R,0.0,62,True,18.97,17.26,18.97,19.47,8.64,7.86,8.64,8.87,27.61,25.12,27.61,28.34
124038,07200100100000,Bridgeport,CT,08000,2013,147629,2016,False,808701000,808701000,798853000,443937000,364764000,3451000,101308000,101308000,0,57214000,57214000,0,0,0,1274000,3269000,435943000,R,R,0.0,59,True,12.53,12.53,22.82,23.24,7.07,7.07,12.89,13.12,19.6,19.6,35.71,36.36
124214,09200100100000,Washington Dc,DC,50000,2013,672228,2016,False,12301497000,11556724000,11556724000,9030826000,2525898000,979765000,559765000,526197000,33568000,217719000,207858000,9861000,0,0,0,447400000,7603661000,R,R,0.0,159,True,4.84,4.55,6.2,7.36,1.88,1.77,2.41,2.86,6.73,6.32,8.61,10.23
124438,11202500300000,Savannah,GA,69000,2013,145674,2016,False,359101000,318197000,314983000,318197000,0,2133000,61083000,60214000,869000,26093000,25626000,467000,0,0,38677000,0,277387000,R,R,0.0,98,True,19.2,17.01,19.2,22.02,8.2,7.27,8.2,9.41,27.4,24.28,27.4,31.43
126027,15202900300000,Carmel,IN,10342,2013,88713,2016,False,112917000,90264000,90264000,90264000,0,0,17695000,17619000,76000,20811000,20811000,0,0,0,0,786000,89478000,R,R,0.0,57,True,19.6,15.67,19.6,19.78,23.06,18.43,23.06,23.26,42.66,34.1,42.66,43.03
126081,15207100800000,South Bend,IN,71000,2013,101516,2016,False,159675000,136526000,136526000,136526000,0,0,27642000,27547000,95000,23092000,23092000,0,0,0,0,529000,135997000,R,R,0.058,77,True,20.25,17.31,20.25,20.33,16.91,14.46,16.91,16.98,37.16,31.77,37.16,37.31
127810,19200900300000,Shreveport,LA,70000,2013,197204,2016,False,364716000,317278000,317161000,317278000,0,0,59106000,56195000,2911000,52827000,49731000,3096000,0,0,13251000,701000,303326000,R,R,0.0,91,True,18.63,16.21,18.63,19.49,16.65,14.48,16.65,17.42,35.28,30.69,35.28,36.9
128108,22201300100000,Boston,MA,07000,2013,667137,2016,False,3302121000,3096326000,2923980000,2019996000,1076330000,249195000,321048000,315480000,5568000,188586000,187091000,1495000,0,0,0,16567000,1754234000,R,R,0.0,111,True,10.37,9.72,15.89,18.3,6.09,5.71,9.34,10.75,16.46,15.43,25.23,29.05
128309,23205001400000,Warren,MI,84000,2013,135358,2016,False,167176000,144904000,144904000,144904000,0,0,35613000,35285000,328000,21916000,19768000,2148000,0,0,0,0,144904000,R,R,0.0,69,True,24.58,21.3,24.58,24.58,15.12,13.11,15.12,15.12,39.7,34.41,39.7,39.7
129295,25202500400000,Jackson,MS,36000,2013,170674,2016,False,248848000,212300000,212300000,212300000,0,3943000,32043000,28521000,3522000,20444000,18468000,1976000,0,0,19374000,466000,188517000,S,S,0.0,79,True,15.09,12.88,15.09,17.0,9.63,8.22,9.63,10.84,24.72,21.09,24.72,27.84
129515,26204800500000,Independence,MO,35000,2013,117255,2016,False,303991000,148463000,148463000,148463000,0,0,28403000,28403000,0,17233000,17233000,0,0,0,0,3363000,145100000,R,R,0.0,68,True,19.13,9.34,19.13,19.57,11.61,5.67,11.61,11.88,30.74,15.01,30.74,31.45
130835,31200700900000,Newark,NJ,51000,2013,281944,2016,False,800331000,757474000,713387000,757474000,0,2074000,137951000,137425000,526000,66857000,65118000,1739000,0,0,0,26210000,729190000,R,R,0.0,81,True,18.21,17.24,18.21,18.92,8.83,8.35,8.83,9.17,27.04,25.59,27.04,28.09
131239,33202800800000,Rochester,NY,63000,2013,209802,2016,False,1398983000,1370656000,1367903000,594551000,776105000,0,83335000,83288000,47000,46911000,46910000,1000,0,0,0,1595000,592956000,R,R,0.011,75,True,6.08,5.96,14.02,14.05,3.42,3.35,7.89,7.91,9.5,9.31,21.91,21.97
131717,34202600100000,Fayetteville,NC,22920,2013,201963,2016,False,473085000,208668000,207417000,208668000,0,250000,44325000,42682000,1643000,24510000,22536000,1974000,180000,0,9883000,0,198535000,R,R,0.0,104,True,21.24,9.37,21.24,22.33,11.75,5.18,11.75,12.35,32.99,14.55,32.99,34.67
131775,34209200200000,Cary,NC,10740,2013,159769,2016,False,268214000,234527000,234527000,234527000,0,0,21874000,21666000,208000,22835000,19101000,3734000,0,0,0,0,234527000,R,R,0.0,70,True,9.33,8.16,9.33,9.33,9.74,8.51,9.74,9.74,19.06,16.67,19.06,19.06
133222,38202000400000,Eugene,OR,23850,2013,163460,2016,False,509367000,248852000,246537000,248852000,0,0,48335000,48149000,186000,31660000,31561000,99000,0,0,9368000,0,239484000,R,R,0.0,83,True,19.42,9.49,19.42,20.18,12.72,6.22,12.72,13.22,32.15,15.7,32.15,33.4
133470,39200205600000,Pittsburgh,PA,61000,2013,304391,2016,False,540155000,540155000,540155000,540155000,0,0,79004000,79004000,0,53446000,53446000,0,0,0,0,14000000,526155000,R,R,0.0,62,True,14.63,14.63,14.63,15.02,9.89,9.89,9.89,10.16,24.52,24.52,24.52,25.17
133602,39205100100000,Philadelphia,PA,60000,2013,1567442,2016,False,6339468000,5409328000,5314929000,5314929000,94399000,551865000,649361000,634991000,14370000,207181000,200343000,6838000,0,0,258874000,1321547000,3182643000,R,R,0.0,133,True,12.0,10.24,12.22,20.4,3.83,3.27,3.9,6.51,15.83,13.51,16.12,26.91
135095,44202050300000,Pearland,TX,56348,2013,108821,2016,False,124723000,105681000,104321000,105681000,0,849000,16474000,16020000,454000,4386000,4130000,256000,0,0,0,4465000,100367000,R,R,0.0,80,True,15.59,13.21,15.59,16.41,4.15,3.52,4.15,4.37,19.74,16.73,19.74,20.78
135130,44205700400000,Carrollton,TX,13024,2013,133168,2016,False,150187000,128246000,121024000,128246000,0,0,22439000,21462000,977000,17047000,17047000,0,0,0,0,2443000,125803000,R,R,0.0,59,True,17.5,14.94,17.5,17.84,13.29,11.35,13.29,13.55,30.79,26.29,30.79,31.39
135132,44205702000000,Mesquite,TX,47892,2013,144788,2016,False,178704000,155688000,155688000,155688000,0,0,32620000,31559000,1061000,23346000,22847000,499000,0,0,2203000,1432000,152053000,R,R,0.032,77,True,20.95,18.25,20.95,21.45,15.0,13.06,15.0,15.35,35.95,31.32,35.95,36.81
135275,44221200500000,Tyler,TX,74144,2013,103700,2016,False,152852000,126658000,126658000,126658000,0,0,22305000,22219000,86000,14891000,14891000,0,0,0,7014000,0,119644000,R,R,0.0,74,True,17.61,14.59,17.61,18.64,11.76,9.74,11.76,12.45,29.37,24.33,29.37,31.09
135285,44222600100000,San Angelo,TX,64472,2013,100450,2016,False,161105000,102502000,102502000,102502000,0,55000,16315000,16315000,0,14250000,14250000,0,0,0,4784000,2679000,94984000,R,R,0.0,73,True,15.92,10.13,15.92,17.18,13.9,8.85,13.9,15.0,29.82,18.97,29.82,32.18
135293,44224000100000,Laredo,TX,41464,2013,255473,2016,False,454098000,357912000,357259000,357912000,0,4044000,55187000,54994000,193000,42864000,42854000,10000,0,0,18786000,14538000,320544000,R,R,0.0,102,True,15.42,12.15,15.42,17.22,11.98,9.44,11.98,13.37,27.4,21.59,27.4,30.59
135295,44224300400000,Wichita Falls,TX,79000,2013,104710,2016,False,149067000,116482000,116482000,116482000,0,0,20387000,20304000,83000,13090000,13090000,0,0,0,6405000,4796000,105281000,R,R,0.0,75,True,17.5,13.68,17.5,19.36,11.24,8.78,11.24,12.43,28.74,22.46,28.74,31.8
135298,44224600600000,Round Rock,TX,63500,2013,115997,2016,False,155749000,133710000,133710000,133710000,0,0,23098000,22938000,160000,14197000,13767000,430000,0,0,0,773000,132937000,R,R,0.0,65,True,17.27,14.83,17.27,17.38,10.62,9.12,10.62,10.68,27.89,23.95,27.89,28.05
136056,47211500100000,Hampton,VA,35000,2013,136454,2016,False,554067000,550067000,547928000,326353000,223714000,37007000,28240000,27711000,529000,21984000,20368000,1616000,0,0,0,5583000,283763000,R,R,0.0,100,True,5.13,5.1,8.65,9.95,4.0,3.97,6.74,7.75,9.13,9.06,15.39,17.7
136057,47212200100000,Norfolk,VA,57000,2013,246393,2016,False,1287540000,1201840000,1192583000,802563000,399277000,79399000,71264000,70831000,433000,47043000,47036000,7000,0,0,39519000,47931000,635714000,R,R,0.043,123,True,5.93,5.53,8.88,11.21,3.91,3.65,5.86,7.4,9.84,9.19,14.74,18.61
136110,48201702000000,Renton,WA,57745,2013,100242,2016,False,182402000,169262000,166369000,169262000,0,15087000,22011000,21991000,20000,21920000,21913000,7000,0,0,1656000,356000,152163000,R,R,0.0,78,True,13.0,12.07,13.0,14.47,12.95,12.02,12.95,14.41,25.95,24.08,25.95,28.87
136562,50204100900000,Milwaukee,WI,53000,2013,600155,2016,False,1046999000,979068000,939901000,979068000,0,4908000,253879000,250274000,3605000,110708000,109116000,1592000,0,0,524000,24300000,949336000,R,R,0.0,81,True,25.93,24.25,25.93,26.74,11.31,10.57,11.31,11.66,37.24,34.82,37.24,38.4
137232,05201940200000,Santa Clarita,CA,69088,2013,182371,2016,False,164298000,141034000,141034000,141034000,0,0,20625000,20625000,0,33000,33000,0,0,0,0,226000,140808000,R,R,0.0,54,True,14.62,12.55,14.62,14.65,0.02,0.02,0.02,0.02,14.65,12.57,14.65,14.67
137234,05203340200000,Temecula,CA,78120,2013,112011,2016,False,128153000,126592000,92497000,126592000,0,0,20000,0,20000,295000,0,295000,19887000,4140000,0,463000,126129000,R,R,0.028,57,True,0.02,0.02,0.02,0.02,0.23,0.23,0.23,0.23,0.25,0.25,0.25,0.25
160683,01204900400000,Mobile,AL,50000,2013,194288,2016,False,348496000,314100000,314100000,314100000,0,7617000,42535000,42535000,0,25929000,25929000,0,0,0,0,6379000,300104000,R,R,0.063,54,True,13.54,12.21,13.54,14.17,8.26,7.44,8.26,8.64,21.8,19.65,21.8,22.81
160723,01206300200000,Tuscaloosa,AL,77256,2013,98332,2016,False,174658000,148971000,135374000,135374000,13597000,865000,31267000,31267000,0,18663000,18663000,0,0,0,2635000,130000,131744000,R,R,0.0,62,True,20.99,17.9,23.1,23.73,12.53,10.69,13.79,14.17,33.52,28.59,36.88,37.9
160830,03200700200000,Buckeye,AZ,07940,2013,62138,2016,False,66535000,57191000,56922000,57191000,0,269000,11048000,11036000,12000,9077000,9060000,17000,0,0,280000,0,56642000,R,R,0.0,56,True,19.32,16.6,19.32,19.5,15.87,13.64,15.87,16.03,35.19,30.25,35.19,35.53
160831,03200700500000,Gilbert,AZ,27400,2013,247542,2016,False,236025000,195163000,187722000,195163000,0,1463000,38793000,38671000,122000,22143000,22111000,32000,144000,0,0,0,193700000,R,R,0.0,72,True,19.88,16.44,19.88,20.03,11.35,9.38,11.35,11.43,31.22,25.82,31.22,31.46
160832,03200700900000,Peoria,AZ,54050,2013,171237,2016,False,239496000,212459000,206068000,212249000,210000,800000,31483000,31483000,0,21327000,21327000,0,0,0,0,0,211449000,R,R,0.0,74,True,14.82,13.15,14.83,14.89,10.04,8.9,10.05,10.09,24.86,22.05,24.88,24.98
160833,03200701200000,Tempe,AZ,73000,2013,175826,2016,False,356472000,262601000,262601000,262183000,418000,0,68217000,63710000,4507000,28197000,28056000,141000,0,0,0,0,262183000,R,R,0.0,66,True,25.98,19.14,26.02,26.02,10.74,7.91,10.75,10.75,36.72,27.05,36.77,36.77
160840,03201000200000,Tucson,AZ,77000,2013,531641,2016,False,1037023000,676819000,676819000,676819000,0,0,109988000,109988000,0,78160000,78160000,0,0,0,51118000,0,625701000,R,R,0.0,81,True,16.25,10.61,16.25,17.58,11.55,7.54,11.55,12.49,27.8,18.14,27.8,30.07
161123,05200100600000,Hayward,CA,33000,2013,158289,2016,False,243807000,199277000,199277000,199277000,0,0,57606000,57579000,27000,31609000,31238000,371000,0,0,3338000,2502000,193437000,R,R,0.0,63,True,28.91,23.63,28.91,29.78,15.86,12.96,15.86,16.34,44.77,36.59,44.77,46.12
161132,05200700300000,Concord,CA,16000,2013,128667,2016,False,133682000,133682000,132652000,133682000,0,0,41901000,40581000,1320000,0,0,0,0,0,0,1302000,132380000,R,-,0.029,60,True,31.34,31.34,31.34,31.65,0.0,0.0,0.0,0.0,31.34,31.34,31.34,31.65
161135,05200700900000,Richmond,CA,60620,2013,109708,2016,False,265278000,264157000,264157000,264157000,0,0,63764000,62815000,949000,25095000,24673000,422000,0,0,12049000,0,252108000,R,R,0.0,67,True,24.14,24.04,24.14,25.29,9.5,9.46,9.5,9.95,33.64,33.5,33.64,35.25
161169,05201901400000,El Monte,CA,22230,2013,116732,2016,False,83700000,76609000,68154000,76609000,0,0,23599000,22944000,655000,0,0,0,0,8455000,0,0,76609000,R,-,0.0,59,True,30.8,28.19,30.8,30.8,0.0,0.0,0.0,0.0,30.8,28.19,30.8,30.8
161170,05201901700000,Glendale,CA,30000,2013,201020,2016,False,523687000,308239000,308239000,308239000,0,0,70342000,68224000,2118000,52517000,50703000,1814000,0,0,0,727000,307512000,R,R,0.0,77,True,22.82,13.43,22.82,22.87,17.04,10.03,17.04,17.08,39.86,23.46,39.86,39.95
161173,05201902600000,Long Beach,CA,43000,2013,474140,2016,False,1965177000,1729609000,1729609000,1729609000,0,0,203598000,200075000,3523000,62804000,50005000,12799000,0,0,457937000,54698000,1216974000,R,R,0.0,89,True,11.77,10.36,11.77,16.73,3.63,3.2,3.63,5.16,15.4,13.56,15.4,21.89
161174,05201902700000,Los Angeles,CA,44000,2013,3971883,2016,False,13741859000,8926235000,8923649000,8926235000,0,0,1733971000,1698306000,35665000,452324000,440077000,12247000,0,0,2237024000,231385000,6457826000,R,R,0.0,112,True,19.43,12.62,19.43,26.85,5.07,3.29,5.07,7.0,24.49,15.91,24.49,33.85
161179,05201903600000,Pomona,CA,58072,2013,153266,2016,False,195086000,158792000,156480000,158792000,0,0,43920000,41694000,2226000,21943000,21943000,0,0,0,0,483000,158309000,R,R,0.0,66,True,27.66,22.51,27.66,27.74,13.82,11.25,13.82,13.86,41.48,33.76,41.48,41.6
161212,05202700800000,Salinas,CA,64224,2013,157380,2016,False,114311000,114299000,114299000,114299000,0,0,44005000,40239000,3766000,18670000,18513000,157000,0,0,1467000,4154000,108678000,R,R,0.0,66,True,38.5,38.5,38.5,40.49,16.33,16.33,16.33,17.18,54.83,54.83,54.83,57.67
161218,05203000700000,Fullerton,CA,28000,2013,140847,2016,False,224345000,199496000,199496000,199496000,0,0,35123000,35073000,50000,16579000,16551000,28000,0,0,1475000,3886000,194135000,R,R,0.0,65,True,17.61,15.66,17.61,18.09,8.31,7.39,8.31,8.54,25.92,23.05,25.92,26.63
161220,05203001300000,Orange,CA,53980,2013,140992,2016,False,154458000,130105000,130105000,130105000,0,0,37272000,37083000,189000,16187000,15958000,229000,0,0,0,11572000,118533000,R,R,0.021,59,True,28.65,24.13,28.65,31.44,12.44,10.48,12.44,13.66,41.09,34.61,41.09,45.1
161229,05203090100000,Irvine,CA,36770,2013,256927,2016,False,270875000,267441000,267441000,267441000,0,0,58255000,58084000,171000,0,0,0,0,0,0,4733000,262708000,R,-,0.0,57,True,21.78,21.51,21.78,22.17,0.0,0.0,0.0,0.0,21.78,21.51,21.78,22.17
161238,05203340100000,Moreno Valley,CA,49270,2013,204198,2016,False,193421000,176016000,176016000,176016000,0,0,45790000,42256000,3534000,15617000,15540000,77000,0,0,0,3321000,172695000,R,R,0.027,60,True,26.01,23.67,26.01,26.51,8.87,8.07,8.87,9.04,34.89,31.75,34.89,35.56
161241,05203400500000,Sacramento,CA,64000,2013,490712,2016,False,878628000,786247000,786247000,786247000,0,0,138519000,138438000,81000,90837000,84777000,6060000,0,0,0,18427000,767820000,R,R,0.0,90,True,17.62,15.77,17.62,18.04,11.55,10.34,11.55,11.83,29.17,26.1,29.17,29.87
161245,05203600400000,Fontana,CA,24680,2013,207460,2016,False,192893000,192342000,192342000,192342000,0,0,50500000,45801000,4699000,1242000,0,1242000,0,0,0,105000,192237000,R,R,0.0,62,True,26.26,26.18,26.26,26.27,0.65,0.64,0.65,0.65,26.9,26.82,26.9,26.92
161246,05203600700000,Ontario,CA,53896,2013,171214,2016,False,283876000,249652000,249652000,249652000,0,0,67620000,65108000,2512000,34099000,33505000,594000,0,0,0,1349000,248303000,R,R,0.0,68,True,27.09,23.82,27.09,27.23,13.66,12.01,13.66,13.73,40.74,35.83,40.74,40.97
161251,05203660100000,Rancho Cucamonga,CA,59451,2013,175236,2016,False,405237000,397073000,133947000,397073000,0,0,261000,0,261000,46123000,45725000,398000,29313000,0,0,3136000,393937000,R,R,0.0,63,True,0.07,0.06,0.07,0.07,11.62,11.38,11.62,11.71,11.68,11.45,11.68,11.77
161252,05203670100000,Victorville,CA,82590,2013,122225,2016,False,140232000,113296000,100263000,113296000,0,0,18578000,18562000,16000,0,0,0,0,13033000,7528000,552000,105216000,R,-,0.0,58,True,16.4,13.25,16.4,17.66,0.0,0.0,0.0,0.0,16.4,13.25,16.4,17.66
161254,05203700100000,Carlsbad,CA,11194,2013,113453,2016,False,266896000,203179000,179849000,203179000,0,0,28654000,28247000,407000,4762000,4047000,715000,0,0,0,14357000,188822000,R,R,0.0,69,True,14.1,10.74,14.1,15.18,2.34,1.78,2.34,2.52,16.45,12.52,16.45,17.7
161255,05203700500000,Escondido,CA,22804,2013,151451,2016,False,211690000,154534000,154534000,154534000,0,0,36244000,36232000,12000,18865000,18865000,0,0,0,0,744000,153790000,R,R,0.0,68,True,23.45,17.12,23.45,23.57,12.21,8.91,12.21,12.27,35.66,26.03,35.66,35.83
161256,05203700900000,Oceanside,CA,53322,2013,175691,2016,False,276011000,216274000,216274000,216274000,0,0,48751000,47838000,913000,23109000,23109000,0,0,0,6007000,37000,210230000,R,R,0.0,73,True,22.54,17.66,22.54,23.19,10.69,8.37,10.69,10.99,33.23,26.04,33.23,34.18
161258,05203800100000,San Francisco And County,CA,67000,2013,864816,2016,False,8752135000,6716884000,6713996000,6716884000,0,1230226000,395548000,390826000,4722000,259931000,255725000,4206000,0,0,792360000,960709000,3733589000,R,R,0.0,126,True,5.89,4.52,5.89,10.59,3.87,2.97,3.87,6.96,9.76,7.49,9.76,17.56
161273,05204200400000,Santa Maria,CA,69196,2013,105093,2016,False,144476000,102666000,102666000,102666000,0,0,23957000,22163000,1794000,10119000,9283000,836000,0,0,0,0,102666000,R,R,0.02,61,True,23.33,16.58,23.33,23.33,9.86,7.0,9.86,9.86,33.19,23.59,33.19,33.19
161280,05204301300000,Santa Clara,CA,69084,2013,126215,2016,False,816069000,482899000,482899000,482899000,0,0,42991000,42991000,0,32446000,32238000,208000,0,0,0,2863000,480036000,R,R,0.0,67,True,8.9,5.27,8.9,8.96,6.72,3.98,6.72,6.76,15.62,9.24,15.62,15.71
161281,05204301400000,Sunnyvale,CA,77000,2013,151754,2016,False,293509000,248190000,248190000,248190000,0,0,33061000,33016000,45000,29884000,29884000,0,0,0,0,1525000,246665000,R,R,0.0,66,True,13.32,11.26,13.32,13.4,12.04,10.18,12.04,12.12,25.36,21.45,25.36,25.52
161286,05204800600000,Vacaville,CA,81554,2013,96803,2016,False,166843000,146486000,146486000,146486000,0,0,26835000,26199000,636000,11307000,10774000,533000,0,0,0,6953000,139533000,R,R,0.0,66,True,18.32,16.08,18.32,19.23,7.72,6.78,7.72,8.1,26.04,22.86,26.04,27.34
161287,05204900400000,Santa Rosa,CA,70098,2013,174972,2016,False,293553000,233062000,233062000,233062000,0,0,43486000,43486000,0,31353000,30932000,421000,0,0,0,2492000,230570000,R,R,0.0,67,True,18.66,14.81,18.66,18.86,13.45,10.68,13.45,13.6,32.11,25.49,32.11,32.46
161299,05205600300000,Oxnard,CA,54652,2013,207254,2016,False,401567000,308872000,308872000,308872000,0,0,66842000,66222000,620000,25745000,24551000,1194000,0,0,0,0,308872000,R,R,0.0,67,True,21.64,16.65,21.64,21.64,8.34,6.41,8.34,8.34,29.98,23.06,29.98,29.98
161300,05205600500000,San Buenaventura,CA,65042,2013,109708,2016,False,148113000,125679000,125679000,125679000,0,0,31642000,31378000,264000,16008000,15508000,500000,0,0,0,785000,124894000,R,R,0.0,70,True,25.18,21.36,25.18,25.34,12.74,10.81,12.74,12.82,37.91,32.17,37.91,38.15
161302,05205680100000,Simi Valley,CA,72016,2013,126788,2016,False,141139000,97005000,97005000,97005000,0,0,28630000,28536000,94000,0,0,0,0,0,0,1319000,95686000,R,-,0.015,66,True,29.51,20.28,29.51,29.92,0.0,0.0,0.0,0.0,29.51,20.28,29.51,29.92
161328,06200100600000,Thornton,CO,77290,2013,133451,2016,False,171758000,139766000,139766000,139766000,0,0,27307000,25558000,1749000,12385000,12049000,336000,0,0,0,0,139766000,I,I,1.0,71,True,19.54,15.9,19.54,19.54,8.86,7.21,8.86,8.86,28.4,23.11,28.4,28.4
161337,06200700100000,Boulder,CO,07850,2013,107349,2016,False,246855000,234409000,234409000,234409000,0,0,33912000,33912000,0,13938000,13852000,86000,0,0,390000,0,234019000,R,R,0.0,60,True,14.47,13.74,14.47,14.49,5.95,5.65,5.95,5.96,20.41,19.38,20.41,20.45
161362,06202100200000,Colorado Springs,CO,16000,2013,456568,2016,False,1840682000,1005696000,1005056000,1005696000,0,538633000,86747000,85748000,999000,40904000,39998000,906000,0,0,43529000,1270000,422264000,R,R,0.0,79,True,8.63,4.71,8.63,20.54,4.07,2.22,4.07,9.69,12.69,6.93,12.69,30.23
161374,06203000100000,Arvada,CO,03455,2013,115368,2016,False,132484000,113589000,113589000,113589000,0,0,25602000,25518000,84000,0,0,0,0,0,0,0,113589000,R,-,0.0,47,True,22.54,19.32,22.54,22.54,0.0,0.0,0.0,0.0,22.54,19.32,22.54,22.54
161376,06203080100000,Lakewood,CO,43000,2013,152597,2016,False,155281000,153270000,153270000,153270000,0,563000,42613000,40709000,1904000,0,0,0,0,0,0,1368000,151339000,I,-,1.0,78,True,27.8,27.44,27.8,28.16,0.0,0.0,0.0,0.0,27.8,27.44,27.8,28.16
161441,07200200200000,Hartford,CT,37000,2013,124006,2016,False,801851000,801851000,759210000,305126000,496725000,0,57518000,55727000,1791000,35974000,34183000,1791000,0,0,0,14213000,290913000,R,R,0.0,75,True,7.17,7.17,18.85,19.77,4.49,4.49,11.79,12.37,11.66,11.66,30.64,32.14
161447,07200500600000,New Haven,CT,52000,2013,130322,2016,False,728439000,728439000,718494000,354723000,373716000,0,37525000,37525000,0,31430000,31430000,0,0,0,89000,5354000,349280000,R,R,0.0,72,True,5.15,5.15,10.58,10.74,4.31,4.31,8.86,9.0,9.47,9.47,19.44,19.74
161572,10200100300000,Gainesville,FL,25175,2013,130128,2016,False,562923000,230368000,230368000,230368000,0,996000,39004000,37166000,1838000,16433000,15916000,517000,0,0,0,278000,229094000,R,R,0.0,113,True,16.93,6.93,16.93,17.03,7.13,2.92,7.13,7.17,24.06,9.85,24.06,24.2
161585,10200600400000,Fort Lauderdale,FL,24000,2013,178590,2016,False,482710000,372002000,372002000,372002000,0,0,106334000,103383000,2951000,77222000,72760000,4462000,0,0,9577000,0,362425000,R,R,0.0,80,True,28.58,22.03,28.58,29.34,20.76,16.0,20.76,21.31,49.34,38.03,49.34,50.65
161586,10200600700000,Hollywood,FL,32000,2013,149728,2016,False,282945000,247479000,247479000,247479000,0,0,61855000,58341000,3514000,40780000,39732000,1048000,0,0,0,0,247479000,R,R,0.0,74,True,24.99,21.86,24.99,24.99,16.48,14.41,16.48,16.48,41.47,36.27,41.47,41.47
161588,10200601100000,Pompano Beach,FL,58050,2013,107762,2016,False,206509000,180540000,180540000,180540000,0,0,36820000,36820000,0,19806000,18307000,1499000,0,0,4237000,11736000,164567000,R,R,0.0,86,True,20.39,17.83,20.39,22.37,10.97,9.59,10.97,12.04,31.36,27.42,31.36,34.41
161593,10200650900000,Pembroke Pines,FL,55775,2013,166611,2016,False,314031000,306258000,306258000,306258000,0,1860000,48315000,46865000,1450000,44291000,44167000,124000,0,0,0,0,304398000,R,R,0.0,79,True,15.78,15.39,15.78,15.87,14.46,14.1,14.46,14.55,30.24,29.49,30.24,30.42
161594,10200670100000,Davie,FL,16475,2013,100882,2016,False,159193000,97087000,97087000,97087000,0,0,37521000,36340000,1181000,23608000,22620000,988000,0,0,0,0,97087000,R,R,0.0,59,True,38.65,23.57,38.65,38.65,24.32,14.83,24.32,24.32,62.96,38.4,62.96,62.96
161595,10200670200000,Coral Springs,FL,14400,2013,129485,2016,False,146781000,135578000,135578000,135578000,0,0,46953000,46123000,830000,19180000,17059000,2121000,0,0,0,9158000,126420000,R,R,0.0,73,True,34.63,31.99,34.63,37.14,14.15,13.07,14.15,15.17,48.78,45.06,48.78,52.31
161604,10201300800000,Hialeah,FL,30000,2013,237069,2016,False,238985000,219414000,219414000,219414000,0,0,44755000,44029000,726000,37951000,34258000,3693000,0,0,0,0,219414000,R,R,0.0,87,True,20.4,18.73,20.4,20.4,17.3,15.88,17.3,17.3,37.69,34.61,37.69,37.69
161633,10202900300000,Tampa,FL,71000,2013,369075,2016,False,749554000,672558000,672558000,672558000,0,0,158122000,136744000,21378000,75311000,71540000,3771000,0,0,0,0,672558000,R,R,0.0,90,True,23.51,21.1,23.51,23.51,11.2,10.05,11.2,11.2,34.71,31.14,34.71,34.71
161649,10203680100000,Cape Coral,FL,10275,2013,175229,2016,False,268882000,217353000,216503000,198288000,19065000,0,35109000,33576000,1533000,28379000,27712000,667000,0,0,0,0,198288000,R,R,0.0,80,True,16.15,13.06,17.71,17.71,13.06,10.55,14.31,14.31,29.21,23.61,32.02,32.02
161650,10203700100000,Tallahassee,FL,70600,2013,189907,2016,False,769454000,403368000,403368000,403368000,0,0,50248000,49968000,280000,32210000,32148000,62000,0,0,21234000,0,382134000,R,R,0.0,91,True,12.46,6.53,12.46,13.15,7.99,4.19,7.99,8.43,20.44,10.72,20.44,21.58
161665,10204800900000,Orlando,FL,53000,2013,270934,2016,False,667931000,664749000,664749000,664749000,0,0,130470000,121264000,9206000,92463000,90484000,1979000,0,0,0,9770000,654979000,R,R,0.0,79,True,19.63,19.53,19.63,19.92,13.91,13.84,13.91,14.12,33.54,33.38,33.54,34.04
161679,10205002300000,West Palm Beach,FL,76600,2013,106779,2016,False,280094000,243683000,243683000,243683000,0,0,47586000,47172000,414000,28432000,28425000,7000,0,0,0,1493000,242190000,R,R,0.0,82,True,19.53,16.99,19.53,19.65,11.67,10.15,11.67,11.74,31.2,27.14,31.2,31.39
161693,10205202000000,St Petersburg,FL,63000,2013,257083,2016,False,461877000,404353000,404353000,404353000,0,0,89180000,88838000,342000,32450000,31954000,496000,0,0,3828000,12530000,387995000,R,R,0.0,83,True,22.05,19.31,22.05,22.98,8.03,7.03,8.03,8.36,30.08,26.33,30.08,31.35
161710,10205650200000,Port St Lucie,FL,58715,2013,179413,2016,False,241963000,159033000,159033000,159033000,0,0,34890000,34662000,228000,0,0,0,0,0,0,1226000,157807000,R,-,0.0,61,True,21.94,14.42,21.94,22.11,0.0,0.0,0.0,0.0,21.94,14.42,21.94,22.11
161834,11202900100000,Athens-Clarke County Unified Government,GA,03436,2013,123912,2016,False,249190000,217486000,210753000,217486000,0,13894000,23396000,23159000,237000,11953000,11953000,0,0,0,3097000,12838000,187657000,R,R,0.0,91,True,10.76,9.39,10.76,12.47,5.5,4.8,5.5,6.37,16.25,14.19,16.25,18.84
161944,11210600200000,Columbus Consolidated Government,GA,19000,2013,200579,2016,False,413224000,388692000,373198000,388692000,0,56802000,49626000,45618000,4008000,27770000,26730000,1040000,0,0,5604000,15898000,310388000,R,R,0.0,109,True,12.77,12.01,12.77,15.99,7.14,6.72,7.14,8.95,19.91,18.73,19.91,24.94
162035,13200100100000,Boise,ID,08830,2013,218281,2016,False,273874000,273874000,273874000,273874000,0,0,46421000,46421000,0,41755000,41755000,0,0,0,29890000,0,243984000,R,R,0.0,55,True,16.95,16.95,16.95,19.03,15.25,15.25,15.25,17.11,32.2,32.2,32.2,36.14
162037,13200100400000,Meridian,ID,52120,2013,90739,2016,False,55397000,47122000,47122000,47122000,0,0,11990000,11674000,316000,8558000,8348000,210000,0,0,0,0,47122000,R,R,0.0,38,True,25.44,21.64,25.44,25.44,18.16,15.45,18.16,18.16,43.61,37.09,43.61,43.61
162062,13201400400000,Nampa,ID,56260,2013,89839,2016,False,90322000,83914000,83914000,83914000,0,0,16553000,16553000,0,10854000,10854000,0,0,0,295000,0,83619000,R,R,0.0,55,True,19.73,18.33,19.73,19.8,12.93,12.02,12.93,12.98,32.66,30.34,32.66,32.78
162236,14201601600000,Chicago,IL,14000,2013,2720546,2016,False,7827604000,7390295000,7390295000,7390295000,0,281390000,1407390000,1360930000,46460000,544588000,540316000,4272000,0,0,1112918000,151335000,5844652000,R,R,0.0,113,True,19.04,17.98,19.04,24.08,7.37,6.96,7.37,9.32,26.41,24.94,26.41,33.4
162299,14202201200000,Naperville,IL,51622,2013,147100,2016,False,339794000,152748000,152748000,152748000,0,0,33815000,33633000,182000,27499000,27355000,144000,0,0,0,0,152748000,R,R,0.0,66,True,22.14,9.95,22.14,22.14,18.0,8.09,18.0,18.0,40.14,18.04,40.14,40.14
162629,14208402200000,Springfield,IL,72000,2013,116565,2016,False,388346000,144716000,143449000,144716000,0,0,37035000,36682000,353000,34143000,33971000,172000,0,0,0,0,144716000,R,R,0.0,73,True,25.59,9.54,25.59,25.59,23.59,8.79,23.59,23.59,49.18,18.33,49.18,49.18
162690,14209900700000,Joliet,IL,38570,2013,147861,2016,False,232564000,203116000,203116000,203116000,0,0,40915000,36680000,4235000,26559000,25616000,943000,0,0,0,0,203116000,R,R,0.0,66,True,20.14,17.59,20.14,20.14,13.08,11.42,13.08,13.08,33.22,29.01,33.22,33.22
163465,15200200100000,Fort Wayne,IN,25000,2013,260326,2016,False,311004000,252059000,250692000,252059000,0,0,52018000,51956000,62000,37913000,37913000,0,0,0,0,2554000,249505000,R,R,0.0,72,True,20.64,16.73,20.64,20.85,15.04,12.19,15.04,15.2,35.68,28.92,35.68,36.04
163681,15208200100000,Evansville,IN,22000,2013,119943,2016,False,193090000,164719000,164325000,164719000,0,0,30910000,30787000,123000,24429000,24429000,0,0,0,17674000,814000,146231000,R,R,0.057,72,True,18.77,16.01,18.77,21.14,14.83,12.65,14.83,16.71,33.6,28.66,33.6,37.84
164470,16205700300000,Cedar Rapids,IA,12000,2013,130405,2016,False,506356000,468382000,468382000,468382000,0,0,32971000,32904000,67000,18310000,18195000,115000,0,0,17642000,907000,449833000,R,R,0.0,82,True,7.04,6.51,7.04,7.33,3.91,3.62,3.91,4.07,10.95,10.13,10.95,11.4
164885,17208900300000,Topeka,KS,71000,2013,127265,2016,False,175800000,144693000,144693000,144693000,0,0,31111000,31111000,0,21667000,21667000,0,0,0,0,0,144693000,R,R,0.0,61,True,21.5,17.7,21.5,21.5,14.97,12.32,14.97,14.97,36.48,30.02,36.48,36.48
164911,17210500300000,Wyandotte County And Kansas Unified Government,KS,36000,2013,151306,2016,False,617884000,290111000,290111000,290111000,0,21117000,50952000,49894000,1058000,36031000,35912000,119000,0,0,0,11272000,257722000,R,R,0.0,89,True,17.56,8.25,17.56,19.77,12.42,5.83,12.42,13.98,29.98,14.08,29.98,33.75
165831,18203400100000,Lexington-Fayette Urban County Government,KY,46027,2013,314488,2016,False,472399000,450390000,450390000,450390000,0,32603000,46662000,46020000,642000,44132000,43366000,766000,0,0,21035000,15611000,381141000,I,I,1.0,97,True,10.36,9.88,10.36,12.24,9.8,9.34,9.8,11.58,20.16,19.22,20.16,23.82
165866,18205601400000,Louisville-Jefferson County Metro Government,KY,48003,2013,763623,2016,False,1327578000,907776000,846695000,853554000,54222000,60068000,99210000,98867000,343000,100364000,71874000,28490000,0,0,48736000,32300000,712450000,I,I,1.0,110,True,10.93,7.47,11.62,13.93,11.06,7.56,11.76,14.09,21.98,15.03,23.38,28.01
166054,19201700200000,Baton Rouge-East Baton Rouge-Parish,LA,05000,2013,228590,2016,False,1252870000,1231674000,1224337000,1214625000,17049000,122456000,139505000,127183000,12322000,79431000,72439000,6992000,0,0,31821000,35138000,1025210000,R,R,0.0,134,True,11.33,11.13,11.49,13.61,6.45,6.34,6.54,7.75,17.78,17.47,18.02,21.36
166076,19202800400000,Lafayette-Parish,LA,40735,2013,127657,2016,False,575040000,357787000,355895000,357787000,0,22568000,54666000,53020000,1646000,18272000,17914000,358000,0,634000,21403000,3726000,310090000,R,R,0.0,124,True,15.28,9.51,15.28,17.63,5.11,3.18,5.11,5.89,20.39,12.68,20.39,23.52
166094,19203600100000,New Orleans,LA,55000,2013,389617,2016,False,1706088000,1607214000,1607214000,1607214000,0,174366000,141482000,137557000,3925000,92523000,92047000,476000,0,0,123375000,29067000,1280406000,R,RS,0.0,114,True,8.8,8.29,8.8,11.05,5.76,5.42,5.76,7.23,14.56,13.72,14.56,18.28
166441,22200300300000,New Bedford,MA,45000,2013,94958,2016,False,333054000,324970000,319721000,142194000,182776000,3322000,21864000,21630000,234000,12240000,12189000,51000,0,0,9523000,3435000,125914000,R,R,0.529,86,True,6.73,6.56,15.38,17.36,3.77,3.68,8.61,9.72,10.49,10.24,23.98,27.09
166448,22200900100000,Cambridge,MA,11000,2013,110402,2016,False,1063811000,1041161000,1018503000,843360000,197801000,535190000,32194000,31750000,444000,24669000,24582000,87000,0,0,0,44000,308126000,R,R,0.174,91,True,3.09,3.03,3.82,10.45,2.37,2.32,2.93,8.01,5.46,5.35,6.74,18.45
166449,22200900300000,Lowell,MA,37000,2013,110699,2016,False,360158000,349108000,342271000,143899000,205209000,1242000,22719000,22449000,270000,15843000,15729000,114000,0,0,1476000,2117000,139064000,R,R,0.531,89,True,6.51,6.31,15.79,16.34,4.54,4.4,11.01,11.39,11.05,10.71,26.8,27.73
166454,22201100100000,Quincy,MA,55745,2013,93618,2016,False,377740000,369959000,339555000,190125000,179834000,1762000,22825000,22525000,300000,18820000,18820000,0,0,0,0,2151000,186212000,R,R,0.352,73,True,6.17,6.04,12.01,12.26,5.09,4.98,9.9,10.11,11.26,11.02,21.9,22.36
166455,22201200100000,Brockton,MA,09000,2013,95314,2016,False,362757000,345399000,340930000,114288000,231111000,1161000,16899000,16638000,261000,19867000,19302000,565000,0,0,0,890000,112237000,R,R,0.596,86,True,4.89,4.66,14.79,15.06,5.75,5.48,17.38,17.7,10.64,10.14,32.17,32.76
166690,23203300300000,Lansing,MI,46000,2013,115056,2016,False,581938000,193897000,193897000,193897000,0,0,32755000,32755000,0,30020000,30020000,0,0,0,0,0,193897000,I,I,0.752,72,True,16.89,5.63,16.89,16.89,15.48,5.16,15.48,15.48,32.38,10.79,32.38,32.38
166734,23205080100000,Sterling Heights,MI,76460,2013,132052,2016,False,127802000,113730000,96584000,113730000,0,0,28745000,28479000,266000,16944000,16883000,61000,0,0,0,0,113730000,R,R,0.0,74,True,25.27,22.49,25.27,25.27,14.9,13.26,14.9,14.9,40.17,35.75,40.17,40.17
166817,23208200400000,Detroit,MI,22000,2013,677116,2016,False,2695485000,2221523000,2212534000,2220903000,620000,5122000,479138000,437571000,41567000,128132000,128047000,85000,0,0,1676000,29003000,2185102000,R,R,0.0,106,True,21.57,17.78,21.57,21.93,5.77,4.75,5.77,5.86,27.34,22.53,27.34,27.79
167574,24205500400000,Rochester,MN,54880,2013,112225,2016,False,386270000,232485000,232485000,232485000,0,0,20949000,20949000,0,13559000,13400000,159000,0,0,6172000,296000,226017000,R,R,0.204,74,True,9.01,5.42,9.01,9.27,5.83,3.51,5.83,6.0,14.84,8.93,14.84,15.27
167605,24206200900000,St Paul,MN,58000,2013,300851,2016,False,591992000,535572000,535572000,535572000,0,0,89839000,88696000,1143000,56693000,55333000,1360000,0,0,21380000,4675000,509517000,R,R,0.0,64,True,16.77,15.18,16.77,17.63,10.59,9.58,10.59,11.13,27.36,24.75,27.36,28.76
168809,26201000300000,Columbia,MO,15670,2013,119108,2016,False,286842000,161172000,161172000,161172000,0,0,15337000,15225000,112000,11755000,10386000,1369000,0,0,4075000,4687000,152410000,R,R,0.0,98,True,9.52,5.35,9.52,10.06,7.29,4.1,7.29,7.71,16.81,9.44,16.81,17.78
168896,26203900300000,Springfield,MO,70000,2013,166810,2016,False,683998000,329735000,329735000,329735000,0,1291000,67685000,67561000,124000,18403000,18403000,0,0,0,13702000,9216000,305526000,R,R,0.0,100,True,20.53,9.9,20.53,22.15,5.58,2.69,5.58,6.02,26.11,12.59,26.11,28.18
168926,26204800700000,Lees Summit,MO,41348,2013,95094,2016,False,119826000,108644000,108644000,108644000,0,0,18297000,18297000,0,16127000,15877000,250000,0,0,2052000,0,106592000,R,R,0.0,54,True,16.84,15.27,16.84,17.17,14.84,13.46,14.84,15.13,31.69,28.73,31.69,32.3
169159,26209600100000,St Louis,MO,65000,2013,315685,2016,False,1253442000,1173203000,1173203000,1173203000,0,66228000,251046000,251046000,0,51954000,51954000,0,0,0,147847000,52930000,906198000,S,S,0.0,81,True,21.4,20.03,21.4,27.7,4.43,4.14,4.43,5.73,25.83,24.17,25.83,33.44
169646,28205500700000,Lincoln,NE,28000,2013,277348,2016,False,585583000,298681000,279558000,298681000,0,6918000,36517000,35363000,1154000,23347000,22609000,738000,0,0,0,15540000,276223000,R,R,0.0,93,True,12.23,6.24,12.23,13.22,7.82,3.99,7.82,8.45,20.04,10.22,20.04,21.67
169987,29200200100000,Henderson,NV,31900,2013,285667,2016,False,418698000,357911000,357911000,357911000,0,17370000,74723000,72880000,1843000,37672000,37598000,74000,0,0,0,0,340541000,R,R,0.0,71,True,20.88,17.85,20.88,21.94,10.53,9.0,10.53,11.06,31.4,26.84,31.4,33.0
169988,29200200200000,Las Vegas,NV,40000,2013,623747,2016,False,786960000,786959000,655473000,786959000,0,47637000,9216000,9216000,0,123478000,118322000,5156000,120966000,0,0,3322000,736000000,R,R,0.0,78,True,1.17,1.17,1.17,1.25,15.69,15.69,15.69,16.78,16.86,16.86,16.86,18.03
169993,29201600100000,Reno,NV,60600,2013,241445,2016,False,311430000,311430000,311430000,311430000,0,0,55236000,55236000,0,41009000,40987000,22000,0,0,0,0,311430000,R,R,0.0,55,True,17.74,17.74,17.74,17.74,13.17,13.17,13.17,13.17,30.9,30.9,30.9,30.9
170001,30200600100000,Manchester,NH,45140,2013,110229,2016,False,470896000,443114000,439440000,273543000,169571000,1058000,31151000,30779000,372000,27718000,27716000,2000,0,0,31952000,5334000,235199000,R,R,0.395,99,True,7.03,6.62,11.39,13.24,6.26,5.89,10.13,11.78,13.29,12.5,21.52,25.03
170378,32200100100000,Albuquerque,NM,02000,2013,559121,2016,False,1070222000,890220000,890220000,890220000,0,15662000,159063000,159063000,0,72406000,72406000,0,0,0,47281000,21075000,806202000,R,R,0.0,85,True,17.87,14.86,17.87,19.73,8.13,6.77,8.13,8.98,26.0,21.63,26.0,28.71
170404,32202360100000,Rio Rancho,NM,63460,2013,94171,2016,False,119453000,90948000,89435000,89435000,1513000,870000,15988000,15640000,348000,10929000,10109000,820000,0,0,0,0,88565000,R,R,0.0,81,True,17.58,13.38,17.88,18.05,12.02,9.15,12.22,12.34,29.6,22.53,30.1,30.39
170440,33200100100000,Albany,NY,01000,2013,98469,2016,False,263551000,263551000,263399000,263551000,0,0,55017000,53673000,1344000,32687000,32471000,216000,0,0,0,540000,263011000,R,R,0.0,65,True,20.88,20.88,20.88,20.92,12.4,12.4,12.4,12.43,33.28,33.28,33.28,33.35
170582,33203401500000,Syracuse,NY,73000,2013,144142,2016,False,866103000,849762000,847025000,405789000,443973000,0,45591000,43927000,1664000,30658000,29568000,1090000,0,0,22441000,401000,382947000,R,R,0.0,90,True,5.37,5.26,11.24,11.91,3.61,3.54,7.56,8.01,8.97,8.8,18.79,19.91
171207,34204100200000,Greensboro,NC,28000,2013,285342,2016,False,473311000,403175000,403057000,403175000,0,0,73909000,72726000,1183000,44010000,42116000,1894000,0,0,0,323000,402852000,R,R,0.0,87,True,18.33,15.62,18.33,18.35,10.92,9.3,10.92,10.92,29.25,24.91,29.25,29.27
171248,34206500300000,Wilmington,NC,74440,2013,115933,2016,False,120205000,117789000,116919000,117789000,0,541000,25261000,24883000,378000,16459000,14642000,1817000,0,0,0,0,117248000,R,R,0.0,68,True,21.45,21.01,21.45,21.54,13.97,13.69,13.97,14.04,35.42,34.71,35.42,35.58
171305,34209200800000,Raleigh,NC,55000,2013,451066,2016,False,661727000,494480000,494480000,494480000,0,1015000,96248000,93356000,2892000,51065000,50220000,845000,0,0,0,0,493465000,R,R,0.0,88,True,19.46,14.54,19.46,19.5,10.33,7.72,10.33,10.35,29.79,22.26,29.79,29.85
171371,35200900900000,Fargo,ND,25700,2013,118523,2016,False,232305000,216132000,216132000,216132000,0,8975000,26788000,26788000,0,0,0,0,0,0,0,345000,206812000,R,-,0.0,74,True,12.39,11.53,12.39,12.95,0.0,0.0,0.0,0.0,12.39,11.53,12.39,12.95
172358,36201801400000,Cleveland,OH,16000,2013,388072,2016,False,1261291000,822996000,813471000,822996000,0,20186000,174303000,174285000,18000,85787000,85533000,254000,0,0,101047000,38958000,662805000,R,R,0.0,86,True,21.18,13.82,21.18,26.3,10.42,6.8,10.42,12.94,31.6,20.62,31.6,39.24
172543,36205700400000,Dayton,OH,21000,2013,140599,2016,False,347542000,297935000,297314000,297935000,0,2371000,43282000,43282000,0,34774000,34774000,0,0,0,37206000,0,258358000,I,I,1.0,52,True,14.53,12.45,14.53,16.75,11.67,10.01,11.67,13.46,26.2,22.46,26.2,30.21
173685,38202600200000,Gresham,OR,31250,2013,110553,2016,False,112833000,103363000,103363000,103363000,0,0,21974000,21904000,70000,16134000,16053000,81000,0,0,0,0,103363000,R,R,0.0,69,True,21.26,19.47,21.26,21.26,15.61,14.3,15.61,15.61,36.87,33.77,36.87,36.87
174015,39203900200000,Allentown,PA,02000,2013,120207,2016,False,195395000,176944000,176944000,176944000,0,0,33134000,31833000,1301000,18476000,18352000,124000,0,0,0,6270000,170674000,R,R,0.0,67,True,18.73,16.96,18.73,19.41,10.44,9.46,10.44,10.83,29.17,26.41,29.17,30.24
174889,41201000100000,Charleston,SC,13330,2013,132609,2016,False,266692000,148820000,148820000,148820000,0,450000,39789000,39789000,0,23471000,23471000,0,0,0,0,0,148370000,R,R,0.0,53,True,26.74,14.92,26.74,26.82,15.77,8.8,15.77,15.82,42.51,23.72,42.51,42.64
174894,41201090100000,North Charleston,SC,50875,2013,108304,2016,False,139698000,139698000,139698000,139698000,0,0,31062000,29644000,1418000,17436000,16194000,1242000,0,0,0,0,139698000,R,R,0.0,53,True,22.24,22.24,22.24,22.24,12.48,12.48,12.48,12.48,34.72,34.72,34.72,34.72
174959,41204000100000,Columbia,SC,16000,2013,133803,2016,False,292856000,198383000,197884000,198235000,148000,499000,34288000,33016000,1272000,18665000,18380000,285000,0,0,0,1389000,196347000,R,R,0.0,79,True,17.28,11.71,17.3,17.46,9.41,6.37,9.42,9.51,26.69,18.08,26.71,26.97
175728,43201900300000,Nashville-Davidson County Metropolitan Government,TN,52004,2013,678889,2016,False,3621368000,2306367000,2306149000,1460622000,845745000,235206000,238960000,218638000,20322000,127959000,110754000,17205000,0,0,0,58168000,1167248000,R,R,0.0,126,True,10.36,6.6,16.36,20.47,5.55,3.53,8.76,10.96,15.91,10.13,25.12,31.43
175780,43204700100000,Knoxville,TN,40000,2013,185291,2016,False,1103774000,321549000,321549000,321549000,0,0,51398000,51398000,0,35588000,35588000,0,0,0,0,8000,321541000,R,R,0.0,78,True,15.98,4.66,15.98,15.98,11.07,3.22,11.07,11.07,27.05,7.88,27.05,27.05
175826,43207900500000,Memphis,TN,48000,2013,655770,2016,False,3987368000,2186114000,2184969000,1022696000,1163418000,0,235711000,234568000,1143000,155580000,150474000,5106000,0,0,1063000,0,1021633000,R,R,0.0,123,True,10.78,5.91,23.05,23.07,7.12,3.9,15.21,15.23,17.9,9.81,38.26,38.3
175981,44201400300000,Killeen,TX,39148,2013,140806,2016,False,152777000,140283000,140283000,140283000,0,0,24592000,24592000,0,17024000,16753000,271000,0,0,5709000,520000,134054000,R,R,0.0,69,True,17.53,16.1,17.53,18.34,12.14,11.14,12.14,12.7,29.67,27.24,29.67,31.04
175988,44201501000000,San Antonio,TX,65000,2013,1469845,2016,False,4644731000,1779985000,1779985000,1717585000,62400000,138414000,312513000,311686000,827000,222069000,211163000,10906000,0,0,75388000,28931000,1474852000,R,R,0.0,126,True,17.56,6.73,18.19,21.19,12.48,4.78,12.93,15.06,30.03,11.51,31.12,36.25
176022,44203100100000,Brownsville,TX,10768,2013,183887,2016,False,318255000,176839000,176839000,176839000,0,2014000,32064000,32064000,0,19816000,19816000,0,0,0,4643000,1657000,168525000,R,R,0.0,74,True,18.13,10.07,18.13,19.03,11.21,6.23,11.21,11.76,29.34,16.3,29.34,30.78
176053,44204300900000,Plano,TX,58016,2013,283558,2016,False,399499000,325280000,295725000,325280000,0,0,54148000,54059000,89000,43993000,43993000,0,0,0,0,3138000,322142000,RS,R,0.0,77,True,16.65,13.55,16.65,16.81,13.52,11.01,13.52,13.66,30.17,24.57,30.17,30.47
176060,44204600100000,New Braunfels,TX,50820,2013,70543,2016,False,197156000,93411000,88967000,93411000,0,0,12838000,12252000,586000,15384000,12098000,3286000,0,0,2533000,1332000,89546000,R,R,0.0,73,True,13.74,6.51,13.74,14.34,16.47,7.8,16.47,17.18,30.21,14.31,30.21,31.52
176079,44205701600000,Irving,TX,37000,2013,236607,2016,False,318383000,266488000,266488000,266488000,0,0,49788000,49627000,161000,34633000,34536000,97000,0,0,0,1408000,265080000,R,R,0.0,71,True,18.68,15.64,18.68,18.78,13.0,10.88,13.0,13.07,31.68,26.52,31.68,31.85
176107,44206800100000,Odessa,TX,53388,2013,118968,2016,False,118008000,86243000,85841000,86243000,0,420000,18018000,17805000,213000,14168000,14049000,119000,0,0,0,715000,85108000,R,R,0.0,77,True,20.89,15.27,20.89,21.17,16.43,12.01,16.43,16.65,37.32,27.27,37.32,37.82
176118,44207100200000,El Paso,TX,24000,2013,681124,2016,False,754064000,603098000,603098000,603098000,0,3152000,126782000,126782000,0,87571000,87571000,0,0,0,34381000,18065000,547500000,R,R,0.0,97,True,21.02,16.81,21.02,23.16,14.52,11.61,14.52,15.99,35.54,28.43,35.54,39.15
176132,44207900600000,Sugar Land,TX,70808,2013,88156,2016,False,223315000,158730000,158730000,158730000,0,353000,18442000,17648000,794000,10237000,9972000,265000,0,0,15140000,652000,142585000,R,R,0.0,64,True,11.62,8.26,11.62,12.93,6.45,4.58,6.45,7.18,18.07,12.84,18.07,20.11
176142,44208480200000,League,TX,41980,2013,98312,2016,False,130762000,107870000,104870000,107870000,0,0,16471000,15090000,1381000,2086000,1941000,145000,0,0,0,2942000,104928000,RS,RS,0.0,58,True,15.27,12.6,15.27,15.7,1.93,1.6,1.93,1.99,17.2,14.19,17.2,17.69
176169,44210100800000,Houston,TX,35000,2013,2296224,2016,False,4094860000,3699906000,3642728000,3699906000,0,0,639114000,626768000,12346000,357280000,351029000,6251000,0,0,364372000,79867000,3255667000,R,R,0.0,117,True,17.27,15.61,17.27,19.63,9.66,8.73,9.66,10.97,26.93,24.33,26.93,30.6
176286,44215501000000,Waco,TX,76000,2013,132356,2016,False,332755000,297366000,292637000,297366000,0,0,40589000,32355000,8234000,18178000,18146000,32000,0,0,4338000,7293000,285735000,R,R,0.0,80,True,13.65,12.2,13.65,14.21,6.11,5.46,6.11,6.36,19.76,17.66,19.76,20.57
176325,44217800300000,Corpus Christi,TX,17000,2013,324074,2016,False,523118000,385089000,382676000,385089000,0,1095000,70844000,70510000,334000,46394000,46072000,322000,0,0,17184000,6363000,360447000,R,R,0.0,112,True,18.4,13.54,18.4,19.65,12.05,8.87,12.05,12.87,30.44,22.41,30.44,32.53
176375,44222001100000,Fort Worth,TX,27000,2013,833319,2016,False,1355321000,1137563000,1137563000,1137563000,0,0,238152000,235858000,2294000,115837000,115694000,143000,0,0,21827000,13135000,1102601000,R,R,0.0,88,True,20.94,17.57,20.94,21.6,10.18,8.55,10.18,10.51,31.12,26.12,31.12,32.1
176386,44222100100000,Abilene,TX,01000,2013,121721,2016,False,148999000,121372000,121372000,121372000,0,0,21719000,21719000,0,16753000,16572000,181000,0,0,8896000,4326000,108150000,R,R,0.0,74,True,17.89,14.58,17.89,20.08,13.8,11.24,13.8,15.49,31.7,25.82,31.7,35.57
176394,44222700100000,Austin,TX,05000,2013,931830,2016,False,3112042000,1621470000,1621470000,1621470000,0,0,277223000,268377000,8846000,133000000,132814000,186000,0,0,90716000,113269000,1417485000,R,R,0.0,102,True,17.1,8.91,17.1,19.56,8.2,4.27,8.2,9.38,25.3,13.18,25.3,28.94
176492,45201800500000,Salt Lake,UT,67000,2013,192672,2016,False,541611000,492207000,492207000,492207000,0,0,55936000,55929000,7000,34185000,34139000,46000,0,0,87393000,0,404814000,R,R,0.0,68,True,11.36,10.33,11.36,13.82,6.95,6.31,6.95,8.44,18.31,16.64,18.31,22.26
176495,45201860300000,West Valley,UT,83470,2013,136208,2016,False,144908000,144908000,142253000,144908000,0,0,22186000,21859000,327000,10809000,9900000,909000,8000,4000,0,1701000,143207000,R,R,0.012,67,True,15.31,15.31,15.31,15.49,7.46,7.46,7.46,7.55,22.77,22.77,22.77,23.04
176517,45202501100000,Provo,UT,62470,2013,115264,2016,False,155917000,98154000,98154000,98154000,0,0,16022000,16022000,0,8575000,8575000,0,0,0,750000,0,97404000,R,R,0.021,54,True,16.32,10.28,16.32,16.45,8.74,5.5,8.74,8.8,25.06,15.78,25.06,25.25
176784,47212100100000,Newport News,VA,56000,2013,182385,2016,False,881890000,805420000,795630000,457487000,347933000,72662000,46572000,46572000,0,30499000,30499000,0,0,0,0,69163000,315662000,I,I,0.99,87,True,5.78,5.28,10.18,14.75,3.79,3.46,6.67,9.66,9.57,8.74,16.85,24.42
176816,48200600500000,Vancouver,WA,74060,2013,172860,2016,False,190235000,174220000,167656000,174220000,0,5506000,24556000,24435000,121000,25763000,25358000,405000,0,0,296000,212000,168206000,R,R,0.029,87,True,14.09,12.91,14.09,14.6,14.79,13.54,14.79,15.32,28.88,26.45,28.88,29.92
176868,48202701600000,Tacoma,WA,70000,2013,207948,2016,False,1010781000,529370000,514567000,529370000,0,0,62720000,62718000,2000,47816000,47011000,805000,0,0,0,12678000,516692000,R,R,0.0,92,True,11.85,6.21,11.85,12.14,9.03,4.73,9.03,9.25,20.88,10.94,20.88,21.39
176873,48203100500000,Everett,WA,22640,2013,108010,2016,False,218472000,163828000,160781000,163828000,0,3370000,27368000,27022000,346000,20100000,18894000,1206000,0,0,0,7667000,152791000,R,R,0.0,82,True,16.71,12.53,16.71,17.91,12.27,9.2,12.27,13.16,28.97,21.73,28.97,31.07
177090,50200500300000,Green Bay,WI,31000,2013,105207,2016,False,162677000,130657000,130657000,130657000,0,0,28214000,27465000,749000,20945000,20352000,593000,0,0,0,201000,130456000,R,R,0.0,74,True,21.59,17.34,21.59,21.63,16.03,12.88,16.03,16.06,37.62,30.22,37.62,37.68
183701,12200200100000,Honolulu And County,HI,17000,2013,998714,2016,False,2241218000,1504557000,1504557000,1504557000,0,3000,235507000,227852000,7655000,99581000,91216000,8365000,0,0,0,26671000,1477883000,R,R,0.0,90,True,15.65,10.51,15.65,15.94,6.62,4.44,6.62,6.74,22.27,14.95,22.27,22.67
183825,05201500100000,Bakersfield,CA,03526,2013,373640,2016,False,428247000,398062000,382998000,389581000,8481000,0,72746000,72278000,468000,34015000,32515000,1500000,113000,0,253000,46000,389282000,R,R,0.0,76,True,18.28,16.99,18.67,18.69,8.55,7.94,8.73,8.74,26.82,24.93,27.4,27.43
183829,05201905000000,Downey,CA,19766,2013,114219,2016,False,91059000,80017000,80017000,80017000,0,0,27097000,27097000,0,13926000,13875000,51000,0,0,0,3177000,76840000,R,R,0.0,56,True,33.86,29.76,33.86,35.26,17.4,15.29,17.4,18.12,51.27,45.05,51.27,53.39
183832,05201970400000,Palmdale,CA,55156,2013,158351,2016,False,97521000,96451000,96451000,96451000,0,0,20992000,20992000,0,3000,3000,0,0,0,0,542000,95909000,R,R,0.104,58,True,21.76,21.53,21.76,21.89,0.0,0.0,0.0,0.0,21.77,21.53,21.77,21.89
183836,05203000100000,Anaheim,CA,02000,2013,350742,2016,False,1266233000,730080000,719589000,728564000,1516000,0,114821000,111777000,3044000,55320000,54989000,331000,0,1081000,0,817000,727747000,R,R,0.0,85,True,15.73,9.07,15.76,15.78,7.58,4.37,7.59,7.6,23.3,13.44,23.35,23.38
183842,05203700400000,El Cajon,CA,21712,2013,103679,2016,False,95934000,95934000,95934000,95934000,0,0,27634000,25096000,2538000,9400000,9193000,207000,0,0,0,5097000,90837000,R,R,0.0,51,True,28.81,28.81,28.81,30.42,9.8,9.8,9.8,10.35,38.6,38.6,38.6,40.77
184046,31201600700000,Paterson,NJ,57000,2013,147754,2016,False,269296000,269296000,259168000,269296000,0,0,43584000,43584000,0,32713000,32614000,99000,0,0,0,5219000,264077000,R,R,0.0,64,True,16.18,16.18,16.18,16.5,12.15,12.15,12.15,12.39,28.33,28.33,28.33,28.89
184196,42205000800000,Sioux Falls,SD,59020,2013,171544,2016,False,294638000,251967000,251967000,251967000,0,0,29259000,28509000,750000,22005000,21001000,1004000,0,0,0,9262000,242705000,R,R,0.0,95,True,11.61,9.93,11.61,12.06,8.73,7.47,8.73,9.07,20.35,17.4,20.35,21.12
184202,45202700800000,St George,UT,65330,2013,80202,2016,False,151458000,72283000,72283000,72283000,0,0,13388000,12498000,890000,3425000,3238000,187000,0,0,1016000,0,71267000,R,R,0.0,66,True,18.52,8.84,18.52,18.79,4.74,2.26,4.74,4.81,23.26,11.1,23.26,23.59
184222,37207200200000,Broken Arrow,OK,09050,2013,106563,2016,False,145567000,109143000,109143000,109143000,0,0,16785000,16721000,64000,14354000,14354000,0,0,0,0,0,109143000,R,R,0.0,60,True,15.38,11.53,15.38,15.38,13.15,9.86,13.15,13.15,28.53,21.39,28.53,28.53
184255,48201702100000,Seattle,WA,63000,2013,684451,2016,False,2764994000,1666704000,1514953000,1658678000,8026000,76055000,170288000,163973000,6315000,138804000,121810000,16994000,1219000,0,0,17035000,1565588000,R,R,0.0,118,True,10.22,6.16,10.27,10.88,8.33,5.02,8.37,8.87,18.55,11.18,18.63,19.74
184266,43206300100000,Clarksville,TN,15160,2013,149176,2016,False,395525000,140038000,139347000,140038000,0,0,25924000,24369000,1555000,14003000,13772000,231000,0,0,278000,0,139760000,R,R,0.041,76,True,18.51,6.55,18.51,18.55,10.0,3.54,10.0,10.02,28.51,10.09,28.51,28.57
184443,05201900800000,Burbank,CA,08954,2013,105319,2016,False,559274000,306117000,306117000,306117000,0,0,47046000,46106000,940000,20366000,20102000,264000,0,0,0,13543000,292574000,R,R,0.0,76,True,15.37,8.41,15.37,16.08,6.65,3.64,6.65,6.96,22.02,12.05,22.02,23.04
184451,05201960100000,Lancaster,CA,40130,2013,161103,2016,False,140956000,136704000,113315000,136704000,0,0,4850000,4850000,0,0,0,0,22461000,560000,0,459000,136245000,R,-,0.0,54,True,3.55,3.44,3.55,3.56,0.0,0.0,0.0,0.0,3.55,3.44,3.55,3.56
184735,10200550200000,Palm Bay,FL,54000,2013,107888,2016,False,91033000,80015000,80015000,80015000,0,0,19295000,19232000,63000,14231000,12149000,2082000,0,0,0,0,80015000,R,R,0.0,73,True,24.11,21.2,24.11,24.11,17.79,15.63,17.79,17.79,41.9,36.83,41.9,41.9
184767,10205301300000,Lakeland,FL,38250,2013,104401,2016,False,548731000,207449000,207449000,207449000,0,0,37159000,35744000,1415000,14830000,13741000,1089000,0,0,6254000,0,201195000,R,R,0.0,91,True,17.91,6.77,17.91,18.47,7.15,2.7,7.15,7.37,25.06,9.47,25.06,25.84
185901,23204100400000,Grand Rapids,MI,34000,2013,195097,2016,False,360605000,320776000,315533000,320776000,0,719000,46797000,46557000,240000,29797000,28824000,973000,0,0,0,0,320057000,R,R,0.0,83,True,14.59,12.98,14.59,14.62,9.29,8.26,9.29,9.31,23.88,21.24,23.88,23.93
186236,26204800600000,Kansas,MO,38000,2013,475378,2016,False,1767623000,1618490000,1612790000,1618490000,0,11700000,199452000,199389000,63000,142049000,142029000,20000,0,0,136868000,53242000,1416680000,R,R,0.0,95,True,12.32,11.28,12.32,14.08,8.78,8.04,8.78,10.03,21.1,19.32,21.1,24.11
186634,33201500500000,Buffalo,NY,11000,2013,258071,2016,False,1525146000,1514172000,1512771000,655276000,858896000,0,80508000,77100000,3408000,54496000,50304000,4192000,0,0,0,870000,654406000,R,R,0.0,79,True,5.32,5.28,12.29,12.3,3.6,3.57,8.32,8.33,8.92,8.85,20.6,20.63
187646,44204300800000,Mckinney,TX,45744,2013,162898,2016,False,196425000,160453000,160453000,160453000,0,0,20471000,20306000,165000,17303000,17303000,0,0,0,13829000,1524000,145100000,R,R,0.0,74,True,12.76,10.42,12.76,14.11,10.78,8.81,10.78,11.92,23.54,19.23,23.54,26.03
187649,44205700700000,Dallas,TX,19000,2013,1300092,2016,False,3055954000,2712270000,2701113000,2712270000,0,17008000,353728000,344642000,9086000,196103000,178389000,17714000,0,0,785672000,26011000,1883579000,R,R,0.0,128,True,13.04,11.58,13.04,18.78,7.23,6.42,7.23,10.41,20.27,17.99,20.27,29.19
189585,03200701100000,Scottsdale,AZ,65000,2013,236839,2016,False,677693000,601909000,601909000,601909000,0,0,82433000,77498000,4935000,29527000,28888000,639000,0,0,3468000,0,598441000,R,R,0.0,71,True,13.7,12.16,13.7,13.77,4.91,4.36,4.91,4.93,18.6,16.52,18.6,18.71
189636,05201000500000,Fresno,CA,27000,2013,520052,2016,False,698798000,540146000,540146000,540146000,0,0,142313000,138245000,4068000,56760000,50260000,6500000,0,0,27848000,5201000,507097000,R,R,0.0,89,True,26.35,20.37,26.35,28.06,10.51,8.12,10.51,11.19,36.86,28.49,36.86,39.26
189929,14204500100000,Aurora,IL,03012,2013,200661,2016,False,263301000,241831000,240595000,241831000,0,0,64781000,63446000,1335000,38323000,38323000,0,0,0,771000,1078000,239982000,R,R,0.0,80,True,26.79,24.6,26.79,26.99,15.85,14.55,15.85,15.97,42.63,39.16,42.63,42.96
190480,23208100100000,Ann Arbor,MI,03000,2013,117070,2016,False,236664000,216189000,216189000,216189000,0,0,24577000,24577000,0,13588000,13588000,0,0,0,652000,0,215537000,R,R,0.0,67,True,11.37,10.38,11.37,11.4,6.29,5.74,6.29,6.3,17.65,16.13,17.65,17.71
191166,36203100600000,Cincinnati,OH,15000,2013,298550,2016,False,924517000,782740000,780875000,782740000,0,0,114192000,112275000,1917000,75154000,72697000,2457000,0,0,3365000,27392000,751983000,I,I,1.0,83,True,14.59,12.35,14.59,15.19,9.6,8.13,9.6,9.99,24.19,20.48,24.19,25.18
191559,43203300100000,Chattanooga,TN,14000,2013,176588,2016,False,1080359000,404180000,403107000,395427000,8753000,2341000,56319000,55522000,797000,38323000,36654000,1669000,0,0,12849000,2956000,377281000,R,R,0.0,98,True,13.93,5.21,14.24,14.93,9.48,3.55,9.69,10.16,23.42,8.76,23.93,25.09
193114,05203000800000,Garden Grove,CA,29000,2013,175393,2016,False,213194000,164567000,164567000,164567000,0,0,46496000,46427000,69000,15021000,14668000,353000,0,0,0,6205000,158362000,R,R,0.03,59,True,28.25,21.81,28.25,29.36,9.13,7.05,9.13,9.49,37.38,28.85,37.38,38.85
193115,05203601000000,San Bernardino,CA,65000,2013,216108,2016,False,250808000,218431000,218431000,218431000,0,0,62735000,61470000,1265000,33299000,33248000,51000,0,0,0,2511000,215920000,R,R,0.0,61,True,28.72,25.01,28.72,29.05,15.24,13.28,15.24,15.42,43.97,38.29,43.97,44.48
193205,14207201100000,Peoria,IL,59000,2013,115070,2016,False,181704000,181704000,181704000,181704000,0,0,34989000,33284000,1705000,27666000,27592000,74000,0,0,0,0,181704000,R,R,0.0,61,True,19.26,19.26,19.26,19.26,15.23,15.23,15.23,15.23,34.48,34.48,34.48,34.48
193551,24202702000000,Minneapolis,MN,43000,2013,410939,2016,False,1014872000,952616000,900697000,952616000,0,0,138600000,138600000,0,52617000,52617000,0,0,0,0,13709000,938907000,R,R,0.0,76,True,14.55,13.66,14.55,14.76,5.52,5.18,5.52,5.6,20.07,18.84,20.07,20.37
193734,31200900600000,Jersey,NJ,36000,2013,264290,2016,False,672155000,624656000,592588000,624656000,0,0,100005000,98638000,1367000,65072000,64887000,185000,0,0,0,12398000,612258000,R,R,0.0,85,True,16.01,14.88,16.01,16.33,10.42,9.68,10.42,10.63,26.43,24.56,26.43,26.96
193960,38200900100000,Bend,OR,05800,2013,87014,2016,False,100489000,87416000,87416000,87416000,0,0,16570000,16385000,185000,12978000,12799000,179000,0,0,1487000,0,85929000,R,R,0.0,69,True,18.96,16.49,18.96,19.28,14.85,12.91,14.85,15.1,33.8,29.4,33.8,34.39
194178,47212700100000,Richmond,VA,67000,2013,220289,2016,False,1311999000,1015784000,1004562000,680007000,335777000,68563000,91952000,90141000,1811000,46886000,45607000,1279000,0,0,2531000,46205000,562708000,I,I,0.964,130,True,9.05,7.01,13.52,16.34,4.62,3.57,6.89,8.33,13.67,10.58,20.42,24.67
194463,02200200100000,Anchorage Municipality,AK,03000,2013,298695,2016,False,1595459000,1349729000,1349729000,658214000,691515000,0,128688000,115519000,13169000,95092000,95092000,0,0,0,13644000,36514000,608056000,R,R,0.419,87,True,9.53,8.07,19.55,21.16,7.05,5.96,14.45,15.64,16.58,14.03,34.0,36.8
194644,06200350100000,Aurora,CO,04000,2013,359407,2016,False,517895000,383331000,383331000,383331000,0,0,89335000,89012000,323000,39195000,38753000,442000,0,0,0,0,383331000,R,R,0.0,74,True,23.3,17.25,23.3,23.3,10.22,7.57,10.22,10.22,33.53,24.82,33.53,33.53
194647,06201600100000,Denver And County,CO,20000,2013,682545,2016,False,2585999000,2370372000,2370372000,2370372000,0,219015000,198405000,198405000,0,118982000,118912000,70000,0,0,483252000,54327000,1613778000,R,R,0.0,85,True,8.37,7.67,8.37,12.29,5.02,4.6,5.02,7.37,13.39,12.27,13.39,19.67
194651,06200700400000,Longmont,CO,45970,2013,92088,2016,False,172347000,102435000,102435000,102435000,0,248000,23026000,23026000,0,10097000,10097000,0,0,0,667000,0,101520000,I,I,1.0,77,True,22.48,13.36,22.48,22.68,9.86,5.86,9.86,9.95,32.34,19.22,32.34,32.63
194654,06205100100000,Pueblo,CO,62000,2013,109412,2016,False,180237000,147141000,147141000,147141000,0,0,27566000,27038000,528000,15424000,15424000,0,0,0,8678000,0,138463000,I,I,1.0,58,True,18.73,15.29,18.73,19.91,10.48,8.56,10.48,11.14,29.22,23.85,29.22,31.05
194678,11206000200000,Atlanta,GA,04000,2013,463878,2016,False,1957076000,1502533000,1501325000,1502533000,0,43750000,153131000,152391000,740000,89423000,74553000,14870000,0,0,528329000,1161000,929293000,R,R,0.0,97,True,10.19,7.82,10.19,16.48,5.95,4.57,5.95,9.62,16.14,12.39,16.14,26.1
194679,11212100100000,Augusta-Richmond County Consolidated Government,GA,04204,2013,197182,2016,False,410032000,330732000,324524000,330732000,0,22808000,41886000,39217000,2669000,23138000,22915000,223000,487000,0,31750000,20645000,255529000,R,R,0.0,114,True,12.66,10.22,12.66,16.39,7.0,5.64,7.0,9.05,19.66,15.86,19.66,25.45
194726,34206000100000,Charlotte,NC,12000,2013,827097,2016,False,1698256000,1390864000,1379711000,1390864000,0,342000,264324000,247528000,16796000,117430000,108255000,9175000,1223000,0,189208000,0,1201314000,R,R,0.0,120,True,19.0,15.56,19.0,22.0,8.44,6.91,8.44,9.78,27.45,22.48,27.45,31.78
194732,34204100400000,High Point,NC,31400,2013,110268,2016,False,249305000,109997000,109951000,109997000,0,0,25271000,25271000,0,19989000,19989000,0,0,0,0,86000,109911000,R,R,0.0,51,True,22.97,10.14,22.97,22.99,18.17,8.02,18.17,18.19,41.15,18.15,41.15,41.18
194744,34203400200000,Winston-Salem,NC,75000,2013,241218,2016,False,358337000,277431000,276822000,277431000,0,0,61898000,61350000,548000,26361000,24862000,1499000,0,0,0,112000,277319000,R,R,0.0,95,True,22.31,17.27,22.31,22.32,9.5,7.36,9.5,9.51,31.81,24.63,31.81,31.83
194757,10201301300000,Miami,FL,45000,2013,441003,2016,False,696653000,696251000,696251000,696251000,0,1522000,133820000,131345000,2475000,92607000,89621000,2986000,0,0,0,0,694729000,R,R,0.0,82,True,19.22,19.21,19.22,19.26,13.3,13.29,13.3,13.33,32.52,32.5,32.52,32.59
194789,23208200300000,Dearborn,MI,21000,2013,95171,2016,False,187877000,169258000,153472000,169258000,0,636000,34685000,34000000,685000,19578000,19578000,0,0,0,0,0,168622000,R,R,0.0,75,True,20.49,18.46,20.49,20.57,11.57,10.42,11.57,11.61,32.06,28.88,32.06,32.18
194805,33203100100000,New York,NY,51000,2013,8550405,2016,False,99884065000,84123627000,77473266000,58451264000,25672363000,14244190000,5186338000,4754924000,431414000,1955026000,1810024000,145002000,0,0,4294000,1283133000,42919647000,R,R,0.0,169,True,6.17,5.19,8.87,12.08,2.32,1.96,3.34,4.56,8.49,7.15,12.22,16.64
194809,44218800100000,Amarillo,TX,03000,2013,198645,2016,False,340116000,243394000,243394000,243394000,0,8511000,37763000,37341000,422000,24593000,24584000,9000,0,0,9446000,6956000,218481000,R,R,0.0,89,True,15.52,11.1,15.52,17.28,10.1,7.23,10.1,11.26,25.62,18.33,25.62,28.54
194811,44222000100000,Arlington,TX,04000,2013,388125,2016,False,539002000,485928000,485928000,485928000,0,244000,84453000,84453000,0,40896000,40896000,0,0,0,2097000,5136000,478451000,S,S,0.0,73,True,17.38,15.67,17.38,17.65,8.42,7.59,8.42,8.55,25.8,23.26,25.8,26.2
194812,44212300100000,Beaumont,TX,07000,2013,118129,2016,False,201572000,172469000,172469000,172469000,0,0,38416000,35342000,3074000,24183000,23907000,276000,0,0,348000,9993000,162128000,R,R,0.0,87,True,22.27,19.06,22.27,23.69,14.02,12.0,14.02,14.92,36.3,31.06,36.3,38.61
194814,44202100200000,College Station,TX,15976,2013,107889,2016,False,214213000,110415000,110114000,110415000,0,1802000,14748000,14748000,0,13298000,13298000,0,0,0,0,0,108613000,R,R,0.0,79,True,13.36,6.88,13.36,13.58,12.04,6.21,12.04,12.24,25.4,13.09,25.4,25.82
194820,44204300600000,Frisco,TX,27684,2013,154407,2016,False,223206000,192395000,182421000,182421000,9974000,0,21119000,20136000,983000,26028000,19598000,6430000,0,0,0,1496000,180925000,R,R,0.0,69,True,10.98,9.46,11.58,11.67,13.53,11.66,14.27,14.39,24.51,21.12,25.85,26.06
194823,44205701300000,Grand Prairie,TX,30464,2013,187809,2016,False,287474000,256453000,256453000,256453000,0,2485000,38634000,38368000,266000,25394000,23602000,1792000,0,0,3770000,1544000,248654000,RS,RS,0.023,73,True,15.06,13.44,15.06,15.54,9.9,8.83,9.9,10.21,24.97,22.27,24.97,25.75
194825,44216500100000,Midland,TX,48072,2013,132950,2016,False,169318000,134828000,134828000,134828000,0,0,22832000,22832000,0,20919000,20919000,0,0,0,10817000,4445000,119566000,R,R,0.0,71,True,16.93,13.48,16.93,19.1,15.52,12.35,15.52,17.5,32.45,25.84,32.45,36.59
200728,05203430200000,Elk Grove,CA,22020,2013,166913,2016,False,109846000,103885000,103885000,103885000,0,0,30735000,30559000,176000,0,0,0,0,0,0,1010000,102875000,R,-,0.0,51,True,29.59,27.98,29.59,29.88,0.0,0.0,0.0,0.0,29.59,27.98,29.59,29.88
201369,05205670200000,Thousand Oaks,CA,78582,2013,129339,2016,False,179562000,146644000,120279000,146644000,0,0,71000,0,71000,0,0,0,25697000,0,0,741000,145903000,R,-,0.0,70,True,0.05,0.04,0.05,0.05,0.0,0.0,0.0,0.0,0.05,0.04,0.05,0.05
201810,17208701400000,Wichita,KS,79000,2013,389965,2016,False,678611000,599439000,599439000,599439000,0,0,75162000,75162000,0,41584000,41584000,0,0,0,35789000,3828000,559822000,R,R,0.0,79,True,12.54,11.08,12.54,13.43,6.94,6.13,6.94,7.43,19.48,17.2,19.48,20.85
202617,44206100500000,Lewisville,TX,42508,2013,104039,2016,False,121011000,102461000,102461000,102461000,0,863000,21225000,21080000,145000,17822000,16172000,1650000,0,0,0,5274000,96324000,R,R,0.127,64,True,20.72,17.54,20.72,22.04,17.39,14.73,17.39,18.5,38.11,32.27,38.11,40.54
202751,47213200100000,Virginia Beach,VA,82000,2013,452745,2016,False,1763067000,1713475000,1694808000,889766000,823709000,104356000,91469000,87793000,3676000,51335000,45434000,5901000,0,0,0,58624000,726786000,R,R,0.001,90,True,5.34,5.19,10.28,12.59,3.0,2.91,5.77,7.06,8.33,8.1,16.05,19.65
203966,05201000100000,Clovis,CA,14218,2013,104180,2016,False,133127000,101651000,94824000,101651000,0,0,22757000,22521000,236000,13020000,11804000,1216000,0,0,0,1010000,100641000,R,R,0.0,72,True,22.39,17.09,22.39,22.61,12.81,9.78,12.81,12.94,35.2,26.87,35.2,35.55
204523,17204601200000,Olathe,KS,52575,2013,134305,2016,False,165129000,143594000,143594000,143594000,0,0,19804000,19804000,0,15008000,15008000,0,0,0,0,0,143594000,R,R,0.0,60,True,13.79,11.99,13.79,13.79,10.45,9.09,10.45,10.45,24.24,21.08,24.24,24.24
204933,31202000100000,Elizabeth,NJ,21000,2013,129007,2016,False,250952000,250952000,250952000,250952000,0,0,42127000,41924000,203000,28236000,28126000,110000,0,0,0,5795000,245157000,R,R,0.0,57,True,16.79,16.79,16.79,17.18,11.25,11.25,11.25,11.52,28.04,28.04,28.04,28.7
205133,36204800700000,Toledo,OH,77000,2013,279789,2016,False,453780000,400249000,367893000,400249000,0,11971000,96350000,64424000,31926000,39194000,16150000,23044000,0,0,0,15168000,373110000,I,I,0.822,86,True,24.07,21.23,24.07,25.82,9.79,8.64,9.79,10.5,33.86,29.87,33.86,36.33
205181,37201400400000,Norman,OK,52500,2013,120284,2016,False,462314000,446615000,446615000,446615000,0,308925000,25335000,23481000,1854000,20806000,16480000,4326000,0,0,0,0,137690000,R,R,0.0,71,True,5.67,5.48,5.67,18.4,4.66,4.5,4.66,15.11,10.33,9.98,10.33,33.51
205218,38202401100000,Salem,OR,64900,2013,164549,2016,False,277951000,247050000,238452000,247050000,0,0,33767000,33767000,0,23670000,23670000,0,0,0,964000,1214000,244872000,R,R,0.0,64,True,13.67,12.15,13.67,13.79,9.58,8.52,9.58,9.67,23.25,20.66,23.25,23.46
205455,44210101700000,Pasadena,TX,56000,2013,153784,2016,False,145153000,127359000,127359000,127359000,0,116000,44384000,41779000,2605000,4725000,4028000,697000,0,0,0,3169000,124074000,R,R,0.0,57,True,34.85,30.58,34.85,35.77,3.71,3.26,3.71,3.81,38.56,33.83,38.56,39.58
205460,44210800700000,Mcallen,TX,45384,2013,140269,2016,False,195913000,175133000,172163000,175133000,0,870000,33402000,31200000,2202000,16126000,15700000,426000,0,0,9075000,1534000,163654000,R,R,0.0,89,True,19.07,17.05,19.07,20.41,9.21,8.23,9.21,9.85,28.28,25.28,28.28,30.26
205590,48201701300000,Kent,WA,35415,2013,126952,2016,False,138539000,123298000,123298000,123298000,0,4385000,21926000,21912000,14000,2189000,2189000,0,0,0,0,1793000,117120000,R,R,0.0,74,True,17.78,15.83,17.78,18.72,1.78,1.58,1.78,1.87,19.56,17.41,19.56,20.59
205599,48203201000000,Spokane,WA,67000,2013,213272,2016,False,390014000,359766000,354207000,359766000,0,12605000,46271000,44818000,1453000,39631000,39184000,447000,0,0,527000,462000,346172000,R,R,0.0,89,True,12.86,11.86,12.86,13.37,11.02,10.16,11.02,11.45,23.88,22.03,23.88,24.81
207520,01204500100000,Huntsville,AL,37000,2013,190582,2016,False,1317022000,347252000,300561000,327762000,19490000,901000,40145000,39944000,201000,29552000,29552000,0,79000,0,0,3019000,323842000,R,R,0.0,88,True,11.56,3.05,12.25,12.4,8.51,2.24,9.02,9.13,20.07,5.29,21.26,21.52
207535,03200700600000,Glendale,AZ,27820,2013,240126,2016,False,314788000,276050000,276045000,276050000,0,0,51822000,51809000,13000,42864000,42851000,13000,0,0,0,0,276050000,R,R,0.0,62,True,18.77,16.46,18.77,18.77,15.53,13.62,15.53,15.53,34.3,30.08,34.3,34.3
207536,03200701000000,Phoenix,AZ,55000,2013,1563025,2016,False,3016293000,2496377000,2483834000,2471431000,24946000,13027000,461436000,445954000,15482000,304215000,285352000,18863000,0,0,380235000,0,2078169000,R,R,0.0,130,True,18.48,15.3,18.67,22.2,12.19,10.09,12.31,14.64,30.67,25.38,30.98,36.84
207577,05200100500000,Fremont,CA,26000,2013,232206,2016,False,217675000,217675000,217675000,217675000,0,383000,56172000,47322000,8850000,25433000,24355000,1078000,0,0,0,11707000,205585000,R,R,0.0,61,True,25.81,25.81,25.81,27.32,11.68,11.68,11.68,12.37,37.49,37.49,37.49,39.69
207582,05201903500000,Pasadena,CA,56000,2013,142250,2016,False,610328000,389213000,389213000,389213000,0,0,63705000,63405000,300000,32398000,32398000,0,0,0,0,19794000,369419000,R,R,0.0,82,True,16.37,10.44,16.37,17.24,8.32,5.31,8.32,8.77,24.69,15.75,24.69,26.01
207583,05201904600000,Torrance,CA,80000,2013,148475,2016,False,295967000,222900000,222900000,222900000,0,0,67684000,66735000,949000,27265000,26396000,869000,0,0,4994000,10642000,207264000,R,R,0.0,74,True,30.37,22.87,30.37,32.66,12.23,9.21,12.23,13.15,42.6,32.08,42.6,45.81
207593,05203300600000,Corona,CA,16350,2013,164226,2016,False,284527000,202094000,201268000,202094000,0,0,38611000,38582000,29000,23056000,23056000,0,0,371000,264000,1180000,200650000,R,R,0.0,84,True,19.11,13.57,19.11,19.24,11.41,8.1,11.41,11.49,30.51,21.67,30.51,30.73
207594,05203301200000,Riverside,CA,62000,2013,322424,2016,False,900861000,493974000,493974000,493974000,0,0,87363000,86676000,687000,50149000,49087000,1062000,0,0,2237000,5879000,485858000,R,R,0.0,85,True,17.69,9.7,17.69,17.98,10.15,5.57,10.15,10.32,27.84,15.26,27.84,28.3
207598,05203701000000,San Diego,CA,66000,2013,1394928,2016,False,2715523000,2124666000,2120736000,2124666000,0,0,311063000,309834000,1229000,174074000,172752000,1322000,0,0,8656000,5313000,2110697000,R,R,0.0,99,True,14.64,11.45,14.64,14.74,8.19,6.41,8.19,8.25,22.83,17.87,22.83,22.98
207608,05204800700000,Vallejo,CA,81666,2013,121253,2016,False,263043000,181512000,181512000,181512000,0,0,34682000,34682000,0,20814000,20814000,0,0,0,2324000,104000,179084000,R,R,0.0,67,True,19.11,13.18,19.11,19.37,11.47,7.91,11.47,11.62,30.57,21.1,30.57,30.99
207610,05205000200000,Modesto,CA,48354,2013,211266,2016,False,312707000,240511000,240511000,240511000,0,0,49217000,48117000,1100000,24469000,24469000,0,0,0,1167000,792000,238552000,R,R,0.049,69,True,20.46,15.74,20.46,20.63,10.17,7.82,10.17,10.26,30.64,23.56,30.64,30.89
207635,06206201100000,Greeley,CO,32155,2013,100883,2016,False,141742000,103001000,102790000,103001000,0,0,25669000,24847000,822000,11411000,11285000,126000,140000,0,0,455000,102546000,R,R,0.0,91,True,24.92,18.11,24.92,25.03,11.08,8.05,11.08,11.13,36.0,26.16,36.0,36.16
207684,10205200500000,Clearwater,FL,12875,2013,113003,2016,False,265029000,195395000,195395000,195395000,0,182000,37956000,37711000,245000,16796000,16301000,495000,0,0,449000,6262000,188502000,R,R,0.0,93,True,19.43,14.32,19.43,20.14,8.6,6.34,8.6,8.91,28.02,20.66,28.02,29.05
207957,15204900800000,Indianapolis,IN,36003,2013,853173,2016,False,4004156000,2864700000,2842964000,2864700000,0,1105302000,189815000,187846000,1969000,136536000,133369000,3167000,0,0,129826000,349297000,1280275000,R,R,0.0,114,True,6.63,4.74,6.63,14.83,4.77,3.41,4.77,10.66,11.39,8.15,11.39,25.49
208056,16207700500000,Des Moines,IA,21000,2013,210330,2016,False,488742000,439814000,428667000,439814000,0,9889000,58239000,58239000,0,39318000,33899000,5419000,0,0,49313000,0,380612000,R,R,0.0,80,True,13.24,11.92,13.24,15.3,8.94,8.04,8.94,10.33,22.18,19.96,22.18,25.63
208060,16208200400000,Davenport,IA,19000,2013,102582,2016,False,163967000,158187000,158187000,158187000,0,0,23642000,23642000,0,16519000,16519000,0,0,0,410000,0,157777000,R,R,0.0,54,True,14.95,14.42,14.95,14.98,10.44,10.07,10.44,10.47,25.39,24.49,25.39,25.45
208111,17204650100000,Overland Park,KS,53775,2013,186515,2016,False,238777000,238777000,238777000,238777000,0,0,29950000,29571000,379000,18358000,18264000,94000,0,0,0,0,238777000,R,R,0.0,56,True,12.54,12.54,12.54,12.54,7.69,7.69,7.69,7.69,20.23,20.23,20.23,20.23
208246,21200400100000,Baltimore,MD,04000,2013,621849,2016,False,3842111000,3697673000,3633549000,2344747000,1352926000,0,409688000,409688000,0,191832000,191832000,0,0,0,0,134610000,2210137000,R,R,0.0,94,True,11.08,10.66,17.47,18.54,5.19,4.99,8.18,8.68,16.27,15.66,25.65,27.22
208698,28202800400000,Omaha,NE,37000,2013,443885,2016,False,533220000,533220000,519096000,533220000,0,5773000,90208000,88258000,1950000,67369000,67199000,170000,4343000,0,0,0,527447000,R,R,0.0,83,True,16.92,16.92,16.92,17.1,12.63,12.63,12.63,12.77,29.55,29.55,29.55,29.88
208734,29200200300000,North Las Vegas,NV,51800,2013,234807,2016,False,290170000,262261000,262261000,262261000,0,25061000,64679000,62729000,1950000,29820000,29820000,0,0,0,0,0,237200000,R,R,0.0,50,True,24.66,22.29,24.66,27.27,11.37,10.28,11.37,12.57,36.03,32.57,36.03,39.84
208793,32200700200000,Las Cruces,NM,39380,2013,101643,2016,False,179944000,132516000,130551000,132516000,0,1719000,24221000,23778000,443000,11611000,10503000,1108000,0,0,4882000,300000,125615000,R,R,0.0,96,True,18.28,13.46,18.28,19.28,8.76,6.45,8.76,9.24,27.04,19.91,27.04,28.53
208963,34203200100000,Durham,NC,19000,2013,257636,2016,False,364750000,307673000,307673000,307673000,0,7000,73464000,59903000,13561000,24335000,23061000,1274000,0,0,13000,0,307653000,R,R,0.0,78,True,23.88,20.14,23.88,23.88,7.91,6.67,7.91,7.91,31.79,26.81,31.79,31.79
209050,36202500300000,Columbus,OH,18000,2013,850106,2016,False,1621476000,1332363000,1331231000,1332363000,0,3776000,270585000,250291000,20294000,183198000,175332000,7866000,0,0,0,37365000,1291222000,R,R,0.0,91,True,20.31,16.69,20.31,20.96,13.75,11.3,13.75,14.19,34.06,27.99,34.06,35.14
209096,36207700100000,Akron,OH,01000,2013,197542,2016,False,393361000,362294000,354457000,362294000,0,8091000,33844000,33793000,51000,25838000,25818000,20000,0,0,529000,5335000,348339000,I,I,0.879,74,True,9.34,8.6,9.34,9.72,7.13,6.57,7.13,7.42,16.47,15.17,16.47,17.13
209170,37205501500000,Oklahoma,OK,55000,2013,631346,2016,False,1125233000,887853000,887853000,887853000,0,0,166083000,165790000,293000,138462000,137727000,735000,0,0,65332000,7188000,815333000,R,R,0.0,104,True,18.71,14.76,18.71,20.37,15.6,12.31,15.6,16.98,34.3,27.07,34.3,37.35
209519,43207500200000,Murfreesboro,TN,51560,2013,126118,2016,False,344764000,175279000,175256000,108619000,66660000,124000,28384000,24319000,4065000,16216000,14729000,1487000,23000,0,1412000,0,107083000,R,R,0.0,95,True,16.19,8.23,26.13,26.51,9.25,4.7,14.93,15.14,25.45,12.94,41.06,41.65
209555,44204300100000,Allen,TX,01924,2013,98143,2016,False,134312000,118553000,112839000,118553000,0,0,16859000,16060000,799000,13483000,10812000,2671000,677000,0,0,218000,118335000,R,R,0.017,72,True,14.22,12.55,14.22,14.25,11.37,10.04,11.37,11.39,25.59,22.59,25.59,25.64
209562,44206100200000,Denton,TX,19972,2013,131044,2016,False,331564000,156094000,156094000,156094000,0,0,24252000,24242000,10000,21218000,21218000,0,0,0,2203000,951000,152940000,R,R,0.0,77,True,15.54,7.31,15.54,15.86,13.59,6.4,13.59,13.87,29.13,13.71,29.13,29.73
209712,47210100100000,Alexandria,VA,01000,2013,153511,2016,False,833099000,796686000,796310000,548299000,248387000,73307000,63838000,58728000,5110000,48993000,45665000,3328000,0,0,0,46831000,428161000,R,R,0.0,89,True,8.01,7.66,11.64,14.91,6.15,5.88,8.94,11.44,14.16,13.54,20.58,26.35
209777,50201301100000,Madison,WI,48000,2013,248951,2016,False,532365000,456748000,440748000,456748000,0,0,64605000,63071000,1534000,46402000,44450000,1952000,0,0,0,10220000,446528000,R,R,0.0,84,True,14.14,12.14,14.14,14.47,10.16,8.72,10.16,10.39,24.3,20.85,24.3,24.86
211207,05203000400000,Costa Mesa,CA,16532,2013,113204,2016,False,125054000,125054000,125054000,125054000,0,0,40681000,37833000,2848000,19031000,18811000,220000,0,0,0,1012000,124042000,R,R,0.0,57,True,32.53,32.53,32.53,32.8,15.22,15.22,15.22,15.34,47.75,47.75,47.75,48.14
211212,05203700200000,Chula Vista,CA,13392,2013,265757,2016,False,263596000,257108000,234307000,257108000,0,0,51799000,47883000,3916000,25557000,24081000,1476000,0,0,0,2380000,254728000,R,R,0.0,61,True,20.15,19.65,20.15,20.34,9.94,9.7,9.94,10.03,30.09,29.35,30.09,30.37
211214,05203900400000,Stockton,CA,75000,2013,305658,2016,False,372872000,345697000,345697000,345697000,0,0,91108000,91108000,0,34224000,34224000,0,0,0,0,0,345697000,R,R,0.0,55,True,26.35,24.43,26.35,26.35,9.9,9.18,9.9,9.9,36.25,33.61,36.25,36.25
211215,05204100500000,Daly,CA,17918,2013,106562,2016,False,114268000,98201000,98201000,98201000,0,0,27503000,27206000,297000,15059000,14945000,114000,0,0,0,0,98201000,R,R,0.016,60,True,28.01,24.07,28.01,28.01,15.33,13.18,15.33,15.33,43.34,37.25,43.34,43.34
211253,38203400600000,Hillsboro,OR,34100,2013,102347,2016,False,158064000,130261000,108911000,130261000,0,0,25314000,25314000,0,16928000,16904000,24000,0,0,0,0,130261000,R,R,0.0,60,True,19.43,16.02,19.43,19.43,13.0,10.71,13.0,13.0,32.43,26.72,32.43,32.43
211254,38202600300000,Portland,OR,59000,2013,632309,2016,False,1510420000,1276377000,1276377000,1276377000,0,0,176000000,167656000,8344000,94564000,94538000,26000,0,0,0,0,1276377000,R,R,0.0,81,True,13.79,11.65,13.79,13.79,7.41,6.26,7.41,7.41,21.2,17.91,21.2,21.2
211654,06200100700000,Westminster,CO,83835,2013,113130,2016,False,189278000,166012000,165252000,166012000,0,0,20655000,20483000,172000,12019000,11759000,260000,0,0,0,0,166012000,R,R,0.0,87,True,12.44,10.91,12.44,12.44,7.24,6.35,7.24,7.24,19.68,17.26,19.68,19.68
211981,05203770300000,Vista,CA,82996,2013,100890,2016,False,114481000,114481000,92312000,114481000,0,0,0,0,0,12455000,12455000,0,17231000,0,0,4071000,110410000,-,R,0.082,55,False,,,,,,,,,,,,
212090,37207201000000,Tulsa,OK,75000,2013,403505,2016,False,843557000,715726000,714899000,715726000,0,15614000,89927000,85637000,4290000,72214000,65720000,6494000,0,0,50532000,64476000,585104000,I,I,1.0,95,True,12.56,10.66,12.56,15.37,10.09,8.56,10.09,12.34,22.65,19.22,22.65,27.71
212209,06200330100000,Centennial,CO,12815,2013,109741,2016,False,70585000,70585000,50287000,70585000,0,0,0,0,0,0,0,0,19950000,0,0,0,70585000,-,-,1.0,44,False,,,,,,,,,,,,
212231,44205701200000,Garland,TX,29000,2013,236897,2016,False,436534000,230067000,230067000,230067000,0,0,44802000,44343000,459000,28254000,28254000,0,0,0,55000,4205000,225807000,R,R,0.0,77,True,19.47,10.26,19.47,19.84,12.28,6.47,12.28,12.51,31.75,16.74,31.75,32.35
212233,44215200200000,Lubbock,TX,45000,2013,249042,2016,False,667022000,342046000,341947000,342046000,0,0,53291000,53223000,68000,38891000,37491000,1400000,99000,0,31581000,4718000,305747000,R,R,0.0,101,True,15.58,7.99,15.58,17.43,11.37,5.83,11.37,12.72,26.95,13.82,26.95,30.15
212234,44205702100000,Richardson,TX,61796,2013,110815,2016,False,204287000,173405000,173405000,173405000,0,0,23177000,22823000,354000,21256000,16456000,4800000,0,0,0,1422000,171983000,R,R,0.0,60,True,13.37,11.35,13.37,13.48,12.26,10.4,12.26,12.36,25.62,21.75,25.62,25.84
213591,48203201300000,Spokane Valley,WA,67167,2013,94919,2016,False,50711000,50711000,29150000,50711000,0,1406000,200000,200000,0,0,0,0,16854000,0,0,285000,49020000,R,-,0.006,50,True,0.39,0.39,0.39,0.41,0.0,0.0,0.0,0.0,0.39,0.39,0.39,0.41
214783,10201310100000,Miami Gardens,FL,45060,2013,113187,2016,False,86856000,86856000,86856000,86856000,0,0,29584000,29386000,198000,0,0,0,0,0,0,0,86856000,R,-,0.0,45,True,34.06,34.06,34.06,34.06,0.0,0.0,0.0,0.0,34.06,34.06,34.06,34.06
216510,11206010100000,Sandy Springs,GA,68516,2013,105330,2016,False,82125000,82125000,81932000,82125000,0,437000,17144000,15643000,1501000,12479000,9953000,2526000,0,0,0,0,81688000,R,R,0.0,52,True,20.88,20.88,20.88,20.99,15.2,15.2,15.2,15.28,36.07,36.07,36.07,36.26
225038,01203700300000,Birmingham,AL,07000,2013,212461,2016,False,636999000,447936000,447936000,447936000,0,1639000,84474000,84474000,0,53927000,53927000,0,0,0,0,0,446297000,R,R,0.0,58,True,18.86,13.26,18.86,18.93,12.04,8.47,12.04,12.08,30.9,21.73,30.9,31.01
225767,07200100600000,Stamford,CT,73000,2013,128874,2016,False,570736000,570627000,570492000,294748000,275879000,15940000,56419000,56419000,0,44355000,44355000,0,0,0,0,13680000,265128000,R,R,0.0,69,True,9.89,9.89,19.14,21.28,7.77,7.77,15.05,16.73,17.66,17.66,34.19,38.01
228280,05203310400000,Jurupa Valley,CA,37692,2013,100314,2016,False,13129000,13129000,13129000,13129000,0,0,6228000,6228000,0,0,0,0,0,0,0,0,13129000,R,-,0.0,18,False,,,,,,,,,,,,
100091,01205100100000,Montgomery,AL,51000,2014,200602,2016,False,246037000,238462000,225286000,235464000,2998000,0,45312000,44782000,530000,30166000,30166000,0,0,0,0,0,235464000,R,R,0.0,74,True,19.0,18.42,19.24,19.24,12.65,12.26,12.81,12.81,31.65,30.68,32.06,32.06
100249,03200700300000,Chandler,AZ,12000,2014,260828,2016,False,414939000,368883000,368883000,368883000,0,0,59729000,59729000,0,29798000,29798000,0,0,0,1177000,0,367706000,R,R,0.0,56,True,16.19,14.39,16.19,16.24,8.08,7.18,8.08,8.1,24.27,21.58,24.27,24.35
100250,03200700800000,Mesa,AZ,46000,2014,471825,2016,False,900866000,660494000,660494000,660494000,0,0,182197000,178153000,4044000,65736000,65736000,0,0,0,4343000,0,656151000,R,R,0.0,69,True,27.58,20.22,27.58,27.77,9.95,7.3,9.95,10.02,37.54,27.52,37.54,37.79
100251,03200750200000,Surprise,AZ,71510,2014,128422,2016,False,119448000,111666000,111666000,111666000,0,0,20312000,20235000,77000,15646000,15646000,0,0,0,0,0,111666000,R,R,0.0,38,True,18.19,17.0,18.19,18.19,14.01,13.1,14.01,14.01,32.2,30.1,32.2,32.2
100435,04206000400000,Little Rock,AR,41000,2014,197992,2016,False,424390000,410040000,410040000,410040000,0,0,71820000,67835000,3985000,44670000,44632000,38000,0,0,54388000,23342000,332310000,R,R,0.0,86,True,17.52,16.92,17.52,21.61,10.89,10.53,10.89,13.44,28.41,27.45,28.41,35.05
100711,05203001600000,Santa Ana,CA,69000,2014,335400,2016,False,421844000,372340000,372340000,372340000,0,0,116879000,116854000,25000,38817000,38817000,0,0,0,0,10954000,361386000,R,R,0.0,68,True,31.39,27.71,31.39,32.34,10.43,9.2,10.43,10.74,41.82,36.91,41.82,43.08
100745,05204301200000,San Jose,CA,68000,2014,1026908,2016,False,1424035000,1374573000,1363433000,1374573000,0,0,215525000,211554000,3971000,112127000,108528000,3599000,0,0,61379000,418000,1312776000,R,R,0.0,94,True,15.68,15.13,15.68,16.42,8.16,7.87,8.16,8.54,23.84,23.01,23.84,24.96
101409,06203500300000,Fort Collins,CO,27425,2014,161175,2016,False,421132000,271155000,250181000,271155000,0,0,39097000,37147000,1950000,0,0,0,119000,19420000,85000,0,271070000,I,-,0.995,80,True,14.42,9.28,14.42,14.42,0.0,0.0,0.0,0.0,14.42,9.28,14.42,14.42
101696,07200500800000,Waterbury,CT,80000,2014,108802,2016,False,604905000,592155000,583304000,283787000,308368000,3739000,31037000,30732000,305000,18628000,18628000,0,0,0,0,3138000,276910000,R,R,0.0,78,True,5.24,5.13,10.94,11.21,3.15,3.08,6.56,6.73,8.39,8.21,17.5,17.94
101927,10200600900000,Miramar,FL,45975,2014,137132,2016,False,166435000,147400000,147400000,147400000,0,0,37346000,36538000,808000,13467000,13397000,70000,0,0,0,9661000,137739000,R,R,0.0,78,True,25.34,22.44,25.34,27.11,9.14,8.09,9.14,9.78,34.47,30.53,34.47,36.89
101942,10201600300000,Jacksonville,FL,35000,2014,868031,2016,False,3792852000,1723813000,1723813000,1723813000,0,56049000,365838000,361003000,4835000,133599000,131721000,1878000,0,0,101577000,48936000,1517251000,R,R,0.0,109,True,21.22,9.65,21.22,24.11,7.75,3.52,7.75,8.81,28.97,13.17,28.97,32.92
102163,11201100100000,Macon-Bibb County,GA,49008,2014,153515,2016,False,120563000,118819000,113293000,118819000,0,511000,23821000,19920000,3901000,23051000,21821000,1230000,0,0,1552000,0,116756000,I,I,1.0,74,True,20.05,19.76,20.05,20.4,19.4,19.12,19.4,19.74,39.45,38.88,39.45,40.15
102716,14204500700000,Elgin,IL,23074,2014,112111,2016,False,168833000,148806000,146372000,148806000,0,0,37541000,37541000,0,25275000,23627000,1648000,0,0,0,0,148806000,R,R,0.0,60,True,25.23,22.24,25.23,25.23,16.99,14.97,16.99,16.99,42.21,37.21,42.21,42.21
102882,14210100600000,Rockford,IL,65000,2014,148276,2016,False,225369000,202003000,200763000,202003000,0,16603000,48370000,46695000,1675000,46423000,42579000,3844000,0,0,0,0,185400000,R,R,0.0,69,True,23.95,21.46,23.95,26.09,22.98,20.6,22.98,25.04,46.93,42.06,46.93,51.13
103799,15202900500000,Fishers,IN,23278,2014,88658,2016,False,47988000,47988000,47988000,47988000,0,0,8385000,8259000,126000,9504000,9415000,89000,0,0,0,0,47988000,R,R,0.0,42,True,17.47,17.47,17.47,17.47,19.8,19.8,19.8,19.8,37.28,37.28,37.28,37.28
106055,22200500500000,Lynn,MA,37490,2014,92457,2016,False,374567000,372638000,366102000,153584000,219054000,1115000,19810000,19810000,0,16965000,16965000,0,0,0,0,163000,152306000,R,R,0.0,66,True,5.32,5.29,12.9,13.01,4.55,4.53,11.05,11.14,9.87,9.82,23.94,24.15
106061,22200700300000,Springfield,MA,67000,2014,154341,2016,False,680303000,677759000,671508000,189748000,488011000,3232000,38685000,38618000,67000,18880000,18860000,20000,0,0,0,1310000,185206000,R,R,0.0,69,True,5.71,5.69,20.39,20.89,2.79,2.78,9.95,10.19,8.49,8.46,30.34,31.08
106079,22201400400000,Worcester,MA,82000,2014,184815,2016,False,789444000,760905000,745777000,360019000,400886000,0,44167000,44099000,68000,32985000,32952000,33000,0,0,0,373000,359646000,R,R,0.0,91,True,5.8,5.59,12.27,12.28,4.33,4.18,9.16,9.17,10.14,9.77,21.43,21.45
108127,27205600100000,Billings,MT,06550,2014,110263,2016,False,181145000,154842000,154842000,154842000,0,0,22347000,21914000,433000,16773000,16345000,428000,0,0,16444000,905000,137493000,R,R,0.0,82,True,14.43,12.34,14.43,16.25,10.83,9.26,10.83,12.2,25.26,21.6,25.26,28.45
108910,29201600200000,Sparks,NV,68400,2014,96094,2016,False,106888000,106888000,106888000,106888000,0,0,22314000,22314000,0,14658000,14658000,0,0,0,0,0,106888000,R,R,0.0,49,True,20.88,20.88,20.88,20.88,13.71,13.71,13.71,13.71,34.59,34.59,34.59,34.59
109593,33206002800000,Yonkers,NY,84000,2014,201116,2016,False,1078399000,1055441000,1047865000,488351000,567090000,0,81446000,77474000,3972000,56834000,56463000,371000,0,0,0,677000,487674000,R,R,0.0,69,True,7.72,7.55,16.68,16.7,5.38,5.27,11.64,11.65,13.1,12.82,28.32,28.36
110047,34201300100000,Concord,NC,14100,2014,87696,2016,False,214143000,107184000,107129000,107184000,0,0,18214000,17519000,695000,17118000,15469000,1649000,0,0,11249000,35000,95900000,R,R,0.0,94,True,16.99,8.51,16.99,18.99,15.97,7.99,15.97,17.85,32.96,16.5,32.96,36.84
112811,40200400400000,Providence,RI,59000,2014,179207,2016,False,824579000,763794000,762176000,353865000,409929000,0,81444000,81444000,0,69490000,69490000,0,0,0,0,0,353865000,R,R,0.0,64,True,10.66,9.88,23.02,23.02,9.1,8.43,19.64,19.64,19.76,18.3,42.65,42.65
114311,45201800900000,West Jordan,UT,82950,2014,111946,2016,False,92289000,77296000,77296000,77296000,0,0,14537000,14537000,0,10450000,9607000,843000,0,0,0,0,77296000,R,R,0.0,47,True,18.81,15.75,18.81,18.81,13.52,11.32,13.52,13.52,32.33,27.07,32.33,32.33
114563,47210570100000,Chesapeake,VA,16000,2014,235429,2016,False,1007966000,959479000,948607000,499694000,459785000,61270000,42362000,40722000,1640000,39002000,38910000,92000,0,0,891000,30509000,407024000,R,R,0.0,111,True,4.42,4.2,8.48,10.41,4.06,3.87,7.81,9.58,8.48,8.07,16.28,19.99
114624,48201700400000,Bellevue,WA,05210,2014,139820,2016,False,358607000,313380000,305483000,313380000,0,2906000,34681000,34606000,75000,19803000,18569000,1234000,2281000,0,0,18178000,292296000,R,R,0.0,82,True,11.07,9.67,11.07,11.87,6.32,5.52,6.32,6.77,17.39,15.19,17.39,18.64
122748,03200700700000,Goodyear,AZ,28380,2014,79003,2016,False,123121000,108313000,108313000,108313000,0,0,16541000,16541000,0,12368000,12368000,0,0,0,0,0,108313000,R,R,0.0,47,True,15.27,13.43,15.27,15.27,11.42,10.05,11.42,11.42,26.69,23.48,26.69,26.69
123092,05200100300000,Berkeley,CA,06000,2014,120972,2016,False,299077000,299077000,299077000,299077000,0,0,56920000,56919000,1000,23750000,22695000,1055000,0,0,0,30229000,268848000,R,R,0.0,68,True,19.03,19.03,19.03,21.17,7.94,7.94,7.94,8.83,26.97,26.97,26.97,30.01
123093,05200100900000,Oakland,CA,53000,2014,419267,2016,False,1472286000,1472286000,1472286000,1472286000,0,0,230040000,226342000,3698000,107263000,107049000,214000,0,0,264554000,75174000,1132558000,R,R,0.0,82,True,15.62,15.62,15.62,20.31,7.29,7.29,7.29,9.47,22.91,22.91,22.91,29.78
123110,05201902200000,Inglewood,CA,36546,2014,111666,2016,False,204771000,180468000,175603000,180468000,0,0,34170000,34170000,0,11224000,11224000,0,0,0,0,2526000,177942000,R,R,0.0,60,True,18.93,16.69,18.93,19.2,6.22,5.48,6.22,6.31,25.15,22.17,25.15,25.51
123137,05203100500000,Roseville,CA,62938,2014,130269,2016,False,555947000,272533000,272533000,272533000,0,0,30735000,30729000,6000,25595000,25497000,98000,0,0,0,0,272533000,R,R,0.0,77,True,11.28,5.53,11.28,11.28,9.39,4.6,9.39,9.39,20.67,10.13,20.67,20.67
123157,05204101200000,San Mateo,CA,68252,2014,103536,2016,False,155848000,155848000,155848000,155848000,0,0,29782000,29130000,652000,19413000,19040000,373000,0,0,0,201000,155647000,R,R,0.0,65,True,19.11,19.11,19.11,19.13,12.46,12.46,12.46,12.47,31.57,31.57,31.57,31.61
124038,07200100100000,Bridgeport,CT,08000,2014,147629,2016,False,765468000,765468000,754792000,417571000,347897000,3779000,98660000,98660000,0,56970000,56970000,0,0,0,1204000,3270000,409318000,R,R,0.0,55,True,12.89,12.89,23.63,24.1,7.44,7.44,13.64,13.92,20.33,20.33,37.27,38.02
124214,09200100100000,Washington Dc,DC,50000,2014,672228,2016,False,12650519000,11788188000,11788188000,9208208000,2579980000,928126000,604640000,573160000,31480000,233737000,226834000,6903000,0,0,0,397610000,7882472000,R,R,0.0,156,True,5.13,4.78,6.57,7.67,1.98,1.85,2.54,2.97,7.11,6.63,9.1,10.64
124438,11202500300000,Savannah,GA,69000,2014,145674,2016,False,342088000,300184000,298073000,300184000,0,1308000,61648000,61313000,335000,26488000,26029000,459000,0,0,27932000,0,270944000,R,R,0.0,98,True,20.54,18.02,20.54,22.75,8.82,7.74,8.82,9.78,29.36,25.76,29.36,32.53
126027,15202900300000,Carmel,IN,10342,2014,88713,2016,False,118117000,98866000,98866000,98866000,0,101000,17976000,17900000,76000,20581000,20581000,0,0,0,0,1030000,97735000,R,R,0.0,63,True,18.18,15.22,18.18,18.39,20.82,17.42,20.82,21.06,39.0,32.64,39.0,39.45
126081,15207100800000,South Bend,IN,71000,2014,101516,2016,False,198652000,174572000,171092000,174572000,0,0,26287000,25957000,330000,30267000,23157000,7110000,0,0,5262000,547000,168763000,R,R,0.0,80,True,15.06,13.23,15.06,15.58,17.34,15.24,17.34,17.93,32.4,28.47,32.4,33.51
127810,19200900300000,Shreveport,LA,70000,2014,197204,2016,False,368456000,312307000,312185000,312307000,0,0,54208000,53943000,265000,51238000,50075000,1163000,0,0,16218000,0,296089000,R,R,0.0,78,True,17.36,14.71,17.36,18.31,16.41,13.91,16.41,17.3,33.76,28.62,33.76,35.61
128108,22201300100000,Boston,MA,07000,2014,667137,2016,False,3503759000,3287953000,3100888000,2075522000,1212431000,240347000,350387000,344003000,6384000,187081000,186169000,912000,0,0,0,14971000,1820204000,R,R,0.0,111,True,10.66,10.0,16.88,19.25,5.69,5.34,9.01,10.28,16.35,15.34,25.9,29.53
128309,23205001400000,Warren,MI,84000,2014,135358,2016,False,165720000,147090000,147090000,147090000,0,0,37373000,36929000,444000,19906000,19682000,224000,0,0,0,0,147090000,R,R,0.0,71,True,25.41,22.55,25.41,25.41,13.53,12.01,13.53,13.53,38.94,34.56,38.94,38.94
129295,25202500400000,Jackson,MS,36000,2014,170674,2016,False,278024000,234331000,234331000,234331000,0,3995000,35401000,31902000,3499000,24611000,18344000,6267000,0,0,31872000,444000,198020000,S,S,0.0,80,True,15.11,12.73,15.11,17.88,10.5,8.85,10.5,12.43,25.61,21.59,25.61,30.31
129515,26204800500000,Independence,MO,35000,2014,117255,2016,False,336940000,187745000,187745000,187745000,0,0,32543000,32543000,0,16644000,16644000,0,0,0,0,3332000,184413000,R,R,0.0,59,True,17.33,9.66,17.33,17.65,8.87,4.94,8.87,9.03,26.2,14.6,26.2,26.67
130835,31200700900000,Newark,NJ,51000,2014,281944,2016,False,836030000,797530000,749834000,797530000,0,1909000,128134000,127891000,243000,71297000,68225000,3072000,0,0,0,25322000,770299000,R,R,0.0,80,True,16.07,15.33,16.07,16.63,8.94,8.53,8.94,9.26,25.01,23.85,25.01,25.89
131239,33202800800000,Rochester,NY,63000,2014,209802,2016,False,1436896000,1410622000,1408316000,564029000,846593000,0,85835000,85830000,5000,48243000,48237000,6000,0,0,0,1693000,562336000,R,R,0.0,75,True,6.08,5.97,15.22,15.26,3.42,3.36,8.55,8.58,9.5,9.33,23.77,23.84
131717,34202600100000,Fayetteville,NC,22920,2014,201963,2016,False,474404000,201265000,200310000,201265000,0,298000,46375000,45681000,694000,24829000,23512000,1317000,185000,0,5835000,0,195132000,R,R,0.0,94,True,23.04,9.78,23.04,23.77,12.34,5.23,12.34,12.72,35.38,15.01,35.38,36.49
131775,34209200200000,Cary,NC,10740,2014,159769,2016,False,264103000,182587000,182587000,182587000,0,0,22819000,22421000,398000,20838000,19385000,1453000,0,0,0,0,182587000,R,R,0.047,62,True,12.5,8.64,12.5,12.5,11.41,7.89,11.41,11.41,23.91,16.53,23.91,23.91
133222,38202000400000,Eugene,OR,23850,2014,163460,2016,False,521266000,253163000,251139000,253163000,0,0,47564000,47482000,82000,32106000,31428000,678000,0,0,13495000,0,239668000,R,R,0.0,81,True,18.79,9.12,18.79,19.85,12.68,6.16,12.68,13.4,31.47,15.28,31.47,33.24
133470,39200205600000,Pittsburgh,PA,61000,2014,304391,2016,False,580790000,580790000,580790000,580790000,0,0,73167000,73167000,0,58198000,58198000,0,0,0,0,11003000,569787000,R,R,0.0,66,True,12.6,12.6,12.6,12.84,10.02,10.02,10.02,10.21,22.62,22.62,22.62,23.06
133602,39205100100000,Philadelphia,PA,60000,2014,1567442,2016,False,6873885000,5935521000,5851152000,5851152000,84369000,577478000,668584000,664862000,3722000,206930000,206353000,577000,0,0,284731000,1470097000,3518846000,R,R,0.0,103,True,11.26,9.73,11.43,19.0,3.49,3.01,3.54,5.88,14.75,12.74,14.96,24.88
135095,44202050300000,Pearland,TX,56348,2014,108821,2016,False,125998000,106690000,105330000,106690000,0,884000,17099000,16684000,415000,4535000,4301000,234000,0,0,0,4623000,101183000,I,I,1.0,79,True,16.03,13.57,16.03,16.9,4.25,3.6,4.25,4.48,20.28,17.17,20.28,21.38
135130,44205700400000,Carrollton,TX,13024,2014,133168,2016,False,150640000,128255000,121033000,128255000,0,0,23230000,22351000,879000,17754000,17754000,0,0,0,0,2544000,125711000,I,I,1.0,58,True,18.11,15.42,18.11,18.48,13.84,11.79,13.84,14.12,31.96,27.21,31.96,32.6
135132,44205702000000,Mesquite,TX,47892,2014,144788,2016,False,171504000,148630000,148630000,148630000,0,420000,35664000,30732000,4932000,24381000,23315000,1066000,0,0,2220000,1237000,144753000,R,R,0.0,89,True,24.0,20.79,24.0,24.64,16.4,14.22,16.4,16.84,40.4,35.01,40.4,41.48
135275,44221200500000,Tyler,TX,74144,2014,103700,2016,False,135727000,112953000,112115000,112953000,0,233000,24010000,23968000,42000,15711000,15711000,0,0,0,9587000,605000,102528000,R,R,0.0,73,True,21.26,17.69,21.26,23.42,13.91,11.58,13.91,15.32,35.17,29.27,35.17,38.74
135293,44224000100000,Laredo,TX,41464,2014,255473,2016,False,479660000,368480000,368017000,368480000,0,4064000,57257000,57207000,50000,44723000,44654000,69000,0,0,19556000,18280000,326580000,R,R,0.0,105,True,15.54,11.94,15.54,17.53,12.14,9.32,12.14,13.69,27.68,21.26,27.68,31.23
135295,44224300400000,Wichita Falls,TX,79000,2014,104710,2016,False,151932000,118814000,118814000,118814000,0,0,21222000,21146000,76000,13633000,13633000,0,0,0,5955000,4993000,107866000,I,I,1.0,74,True,17.86,13.97,17.86,19.67,11.47,8.97,11.47,12.64,29.34,22.94,29.34,32.31
135298,44224600600000,Round Rock,TX,63500,2014,115997,2016,False,155422000,133035000,133035000,133035000,0,0,24036000,23889000,147000,14729000,14338000,391000,0,0,0,805000,132230000,I,I,1.0,64,True,18.07,15.46,18.07,18.18,11.07,9.48,11.07,11.14,29.14,24.94,29.14,29.32
136056,47211500100000,Hampton,VA,35000,2014,136454,2016,False,565699000,561524000,559309000,330916000,230608000,37982000,29679000,28764000,915000,21519000,21246000,273000,0,0,0,3329000,289605000,R,R,0.0,101,True,5.29,5.25,8.97,10.25,3.83,3.8,6.5,7.43,9.12,9.05,15.47,17.68
136057,47212200100000,Norfolk,VA,57000,2014,246393,2016,False,1215706000,1149068000,1140139000,771857000,377211000,94641000,74097000,74097000,0,40121000,40121000,0,0,0,29584000,37753000,609879000,R,R,0.0,101,True,6.45,6.09,9.6,12.15,3.49,3.3,5.2,6.58,9.94,9.4,14.8,18.73
136110,48201702000000,Renton,WA,57745,2014,100242,2016,False,206875000,193260000,190344000,193260000,0,16122000,22291000,22278000,13000,23762000,23738000,24000,0,0,12348000,369000,164421000,R,R,0.0,81,True,11.53,10.78,11.53,13.56,12.3,11.49,12.3,14.45,23.83,22.26,23.83,28.01
136562,50204100900000,Milwaukee,WI,53000,2014,600155,2016,False,1026326000,955859000,916409000,955859000,0,4908000,253879000,250274000,3605000,116411000,109116000,7295000,0,0,339000,24300000,926312000,R,R,0.0,82,True,26.56,24.74,26.56,27.41,12.18,11.34,12.18,12.57,38.74,36.08,38.74,39.97
160683,01204900400000,Mobile,AL,50000,2014,194288,2016,False,364616000,330220000,330220000,330220000,0,7740000,43222000,43222000,0,26348000,26348000,0,0,0,0,6482000,315998000,I,I,1.0,53,True,13.09,11.85,13.09,13.68,7.98,7.23,7.98,8.34,21.07,19.08,21.07,22.02
160723,01206300200000,Tuscaloosa,AL,77256,2014,98332,2016,False,201358000,169215000,151741000,154864000,14351000,652000,31427000,31345000,82000,20170000,20170000,0,0,0,676000,130000,153406000,R,R,0.0,59,True,18.57,15.61,20.29,20.49,11.92,10.02,13.02,13.15,30.49,25.62,33.32,33.63
160830,03200700200000,Buckeye,AZ,07940,2014,62138,2016,False,100642000,90497000,90497000,90497000,0,0,13640000,13608000,32000,12022000,11809000,213000,0,0,301000,0,90196000,R,R,0.0,49,True,15.07,13.55,15.07,15.12,13.28,11.95,13.28,13.33,28.36,25.5,28.36,28.45
160831,03200700500000,Gilbert,AZ,27400,2014,247542,2016,False,242793000,195595000,188364000,195595000,0,1422000,39595000,39517000,78000,22615000,22595000,20000,140000,0,0,0,194173000,I,I,1.0,72,True,20.24,16.31,20.24,20.39,11.56,9.31,11.56,11.65,31.81,25.62,31.81,32.04
160832,03200700900000,Peoria,AZ,54050,2014,171237,2016,False,232281000,209895000,209895000,209895000,0,0,34721000,34721000,0,22222000,22222000,0,0,0,0,0,209895000,R,R,0.0,49,True,16.54,14.95,16.54,16.54,10.59,9.57,10.59,10.59,27.13,24.51,27.13,27.13
160833,03200701200000,Tempe,AZ,73000,2014,175826,2016,False,412773000,282833000,282833000,282437000,396000,0,82848000,78658000,4190000,31402000,31103000,299000,0,0,0,0,282437000,R,R,0.022,61,True,29.29,20.07,29.33,29.33,11.1,7.61,11.12,11.12,40.39,27.68,40.45,40.45
160840,03201000200000,Tucson,AZ,77000,2014,531641,2016,False,1076848000,687204000,687204000,687204000,0,0,112394000,112394000,0,79869000,79869000,0,0,0,52087000,0,635117000,I,I,1.0,80,True,16.36,10.44,16.36,17.7,11.62,7.42,11.62,12.58,27.98,17.85,27.98,30.27
161170,05201901700000,Glendale,CA,30000,2014,201020,2016,False,595103000,342321000,342321000,342321000,0,0,78975000,69624000,9351000,49684000,49617000,67000,0,0,0,774000,341547000,R,R,0.0,79,True,23.07,13.27,23.07,23.12,14.51,8.35,14.51,14.55,37.58,21.62,37.58,37.67
161173,05201902600000,Long Beach,CA,43000,2014,474140,2016,False,2470476000,2237878000,2237878000,2237878000,0,0,217168000,211889000,5279000,59011000,55008000,4003000,0,0,971554000,64641000,1201683000,R,R,0.0,93,True,9.7,8.79,9.7,18.07,2.64,2.39,2.64,4.91,12.34,11.18,12.34,22.98
161174,05201902700000,Los Angeles,CA,44000,2014,3971883,2016,False,14325671000,8940505000,8940505000,8940505000,0,0,1905377000,1851984000,53393000,506414000,488000000,18414000,0,0,1873125000,248072000,6819308000,R,R,0.0,110,True,21.31,13.3,21.31,27.94,5.66,3.54,5.66,7.43,26.98,16.84,26.98,35.37
161218,05203000700000,Fullerton,CA,28000,2014,140847,2016,False,194529000,168846000,168846000,168846000,0,0,37186000,36929000,257000,17021000,16910000,111000,0,0,1557000,562000,166727000,R,R,0.0,65,True,22.02,19.12,22.02,22.3,10.08,8.75,10.08,10.21,32.1,27.87,32.1,32.51
161229,05203090100000,Irvine,CA,36770,2014,256927,2016,False,267993000,261655000,254838000,259038000,2617000,0,61757000,61375000,382000,0,0,0,0,0,0,4768000,254270000,R,-,0.0,63,True,23.6,23.04,23.84,24.29,0.0,0.0,0.0,0.0,23.6,23.04,23.84,24.29
161241,05203400500000,Sacramento,CA,64000,2014,490712,2016,False,892277000,781468000,781468000,781468000,0,0,138213000,137976000,237000,95462000,92711000,2751000,0,0,0,20227000,761241000,R,R,0.0,89,True,17.69,15.49,17.69,18.16,12.22,10.7,12.22,12.54,29.9,26.19,29.9,30.7
161246,05203600700000,Ontario,CA,53896,2014,171214,2016,False,333121000,272407000,272407000,272407000,0,0,68486000,65888000,2598000,34612000,34371000,241000,0,0,0,1007000,271400000,R,R,0.0,67,True,25.14,20.56,25.14,25.23,12.71,10.39,12.71,12.75,37.85,30.95,37.85,37.99
161254,05203700100000,Carlsbad,CA,11194,2014,113453,2016,False,225229000,179882000,179882000,179882000,0,0,29433000,29241000,192000,4629000,4494000,135000,0,0,0,13805000,166077000,R,R,0.0,64,True,16.36,13.07,16.36,17.72,2.57,2.06,2.57,2.79,18.94,15.12,18.94,20.51
161255,05203700500000,Escondido,CA,22804,2014,151451,2016,False,212476000,154686000,154686000,154686000,0,0,37897000,37183000,714000,20489000,20489000,0,0,0,0,675000,154011000,R,R,0.0,64,True,24.5,17.84,24.5,24.61,13.25,9.64,13.25,13.3,37.74,27.48,37.74,37.91
161256,05203700900000,Oceanside,CA,53322,2014,175691,2016,False,279946000,229219000,229219000,229219000,0,0,51167000,50219000,948000,23847000,23816000,31000,0,0,6974000,16000,222229000,R,R,0.0,67,True,22.32,18.28,22.32,23.02,10.4,8.52,10.4,10.73,32.73,26.8,32.73,33.76
161258,05203800100000,San Francisco And County,CA,67000,2014,864816,2016,False,8682749000,6532458000,6532458000,6532458000,0,1248249000,384212000,377112000,7100000,252974000,245672000,7302000,0,0,817761000,990401000,3476047000,R,R,0.0,121,True,5.88,4.43,5.88,11.05,3.87,2.91,3.87,7.28,9.75,7.34,9.75,18.33
161280,05204301300000,Santa Clara,CA,69084,2014,126215,2016,False,958163000,597709000,597709000,597709000,0,0,45585000,45573000,12000,33623000,33124000,499000,0,0,0,2875000,594834000,R,R,0.0,67,True,7.63,4.76,7.63,7.66,5.63,3.51,5.63,5.65,13.25,8.27,13.25,13.32
161299,05205600300000,Oxnard,CA,54652,2014,207254,2016,False,380224000,293066000,293066000,293066000,0,0,68353000,67452000,901000,27900000,25715000,2185000,0,0,0,0,293066000,R,R,0.0,65,True,23.32,17.98,23.32,23.32,9.52,7.34,9.52,9.52,32.84,25.31,32.84,32.84
161328,06200100600000,Thornton,CO,77290,2014,133451,2016,False,173565000,139727000,139727000,139727000,0,0,23151000,23151000,0,12196000,12196000,0,0,0,0,434000,139293000,R,R,0.0,60,True,16.57,13.34,16.57,16.62,8.73,7.03,8.73,8.76,25.3,20.37,25.3,25.38
161337,06200700100000,Boulder,CO,07850,2014,107349,2016,False,267304000,254858000,254858000,254858000,0,0,36335000,36335000,0,14951000,14842000,109000,0,0,418000,0,254440000,I,I,0.974,62,True,14.26,13.59,14.26,14.28,5.87,5.59,5.87,5.88,20.12,19.19,20.12,20.16
161362,06202100200000,Colorado Springs,CO,16000,2014,456568,2016,False,1872701000,1022803000,1021413000,1022803000,0,561907000,95693000,94875000,818000,42632000,41367000,1265000,0,0,34878000,1040000,424978000,R,R,0.0,82,True,9.36,5.11,9.36,22.52,4.17,2.28,4.17,10.03,13.52,7.39,13.52,32.55
161374,06203000100000,Arvada,CO,03455,2014,115368,2016,False,142084000,123189000,123189000,123189000,0,0,27454000,27341000,113000,0,0,0,0,0,0,0,123189000,I,-,1.0,47,True,22.29,19.32,22.29,22.29,0.0,0.0,0.0,0.0,22.29,19.32,22.29,22.29
161376,06203080100000,Lakewood,CO,43000,2014,152597,2016,False,170960000,168949000,168949000,168949000,0,603000,46180000,43618000,2562000,0,0,0,0,0,0,1466000,166880000,I,-,1.0,78,True,27.33,27.01,27.33,27.67,0.0,0.0,0.0,0.0,27.33,27.01,27.33,27.67
161441,07200200200000,Hartford,CT,37000,2014,124006,2016,False,869621000,869621000,829785000,405505000,464116000,13075000,59481000,58681000,800000,32076000,31548000,528000,0,0,0,13736000,378694000,R,R,0.0,75,True,6.84,6.84,14.67,15.71,3.69,3.69,7.91,8.47,10.53,10.53,22.58,24.18
161447,07200500600000,New Haven,CT,52000,2014,130322,2016,False,719750000,719750000,709608000,348893000,370857000,0,36547000,36547000,0,32569000,32569000,0,0,0,149000,3068000,345676000,R,R,0.0,68,True,5.08,5.08,10.48,10.57,4.53,4.53,9.33,9.42,9.6,9.6,19.81,19.99
161572,10200100300000,Gainesville,FL,25175,2014,130128,2016,False,595889000,218665000,218665000,218665000,0,385000,42977000,39159000,3818000,17106000,17055000,51000,0,0,0,322000,217958000,R,R,0.0,97,True,19.65,7.21,19.65,19.72,7.82,2.87,7.82,7.85,27.48,10.08,27.48,27.57
161585,10200600400000,Fort Lauderdale,FL,24000,2014,178590,2016,False,494129000,391433000,391433000,391433000,0,0,93356000,92363000,993000,63840000,62245000,1595000,0,0,11100000,40000,380293000,R,R,0.0,78,True,23.85,18.89,23.85,24.55,16.31,12.92,16.31,16.79,40.16,31.81,40.16,41.34
161586,10200600700000,Hollywood,FL,32000,2014,149728,2016,False,294979000,254477000,254477000,254477000,0,0,62644000,62063000,581000,43563000,42606000,957000,0,0,0,0,254477000,R,R,0.0,75,True,24.62,21.24,24.62,24.62,17.12,14.77,17.12,17.12,41.74,36.0,41.74,41.74
161588,10200601100000,Pompano Beach,FL,58050,2014,107762,2016,False,204337000,181602000,181602000,181602000,0,0,36601000,36601000,0,19725000,19044000,681000,0,0,2412000,14095000,165095000,R,R,0.0,77,True,20.15,17.91,20.15,22.17,10.86,9.65,10.86,11.95,31.02,27.57,31.02,34.12
161593,10200650900000,Pembroke Pines,FL,55775,2014,166611,2016,False,324016000,317293000,317293000,317293000,0,1409000,52430000,49667000,2763000,45906000,45906000,0,0,0,0,0,315884000,R,R,0.0,74,True,16.52,16.18,16.52,16.6,14.47,14.17,14.47,14.53,30.99,30.35,30.99,31.13
161594,10200670100000,Davie,FL,16475,2014,100882,2016,False,132302000,99458000,99458000,99458000,0,0,37114000,36637000,477000,17817000,17582000,235000,0,0,0,6475000,92983000,R,R,0.0,66,True,37.32,28.05,37.32,39.91,17.91,13.47,17.91,19.16,55.23,41.52,55.23,59.08
161595,10200670200000,Coral Springs,FL,14400,2014,129485,2016,False,143344000,131989000,131989000,131939000,50000,0,45639000,44247000,1392000,18422000,17907000,515000,0,0,0,9277000,122662000,R,R,0.0,78,True,34.58,31.84,34.59,37.21,13.96,12.85,13.96,15.02,48.54,44.69,48.55,52.23
161604,10201300800000,Hialeah,FL,30000,2014,237069,2016,False,242775000,218786000,218786000,218786000,0,0,40143000,38829000,1314000,28914000,28914000,0,0,0,0,0,218786000,R,R,0.0,71,True,18.35,16.54,18.35,18.35,13.22,11.91,13.22,13.22,31.56,28.44,31.56,31.56
161633,10202900300000,Tampa,FL,71000,2014,369075,2016,False,762837000,671999000,671999000,671999000,0,0,152492000,145055000,7437000,75314000,73968000,1346000,0,0,0,0,671999000,R,R,0.0,86,True,22.69,19.99,22.69,22.69,11.21,9.87,11.21,11.21,33.9,29.86,33.9,33.9
161649,10203680100000,Cape Coral,FL,10275,2014,175229,2016,False,288949000,239135000,239135000,218112000,21023000,0,36326000,35511000,815000,30076000,28414000,1662000,0,0,0,0,218112000,R,R,0.0,75,True,15.19,12.57,16.65,16.65,12.58,10.41,13.79,13.79,27.77,22.98,30.44,30.44
161650,10203700100000,Tallahassee,FL,70600,2014,189907,2016,False,790813000,427207000,427207000,427207000,0,0,52097000,51936000,161000,33358000,33194000,164000,0,0,18886000,0,408321000,R,R,0.0,93,True,12.19,6.59,12.19,12.76,7.81,4.22,7.81,8.17,20.0,10.81,20.0,20.93
161665,10204800900000,Orlando,FL,53000,2014,270934,2016,False,674954000,674674000,674674000,674674000,0,0,132176000,129870000,2306000,85620000,84136000,1484000,0,0,0,23025000,651649000,R,R,0.0,79,True,19.59,19.58,19.59,20.28,12.69,12.69,12.69,13.14,32.28,32.27,32.28,33.42
161679,10205002300000,West Palm Beach,FL,76600,2014,106779,2016,False,281391000,245111000,243986000,245111000,0,0,48274000,48252000,22000,28845000,28802000,43000,0,0,0,1642000,243469000,R,R,0.0,77,True,19.69,17.16,19.69,19.83,11.77,10.25,11.77,11.85,31.46,27.41,31.46,31.68
161693,10205202000000,St Petersburg,FL,63000,2014,257083,2016,False,476788000,417367000,417367000,417367000,0,0,91932000,91236000,696000,32136000,31994000,142000,0,0,3831000,12668000,400868000,R,R,0.0,84,True,22.03,19.28,22.03,22.93,7.7,6.74,7.7,8.02,29.73,26.02,29.73,30.95
161710,10205650200000,Port St Lucie,FL,58715,2014,179413,2016,False,222669000,175329000,175329000,175329000,0,0,35736000,35226000,510000,0,0,0,0,0,0,1149000,174180000,R,-,0.0,57,True,20.38,16.05,20.38,20.52,0.0,0.0,0.0,0.0,20.38,16.05,20.38,20.52
161834,11202900100000,Athens-Clarke County Unified Government,GA,03436,2014,123912,2016,False,247359000,215970000,210856000,215970000,0,35183000,23719000,23095000,624000,12134000,12050000,84000,0,0,3031000,13339000,164417000,R,R,0.0,95,True,10.98,9.59,10.98,14.43,5.62,4.91,5.62,7.38,16.6,14.49,16.6,21.81
161944,11210600200000,Columbus Consolidated Government,GA,19000,2014,200579,2016,False,391150000,360355000,345253000,360355000,0,56478000,47184000,46602000,582000,29049000,27858000,1191000,0,0,7853000,14651000,281373000,R,R,0.0,110,True,13.09,12.06,13.09,16.77,8.06,7.43,8.06,10.32,21.15,19.49,21.15,27.09
162035,13200100100000,Boise,ID,08830,2014,218281,2016,False,289196000,289196000,289196000,289196000,0,0,46485000,46485000,0,42856000,42706000,150000,0,0,35334000,0,253862000,R,R,0.0,63,True,16.07,16.07,16.07,18.31,14.82,14.82,14.82,16.88,30.89,30.89,30.89,35.19
162037,13200100400000,Meridian,ID,52120,2014,90739,2016,False,59549000,52257000,52257000,52257000,0,0,11899000,11577000,322000,9295000,9239000,56000,0,0,0,0,52257000,R,R,0.001,41,True,22.77,19.98,22.77,22.77,17.79,15.61,17.79,17.79,40.56,35.59,40.56,40.56
162062,13201400400000,Nampa,ID,56260,2014,89839,2016,False,89276000,83709000,83709000,83709000,0,0,16478000,16478000,0,10738000,10738000,0,0,0,341000,0,83368000,R,R,0.0,59,True,19.68,18.46,19.68,19.77,12.83,12.03,12.83,12.88,32.51,30.49,32.51,32.65
162236,14201601600000,Chicago,IL,14000,2014,2720546,2016,False,7749940000,7243191000,7243191000,7243191000,0,246736000,1344126000,1315454000,28672000,531485000,529186000,2299000,0,0,1055917000,136395000,5804143000,R,R,0.0,115,True,18.56,17.34,18.56,23.16,7.34,6.86,7.34,9.16,25.89,24.2,25.89,32.32
162299,14202201200000,Naperville,IL,51622,2014,147100,2016,False,360265000,167093000,167093000,167093000,0,0,39341000,38911000,430000,31762000,31725000,37000,0,0,0,0,167093000,R,R,0.0,65,True,23.54,10.92,23.54,23.54,19.01,8.82,19.01,19.01,42.55,19.74,42.55,42.55
162629,14208402200000,Springfield,IL,72000,2014,116565,2016,False,453912000,172738000,171938000,172738000,0,0,41921000,41316000,605000,35047000,34841000,206000,0,0,0,0,172738000,R,R,0.0,74,True,24.27,9.24,24.27,24.27,20.29,7.72,20.29,20.29,44.56,16.96,44.56,44.56
162690,14209900700000,Joliet,IL,38570,2014,147861,2016,False,238610000,203444000,203444000,203444000,0,0,39205000,37234000,1971000,26769000,25489000,1280000,0,0,0,0,203444000,R,R,0.0,62,True,19.27,16.43,19.27,19.27,13.16,11.22,13.16,13.16,32.43,27.65,32.43,32.43
163465,15200200100000,Fort Wayne,IN,25000,2014,260326,2016,False,355180000,300687000,299396000,300687000,0,0,55922000,55922000,0,39054000,38848000,206000,0,0,0,2765000,297922000,R,R,0.0,74,True,18.6,15.74,18.6,18.77,12.99,11.0,12.99,13.11,31.59,26.74,31.59,31.88
163681,15208200100000,Evansville,IN,22000,2014,119943,2016,False,224887000,195573000,195573000,195573000,0,0,32997000,32853000,144000,25129000,25129000,0,0,0,31487000,853000,163233000,R,R,0.0,69,True,16.87,14.67,16.87,20.21,12.85,11.17,12.85,15.39,29.72,25.85,29.72,35.61
164470,16205700300000,Cedar Rapids,IA,12000,2014,130405,2016,False,394386000,360487000,360487000,360487000,0,0,35154000,35065000,89000,19230000,19147000,83000,0,0,16427000,973000,343087000,R,R,0.0,77,True,9.75,8.91,9.75,10.25,5.33,4.88,5.33,5.6,15.09,13.79,15.09,15.85
164885,17208900300000,Topeka,KS,71000,2014,127265,2016,False,201729000,164261000,164261000,164261000,0,812000,34045000,33695000,350000,24105000,24058000,47000,0,0,0,0,163449000,R,R,0.0,70,True,20.73,16.88,20.73,20.83,14.67,11.95,14.67,14.75,35.4,28.83,35.4,35.58
164911,17210500300000,Wyandotte County And Kansas Unified Government,KS,36000,2014,151306,2016,False,728963000,460017000,460017000,460017000,0,21969000,53245000,52130000,1115000,37529000,37419000,110000,0,0,0,12942000,425106000,R,R,0.0,86,True,11.57,7.3,11.57,12.53,8.16,5.15,8.16,8.83,19.73,12.45,19.73,21.35
165831,18203400100000,Lexington-Fayette Urban County Government,KY,46027,2014,314488,2016,False,508976000,483971000,482994000,483971000,0,36380000,51246000,50229000,1017000,48177000,47009000,1168000,0,0,17378000,14442000,415771000,R,R,0.0,104,True,10.59,10.07,10.59,12.33,9.95,9.47,9.95,11.59,20.54,19.53,20.54,23.91
165866,18205601400000,Louisville-Jefferson County Metro Government,KY,48003,2014,763623,2016,False,1499881000,1175572000,1114819000,1105108000,70464000,70311000,114957000,111477000,3480000,105868000,70492000,35376000,0,0,47115000,45769000,941913000,R,R,0.0,117,True,9.78,7.66,10.4,12.2,9.01,7.06,9.58,11.24,18.78,14.72,19.98,23.44
166054,19201700200000,Baton Rouge-East Baton Rouge-Parish,LA,05000,2014,228590,2016,False,1218686000,1197021000,1189533000,1182777000,14244000,123839000,145602000,131308000,14294000,79060000,74293000,4767000,0,0,21207000,38925000,998806000,R,R,0.0,127,True,12.16,11.95,12.31,14.58,6.6,6.49,6.68,7.92,18.77,18.43,18.99,22.49
166076,19202800400000,Lafayette-Parish,LA,40735,2014,127657,2016,False,613564000,384563000,382325000,384563000,0,25921000,61098000,56143000,4955000,18478000,18158000,320000,0,0,18349000,6818000,333475000,R,R,0.0,123,True,15.89,9.96,15.89,18.32,4.8,3.01,4.8,5.54,20.69,12.97,20.69,23.86
166094,19203600100000,New Orleans,LA,55000,2014,389617,2016,False,1766085000,1662730000,1662730000,1662730000,0,220652000,136886000,129071000,7815000,93068000,91187000,1881000,0,0,81206000,30950000,1329922000,R,RS,0.0,114,True,8.23,7.75,8.23,10.29,5.6,5.27,5.6,7.0,13.83,13.02,13.83,17.29
166441,22200300300000,New Bedford,MA,45000,2014,94958,2016,False,318750000,310384000,304890000,131629000,178755000,3250000,23102000,22639000,463000,12993000,12973000,20000,0,0,7678000,3445000,117256000,R,R,0.0,90,True,7.44,7.25,17.55,19.7,4.19,4.08,9.87,11.08,11.63,11.32,27.42,30.78
166448,22200900100000,Cambridge,MA,11000,2014,110402,2016,False,1072614000,1050618000,1028319000,844351000,206267000,537825000,33279000,32835000,444000,26040000,25948000,92000,0,0,0,45000,306481000,R,R,0.0,93,True,3.17,3.1,3.94,10.86,2.48,2.43,3.08,8.5,5.65,5.53,7.03,19.35
166449,22200900300000,Lowell,MA,37000,2014,110699,2016,False,375676000,365293000,358097000,154657000,210636000,1235000,23926000,23623000,303000,16938000,16832000,106000,0,0,1476000,2246000,149700000,R,R,0.0,90,True,6.55,6.37,15.47,15.98,4.64,4.51,10.95,11.31,11.19,10.88,26.42,27.3
166454,22201100100000,Quincy,MA,55745,2014,93618,2016,False,414202000,407661000,375980000,225301000,182360000,1859000,24555000,24333000,222000,20881000,20881000,0,0,0,0,2379000,221063000,R,R,0.0,73,True,6.02,5.93,10.9,11.11,5.12,5.04,9.27,9.45,11.15,10.97,20.17,20.55
166455,22201200100000,Brockton,MA,09000,2014,95314,2016,False,382334000,366386000,359752000,121947000,244439000,1084000,20709000,20607000,102000,24757000,24535000,222000,0,0,0,855000,120008000,R,R,0.0,83,True,5.65,5.42,16.98,17.26,6.76,6.48,20.3,20.63,12.41,11.89,37.28,37.89
166690,23203300300000,Lansing,MI,46000,2014,115056,2016,False,552166000,209733000,209733000,209733000,0,0,40363000,40363000,0,31705000,31705000,0,0,0,0,0,209733000,R,R,0.0,75,True,19.24,7.31,19.24,19.24,15.12,5.74,15.12,15.12,34.36,13.05,34.36,34.36
166734,23205080100000,Sterling Heights,MI,76460,2014,132052,2016,False,133312000,115581000,99546000,115581000,0,0,29118000,28446000,672000,17255000,17078000,177000,0,0,0,0,115581000,R,R,0.0,69,True,25.19,21.84,25.19,25.19,14.93,12.94,14.93,14.93,40.12,34.79,40.12,40.12
166817,23208200400000,Detroit,MI,22000,2014,677116,2016,False,2374845000,2092911000,2083712000,2090886000,2025000,1534000,291509000,280323000,11186000,111643000,108785000,2858000,0,0,2072000,46928000,2040352000,R,R,0.0,114,True,13.93,12.27,13.94,14.29,5.33,4.7,5.34,5.47,19.26,16.98,19.28,19.76
167574,24205500400000,Rochester,MN,54880,2014,112225,2016,False,393576000,231837000,231837000,231837000,0,0,21478000,21478000,0,14322000,14322000,0,0,0,3418000,345000,228074000,R,R,0.0,67,True,9.26,5.46,9.26,9.42,6.18,3.64,6.18,6.28,15.44,9.1,15.44,15.7
167605,24206200900000,St Paul,MN,58000,2014,300851,2016,False,584625000,531856000,531102000,531856000,0,0,86552000,86552000,0,49827000,49827000,0,0,0,30140000,3240000,498476000,R,R,0.054,65,True,16.27,14.8,16.27,17.36,9.37,8.52,9.37,10.0,25.64,23.33,25.64,27.36
168809,26201000300000,Columbia,MO,15670,2014,119108,2016,False,316649000,150830000,150830000,150830000,0,0,15424000,15121000,303000,11389000,10480000,909000,0,0,9292000,4732000,136806000,R,R,0.0,103,True,10.23,4.87,10.23,11.27,7.55,3.6,7.55,8.32,17.78,8.47,17.78,19.6
168896,26203900300000,Springfield,MO,70000,2014,166810,2016,False,663604000,310282000,310282000,310282000,0,1363000,68962000,68886000,76000,19057000,19057000,0,0,0,13122000,7819000,287978000,R,R,0.0,90,True,22.23,10.39,22.23,23.95,6.14,2.87,6.14,6.62,28.37,13.26,28.37,30.56
168926,26204800700000,Lees Summit,MO,41348,2014,95094,2016,False,142729000,128829000,128829000,128829000,0,0,18551000,18551000,0,15893000,15859000,34000,0,0,2012000,0,126817000,R,R,0.0,53,True,14.4,13.0,14.4,14.63,12.34,11.14,12.34,12.53,26.74,24.13,26.74,27.16
169159,26209600100000,St Louis,MO,65000,2014,315685,2016,False,1118427000,1030158000,1030158000,1030158000,0,53014000,219508000,219508000,0,52839000,52839000,0,0,0,128708000,49602000,798834000,R,R,0.0,78,True,21.31,19.63,21.31,27.48,5.13,4.72,5.13,6.61,26.44,24.35,26.44,34.09
169646,28205500700000,Lincoln,NE,28000,2014,277348,2016,False,578231000,295665000,276477000,295665000,0,7439000,36014000,35349000,665000,23025000,22600000,425000,0,0,0,26745000,261481000,R,R,0.0,84,True,12.18,6.23,12.18,13.77,7.79,3.98,7.79,8.81,19.97,10.21,19.97,22.58
169987,29200200100000,Henderson,NV,31900,2014,285667,2016,False,414055000,350261000,350261000,350261000,0,17550000,73371000,72598000,773000,39147000,39082000,65000,0,0,0,0,332711000,R,R,0.0,65,True,20.95,17.72,20.95,22.05,11.18,9.45,11.18,11.77,32.12,27.17,32.12,33.82
169988,29200200200000,Las Vegas,NV,40000,2014,623747,2016,False,830426000,830425000,704185000,830425000,0,51639000,9715000,9715000,0,133845000,123621000,10224000,120607000,27000,0,3431000,775355000,R,R,0.0,80,True,1.17,1.17,1.17,1.25,16.12,16.12,16.12,17.26,17.29,17.29,17.29,18.52
169993,29201600100000,Reno,NV,60600,2014,241445,2016,False,327191000,327191000,327191000,327191000,0,0,54789000,54789000,0,42111000,42087000,24000,0,0,0,0,327191000,R,R,0.0,56,True,16.75,16.75,16.75,16.75,12.87,12.87,12.87,12.87,29.62,29.62,29.62,29.62
170001,30200600100000,Manchester,NH,45140,2014,110229,2016,False,455901000,435912000,432703000,266250000,169662000,1309000,32451000,32379000,72000,29750000,28177000,1573000,0,0,46476000,2661000,215804000,R,R,0.0,98,True,7.44,7.12,12.19,15.04,6.82,6.53,11.17,13.79,14.27,13.64,23.36,28.82
170378,32200100100000,Albuquerque,NM,02000,2014,559121,2016,False,1046466000,883365000,883365000,883365000,0,19758000,153469000,153469000,0,73679000,73679000,0,0,0,49282000,27759000,786566000,R,R,0.06,86,True,17.37,14.67,17.37,19.51,8.34,7.04,8.34,9.37,25.71,21.71,25.71,28.88
170404,32202360100000,Rio Rancho,NM,63460,2014,94171,2016,False,122346000,93275000,91762000,91762000,1513000,928000,17263000,16799000,464000,11566000,10858000,708000,0,0,0,0,90834000,I,I,1.0,80,True,18.51,14.11,18.81,19.0,12.4,9.45,12.6,12.73,30.91,23.56,31.42,31.74
170440,33200100100000,Albany,NY,01000,2014,98469,2016,False,212798000,212798000,212643000,212798000,0,0,55074000,51710000,3364000,32344000,31165000,1179000,0,0,0,563000,212235000,R,R,0.0,64,True,25.88,25.88,25.88,25.95,15.2,15.2,15.2,15.24,41.08,41.08,41.08,41.19
170582,33203401500000,Syracuse,NY,73000,2014,144142,2016,False,772285000,760003000,758572000,341602000,418401000,0,46567000,45659000,908000,30309000,28820000,1489000,0,0,21287000,390000,319925000,R,R,0.0,86,True,6.13,6.03,13.63,14.56,3.99,3.92,8.87,9.47,10.12,9.95,22.5,24.03
171207,34204100200000,Greensboro,NC,28000,2014,285342,2016,False,445518000,376108000,375987000,376108000,0,0,73355000,73184000,171000,48492000,46057000,2435000,0,0,0,305000,375803000,R,R,0.0,81,True,19.5,16.47,19.5,19.52,12.89,10.88,12.89,12.9,32.4,27.35,32.4,32.42
171248,34206500300000,Wilmington,NC,74440,2014,115933,2016,False,132156000,129262000,128864000,129262000,0,520000,26871000,26453000,418000,15511000,15124000,387000,0,0,0,0,128742000,R,R,0.0,68,True,20.79,20.33,20.79,20.87,12.0,11.74,12.0,12.05,32.79,32.07,32.79,32.92
171305,34209200800000,Raleigh,NC,55000,2014,451066,2016,False,713762000,544871000,544871000,544871000,0,0,101176000,97835000,3341000,53210000,51195000,2015000,0,0,0,0,544871000,R,R,0.0,82,True,18.57,14.18,18.57,18.57,9.77,7.45,9.77,9.77,28.33,21.63,28.33,28.33
171371,35200900900000,Fargo,ND,25700,2014,118523,2016,False,223903000,206714000,206714000,206714000,0,9487000,29342000,29162000,180000,0,0,0,0,0,0,208000,197019000,R,-,0.0,75,True,14.19,13.1,14.19,14.89,0.0,0.0,0.0,0.0,14.19,13.1,14.19,14.89
172358,36201801400000,Cleveland,OH,16000,2014,388072,2016,False,1304653000,836259000,825489000,836259000,0,17064000,177236000,177220000,16000,86965000,86738000,227000,0,0,114872000,38884000,665439000,R,R,0.0,85,True,21.19,13.58,21.19,26.63,10.4,6.67,10.4,13.07,31.59,20.25,31.59,39.7
172543,36205700400000,Dayton,OH,21000,2014,140599,2016,False,356808000,310088000,309272000,310088000,0,0,51322000,51320000,2000,35628000,35628000,0,0,0,45825000,0,264263000,R,R,0.0,52,True,16.55,14.38,16.55,19.42,11.49,9.99,11.49,13.48,28.04,24.37,28.04,32.9
173685,38202600200000,Gresham,OR,31250,2014,110553,2016,False,123188000,115210000,115210000,115210000,0,0,23102000,23010000,92000,17997000,17898000,99000,0,0,0,0,115210000,R,R,0.0,71,True,20.05,18.75,20.05,20.05,15.62,14.61,15.62,15.62,35.67,33.36,35.67,35.67
174015,39203900200000,Allentown,PA,02000,2014,120207,2016,False,197215000,184097000,184097000,184097000,0,0,27388000,27317000,71000,19082000,17173000,1909000,0,0,0,7485000,176612000,RS,RS,0.0,65,True,14.88,13.89,14.88,15.51,10.37,9.68,10.37,10.8,25.24,23.56,25.24,26.31
174889,41201000100000,Charleston,SC,13330,2014,132609,2016,False,271936000,154064000,154064000,154064000,0,469000,41469000,41469000,0,24462000,24462000,0,0,0,0,0,153595000,I,I,1.0,52,True,26.92,15.25,26.92,27.0,15.88,9.0,15.88,15.93,42.79,24.25,42.79,42.93
174894,41201090100000,North Charleston,SC,50875,2014,108304,2016,False,162596000,162596000,162596000,162596000,0,0,35405000,33688000,1717000,18420000,16977000,1443000,0,0,0,0,162596000,R,R,0.0,55,True,21.77,21.77,21.77,21.77,11.33,11.33,11.33,11.33,33.1,33.1,33.1,33.1
174959,41204000100000,Columbia,SC,16000,2014,133803,2016,False,283402000,218276000,217254000,218276000,0,1916000,34816000,33334000,1482000,22793000,20690000,2103000,0,269000,0,1347000,215013000,R,R,0.0,82,True,15.95,12.29,15.95,16.19,10.44,8.04,10.44,10.6,26.39,20.33,26.39,26.79
175728,43201900300000,Nashville-Davidson County Metropolitan Government,TN,52004,2014,678889,2016,False,3894552000,2536510000,2536246000,1600975000,935535000,229889000,219825000,201193000,18632000,117101000,111525000,5576000,0,0,0,88442000,1282644000,R,R,0.0,129,True,8.67,5.64,13.73,17.14,4.62,3.01,7.31,9.13,13.28,8.65,21.05,26.27
175780,43204700100000,Knoxville,TN,40000,2014,185291,2016,False,1096721000,321044000,321044000,321044000,0,0,52525000,52525000,0,36699000,36699000,0,0,0,0,11000,321033000,R,R,0.0,80,True,16.36,4.79,16.36,16.36,11.43,3.35,11.43,11.43,27.79,8.14,27.79,27.79
175826,43207900500000,Memphis,TN,48000,2014,655770,2016,False,2906819000,1123285000,1122140000,1122140000,1145000,0,245369000,243673000,1696000,165693000,156315000,9378000,0,0,1169000,0,1120971000,R,R,0.0,115,True,21.84,8.44,21.87,21.89,14.75,5.7,14.77,14.78,36.59,14.14,36.63,36.67
175981,44201400300000,Killeen,TX,39148,2014,140806,2016,False,174640000,153314000,153314000,153314000,0,0,27222000,25621000,1601000,19730000,17115000,2615000,0,0,10883000,560000,141871000,R,R,0.0,75,True,17.76,15.59,17.76,19.19,12.87,11.3,12.87,13.91,30.62,26.89,30.62,33.09
175988,44201501000000,San Antonio,TX,65000,2014,1469845,2016,False,4393834000,1889125000,1889125000,1826888000,62237000,101005000,329497000,329497000,0,234718000,226645000,8073000,0,0,98917000,25494000,1601472000,R,R,0.0,131,True,17.44,7.5,18.04,20.57,12.42,5.34,12.85,14.66,29.87,12.84,30.88,35.23
176022,44203100100000,Brownsville,TX,10768,2014,183887,2016,False,342214000,188344000,188344000,188344000,0,1409000,32173000,32173000,0,19834000,19834000,0,0,0,4752000,1442000,180741000,R,R,0.0,76,True,17.08,9.4,17.08,17.8,10.53,5.8,10.53,10.97,27.61,15.2,27.61,28.77
176053,44204300900000,Plano,TX,58016,2014,283558,2016,False,406863000,331239000,301684000,331239000,0,0,56381000,56299000,82000,45816000,45816000,0,0,0,0,3268000,327971000,I,I,1.0,78,True,17.02,13.86,17.02,17.19,13.83,11.26,13.83,13.97,30.85,25.12,30.85,31.16
176060,44204600100000,New Braunfels,TX,50820,2014,70543,2016,False,199069000,93284000,88840000,93284000,0,0,13299000,12760000,539000,15559000,12599000,2960000,0,0,2586000,1387000,89311000,I,I,1.0,72,True,14.26,6.68,14.26,14.89,16.68,7.82,16.68,17.42,30.94,14.5,30.94,32.31
176079,44205701600000,Irving,TX,37000,2014,236607,2016,False,325259000,270840000,270840000,270840000,0,50000,52880000,52356000,524000,40181000,34298000,5883000,0,0,0,2145000,268645000,R,R,0.0,83,True,19.52,16.26,19.52,19.68,14.84,12.35,14.84,14.96,34.36,28.61,34.36,34.64
176107,44206800100000,Odessa,TX,53388,2014,118968,2016,False,113943000,101482000,101080000,101482000,0,419000,20321000,20030000,291000,16174000,15886000,288000,0,0,0,772000,100291000,R,R,0.0,78,True,20.02,17.83,20.02,20.26,15.94,14.19,15.94,16.13,35.96,32.03,35.96,36.39
176118,44207100200000,El Paso,TX,24000,2014,681124,2016,False,928355000,738187000,738187000,738187000,0,952000,125781000,125781000,0,91638000,91638000,0,0,0,58448000,18596000,660191000,R,R,0.0,104,True,17.04,13.55,17.04,19.05,12.41,9.87,12.41,13.88,29.45,23.42,29.45,32.93
176132,44207900600000,Sugar Land,TX,70808,2014,88156,2016,False,221420000,156571000,156571000,156571000,0,368000,19109000,18379000,730000,10629000,10385000,244000,0,0,15504000,679000,140020000,I,I,1.0,63,True,12.2,8.63,12.2,13.65,6.79,4.8,6.79,7.59,18.99,13.43,18.99,21.24
176142,44208480200000,League,TX,41980,2014,98312,2016,False,134962000,103285000,100816000,103285000,0,0,23964000,15568000,8396000,1594000,1581000,13000,0,0,0,4052000,99233000,RS,RS,0.0,58,True,23.2,17.76,23.2,24.15,1.54,1.18,1.54,1.61,24.75,18.94,24.75,25.76
176169,44210100800000,Houston,TX,35000,2014,2296224,2016,False,4439560000,3989333000,3944233000,3989333000,0,0,692263000,683775000,8488000,406957000,398153000,8804000,0,0,397844000,122863000,3468626000,R,R,0.0,107,True,17.35,15.59,17.35,19.96,10.2,9.17,10.2,11.73,27.55,24.76,27.55,31.69
176286,44215501000000,Waco,TX,76000,2014,132356,2016,False,325232000,288320000,283194000,288320000,0,0,41086000,34449000,6637000,20431000,19247000,1184000,0,0,5718000,7948000,274654000,R,R,0.0,79,True,14.25,12.63,14.25,14.96,7.09,6.28,7.09,7.44,21.34,18.91,21.34,22.4
176325,44217800300000,Corpus Christi,TX,17000,2014,324074,2016,False,556686000,401222000,398552000,401222000,0,1191000,74921000,73446000,1475000,49804000,48756000,1048000,0,0,16035000,6554000,377442000,R,R,0.0,117,True,18.67,13.46,18.67,19.85,12.41,8.95,12.41,13.2,31.09,22.4,31.09,33.04
176375,44222001100000,Fort Worth,TX,27000,2014,833319,2016,False,1325962000,1127091000,1127091000,1127091000,0,0,245537000,242925000,2612000,119494000,119145000,349000,0,0,24067000,16737000,1086287000,R,R,0.0,91,True,21.79,18.52,21.79,22.6,10.6,9.01,10.6,11.0,32.39,27.53,32.39,33.6
176386,44222100100000,Abilene,TX,01000,2014,121721,2016,False,151646000,123474000,123474000,123474000,0,0,22619000,22619000,0,17425000,17259000,166000,0,0,8229000,4505000,110740000,I,I,1.0,74,True,18.32,14.92,18.32,20.43,14.11,11.49,14.11,15.74,32.43,26.41,32.43,36.16
176394,44222700100000,Austin,TX,05000,2014,931830,2016,False,3147219000,1629097000,1629097000,1629097000,0,0,287449000,279500000,7949000,138486000,138319000,167000,0,0,91401000,117839000,1419857000,I,I,1.0,101,True,17.64,9.13,17.64,20.24,8.5,4.4,8.5,9.75,26.15,13.53,26.15,30.0
176492,45201800500000,Salt Lake,UT,67000,2014,192672,2016,False,447017000,389601000,389601000,389601000,0,0,61923000,60695000,1228000,43247000,42615000,632000,0,0,146569000,0,243032000,R,R,0.0,42,True,15.89,13.85,15.89,25.48,11.1,9.67,11.1,17.79,26.99,23.53,26.99,43.27
176495,45201860300000,West Valley,UT,83470,2014,136208,2016,False,110568000,110568000,107970000,110568000,0,0,22377000,21606000,771000,11457000,10301000,1156000,26000,0,0,0,110568000,R,R,0.0,60,True,20.24,20.24,20.24,20.24,10.36,10.36,10.36,10.36,30.6,30.6,30.6,30.6
176517,45202501100000,Provo,UT,62470,2014,115264,2016,False,136507000,75190000,75190000,75190000,0,0,16811000,16811000,0,8811000,8811000,0,0,0,1720000,0,73470000,R,R,0.0,45,True,22.36,12.32,22.36,22.88,11.72,6.45,11.72,11.99,34.08,18.77,34.08,34.87
176784,47212100100000,Newport News,VA,56000,2014,182385,2016,False,865266000,802263000,793388000,466343000,335920000,65476000,45482000,45482000,0,27625000,27625000,0,0,0,16664000,6617000,377586000,R,R,0.0,90,True,5.67,5.26,9.75,12.05,3.44,3.19,5.92,7.32,9.11,8.45,15.68,19.36
176816,48200600500000,Vancouver,WA,74060,2014,172860,2016,False,219000000,199075000,189862000,199075000,0,5039000,30110000,29884000,226000,30604000,28132000,2472000,0,0,474000,286000,193276000,R,R,0.0,80,True,15.12,13.75,15.12,15.58,15.37,13.97,15.37,15.83,30.5,27.72,30.5,31.41
176868,48202701600000,Tacoma,WA,70000,2014,207948,2016,False,1045591000,539393000,524591000,539393000,0,0,76526000,73690000,2836000,63081000,58440000,4641000,0,0,0,1957000,537436000,R,R,0.014,98,True,14.19,7.32,14.19,14.24,11.69,6.03,11.69,11.74,25.88,13.35,25.88,25.98
176873,48203100500000,Everett,WA,22640,2014,108010,2016,False,238598000,177774000,169570000,177774000,0,3200000,30390000,29812000,578000,23501000,20633000,2868000,28000,0,0,7676000,166898000,R,R,0.0,83,True,17.09,12.74,17.09,18.21,13.22,9.85,13.22,14.08,30.31,22.59,30.31,32.29
177090,50200500300000,Green Bay,WI,31000,2014,105207,2016,False,167082000,126603000,126603000,126603000,0,0,25691000,25402000,289000,21166000,21007000,159000,0,0,0,211000,126392000,R,R,0.0,74,True,20.29,15.38,20.29,20.33,16.72,12.67,16.72,16.75,37.01,28.04,37.01,37.07
183701,12200200100000,Honolulu And County,HI,17000,2014,998714,2016,False,2394542000,1659522000,1659522000,1659471000,51000,0,253795000,244814000,8981000,102399000,92342000,10057000,0,0,0,26560000,1632911000,R,R,0.0,91,True,15.29,10.6,15.29,15.54,6.17,4.28,6.17,6.27,21.46,14.88,21.46,21.81
183825,05201500100000,Bakersfield,CA,03526,2014,373640,2016,False,405983000,375251000,375251000,375251000,0,0,77504000,77160000,344000,35206000,34757000,449000,0,0,277000,54000,374920000,R,R,0.0,68,True,20.65,19.09,20.65,20.67,9.38,8.67,9.38,9.39,30.04,27.76,30.04,30.06
183836,05203000100000,Anaheim,CA,02000,2014,350742,2016,False,1244830000,763072000,763072000,763072000,0,0,117601000,117201000,400000,57173000,56259000,914000,0,0,0,1280000,761792000,R,R,0.0,76,True,15.41,9.45,15.41,15.44,7.49,4.59,7.49,7.51,22.9,14.04,22.9,22.94
184046,31201600700000,Paterson,NJ,57000,2014,147754,2016,False,269310000,269310000,259182000,269310000,0,0,43531000,43531000,0,32679000,32575000,104000,0,0,0,5213000,264097000,I,I,1.0,61,True,16.16,16.16,16.16,16.48,12.13,12.13,12.13,12.37,28.3,28.3,28.3,28.86
184196,42205000800000,Sioux Falls,SD,59020,2014,171544,2016,False,344198000,304687000,304687000,304687000,0,0,30980000,29884000,1096000,23049000,21637000,1412000,0,0,0,10865000,293822000,R,R,0.0,98,True,10.17,9.0,10.17,10.54,7.56,6.7,7.56,7.84,17.73,15.7,17.73,18.39
184202,45202700800000,St George,UT,65330,2014,80202,2016,False,162782000,74087000,74087000,74087000,0,0,14593000,13637000,956000,3734000,3533000,201000,0,0,1109000,0,72978000,I,I,1.0,65,True,19.7,8.96,19.7,20.0,5.04,2.29,5.04,5.12,24.74,11.26,24.74,25.11
184222,37207200200000,Broken Arrow,OK,09050,2014,106563,2016,False,128736000,101747000,101747000,101747000,0,0,23545000,17951000,5594000,15268000,14705000,563000,0,0,0,738000,101009000,R,R,0.0,69,True,23.14,18.29,23.14,23.31,15.01,11.86,15.01,15.12,38.15,30.15,38.15,38.43
184255,48201702100000,Seattle,WA,63000,2014,684451,2016,False,2853694000,1761803000,1589221000,1743112000,18691000,79117000,188310000,182787000,5523000,132666000,125318000,7348000,1164000,0,0,15063000,1648932000,R,R,0.0,123,True,10.69,6.6,10.8,11.42,7.53,4.65,7.61,8.05,18.22,11.25,18.41,19.47
184266,43206300100000,Clarksville,TN,15160,2014,149176,2016,False,390877000,133237000,132888000,133237000,0,0,32021000,24535000,7486000,15506000,14446000,1060000,0,0,231000,0,133006000,R,R,0.044,90,True,24.03,8.19,24.03,24.07,11.64,3.97,11.64,11.66,35.67,12.16,35.67,35.73
184443,05201900800000,Burbank,CA,08954,2014,105319,2016,False,458353000,219029000,219029000,219029000,0,0,48125000,46931000,1194000,19908000,19755000,153000,0,0,0,13298000,205731000,R,R,0.0,77,True,21.97,10.5,21.97,23.39,9.09,4.34,9.09,9.68,31.06,14.84,31.06,33.07
184767,10205301300000,Lakeland,FL,38250,2014,104401,2016,False,523828000,191806000,191728000,191806000,0,0,36020000,35632000,388000,16196000,14954000,1242000,0,0,5804000,0,186002000,R,R,0.0,85,True,18.78,6.88,18.78,19.37,8.44,3.09,8.44,8.71,27.22,9.97,27.22,28.07
185901,23204100400000,Grand Rapids,MI,34000,2014,195097,2016,False,356853000,314752000,310168000,314752000,0,764000,45236000,44973000,263000,31297000,30064000,1233000,0,0,0,0,313988000,R,R,0.0,83,True,14.37,12.68,14.37,14.41,9.94,8.77,9.94,9.97,24.32,21.45,24.32,24.37
186236,26204800600000,Kansas,MO,38000,2014,475378,2016,False,1750482000,1608456000,1607807000,1608456000,0,9392000,211198000,211198000,0,170481000,170481000,0,0,0,112059000,55858000,1431147000,R,R,0.0,97,True,13.13,12.07,13.13,14.76,10.6,9.74,10.6,11.91,23.73,21.8,23.73,26.67
186634,33201500500000,Buffalo,NY,11000,2014,258071,2016,False,1452884000,1441759000,1440549000,607835000,833924000,0,81592000,78361000,3231000,59018000,57976000,1042000,0,0,0,858000,606977000,R,R,0.0,78,True,5.66,5.62,13.42,13.44,4.09,4.06,9.71,9.72,9.75,9.68,23.13,23.17
187646,44204300800000,Mckinney,TX,45744,2014,162898,2016,False,207231000,169416000,169416000,169416000,0,0,23512000,22057000,1455000,20353000,19409000,944000,0,0,2619000,1635000,165162000,R,R,0.0,76,True,13.88,11.35,13.88,14.24,12.01,9.82,12.01,12.32,25.89,21.17,25.89,26.56
187649,44205700700000,Dallas,TX,19000,2014,1300092,2016,False,3335265000,2982800000,2971289000,2982800000,0,18761000,378185000,362236000,15949000,196184000,178727000,17457000,0,0,966317000,26487000,1971235000,R,R,0.0,125,True,12.68,11.34,12.68,19.19,6.58,5.88,6.58,9.95,19.26,17.22,19.26,29.14
189585,03200701100000,Scottsdale,AZ,65000,2014,236839,2016,False,668380000,576674000,576674000,576674000,0,0,83921000,79193000,4728000,29966000,29520000,446000,0,0,3531000,0,573143000,I,I,1.0,70,True,14.55,12.56,14.55,14.64,5.2,4.48,5.2,5.23,19.75,17.04,19.75,19.87
189636,05201000500000,Fresno,CA,27000,2014,520052,2016,False,730328000,541475000,541475000,541475000,0,0,137415000,132675000,4740000,57463000,50855000,6608000,0,0,21885000,5735000,513855000,R,R,0.0,88,True,25.38,18.82,25.38,26.74,10.61,7.87,10.61,11.18,35.99,26.68,35.99,37.92
189929,14204500100000,Aurora,IL,03012,2014,200661,2016,False,262301000,239172000,237389000,239172000,0,133000,67699000,67699000,0,40671000,40671000,0,0,0,743000,1090000,237206000,R,R,0.0,78,True,28.31,25.81,28.31,28.54,17.0,15.51,17.0,17.15,45.31,41.32,45.31,45.69
190480,23208100100000,Ann Arbor,MI,03000,2014,117070,2016,False,232336000,210740000,210740000,210740000,0,0,24860000,24837000,23000,14152000,13925000,227000,0,0,676000,0,210064000,R,R,0.0,70,True,11.8,10.7,11.8,11.83,6.72,6.09,6.72,6.74,18.51,16.79,18.51,18.57
191166,36203100600000,Cincinnati,OH,15000,2014,298550,2016,False,1027489000,846079000,846079000,846079000,0,0,128770000,128102000,668000,101838000,100368000,1470000,0,0,2069000,44839000,799171000,R,R,0.0,92,True,15.22,12.53,15.22,16.11,12.04,9.91,12.04,12.74,27.26,22.44,27.26,28.86
191559,43203300100000,Chattanooga,TN,14000,2014,176588,2016,False,1091434000,392738000,391670000,384457000,8281000,2377000,55984000,55761000,223000,39930000,37542000,2388000,0,0,25422000,2582000,354076000,R,R,0.0,103,True,14.25,5.13,14.56,15.81,10.17,3.66,10.39,11.28,24.42,8.79,24.95,27.09
193114,05203000800000,Garden Grove,CA,29000,2014,175393,2016,False,223839000,176192000,176192000,176192000,0,0,49108000,48932000,176000,14743000,14655000,88000,0,0,0,7169000,169023000,R,R,0.0,53,True,27.87,21.94,27.87,29.05,8.37,6.59,8.37,8.72,36.24,28.53,36.24,37.78
193115,05203601000000,San Bernardino,CA,65000,2014,216108,2016,False,263917000,205913000,205913000,205913000,0,0,56188000,55575000,613000,29551000,29520000,31000,0,0,0,2488000,203425000,R,R,0.0,66,True,27.29,21.29,27.29,27.62,14.35,11.2,14.35,14.53,41.64,32.49,41.64,42.15
193205,14207201100000,Peoria,IL,59000,2014,115070,2016,False,203983000,203983000,203983000,203983000,0,0,38191000,37232000,959000,29753000,29540000,213000,0,0,0,0,203983000,R,R,0.0,60,True,18.72,18.72,18.72,18.72,14.59,14.59,14.59,14.59,33.31,33.31,33.31,33.31
193551,24202702000000,Minneapolis,MN,43000,2014,410939,2016,False,1132348000,1044559000,992444000,1044559000,0,0,141502000,141502000,0,54519000,54519000,0,0,0,0,18442000,1026117000,R,R,0.113,61,True,13.55,12.5,13.55,13.79,5.22,4.81,5.22,5.31,18.77,17.31,18.77,19.1
193734,31200900600000,Jersey,NJ,36000,2014,264290,2016,False,680412000,632913000,600845000,632913000,0,0,99952000,98519000,1433000,64995000,64809000,186000,0,0,0,12383000,620530000,I,I,0.888,84,True,15.79,14.69,15.79,16.11,10.27,9.55,10.27,10.47,26.06,24.24,26.06,26.58
193960,38200900100000,Bend,OR,05800,2014,87014,2016,False,125160000,108150000,108150000,108150000,0,0,16225000,15533000,692000,14032000,13772000,260000,0,0,419000,0,107731000,R,R,0.0,69,True,15.0,12.96,15.0,15.06,12.97,11.21,12.97,13.03,27.98,24.17,27.98,28.09
194178,47212700100000,Richmond,VA,67000,2014,220289,2016,False,1447716000,1155432000,1153534000,782935000,372497000,97274000,125746000,90999000,34747000,42448000,42448000,0,0,0,0,55745000,629916000,R,R,0.005,109,True,10.88,8.69,16.06,19.96,3.67,2.93,5.42,6.74,14.56,11.62,21.48,26.7
194463,02200200100000,Anchorage Municipality,AK,03000,2014,298695,2016,False,1584976000,1365728000,1365728000,658842000,706886000,0,136264000,136264000,0,108364000,108364000,0,0,0,21121000,23743000,613978000,R,R,0.415,97,True,9.98,8.6,20.68,22.19,7.93,6.84,16.45,17.65,17.91,15.43,37.13,39.84
194644,06200350100000,Aurora,CO,04000,2014,359407,2016,False,500263000,378171000,378161000,378171000,0,0,93150000,92566000,584000,39663000,39650000,13000,0,0,0,0,378171000,R,R,0.0,80,True,24.63,18.62,24.63,24.63,10.49,7.93,10.49,10.49,35.12,26.55,35.12,35.12
194647,06201600100000,Denver And County,CO,20000,2014,682545,2016,False,2784338000,2560423000,2560423000,2560423000,0,235531000,221668000,221668000,0,132854000,132854000,0,0,0,614658000,54205000,1656029000,R,R,0.0,82,True,8.66,7.96,8.66,13.39,5.19,4.77,5.19,8.02,13.85,12.73,13.85,21.41
194651,06200700400000,Longmont,CO,45970,2014,92088,2016,False,207978000,133221000,133221000,133221000,0,342000,25361000,24765000,596000,11156000,10956000,200000,0,0,726000,0,132153000,R,R,0.0,105,True,19.04,12.19,19.04,19.19,8.37,5.36,8.37,8.44,27.41,17.56,27.41,27.63
194654,06205100100000,Pueblo,CO,62000,2014,109412,2016,False,198023000,164927000,164927000,164927000,0,0,29680000,28970000,710000,16526000,16526000,0,0,0,10693000,0,154234000,I,I,0.995,58,True,18.0,14.99,18.0,19.24,10.02,8.35,10.02,10.71,28.02,23.33,28.02,29.96
194678,11206000200000,Atlanta,GA,04000,2014,463878,2016,False,1994779000,1530396000,1530396000,1530396000,0,46314000,164898000,161689000,3209000,89672000,76349000,13323000,0,0,460904000,950000,1022228000,R,R,0.0,94,True,10.77,8.27,10.77,16.13,5.86,4.5,5.86,8.77,16.63,12.76,16.63,24.9
194679,11212100100000,Augusta-Richmond County Consolidated Government,GA,04204,2014,197182,2016,False,386304000,310925000,304635000,310925000,0,22273000,39247000,37731000,1516000,23670000,22521000,1149000,521000,0,16755000,20294000,251603000,R,R,0.0,113,True,12.62,10.16,12.62,15.6,7.61,6.13,7.61,9.41,20.24,16.29,20.24,25.01
194726,34206000100000,Charlotte,NC,12000,2014,827097,2016,False,1834121000,1492736000,1479680000,1492736000,0,342000,238860000,224768000,14092000,116857000,107856000,9001000,30000,0,286000000,0,1206394000,R,R,0.0,117,True,16.0,13.02,16.0,19.8,7.83,6.37,7.83,9.69,23.83,19.39,23.83,29.49
194732,34204100400000,High Point,NC,31400,2014,110268,2016,False,297117000,131163000,130936000,131163000,0,0,27573000,27102000,471000,20602000,19536000,1066000,173000,0,0,98000,131065000,R,R,0.0,84,True,21.02,9.28,21.02,21.04,15.71,6.93,15.71,15.72,36.73,16.21,36.73,36.76
194744,34203400200000,Winston-Salem,NC,75000,2014,241218,2016,False,374655000,284711000,283769000,284711000,0,0,63910000,63697000,213000,25499000,25421000,78000,0,0,0,115000,284596000,R,R,0.0,90,True,22.45,17.06,22.45,22.46,8.96,6.81,8.96,8.96,31.4,23.86,31.4,31.42
194757,10201301300000,Miami,FL,45000,2014,441003,2016,False,785951000,785883000,785883000,785883000,0,1980000,177353000,176512000,841000,135435000,129588000,5847000,0,0,0,0,783903000,R,R,0.0,78,True,22.57,22.57,22.57,22.62,17.23,17.23,17.23,17.28,39.8,39.8,39.8,39.9
194789,23208200300000,Dearborn,MI,21000,2014,95171,2016,False,203066000,181917000,165858000,181917000,0,714000,33715000,33266000,449000,19501000,19475000,26000,0,0,0,0,181203000,R,R,0.0,76,True,18.53,16.6,18.53,18.61,10.72,9.6,10.72,10.76,29.25,26.21,29.25,29.37
194805,33203100100000,New York,NY,51000,2014,8550405,2016,False,105371695000,88946170000,82054067000,62048160000,26898010000,14131918000,5166973000,4771115000,395858000,2004841000,1845923000,158918000,0,0,3867000,1350990000,46561385000,R,R,0.0,172,True,5.81,4.9,8.33,11.1,2.25,1.9,3.23,4.31,8.06,6.81,11.56,15.4
194809,44218800100000,Amarillo,TX,03000,2014,198645,2016,False,344226000,246707000,246707000,246707000,0,8864000,39277000,38889000,388000,25611000,25603000,8000,0,0,9316000,7244000,221283000,I,I,1.0,89,True,15.92,11.41,15.92,17.75,10.38,7.44,10.38,11.57,26.3,18.85,26.3,29.32
194811,44222000100000,Arlington,TX,04000,2014,388125,2016,False,540772000,486866000,486866000,486866000,0,253000,87953000,87953000,0,42591000,42591000,0,0,0,1991000,5349000,479273000,I,I,1.0,69,True,18.07,16.26,18.07,18.35,8.75,7.88,8.75,8.89,26.81,24.14,26.81,27.24
194812,44212300100000,Beaumont,TX,07000,2014,118129,2016,False,208374000,168385000,168385000,168385000,0,0,41685000,37164000,4521000,25050000,24541000,509000,0,0,412000,9518000,158455000,R,R,0.0,90,True,24.76,20.0,24.76,26.31,14.88,12.02,14.88,15.81,39.63,32.03,39.63,42.12
194814,44202100200000,College Station,TX,15976,2014,107889,2016,False,215750000,106720000,106230000,106720000,0,0,17094000,17094000,0,13585000,13585000,0,0,0,0,0,106720000,R,R,0.0,73,True,16.02,7.92,16.02,16.02,12.73,6.3,12.73,12.73,28.75,14.22,28.75,28.75
194820,44204300600000,Frisco,TX,27684,2014,154407,2016,False,226417000,200684000,190043000,190043000,10641000,0,22864000,22128000,736000,25794000,20083000,5711000,0,0,0,1638000,188405000,R,R,0.0,67,True,11.39,10.1,12.03,12.14,12.85,11.39,13.57,13.69,24.25,21.49,25.6,25.83
194823,44205701300000,Grand Prairie,TX,30464,2014,187809,2016,False,289491000,257848000,257848000,257848000,0,2587000,40202000,39958000,244000,26190000,24580000,1610000,0,0,3684000,1608000,249969000,I,I,1.0,72,True,15.59,13.89,15.59,16.08,10.16,9.05,10.16,10.48,25.75,22.93,25.75,26.56
194825,44216500100000,Midland,TX,48072,2014,132950,2016,False,172196000,137134000,137134000,137134000,0,0,23778000,23778000,0,21786000,21786000,0,0,0,10303000,4623000,122208000,I,I,1.0,70,True,17.34,13.81,17.34,19.46,15.89,12.65,15.89,17.83,33.23,26.46,33.23,37.28
201810,17208701400000,Wichita,KS,79000,2014,389965,2016,False,709965000,633246000,633246000,633246000,0,0,76588000,76588000,0,42783000,42783000,0,0,0,73486000,1840000,557920000,R,R,0.0,86,True,12.09,10.79,12.09,13.73,6.76,6.03,6.76,7.67,18.85,16.81,18.85,21.4
202617,44206100500000,Lewisville,TX,42508,2014,104039,2016,False,122810000,98016000,98016000,98016000,0,0,22974000,21666000,1308000,18035000,17278000,757000,0,0,0,0,98016000,R,R,0.0,60,True,23.44,18.71,23.44,23.44,18.4,14.69,18.4,18.4,41.84,33.39,41.84,41.84
202751,47213200100000,Virginia Beach,VA,82000,2014,452745,2016,False,1850862000,1801909000,1783010000,958500000,843409000,107927000,95036000,95036000,0,54299000,47775000,6524000,0,0,0,55942000,794631000,R,R,0.0,87,True,5.27,5.13,9.92,11.96,3.01,2.93,5.66,6.83,8.29,8.07,15.58,18.79
204523,17204601200000,Olathe,KS,52575,2014,134305,2016,False,226077000,206634000,206634000,206634000,0,0,20821000,20821000,0,16035000,16035000,0,0,0,0,0,206634000,R,R,0.0,57,True,10.08,9.21,10.08,10.08,7.76,7.09,7.76,7.76,17.84,16.3,17.84,17.84
204933,31202000100000,Elizabeth,NJ,21000,2014,129007,2016,False,258697000,258697000,258697000,258697000,0,0,44495000,43472000,1023000,28509000,26226000,2283000,0,0,0,7762000,250935000,R,R,0.0,60,True,17.2,17.2,17.2,17.73,11.02,11.02,11.02,11.36,28.22,28.22,28.22,29.09
205133,36204800700000,Toledo,OH,77000,2014,279789,2016,False,489508000,435333000,409112000,435333000,0,12301000,76745000,76239000,506000,63111000,59777000,3334000,0,0,0,2501000,420531000,R,R,0.0,74,True,17.63,15.68,17.63,18.25,14.5,12.89,14.5,15.01,32.13,28.57,32.13,33.26
205181,37201400400000,Norman,OK,52500,2014,120284,2016,False,516667000,502003000,502003000,502003000,0,335926000,26593000,24578000,2015000,19319000,15787000,3532000,0,0,0,0,166077000,R,R,0.0,74,True,5.3,5.15,5.3,16.01,3.85,3.74,3.85,11.63,9.15,8.89,9.15,27.65
205218,38202401100000,Salem,OR,64900,2014,164549,2016,False,287904000,255404000,246765000,255404000,0,1118000,35175000,35110000,65000,24700000,24579000,121000,0,0,994000,1012000,252280000,R,R,0.0,67,True,13.77,12.22,13.77,13.94,9.67,8.58,9.67,9.79,23.44,20.8,23.44,23.73
205455,44210101700000,Pasadena,TX,56000,2014,153784,2016,False,149114000,129676000,129676000,129676000,0,0,47639000,45503000,2136000,3735000,3696000,39000,0,0,0,3110000,126566000,R,R,0.0,59,True,36.74,31.95,36.74,37.64,2.88,2.5,2.88,2.95,39.62,34.45,39.62,40.59
205460,44210800700000,Mcallen,TX,45384,2014,140269,2016,False,215947000,194751000,191525000,194751000,0,2064000,31219000,29681000,1538000,17809000,16411000,1398000,0,0,12487000,2093000,178107000,R,R,0.0,87,True,16.03,14.46,16.03,17.53,9.14,8.25,9.14,10.0,25.17,22.7,25.17,27.53
205590,48201701300000,Kent,WA,35415,2014,126952,2016,False,149314000,132592000,132592000,132592000,0,4703000,26306000,26229000,77000,3153000,3153000,0,0,0,0,1183000,126706000,R,R,0.0,73,True,19.84,17.62,19.84,20.76,2.38,2.11,2.38,2.49,22.22,19.73,22.22,23.25
205599,48203201000000,Spokane,WA,67000,2014,213272,2016,False,414658000,376757000,372030000,376757000,0,12960000,52285000,51508000,777000,42899000,42422000,477000,0,0,482000,893000,362422000,R,R,0.0,87,True,13.88,12.61,13.88,14.43,11.39,10.35,11.39,11.84,25.26,22.95,25.26,26.26
207520,01204500100000,Huntsville,AL,37000,2014,190582,2016,False,887127000,350321000,303630000,330831000,19490000,914000,40910000,40590000,320000,30030000,30030000,0,79000,0,0,3046000,326871000,I,I,0.481,86,True,11.68,4.61,12.37,12.52,8.57,3.39,9.08,9.19,20.25,8.0,21.44,21.7
207535,03200700600000,Glendale,AZ,27820,2014,240126,2016,False,318765000,276893000,276888000,276893000,0,0,52950000,52942000,8000,43796000,43788000,8000,0,0,0,0,276893000,I,I,1.0,61,True,19.12,16.61,19.12,19.12,15.82,13.74,15.82,15.82,34.94,30.35,34.94,34.94
207536,03200701000000,Phoenix,AZ,55000,2014,1563025,2016,False,3038884000,2427038000,2415206000,2403295000,23743000,11972000,462893000,434168000,28725000,295054000,289416000,5638000,0,0,355825000,0,2035498000,R,R,0.0,129,True,19.07,15.23,19.26,22.74,12.16,9.71,12.28,14.5,31.23,24.94,31.54,37.24
207577,05200100500000,Fremont,CA,26000,2014,232206,2016,False,221737000,220719000,220719000,220719000,0,230000,57145000,48446000,8699000,34167000,29337000,4830000,0,0,0,13223000,207266000,R,R,0.0,65,True,25.89,25.77,25.89,27.57,15.48,15.41,15.48,16.48,41.37,41.18,41.37,44.06
207582,05201903500000,Pasadena,CA,56000,2014,142250,2016,False,670956000,392078000,392078000,392078000,0,0,63098000,63097000,1000,33917000,33917000,0,0,0,0,19088000,372990000,R,R,0.0,81,True,16.09,9.4,16.09,16.92,8.65,5.06,8.65,9.09,24.74,14.46,24.74,26.01
207583,05201904600000,Torrance,CA,80000,2014,148475,2016,False,303945000,237311000,237311000,237311000,0,0,75651000,69056000,6595000,26798000,26732000,66000,0,0,5197000,11059000,221055000,R,R,0.0,75,True,31.88,24.89,31.88,34.22,11.29,8.82,11.29,12.12,43.17,33.71,43.17,46.35
207593,05203300600000,Corona,CA,16350,2014,164226,2016,False,297026000,204235000,203502000,204235000,0,0,40416000,40237000,179000,24114000,24088000,26000,0,0,244000,1411000,202580000,R,R,0.0,74,True,19.79,13.61,19.79,19.95,11.81,8.12,11.81,11.9,31.6,21.73,31.6,31.85
207594,05203301200000,Riverside,CA,62000,2014,322424,2016,False,988507000,570851000,570851000,570851000,0,0,92094000,89972000,2122000,49012000,47815000,1197000,0,0,879000,5083000,564889000,R,R,0.0,83,True,16.13,9.32,16.13,16.3,8.59,4.96,8.59,8.68,24.72,14.27,24.72,24.98
207598,05203701000000,San Diego,CA,66000,2014,1394928,2016,False,2544027000,2058563000,2051610000,2058563000,0,0,317212000,316630000,582000,172463000,168440000,4023000,0,0,4121000,34583000,2019859000,R,R,0.0,95,True,15.41,12.47,15.41,15.7,8.38,6.78,8.38,8.54,23.79,19.25,23.79,24.24
207610,05205000200000,Modesto,CA,48354,2014,211266,2016,False,315893000,235591000,235591000,235591000,0,0,50246000,49693000,553000,24109000,24109000,0,0,0,1435000,892000,233264000,R,R,0.0,71,True,21.33,15.91,21.33,21.54,10.23,7.63,10.23,10.34,31.56,23.54,31.56,31.88
207635,06206201100000,Greeley,CO,32155,2014,100883,2016,False,139641000,112342000,110775000,112342000,0,0,24881000,24321000,560000,12147000,11427000,720000,1557000,0,0,464000,111878000,R,R,0.0,93,True,22.15,17.82,22.15,22.24,10.81,8.7,10.81,10.86,32.96,26.52,32.96,33.1
207684,10205200500000,Clearwater,FL,12875,2014,113003,2016,False,275579000,206043000,205993000,206043000,0,104000,38788000,38698000,90000,19193000,17193000,2000000,0,0,1807000,6619000,197513000,R,R,0.0,95,True,18.83,14.08,18.83,19.64,9.32,6.96,9.32,9.72,28.14,21.04,28.14,29.36
207957,15204900800000,Indianapolis,IN,36003,2014,853173,2016,False,4455521000,3576746000,3569491000,3576746000,0,1840345000,189874000,187676000,2198000,138282000,135610000,2672000,0,0,103306000,341693000,1291402000,R,R,0.0,101,True,5.31,4.26,5.31,14.7,3.87,3.1,3.87,10.71,9.17,7.37,9.17,25.41
208056,16207700500000,Des Moines,IA,21000,2014,210330,2016,False,522214000,472670000,462244000,472670000,0,8222000,58648000,58648000,0,37125000,34620000,2505000,0,0,34318000,0,430130000,R,R,0.0,82,True,12.41,11.23,12.41,13.63,7.85,7.11,7.85,8.63,20.26,18.34,20.26,22.27
208060,16208200400000,Davenport,IA,19000,2014,102582,2016,False,162698000,156668000,156668000,156668000,0,0,25737000,25737000,0,15480000,15480000,0,0,0,258000,0,156410000,R,R,0.0,55,True,16.43,15.82,16.43,16.45,9.88,9.51,9.88,9.9,26.31,25.33,26.31,26.35
208111,17204650100000,Overland Park,KS,53775,2014,186515,2016,False,233461000,233461000,233461000,233461000,0,0,31428000,30896000,532000,18664000,18541000,123000,0,0,0,0,233461000,R,R,0.244,58,True,13.46,13.46,13.46,13.46,7.99,7.99,7.99,7.99,21.46,21.46,21.46,21.46
208246,21200400100000,Baltimore,MD,04000,2014,621849,2016,False,3625823000,3472622000,3409705000,2088798000,1383824000,0,410276000,410275000,1000,215775000,215452000,323000,0,0,0,126585000,1962213000,R,R,0.0,93,True,11.81,11.32,19.64,20.91,6.21,5.95,10.33,11.0,18.03,17.27,29.97,31.91
208698,28202800400000,Omaha,NE,37000,2014,443885,2016,False,575320000,575320000,561268000,575320000,0,5344000,93065000,90811000,2254000,71218000,69067000,2151000,4299000,0,0,0,569976000,R,R,0.0,82,True,16.18,16.18,16.18,16.33,12.38,12.38,12.38,12.49,28.56,28.56,28.56,28.82
208734,29200200300000,North Las Vegas,NV,51800,2014,234807,2016,False,274145000,242684000,242684000,242684000,0,17646000,80788000,74485000,6303000,30632000,30632000,0,0,0,0,0,225038000,R,R,0.0,53,True,33.29,29.47,33.29,35.9,12.62,11.17,12.62,13.61,45.91,40.64,45.91,49.51
208793,32200700200000,Las Cruces,NM,39380,2014,101643,2016,False,178791000,135414000,130966000,135414000,0,1350000,26323000,25547000,776000,12157000,11852000,305000,0,0,2112000,279000,131673000,R,R,0.0,93,True,19.44,14.72,19.44,19.99,8.98,6.8,8.98,9.23,28.42,21.52,28.42,29.22
208963,34203200100000,Durham,NC,19000,2014,257636,2016,False,328551000,275082000,275082000,275082000,0,582000,64012000,60898000,3114000,25191000,23424000,1767000,0,0,13000,0,274487000,R,R,0.0,80,True,23.27,19.48,23.27,23.32,9.16,7.67,9.16,9.18,32.43,27.15,32.43,32.5
209050,36202500300000,Columbus,OH,18000,2014,850106,2016,False,1818191000,1495760000,1495760000,1495760000,0,0,302251000,293042000,9209000,236502000,225319000,11183000,0,0,0,43984000,1451776000,R,R,0.0,87,True,20.21,16.62,20.21,20.82,15.81,13.01,15.81,16.29,36.02,29.63,36.02,37.11
209096,36207700100000,Akron,OH,01000,2014,197542,2016,False,493305000,462446000,453389000,462446000,0,8722000,52667000,52479000,188000,35498000,35498000,0,0,0,454000,14379000,438891000,R,R,0.0,71,True,11.39,10.68,11.39,12.0,7.68,7.2,7.68,8.09,19.06,17.87,19.06,20.09
209170,37205501500000,Oklahoma,OK,55000,2014,631346,2016,False,1161539000,975157000,975157000,975157000,0,0,198623000,180045000,18578000,155283000,149194000,6089000,0,0,68721000,6535000,899901000,R,R,0.0,102,True,20.37,17.1,20.37,22.07,15.92,13.37,15.92,17.26,36.29,30.47,36.29,39.33
209519,43207500200000,Murfreesboro,TN,51560,2014,126118,2016,False,379131000,199642000,199642000,123165000,76477000,85000,30986000,25182000,5804000,17329000,15490000,1839000,0,0,1602000,0,121478000,R,R,0.035,92,True,15.52,8.17,25.16,25.51,8.68,4.57,14.07,14.27,24.2,12.74,39.23,39.77
209555,44204300100000,Allen,TX,01924,2014,98143,2016,False,133598000,114513000,106834000,114513000,0,0,17389000,16438000,951000,16016000,12034000,3982000,827000,0,0,145000,114368000,R,R,0.0,72,True,15.19,13.02,15.19,15.2,13.99,11.99,13.99,14.0,29.17,25.0,29.17,29.21
209562,44206100200000,Denton,TX,19972,2014,131044,2016,False,400664000,190854000,190854000,190854000,0,0,24546000,24546000,0,22624000,22624000,0,0,0,3618000,0,187236000,R,R,0.0,73,True,12.86,6.13,12.86,13.11,11.85,5.65,11.85,12.08,24.72,11.77,24.72,25.19
209712,47210100100000,Alexandria,VA,01000,2014,153511,2016,False,898327000,876606000,876270000,597513000,279093000,52190000,89106000,85236000,3870000,52264000,46869000,5395000,0,0,0,46558000,498765000,R,R,0.0,87,True,10.16,9.92,14.91,17.87,5.96,5.82,8.75,10.48,16.13,15.74,23.66,28.34
209777,50201301100000,Madison,WI,48000,2014,248951,2016,False,521910000,435889000,417088000,435889000,0,0,66773000,64622000,2151000,48942000,44995000,3947000,0,0,0,10656000,425233000,R,R,0.0,87,True,15.32,12.79,15.32,15.7,11.23,9.38,11.23,11.51,26.55,22.17,26.55,27.21
211212,05203700200000,Chula Vista,CA,13392,2014,265757,2016,False,266396000,259753000,252748000,259753000,0,0,54299000,50382000,3917000,26626000,25184000,1442000,0,0,0,2552000,257201000,R,R,0.0,64,True,20.9,20.38,20.9,21.11,10.25,9.99,10.25,10.35,31.15,30.38,31.15,31.46
211214,05203900400000,Stockton,CA,75000,2014,305658,2016,False,399968000,352590000,352590000,352590000,0,0,88353000,88291000,62000,39870000,39007000,863000,0,0,0,1724000,350866000,R,R,0.0,73,True,25.06,22.09,25.06,25.18,11.31,9.97,11.31,11.36,36.37,32.06,36.37,36.54
211215,05204100500000,Daly,CA,17918,2014,106562,2016,False,117702000,103597000,103597000,103597000,0,0,27451000,27403000,48000,15335000,15335000,0,0,0,0,0,103597000,R,R,0.0,58,True,26.5,23.32,26.5,26.5,14.8,13.03,14.8,14.8,41.3,36.35,41.3,41.3
211253,38203400600000,Hillsboro,OR,34100,2014,102347,2016,False,159351000,140734000,116932000,140734000,0,0,26907000,26845000,62000,17567000,17567000,0,0,0,0,0,140734000,R,R,0.0,57,True,19.12,16.89,19.12,19.12,12.48,11.02,12.48,12.48,31.6,27.91,31.6,31.6
211254,38202600300000,Portland,OR,59000,2014,632309,2016,False,1472357000,1254105000,1254105000,1254105000,0,0,190181000,167317000,22864000,95077000,95002000,75000,0,0,0,0,1254105000,R,R,0.0,75,True,15.16,12.92,15.16,15.16,7.58,6.46,7.58,7.58,22.75,19.37,22.75,22.75
211654,06200100700000,Westminster,CO,83835,2014,113130,2016,False,196251000,174926000,173933000,174926000,0,0,24032000,20818000,3214000,14145000,13726000,419000,0,0,0,0,174926000,R,R,0.0,88,True,13.74,12.25,13.74,13.74,8.09,7.21,8.09,8.09,21.82,19.45,21.82,21.82
212090,37207201000000,Tulsa,OK,75000,2014,403505,2016,False,862012000,724674000,724425000,724674000,0,21015000,102115000,95543000,6572000,68594000,67951000,643000,0,0,55401000,67775000,580483000,R,R,0.0,90,True,14.09,11.85,14.09,17.59,9.47,7.96,9.47,11.82,23.56,19.8,23.56,29.41
212231,44205701200000,Garland,TX,29000,2014,236897,2016,False,621039000,243162000,243162000,243162000,0,0,45591000,44647000,944000,28049000,28037000,12000,0,0,0,3621000,239541000,R,R,0.001,75,True,18.75,7.34,18.75,19.03,11.54,4.52,11.54,11.71,30.28,11.86,30.28,30.74
212233,44215200200000,Lubbock,TX,45000,2014,249042,2016,False,579895000,317642000,317094000,317642000,0,0,56737000,56366000,371000,34544000,34173000,371000,85000,0,11646000,3953000,302043000,R,R,0.0,97,True,17.86,9.78,17.86,18.78,10.88,5.96,10.88,11.44,28.74,15.74,28.74,30.22
212234,44205702100000,Richardson,TX,61796,2014,110815,2016,False,207170000,175650000,175650000,175650000,0,0,24094000,23769000,325000,21451000,17138000,4313000,0,0,0,1481000,174169000,I,I,1.0,59,True,13.72,11.63,13.72,13.83,12.21,10.35,12.21,12.32,25.93,21.98,25.93,26.15
213591,48203201300000,Spokane Valley,WA,67167,2014,94919,2016,False,46573000,46573000,24041000,46573000,0,56000,220000,220000,0,0,0,0,0,0,0,21545000,24972000,R,-,0.007,56,True,0.47,0.47,0.47,0.88,0.0,0.0,0.0,0.0,0.47,0.47,0.47,0.88
216510,11206010100000,Sandy Springs,GA,68516,2014,105330,2016,False,99788000,99788000,99613000,99788000,0,352000,17509000,16250000,1259000,15726000,10113000,5613000,0,0,0,0,99436000,R,R,0.0,51,True,17.55,17.55,17.55,17.61,15.76,15.76,15.76,15.82,33.31,33.31,33.31,33.42
225038,01203700300000,Birmingham,AL,07000,2014,212461,2016,False,633816000,447535000,447535000,447535000,0,1510000,91491000,91491000,0,56762000,56762000,0,0,0,0,0,446025000,R,R,0.0,58,True,20.44,14.43,20.44,20.51,12.68,8.96,12.68,12.73,33.13,23.39,33.13,33.24
225767,07200100600000,Stamford,CT,73000,2014,128874,2016,False,578632000,578530000,578439000,293685000,284845000,16612000,58556000,58556000,0,44512000,44512000,0,0,0,0,7652000,269421000,R,R,0.037,73,True,10.12,10.12,19.94,21.73,7.69,7.69,15.16,16.52,17.82,17.81,35.09,38.26
100091,01205100100000,Montgomery,AL,51000,2015,200602,2016,False,248811000,241741000,229963000,239786000,1955000,0,46791000,46400000,391000,31724000,31724000,0,0,0,0,0,239786000,R,R,0.0,71,True,19.36,18.81,19.51,19.51,13.12,12.75,13.23,13.23,32.48,31.56,32.74,32.74
100249,03200700300000,Chandler,AZ,12000,2015,260828,2016,False,434600000,388544000,388544000,388544000,0,0,62194000,62194000,0,31028000,31028000,0,0,0,1226000,0,387318000,I,I,0.985,57,True,16.01,14.31,16.01,16.06,7.99,7.14,7.99,8.01,23.99,21.45,23.99,24.07
100250,03200700800000,Mesa,AZ,46000,2015,471825,2016,False,794217000,608982000,608982000,608982000,0,0,160398000,148114000,12284000,60614000,59451000,1163000,0,0,1498000,0,607484000,RS,S,0.0,72,True,26.34,20.2,26.34,26.4,9.95,7.63,9.95,9.98,36.29,27.83,36.29,36.38
100251,03200750200000,Surprise,AZ,71510,2015,128422,2016,False,123639000,115857000,115857000,115857000,0,0,21114000,21070000,44000,16292000,16292000,0,0,0,0,0,115857000,I,I,1.0,44,True,18.22,17.08,18.22,18.22,14.06,13.18,14.06,14.06,32.29,30.25,32.29,32.29
100435,04206000400000,Little Rock,AR,41000,2015,197992,2016,False,449158000,434496000,434496000,434496000,0,0,80756000,70522000,10234000,46507000,45910000,597000,0,0,37584000,23708000,373204000,R,R,0.0,89,True,18.59,17.98,18.59,21.64,10.7,10.35,10.7,12.46,29.29,28.33,29.29,34.1
100711,05203001600000,Santa Ana,CA,69000,2015,335400,2016,False,395805000,341983000,341983000,341983000,0,0,115060000,110621000,4439000,41003000,40167000,836000,0,0,0,10941000,331042000,R,R,0.0,70,True,33.64,29.07,33.64,34.76,11.99,10.36,11.99,12.39,45.63,39.43,45.63,47.14
100745,05204301200000,San Jose,CA,68000,2015,1026908,2016,False,1512579000,1463332000,1452192000,1463332000,0,0,224330000,211266000,13064000,134095000,123892000,10203000,0,0,61059000,0,1402273000,R,R,0.0,93,True,15.33,14.83,15.33,16.0,9.16,8.87,9.16,9.56,24.49,23.7,24.49,25.56
101409,06203500300000,Fort Collins,CO,27425,2015,161175,2016,False,441694000,265617000,247701000,265617000,0,0,35823000,35823000,0,2837000,2837000,0,0,17916000,0,0,265617000,R,R,0.0,81,True,13.49,8.11,13.49,13.49,1.07,0.64,1.07,1.07,14.55,8.75,14.55,14.55
101696,07200500800000,Waterbury,CT,80000,2015,108802,2016,False,578581000,566853000,565590000,255112000,311741000,2691000,35725000,31430000,4295000,19071000,18334000,737000,0,0,0,4415000,248006000,R,R,0.0,74,True,6.3,6.17,14.0,14.4,3.36,3.3,7.48,7.69,9.67,9.47,21.48,22.09
101927,10200600900000,Miramar,FL,45975,2015,137132,2016,False,167866000,144823000,144823000,144823000,0,0,40967000,37936000,3031000,15112000,14481000,631000,0,0,0,9552000,135271000,R,R,0.0,66,True,28.29,24.4,28.29,30.29,10.43,9.0,10.43,11.17,38.72,33.41,38.72,41.46
101942,10201600300000,Jacksonville,FL,35000,2015,868031,2016,False,3659153000,1776955000,1776955000,1776955000,0,40884000,387286000,385206000,2080000,144105000,141918000,2187000,0,0,99170000,79250000,1557651000,R,R,0.0,103,True,21.79,10.58,21.79,24.86,8.11,3.94,8.11,9.25,29.9,14.52,29.9,34.11
102163,11201100100000,Macon-Bibb County,GA,49008,2015,153515,2016,False,123759000,122015000,116489000,122015000,0,535000,24428000,20837000,3591000,23959000,22825000,1134000,0,0,1623000,0,119857000,I,I,1.0,74,True,20.02,19.74,20.02,20.38,19.64,19.36,19.64,19.99,39.66,39.1,39.66,40.37
102716,14204500700000,Elgin,IL,23074,2015,112111,2016,False,165766000,149082000,146563000,149082000,0,0,44492000,44492000,0,25732000,24442000,1290000,0,0,0,0,149082000,R,R,0.0,54,True,29.84,26.84,29.84,29.84,17.26,15.52,17.26,17.26,47.1,42.36,47.1,47.1
102882,14210100600000,Rockford,IL,65000,2015,148276,2016,False,231496000,203849000,203040000,203849000,0,16022000,50218000,47424000,2794000,44718000,41621000,3097000,0,0,0,0,187827000,R,R,0.0,67,True,24.63,21.69,24.63,26.74,21.94,19.32,21.94,23.81,46.57,41.01,46.57,50.54
103799,15202900500000,Fishers,IN,23278,2015,88658,2016,False,74117000,74117000,74117000,74117000,0,0,8575000,8558000,17000,10072000,10072000,0,0,0,0,0,74117000,R,R,0.0,43,True,11.57,11.57,11.57,11.57,13.59,13.59,13.59,13.59,25.16,25.16,25.16,25.16
106055,22200500500000,Lynn,MA,37490,2015,92457,2016,False,429103000,427161000,421784000,173855000,253306000,1122000,19264000,19264000,0,17201000,17201000,0,0,0,0,160000,172573000,R,R,0.0,67,True,4.51,4.49,11.08,11.16,4.03,4.01,9.89,9.97,8.54,8.5,20.97,21.13
106061,22200700300000,Springfield,MA,67000,2015,154341,2016,False,698380000,695792000,688490000,206284000,489508000,3041000,40752000,40721000,31000,20181000,20164000,17000,0,0,0,1266000,201977000,R,R,0.0,70,True,5.86,5.84,19.76,20.18,2.9,2.89,9.78,9.99,8.76,8.72,29.54,30.17
106079,22201400400000,Worcester,MA,82000,2015,184815,2016,False,788011000,761614000,745963000,365583000,396031000,2118000,44254000,44224000,30000,34157000,34145000,12000,0,0,0,2634000,360831000,R,R,0.0,91,True,5.81,5.62,12.11,12.26,4.48,4.33,9.34,9.47,10.3,9.95,21.45,21.73
108127,27205600100000,Billings,MT,06550,2015,110263,2016,False,178437000,144374000,144374000,144374000,0,0,21876000,21876000,0,16220000,16220000,0,0,0,18902000,843000,124629000,R,R,0.0,77,True,15.15,12.26,15.15,17.55,11.23,9.09,11.23,13.01,26.39,21.35,26.39,30.57
108910,29201600200000,Sparks,NV,68400,2015,96094,2016,False,98448000,98448000,98448000,98448000,0,0,22259000,22259000,0,14622000,14622000,0,0,0,0,0,98448000,I,I,1.0,48,True,22.61,22.61,22.61,22.61,14.85,14.85,14.85,14.85,37.46,37.46,37.46,37.46
109593,33206002800000,Yonkers,NY,84000,2015,201116,2016,False,1130291000,1105459000,1094989000,529076000,576383000,0,91352000,91352000,0,57827000,57774000,53000,0,0,0,773000,528303000,R,R,0.0,68,True,8.26,8.08,17.27,17.29,5.23,5.12,10.93,10.95,13.49,13.2,28.2,28.24
110047,34201300100000,Concord,NC,14100,2015,87696,2016,False,217536000,117175000,117117000,117175000,0,0,19619000,18946000,673000,19388000,16442000,2946000,0,0,10228000,38000,106909000,R,R,0.0,91,True,16.74,9.02,16.74,18.35,16.55,8.91,16.55,18.14,33.29,17.93,33.29,36.49
112811,40200400400000,Providence,RI,59000,2015,179207,2016,False,857902000,783808000,781716000,354483000,429325000,0,89447000,89447000,0,77526000,77526000,0,0,0,0,0,354483000,R,R,0.0,65,True,11.41,10.43,25.23,25.23,9.89,9.04,21.87,21.87,21.3,19.46,47.1,47.1
114311,45201800900000,West Jordan,UT,82950,2015,111946,2016,False,66684000,51572000,51572000,51572000,0,0,9030000,7817000,1213000,5739000,5279000,460000,0,0,0,350000,51222000,R,R,0.0,67,True,17.51,13.54,17.51,17.63,11.13,8.61,11.13,11.2,28.64,22.15,28.64,28.83
114563,47210570100000,Chesapeake,VA,16000,2015,235429,2016,False,997378000,948891000,937244000,489276000,459615000,60837000,41992000,40458000,1534000,38744000,38658000,86000,0,0,882000,30295000,397262000,I,I,0.975,110,True,4.43,4.21,8.58,10.57,4.08,3.88,7.92,9.75,8.51,8.09,16.5,20.32
114624,48201700400000,Bellevue,WA,05210,2015,139820,2016,False,427041000,371634000,363381000,371634000,0,3260000,35338000,35298000,40000,21819000,20969000,850000,2206000,0,0,134000,368240000,R,R,0.0,85,True,9.51,8.28,9.51,9.6,5.87,5.11,5.87,5.93,15.38,13.38,15.38,15.52
122748,03200700700000,Goodyear,AZ,28380,2015,79003,2016,False,128443000,113635000,113635000,113635000,0,0,17224000,17224000,0,12879000,12879000,0,0,0,0,0,113635000,I,I,1.0,50,True,15.16,13.41,15.16,15.16,11.33,10.03,11.33,11.33,26.49,23.44,26.49,26.49
123092,05200100300000,Berkeley,CA,06000,2015,120972,2016,False,305035000,304768000,304563000,304768000,0,0,57952000,57952000,0,20354000,19699000,655000,0,0,0,30300000,274468000,R,R,0.0,68,True,19.02,19.0,19.02,21.11,6.68,6.67,6.68,7.42,25.69,25.67,25.69,28.53
123093,05200100900000,Oakland,CA,53000,2015,419267,2016,False,1600814000,1600814000,1600814000,1600814000,0,0,245563000,244254000,1309000,127173000,126887000,286000,0,0,288890000,76429000,1235495000,R,R,0.0,89,True,15.34,15.34,15.34,19.88,7.94,7.94,7.94,10.29,23.28,23.28,23.28,30.17
123110,05201902200000,Inglewood,CA,36546,2015,111666,2016,False,293807000,270476000,270476000,270476000,0,0,44572000,44572000,0,11148000,11148000,0,0,0,0,1935000,268541000,R,R,0.0,58,True,16.48,15.17,16.48,16.6,4.12,3.79,4.12,4.15,20.6,18.96,20.6,20.75
123137,05203100500000,Roseville,CA,62938,2015,130269,2016,False,492606000,259284000,259284000,259284000,0,0,31545000,31453000,92000,27886000,27338000,548000,0,0,0,1080000,258204000,R,R,0.0,70,True,12.17,6.4,12.17,12.22,10.76,5.66,10.76,10.8,22.92,12.06,22.92,23.02
123157,05204101200000,San Mateo,CA,68252,2015,103536,2016,False,167076000,167076000,167076000,167076000,0,0,31659000,31052000,607000,20763000,20478000,285000,0,0,0,425000,166651000,R,R,0.046,68,True,18.95,18.95,18.95,19.0,12.43,12.43,12.43,12.46,31.38,31.38,31.38,31.46
124038,07200100100000,Bridgeport,CT,08000,2015,147629,2016,False,804521000,804521000,796970000,448038000,356483000,5001000,96721000,96721000,0,62183000,62183000,0,0,0,1306000,3331000,438400000,R,R,0.0,64,True,12.02,12.02,21.59,22.06,7.73,7.73,13.88,14.18,19.75,19.75,35.47,36.25
124214,09200100100000,Washington Dc,DC,50000,2015,672228,2016,False,13270916000,12424661000,12424661000,9662416000,2762245000,1133076000,584667000,568811000,15856000,243139000,227217000,15922000,0,0,0,472754000,8056586000,R,R,0.0,157,True,4.71,4.41,6.05,7.26,1.96,1.83,2.52,3.02,6.66,6.24,8.57,10.27
124438,11202500300000,Savannah,GA,69000,2015,145674,2016,False,349799000,304860000,303107000,304860000,0,884000,60762000,60396000,366000,28555000,28502000,53000,0,0,25078000,0,278898000,R,R,0.0,88,True,19.93,17.37,19.93,21.79,9.37,8.16,9.37,10.24,29.3,25.53,29.3,32.02
126027,15202900300000,Carmel,IN,10342,2015,88713,2016,False,128062000,119084000,119084000,119084000,0,94000,18611000,18487000,124000,21297000,21297000,0,0,0,0,1007000,117983000,R,R,0.18,59,True,15.63,14.53,15.63,15.77,17.88,16.63,17.88,18.05,33.51,31.16,33.51,33.83
126081,15207100800000,South Bend,IN,71000,2015,101516,2016,False,193722000,165780000,165780000,165780000,0,0,24299000,24141000,158000,25780000,21581000,4199000,0,0,4755000,1797000,159228000,R,R,0.0,81,True,14.66,12.54,14.66,15.26,15.55,13.31,15.55,16.19,30.21,25.85,30.21,31.45
127810,19200900300000,Shreveport,LA,70000,2015,197204,2016,False,373644000,316244000,316122000,316244000,0,0,56633000,56374000,259000,53467000,52332000,1135000,0,0,15445000,0,300799000,I,I,1.0,66,True,17.91,15.16,17.91,18.83,16.91,14.31,16.91,17.77,34.81,29.47,34.81,36.6
128108,22201300100000,Boston,MA,07000,2015,667137,2016,False,3623622000,3404320000,3203742000,2114469000,1289851000,259957000,347564000,342032000,5532000,232301000,231145000,1156000,0,0,0,18882000,1835630000,R,R,0.0,115,True,10.21,9.59,16.44,18.93,6.82,6.41,10.99,12.66,17.03,16.0,27.42,31.59
128309,23205001400000,Warren,MI,84000,2015,135358,2016,False,199981000,173489000,173489000,173489000,0,0,39747000,39266000,481000,21485000,20710000,775000,0,0,0,0,173489000,R,R,0.0,67,True,22.91,19.88,22.91,22.91,12.38,10.74,12.38,12.38,35.29,30.62,35.29,35.29
129295,25202500400000,Jackson,MS,36000,2015,170674,2016,False,357296000,273748000,273748000,273748000,0,3998000,36891000,33276000,3615000,20650000,19231000,1419000,0,0,22274000,428000,247048000,RS,S,0.0,83,True,13.48,10.33,13.48,14.93,7.54,5.78,7.54,8.36,21.02,16.1,21.02,23.29
129515,26204800500000,Independence,MO,35000,2015,117255,2016,False,306237000,154355000,154355000,154355000,0,0,32402000,32402000,0,17214000,17214000,0,0,0,0,2697000,151658000,R,R,0.0,58,True,20.99,10.58,20.99,21.37,11.15,5.62,11.15,11.35,32.14,16.2,32.14,32.72
130835,31200700900000,Newark,NJ,51000,2015,281944,2016,False,811963000,772198000,723844000,772198000,0,2013000,124433000,124433000,0,69030000,68765000,265000,0,0,0,26175000,744010000,R,R,0.0,80,True,16.11,15.32,16.11,16.72,8.94,8.5,8.94,9.28,25.05,23.83,25.05,26.0
131239,33202800800000,Rochester,NY,63000,2015,209802,2016,False,1407752000,1377114000,1375323000,584913000,792201000,0,86034000,85979000,55000,48610000,48608000,2000,0,0,0,1668000,583245000,R,R,0.0,75,True,6.25,6.11,14.71,14.75,3.53,3.45,8.31,8.33,9.78,9.56,23.02,23.09
131717,34202600100000,Fayetteville,NC,22920,2015,201963,2016,False,496283000,244899000,237241000,244899000,0,320000,53029000,47173000,5856000,24403000,23720000,683000,156000,0,9236000,0,235343000,R,R,0.0,97,True,21.65,10.69,21.65,22.53,9.96,4.92,9.96,10.37,31.62,15.6,31.62,32.9
131775,34209200200000,Cary,NC,10740,2015,159769,2016,False,246692000,171955000,171955000,171955000,0,0,23913000,23460000,453000,22569000,20038000,2531000,0,0,0,0,171955000,R,R,0.0,72,True,13.91,9.69,13.91,13.91,13.12,9.15,13.12,13.12,27.03,18.84,27.03,27.03
133222,38202000400000,Eugene,OR,23850,2015,163460,2016,False,544779000,269073000,267102000,269073000,0,0,50712000,49267000,1445000,33243000,32969000,274000,0,0,16889000,0,252184000,R,R,0.0,83,True,18.85,9.31,18.85,20.11,12.35,6.1,12.35,13.18,31.2,15.41,31.2,33.29
133470,39200205600000,Pittsburgh,PA,61000,2015,304391,2016,False,570833000,570833000,570833000,570833000,0,0,78525000,78525000,0,55803000,55803000,0,0,0,0,14606000,556227000,R,R,0.0,58,True,13.76,13.76,13.76,14.12,9.78,9.78,9.78,10.03,23.53,23.53,23.53,24.15
133602,39205100100000,Philadelphia,PA,60000,2015,1567442,2016,False,6882645000,5868023000,5778639000,5778639000,89384000,529170000,622127000,619943000,2184000,260714000,259967000,747000,0,0,324172000,1421369000,3503928000,R,R,0.0,101,True,10.6,9.04,10.77,17.76,4.44,3.79,4.51,7.44,15.04,12.83,15.28,25.2
135095,44202050300000,Pearland,TX,56348,2015,108821,2016,False,134185000,117238000,116870000,117238000,0,1033000,19484000,18687000,797000,8240000,4890000,3350000,0,0,0,4173000,112032000,R,R,0.0,84,True,16.62,14.52,16.62,17.39,7.03,6.14,7.03,7.36,23.65,20.66,23.65,24.75
135130,44205700400000,Carrollton,TX,13024,2015,133168,2016,False,145823000,124357000,116123000,124357000,0,0,22750000,22750000,0,19930000,19930000,0,0,0,0,2619000,121738000,R,R,0.0,52,True,18.29,15.6,18.29,18.69,16.03,13.67,16.03,16.37,34.32,29.27,34.32,35.06
135132,44205702000000,Mesquite,TX,47892,2015,144788,2016,False,174095000,151404000,151404000,151404000,0,431000,36360000,31586000,4774000,25003000,23963000,1040000,0,0,2252000,1267000,147454000,I,I,1.0,88,True,24.02,20.89,24.02,24.66,16.51,14.36,16.51,16.96,40.53,35.25,40.53,41.62
135275,44221200500000,Tyler,TX,74144,2015,103700,2016,False,137834000,115245000,114407000,115245000,0,233000,24674000,24634000,40000,16148000,16148000,0,0,0,9628000,605000,104779000,I,I,1.0,72,True,21.41,17.9,21.41,23.55,14.01,11.72,14.01,15.41,35.42,29.62,35.42,38.96
135293,44224000100000,Laredo,TX,41464,2015,255473,2016,False,483863000,373558000,373095000,373558000,0,4164000,58843000,58796000,47000,45961000,45895000,66000,0,0,19748000,18726000,330920000,I,I,1.0,101,True,15.75,12.16,15.75,17.78,12.3,9.5,12.3,13.89,28.06,21.66,28.06,31.67
135295,44224300400000,Wichita Falls,TX,79000,2015,104710,2016,False,153897000,121189000,121189000,121189000,0,0,21806000,21734000,72000,14012000,14012000,0,0,0,5993000,5130000,110066000,I,I,1.0,83,True,17.99,14.17,17.99,19.81,11.56,9.1,11.56,12.73,29.56,23.27,29.56,32.54
135298,44224600600000,Round Rock,TX,63500,2015,115997,2016,False,175756000,147509000,147509000,147509000,0,0,22495000,21894000,601000,14834000,12966000,1868000,0,0,0,0,147509000,R,R,0.0,65,True,15.25,12.8,15.25,15.25,10.06,8.44,10.06,10.06,25.31,21.24,25.31,25.31
136056,47211500100000,Hampton,VA,35000,2015,136454,2016,False,591847000,587589000,585181000,345890000,241699000,45089000,28796000,28327000,469000,21982000,21294000,688000,0,0,0,3817000,296984000,R,R,0.0,107,True,4.9,4.87,8.33,9.7,3.74,3.71,6.36,7.4,8.64,8.58,14.68,17.1
136057,47212200100000,Norfolk,VA,57000,2015,246393,2016,False,1186410000,1111197000,1099506000,725942000,385255000,94726000,73988000,73988000,0,39784000,39784000,0,0,0,42824000,35151000,553241000,R,R,0.0,103,True,6.66,6.24,10.19,13.37,3.58,3.35,5.48,7.19,10.24,9.59,15.67,20.56
136110,48201702000000,Renton,WA,57745,2015,100242,2016,False,213199000,201364000,190391000,201364000,0,29219000,23563000,23563000,0,24354000,24354000,0,1925000,435000,4013000,434000,167698000,R,R,0.0,80,True,11.7,11.05,11.7,14.05,12.09,11.42,12.09,14.52,23.8,22.48,23.8,28.57
136562,50204100900000,Milwaukee,WI,53000,2015,600155,2016,False,1114475000,1025670000,986320000,1025670000,0,4574000,283499000,274298000,9201000,121426000,119564000,1862000,0,0,445000,22022000,998629000,R,R,0.0,78,True,27.64,25.44,27.64,28.39,11.84,10.9,11.84,12.16,39.48,36.33,39.48,40.55
160683,01204900400000,Mobile,AL,50000,2015,194288,2016,False,367578000,332697000,332697000,332697000,0,7815000,43640000,43640000,0,26603000,26603000,0,0,0,0,6545000,318337000,I,I,1.0,64,True,13.12,11.87,13.12,13.71,8.0,7.24,8.0,8.36,21.11,19.11,21.11,22.07
160723,01206300200000,Tuscaloosa,AL,77256,2015,98332,2016,False,189475000,160479000,143745000,146464000,14015000,604000,33086000,32981000,105000,20595000,20595000,0,0,0,81000,130000,145649000,R,R,0.0,65,True,20.62,17.46,22.59,22.72,12.83,10.87,14.06,14.14,33.45,28.33,36.65,36.86
160830,03200700200000,Buckeye,AZ,07940,2015,62138,2016,False,85756000,73016000,73016000,73016000,0,0,14589000,14360000,229000,11362000,11028000,334000,0,0,565000,0,72451000,R,R,0.019,62,True,19.98,17.01,19.98,20.14,15.56,13.25,15.56,15.68,35.54,30.26,35.54,35.82
160831,03200700500000,Gilbert,AZ,27400,2015,247542,2016,False,250528000,203330000,196099000,203330000,0,1422000,41192000,41148000,44000,23539000,23528000,11000,140000,0,0,0,201908000,I,I,1.0,74,True,20.26,16.44,20.26,20.4,11.58,9.4,11.58,11.66,31.84,25.84,31.84,32.06
160832,03200700900000,Peoria,AZ,54050,2015,171237,2016,False,240584000,218198000,218198000,218198000,0,0,36154000,36154000,0,23139000,23139000,0,0,0,0,0,218198000,I,I,1.0,52,True,16.57,15.03,16.57,16.57,10.6,9.62,10.6,10.6,27.17,24.65,27.17,27.17
160833,03200701200000,Tempe,AZ,73000,2015,175826,2016,False,414554000,284666000,284666000,284666000,0,0,80379000,78102000,2277000,35573000,32915000,2658000,0,0,0,0,284666000,R,R,0.0,55,True,28.24,19.39,28.24,28.24,12.5,8.58,12.5,12.5,40.73,27.97,40.73,40.73
160840,03201000200000,Tucson,AZ,77000,2015,531641,2016,False,1107169000,717525000,717525000,717525000,0,0,117033000,117033000,0,83166000,83166000,0,0,0,55444000,0,662081000,I,I,1.0,80,True,16.31,10.57,16.31,17.68,11.59,7.51,11.59,12.56,27.9,18.08,27.9,30.24
161170,05201901700000,Glendale,CA,30000,2015,201020,2016,False,593557000,347387000,347387000,347387000,0,0,75021000,71599000,3422000,50624000,50496000,128000,0,0,0,827000,346560000,R,R,0.0,77,True,21.6,12.64,21.6,21.65,14.57,8.53,14.57,14.61,36.17,21.17,36.17,36.25
161173,05201902600000,Long Beach,CA,43000,2015,474140,2016,False,1956571000,1739238000,1739238000,1739238000,0,0,208114000,207166000,948000,59717000,58528000,1189000,0,0,671925000,68187000,999126000,R,R,0.0,81,True,11.97,10.64,11.97,20.83,3.43,3.05,3.43,5.98,15.4,13.69,15.4,26.81
161174,05201902700000,Los Angeles,CA,44000,2015,3971883,2016,False,15081585000,9540291000,9540291000,9540291000,0,0,2100647000,2007720000,92927000,460186000,448367000,11819000,0,0,2108116000,334504000,7097671000,R,R,0.0,107,True,22.02,13.93,22.02,29.6,4.82,3.05,4.82,6.48,26.84,16.98,26.84,36.08
161218,05203000700000,Fullerton,CA,28000,2015,140847,2016,False,219524000,193853000,193853000,193853000,0,0,38288000,38282000,6000,17727000,17595000,132000,0,0,1534000,538000,191781000,R,R,0.0,66,True,19.75,17.44,19.75,19.96,9.14,8.08,9.14,9.24,28.9,25.52,28.9,29.21
161229,05203090100000,Irvine,CA,36770,2015,256927,2016,False,252594000,249066000,249066000,249066000,0,0,64272000,63973000,299000,0,0,0,0,0,0,5314000,243752000,R,-,0.0,64,True,25.81,25.44,25.81,26.37,0.0,0.0,0.0,0.0,25.81,25.44,25.81,26.37
161241,05203400500000,Sacramento,CA,64000,2015,490712,2016,False,999156000,837528000,837528000,837528000,0,0,148765000,145902000,2863000,100227000,97400000,2827000,0,0,0,18282000,819246000,R,R,0.0,94,True,17.76,14.89,17.76,18.16,11.97,10.03,11.97,12.23,29.73,24.92,29.73,30.39
161246,05203600700000,Ontario,CA,53896,2015,171214,2016,False,360501000,315811000,315811000,315811000,0,0,70659000,69163000,1496000,38886000,37254000,1632000,0,0,0,1051000,314760000,R,R,0.0,65,True,22.37,19.6,22.37,22.45,12.31,10.79,12.31,12.35,34.69,30.39,34.69,34.8
161254,05203700100000,Carlsbad,CA,11194,2015,113453,2016,False,259294000,212419000,183732000,212419000,0,0,29979000,29880000,99000,8458000,5178000,3280000,0,0,0,15081000,197338000,R,R,0.0,69,True,14.11,11.56,14.11,15.19,3.98,3.26,3.98,4.29,18.09,14.82,18.09,19.48
161255,05203700500000,Escondido,CA,22804,2015,151451,2016,False,244305000,177874000,173433000,177874000,0,0,40010000,39896000,114000,21841000,21841000,0,0,0,0,837000,177037000,R,R,0.0,70,True,22.49,16.38,22.49,22.6,12.28,8.94,12.28,12.34,34.77,25.32,34.77,34.94
161256,05203700900000,Oceanside,CA,53322,2015,175691,2016,False,296735000,242274000,242274000,242274000,0,0,52446000,51518000,928000,25474000,25069000,405000,0,0,6265000,71000,235938000,R,R,0.0,68,True,21.65,17.67,21.65,22.23,10.51,8.58,10.51,10.8,32.16,26.26,32.16,33.03
161258,05203800100000,San Francisco And County,CA,67000,2015,864816,2016,False,9658714000,6484102000,6484102000,6484102000,0,1271394000,402990000,399955000,3035000,281591000,264986000,16605000,0,0,553846000,1008823000,3650039000,R,R,0.0,119,True,6.22,4.17,6.22,11.04,4.34,2.92,4.34,7.71,10.56,7.09,10.56,18.76
161280,05204301300000,Santa Clara,CA,69084,2015,126215,2016,False,1045390000,517127000,500385000,517127000,0,0,54344000,54336000,8000,35342000,34963000,379000,245000,0,0,3765000,513362000,R,R,0.0,79,True,10.51,5.2,10.51,10.59,6.83,3.38,6.83,6.88,17.34,8.58,17.34,17.47
161299,05205600300000,Oxnard,CA,54652,2015,207254,2016,False,355366000,289407000,285885000,289407000,0,0,67815000,67488000,327000,25786000,25173000,613000,0,0,0,548000,288859000,R,R,0.0,65,True,23.43,19.08,23.43,23.48,8.91,7.26,8.91,8.93,32.34,26.34,32.34,32.4
161328,06200100600000,Thornton,CO,77290,2015,133451,2016,False,190846000,144654000,144654000,144654000,0,0,27139000,27139000,0,13071000,13071000,0,0,0,0,440000,144214000,R,R,0.0,66,True,18.76,14.22,18.76,18.82,9.04,6.85,9.04,9.06,27.8,21.07,27.8,27.88
161337,06200700100000,Boulder,CO,07850,2015,107349,2016,False,296681000,281592000,281592000,281592000,0,0,31693000,31591000,102000,21444000,18840000,2604000,0,0,429000,0,281163000,R,R,0.0,85,True,11.25,10.68,11.25,11.27,7.62,7.23,7.62,7.63,18.87,17.91,18.87,18.9
161362,06202100200000,Colorado Springs,CO,16000,2015,456568,2016,False,1864824000,938308000,938292000,938308000,0,580000000,87859000,87859000,0,44616000,44616000,0,0,0,28527000,1080000,328701000,R,R,0.311,70,True,9.36,4.71,9.36,26.73,4.75,2.39,4.75,13.57,14.12,7.1,14.12,40.3
161374,06203000100000,Arvada,CO,03455,2015,115368,2016,False,149569000,127577000,127577000,127577000,0,0,28600000,28517000,83000,0,0,0,0,0,0,0,127577000,I,-,1.0,51,True,22.42,19.12,22.42,22.42,0.0,0.0,0.0,0.0,22.42,19.12,22.42,22.42
161376,06203080100000,Lakewood,CO,43000,2015,152597,2016,False,174005000,171326000,171326000,171326000,0,629000,47372000,45493000,1879000,0,0,0,0,0,0,1529000,169168000,I,-,1.0,78,True,27.65,27.22,27.65,28.0,0.0,0.0,0.0,0.0,27.65,27.22,27.65,28.0
161441,07200200200000,Hartford,CT,37000,2015,124006,2016,False,927566000,927566000,894141000,458183000,469383000,13604000,54497000,53804000,693000,33449000,33330000,119000,0,0,0,14749000,429830000,R,R,0.0,78,True,5.88,5.88,11.89,12.68,3.61,3.61,7.3,7.78,9.48,9.48,19.19,20.46
161447,07200500600000,New Haven,CT,52000,2015,130322,2016,False,776072000,776072000,765915000,384132000,391940000,0,39500000,39500000,0,33990000,33990000,0,0,0,143000,3209000,380780000,R,R,0.0,57,True,5.09,5.09,10.28,10.37,4.38,4.38,8.85,8.93,9.47,9.47,19.13,19.3
161572,10200100300000,Gainesville,FL,25175,2015,130128,2016,False,639739000,225417000,225417000,225417000,0,820000,46438000,39225000,7213000,19981000,18186000,1795000,0,0,0,279000,224318000,R,R,0.0,99,True,20.6,7.26,20.6,20.7,8.86,3.12,8.86,8.91,29.46,10.38,29.46,29.61
161585,10200600400000,Fort Lauderdale,FL,24000,2015,178590,2016,False,462904000,358718000,358718000,358718000,0,0,97472000,95428000,2044000,63502000,62877000,625000,0,0,9626000,0,349092000,R,R,0.0,78,True,27.17,21.06,27.17,27.92,17.7,13.72,17.7,18.19,44.87,34.77,44.87,46.11
161586,10200600700000,Hollywood,FL,32000,2015,149728,2016,False,311359000,271510000,271510000,271510000,0,0,69436000,68692000,744000,44988000,44392000,596000,0,0,0,0,271510000,R,R,0.0,76,True,25.57,22.3,25.57,25.57,16.57,14.45,16.57,16.57,42.14,36.75,42.14,42.14
161588,10200601100000,Pompano Beach,FL,58050,2015,107762,2016,False,211083000,188333000,188333000,188333000,0,0,36584000,36308000,276000,24998000,20352000,4646000,0,0,3643000,13691000,170999000,R,R,0.0,69,True,19.43,17.33,19.43,21.39,13.27,11.84,13.27,14.62,32.7,29.17,32.7,36.01
161593,10200650900000,Pembroke Pines,FL,55775,2015,166611,2016,False,327991000,321329000,321329000,321329000,0,1177000,52037000,50438000,1599000,44481000,44481000,0,0,0,0,0,320152000,R,R,0.0,73,True,16.19,15.87,16.19,16.25,13.84,13.56,13.84,13.89,30.04,29.43,30.04,30.15
161594,10200670100000,Davie,FL,16475,2015,100882,2016,False,124668000,102013000,102013000,102013000,0,0,38737000,38106000,631000,19615000,18863000,752000,0,0,0,6684000,95329000,R,R,0.0,67,True,37.97,31.07,37.97,40.64,19.23,15.73,19.23,20.58,57.2,46.81,57.2,61.21
161595,10200670200000,Coral Springs,FL,14400,2015,129485,2016,False,159007000,142693000,142693000,142692000,1000,0,51092000,45997000,5095000,18664000,18463000,201000,0,0,0,8652000,134040000,R,R,0.0,71,True,35.81,32.13,35.81,38.12,13.08,11.74,13.08,13.92,48.89,43.87,48.89,52.04
161604,10201300800000,Hialeah,FL,30000,2015,237069,2016,False,244598000,222723000,222723000,222723000,0,0,41727000,41082000,645000,40301000,38411000,1890000,0,0,0,0,222723000,R,R,0.0,72,True,18.73,17.06,18.73,18.73,18.09,16.48,18.09,18.09,36.83,33.54,36.83,36.83
161633,10202900300000,Tampa,FL,71000,2015,369075,2016,False,792659000,687860000,687860000,687860000,0,0,145387000,143511000,1876000,77111000,76543000,568000,0,0,0,0,687860000,R,R,0.0,88,True,21.14,18.34,21.14,21.14,11.21,9.73,11.21,11.21,32.35,28.07,32.35,32.35
161649,10203680100000,Cape Coral,FL,10275,2015,175229,2016,False,313118000,228012000,228012000,204942000,23070000,0,29811000,29743000,68000,25102000,24849000,253000,0,0,0,0,204942000,R,R,0.0,72,True,13.07,9.52,14.55,14.55,11.01,8.02,12.25,12.25,24.08,17.54,26.79,26.79
161650,10203700100000,Tallahassee,FL,70600,2015,189907,2016,False,735306000,367123000,367123000,367123000,0,0,53123000,53031000,92000,34256000,34255000,1000,0,0,29755000,0,337368000,R,R,0.0,88,True,14.47,7.22,14.47,15.75,9.33,4.66,9.33,10.15,23.8,11.88,23.8,25.9
161665,10204800900000,Orlando,FL,53000,2015,270934,2016,False,676034000,675002000,675002000,675002000,0,0,135079000,133105000,1974000,110869000,110025000,844000,0,0,0,0,675002000,R,R,0.0,75,True,20.01,19.98,20.01,20.01,16.42,16.4,16.42,16.42,36.44,36.38,36.44,36.44
161679,10205002300000,West Palm Beach,FL,76600,2015,106779,2016,False,291008000,256230000,255009000,256230000,0,0,55514000,55456000,58000,29706000,29543000,163000,0,0,0,1504000,254726000,R,R,0.0,75,True,21.67,19.08,21.67,21.79,11.59,10.21,11.59,11.66,33.26,29.28,33.26,33.46
161693,10205202000000,St Petersburg,FL,63000,2015,257083,2016,False,491563000,399023000,399023000,399023000,0,0,91431000,90916000,515000,33560000,32282000,1278000,0,0,4707000,12694000,381622000,R,R,0.0,70,True,22.91,18.6,22.91,23.96,8.41,6.83,8.41,8.79,31.32,25.43,31.32,32.75
161710,10205650200000,Port St Lucie,FL,58715,2015,179413,2016,False,204796000,159322000,159322000,159322000,0,0,38142000,36838000,1304000,0,0,0,0,0,0,1298000,158024000,R,-,0.0,57,True,23.94,18.62,23.94,24.14,0.0,0.0,0.0,0.0,23.94,18.62,23.94,24.14
161834,11202900100000,Athens-Clarke County Unified Government,GA,03436,2015,123912,2016,False,269250000,237042000,232668000,237042000,0,39012000,26958000,25519000,1439000,12392000,12391000,1000,0,0,2490000,12719000,182821000,R,R,0.0,99,True,11.37,10.01,11.37,14.75,5.23,4.6,5.23,6.78,16.6,14.61,16.6,21.52
161944,11210600200000,Columbus Consolidated Government,GA,19000,2015,200579,2016,False,360619000,329271000,313899000,329271000,0,56795000,46914000,46318000,596000,28159000,27407000,752000,0,0,5022000,13612000,253842000,R,R,0.0,103,True,14.25,13.01,14.25,18.48,8.55,7.81,8.55,11.09,22.8,20.82,22.8,29.57
162035,13200100100000,Boise,ID,08830,2015,218281,2016,False,289677000,289677000,289677000,289677000,0,0,47305000,47305000,0,44784000,44784000,0,0,0,29306000,0,260371000,R,R,0.0,49,True,16.33,16.33,16.33,18.17,15.46,15.46,15.46,17.2,31.79,31.79,31.79,35.37
162037,13200100400000,Meridian,ID,52120,2015,90739,2016,False,69190000,59383000,59383000,59383000,0,0,13819000,12064000,1755000,9328000,9098000,230000,0,0,0,0,59383000,R,R,0.0,33,True,23.27,19.97,23.27,23.27,15.71,13.48,15.71,15.71,38.98,33.45,38.98,38.98
162062,13201400400000,Nampa,ID,56260,2015,89839,2016,False,83190000,77574000,77574000,77574000,0,0,15881000,15881000,0,10349000,10349000,0,0,0,329000,0,77245000,I,I,1.0,58,True,20.47,19.09,20.47,20.56,13.34,12.44,13.34,13.4,33.81,31.53,33.81,33.96
162236,14201601600000,Chicago,IL,14000,2015,2720546,2016,False,8244594000,7743336000,7743336000,7743336000,0,289659000,1321029000,1309916000,11113000,601705000,599205000,2500000,0,0,1043307000,143179000,6267191000,R,R,0.0,110,True,17.06,16.02,17.06,21.08,7.77,7.3,7.77,9.6,24.83,23.32,24.83,30.68
162299,14202201200000,Naperville,IL,51622,2015,147100,2016,False,358666000,174825000,174825000,174825000,0,0,36601000,36350000,251000,32209000,31835000,374000,0,0,0,0,174825000,R,R,0.0,67,True,20.94,10.2,20.94,20.94,18.42,8.98,18.42,18.42,39.36,19.18,39.36,39.36
162629,14208402200000,Springfield,IL,72000,2015,116565,2016,False,475443000,204448000,203853000,204448000,0,0,43062000,42350000,712000,35937000,35710000,227000,0,0,0,0,204448000,R,R,0.0,75,True,21.06,9.06,21.06,21.06,17.58,7.56,17.58,17.58,38.64,16.62,38.64,38.64
162690,14209900700000,Joliet,IL,38570,2015,147861,2016,False,234814000,202811000,202811000,202811000,0,0,37565000,37515000,50000,26375000,25745000,630000,0,0,0,0,202811000,R,R,0.0,63,True,18.52,16.0,18.52,18.52,13.0,11.23,13.0,13.0,31.53,27.23,31.53,31.53
163465,15200200100000,Fort Wayne,IN,25000,2015,260326,2016,False,479655000,382333000,381855000,382333000,0,0,73248000,72224000,1024000,36703000,36669000,34000,0,0,1737000,2782000,377814000,R,R,0.0,77,True,19.16,15.27,19.16,19.39,9.6,7.65,9.6,9.71,28.76,22.92,28.76,29.1
163681,15208200100000,Evansville,IN,22000,2015,119943,2016,False,255197000,223500000,223449000,223500000,0,0,32102000,31987000,115000,25447000,25447000,0,0,0,36572000,1259000,185669000,R,R,0.0,64,True,14.36,12.58,14.36,17.29,11.39,9.97,11.39,13.71,25.75,22.55,25.75,31.0
164470,16205700300000,Cedar Rapids,IA,12000,2015,130405,2016,False,368780000,323314000,323314000,323314000,0,0,38520000,38446000,74000,20342000,20243000,99000,0,0,23320000,1038000,298956000,R,R,0.0,77,True,11.91,10.45,11.91,12.88,6.29,5.52,6.29,6.8,18.21,15.96,18.21,19.69
164885,17208900300000,Topeka,KS,71000,2015,127265,2016,False,201953000,158957000,158957000,158957000,0,739000,35413000,34720000,693000,25016000,25016000,0,0,0,0,0,158218000,S,S,0.0,63,True,22.28,17.54,22.28,22.38,15.74,12.39,15.74,15.81,38.02,29.92,38.02,38.19
164911,17210500300000,Wyandotte County And Kansas Unified Government,KS,36000,2015,151306,2016,False,650829000,325429000,325429000,325429000,0,20125000,51373000,50756000,617000,43567000,43567000,0,0,0,0,11514000,293790000,RS,S,0.0,80,True,15.79,7.89,15.79,17.49,13.39,6.69,13.39,14.83,29.17,14.59,29.17,32.32
165831,18203400100000,Lexington-Fayette Urban County Government,KY,46027,2015,314488,2016,False,481198000,453635000,453635000,453635000,0,47533000,53391000,50511000,2880000,51416000,50297000,1119000,0,0,10972000,15212000,379918000,R,R,0.0,104,True,11.77,11.1,11.77,14.05,11.33,10.68,11.33,13.53,23.1,21.78,23.1,27.59
165866,18205601400000,Louisville-Jefferson County Metro Government,KY,48003,2015,763623,2016,False,1744386000,1369093000,1305592000,1317680000,51413000,64626000,119193000,118795000,398000,76720000,75501000,1219000,0,0,70277000,51773000,1131004000,R,R,0.079,117,True,8.71,6.83,9.05,10.54,5.6,4.4,5.82,6.78,14.31,11.23,14.87,17.32
166054,19201700200000,Baton Rouge-East Baton Rouge-Parish,LA,05000,2015,228590,2016,False,1145079000,1112805000,1104106000,1100887000,11918000,123099000,132059000,130127000,1932000,78809000,75556000,3253000,0,0,18620000,39395000,919773000,R,R,0.0,129,True,11.87,11.53,12.0,14.36,7.08,6.88,7.16,8.57,18.95,18.42,19.15,22.93
166076,19202800400000,Lafayette-Parish,LA,40735,2015,127657,2016,False,629954000,384090000,384015000,384090000,0,8856000,92394000,88625000,3769000,21021000,19597000,1424000,0,0,13037000,3786000,358411000,R,R,0.0,115,True,24.06,14.67,24.06,25.78,5.47,3.34,5.47,5.87,29.53,18.0,29.53,31.64
166094,19203600100000,New Orleans,LA,55000,2015,389617,2016,False,1800319000,1682610000,1680604000,1682610000,0,150322000,159232000,159232000,0,91641000,91641000,0,0,0,79654000,29068000,1423566000,S,S,0.0,112,True,9.46,8.84,9.46,11.19,5.45,5.09,5.45,6.44,14.91,13.93,14.91,17.62
166441,22200300300000,New Bedford,MA,45000,2015,94958,2016,False,347549000,337915000,332114000,153608000,184307000,3271000,23150000,23050000,100000,14951000,14769000,182000,0,0,9149000,3694000,137494000,R,R,0.0,92,True,6.85,6.66,15.07,16.84,4.42,4.3,9.73,10.87,11.28,10.96,24.8,27.71
166448,22200900100000,Cambridge,MA,11000,2015,110402,2016,False,1151388000,1131450000,1107797000,885288000,246162000,567313000,34218000,33787000,431000,27512000,27400000,112000,0,0,0,45000,317930000,R,R,0.0,92,True,3.02,2.97,3.87,10.76,2.43,2.39,3.11,8.65,5.46,5.36,6.97,19.42
166449,22200900300000,Lowell,MA,37000,2015,110699,2016,False,387046000,369486000,361840000,153463000,216023000,998000,24707000,24365000,342000,17355000,17233000,122000,0,0,1476000,2427000,148562000,R,R,0.0,89,True,6.69,6.38,16.1,16.63,4.7,4.48,11.31,11.68,11.38,10.87,27.41,28.31
166454,22201100100000,Quincy,MA,55745,2015,93618,2016,False,426957000,418836000,386314000,233595000,185241000,1685000,25844000,25844000,0,21538000,21538000,0,0,0,0,2009000,229901000,R,R,0.0,73,True,6.17,6.05,11.06,11.24,5.14,5.04,9.22,9.37,11.31,11.1,20.28,20.61
166455,22201200100000,Brockton,MA,09000,2015,95314,2016,False,385864000,370503000,366035000,120913000,249590000,1168000,20146000,20066000,80000,21500000,21322000,178000,0,0,0,806000,118939000,R,R,0.0,83,True,5.44,5.22,16.66,16.94,5.8,5.57,17.78,18.08,11.24,10.79,34.44,35.01
166690,23203300300000,Lansing,MI,46000,2015,115056,2016,False,575872000,231041000,231041000,231041000,0,0,38483000,38483000,0,33724000,33724000,0,0,0,0,0,231041000,R,R,0.0,79,True,16.66,6.68,16.66,16.66,14.6,5.86,14.6,14.6,31.25,12.54,31.25,31.25
166734,23205080100000,Sterling Heights,MI,76460,2015,132052,2016,False,146141000,126728000,108526000,126728000,0,0,30401000,29438000,963000,18195000,17369000,826000,0,0,0,0,126728000,R,R,0.0,61,True,23.99,20.8,23.99,23.99,14.36,12.45,14.36,14.36,38.35,33.25,38.35,38.35
166817,23208200400000,Detroit,MI,22000,2015,677116,2016,False,2609653000,2174607000,2165132000,2172522000,2085000,3000,273856000,256697000,17159000,111881000,107970000,3911000,0,0,4193000,32633000,2135693000,R,R,0.0,108,True,12.59,10.49,12.61,12.82,5.14,4.29,5.15,5.24,17.74,14.78,17.76,18.06
167574,24205500400000,Rochester,MN,54880,2015,112225,2016,False,271672000,111176000,111176000,111176000,0,0,22242000,22242000,0,14045000,14045000,0,0,0,3471000,340000,107365000,R,R,0.0,59,True,20.01,8.19,20.01,20.72,12.63,5.17,12.63,13.08,32.64,13.36,32.64,33.8
167605,24206200900000,St Paul,MN,58000,2015,300851,2016,False,607511000,558403000,557601000,558403000,0,0,83987000,83987000,0,55021000,55021000,0,0,0,20060000,3355000,534988000,R,R,0.0,58,True,15.04,13.82,15.04,15.7,9.85,9.06,9.85,10.28,24.89,22.88,24.89,25.98
168809,26201000300000,Columbia,MO,15670,2015,119108,2016,False,305739000,133109000,133109000,133109000,0,0,15723000,15334000,389000,11786000,10665000,1121000,0,0,4198000,4656000,124255000,R,R,0.0,90,True,11.81,5.14,11.81,12.65,8.85,3.85,8.85,9.49,20.67,9.0,20.67,22.14
168896,26203900300000,Springfield,MO,70000,2015,166810,2016,False,640261000,287417000,287417000,287417000,0,1395000,70082000,68797000,1285000,19203000,19203000,0,0,0,17893000,8412000,259717000,R,R,0.0,89,True,24.38,10.95,24.38,26.98,6.68,3.0,6.68,7.39,31.06,13.95,31.06,34.38
168926,26204800700000,Lees Summit,MO,41348,2015,95094,2016,False,143010000,129466000,129466000,129466000,0,0,19130000,19130000,0,16054000,16054000,0,0,0,1891000,0,127575000,R,R,0.0,53,True,14.78,13.38,14.78,15.0,12.4,11.23,12.4,12.58,27.18,24.6,27.18,27.58
169159,26209600100000,St Louis,MO,65000,2015,315685,2016,False,1019909000,937228000,937228000,937228000,0,52501000,225082000,225082000,0,56879000,56879000,0,0,0,111445000,33799000,739483000,R,R,0.0,75,True,24.02,22.07,24.02,30.44,6.07,5.58,6.07,7.69,30.08,27.65,30.08,38.13
169646,28205500700000,Lincoln,NE,28000,2015,277348,2016,False,626109000,297626000,297626000,297626000,0,7945000,37830000,37087000,743000,24187000,23712000,475000,0,0,0,22096000,267585000,R,R,0.0,87,True,12.71,6.04,12.71,14.14,8.13,3.86,8.13,9.04,20.84,9.91,20.84,23.18
169987,29200200100000,Henderson,NV,31900,2015,285667,2016,False,439876000,374727000,374727000,374727000,0,17980000,75043000,74728000,315000,41697000,41594000,103000,0,0,0,0,356747000,R,R,0.0,69,True,20.03,17.06,20.03,21.04,11.13,9.48,11.13,11.69,31.15,26.54,31.15,32.72
169988,29200200200000,Las Vegas,NV,40000,2015,623747,2016,False,900032000,900031000,767360000,900031000,0,56373000,9643000,9643000,0,152424000,149023000,3401000,127671000,10000,0,4025000,839633000,R,R,0.0,80,True,1.07,1.07,1.07,1.15,16.94,16.94,16.94,18.15,18.01,18.01,18.01,19.3
169993,29201600100000,Reno,NV,60600,2015,241445,2016,False,310356000,310356000,310356000,310356000,0,0,56613000,56595000,18000,40613000,39778000,835000,0,0,0,0,310356000,R,R,0.0,59,True,18.24,18.24,18.24,18.24,13.09,13.09,13.09,13.09,31.33,31.33,31.33,31.33
170001,30200600100000,Manchester,NH,45140,2015,110229,2016,False,421192000,397074000,393949000,225010000,172064000,919000,23050000,23050000,0,19628000,19628000,0,0,0,32985000,2759000,188347000,R,R,0.0,78,True,5.8,5.47,10.24,12.24,4.94,4.66,8.72,10.42,10.75,10.13,18.97,22.66
170378,32200100100000,Albuquerque,NM,02000,2015,559121,2016,False,1034797000,874095000,874095000,874095000,0,30455000,163119000,163119000,0,76205000,76205000,0,0,0,36614000,25538000,781488000,R,R,0.0,86,True,18.66,15.76,18.66,20.87,8.72,7.36,8.72,9.75,27.38,23.13,27.38,30.62
170404,32202360100000,Rio Rancho,NM,63460,2015,94171,2016,False,124070000,94380000,92867000,92867000,1513000,947000,17454000,17137000,317000,11734000,11076000,658000,0,0,0,0,91920000,I,I,1.0,80,True,18.49,14.07,18.79,18.99,12.43,9.46,12.64,12.77,30.93,23.53,31.43,31.75
170440,33200100100000,Albany,NY,01000,2015,98469,2016,False,187163000,187163000,187019000,187163000,0,0,55462000,52753000,2709000,32758000,31881000,877000,0,0,0,532000,186631000,R,R,0.0,62,True,29.63,29.63,29.63,29.72,17.5,17.5,17.5,17.55,47.14,47.14,47.14,47.27
170582,33203401500000,Syracuse,NY,73000,2015,144142,2016,False,813245000,800763000,799403000,356052000,444711000,0,49990000,47579000,2411000,33517000,31989000,1528000,0,0,28403000,367000,327282000,R,R,0.0,85,True,6.24,6.15,14.04,15.27,4.19,4.12,9.41,10.24,10.43,10.27,23.45,25.52
171207,34204100200000,Greensboro,NC,28000,2015,285342,2016,False,453422000,372035000,370610000,372035000,0,0,73419000,73163000,256000,46147000,45343000,804000,0,0,0,300000,371735000,R,R,0.0,95,True,19.73,16.19,19.73,19.75,12.4,10.18,12.4,12.41,32.14,26.37,32.14,32.16
171248,34206500300000,Wilmington,NC,74440,2015,115933,2016,False,132733000,129573000,128973000,129573000,0,529000,27553000,27421000,132000,19557000,15925000,3632000,0,0,0,0,129044000,R,R,0.0,69,True,21.26,20.76,21.26,21.35,15.09,14.73,15.09,15.16,36.36,35.49,36.36,36.51
171305,34209200800000,Raleigh,NC,55000,2015,451066,2016,False,756646000,569790000,569790000,569790000,0,0,129426000,98748000,30678000,56804000,53418000,3386000,0,0,0,0,569790000,R,R,0.0,89,True,22.71,17.11,22.71,22.71,9.97,7.51,9.97,9.97,32.68,24.61,32.68,32.68
171371,35200900900000,Fargo,ND,25700,2015,118523,2016,False,230981000,214350000,214350000,214350000,0,9647000,31098000,31098000,0,0,0,0,0,0,0,86000,204617000,R,-,0.0,68,True,14.51,13.46,14.51,15.2,0.0,0.0,0.0,0.0,14.51,13.46,14.51,15.2
172358,36201801400000,Cleveland,OH,16000,2015,388072,2016,False,1291382000,835186000,824398000,835186000,0,15088000,177680000,177661000,19000,86767000,86496000,271000,0,0,106124000,41251000,672723000,R,R,0.0,83,True,21.27,13.76,21.27,26.41,10.39,6.72,10.39,12.9,31.66,20.48,31.66,39.31
172543,36205700400000,Dayton,OH,21000,2015,140599,2016,False,307855000,253513000,252649000,253513000,0,0,50940000,50940000,0,35091000,35091000,0,0,0,34988000,0,218525000,R,R,0.0,51,True,20.09,16.55,20.09,23.31,13.84,11.4,13.84,16.06,33.94,27.95,33.94,39.37
173685,38202600200000,Gresham,OR,31250,2015,110553,2016,False,124249000,114208000,114208000,114208000,0,0,24515000,24500000,15000,18362000,18327000,35000,0,0,0,0,114208000,R,R,0.0,69,True,21.47,19.73,21.47,21.47,16.08,14.78,16.08,16.08,37.54,34.51,37.54,37.54
174015,39203900200000,Allentown,PA,02000,2015,120207,2016,False,191174000,191174000,191174000,191174000,0,0,27109000,27052000,57000,14012000,14012000,0,0,0,0,6406000,184768000,R,R,0.0,57,True,14.18,14.18,14.18,14.67,7.33,7.33,7.33,7.58,21.51,21.51,21.51,22.26
174889,41201000100000,Charleston,SC,13330,2015,132609,2016,False,274251000,155293000,155293000,155293000,0,474000,41867000,41867000,0,24697000,24697000,0,0,0,0,0,154819000,I,I,1.0,52,True,26.96,15.27,26.96,27.04,15.9,9.01,15.9,15.95,42.86,24.27,42.86,42.99
174894,41201090100000,North Charleston,SC,50875,2015,108304,2016,False,167822000,167822000,167822000,167822000,0,0,32175000,32175000,0,18817000,18034000,783000,0,0,0,0,167822000,R,R,0.0,51,True,19.17,19.17,19.17,19.17,11.21,11.21,11.21,11.21,30.38,30.38,30.38,30.38
174959,41204000100000,Columbia,SC,16000,2015,133803,2016,False,290676000,234246000,233431000,234246000,0,1584000,35290000,34761000,529000,23389000,22235000,1154000,0,34000,0,1652000,231010000,R,R,0.092,70,True,15.07,12.14,15.07,15.28,9.98,8.05,9.98,10.12,25.05,20.19,25.05,25.4
175728,43201900300000,Nashville-Davidson County Metropolitan Government,TN,52004,2015,678889,2016,False,4006171000,2530973000,2530945000,1536286000,994687000,207896000,216032000,208274000,7758000,116535000,107079000,9456000,0,0,0,56581000,1271809000,R,R,0.0,132,True,8.54,5.39,14.06,16.99,4.6,2.91,7.59,9.16,13.14,8.3,21.65,26.15
175780,43204700100000,Knoxville,TN,40000,2015,185291,2016,False,1097293000,322868000,322868000,322868000,0,0,53017000,53017000,0,37043000,37043000,0,0,0,0,11000,322857000,I,I,1.0,79,True,16.42,4.83,16.42,16.42,11.47,3.38,11.47,11.47,27.89,8.21,27.89,27.89
175826,43207900500000,Memphis,TN,48000,2015,655770,2016,False,2776648000,1006230000,1006230000,1006230000,0,0,230823000,228365000,2458000,166712000,158238000,8474000,0,0,896000,30000,1005304000,R,R,0.0,114,True,22.94,8.31,22.94,22.96,16.57,6.0,16.57,16.58,39.51,14.32,39.51,39.54
175981,44201400300000,Killeen,TX,39148,2015,140806,2016,False,176757000,155490000,155490000,155490000,0,0,27854000,26333000,1521000,20075000,17591000,2484000,0,0,10980000,576000,143934000,I,I,1.0,74,True,17.91,15.76,17.91,19.35,12.91,11.36,12.91,13.95,30.82,27.12,30.82,33.3
175988,44201501000000,San Antonio,TX,65000,2015,1469845,2016,False,4809846000,2095002000,2095002000,2026254000,68748000,117257000,337747000,337637000,110000,234023000,230149000,3874000,0,0,88738000,31394000,1788865000,R,R,0.0,135,True,16.12,7.02,16.67,18.88,11.17,4.87,11.55,13.08,27.29,11.89,28.22,31.96
176022,44203100100000,Brownsville,TX,10768,2015,183887,2016,False,306999000,164953000,164953000,164953000,0,1343000,35407000,35407000,0,23178000,23178000,0,0,0,4418000,1698000,157494000,R,R,0.0,67,True,21.46,11.53,21.46,22.48,14.05,7.55,14.05,14.72,35.52,19.08,35.52,37.2
176053,44204300900000,Plano,TX,58016,2015,283558,2016,False,413875000,337816000,308261000,337816000,0,0,57941000,57863000,78000,47089000,47089000,0,0,0,0,3359000,334457000,I,I,1.0,75,True,17.15,14.0,17.15,17.32,13.94,11.38,13.94,14.08,31.09,25.38,31.09,31.4
176060,44204600100000,New Braunfels,TX,50820,2015,70543,2016,False,201403000,94801000,90357000,94801000,0,0,13628000,13115000,513000,15894000,12949000,2945000,0,0,2633000,1426000,90742000,I,I,1.0,72,True,14.38,6.77,14.38,15.02,16.77,7.89,16.77,17.52,31.14,14.66,31.14,32.53
176079,44205701600000,Irving,TX,37000,2015,236607,2016,False,330349000,276376000,276376000,276376000,0,51000,54335000,53812000,523000,41125000,35251000,5874000,0,0,0,2195000,274130000,I,I,1.0,81,True,19.66,16.45,19.66,19.82,14.88,12.45,14.88,15.0,34.54,28.9,34.54,34.82
176107,44206800100000,Odessa,TX,53388,2015,118968,2016,False,125911000,110326000,109924000,110326000,0,422000,21144000,20477000,667000,16463000,16010000,453000,0,0,0,879000,109025000,R,R,0.0,84,True,19.17,16.79,19.17,19.39,14.92,13.08,14.92,15.1,34.09,29.87,34.09,34.49
176118,44207100200000,El Paso,TX,24000,2015,681124,2016,False,1091352000,851733000,851733000,851733000,0,399000,128906000,128906000,0,94295000,94295000,0,0,0,61209000,18940000,771185000,R,R,0.0,104,True,15.13,11.81,15.13,16.72,11.07,8.64,11.07,12.23,26.21,20.45,26.21,28.94
176132,44207900600000,Sugar Land,TX,70808,2015,88156,2016,False,223225000,158813000,158813000,158813000,0,378000,19583000,18890000,693000,10906000,10674000,232000,0,0,15883000,698000,141854000,I,I,1.0,63,True,12.33,8.77,12.33,13.81,6.87,4.89,6.87,7.69,19.2,13.66,19.2,21.49
176142,44208480200000,League,TX,41980,2015,98312,2016,False,144951000,121235000,118823000,121235000,0,0,35038000,16569000,18469000,2449000,1640000,809000,0,0,0,6260000,114975000,R,R,0.0,58,True,28.9,24.17,28.9,30.47,2.02,1.69,2.02,2.13,30.92,25.86,30.92,32.6
176169,44210100800000,Houston,TX,35000,2015,2296224,2016,False,4714079000,4218370000,4215819000,4218370000,0,0,665497000,655971000,9526000,389664000,373258000,16406000,0,0,442530000,140361000,3635479000,R,R,0.0,116,True,15.78,14.12,15.78,18.31,9.24,8.27,9.24,10.72,25.01,22.38,25.01,29.02
176286,44215501000000,Waco,TX,76000,2015,132356,2016,False,298146000,259323000,254177000,259323000,0,0,37457000,35073000,2384000,20845000,20811000,34000,0,0,2885000,8092000,248346000,R,R,0.0,81,True,14.44,12.56,14.44,15.08,8.04,6.99,8.04,8.39,22.48,19.55,22.48,23.48
176325,44217800300000,Corpus Christi,TX,17000,2015,324074,2016,False,692444000,455518000,451560000,454332000,1186000,1549000,94768000,93901000,867000,60159000,57277000,2882000,0,1000,22530000,6462000,423791000,R,R,0.0,129,True,20.8,13.69,20.86,22.36,13.21,8.69,13.24,14.2,34.01,22.37,34.1,36.56
176375,44222001100000,Fort Worth,TX,27000,2015,833319,2016,False,1394294000,1186696000,1186696000,1186696000,0,0,255028000,246819000,8209000,121080000,121080000,0,0,0,28372000,11224000,1147100000,R,R,0.0,82,True,21.49,18.29,21.49,22.23,10.2,8.68,10.2,10.56,31.69,26.97,31.69,32.79
176386,44222100100000,Abilene,TX,01000,2015,121721,2016,False,154350000,126202000,126202000,126202000,0,0,23247000,23247000,0,17897000,17739000,158000,0,0,8277000,4630000,113295000,I,I,1.0,80,True,18.42,15.06,18.42,20.52,14.18,11.6,14.18,15.8,32.6,26.66,32.6,36.32
176394,44222700100000,Austin,TX,05000,2015,931830,2016,False,3487974000,1877489000,1877489000,1877489000,0,0,297689000,292064000,5625000,142249000,140971000,1278000,0,0,125169000,130669000,1621651000,R,R,0.0,103,True,15.86,8.53,15.86,18.36,7.58,4.08,7.58,8.77,23.43,12.61,23.43,27.13
176492,45201800500000,Salt Lake,UT,67000,2015,192672,2016,False,422790000,371436000,371436000,370872000,564000,374000,57721000,57720000,1000,34351000,34209000,142000,0,0,136972000,1987000,231539000,R,R,0.0,64,True,15.54,13.65,15.56,24.93,9.25,8.12,9.26,14.84,24.79,21.78,24.83,39.77
176495,45201860300000,West Valley,UT,83470,2015,136208,2016,False,122147000,122147000,121211000,122147000,0,0,24202000,23927000,275000,9674000,9261000,413000,10000,0,0,1465000,120682000,R,R,0.0,65,True,19.81,19.81,19.81,20.05,7.92,7.92,7.92,8.02,27.73,27.73,27.73,28.07
176517,45202501100000,Provo,UT,62470,2015,115264,2016,False,151703000,86346000,86346000,86346000,0,0,14509000,14481000,28000,8564000,8501000,63000,0,0,1843000,466000,84037000,R,R,0.0,73,True,16.8,9.56,16.8,17.27,9.92,5.65,9.92,10.19,26.72,15.21,26.72,27.46
176784,47212100100000,Newport News,VA,56000,2015,182385,2016,False,873443000,795410000,785852000,441594000,353816000,60103000,43022000,43022000,0,30456000,30456000,0,0,0,6477000,3461000,371553000,R,R,0.0,85,True,5.41,4.93,9.74,11.58,3.83,3.49,6.9,8.2,9.24,8.41,16.64,19.78
176816,48200600500000,Vancouver,WA,74060,2015,172860,2016,False,213491000,191113000,180524000,191113000,0,5234000,29863000,29451000,412000,29361000,28579000,782000,0,0,291000,787000,184801000,R,R,0.0,87,True,15.63,13.99,15.63,16.16,15.36,13.75,15.36,15.89,30.99,27.74,30.99,32.05
176868,48202701600000,Tacoma,WA,70000,2015,207948,2016,False,1040501000,543509000,543488000,543509000,0,0,76923000,76102000,821000,66352000,62589000,3763000,0,0,0,2631000,540878000,R,R,0.0,99,True,14.15,7.39,14.15,14.22,12.21,6.38,12.21,12.27,26.36,13.77,26.36,26.49
176873,48203100500000,Everett,WA,22640,2015,108010,2016,False,241751000,178602000,167081000,178602000,0,2520000,30478000,29508000,970000,20564000,20446000,118000,30000,0,0,7846000,168236000,R,R,0.0,92,True,17.06,12.61,17.06,18.12,11.51,8.51,11.51,12.22,28.58,21.11,28.58,30.34
177090,50200500300000,Green Bay,WI,31000,2015,105207,2016,False,190340000,149950000,149950000,149950000,0,0,26004000,25191000,813000,22661000,21418000,1243000,0,0,0,549000,149401000,R,R,0.0,74,True,17.34,13.66,17.34,17.41,15.11,11.91,15.11,15.17,32.45,25.57,32.45,32.57
183701,12200200100000,Honolulu And County,HI,17000,2015,998714,2016,False,2627394000,1675701000,1675701000,1675625000,76000,5577000,268695000,251979000,16716000,117227000,111788000,5439000,0,0,0,26675000,1643373000,R,R,0.0,91,True,16.03,10.23,16.04,16.35,7.0,4.46,7.0,7.13,23.03,14.69,23.03,23.48
183825,05201500100000,Bakersfield,CA,03526,2015,373640,2016,False,518147000,484319000,428907000,473908000,10411000,5063000,84381000,82917000,1464000,36551000,35951000,600000,125000,0,320000,76000,468449000,R,R,0.0,75,True,17.42,16.29,17.81,18.01,7.55,7.05,7.71,7.8,24.97,23.34,25.52,25.82
183836,05203000100000,Anaheim,CA,02000,2015,350742,2016,False,1087495000,639202000,639202000,639202000,0,0,126657000,125766000,891000,61284000,60137000,1147000,0,0,0,1168000,638034000,R,R,0.0,78,True,19.81,11.65,19.81,19.85,9.59,5.64,9.59,9.61,29.4,17.28,29.4,29.46
184046,31201600700000,Paterson,NJ,57000,2015,147754,2016,False,292299000,292299000,281103000,292299000,0,0,45597000,45597000,0,34615000,33208000,1407000,0,0,0,10679000,281620000,R,R,0.0,63,True,15.6,15.6,15.6,16.19,11.84,11.84,11.84,12.29,27.44,27.44,27.44,28.48
184196,42205000800000,Sioux Falls,SD,59020,2015,171544,2016,False,306204000,272742000,272742000,272742000,0,0,32505000,30983000,1522000,27055000,25093000,1962000,0,0,0,10387000,262355000,R,R,0.0,80,True,11.92,10.62,11.92,12.39,9.92,8.84,9.92,10.31,21.84,19.45,21.84,22.7
184202,45202700800000,St George,UT,65330,2015,80202,2016,False,183636000,96226000,96226000,96226000,0,5000,15493000,14845000,648000,4666000,4449000,217000,0,0,1382000,0,94839000,R,R,0.0,86,True,16.1,8.44,16.1,16.34,4.85,2.54,4.85,4.92,20.95,10.98,20.95,21.26
184222,37207200200000,Broken Arrow,OK,09050,2015,106563,2016,False,115886000,104815000,104815000,104815000,0,0,19684000,18566000,1118000,11862000,11646000,216000,0,0,0,4315000,100500000,R,R,0.071,69,True,18.78,16.99,18.78,19.59,11.32,10.24,11.32,11.8,30.1,27.22,30.1,31.39
184255,48201702100000,Seattle,WA,63000,2015,684451,2016,False,2996120000,1856704000,1676034000,1830604000,26100000,95973000,206617000,188602000,18015000,141809000,133865000,7944000,1424000,0,0,2376000,1732255000,R,R,0.0,123,True,11.13,6.9,11.29,11.93,7.64,4.73,7.75,8.19,18.77,11.63,19.03,20.11
184266,43206300100000,Clarksville,TN,15160,2015,149176,2016,False,399859000,146512000,146512000,146512000,0,0,28787000,25741000,3046000,16401000,14933000,1468000,0,0,0,0,146512000,R,R,0.043,93,True,19.65,7.2,19.65,19.65,11.19,4.1,11.19,11.19,30.84,11.3,30.84,30.84
184443,05201900800000,Burbank,CA,08954,2015,105319,2016,False,463348000,235853000,235257000,235853000,0,0,48790000,47582000,1208000,21740000,21608000,132000,0,0,0,12033000,223820000,R,R,0.0,82,True,20.69,10.53,20.69,21.8,9.22,4.69,9.22,9.71,29.9,15.22,29.9,31.51
184767,10205301300000,Lakeland,FL,38250,2015,104401,2016,False,546172000,193317000,193246000,193317000,0,0,37068000,36549000,519000,19053000,15419000,3634000,0,0,6652000,0,186665000,R,R,0.0,83,True,19.17,6.79,19.17,19.86,9.86,3.49,9.86,10.21,29.03,10.28,29.03,30.07
185901,23204100400000,Grand Rapids,MI,34000,2015,195097,2016,False,381991000,341045000,332336000,341045000,0,835000,48867000,47627000,1240000,28900000,27812000,1088000,0,0,0,0,340210000,R,R,0.0,87,True,14.33,12.79,14.33,14.36,8.47,7.57,8.47,8.49,22.8,20.36,22.8,22.86
186236,26204800600000,Kansas,MO,38000,2015,475378,2016,False,1686398000,1548084000,1547524000,1548084000,0,9235000,214953000,214923000,30000,153431000,152202000,1229000,0,0,101509000,53011000,1384329000,R,R,0.0,98,True,13.89,12.75,13.89,15.53,9.91,9.1,9.91,11.08,23.8,21.84,23.8,26.61
186634,33201500500000,Buffalo,NY,11000,2015,258071,2016,False,1409124000,1399124000,1397730000,562835000,836289000,0,84459000,79287000,5172000,61714000,60937000,777000,0,0,0,908000,561927000,R,R,0.0,75,True,6.04,5.99,15.01,15.03,4.41,4.38,10.96,10.98,10.45,10.37,25.97,26.01
187646,44204300800000,Mckinney,TX,45744,2015,162898,2016,False,264184000,226981000,226981000,226981000,0,0,25156000,24569000,587000,20967000,20764000,203000,0,0,30140000,1682000,195159000,R,R,0.0,76,True,11.08,9.52,11.08,12.89,9.24,7.94,9.24,10.74,20.32,17.46,20.32,23.63
187649,44205700700000,Dallas,TX,19000,2015,1300092,2016,False,3419194000,3090019000,3077968000,3090019000,0,20598000,377521000,369544000,7977000,217096000,185513000,31583000,0,0,1015126000,26831000,2027464000,R,R,0.0,127,True,12.22,11.04,12.22,18.62,7.03,6.35,7.03,10.71,19.24,17.39,19.24,29.33
189585,03200701100000,Scottsdale,AZ,65000,2015,236839,2016,False,563681000,475653000,475653000,475653000,0,0,92651000,89504000,3147000,34102000,32551000,1551000,0,0,3822000,0,471831000,R,R,0.0,69,True,19.48,16.44,19.48,19.64,7.17,6.05,7.17,7.23,26.65,22.49,26.65,26.86
189636,05201000500000,Fresno,CA,27000,2015,520052,2016,False,721724000,571368000,571368000,571368000,0,0,146434000,141939000,4495000,57703000,51738000,5965000,0,0,23773000,6106000,541489000,R,R,0.0,91,True,25.63,20.29,25.63,27.04,10.1,8.0,10.1,10.66,35.73,28.28,35.73,37.7
189929,14204500100000,Aurora,IL,03012,2015,200661,2016,False,265073000,239433000,235945000,239433000,0,0,69767000,69138000,629000,42030000,42030000,0,0,0,895000,1144000,237394000,R,R,0.0,77,True,29.14,26.32,29.14,29.39,17.55,15.86,17.55,17.7,46.69,42.18,46.69,47.09
190480,23208100100000,Ann Arbor,MI,03000,2015,117070,2016,False,243251000,221615000,221615000,221615000,0,0,25697000,25697000,0,14957000,14949000,8000,0,0,673000,0,220942000,R,R,0.0,73,True,11.6,10.56,11.6,11.63,6.75,6.15,6.75,6.77,18.34,16.71,18.34,18.4
191166,36203100600000,Cincinnati,OH,15000,2015,298550,2016,False,952885000,816230000,816230000,811230000,5000000,0,142671000,141769000,902000,96224000,95772000,452000,0,0,1571000,19140000,790519000,R,R,0.0,85,True,17.48,14.97,17.59,18.05,11.79,10.1,11.86,12.17,29.27,25.07,29.45,30.22
191559,43203300100000,Chattanooga,TN,14000,2015,176588,2016,False,1077897000,382319000,381260000,373205000,9114000,2864000,58831000,57486000,1345000,36269000,36015000,254000,0,0,21076000,2772000,346493000,R,R,0.0,102,True,15.39,5.46,15.76,16.98,9.49,3.36,9.72,10.47,24.87,8.82,25.48,27.45
193114,05203000800000,Garden Grove,CA,29000,2015,175393,2016,False,217743000,176585000,175231000,176585000,0,0,52711000,51311000,1400000,16026000,16026000,0,737000,0,0,8274000,168311000,R,R,0.0,64,True,29.85,24.21,29.85,31.32,9.08,7.36,9.08,9.52,38.93,31.57,38.93,40.84
193115,05203601000000,San Bernardino,CA,65000,2015,216108,2016,False,253706000,220820000,217395000,220820000,0,0,52783000,51557000,1226000,28578000,28550000,28000,256000,978000,0,1898000,218922000,R,R,0.0,75,True,23.9,20.8,23.9,24.11,12.94,11.26,12.94,13.05,36.84,32.07,36.84,37.16
193205,14207201100000,Peoria,IL,59000,2015,115070,2016,False,183959000,183959000,183959000,183959000,0,0,37343000,36149000,1194000,28955000,28513000,442000,0,0,0,0,183959000,R,R,0.0,60,True,20.3,20.3,20.3,20.3,15.74,15.74,15.74,15.74,36.04,36.04,36.04,36.04
193551,24202702000000,Minneapolis,MN,43000,2015,410939,2016,False,1053915000,984167000,984167000,984167000,0,0,165993000,165993000,0,57802000,57802000,0,0,0,0,20098000,964069000,R,R,0.12,54,True,16.87,15.75,16.87,17.22,5.87,5.48,5.87,6.0,22.74,21.23,22.74,23.21
193734,31200900600000,Jersey,NJ,36000,2015,264290,2016,False,637244000,583253000,560662000,583253000,0,0,108245000,104787000,3458000,66544000,66337000,207000,0,0,0,8617000,574636000,R,R,0.0,82,True,18.56,16.99,18.56,18.84,11.41,10.44,11.41,11.58,29.97,27.43,29.97,30.42
193960,38200900100000,Bend,OR,05800,2015,87014,2016,False,156806000,113206000,113206000,113206000,0,0,17044000,16446000,598000,15563000,15365000,198000,0,0,569000,0,112637000,R,R,0.0,67,True,15.06,10.87,15.06,15.13,13.75,9.93,13.75,13.82,28.8,20.79,28.8,28.95
194178,47212700100000,Richmond,VA,67000,2015,220289,2016,False,1458258000,1184934000,1183966000,823713000,361221000,105592000,107923000,92631000,15292000,44720000,44720000,0,0,0,0,61118000,657003000,R,R,0.0,108,True,9.11,7.4,13.1,16.43,3.77,3.07,5.43,6.81,12.88,10.47,18.53,23.23
194463,02200200100000,Anchorage Municipality,AK,03000,2015,298695,2016,False,1746271000,1459971000,1459971000,676146000,783825000,0,104852000,97653000,7199000,93109000,93109000,0,0,0,17799000,10300000,648047000,R,R,0.0,94,True,7.18,6.0,15.51,16.18,6.38,5.33,13.77,14.37,13.56,11.34,29.28,30.55
194644,06200350100000,Aurora,CO,04000,2015,359407,2016,False,549808000,428658000,404297000,428658000,0,0,94296000,93874000,422000,41669000,41446000,223000,0,0,0,0,428658000,R,R,0.0,75,True,22.0,17.15,22.0,22.0,9.72,7.58,9.72,9.72,31.72,24.73,31.72,31.72
194647,06201600100000,Denver And County,CO,20000,2015,682545,2016,False,2805207000,2590207000,2590207000,2588001000,2206000,244270000,252132000,252132000,0,148992000,148992000,0,0,0,639437000,59621000,1644673000,R,R,0.08,82,True,9.73,8.99,9.74,15.33,5.75,5.31,5.76,9.06,15.49,14.3,15.5,24.39
194651,06200700400000,Longmont,CO,45970,2015,92088,2016,False,224538000,141004000,141004000,141004000,0,1734000,26204000,26110000,94000,11481000,11481000,0,0,0,546000,0,138724000,R,R,0.0,85,True,18.58,11.67,18.58,18.89,8.14,5.11,8.14,8.28,26.73,16.78,26.73,27.17
194654,06205100100000,Pueblo,CO,62000,2015,109412,2016,False,150699000,115615000,115615000,115615000,0,0,26800000,26481000,319000,15285000,15069000,216000,0,0,3715000,0,111900000,R,R,0.0,59,True,23.18,17.78,23.18,23.95,13.22,10.14,13.22,13.66,36.4,27.93,36.4,37.61
194678,11206000200000,Atlanta,GA,04000,2015,463878,2016,False,2002862000,1574638000,1574638000,1574638000,0,53820000,173296000,169129000,4167000,93755000,80214000,13541000,0,0,559817000,910000,960091000,R,R,0.0,106,True,11.01,8.65,11.01,18.05,5.95,4.68,5.95,9.77,16.96,13.33,16.96,27.82
194679,11212100100000,Augusta-Richmond County Consolidated Government,GA,04204,2015,197182,2016,False,394743000,317996000,312197000,317996000,0,21961000,44706000,39164000,5542000,25357000,24448000,909000,176000,0,14899000,19827000,261309000,R,R,0.0,105,True,14.06,11.33,14.06,17.11,7.97,6.42,7.97,9.7,22.03,17.75,22.03,26.81
194726,34206000100000,Charlotte,NC,12000,2015,827097,2016,False,1741416000,1296648000,1281898000,1296648000,0,347000,247336000,231680000,15656000,120325000,114000000,6325000,328000,0,234450000,0,1061851000,R,R,0.0,105,True,19.08,14.2,19.08,23.29,9.28,6.91,9.28,11.33,28.35,21.11,28.35,34.62
194732,34204100400000,High Point,NC,31400,2015,110268,2016,False,292309000,139368000,138709000,139368000,0,0,25128000,25048000,80000,20595000,19140000,1455000,0,0,0,100000,139268000,R,R,0.0,90,True,18.03,8.6,18.03,18.04,14.78,7.05,14.78,14.79,32.81,15.64,32.81,32.83
194744,34203400200000,Winston-Salem,NC,75000,2015,241218,2016,False,393265000,303693000,303007000,303693000,0,0,66210000,64683000,1527000,27167000,26633000,534000,0,0,0,121000,303572000,R,R,0.0,90,True,21.8,16.84,21.8,21.81,8.95,6.91,8.95,8.95,30.75,23.74,30.75,30.76
194757,10201301300000,Miami,FL,45000,2015,441003,2016,False,760169000,760149000,760149000,760149000,0,2409000,180006000,178668000,1338000,117101000,111844000,5257000,0,0,0,0,757740000,R,R,0.0,75,True,23.68,23.68,23.68,23.76,15.41,15.4,15.41,15.45,39.09,39.08,39.09,39.21
194789,23208200300000,Dearborn,MI,21000,2015,95171,2016,False,205277000,190395000,172454000,190395000,0,696000,34908000,34282000,626000,21299000,21021000,278000,0,0,0,0,189699000,R,R,0.0,65,True,18.33,17.01,18.33,18.4,11.19,10.38,11.19,11.23,29.52,27.38,29.52,29.63
194805,33203100100000,New York,NY,51000,2015,8550405,2016,False,106875991000,89961424000,83161623000,61420502000,28540922000,14374438000,5257687000,5003053000,254634000,1984125000,1860482000,123643000,0,0,3942000,1248728000,45793394000,R,R,0.0,170,True,5.84,4.92,8.56,11.48,2.21,1.86,3.23,4.33,8.05,6.78,11.79,15.81
194809,44218800100000,Amarillo,TX,03000,2015,198645,2016,False,348966000,252035000,252035000,252035000,0,9110000,40338000,39969000,369000,26322000,26314000,8000,0,0,9484000,7445000,225996000,I,I,1.0,86,True,16.0,11.56,16.0,17.85,10.44,7.54,10.44,11.65,26.45,19.1,26.45,29.5
194811,44222000100000,Arlington,TX,04000,2015,388125,2016,False,477267000,425701000,425701000,425701000,0,0,88639000,88639000,0,43226000,43226000,0,0,0,986000,5117000,419598000,R,R,0.0,66,True,20.82,18.57,20.82,21.12,10.15,9.06,10.15,10.3,30.98,27.63,30.98,31.43
194812,44212300100000,Beaumont,TX,07000,2015,118129,2016,False,210927000,171638000,171638000,171638000,0,0,42642000,38197000,4445000,25720000,25223000,497000,0,0,419000,9782000,161437000,I,I,1.0,82,True,24.84,20.22,24.84,26.41,14.99,12.19,14.99,15.93,39.83,32.41,39.83,42.35
194814,44202100200000,College Station,TX,15976,2015,107889,2016,False,190055000,89714000,89495000,89714000,0,0,15268000,15191000,77000,10372000,10372000,0,0,0,0,0,89714000,R,R,0.0,76,True,17.02,8.03,17.02,17.02,11.56,5.46,11.56,11.56,28.58,13.49,28.58,28.58
194820,44204300600000,Frisco,TX,27684,2015,154407,2016,False,277991000,238613000,226563000,226563000,12050000,0,23282000,23249000,33000,29000000,22744000,6256000,0,0,0,1782000,224781000,R,R,0.0,68,True,9.76,8.38,10.28,10.36,12.15,10.43,12.8,12.9,21.91,18.81,23.08,23.26
194823,44205701300000,Grand Prairie,TX,30464,2015,187809,2016,False,294440000,262876000,262876000,262876000,0,2659000,41300000,41068000,232000,26873000,25263000,1610000,0,0,3744000,1653000,254820000,I,I,1.0,72,True,15.71,14.03,15.71,16.21,10.22,9.13,10.22,10.55,25.93,23.15,25.93,26.75
194825,44216500100000,Midland,TX,48072,2015,132950,2016,False,175208000,140248000,140248000,140248000,0,0,24439000,24439000,0,22391000,22391000,0,0,0,10421000,4748000,125079000,I,I,1.0,60,True,17.43,13.95,17.43,19.54,15.97,12.78,15.97,17.9,33.39,26.73,33.39,37.44
201810,17208701400000,Wichita,KS,79000,2015,389965,2016,False,655179000,571625000,571625000,571625000,0,0,80154000,80154000,0,42653000,42653000,0,0,0,96701000,2126000,472798000,R,R,0.0,83,True,14.02,12.23,14.02,16.95,7.46,6.51,7.46,9.02,21.48,18.74,21.48,25.97
202617,44206100500000,Lewisville,TX,42508,2015,104039,2016,False,124693000,99919000,99919000,99919000,0,0,23548000,22268000,1280000,18495000,17758000,737000,0,0,0,0,99919000,I,I,1.0,58,True,23.57,18.88,23.57,23.57,18.51,14.83,18.51,18.51,42.08,33.72,42.08,42.08
202751,47213200100000,Virginia Beach,VA,82000,2015,452745,2016,False,1925355000,1860336000,1840852000,1028175000,832161000,105025000,94260000,94260000,0,53588000,49212000,4376000,0,0,0,61957000,861193000,R,R,0.0,89,True,5.07,4.9,9.17,10.95,2.88,2.78,5.21,6.22,7.95,7.68,14.38,17.17
204523,17204601200000,Olathe,KS,52575,2015,134305,2016,False,211256000,188162000,188162000,188162000,0,0,20931000,20931000,0,17496000,17496000,0,0,0,0,0,188162000,R,R,0.0,58,True,11.12,9.91,11.12,11.12,9.3,8.28,9.3,9.3,20.42,18.19,20.42,20.42
204933,31202000100000,Elizabeth,NJ,21000,2015,129007,2016,False,267163000,267163000,267163000,267163000,0,0,43103000,43019000,84000,26703000,26026000,677000,0,0,0,6915000,260248000,R,R,0.0,65,True,16.13,16.13,16.13,16.56,10.0,10.0,10.0,10.26,26.13,26.13,26.13,26.82
205133,36204800700000,Toledo,OH,77000,2015,279789,2016,False,533835000,446049000,415051000,446049000,0,12781000,78206000,78206000,0,72300000,71274000,1026000,0,0,0,3667000,429601000,R,R,0.0,63,True,17.53,14.65,17.53,18.2,16.21,13.54,16.21,16.83,33.74,28.19,33.74,35.03
205181,37201400400000,Norman,OK,52500,2015,120284,2016,False,537333000,522607000,522607000,522607000,0,343192000,27431000,25193000,2238000,19500000,18494000,1006000,0,0,0,0,179415000,R,R,0.0,73,True,5.25,5.11,5.25,15.29,3.73,3.63,3.73,10.87,8.98,8.73,8.98,26.16
205218,38202401100000,Salem,OR,64900,2015,164549,2016,False,289330000,256730000,248091000,256730000,0,1116000,35474000,35409000,65000,24909000,24788000,121000,0,0,1002000,1021000,253591000,I,I,1.0,65,True,13.82,12.26,13.82,13.99,9.7,8.61,9.7,9.82,23.52,20.87,23.52,23.81
205455,44210101700000,Pasadena,TX,56000,2015,153784,2016,False,149401000,128413000,128413000,128413000,0,0,41436000,40698000,738000,4332000,4332000,0,0,0,0,3830000,124583000,R,R,0.0,56,True,32.27,27.73,32.27,33.26,3.37,2.9,3.37,3.48,35.64,30.63,35.64,36.74
205460,44210800700000,Mcallen,TX,45384,2015,140269,2016,False,194018000,168686000,165411000,168686000,0,1490000,32722000,30341000,2381000,17505000,17275000,230000,0,0,13487000,2237000,151472000,R,R,0.0,83,True,19.4,16.87,19.4,21.6,10.38,9.02,10.38,11.56,29.78,25.89,29.78,33.16
205590,48201701300000,Kent,WA,35415,2015,126952,2016,False,171532000,151861000,151861000,151861000,0,4643000,27119000,27076000,43000,3196000,3196000,0,0,0,0,1269000,145949000,R,R,0.0,77,True,17.86,15.81,17.86,18.58,2.1,1.86,2.1,2.19,19.96,17.67,19.96,20.77
205599,48203201000000,Spokane,WA,67000,2015,213272,2016,False,445643000,414838000,409360000,414838000,0,13134000,54492000,54006000,486000,44235000,44110000,125000,0,0,548000,1812000,399344000,R,R,0.0,91,True,13.14,12.23,13.14,13.65,10.66,9.93,10.66,11.08,23.8,22.15,23.8,24.72
207520,01204500100000,Huntsville,AL,37000,2015,190582,2016,False,1023104000,467607000,301692000,343121000,124486000,825000,44237000,44237000,0,31547000,31547000,0,0,0,0,3139000,339157000,R,R,0.001,79,True,9.46,4.32,12.89,13.04,6.75,3.08,9.19,9.3,16.21,7.41,22.09,22.34
207535,03200700600000,Glendale,AZ,27820,2015,240126,2016,False,329695000,287823000,287818000,287823000,0,0,55132000,55127000,5000,45600000,45595000,5000,0,0,0,0,287823000,I,I,1.0,61,True,19.15,16.72,19.15,19.15,15.84,13.83,15.84,15.84,35.0,30.55,35.0,35.0
207536,03200701000000,Phoenix,AZ,55000,2015,1563025,2016,False,2797045000,2257501000,2246752000,2233186000,24315000,10749000,432806000,424170000,8636000,293230000,288589000,4641000,0,0,300788000,0,1921649000,R,R,0.0,130,True,19.17,15.47,19.38,22.52,12.99,10.48,13.13,15.26,32.16,25.96,32.51,37.78
207577,05200100500000,Fremont,CA,26000,2015,232206,2016,False,243416000,242147000,242147000,242147000,0,199000,63046000,52962000,10084000,36928000,32869000,4059000,0,0,0,13272000,228676000,R,R,0.0,65,True,26.04,25.9,26.04,27.57,15.25,15.17,15.25,16.15,41.29,41.07,41.29,43.72
207582,05201903500000,Pasadena,CA,56000,2015,142250,2016,False,689634000,400980000,400980000,400980000,0,0,69225000,69225000,0,36759000,36759000,0,0,0,0,18482000,382498000,R,R,0.0,80,True,17.26,10.04,17.26,18.1,9.17,5.33,9.17,9.61,26.43,15.37,26.43,27.71
207583,05201904600000,Torrance,CA,80000,2015,148475,2016,False,301378000,241878000,241878000,241878000,0,0,69652000,69262000,390000,28055000,26960000,1095000,0,0,3846000,11444000,226588000,R,R,0.0,76,True,28.8,23.11,28.8,30.74,11.6,9.31,11.6,12.38,40.4,32.42,40.4,43.12
207593,05203300600000,Corona,CA,16350,2015,164226,2016,False,327158000,225488000,223681000,225488000,0,0,41328000,40894000,434000,25031000,24495000,536000,0,0,246000,1481000,223761000,R,R,0.0,78,True,18.33,12.63,18.33,18.47,11.1,7.65,11.1,11.19,29.43,20.28,29.43,29.66
207594,05203301200000,Riverside,CA,62000,2015,322424,2016,False,811755000,460880000,450006000,460343000,537000,642000,96346000,93166000,3180000,50045000,48847000,1198000,500000,0,909000,5350000,453442000,R,R,0.0,91,True,20.9,11.87,20.93,21.25,10.86,6.17,10.87,11.04,31.76,18.03,31.8,32.28
207598,05203701000000,San Diego,CA,66000,2015,1394928,2016,False,2793569000,2320628000,2313151000,2320628000,0,0,316476000,313697000,2779000,178678000,173334000,5344000,0,0,3505000,31339000,2285784000,R,R,0.0,93,True,13.64,11.33,13.64,13.85,7.7,6.4,7.7,7.82,21.34,17.72,21.34,21.66
207610,05205000200000,Modesto,CA,48354,2015,211266,2016,False,348225000,270392000,270392000,270392000,0,0,54315000,53312000,1003000,27440000,27407000,33000,0,0,1462000,754000,268176000,R,R,0.043,70,True,20.09,15.6,20.09,20.25,10.15,7.88,10.15,10.23,30.24,23.48,30.24,30.49
207635,06206201100000,Greeley,CO,32155,2015,100883,2016,False,167184000,130884000,130707000,130884000,0,0,19943000,19883000,60000,12830000,12251000,579000,120000,0,0,246000,130638000,R,R,0.0,93,True,15.24,11.93,15.24,15.27,9.8,7.67,9.8,9.82,25.04,19.6,25.04,25.09
207684,10205200500000,Clearwater,FL,12875,2015,113003,2016,False,314685000,227979000,227929000,227979000,0,137000,38741000,38718000,23000,25712000,17653000,8059000,0,0,345000,6800000,220697000,R,R,0.0,91,True,16.99,12.31,16.99,17.55,11.28,8.17,11.28,11.65,28.27,20.48,28.27,29.2
207957,15204900800000,Indianapolis,IN,36003,2015,853173,2016,False,3613964000,2688746000,2681477000,2688746000,0,1232761000,190243000,186183000,4060000,147379000,142750000,4629000,0,0,111986000,103014000,1240985000,R,R,0.0,90,True,7.08,5.26,7.08,15.33,5.48,4.08,5.48,11.88,12.56,9.34,12.56,27.21
208056,16207700500000,Des Moines,IA,21000,2015,210330,2016,False,451085000,397303000,397303000,397303000,0,8855000,60126000,60126000,0,35656000,35656000,0,0,0,37598000,0,350850000,R,R,0.0,69,True,15.13,13.33,15.13,17.14,8.97,7.9,8.97,10.16,24.11,21.23,24.11,27.3
208060,16208200400000,Davenport,IA,19000,2015,102582,2016,False,172393000,166150000,166150000,166150000,0,0,24043000,24043000,0,18054000,18054000,0,0,0,306000,0,165844000,R,R,0.0,55,True,14.47,13.95,14.47,14.5,10.87,10.47,10.87,10.89,25.34,24.42,25.34,25.38
208111,17204650100000,Overland Park,KS,53775,2015,186515,2016,False,233485000,233485000,233485000,233485000,0,0,31112000,30592000,520000,19296000,19158000,138000,0,0,0,0,233485000,R,R,0.25,62,True,13.33,13.33,13.33,13.33,8.26,8.26,8.26,8.26,21.59,21.59,21.59,21.59
208246,21200400100000,Baltimore,MD,04000,2015,621849,2016,False,3624878000,3446693000,3428638000,2103102000,1343591000,0,477458000,477458000,0,193226000,193226000,0,0,0,0,127678000,1975424000,R,R,0.0,90,True,13.85,13.17,22.7,24.17,5.61,5.33,9.19,9.78,19.46,18.5,31.89,33.95
208698,28202800400000,Omaha,NE,37000,2015,443885,2016,False,578923000,578923000,565048000,578923000,0,5261000,97826000,93994000,3832000,74192000,72462000,1730000,4654000,0,0,0,573662000,R,R,0.0,78,True,16.9,16.9,16.9,17.05,12.82,12.82,12.82,12.93,29.71,29.71,29.71,29.99
208734,29200200300000,North Las Vegas,NV,51800,2015,234807,2016,False,258147000,226372000,226372000,226372000,0,17603000,77946000,74303000,3643000,30557000,30557000,0,0,0,0,0,208769000,I,I,1.0,53,True,34.43,30.19,34.43,37.34,13.5,11.84,13.5,14.64,47.93,42.03,47.93,51.97
208793,32200700200000,Las Cruces,NM,39380,2015,101643,2016,False,180856000,135974000,131526000,135974000,0,1350000,26614000,26061000,553000,12318000,12090000,228000,0,0,1632000,285000,132707000,I,I,1.0,91,True,19.57,14.72,19.57,20.05,9.06,6.81,9.06,9.28,28.63,21.53,28.63,29.34
208963,34203200100000,Durham,NC,19000,2015,257636,2016,False,324632000,283788000,283788000,283788000,0,206000,67395000,60747000,6648000,26382000,25635000,747000,0,0,13000,0,283569000,R,R,0.0,80,True,23.75,20.76,23.75,23.77,9.3,8.13,9.3,9.3,33.04,28.89,33.04,33.07
209050,36202500300000,Columbus,OH,18000,2015,850106,2016,False,1506701000,1260057000,1258348000,1258683000,1374000,1709000,258667000,256064000,2603000,176148000,175987000,161000,0,0,0,42678000,1214296000,R,R,0.0,90,True,20.53,17.17,20.55,21.3,13.98,11.69,13.99,14.51,34.51,28.86,34.55,35.81
209096,36207700100000,Akron,OH,01000,2015,197542,2016,False,532616000,488694000,488694000,488694000,0,8998000,59986000,59986000,0,48871000,48871000,0,0,0,915000,4825000,473956000,R,R,0.045,61,True,12.27,11.26,12.27,12.66,10.0,9.18,10.0,10.31,22.28,20.44,22.28,22.97
209170,37205501500000,Oklahoma,OK,55000,2015,631346,2016,False,1196925000,1022925000,1022925000,1015831000,7094000,7934000,176189000,158900000,17289000,145490000,141479000,4011000,0,0,88463000,5761000,913673000,A,A,0.0,107,True,17.22,14.72,17.34,19.28,14.22,12.16,14.32,15.92,31.45,26.88,31.67,35.21
209519,43207500200000,Murfreesboro,TN,51560,2015,126118,2016,False,410223000,226615000,226615000,150848000,75767000,85000,28353000,25889000,2464000,17788000,15938000,1850000,0,0,3180000,0,147583000,R,R,0.033,99,True,12.51,6.91,18.8,19.21,7.85,4.34,11.79,12.05,20.36,11.25,30.59,31.26
209555,44204300100000,Allen,TX,01924,2015,98143,2016,False,132571000,115356000,109110000,115356000,0,0,16634000,16514000,120000,12384000,12361000,23000,4000,0,0,141000,115215000,R,R,0.0,65,True,14.42,12.55,14.42,14.44,10.74,9.34,10.74,10.75,25.16,21.89,25.16,25.19
209562,44206100200000,Denton,TX,19972,2015,131044,2016,False,404535000,194708000,194708000,194708000,0,0,25228000,25228000,0,23253000,23253000,0,0,0,3649000,0,191059000,I,I,1.0,69,True,12.96,6.24,12.96,13.2,11.94,5.75,11.94,12.17,24.9,11.98,24.9,25.37
209712,47210100100000,Alexandria,VA,01000,2015,153511,2016,False,971764000,943039000,942717000,669500000,273539000,50878000,88512000,84695000,3817000,50107000,45594000,4513000,0,0,0,46443000,572179000,R,R,0.0,92,True,9.39,9.11,13.22,15.47,5.31,5.16,7.48,8.76,14.7,14.26,20.7,24.23
209777,50201301100000,Madison,WI,48000,2015,248951,2016,False,551277000,447276000,447276000,447276000,0,0,70360000,68684000,1676000,66120000,50089000,16031000,0,0,0,12227000,435049000,R,R,0.0,76,True,15.73,12.76,15.73,16.17,14.78,11.99,14.78,15.2,30.51,24.76,30.51,31.37
211212,05203700200000,Chula Vista,CA,13392,2015,265757,2016,False,277149000,272751000,269949000,272751000,0,0,54192000,52121000,2071000,27526000,25959000,1567000,0,0,0,2751000,270000000,R,R,0.0,67,True,19.87,19.55,19.87,20.07,10.09,9.93,10.09,10.19,29.96,29.49,29.96,30.27
211214,05203900400000,Stockton,CA,75000,2015,305658,2016,False,421992000,370066000,367068000,370066000,0,0,97887000,96756000,1131000,43444000,42958000,486000,0,0,0,1866000,368200000,R,R,0.0,77,True,26.45,23.2,26.45,26.59,11.74,10.29,11.74,11.8,38.19,33.49,38.19,38.38
211215,05204100500000,Daly,CA,17918,2015,106562,2016,False,129922000,106756000,103067000,106756000,0,0,28932000,28719000,213000,16168000,16168000,0,0,0,0,0,106756000,R,R,0.0,62,True,27.1,22.27,27.1,27.1,15.14,12.44,15.14,15.14,42.25,34.71,42.25,42.25
211253,38203400600000,Hillsboro,OR,34100,2015,102347,2016,False,168797000,149553000,125916000,149553000,0,0,27470000,27470000,0,18348000,18348000,0,0,0,0,0,149553000,R,R,0.0,55,True,18.37,16.27,18.37,18.37,12.27,10.87,12.27,12.27,30.64,27.14,30.64,30.64
211254,38202600300000,Portland,OR,59000,2015,632309,2016,False,1452769000,1279976000,1279976000,1279976000,0,0,194568000,181095000,13473000,112992000,102570000,10422000,0,0,0,0,1279976000,R,R,0.0,78,True,15.2,13.39,15.2,15.2,8.83,7.78,8.83,8.83,24.03,21.17,24.03,24.03
211654,06200100700000,Westminster,CO,83835,2015,113130,2016,False,211805000,180454000,178946000,180454000,0,0,21562000,21163000,399000,13578000,12553000,1025000,0,0,0,0,180454000,R,R,0.0,90,True,11.95,10.18,11.95,11.95,7.52,6.41,7.52,7.52,19.47,16.59,19.47,19.47
212090,37207201000000,Tulsa,OK,75000,2015,403505,2016,False,813128000,685550000,684945000,685550000,0,16964000,101847000,98229000,3618000,71594000,67698000,3896000,0,0,47157000,63749000,557680000,R,R,0.0,94,True,14.86,12.53,14.86,18.26,10.44,8.8,10.44,12.84,25.3,21.33,25.3,31.1
212231,44205701200000,Garland,TX,29000,2015,236897,2016,False,689219000,256580000,256580000,256580000,0,0,43892000,43871000,21000,28137000,28137000,0,0,0,0,4825000,251755000,R,R,0.0,66,True,17.11,6.37,17.11,17.43,10.97,4.08,10.97,11.18,28.07,10.45,28.07,28.61
212233,44215200200000,Lubbock,TX,45000,2015,249042,2016,False,567915000,288547000,288187000,288547000,0,0,50712000,50697000,15000,39836000,36323000,3513000,80000,0,7892000,4424000,276231000,R,R,0.0,92,True,17.57,8.93,17.57,18.36,13.81,7.01,13.81,14.42,31.38,15.94,31.38,32.78
212234,44205702100000,Richardson,TX,61796,2015,110815,2016,False,210281000,178639000,178639000,178639000,0,0,24738000,24429000,309000,21927000,17614000,4313000,0,0,0,1522000,177117000,I,I,1.0,59,True,13.85,11.76,13.85,13.97,12.27,10.43,12.27,12.38,26.12,22.19,26.12,26.35
213591,48203201300000,Spokane Valley,WA,67167,2015,94919,2016,False,47858000,47858000,25586000,47858000,0,62000,221000,207000,14000,0,0,0,0,0,0,21403000,26393000,R,-,0.006,61,True,0.46,0.46,0.46,0.84,0.0,0.0,0.0,0.0,0.46,0.46,0.46,0.84
216510,11206010100000,Sandy Springs,GA,68516,2015,105330,2016,False,105140000,105140000,104833000,105140000,0,614000,18804000,17531000,1273000,11055000,10062000,993000,0,0,0,0,104526000,R,R,0.0,48,True,17.88,17.88,17.88,17.99,10.51,10.51,10.51,10.58,28.4,28.4,28.4,28.57
225038,01203700300000,Birmingham,AL,07000,2015,212461,2016,False,655919000,476016000,476016000,476016000,0,1451000,90661000,90661000,0,57113000,57113000,0,0,0,0,0,474565000,R,R,0.0,59,True,19.05,13.82,19.05,19.1,12.0,8.71,12.0,12.03,31.04,22.53,31.04,31.14
225767,07200100600000,Stamford,CT,73000,2015,128874,2016,False,621266000,621210000,621144000,321998000,299212000,18090000,63795000,63795000,0,49277000,49277000,0,0,0,0,9417000,294491000,R,R,0.033,61,True,10.27,10.27,19.81,21.66,7.93,7.93,15.3,16.73,18.2,18.2,35.12,38.4
100091,012101100091,Montgomery,AL,51000,2017,200602,2017,True,311207000,219003000,217835000,219003000,0,0,45774000,45232000,542000,33118000,33118000,0,0,0,0,0,219003000,R,R,0.0,69,True,20.9,14.71,20.9,20.9,15.12,10.64,15.12,15.12,36.02,25.35,36.02,36.02
100249,042013100249,Chandler,AZ,12000,2017,260828,2017,True,568468000,465570000,465570000,465570000,0,0,114774000,113840000,934000,34593000,33187000,1406000,0,0,2549000,0,463021000,R,R,0.041,69,True,24.65,20.19,24.65,24.79,7.43,6.09,7.43,7.47,32.08,26.28,32.08,32.26
100250,042013100250,Mesa,AZ,46000,2017,471825,2017,True,926878000,713636000,713636000,713636000,0,0,179261000,171721000,7540000,84142000,77050000,7092000,0,0,3397000,0,710239000,R,R,0.0,84,True,25.12,19.34,25.12,25.24,11.79,9.08,11.79,11.85,36.91,28.42,36.91,37.09
100251,042013100251,Surprise,AZ,71510,2017,128422,2017,True,212894000,196018000,196018000,196018000,0,0,27556000,27491000,65000,20848000,20848000,0,0,0,0,0,196018000,I,I,1.0,53,True,14.06,12.94,14.06,14.06,10.64,9.79,10.64,10.64,24.69,22.74,24.69,24.69
100435,052119100435,Little Rock,AR,41000,2017,197992,2017,True,513341000,498751000,498751000,498751000,0,0,71608000,69506000,2102000,50120000,48136000,1984000,0,0,45480000,37819000,415452000,R,R,0.0,80,True,14.36,13.95,14.36,17.24,10.05,9.76,10.05,12.06,24.41,23.71,24.41,29.3
100689,062037100689,West Covina,CA,84200,2017,108484,2017,True,122875000,120425000,120425000,120425000,0,0,34537000,33914000,623000,19845000,19835000,10000,0,0,0,2133000,118292000,IR,IR,0.122,53,True,28.68,28.11,28.68,29.2,16.48,16.15,16.48,16.78,45.16,44.26,45.16,45.97
100709,062059100709,Huntington Beach,CA,36000,2017,201899,2017,True,307707000,265179000,265179000,265179000,0,0,83993000,83993000,0,40450000,39850000,600000,0,0,0,6132000,259047000,R,IR,0.108,61,True,31.67,27.3,31.67,32.42,15.25,13.15,15.25,15.61,46.93,40.44,46.93,48.04
100711,062059100711,Santa Ana,CA,69000,2017,335400,2017,True,530537000,455265000,405928000,455265000,0,0,132015000,126328000,5687000,38035000,37931000,104000,300000,37947000,0,5872000,449393000,IR,IR,0.159,85,True,29.0,24.88,29.0,29.38,8.35,7.17,8.35,8.46,37.35,32.05,37.35,37.84
100719,062065100719,Murrieta,CA,50076,2017,109830,2017,True,95943000,95943000,95943000,95943000,0,0,26632000,24845000,1787000,0,0,0,0,0,0,515000,95428000,IR,-,0.299,47,True,27.76,27.76,27.76,27.91,0.0,0.0,0.0,0.0,27.76,27.76,27.76,27.91
100745,062085100745,San Jose,CA,68000,2017,1026908,2017,True,1679585000,1624872000,1582180000,1624872000,0,447000,244718000,244718000,0,141999000,141999000,0,13057000,0,101208000,2626000,1520591000,R,R,0.0,80,True,15.06,14.57,15.06,16.09,8.74,8.45,8.74,9.34,23.8,23.02,23.8,25.43
100750,062095100750,Fairfield,CA,23182,2017,112970,2017,True,195544000,135167000,135167000,135167000,0,0,37031000,37031000,0,17655000,17655000,0,0,0,0,285000,134882000,R,R,0.205,59,True,27.4,18.94,27.4,27.45,13.06,9.03,13.06,13.09,40.46,27.97,40.46,40.54
101409,082069101409,Fort Collins,CO,27425,2017,161175,2017,True,494314000,271217000,247110000,271217000,0,4462000,43503000,43503000,0,3143000,3143000,0,0,22325000,178000,1919000,264658000,I,I,1.0,63,True,16.04,8.8,16.04,16.44,1.16,0.64,1.16,1.19,17.2,9.44,17.2,17.63
101696,092140101696,Waterbury,CT,80000,2017,108802,2017,True,588630000,576568000,575628000,260522000,316046000,3788000,33280000,33259000,21000,19287000,19234000,53000,0,0,0,4191000,252543000,R,R,0.0,57,True,5.77,5.65,12.77,13.18,3.35,3.28,7.4,7.64,9.12,8.93,20.18,20.82
101927,122011101927,Miramar,FL,45975,2017,137132,2017,True,218618000,195417000,195417000,195417000,0,0,55829000,38352000,17477000,16872000,16223000,649000,0,0,0,9212000,186205000,R,R,0.0,70,True,28.57,25.54,28.57,29.98,8.63,7.72,8.63,9.06,37.2,33.25,37.2,39.04
101942,122031101942,Jacksonville,FL,35000,2017,868031,2017,True,3467260000,1680409000,1680409000,1680409000,0,56405000,352863000,348261000,4602000,159560000,153441000,6119000,0,0,107228000,82540000,1434236000,R,R,0.0,96,True,21.0,10.18,21.0,24.6,9.5,4.6,9.5,11.13,30.49,14.78,30.49,35.73
102163,132021102163,Macon-Bibb County,GA,49008,2017,153515,2017,True,148326000,146582000,141056000,146582000,0,645000,26829000,25143000,1686000,28101000,27542000,559000,0,0,1958000,0,143979000,I,I,1.0,67,True,18.3,18.09,18.3,18.63,19.17,18.95,19.17,19.52,37.47,37.03,37.47,38.15
102716,172089102716,Elgin,IL,23074,2017,112111,2017,True,176683000,147748000,145065000,147748000,0,1017000,44381000,42980000,1401000,28189000,27933000,256000,0,0,0,0,146731000,R,R,0.0,49,True,30.04,25.12,30.04,30.25,19.08,15.95,19.08,19.21,49.12,41.07,49.12,49.46
102882,172201102882,Rockford,IL,65000,2017,148276,2017,True,274026000,240932000,240932000,240932000,0,16533000,51096000,51096000,0,45811000,45811000,0,0,0,0,0,224399000,R,R,0.0,50,True,21.21,18.65,21.21,22.77,19.01,16.72,19.01,20.41,40.22,35.36,40.22,43.19
103799,182057103799,Fishers,IN,23278,2017,88658,2017,True,61362000,61362000,61362000,61362000,0,0,13532000,13517000,15000,15567000,15559000,8000,0,0,0,0,61362000,R,R,0.0,47,True,22.05,22.05,22.05,22.05,25.37,25.37,25.37,25.37,47.42,47.42,47.42,47.42
106055,252009106055,Lynn,MA,37490,2017,92457,2017,True,387622000,385641000,379093000,154127000,231514000,1189000,20481000,20481000,0,18960000,18960000,0,0,0,0,183000,152755000,R,R,0.0,53,True,5.31,5.28,13.29,13.41,4.92,4.89,12.3,12.41,10.23,10.18,25.59,25.82
106061,252013106061,Springfield,MA,67000,2017,154341,2017,True,729896000,727032000,720728000,274031000,453001000,1934000,44208000,44204000,4000,20476000,20461000,15000,0,0,0,1357000,270740000,R,R,0.0,63,True,6.08,6.06,16.13,16.33,2.82,2.81,7.47,7.56,8.9,8.86,23.6,23.89
106079,252027106079,Worcester,MA,82000,2017,184815,2017,True,835536000,804928000,787394000,370039000,434889000,2299000,47715000,47600000,115000,39110000,39107000,3000,0,0,0,3209000,364531000,R,R,0.0,84,True,5.93,5.71,12.89,13.09,4.86,4.68,10.57,10.73,10.79,10.39,23.46,23.82
108127,302111108127,Billings,MT,06550,2017,110263,2017,True,176316000,147162000,147162000,147162000,0,0,22093000,21598000,495000,19048000,18392000,656000,0,0,13950000,821000,132391000,R,R,0.0,73,True,15.01,12.53,15.01,16.69,12.94,10.8,12.94,14.39,27.96,23.33,27.96,31.08
108910,322031108910,Sparks,NV,68400,2017,96094,2017,True,117532000,117532000,117532000,117532000,0,0,26223000,26174000,49000,15770000,15759000,11000,0,0,0,0,117532000,R,R,0.0,58,True,22.31,22.31,22.31,22.31,13.42,13.42,13.42,13.42,35.73,35.73,35.73,35.73
109593,362119109593,Yonkers,NY,84000,2017,201116,2017,True,1192250000,1167900000,1137252000,561701000,606199000,0,99419000,99419000,0,68117000,68094000,23000,0,0,0,916000,560785000,R,R,0.0,65,True,8.51,8.34,17.7,17.73,5.83,5.71,12.13,12.15,14.35,14.05,29.83,29.88
110047,372025110047,Concord,NC,14100,2017,87696,2017,True,227973000,110520000,110474000,110520000,0,0,22132000,20775000,1357000,18592000,16970000,1622000,0,0,13019000,46000,97455000,R,R,0.0,89,True,20.03,9.71,20.03,22.71,16.82,8.16,16.82,19.08,36.85,17.86,36.85,41.79
112811,442007112811,Providence,RI,59000,2017,179207,2017,True,866488000,779318000,778518000,348671000,430647000,0,94872000,94872000,0,72596000,72596000,0,0,0,0,0,348671000,R,R,0.0,54,True,12.17,10.95,27.21,27.21,9.32,8.38,20.82,20.82,21.49,19.33,48.03,48.03
113634,482215113634,Edinburg,TX,22660,2017,84497,2017,True,93016000,83133000,83133000,83133000,0,0,15416000,15152000,264000,3795000,3720000,75000,0,0,576000,1715000,80842000,I,I,1.0,66,True,18.54,16.57,18.54,19.07,4.56,4.08,4.56,4.69,23.11,20.65,23.11,23.76
114311,492035114311,West Jordan,UT,82950,2017,111946,2017,True,89430000,78482000,78482000,78482000,0,0,18006000,17785000,221000,10684000,10684000,0,0,0,0,0,78482000,R,R,0.0,48,True,22.94,20.13,22.94,22.94,13.61,11.95,13.61,13.61,36.56,32.08,36.56,36.56
114563,512550114563,Chesapeake,VA,16000,2017,235429,2017,True,1025800000,987210000,976331000,493166000,494044000,77640000,62922000,46061000,16861000,44656000,43313000,1343000,0,0,3037000,36906000,375583000,R,R,0.0,102,True,6.37,6.13,12.76,16.75,4.52,4.35,9.05,11.89,10.9,10.49,21.81,28.64
114624,532033114624,Bellevue,WA,05210,2017,139820,2017,True,448455000,393951000,390586000,393951000,0,3221000,38209000,37975000,234000,25571000,24279000,1292000,2351000,0,0,174000,390556000,R,R,0.0,72,True,9.7,8.52,9.7,9.78,6.49,5.7,6.49,6.55,16.19,14.22,16.19,16.33
122748,042013122748,Goodyear,AZ,28380,2017,79003,2017,True,153095000,136311000,136311000,136311000,0,0,21534000,21534000,0,16101000,16101000,0,0,0,0,0,136311000,I,I,1.0,46,True,15.8,14.07,15.8,15.8,11.81,10.52,11.81,11.81,27.61,24.58,27.61,27.61
123092,062001123092,Berkeley,CA,06000,2017,120972,2017,True,364788000,364788000,364788000,364788000,0,0,65719000,65719000,0,26538000,25837000,701000,0,0,5342000,39000000,320446000,R,IR,0.077,64,True,18.02,18.02,18.02,20.51,7.27,7.27,7.27,8.28,25.29,25.29,25.29,28.79
123093,062001123093,Oakland,CA,53000,2017,419267,2017,True,1349958000,1349958000,1349958000,1349958000,0,0,277341000,277341000,0,140710000,140710000,0,0,0,276491000,80727000,992740000,R,R,0.0,58,True,20.54,20.54,20.54,27.94,10.42,10.42,10.42,14.17,30.97,30.97,30.97,42.11
123096,062013123096,Antioch,CA,02252,2017,110542,2017,True,98836000,74944000,74944000,74944000,0,0,35549000,35537000,12000,0,0,0,0,0,0,1840000,73104000,IR,-,0.129,57,True,47.43,35.97,47.43,48.63,0.0,0.0,0.0,0.0,47.43,35.97,47.43,48.63
123110,062037123110,Inglewood,CA,36546,2017,111666,2017,True,262245000,230657000,214499000,230657000,0,0,61657000,61657000,0,12520000,12520000,0,0,12520000,0,1403000,229254000,R,R,0.04,65,True,26.73,23.51,26.73,26.89,5.43,4.77,5.43,5.46,32.16,28.29,32.16,32.36
123117,062037123117,Norwalk,CA,52526,2017,107140,2017,True,103240000,73615000,73615000,73615000,0,0,13904000,13904000,0,0,0,0,0,0,0,6426000,67189000,R,-,0.065,59,True,18.89,13.47,18.89,20.69,0.0,0.0,0.0,0.0,18.89,13.47,18.89,20.69
123137,062061123137,Roseville,CA,62938,2017,130269,2017,True,429748000,251158000,251158000,251158000,0,5489000,34653000,34653000,0,30068000,30068000,0,0,0,0,1133000,244536000,R,R,0.027,67,True,13.8,8.06,13.8,14.17,11.97,7.0,11.97,12.3,25.77,15.06,25.77,26.47
123146,062071123146,Rialto,CA,60466,2017,103132,2017,True,139227000,126400000,124522000,126400000,0,0,31957000,31957000,0,17232000,17232000,0,159000,0,11000,4100000,122289000,R,R,0.015,56,True,25.28,22.95,25.28,26.13,13.63,12.38,13.63,14.09,38.92,35.33,38.92,40.22
123157,062081123157,San Mateo,CA,68252,2017,103536,2017,True,177257000,177257000,177257000,177257000,0,0,38316000,38316000,0,24585000,24585000,0,0,0,0,509000,176748000,R,R,0.029,46,True,21.62,21.62,21.62,21.68,13.87,13.87,13.87,13.91,35.49,35.49,35.49,35.59
123165,062107123165,Visalia,CA,82954,2017,130104,2017,True,178439000,156934000,153741000,154037000,2897000,0,33210000,33210000,0,15818000,15818000,0,0,0,1641000,47000,152349000,R,R,0.007,62,True,21.16,18.61,21.56,21.8,10.08,8.86,10.27,10.38,31.24,27.48,31.83,32.18
124038,092120124038,Bridgeport,CT,08000,2017,147629,2017,True,829499000,829499000,818491000,466767000,362732000,1918000,110360000,110360000,0,64688000,64688000,0,0,0,1380000,2586000,460883000,R,R,0.0,56,True,13.3,13.3,23.64,23.95,7.8,7.8,13.86,14.04,21.1,21.1,37.5,37.98
124214,112001124214,Washington Dc,DC,50000,2017,672228,2017,True,14532554000,13546395000,13531971000,10639562000,2906833000,1303677000,639302000,619747000,19555000,281620000,260595000,21025000,0,0,0,659432000,8676453000,R,R,0.0,149,True,4.72,4.4,6.01,7.37,2.08,1.94,2.65,3.25,6.8,6.34,8.66,10.61
124438,132051124438,Savannah,GA,69000,2017,145674,2017,True,397175000,374534000,373522000,374534000,0,13891000,68079000,67159000,920000,32114000,32114000,0,0,0,34597000,0,326046000,R,R,0.0,74,True,18.18,17.14,18.18,20.88,8.57,8.09,8.57,9.85,26.75,25.23,26.75,30.73
126027,182057126027,Carmel,IN,10342,2017,88713,2017,True,184850000,173322000,173322000,173322000,0,0,19984000,18579000,1405000,22146000,22141000,5000,0,0,0,1351000,171971000,R,R,0.0,58,True,11.53,10.81,11.53,11.62,12.78,11.98,12.78,12.88,24.31,22.79,24.31,24.5
126081,182141126081,South Bend,IN,71000,2017,101516,2017,True,217205000,193229000,191220000,193229000,0,0,31970000,31939000,31000,23748000,23748000,0,0,0,0,7426000,185803000,R,R,0.0,63,True,16.55,14.72,16.55,17.21,12.29,10.93,12.29,12.78,28.84,25.65,28.84,29.99
127810,222017127810,Shreveport,LA,70000,2017,197204,2017,True,446631000,377509000,377509000,377509000,0,0,60775000,60771000,4000,56910000,56709000,201000,0,0,14335000,0,363174000,I,I,1.0,72,True,16.1,13.61,16.1,16.73,15.08,12.74,15.08,15.67,31.17,26.35,31.17,32.4
128108,252025128108,Boston,MA,07000,2017,667137,2017,True,3808782000,3563532000,3420017000,2163809000,1399723000,273646000,375505000,369817000,5688000,219945000,219083000,862000,0,0,0,18211000,1871952000,R,R,0.0,103,True,10.54,9.86,17.35,20.06,6.17,5.77,10.16,11.75,16.71,15.63,27.52,31.81
128309,262099128309,Warren,MI,84000,2017,135358,2017,True,190930000,169017000,169017000,169017000,0,0,42727000,41935000,792000,25260000,24434000,826000,0,0,0,474000,168543000,R,R,0.0,57,True,25.28,22.38,25.28,25.35,14.95,13.23,14.95,14.99,40.22,35.61,40.22,40.34
129295,282049129295,Jackson,MS,36000,2017,170674,2017,True,238386000,201265000,201259000,201265000,0,4058000,35665000,33412000,2253000,22070000,19315000,2755000,0,0,16838000,1051000,179318000,R,R,0.0,82,True,17.72,14.96,17.72,19.89,10.97,9.26,10.97,12.31,28.69,24.22,28.69,32.2
129515,292095129515,Independence,MO,35000,2017,117255,2017,True,316024000,162693000,162693000,162693000,0,0,35115000,35115000,0,18655000,18655000,0,0,0,0,2923000,159770000,I,I,1.0,57,True,21.58,11.11,21.58,21.98,11.47,5.9,11.47,11.68,33.05,17.01,33.05,33.65
130835,342013130835,Newark,NJ,51000,2017,281944,2017,True,942723000,902958000,854604000,902958000,0,2318000,143246000,143246000,0,70709000,70426000,283000,0,0,0,30053000,870587000,I,IR,0.876,71,True,15.86,15.19,15.86,16.45,7.83,7.5,7.83,8.12,23.69,22.7,23.69,24.58
131239,362055131239,Rochester,NY,63000,2017,209802,2017,True,1501636000,1473459000,1471118000,618611000,854848000,0,91684000,91671000,13000,51851000,51848000,3000,0,0,0,1877000,616734000,R,R,0.0,74,True,6.22,6.11,14.82,14.87,3.52,3.45,8.38,8.41,9.74,9.56,23.2,23.27
131717,372051131717,Fayetteville,NC,22920,2017,201963,2017,True,206904000,192221000,181911000,192221000,0,0,53474000,51712000,1762000,26835000,25806000,1029000,166000,0,7782000,0,184439000,R,R,0.064,83,True,27.82,25.84,27.82,28.99,13.96,12.97,13.96,14.55,41.78,38.81,41.78,43.54
131775,372183131775,Cary,NC,10740,2017,159769,2017,True,251764000,178343000,178343000,178343000,0,0,24770000,24110000,660000,24221000,21627000,2594000,0,0,0,0,178343000,R,R,0.0,63,True,13.89,9.84,13.89,13.89,13.58,9.62,13.58,13.58,27.47,19.46,27.47,27.47
133222,412039133222,Eugene,OR,23850,2017,163460,2017,True,558771000,284699000,283497000,284699000,0,0,53447000,53275000,172000,37245000,37153000,92000,0,0,16523000,0,268176000,R,R,0.0,84,True,18.77,9.57,18.77,19.93,13.08,6.67,13.08,13.89,31.86,16.23,31.86,33.82
133470,422003133470,Pittsburgh,PA,61000,2017,304391,2017,True,755575000,755575000,755575000,755575000,0,0,94372000,94372000,0,68804000,68804000,0,0,0,0,19162000,736413000,R,R,0.0,50,True,12.49,12.49,12.49,12.82,9.11,9.11,9.11,9.34,21.6,21.6,21.6,22.16
133602,422101133602,Philadelphia,PA,60000,2017,1567442,2017,True,7709266000,6803095000,6668922000,6668922000,134173000,526460000,673356000,670321000,3035000,255215000,255215000,0,0,0,415748000,1685635000,4041079000,R,R,0.051,81,True,9.9,8.73,10.1,16.66,3.75,3.31,3.83,6.32,13.65,12.04,13.92,22.98
135095,482039135095,Pearland,TX,56348,2017,108821,2017,True,145859000,132143000,126928000,132143000,0,1158000,21747000,20950000,797000,14673000,11323000,3350000,0,0,0,988000,129997000,I,I,1.0,82,True,16.46,14.91,16.46,16.73,11.1,10.06,11.1,11.29,27.56,24.97,27.56,28.02
135130,482113135130,Carrollton,TX,13024,2017,133168,2017,True,185909000,165401000,157404000,165401000,0,0,29370000,23670000,5700000,26248000,22537000,3711000,0,0,0,2689000,162712000,R,R,0.0,67,True,17.76,15.8,17.76,18.05,15.87,14.12,15.87,16.13,33.63,29.92,33.63,34.18
135132,482113135132,Mesquite,TX,47892,2017,144788,2017,True,206648000,170440000,170440000,170440000,0,481000,40185000,35411000,4774000,27905000,26865000,1040000,0,0,1749000,1413000,166797000,I,I,1.0,89,True,23.58,19.45,23.58,24.09,16.37,13.5,16.37,16.73,39.95,32.95,39.95,40.82
135275,482423135275,Tyler,TX,74144,2017,103700,2017,True,150538000,126197000,125359000,126197000,0,233000,27658000,27618000,40000,18104000,18104000,0,0,0,9813000,605000,115546000,I,I,1.0,72,True,21.92,18.37,21.92,23.94,14.35,12.03,14.35,15.67,36.26,30.4,36.26,39.61
135285,482451135285,San Angelo,TX,64472,2017,100450,2017,True,181022000,120326000,120326000,120326000,0,68000,20202000,20202000,0,17645000,17645000,0,0,0,5150000,3317000,111791000,I,I,1.0,64,True,16.79,11.16,16.79,18.07,14.66,9.75,14.66,15.78,31.45,20.91,31.45,33.86
135293,482479135293,Laredo,TX,41464,2017,255473,2017,True,435927000,370170000,369659000,370170000,0,5164000,67043000,66695000,348000,49320000,49276000,44000,0,0,19077000,17289000,328640000,I,I,1.0,92,True,18.11,15.38,18.11,20.4,13.32,11.31,13.32,15.01,31.44,26.69,31.44,35.41
135295,482485135295,Wichita Falls,TX,79000,2017,104710,2017,True,166972000,124092000,124092000,124092000,0,0,23609000,23579000,30000,15913000,15885000,28000,0,0,4560000,5180000,114352000,R,R,0.0,75,True,19.03,14.14,19.03,20.65,12.82,9.53,12.82,13.92,31.85,23.67,31.85,34.56
135298,482491135298,Round Rock,TX,63500,2017,115997,2017,True,179881000,150868000,149996000,150868000,0,0,24770000,23702000,1068000,15773000,14406000,1367000,196000,0,0,624000,150244000,I,I,1.0,70,True,16.42,13.77,16.42,16.49,10.45,8.77,10.45,10.5,26.87,22.54,26.87,26.98
136056,512650136056,Hampton,VA,35000,2017,136454,2017,True,595100000,589888000,587142000,360913000,228975000,46642000,30829000,29860000,969000,23500000,23150000,350000,0,0,0,7759000,306512000,R,R,0.0,99,True,5.23,5.18,8.54,10.06,3.98,3.95,6.51,7.67,9.21,9.13,15.05,17.72
136057,512710136057,Norfolk,VA,57000,2017,246393,2017,True,1363328000,1269815000,1260463000,850599000,419216000,87864000,73616000,73616000,0,44075000,42838000,1237000,0,0,47990000,44448000,670297000,S,RS,0.002,103,True,5.8,5.4,8.65,10.98,3.47,3.23,5.18,6.58,9.27,8.63,13.84,17.56
136110,532033136110,Renton,WA,57745,2017,100242,2017,True,211691000,198617000,193063000,198617000,0,34935000,25562000,25516000,46000,13272000,13260000,12000,0,394000,2009000,722000,160951000,R,R,0.0,81,True,12.87,12.08,12.87,15.88,6.68,6.27,6.68,8.25,19.55,18.34,19.55,24.13
136562,552079136562,Milwaukee,WI,53000,2017,600155,2017,True,1257599000,1202370000,1202370000,1202370000,0,6332000,315980000,303947000,12033000,110894000,108446000,2448000,0,0,3344000,22926000,1169768000,R,R,0.014,75,True,26.28,25.13,26.28,27.01,9.22,8.82,9.22,9.48,35.5,33.94,35.5,36.49
137232,062037137232,Santa Clarita,CA,69088,2017,182371,2017,True,215846000,187619000,187619000,187619000,0,0,23219000,23219000,0,1369000,1369000,0,0,0,0,0,187619000,R,R,0.204,51,True,12.38,10.76,12.38,12.38,0.73,0.63,0.73,0.73,13.11,11.39,13.11,13.11
137234,062065137234,Temecula,CA,78120,2017,112011,2017,True,180063000,180063000,147811000,180063000,0,0,26533000,26533000,0,5437000,5437000,0,0,0,0,463000,179600000,R,R,0.347,52,True,14.74,14.74,14.74,14.77,3.02,3.02,3.02,3.03,17.75,17.75,17.75,17.8
160683,012097160683,Mobile,AL,50000,2017,194288,2017,True,394890000,348201000,348201000,348201000,0,8322000,44607000,44607000,0,31066000,31066000,0,0,0,0,7181000,332698000,R,R,0.0,66,True,12.81,11.3,12.81,13.41,8.92,7.87,8.92,9.34,21.73,19.16,21.73,22.75
160723,012125160723,Tuscaloosa,AL,77256,2017,98332,2017,True,189009000,156986000,153056000,156986000,0,322000,30382000,29059000,1323000,21216000,21216000,0,0,0,388000,301000,155975000,R,R,0.0,64,True,19.35,16.07,19.35,19.48,13.51,11.22,13.51,13.6,32.87,27.3,32.87,33.08
160830,042013160830,Buckeye,AZ,07940,2017,62138,2017,True,98794000,72648000,72355000,72648000,0,293000,16363000,16268000,95000,12701000,12637000,64000,0,0,717000,0,71638000,R,R,0.0,61,True,22.52,16.56,22.52,22.84,17.48,12.86,17.48,17.73,40.01,29.42,40.01,40.57
160831,042013160831,Gilbert,AZ,27400,2017,247542,2017,True,284324000,249751000,241058000,249751000,0,1318000,54655000,54397000,258000,32384000,32048000,336000,144000,0,0,0,248433000,R,R,0.0,69,True,21.88,19.22,21.88,22.0,12.97,11.39,12.97,13.04,34.85,30.61,34.85,35.04
160832,042013160832,Peoria,AZ,54050,2017,171237,2017,True,296928000,253556000,253556000,253556000,0,0,47860000,47860000,0,30718000,30718000,0,0,0,0,0,253556000,I,I,1.0,51,True,18.88,16.12,18.88,18.88,12.11,10.35,12.11,12.11,30.99,26.46,30.99,30.99
160833,042013160833,Tempe,AZ,73000,2017,175826,2017,True,451478000,351571000,351571000,351571000,0,0,96375000,93130000,3245000,37171000,35259000,1912000,0,0,0,0,351571000,I,I,1.0,60,True,27.41,21.35,27.41,27.41,10.57,8.23,10.57,10.57,37.99,29.58,37.99,37.99
160840,042019160840,Tucson,AZ,77000,2017,531641,2017,True,954973000,693755000,693159000,693755000,0,0,206023000,204732000,1291000,97475000,97442000,33000,0,0,52169000,0,641586000,R,RS,0.039,74,True,29.7,21.57,29.7,32.11,14.05,10.21,14.05,15.19,43.75,31.78,43.75,47.3
161123,062001161123,Hayward,CA,33000,2017,158289,2017,True,274476000,226240000,225317000,226123000,117000,0,69158000,69158000,0,39010000,39010000,0,0,0,5996000,2109000,218018000,R,R,0.17,76,True,30.57,25.2,30.58,31.72,17.24,14.21,17.25,17.89,47.81,39.41,47.84,49.61
161130,062007161130,Chico,CA,13014,2017,90316,2017,True,105103000,102810000,102634000,102810000,0,0,23692000,23371000,321000,14796000,14257000,539000,0,0,1920000,1204000,99686000,IR,IR,0.348,62,True,23.04,22.54,23.04,23.77,14.39,14.08,14.39,14.84,37.44,36.62,37.44,38.61
161132,062013161132,Concord,CA,16000,2017,128667,2017,True,180664000,160428000,160428000,160428000,0,0,53491000,52855000,636000,0,0,0,0,0,0,0,160428000,IR,-,0.076,57,True,33.34,29.61,33.34,33.34,0.0,0.0,0.0,0.0,33.34,29.61,33.34,33.34
161135,062013161135,Richmond,CA,60620,2017,109708,2017,True,297578000,295470000,292719000,295470000,0,0,66526000,65828000,698000,29876000,29667000,209000,277000,0,6950000,616000,287904000,IR,IR,0.155,78,True,22.52,22.36,22.52,23.11,10.11,10.04,10.11,10.38,32.63,32.4,32.63,33.48
161169,062037161169,El Monte,CA,22230,2017,116732,2017,True,109212000,101648000,101648000,101648000,0,0,25454000,24827000,627000,12183000,12183000,0,0,0,0,374000,101274000,IR,R,0.163,59,True,25.04,23.31,25.04,25.13,11.99,11.16,11.99,12.03,37.03,34.46,37.03,37.16
161170,062037161170,Glendale,CA,30000,2017,201020,2017,True,542524000,322104000,322104000,322104000,0,0,76909000,76909000,0,51749000,51749000,0,0,0,0,5673000,316431000,R,R,0.008,56,True,23.88,14.18,23.88,24.31,16.07,9.54,16.07,16.35,39.94,23.71,39.94,40.66
161173,062037161173,Long Beach,CA,43000,2017,474140,2017,True,1856553000,1654919000,1654919000,1654919000,0,0,236742000,236659000,83000,70874000,70874000,0,0,0,547337000,72356000,1035226000,R,R,0.001,71,True,14.31,12.75,14.31,22.87,4.28,3.82,4.28,6.85,18.59,16.57,18.59,29.71
161174,062037161174,Los Angeles,CA,44000,2017,3971883,2017,True,14645557000,9400129000,9276986000,9395873000,4256000,0,1769616000,1753201000,16415000,486166000,486166000,0,0,0,2114417000,377963000,6903493000,RS,R,0.0,95,True,18.83,12.08,18.83,25.63,5.17,3.32,5.17,7.04,24.0,15.4,24.01,32.68
161179,062037161179,Pomona,CA,58072,2017,153266,2017,True,217684000,171857000,171857000,171857000,0,0,52840000,52017000,823000,24767000,24333000,434000,0,0,0,678000,171179000,IR,IR,0.195,70,True,30.75,24.27,30.75,30.87,14.41,11.38,14.41,14.47,45.16,35.65,45.16,45.34
161212,062053161212,Salinas,CA,64224,2017,157380,2017,True,160617000,160608000,158021000,160608000,0,0,48371000,47498000,873000,22916000,22294000,622000,0,0,1954000,1854000,156800000,IR,IR,0.17,72,True,30.12,30.12,30.12,30.85,14.27,14.27,14.27,14.61,44.39,44.38,44.39,45.46
161218,062059161218,Fullerton,CA,28000,2017,140847,2017,True,196886000,170108000,170108000,170108000,0,0,45440000,45440000,0,19948000,19545000,403000,0,0,1626000,1367000,167115000,R,IR,0.212,69,True,26.71,23.08,26.71,27.19,11.73,10.13,11.73,11.94,38.44,33.21,38.44,39.13
161220,062059161220,Orange,CA,53980,2017,140992,2017,True,197619000,170633000,170633000,170633000,0,0,42243000,42146000,97000,19029000,18657000,372000,0,0,0,12931000,157702000,IR,IR,0.249,55,True,24.76,21.38,24.76,26.79,11.15,9.63,11.15,12.07,35.91,31.01,35.91,38.85
161229,062059161229,Irvine,CA,36770,2017,256927,2017,True,308942000,302826000,294244000,302221000,605000,0,72128000,71564000,564000,0,0,0,722000,0,0,5669000,296552000,IR,-,0.219,61,True,23.82,23.35,23.87,24.32,0.0,0.0,0.0,0.0,23.82,23.35,23.87,24.32
161238,062065161238,Moreno Valley,CA,49270,2017,204198,2017,True,239076000,212156000,164027000,212156000,0,0,43569000,39028000,4541000,19744000,17707000,2037000,36986000,11143000,0,2488000,209668000,IR,IR,0.175,60,True,20.54,18.22,20.54,20.78,9.31,8.26,9.31,9.42,29.84,26.48,29.84,30.2
161241,062067161241,Sacramento,CA,64000,2017,490712,2017,True,883621000,781629000,781629000,781629000,0,5658000,159856000,159856000,0,113618000,113618000,0,0,0,740000,19768000,755463000,R,R,0.007,64,True,20.45,18.09,20.45,21.16,14.54,12.86,14.54,15.04,34.99,30.95,34.99,36.2
161245,062071161245,Fontana,CA,24680,2017,207460,2017,True,224336000,224330000,224330000,224330000,0,0,59589000,51931000,7658000,4221000,35000,4186000,0,0,0,4000,224326000,IR,IR,0.269,64,True,26.56,26.56,26.56,26.56,1.88,1.88,1.88,1.88,28.44,28.44,28.44,28.45
161246,062071161246,Ontario,CA,53896,2017,171214,2017,True,505142000,458719000,458719000,458719000,0,0,94251000,88423000,5828000,47410000,47084000,326000,0,0,0,1164000,457555000,IR,IR,0.23,61,True,20.55,18.66,20.55,20.6,10.34,9.39,10.34,10.36,30.88,28.04,30.88,30.96
161251,062071161251,Rancho Cucamonga,CA,59451,2017,175236,2017,True,200877000,193758000,193758000,193758000,0,0,36232000,36139000,93000,31890000,30340000,1550000,0,0,0,3664000,190094000,IR,IR,0.214,61,True,18.7,18.04,18.7,19.06,16.46,15.88,16.46,16.78,35.16,33.91,35.16,35.84
161252,062071161252,Victorville,CA,82590,2017,122225,2017,True,222390000,207140000,156808000,207140000,0,0,22925000,22925000,0,13468000,13468000,0,0,14274000,9902000,733000,196505000,R,R,0.068,65,True,11.07,10.31,11.07,11.67,6.5,6.06,6.5,6.85,17.57,16.36,17.57,18.52
161254,062073161254,Carlsbad,CA,11194,2017,113453,2017,True,267956000,213285000,213285000,213285000,0,0,34416000,33604000,812000,8602000,4864000,3738000,0,0,0,17597000,195688000,IR,IR,0.232,64,True,16.14,12.84,16.14,17.59,4.03,3.21,4.03,4.4,20.17,16.05,20.17,21.98
161255,062073161255,Escondido,CA,22804,2017,151451,2017,True,246475000,156640000,155524000,156640000,0,0,41703000,41703000,0,23168000,23168000,0,0,0,0,1520000,155120000,R,R,0.006,59,True,26.62,16.92,26.62,26.88,14.79,9.4,14.79,14.94,41.41,26.32,41.41,41.82
161256,062073161256,Oceanside,CA,53322,2017,175691,2017,True,332862000,277806000,277806000,277806000,0,0,59105000,57284000,1821000,28302000,28302000,0,0,0,6566000,466000,270774000,IR,R,0.187,73,True,21.28,17.76,21.28,21.83,10.19,8.5,10.19,10.45,31.46,26.26,31.46,32.28
161258,062075161258,San Francisco And County,CA,67000,2017,864816,2017,True,13143698000,10524172000,9978710000,10307432000,216740000,1987169000,524927000,524927000,0,302891000,299915000,2976000,0,0,1207925000,2084501000,5027837000,R,R,0.0,124,True,4.99,3.99,5.09,10.44,2.88,2.3,2.94,6.02,7.87,6.3,8.03,16.46
161273,062083161273,Santa Maria,CA,69196,2017,105093,2017,True,186829000,140065000,140065000,140065000,0,0,29367000,29158000,209000,18377000,12499000,5878000,0,0,0,0,140065000,IR,IR,0.192,66,True,20.97,15.72,20.97,20.97,13.12,9.84,13.12,13.12,34.09,25.55,34.09,34.09
161280,062085161280,Santa Clara,CA,69084,2017,126215,2017,True,804963000,407566000,407566000,407566000,0,0,62290000,62290000,0,42987000,42550000,437000,0,0,0,1038000,406528000,R,R,0.0,66,True,15.28,7.74,15.28,15.32,10.55,5.34,10.55,10.57,25.83,13.08,25.83,25.9
161281,062085161281,Sunnyvale,CA,77000,2017,151754,2017,True,331220000,290020000,290020000,290020000,0,0,56163000,56163000,0,33980000,33980000,0,0,0,0,1165000,288855000,R,R,0.0,55,True,19.37,16.96,19.37,19.44,11.72,10.26,11.72,11.76,31.08,27.22,31.08,31.21
161286,062095161286,Vacaville,CA,81554,2017,96803,2017,True,215807000,192100000,192100000,192100000,0,0,34656000,33928000,728000,13376000,12602000,774000,0,0,0,11765000,180335000,IR,IR,0.275,71,True,18.04,16.06,18.04,19.22,6.96,6.2,6.96,7.42,25.0,22.26,25.0,26.63
161287,062097161287,Santa Rosa,CA,70098,2017,174972,2017,True,385271000,302635000,286051000,302635000,0,0,51946000,51728000,218000,37671000,37456000,215000,977000,248000,0,3335000,299300000,IR,IR,0.169,84,True,17.16,13.48,17.16,17.36,12.45,9.78,12.45,12.59,29.61,23.26,29.61,29.94
161299,062111161299,Oxnard,CA,54652,2017,207254,2017,True,355643000,301227000,301227000,301227000,0,0,66573000,66573000,0,28103000,28103000,0,0,0,0,0,301227000,R,R,0.025,50,True,22.1,18.72,22.1,22.1,9.33,7.9,9.33,9.33,31.43,26.62,31.43,31.43
161300,062111161300,San Buenaventura,CA,65042,2017,109708,2017,True,201366000,171993000,162468000,171993000,0,0,36643000,36232000,411000,20124000,20042000,82000,110000,0,0,431000,171562000,IR,IR,0.128,70,True,21.3,18.2,21.3,21.36,11.7,9.99,11.7,11.73,33.01,28.19,33.01,33.09
161302,062111161302,Simi Valley,CA,72016,2017,126788,2017,True,157737000,107073000,106741000,107073000,0,0,32508000,32452000,56000,0,0,0,0,0,0,905000,106168000,IR,-,0.132,68,True,30.36,20.61,30.36,30.62,0.0,0.0,0.0,0.0,30.36,20.61,30.36,30.62
161328,082001161328,Thornton,CO,77290,2017,133451,2017,True,226227000,178257000,178257000,178257000,0,0,34178000,34178000,0,16462000,16462000,0,0,0,0,554000,177703000,I,I,1.0,60,True,19.17,15.11,19.17,19.23,9.23,7.28,9.23,9.26,28.41,22.38,28.41,28.5
161337,082013161337,Boulder,CO,07850,2017,107349,2017,True,362467000,346373000,346373000,346373000,0,0,39895000,39786000,109000,26540000,23726000,2814000,0,0,540000,0,345833000,I,I,1.0,75,True,11.52,11.01,11.52,11.54,7.66,7.32,7.66,7.67,19.18,18.33,19.18,19.21
161362,082041161362,Colorado Springs,CO,16000,2017,456568,2017,True,1196615000,480509000,480509000,480509000,0,0,92069000,92029000,40000,49268000,47171000,2097000,0,0,13636000,1423000,465450000,R,R,0.0,72,True,19.16,7.69,19.16,19.78,10.25,4.12,10.25,10.59,29.41,11.81,29.41,30.37
161374,082059161374,Arvada,CO,03455,2017,115368,2017,True,0,0,0,0,0,0,0,0,0,0,0,0,0,0,0,0,0,-,-,,8,False,,,,,,,,,,,,
161376,082059161376,Lakewood,CO,43000,2017,152597,2017,True,215245000,212488000,212488000,212488000,0,792000,59306000,57293000,2013000,0,0,0,0,0,0,1926000,209770000,I,-,1.0,78,True,27.91,27.55,27.91,28.27,0.0,0.0,0.0,0.0,27.91,27.55,27.91,28.27
161441,092110161441,Hartford,CT,37000,2017,124006,2017,True,801389000,801389000,757936000,352969000,448420000,13356000,55011000,53356000,1655000,16679000,16556000,123000,0,0,0,14368000,325245000,R,R,0.0,66,True,6.86,6.86,15.59,16.91,2.08,2.08,4.73,5.13,8.95,8.95,20.31,22.04
161447,092170161447,New Haven,CT,52000,2017,130322,2017,True,872165000,872165000,860218000,436717000,435448000,0,41376000,41376000,0,31813000,31813000,0,0,0,102000,3562000,433053000,R,R,0.0,58,True,4.74,4.74,9.47,9.55,3.65,3.65,7.28,7.35,8.39,8.39,16.76,16.9
161572,122001161572,Gainesville,FL,25175,2017,130128,2017,True,651279000,231209000,231209000,231209000,0,1108000,39979000,39319000,660000,18619000,17953000,666000,0,0,339000,390000,229372000,R,R,0.0,86,True,17.29,6.14,17.29,17.43,8.05,2.86,8.05,8.12,25.34,9.0,25.34,25.55
161585,122011161585,Fort Lauderdale,FL,24000,2017,178590,2017,True,529957000,400822000,400822000,400822000,0,0,99445000,97835000,1610000,68441000,67473000,968000,0,0,10533000,0,390289000,R,R,0.0,65,True,24.81,18.76,24.81,25.48,17.08,12.91,17.08,17.54,41.89,31.68,41.89,43.02
161586,122011161586,Hollywood,FL,32000,2017,149728,2017,True,318923000,282854000,282854000,282854000,0,0,69135000,68124000,1011000,49569000,47949000,1620000,0,0,0,0,282854000,R,R,0.094,64,True,24.44,21.68,24.44,24.44,17.52,15.54,17.52,17.52,41.97,37.22,41.97,41.97
161588,122011161588,Pompano Beach,FL,58050,2017,107762,2017,True,232629000,209614000,209614000,209614000,0,0,41546000,41359000,187000,24251000,21231000,3020000,0,0,2327000,14182000,193105000,R,R,0.0,71,True,19.82,17.86,19.82,21.51,11.57,10.42,11.57,12.56,31.39,28.28,31.39,34.07
161593,122011161593,Pembroke Pines,FL,55775,2017,166611,2017,True,375364000,368188000,368188000,368188000,0,1366000,56358000,52898000,3460000,45706000,45706000,0,0,0,0,0,366822000,R,R,0.0,65,True,15.31,15.01,15.31,15.36,12.41,12.18,12.41,12.46,27.72,27.19,27.72,27.82
161594,122011161594,Davie,FL,16475,2017,100882,2017,True,149644000,129306000,129306000,129306000,0,0,42384000,41816000,568000,18687000,17653000,1034000,0,0,0,22103000,107203000,R,R,0.0,56,True,32.78,28.32,32.78,39.54,14.45,12.49,14.45,17.43,47.23,40.81,47.23,56.97
161595,122011161595,Coral Springs,FL,14400,2017,129485,2017,True,168217000,155918000,155918000,155918000,0,0,49247000,47620000,1627000,22618000,20154000,2464000,0,0,0,9123000,146795000,R,R,0.0,64,True,31.59,29.28,31.59,33.55,14.51,13.45,14.51,15.41,46.09,42.72,46.09,48.96
161604,122086161604,Hialeah,FL,30000,2017,237069,2017,True,267620000,241211000,241211000,235819000,5392000,0,52241000,50777000,1464000,46263000,44503000,1760000,0,0,0,0,235819000,R,R,0.0,65,True,21.66,19.52,22.15,22.15,19.18,17.29,19.62,19.62,40.84,36.81,41.77,41.77
161633,122057161633,Tampa,FL,71000,2017,369075,2017,True,843401000,732511000,732511000,732511000,0,0,153120000,149846000,3274000,80324000,79739000,585000,0,0,0,0,732511000,R,R,0.0,78,True,20.9,18.16,20.9,20.9,10.97,9.52,10.97,10.97,31.87,27.68,31.87,31.87
161649,122071161649,Cape Coral,FL,10275,2017,175229,2017,True,353016000,286543000,286543000,263561000,22982000,0,34991000,34745000,246000,27105000,26574000,531000,0,0,0,0,263561000,R,R,0.0,60,True,12.21,9.91,13.28,13.28,9.46,7.68,10.28,10.28,21.67,17.59,23.56,23.56
161650,122073161650,Tallahassee,FL,70600,2017,189907,2017,True,697846000,350723000,350723000,350723000,0,0,60149000,58951000,1198000,40842000,40813000,29000,0,0,29632000,0,321091000,R,R,0.0,84,True,17.15,8.62,17.15,18.73,11.65,5.85,11.65,12.72,28.8,14.47,28.8,31.45
161665,122095161665,Orlando,FL,53000,2017,270934,2017,True,851175000,851175000,851175000,851175000,0,0,149108000,147856000,1252000,112272000,111865000,407000,0,0,0,0,851175000,R,R,0.0,63,True,17.52,17.52,17.52,17.52,13.19,13.19,13.19,13.19,30.71,30.71,30.71,30.71
161679,122099161679,West Palm Beach,FL,76600,2017,106779,2017,True,277315000,272171000,270906000,272171000,0,0,58322000,57922000,400000,33840000,32789000,1051000,0,0,0,1642000,270529000,R,R,0.0,70,True,21.43,21.03,21.43,21.56,12.43,12.2,12.43,12.51,33.86,33.23,33.86,34.07
161693,122103161693,St Petersburg,FL,63000,2017,257083,2017,True,521134000,438282000,438282000,438282000,0,0,102885000,99773000,3112000,32995000,32076000,919000,0,0,4884000,12373000,421025000,R,R,0.0,73,True,23.47,19.74,23.47,24.44,7.53,6.33,7.53,7.84,31.0,26.07,31.0,32.27
161710,122111161710,Port St Lucie,FL,58715,2017,179413,2017,True,299404000,253678000,253678000,253678000,0,0,40516000,39022000,1494000,0,0,0,0,0,0,1204000,252474000,R,-,0.0,59,True,15.97,13.53,15.97,16.05,0.0,0.0,0.0,0.0,15.97,13.53,15.97,16.05
161834,132059161834,Athens-Clarke County Unified Government,GA,03436,2017,123912,2017,True,239011000,216120000,215395000,216120000,0,19995000,31323000,27143000,4180000,13267000,13227000,40000,0,0,2191000,1860000,192074000,R,R,0.0,86,True,14.49,13.11,14.49,16.31,6.14,5.55,6.14,6.91,20.63,18.66,20.63,23.22
161944,132215161944,Columbus Consolidated Government,GA,19000,2017,200579,2017,True,357601000,325954000,310500000,325954000,0,42726000,50575000,46811000,3764000,29245000,26979000,2266000,0,0,6869000,17509000,258850000,R,R,0.0,93,True,15.52,14.14,15.52,19.54,8.97,8.18,8.97,11.3,24.49,22.32,24.49,30.84
162035,162001162035,Boise,ID,08830,2017,218281,2017,True,328500000,322360000,321275000,322360000,0,0,54346000,51726000,2620000,45037000,44872000,165000,0,0,33567000,906000,287887000,I,I,0.947,73,True,16.86,16.54,16.86,18.88,13.97,13.71,13.97,15.64,30.83,30.25,30.83,34.52
162037,162001162037,Meridian,ID,52120,2017,90739,2017,True,67665000,60066000,60066000,60066000,0,0,14436000,13890000,546000,10865000,9230000,1635000,0,0,0,0,60066000,R,R,0.011,42,True,24.03,21.33,24.03,24.03,18.09,16.06,18.09,18.09,42.12,37.39,42.12,42.12
162062,162027162062,Nampa,ID,56260,2017,89839,2017,True,93038000,87432000,87432000,87432000,0,0,19113000,19113000,0,12456000,12456000,0,0,0,392000,0,87040000,I,I,1.0,58,True,21.86,20.54,21.86,21.96,14.25,13.39,14.25,14.31,36.11,33.93,36.11,36.27
162236,172031162236,Chicago,IL,14000,2017,2720546,2017,True,8380104000,7769195000,7769195000,7769195000,0,304839000,1456302000,1437496000,18806000,585010000,581708000,3302000,0,0,1279601000,131616000,6053139000,R,R,0.0,106,True,18.74,17.38,18.74,24.06,7.53,6.98,7.53,9.66,26.27,24.36,26.27,33.72
162299,172043162299,Naperville,IL,51622,2017,147100,2017,True,400976000,235462000,235462000,235462000,0,0,37847000,37847000,0,26116000,26116000,0,0,0,0,0,235462000,R,R,0.018,39,True,16.07,9.44,16.07,16.07,11.09,6.51,11.09,11.09,27.16,15.95,27.16,27.16
162629,172167162629,Springfield,IL,72000,2017,116565,2017,True,476648000,204057000,202288000,204057000,0,0,45460000,44902000,558000,37587000,37307000,280000,0,0,0,0,204057000,R,R,0.0,62,True,22.28,9.54,22.28,22.28,18.42,7.89,18.42,18.42,40.7,17.42,40.7,40.7
162690,172197162690,Joliet,IL,38570,2017,147861,2017,True,223541000,191687000,191687000,191687000,0,0,42496000,39549000,2947000,26369000,26369000,0,0,0,0,0,191687000,R,R,0.0,55,True,22.17,19.01,22.17,22.17,13.76,11.8,13.76,13.76,35.93,30.81,35.93,35.93
163465,182003163465,Fort Wayne,IN,25000,2017,260326,2017,True,328864000,303242000,303242000,303242000,0,0,62498000,59620000,2878000,34639000,33393000,1246000,0,0,0,2534000,300708000,R,R,0.0,67,True,20.61,19.0,20.61,20.78,11.42,10.53,11.42,11.52,32.03,29.54,32.03,32.3
163681,182163163681,Evansville,IN,22000,2017,119943,2017,True,223821000,197065000,197013000,197065000,0,0,34969000,34946000,23000,28628000,28533000,95000,0,0,13050000,5785000,178230000,R,R,0.0,75,True,17.74,15.62,17.74,19.62,14.53,12.79,14.53,16.06,32.27,28.41,32.27,35.68
164470,192113164470,Cedar Rapids,IA,12000,2017,130405,2017,True,395751000,348285000,348285000,348285000,0,0,45215000,45138000,77000,20748000,20701000,47000,0,0,19322000,1198000,327765000,R,R,0.0,79,True,12.98,11.43,12.98,13.79,5.96,5.24,5.96,6.33,18.94,16.67,18.94,20.13
164885,202177164885,Topeka,KS,71000,2017,127265,2017,True,240871000,193793000,193793000,193793000,0,728000,37329000,36011000,1318000,26214000,26214000,0,0,0,0,0,193065000,RS,R,0.0,63,True,19.26,15.5,19.26,19.33,13.53,10.88,13.53,13.58,32.79,26.38,32.79,32.91
164911,202209164911,Wyandotte County And Kansas Unified Government,KS,36000,2017,151306,2017,True,762894000,397142000,397142000,397142000,0,29713000,51537000,48649000,2888000,54326000,52132000,2194000,0,0,0,21409000,346020000,S,S,0.0,89,True,12.98,6.76,12.98,14.89,13.68,7.12,13.68,15.7,26.66,13.88,26.66,30.59
165831,212067165831,Lexington-Fayette Urban County Government,KY,46027,2017,314488,2017,True,622879000,590992000,590992000,590992000,0,43490000,60094000,56274000,3820000,70351000,64790000,5561000,0,0,27518000,15853000,504131000,R,R,0.0,96,True,10.17,9.65,10.17,11.92,11.9,11.29,11.9,13.95,22.07,20.94,22.07,25.88
165866,212111165866,Louisville-Jefferson County Metro Government,KY,48003,2017,763623,2017,True,1514867000,1198998000,1130521000,1145651000,53347000,82828000,184257000,183162000,1095000,61045000,60055000,990000,0,0,51509000,97870000,913444000,R,R,0.0,108,True,15.37,12.16,16.08,20.17,5.09,4.03,5.33,6.68,20.46,16.19,21.41,26.85
166054,222033166054,Baton Rouge-East Baton Rouge-Parish,LA,05000,2017,228590,2017,True,1179174000,1144577000,1128403000,1132680000,11897000,162108000,155471000,153445000,2026000,89638000,87040000,2598000,0,0,23935000,49454000,897183000,I,I,1.0,93,True,13.58,13.18,13.73,17.33,7.83,7.6,7.91,9.99,21.41,20.79,21.64,27.32
166076,222055166076,Lafayette-Parish,LA,40735,2017,127657,2017,True,633821000,398785000,398643000,398785000,0,9352000,95013000,89026000,5987000,22867000,21792000,1075000,0,0,21906000,1790000,365737000,R,R,0.0,117,True,23.83,14.99,23.83,25.98,5.73,3.61,5.73,6.25,29.56,18.6,29.56,32.23
166094,222071166094,New Orleans,LA,55000,2017,389617,2017,True,1528144000,1443679000,1443679000,1443679000,0,122347000,86070000,83600000,2470000,105342000,105342000,0,0,0,233182000,0,1088150000,R,S,0.004,72,True,5.96,5.63,5.96,7.91,7.3,6.89,7.3,9.68,13.26,12.53,13.26,17.59
166441,252005166441,New Bedford,MA,45000,2017,94958,2017,True,435269000,424288000,417418000,140106000,284182000,3072000,24473000,24122000,351000,17001000,16540000,461000,0,0,809000,4131000,132094000,R,R,0.0,79,True,5.77,5.62,17.47,18.53,4.01,3.91,12.13,12.87,9.77,9.53,29.6,31.4
166448,252017166448,Cambridge,MA,11000,2017,110402,2017,True,1120673000,1095137000,1092875000,871435000,223702000,597463000,38482000,38082000,400000,29050000,28936000,114000,0,0,0,51000,273921000,R,R,0.0,80,True,3.51,3.43,4.42,14.05,2.65,2.59,3.33,10.61,6.17,6.03,7.75,24.65
166449,252017166449,Lowell,MA,37000,2017,110699,2017,True,408282000,398977000,389793000,165023000,233954000,828000,26277000,25876000,401000,17460000,17328000,132000,0,0,0,2349000,161846000,R,R,0.0,78,True,6.59,6.44,15.92,16.24,4.38,4.28,10.58,10.79,10.96,10.71,26.5,27.02
166454,252021166454,Quincy,MA,55745,2017,93618,2017,True,464428000,454989000,419570000,256126000,198863000,1535000,26866000,26855000,11000,23281000,23281000,0,0,0,0,4112000,250479000,R,R,0.0,67,True,5.9,5.78,10.49,10.73,5.12,5.01,9.09,9.29,11.02,10.8,19.58,20.02
166455,252023166455,Brockton,MA,09000,2017,95314,2017,True,392468000,373412000,365942000,116803000,256609000,1058000,22912000,22679000,233000,22555000,22386000,169000,0,0,0,993000,114752000,R,R,0.0,72,True,6.14,5.84,19.62,19.97,6.04,5.75,19.31,19.66,12.18,11.58,38.93,39.62
166690,262065166690,Lansing,MI,46000,2017,115056,2017,True,954544000,218274000,217088000,218274000,0,0,38837000,38837000,0,33303000,33303000,0,0,0,0,0,218274000,R,R,0.0,70,True,17.79,4.07,17.79,17.79,15.26,3.49,15.26,15.26,33.05,7.56,33.05,33.05
166734,262099166734,Sterling Heights,MI,76460,2017,132052,2017,True,173499000,143196000,137842000,143196000,0,0,30775000,30245000,530000,19460000,16870000,2590000,0,0,0,0,143196000,R,R,0.0,57,True,21.49,17.74,21.49,21.49,13.59,11.22,13.59,13.59,35.08,28.95,35.08,35.08
166817,262163166817,Detroit,MI,22000,2017,677116,2017,True,2382447000,2094405000,2094405000,2092193000,2212000,0,271710000,270939000,771000,103570000,103570000,0,0,0,2301000,29767000,2060125000,R,R,0.001,71,True,12.97,11.4,12.99,13.19,4.95,4.35,4.95,5.03,17.92,15.75,17.94,18.22
167574,272109167574,Rochester,MN,54880,2017,112225,2017,True,504941000,325968000,325968000,325968000,0,0,28341000,24335000,4006000,15609000,15411000,198000,0,0,6597000,324000,319047000,R,R,0.0,71,True,8.69,5.61,8.69,8.88,4.79,3.09,4.79,4.89,13.48,8.7,13.48,13.78
167605,272123167605,St Paul,MN,58000,2017,300851,2017,True,747519000,658230000,657299000,658230000,0,0,102829000,101983000,846000,63450000,56674000,6776000,0,0,20809000,8810000,628611000,R,R,0.0,72,True,15.62,13.76,15.62,16.36,9.64,8.49,9.64,10.09,25.26,22.24,25.26,26.45
168809,292019168809,Columbia,MO,15670,2017,119108,2017,True,329209000,156721000,156721000,156721000,0,0,17633000,16063000,1570000,13013000,12229000,784000,0,0,8412000,5388000,142921000,R,R,0.0,91,True,11.25,5.36,11.25,12.34,8.3,3.95,8.3,9.11,19.55,9.31,19.55,21.44
168896,292077168896,Springfield,MO,70000,2017,166810,2017,True,663158000,306781000,306781000,306781000,0,1512000,76297000,74557000,1740000,20811000,20811000,0,0,0,18908000,9117000,277244000,I,I,1.0,78,True,24.87,11.51,24.87,27.52,6.78,3.14,6.78,7.51,31.65,14.64,31.65,35.03
168926,292095168926,Lees Summit,MO,41348,2017,95094,2017,True,158437000,142992000,142992000,142992000,0,0,19912000,19912000,0,17597000,17597000,0,0,0,1964000,0,141028000,R,R,0.0,51,True,13.93,12.57,13.93,14.12,12.31,11.11,12.31,12.48,26.23,23.67,26.23,26.6
169159,292510169159,St Louis,MO,65000,2017,315685,2017,True,1084721000,991110000,991110000,991110000,0,54386000,190422000,190422000,0,73099000,73099000,0,0,0,111036000,57112000,768576000,R,R,0.0,64,True,19.21,17.55,19.21,24.78,7.38,6.74,7.38,9.51,26.59,24.29,26.59,34.29
169646,312109169646,Lincoln,NE,28000,2017,277348,2017,True,415212000,325295000,325295000,325295000,0,8279000,40927000,40041000,886000,26166000,25600000,566000,0,0,0,28979000,288037000,R,R,0.0,72,True,12.58,9.86,12.58,14.21,8.04,6.3,8.04,9.08,20.63,16.16,20.63,23.29
169987,322003169987,Henderson,NV,31900,2017,285667,2017,True,430050000,368062000,368062000,368062000,0,20650000,83818000,83083000,735000,47911000,47385000,526000,0,0,0,0,347412000,R,R,0.0,61,True,22.77,19.49,22.77,24.13,13.02,11.14,13.02,13.79,35.79,30.63,35.79,37.92
169988,322003169988,Las Vegas,NV,40000,2017,623747,2017,True,796547000,796547000,654083000,796547000,0,62604000,10840000,10840000,0,138896000,133771000,5125000,138652000,0,0,4251000,729692000,R,R,0.0,80,True,1.36,1.36,1.36,1.49,17.44,17.44,17.44,19.03,18.8,18.8,18.8,20.52
169993,322031169993,Reno,NV,60600,2017,241445,2017,True,324356000,324356000,324356000,324356000,0,0,63498000,63489000,9000,46894000,46561000,333000,0,0,0,0,324356000,R,R,0.0,62,True,19.58,19.58,19.58,19.58,14.46,14.46,14.46,14.46,34.03,34.03,34.03,34.03
170001,332011170001,Manchester,NH,45140,2017,110229,2017,True,400526000,378617000,375170000,202235000,176382000,935000,22989000,22989000,0,19705000,19705000,0,0,0,34341000,2685000,164274000,R,R,0.429,61,True,6.07,5.74,11.37,13.99,5.2,4.92,9.74,12.0,11.28,10.66,21.11,25.99
170378,352001170378,Albuquerque,NM,02000,2017,559121,2017,True,1057150000,838561000,838561000,838561000,0,28152000,169422000,169422000,0,78917000,78917000,0,0,0,35681000,31871000,742857000,R,R,0.0,83,True,20.2,16.03,20.2,22.81,9.41,7.47,9.41,10.62,29.61,23.49,29.61,33.43
170404,352043170404,Rio Rancho,NM,63460,2017,94171,2017,True,121965000,89594000,89591000,89594000,0,1423000,18694000,18231000,463000,11948000,11852000,96000,0,0,0,0,88171000,R,R,0.0,82,True,20.87,15.33,20.87,21.2,13.34,9.8,13.34,13.55,34.2,25.12,34.2,34.75
170440,362001170440,Albany,NY,01000,2017,98469,2017,True,188635000,188635000,188493000,188635000,0,0,60169000,54555000,5614000,34533000,33639000,894000,0,0,0,532000,188103000,R,R,0.0,61,True,31.9,31.9,31.9,31.99,18.31,18.31,18.31,18.36,50.2,50.2,50.2,50.35
170582,362067170582,Syracuse,NY,73000,2017,144142,2017,True,780193000,765214000,763654000,302824000,462390000,0,47790000,46539000,1251000,35938000,32552000,3386000,0,0,16880000,375000,285569000,R,R,0.0,75,True,6.25,6.13,15.78,16.74,4.7,4.61,11.87,12.58,10.94,10.73,27.65,29.32
171207,372081171207,Greensboro,NC,28000,2017,285342,2017,True,513041000,414982000,413382000,414982000,0,0,77197000,75434000,1763000,49901000,49103000,798000,0,0,0,323000,414659000,R,R,0.0,87,True,18.6,15.05,18.6,18.62,12.02,9.73,12.02,12.03,30.63,24.77,30.63,30.65
171248,372129171248,Wilmington,NC,74440,2017,115933,2017,True,153836000,150474000,150474000,150474000,0,0,32299000,30776000,1523000,18346000,17355000,991000,0,0,0,0,150474000,R,R,0.0,70,True,21.46,21.0,21.46,21.46,12.19,11.93,12.19,12.19,33.66,32.92,33.66,33.66
171305,372183171305,Raleigh,NC,55000,2017,451066,2017,True,822681000,552398000,552398000,552398000,0,1543000,103922000,101607000,2315000,63135000,57518000,5617000,0,0,0,0,550855000,R,R,0.0,77,True,18.81,12.63,18.81,18.87,11.43,7.67,11.43,11.46,30.24,20.31,30.24,30.33
171371,382017171371,Fargo,ND,25700,2017,118523,2017,True,416805000,398348000,398348000,398348000,0,1133000,18779000,18497000,282000,12355000,12051000,304000,0,0,20538000,10987000,365690000,RS,RS,0.0,78,True,4.71,4.51,4.71,5.14,3.1,2.96,3.1,3.38,7.82,7.47,7.82,8.51
172358,392035172358,Cleveland,OH,16000,2017,388072,2017,True,1440859000,1006599000,1006599000,1006599000,0,11775000,240557000,236031000,4526000,87428000,87428000,0,0,0,115307000,41511000,838006000,R,R,0.0,77,True,23.9,16.7,23.9,28.71,8.69,6.07,8.69,10.43,32.58,22.76,32.58,39.14
172543,392113172543,Dayton,OH,21000,2017,140599,2017,True,331287000,276945000,276081000,276945000,0,0,56274000,56274000,0,38765000,38765000,0,0,0,37806000,0,239139000,I,I,1.0,50,True,20.32,16.99,20.32,23.53,14.0,11.7,14.0,16.21,34.32,28.69,34.32,39.74
173685,412051173685,Gresham,OR,31250,2017,110553,2017,True,140146000,129823000,128523000,129823000,0,0,29723000,29526000,197000,20487000,20487000,0,3000,962000,0,0,129823000,R,R,0.0,81,True,22.9,21.21,22.9,22.9,15.78,14.62,15.78,15.78,38.68,35.83,38.68,38.68
174015,422077174015,Allentown,PA,02000,2017,120207,2017,True,182300000,182300000,182300000,182300000,0,0,33232000,33224000,8000,17324000,17324000,0,0,0,0,7233000,175067000,R,R,0.0,52,True,18.23,18.23,18.23,18.98,9.5,9.5,9.5,9.9,27.73,27.73,27.73,28.88
174889,452019174889,Charleston,SC,13330,2017,132609,2017,True,216601000,175772000,175772000,175772000,0,556000,49085000,49085000,0,28955000,28955000,0,0,0,0,0,175216000,I,I,1.0,48,True,27.93,22.66,27.93,28.01,16.47,13.37,16.47,16.53,44.4,36.03,44.4,44.54
174894,452019174894,North Charleston,SC,50875,2017,108304,2017,True,134566000,134566000,134566000,134566000,0,0,36382000,35055000,1327000,22219000,20142000,2077000,0,0,0,0,134566000,R,R,0.0,51,True,27.04,27.04,27.04,27.04,16.51,16.51,16.51,16.51,43.55,43.55,43.55,43.55
174959,452079174959,Columbia,SC,16000,2017,133803,2017,True,370475000,288017000,287267000,288017000,0,434000,43924000,40427000,3497000,24255000,22942000,1313000,0,0,0,1712000,285871000,R,R,0.0,84,True,15.25,11.86,15.25,15.36,8.42,6.55,8.42,8.48,23.67,18.4,23.67,23.85
175728,472037175728,Nashville-Davidson County Metropolitan Government,TN,52004,2017,678889,2017,True,4880072000,3406543000,3405657000,2289427000,1117116000,224936000,213301000,197445000,15856000,128227000,124437000,3790000,0,0,0,63013000,2001478000,R,R,0.0,124,True,6.26,4.37,9.32,10.66,3.76,2.63,5.6,6.41,10.03,7.0,14.92,17.06
175780,472093175780,Knoxville,TN,40000,2017,185291,2017,True,1061171000,290057000,290057000,290057000,0,0,33203000,32378000,825000,23548000,23540000,8000,0,0,0,0,290057000,I,I,1.0,80,True,11.45,3.13,11.45,11.45,8.12,2.22,8.12,8.12,19.57,5.35,19.57,19.57
175826,472157175826,Memphis,TN,48000,2017,655770,2017,True,2831515000,1060211000,1060211000,1060211000,0,0,253043000,248794000,4249000,171852000,168736000,3116000,0,0,1113000,181000,1058917000,R,R,0.0,104,True,23.87,8.94,23.87,23.9,16.21,6.07,16.21,16.23,40.08,15.01,40.08,40.13
175981,482027175981,Killeen,TX,39148,2017,140806,2017,True,170807000,154487000,141056000,154487000,0,0,29279000,29181000,98000,24687000,20367000,4320000,515000,59000,3992000,923000,149572000,R,R,0.065,85,True,18.95,17.14,18.95,19.58,15.98,14.45,15.98,16.51,34.93,31.59,34.93,36.08
175988,482029175988,San Antonio,TX,65000,2017,1469845,2017,True,5217001000,2286176000,2286176000,2221785000,64391000,128192000,389142000,386900000,2242000,269015000,262067000,6948000,0,0,147777000,28722000,1917094000,R,R,0.0,127,True,17.02,7.46,17.51,20.3,11.77,5.16,12.11,14.03,28.79,12.62,29.62,34.33
176022,482061176022,Brownsville,TX,10768,2017,183887,2017,True,321798000,175026000,175026000,175026000,0,1778000,36020000,36020000,0,21738000,21738000,0,0,0,4536000,1877000,166835000,I,I,1.0,63,True,20.58,11.19,20.58,21.59,12.42,6.76,12.42,13.03,33.0,17.95,33.0,34.62
176053,482085176053,Plano,TX,58016,2017,283558,2017,True,494830000,412270000,376363000,412270000,0,0,64948000,64870000,78000,52792000,52792000,0,0,0,0,3766000,408504000,I,I,1.0,68,True,15.75,13.13,15.75,15.9,12.81,10.67,12.81,12.92,28.56,23.79,28.56,28.82
176060,482091176060,New Braunfels,TX,50820,2017,70543,2017,True,214362000,98135000,98135000,98135000,0,0,15216000,14703000,513000,17463000,14518000,2945000,0,0,2269000,1598000,94268000,I,I,1.0,70,True,15.51,7.1,15.51,16.14,17.79,8.15,17.79,18.52,33.3,15.24,33.3,34.67
176079,482113176079,Irving,TX,37000,2017,236607,2017,True,393879000,345631000,345631000,345631000,0,0,57616000,57569000,47000,41141000,39331000,1810000,0,0,0,1820000,343811000,R,R,0.0,64,True,16.67,14.63,16.67,16.76,11.9,10.45,11.9,11.97,28.57,25.07,28.57,28.72
176107,482135176107,Odessa,TX,53388,2017,118968,2017,True,168209000,130607000,130205000,130607000,0,402000,23623000,22956000,667000,18402000,17949000,453000,0,0,0,4000,130201000,I,I,1.0,72,True,18.09,14.04,18.09,18.14,14.09,10.94,14.09,14.13,32.18,24.98,32.18,32.28
176118,482141176118,El Paso,TX,24000,2017,681124,2017,True,1067863000,744645000,744528000,744645000,0,389000,119609000,118690000,919000,97691000,96878000,813000,0,0,63565000,20182000,660509000,R,R,0.0,103,True,16.06,11.2,16.06,18.11,13.12,9.15,13.12,14.79,29.18,20.35,29.18,32.9
176132,482157176132,Sugar Land,TX,70808,2017,88156,2017,True,248684000,226061000,226003000,226061000,0,388000,21864000,20507000,1357000,14385000,14166000,219000,0,0,18229000,1104000,206340000,R,R,0.0,59,True,9.67,8.79,9.67,10.6,6.36,5.78,6.36,6.97,16.04,14.58,16.04,17.57
176142,482167176142,League,TX,41980,2017,98312,2017,True,114105000,88129000,88129000,88129000,0,0,18620000,18496000,124000,2385000,2385000,0,0,0,0,4176000,83953000,I,I,1.0,62,True,21.13,16.32,21.13,22.18,2.71,2.09,2.71,2.84,23.83,18.41,23.83,25.02
176169,482201176169,Houston,TX,35000,2017,2296224,2017,True,4366374000,3936556000,3901773000,3936556000,0,0,729848000,693221000,36627000,400048000,388516000,11532000,0,0,363125000,123738000,3449693000,R,R,0.0,106,True,18.54,16.72,18.54,21.16,10.16,9.16,10.16,11.6,28.7,25.88,28.7,32.75
176286,482309176286,Waco,TX,76000,2017,132356,2017,True,247183000,200859000,195713000,200859000,0,0,41704000,39320000,2384000,23365000,23331000,34000,0,0,3039000,9065000,188755000,I,I,1.0,82,True,20.76,16.87,20.76,22.09,11.63,9.45,11.63,12.38,32.4,26.32,32.4,34.47
176325,482355176325,Corpus Christi,TX,17000,2017,324074,2017,True,573788000,424769000,416815000,424769000,0,1610000,85271000,84159000,1112000,55235000,52520000,2715000,189000,0,13928000,7114000,402117000,R,R,0.0,122,True,20.07,14.86,20.07,21.21,13.0,9.63,13.0,13.74,33.08,24.49,33.08,34.94
176375,482439176375,Fort Worth,TX,27000,2017,833319,2017,True,1522556000,1302243000,1302243000,1302243000,0,0,284917000,276708000,8209000,135743000,135743000,0,0,0,24635000,12575000,1265033000,I,I,1.0,68,True,21.88,18.71,21.88,22.52,10.42,8.92,10.42,10.73,32.3,27.63,32.3,33.25
176386,482441176386,Abilene,TX,01000,2017,121721,2017,True,271093000,185494000,185494000,185494000,0,0,26405000,26405000,0,19939000,19939000,0,0,0,7469000,5478000,172547000,I,I,1.0,63,True,14.23,9.74,14.23,15.3,10.75,7.36,10.75,11.56,24.98,17.1,24.98,26.86
176394,482453176394,Austin,TX,05000,2017,931830,2017,True,3581723000,2008336000,2008336000,2008336000,0,0,347610000,346392000,1218000,167989000,167767000,222000,0,0,144256000,151137000,1712943000,I,I,1.0,90,True,17.31,9.71,17.31,20.29,8.36,4.69,8.36,9.81,25.67,14.4,25.67,30.1
176492,492035176492,Salt Lake,UT,67000,2017,192672,2017,True,883529000,816827000,816827000,816827000,0,0,75487000,75487000,0,36319000,36093000,226000,0,0,405311000,36800000,374716000,R,R,0.047,76,True,9.24,8.54,9.24,20.15,4.45,4.11,4.45,9.69,13.69,12.65,13.69,29.84
176495,492035176495,West Valley,UT,83470,2017,136208,2017,True,118677000,118677000,118590000,118677000,0,1639000,24167000,24152000,15000,9215000,9171000,44000,0,0,0,3419000,113619000,R,R,0.013,59,True,20.36,20.36,20.36,21.27,7.76,7.76,7.76,8.11,28.13,28.13,28.13,29.38
176517,492049176517,Provo,UT,62470,2017,115264,2017,True,166764000,94368000,94368000,94368000,0,0,15070000,14965000,105000,9514000,9514000,0,0,0,1444000,0,92924000,R,R,0.0,67,True,15.97,9.04,15.97,16.22,10.08,5.71,10.08,10.24,26.05,14.74,26.05,26.46
176784,512700176784,Newport News,VA,56000,2017,182385,2017,True,1017413000,935428000,926859000,540102000,395326000,68297000,50974000,50974000,0,34973000,34973000,0,0,0,17865000,67936000,386004000,R,R,0.0,88,True,5.45,5.01,9.44,13.21,3.74,3.44,6.48,9.06,9.19,8.45,15.91,22.27
176816,532011176816,Vancouver,WA,74060,2017,172860,2017,True,270684000,242216000,225876000,242216000,0,5240000,36292000,35936000,356000,38608000,35317000,3291000,4030000,812000,602000,1060000,235314000,R,R,0.0,86,True,14.98,13.41,14.98,15.42,15.94,14.26,15.94,16.41,30.92,27.67,30.92,31.83
176868,532053176868,Tacoma,WA,70000,2017,207948,2017,True,1063338000,560131000,560077000,560131000,0,0,85595000,85496000,99000,72028000,70265000,1763000,0,0,0,4359000,555772000,R,R,0.0,81,True,15.28,8.05,15.28,15.4,12.86,6.77,12.86,12.96,28.14,14.82,28.14,28.36
176873,532061176873,Everett,WA,22640,2017,108010,2017,True,263126000,196927000,188635000,196927000,0,4143000,33079000,31690000,1389000,23914000,22985000,929000,0,0,0,9075000,183709000,R,R,0.0,79,True,16.8,12.57,16.8,18.01,12.14,9.09,12.14,13.02,28.94,21.66,28.94,31.02
177090,552009177090,Green Bay,WI,31000,2017,105207,2017,True,170014000,134455000,134455000,134455000,0,0,26764000,25858000,906000,22999000,22240000,759000,0,0,0,283000,134172000,R,R,0.0,74,True,19.91,15.74,19.91,19.95,17.11,13.53,17.11,17.14,37.01,29.27,37.01,37.09
183701,152003183701,Honolulu And County,HI,17000,2017,998714,2017,True,3046496000,1934110000,1934110000,1934110000,0,21317000,287476000,276377000,11099000,129103000,122415000,6688000,0,0,0,42727000,1870066000,R,R,0.0,102,True,14.86,9.44,14.86,15.37,6.68,4.24,6.68,6.9,21.54,13.67,21.54,22.28
183825,062029183825,Bakersfield,CA,03526,2017,373640,2017,True,500804000,469470000,469470000,469470000,0,0,83192000,83017000,175000,39568000,37630000,1938000,0,0,811000,2013000,466646000,IR,IR,0.381,71,True,17.72,16.61,17.72,17.83,8.43,7.9,8.43,8.48,26.15,24.51,26.15,26.31
183829,062037183829,Downey,CA,19766,2017,114219,2017,True,121244000,107574000,107574000,107574000,0,0,35907000,35771000,136000,17950000,17870000,80000,0,0,0,5121000,102453000,IR,IR,0.086,59,True,33.38,29.62,33.38,35.05,16.69,14.8,16.69,17.52,50.07,44.42,50.07,52.57
183832,062037183832,Palmdale,CA,55156,2017,158351,2017,True,109595000,101342000,101342000,101342000,0,0,23961000,23961000,0,43000,43000,0,0,0,0,725000,100617000,R,R,0.155,56,True,23.64,21.86,23.64,23.81,0.04,0.04,0.04,0.04,23.69,21.9,23.69,23.86
183836,062059183836,Anaheim,CA,02000,2017,350742,2017,True,1117310000,705413000,705413000,705413000,0,0,147851000,147851000,0,68924000,68924000,0,0,0,0,2865000,702548000,R,R,0.0,60,True,20.96,13.23,20.96,21.04,9.77,6.17,9.77,9.81,30.73,19.4,30.73,30.86
183842,062073183842,El Cajon,CA,21712,2017,103679,2017,True,110706000,110706000,110706000,110706000,0,0,34389000,30334000,4055000,11796000,11615000,181000,0,0,0,3074000,107632000,IR,IR,0.185,48,True,31.06,31.06,31.06,31.95,10.66,10.66,10.66,10.96,41.72,41.72,41.72,42.91
184046,342031184046,Paterson,NJ,57000,2017,147754,2017,True,330251000,330251000,319055000,330251000,0,0,52491000,52491000,0,39810000,38229000,1581000,0,0,0,12294000,317957000,I,I,1.0,59,True,15.89,15.89,15.89,16.51,12.05,12.05,12.05,12.52,27.95,27.95,27.95,29.03
184196,462099184196,Sioux Falls,SD,59020,2017,171544,2017,True,311774000,270488000,270488000,270488000,0,0,29637000,28724000,913000,22031000,21463000,568000,0,0,0,10924000,259564000,R,R,0.0,78,True,10.96,9.51,10.96,11.42,8.14,7.07,8.14,8.49,19.1,16.57,19.1,19.91
184202,492053184202,St George,UT,65330,2017,80202,2017,True,153176000,86427000,86427000,86427000,0,0,13236000,12938000,298000,6732000,4181000,2551000,0,0,1953000,0,84474000,R,R,0.0,86,True,15.31,8.64,15.31,15.67,7.79,4.39,7.79,7.97,23.1,13.04,23.1,23.64
184222,402143184222,Broken Arrow,OK,09050,2017,106563,2017,True,141083000,122902000,122902000,122902000,0,0,23688000,22485000,1203000,23209000,21908000,1301000,0,0,0,0,122902000,R,R,0.05,62,True,19.27,16.79,19.27,19.27,18.88,16.45,18.88,18.88,38.16,33.24,38.16,38.16
184255,532033184255,Seattle,WA,63000,2017,684451,2017,True,3932894000,2587685000,2404617000,2540016000,47669000,93341000,214965000,214845000,120000,191403000,177150000,14253000,699000,0,0,12809000,2433866000,R,R,0.0,108,True,8.31,5.47,8.46,8.83,7.4,4.87,7.54,7.86,15.7,10.33,16.0,16.7
184266,472125184266,Clarksville,TN,15160,2017,149176,2017,True,349310000,123257000,123257000,123257000,0,0,27577000,26686000,891000,17023000,16881000,142000,0,0,0,0,123257000,R,R,0.0,74,True,22.37,7.89,22.37,22.37,13.81,4.87,13.81,13.81,36.18,12.77,36.18,36.18
184443,062037184443,Burbank,CA,08954,2017,105319,2017,True,511186000,225688000,224109000,225262000,426000,0,52598000,52598000,0,25976000,25976000,0,0,0,0,13237000,212025000,R,R,0.01,68,True,23.31,10.29,23.35,24.81,11.51,5.08,11.53,12.25,34.82,15.37,34.88,37.06
184451,062037184451,Lancaster,CA,40130,2017,161103,2017,True,187814000,149460000,149460000,149460000,0,0,29684000,29684000,0,0,0,0,0,0,0,529000,148931000,R,-,0.178,55,True,19.86,15.8,19.86,19.93,0.0,0.0,0.0,0.0,19.86,15.8,19.86,19.93
184735,122009184735,Palm Bay,FL,54000,2017,107888,2017,True,94211000,85480000,85480000,85480000,0,0,18228000,17428000,800000,13272000,13022000,250000,0,0,0,0,85480000,R,R,0.0,57,True,21.32,19.35,21.32,21.32,15.53,14.09,15.53,15.53,36.85,33.44,36.85,36.85
184767,122105184767,Lakeland,FL,38250,2017,104401,2017,True,558742000,230608000,230597000,230608000,0,0,38626000,38518000,108000,17425000,17104000,321000,0,0,8033000,0,222575000,R,R,0.0,74,True,16.75,6.91,16.75,17.35,7.56,3.12,7.56,7.83,24.31,10.03,24.31,25.18
185901,262081185901,Grand Rapids,MI,34000,2017,195097,2017,True,413938000,367547000,364690000,367547000,0,1253000,51814000,51814000,0,28775000,28775000,0,0,0,0,578000,365716000,R,R,0.0,66,True,14.1,12.52,14.1,14.17,7.83,6.95,7.83,7.87,21.93,19.47,21.93,22.04
186236,292095186236,Kansas,MO,38000,2017,475378,2017,True,1767806000,1607116000,1606957000,1607116000,0,11749000,224426000,224426000,0,154793000,154547000,246000,0,0,135206000,54541000,1405620000,R,R,0.0,83,True,13.96,12.7,13.96,15.97,9.63,8.76,9.63,11.01,23.6,21.45,23.6,26.98
186634,362029186634,Buffalo,NY,11000,2017,258071,2017,True,1557139000,1546148000,1544360000,633494000,912654000,0,92882000,90014000,2868000,66236000,62233000,4003000,0,0,0,995000,632499000,R,R,0.0,77,True,6.01,5.96,14.66,14.68,4.28,4.25,10.46,10.47,10.29,10.22,25.12,25.16
187646,482085187646,Mckinney,TX,45744,2017,162898,2017,True,289581000,220194000,220194000,220194000,0,0,27271000,27038000,233000,25608000,23889000,1719000,0,0,13815000,1673000,204706000,R,R,0.051,75,True,12.38,9.42,12.38,13.32,11.63,8.84,11.63,12.51,24.01,18.26,24.01,25.83
187649,482113187649,Dallas,TX,19000,2017,1300092,2017,True,3691051000,3235586000,3224371000,3235586000,0,18125000,410867000,405045000,5822000,216085000,198866000,17219000,55000,0,1026003000,30675000,2160783000,R,R,0.0,117,True,12.7,11.13,12.7,19.01,6.68,5.85,6.68,10.0,19.38,16.99,19.38,29.02
187683,482339187683,Conroe,TX,16432,2017,68602,2017,True,147344000,118866000,118072000,118866000,0,0,30981000,18649000,12332000,15472000,13501000,1971000,0,0,0,0,118866000,R,R,0.0,76,True,26.06,21.03,26.06,26.06,13.02,10.5,13.02,13.02,39.08,31.53,39.08,39.08
189585,042013189585,Scottsdale,AZ,65000,2017,236839,2017,True,588957000,496593000,496593000,496593000,0,0,97920000,96035000,1885000,43868000,38749000,5119000,0,0,6128000,0,490465000,R,R,0.0,73,True,19.72,16.63,19.72,19.96,8.83,7.45,8.83,8.94,28.55,24.07,28.55,28.91
189636,062019189636,Fresno,CA,27000,2017,520052,2017,True,728183000,445494000,441781000,445494000,0,0,137802000,137802000,0,53439000,53439000,0,0,0,16051000,6421000,423022000,R,R,0.0,67,True,30.93,18.92,30.93,32.58,12.0,7.34,12.0,12.63,42.93,26.26,42.93,45.21
189929,172089189929,Aurora,IL,03012,2017,200661,2017,True,264336000,236732000,232574000,236732000,0,11424000,76957000,76957000,0,46543000,46211000,332000,0,0,760000,0,224548000,R,R,0.0,65,True,32.51,29.11,32.51,34.27,19.66,17.61,19.66,20.73,52.17,46.72,52.17,55.0
190480,262161190480,Ann Arbor,MI,03000,2017,117070,2017,True,254378000,233343000,233343000,233343000,0,0,27267000,27267000,0,16415000,16392000,23000,0,0,697000,0,232646000,R,R,0.0,58,True,11.69,10.72,11.69,11.72,7.03,6.45,7.03,7.06,18.72,17.17,18.72,18.78
191166,392061191166,Cincinnati,OH,15000,2017,298550,2017,True,1018084000,878368000,873368000,873368000,5000000,0,157515000,156613000,902000,106252000,105800000,452000,0,0,1736000,21123000,850509000,I,I,1.0,72,True,17.93,15.47,18.04,18.52,12.1,10.44,12.17,12.49,30.03,25.91,30.2,31.01
191559,472065191559,Chattanooga,TN,14000,2017,176588,2017,True,1104822000,390952000,389808000,379516000,11436000,2113000,70754000,64931000,5823000,40810000,38690000,2120000,0,0,21954000,2646000,352803000,R,R,0.0,83,True,18.1,6.4,18.64,20.05,10.44,3.69,10.75,11.57,28.54,10.1,29.4,31.62
193114,062059193114,Garden Grove,CA,29000,2017,175393,2017,True,285269000,238319000,235939000,238319000,0,0,54609000,53092000,1517000,21469000,20396000,1073000,499000,618000,0,5458000,232861000,IR,IR,0.295,62,True,22.91,19.14,22.91,23.45,9.01,7.53,9.01,9.22,31.92,26.67,31.92,32.67
193115,062071193115,San Bernardino,CA,65000,2017,216108,2017,True,228742000,195136000,195136000,195136000,0,0,63311000,61441000,1870000,435000,419000,16000,0,0,0,1889000,193247000,IR,IR,0.105,56,True,32.44,27.68,32.44,32.76,0.22,0.19,0.22,0.23,32.67,27.87,32.67,32.99
193205,172143193205,Peoria,IL,59000,2017,115070,2017,True,197799000,197799000,197799000,197799000,0,0,39593000,39011000,582000,31045000,30727000,318000,0,0,0,0,197799000,R,R,0.013,44,True,20.02,20.02,20.02,20.02,15.7,15.7,15.7,15.7,35.71,35.71,35.71,35.71
193551,272053193551,Minneapolis,MN,43000,2017,410939,2017,True,1269354000,1199597000,1199597000,1199597000,0,0,160137000,160137000,0,62357000,62357000,0,0,0,0,25494000,1174103000,R,R,0.0,57,True,13.35,12.62,13.35,13.64,5.2,4.91,5.2,5.31,18.55,17.53,18.55,18.95
193734,342017193734,Jersey,NJ,36000,2017,264290,2017,True,679183000,622572000,602213000,622572000,0,0,103620000,103620000,0,67598000,67598000,0,0,0,0,9151000,613421000,I,I,1.0,70,True,16.64,15.26,16.64,16.89,10.86,9.95,10.86,11.02,27.5,25.21,27.5,27.91
193960,412017193960,Bend,OR,05800,2017,87014,2017,True,159714000,125757000,125757000,125757000,0,0,20006000,19018000,988000,18095000,17768000,327000,0,0,625000,0,125132000,I,I,1.0,66,True,15.91,12.53,15.91,15.99,14.39,11.33,14.39,14.46,30.3,23.86,30.3,30.45
194178,512760194178,Richmond,VA,67000,2017,220289,2017,True,1503249000,1234006000,1231582000,854540000,379466000,106682000,103295000,94969000,8326000,45823000,45823000,0,0,0,0,77698000,670160000,R,R,0.0,98,True,8.37,6.87,12.09,15.41,3.71,3.05,5.36,6.84,12.08,9.92,17.45,22.25
194463,022020194463,Anchorage Municipality,AK,03000,2017,298695,2017,True,1782279000,1395348000,1395348000,699987000,695361000,1564000,132306000,124352000,7954000,114612000,106658000,7954000,0,0,40879000,21033000,636511000,R,R,0.356,100,True,9.48,7.42,18.9,20.79,8.21,6.43,16.37,18.01,17.7,13.85,35.27,38.79
194644,082005194644,Aurora,CO,04000,2017,359407,2017,True,613669000,493803000,466060000,493803000,0,0,105907000,101598000,4309000,46980000,46636000,344000,0,0,0,0,493803000,R,R,0.0,71,True,21.45,17.26,21.45,21.45,9.51,7.66,9.51,9.51,30.96,24.91,30.96,30.96
194647,082031194647,Denver And County,CO,20000,2017,682545,2017,True,3340365000,3002785000,3002717000,3002785000,0,268514000,236678000,236678000,0,127075000,127075000,0,0,0,708202000,61822000,1964247000,R,R,0.006,82,True,7.88,7.09,7.88,12.05,4.23,3.8,4.23,6.47,12.11,10.89,12.11,18.52
194651,082013194651,Longmont,CO,45970,2017,92088,2017,True,303462000,194343000,194273000,194343000,0,1645000,18572000,17252000,1320000,14856000,14145000,711000,0,0,440000,0,192258000,I,I,1.0,100,True,9.56,6.12,9.56,9.66,7.64,4.9,7.64,7.73,17.2,11.02,17.2,17.39
194654,082101194654,Pueblo,CO,62000,2017,109412,2017,True,181043000,144012000,144012000,144012000,0,0,33693000,33350000,343000,19210000,18978000,232000,0,0,4551000,0,139461000,I,I,1.0,58,True,23.4,18.61,23.4,24.16,13.34,10.61,13.34,13.77,36.74,29.22,36.74,37.93
194678,132121194678,Atlanta,GA,04000,2017,463878,2017,True,2116105000,1668106000,1668082000,1668106000,0,53059000,240724000,231513000,9211000,79639000,77528000,2111000,0,0,675730000,1038000,938279000,R,R,0.0,84,True,14.43,11.38,14.43,25.66,4.77,3.76,4.77,8.49,19.21,15.14,19.21,34.14
194679,132245194679,Augusta-Richmond County Consolidated Government,GA,04204,2017,197182,2017,True,426331000,358090000,347702000,358090000,0,23439000,43018000,41992000,1026000,25761000,25706000,55000,0,0,16143000,4721000,313787000,R,R,0.021,93,True,12.01,10.09,12.01,13.71,7.19,6.04,7.19,8.21,19.21,16.13,19.21,21.92
194726,372119194726,Charlotte,NC,12000,2017,827097,2017,True,2058290000,1524143000,1511480000,1524143000,0,0,269884000,258310000,11574000,129675000,123735000,5940000,246000,0,292224000,0,1231919000,R,R,0.0,96,True,17.71,13.11,17.71,21.91,8.51,6.3,8.51,10.53,26.22,19.41,26.22,32.43
194732,372081194732,High Point,NC,31400,2017,110268,2017,True,304860000,156241000,155638000,156241000,0,0,27921000,27508000,413000,22394000,21251000,1143000,0,0,0,105000,156136000,R,R,0.0,83,True,17.87,9.16,17.87,17.88,14.33,7.35,14.33,14.34,32.2,16.5,32.2,32.23
194744,372067194744,Winston-Salem,NC,75000,2017,241218,2017,True,528501000,412868000,412058000,412868000,0,0,79207000,70628000,8579000,34162000,30670000,3492000,0,0,0,131000,412737000,R,R,0.0,82,True,19.18,14.99,19.18,19.19,8.27,6.46,8.27,8.28,27.46,21.45,27.46,27.47
194757,122086194757,Miami,FL,45000,2017,441003,2017,True,894390000,894390000,894390000,894390000,0,2932000,236255000,222577000,13678000,126321000,122029000,4292000,0,0,0,0,891458000,R,R,0.0,64,True,26.42,26.42,26.42,26.5,14.12,14.12,14.12,14.17,40.54,40.54,40.54,40.67
194789,262163194789,Dearborn,MI,21000,2017,95171,2017,True,251139000,229476000,209398000,229476000,0,475000,37376000,37302000,74000,24114000,23105000,1009000,0,0,0,0,229001000,R,R,0.0,61,True,16.29,14.88,16.29,16.32,10.51,9.6,10.51,10.53,26.8,24.48,26.8,26.85
194805,362061194805,New York,NY,51000,2017,8550405,2017,True,116646324000,100328347000,94049325000,68498154000,31830193000,17390908000,5685111000,5423434000,261677000,2155415000,2005822000,149593000,0,0,4363000,1225993000,49876890000,R,R,0.0,157,True,5.67,4.87,8.3,11.4,2.15,1.85,3.15,4.32,7.81,6.72,11.45,15.72
194809,482375194809,Amarillo,TX,03000,2017,198645,2017,True,390061000,289408000,289408000,289408000,0,0,46659000,46237000,422000,30450000,30441000,9000,0,0,10828000,8613000,269967000,I,I,1.0,79,True,16.12,11.96,16.12,17.28,10.52,7.81,10.52,11.28,26.64,19.77,26.64,28.56
194811,482439194811,Arlington,TX,04000,2017,388125,2017,True,518585000,463295000,463295000,463295000,0,0,99373000,99373000,0,48460000,48460000,0,0,0,1088000,5736000,456471000,I,I,1.0,65,True,21.45,19.16,21.45,21.77,10.46,9.34,10.46,10.62,31.91,28.51,31.91,32.39
194812,482245194812,Beaumont,TX,07000,2017,118129,2017,True,220256000,192229000,192229000,192229000,0,0,38122000,37080000,1042000,27465000,27172000,293000,0,0,2684000,9995000,179550000,R,R,0.0,78,True,19.83,17.31,19.83,21.23,14.29,12.47,14.29,15.3,34.12,29.78,34.12,36.53
194814,482041194814,College Station,TX,15976,2017,107889,2017,True,205128000,105030000,102924000,105030000,0,0,15473000,15367000,106000,13339000,13229000,110000,0,0,0,0,105030000,R,R,0.0,79,True,14.73,7.54,14.73,14.73,12.7,6.5,12.7,12.7,27.43,14.05,27.43,27.43
194820,482085194820,Frisco,TX,27684,2017,154407,2017,True,465859000,398688000,383901000,383901000,14787000,0,30513000,29241000,1272000,32900000,30872000,2028000,0,0,0,2290000,381611000,R,R,0.0,65,True,7.65,6.55,7.95,8.0,8.25,7.06,8.57,8.62,15.91,13.61,16.52,16.62
194823,482113194823,Grand Prairie,TX,30464,2017,187809,2017,True,291417000,258136000,258100000,258136000,0,2922000,51622000,49080000,2542000,33159000,28638000,4521000,0,0,2583000,2371000,250260000,I,I,1.0,78,True,20.0,17.71,20.0,20.63,12.85,11.38,12.85,13.25,32.84,29.09,32.84,33.88
194825,482329194825,Midland,TX,48072,2017,132950,2017,True,191935000,154607000,154607000,154607000,0,0,27398000,27398000,0,25102000,25102000,0,0,0,10951000,5318000,138338000,I,I,1.0,60,True,17.72,14.27,17.72,19.81,16.24,13.08,16.24,18.15,33.96,27.35,33.96,37.95
200728,062067200728,Elk Grove,CA,22020,2017,166913,2017,True,128452000,112186000,112186000,112186000,0,0,35640000,35521000,119000,0,0,0,0,0,0,0,112186000,IR,-,0.202,56,True,31.77,27.75,31.77,31.77,0.0,0.0,0.0,0.0,31.77,27.75,31.77,31.77
201369,062111201369,Thousand Oaks,CA,78582,2017,129339,2017,True,207139000,178149000,149089000,178149000,0,0,28545000,28504000,41000,3206000,3206000,0,27900000,0,0,429000,177720000,IR,R,0.173,78,True,16.02,13.78,16.02,16.06,1.8,1.55,1.8,1.8,17.82,15.33,17.82,17.87
201810,202173201810,Wichita,KS,79000,2017,389965,2017,True,669376000,575705000,575705000,575705000,0,0,82873000,82840000,33000,44161000,44161000,0,0,0,41863000,2084000,531758000,R,R,0.0,74,True,14.4,12.38,14.4,15.58,7.67,6.6,7.67,8.3,22.07,18.98,22.07,23.89
202617,482121202617,Lewisville,TX,42508,2017,104039,2017,True,150826000,130186000,130186000,130186000,0,0,25042000,24833000,209000,19382000,19382000,0,0,0,0,0,130186000,I,I,1.0,52,True,19.24,16.6,19.24,19.24,14.89,12.85,14.89,14.89,34.12,29.45,34.12,34.12
202751,512810202751,Virginia Beach,VA,82000,2017,452745,2017,True,1945837000,1863610000,1844323000,1006854000,856756000,110693000,97551000,97551000,0,55117000,55117000,0,0,0,0,66095000,830066000,R,R,0.009,90,True,5.23,5.01,9.69,11.75,2.96,2.83,5.47,6.64,8.19,7.85,15.16,18.39
203966,062019203966,Clovis,CA,14218,2017,104180,2017,True,164988000,139994000,134021000,139994000,0,0,31226000,30945000,281000,14987000,13630000,1357000,0,0,0,1834000,138160000,IR,IR,0.167,71,True,22.31,18.93,22.31,22.6,10.71,9.08,10.71,10.85,33.01,28.01,33.01,33.45
204523,202091204523,Olathe,KS,52575,2017,134305,2017,True,263636000,224661000,224661000,224661000,0,0,24661000,24661000,0,17610000,17610000,0,0,0,0,0,224661000,R,R,0.0,56,True,10.98,9.35,10.98,10.98,7.84,6.68,7.84,7.84,18.82,16.03,18.82,18.82
204933,342039204933,Elizabeth,NJ,21000,2017,129007,2017,True,276901000,276901000,276901000,276901000,0,288000,46275000,46045000,230000,34864000,31823000,3041000,0,0,0,4345000,272268000,R,R,0.0,62,True,16.71,16.71,16.71,17.0,12.59,12.59,12.59,12.81,29.3,29.3,29.3,29.8
205133,392095205133,Toledo,OH,77000,2017,279789,2017,True,567856000,480070000,449072000,480070000,0,12781000,86395000,86395000,0,79763000,78737000,1026000,0,0,0,4051000,463238000,I,I,1.0,61,True,18.0,15.21,18.0,18.65,16.61,14.05,16.61,17.22,34.61,29.26,34.61,35.87
205181,402027205181,Norman,OK,52500,2017,120284,2017,True,558070000,536366000,536366000,536366000,0,357926000,29278000,26788000,2490000,19221000,17049000,2172000,0,0,0,0,178440000,R,R,0.0,72,True,5.46,5.25,5.46,16.41,3.58,3.44,3.58,10.77,9.04,8.69,9.04,27.18
205218,412047205218,Salem,OR,64900,2017,164549,2017,True,320331000,287765000,279126000,287765000,0,1147000,41053000,40946000,107000,28865000,28665000,200000,0,0,1158000,1181000,284279000,I,I,1.0,68,True,14.27,12.82,14.27,14.44,10.03,9.01,10.03,10.15,24.3,21.83,24.3,24.59
205455,482201205455,Pasadena,TX,56000,2017,153784,2017,True,186364000,167231000,167231000,167231000,0,0,53606000,45961000,7645000,5641000,5313000,328000,0,0,0,3753000,163478000,R,R,0.0,57,True,32.06,28.76,32.06,32.79,3.37,3.03,3.37,3.45,35.43,31.79,35.43,36.24
205460,482215205460,Mcallen,TX,45384,2017,140269,2017,True,228597000,205055000,201300000,205055000,0,1714000,34107000,32999000,1108000,17867000,17847000,20000,0,0,7322000,2702000,193317000,R,R,0.0,88,True,16.63,14.92,16.63,17.64,8.71,7.82,8.71,9.24,25.35,22.74,25.35,26.89
205590,532033205590,Kent,WA,35415,2017,126952,2017,True,187274000,169522000,169522000,169522000,0,6401000,29761000,29507000,254000,2532000,2532000,0,0,0,0,528000,162593000,R,R,0.0,72,True,17.56,15.89,17.56,18.3,1.49,1.35,1.49,1.56,19.05,17.24,19.05,19.86
205599,532063205599,Spokane,WA,67000,2017,213272,2017,True,479041000,404396000,399949000,404396000,0,14783000,56947000,56794000,153000,47368000,47278000,90000,0,0,427000,1357000,387829000,R,R,0.0,80,True,14.08,11.89,14.08,14.68,11.71,9.89,11.71,12.21,25.8,21.78,25.8,26.9
207520,012089207520,Huntsville,AL,37000,2017,190582,2017,True,1011546000,414249000,386832000,414249000,0,0,46667000,45651000,1016000,38625000,35171000,3454000,0,0,0,3430000,410819000,R,R,0.0,89,True,11.27,4.61,11.27,11.36,9.32,3.82,9.32,9.4,20.59,8.43,20.59,20.76
207535,042013207535,Glendale,AZ,27820,2017,240126,2017,True,459409000,401380000,401380000,401380000,0,0,93236000,93236000,0,54515000,47900000,6615000,0,0,0,0,401380000,I,I,1.0,58,True,23.23,20.29,23.23,23.23,13.58,11.87,13.58,13.58,36.81,32.16,36.81,36.81
207536,042013207536,Phoenix,AZ,55000,2017,1563025,2017,True,3090557000,2534815000,2523360000,2504311000,30504000,27451000,453426000,441752000,11674000,310018000,306401000,3617000,0,0,428457000,0,2048403000,R,R,0.0,117,True,17.89,14.67,18.11,22.14,12.23,10.03,12.38,15.13,30.12,24.7,30.49,37.27
207577,062001207577,Fremont,CA,26000,2017,232206,2017,True,283939000,283390000,283390000,283390000,0,353000,72597000,72597000,0,44044000,44044000,0,0,0,0,17691000,265346000,R,R,0.018,52,True,25.62,25.57,25.62,27.36,15.54,15.51,15.54,16.6,41.16,41.08,41.16,43.96
207582,062037207582,Pasadena,CA,56000,2017,142250,2017,True,548318000,323279000,323279000,323279000,0,0,72596000,72596000,0,40427000,40427000,0,0,0,0,14739000,308540000,R,R,0.018,66,True,22.46,13.24,22.46,23.53,12.51,7.37,12.51,13.1,34.96,20.61,34.96,36.63
207583,062037207583,Torrance,CA,80000,2017,148475,2017,True,319379000,233781000,233781000,233781000,0,0,77375000,77375000,0,29023000,29023000,0,0,0,3188000,12796000,217797000,R,R,0.02,64,True,33.1,24.23,33.1,35.53,12.41,9.09,12.41,13.33,45.51,33.31,45.51,48.85
207593,062065207593,Corona,CA,16350,2017,164226,2017,True,404117000,286907000,282764000,286907000,0,0,47071000,46863000,208000,25855000,25855000,0,160000,0,130000,0,286777000,IR,R,0.396,86,True,16.41,11.65,16.41,16.41,9.01,6.4,9.01,9.02,25.42,18.05,25.42,25.43
207594,062065207594,Riverside,CA,62000,2017,322424,2017,True,784398000,397966000,397966000,397966000,0,0,95506000,95506000,0,47816000,47816000,0,0,0,1282000,4667000,392017000,R,R,0.017,72,True,24.0,12.18,24.0,24.36,12.02,6.1,12.02,12.2,36.01,18.27,36.01,36.56
207598,062073207598,San Diego,CA,66000,2017,1394928,2017,True,3506110000,2831920000,2814949000,2831920000,0,0,339148000,339148000,0,176827000,176827000,0,1921000,0,9088000,49741000,2773091000,I,R,0.097,79,True,11.98,9.67,11.98,12.23,6.24,5.04,6.24,6.38,18.22,14.72,18.22,18.61
207608,062095207608,Vallejo,CA,81666,2017,121253,2017,True,209306000,172028000,172028000,172028000,0,0,41241000,41241000,0,23278000,23259000,19000,0,0,1747000,3255000,167026000,R,IR,0.111,69,True,23.97,19.7,23.97,24.69,13.53,11.12,13.53,13.94,37.5,30.83,37.5,38.63
207610,062099207610,Modesto,CA,48354,2017,211266,2017,True,311296000,214105000,214105000,214105000,0,0,54329000,54329000,0,31363000,31363000,0,0,0,1024000,1139000,211942000,R,R,0.006,57,True,25.37,17.45,25.37,25.63,14.65,10.07,14.65,14.8,40.02,27.53,40.02,40.43
207635,082123207635,Greeley,CO,32155,2017,100883,2017,True,206973000,147403000,147186000,147403000,0,0,22289000,22105000,184000,14785000,13558000,1227000,167000,0,0,49000,147354000,R,R,0.0,88,True,15.12,10.77,15.12,15.13,10.03,7.14,10.03,10.03,25.15,17.91,25.15,25.16
207684,122103207684,Clearwater,FL,12875,2017,113003,2017,True,303494000,229337000,229287000,229337000,0,0,39921000,39736000,185000,19351000,19214000,137000,0,0,521000,7050000,221766000,R,R,0.0,73,True,17.41,13.15,17.41,18.0,8.44,6.38,8.44,8.73,25.84,19.53,25.84,26.73
207957,182097207957,Indianapolis,IN,36003,2017,853173,2017,True,3893408000,3264508000,3263193000,3264508000,0,1484721000,220425000,220425000,0,141052000,141052000,0,0,0,107339000,115326000,1557122000,R,S,0.003,91,True,6.75,5.66,6.75,14.16,4.32,3.62,4.32,9.06,11.07,9.28,11.07,23.21
208056,192153208056,Des Moines,IA,21000,2017,210330,2017,True,490002000,430310000,430310000,430310000,0,9089000,64042000,64042000,0,40670000,38164000,2506000,0,0,31816000,1028000,388377000,R,R,0.0,67,True,14.88,13.07,14.88,16.49,9.45,8.3,9.45,10.47,24.33,21.37,24.33,26.96
208060,192163208060,Davenport,IA,19000,2017,102582,2017,True,173421000,167102000,167102000,167102000,0,0,25100000,25100000,0,18360000,18360000,0,0,0,272000,0,166830000,R,R,0.0,52,True,15.02,14.47,15.02,15.05,10.99,10.59,10.99,11.01,26.01,25.06,26.01,26.05
208111,202091208111,Overland Park,KS,53775,2017,186515,2017,True,224058000,224058000,224058000,224058000,0,0,33778000,32966000,812000,21315000,21030000,285000,0,0,0,0,224058000,R,R,0.217,56,True,15.08,15.08,15.08,15.08,9.51,9.51,9.51,9.51,24.59,24.59,24.59,24.59
208246,242510208246,Baltimore,MD,04000,2017,621849,2017,True,3948500000,3644763000,3611086000,2247269000,1397494000,0,496768000,496305000,463000,222512000,221454000,1058000,0,0,0,116585000,2130684000,R,R,0.0,79,True,13.63,12.58,22.11,23.31,6.1,5.64,9.9,10.44,19.73,18.22,32.01,33.76
208698,312055208698,Omaha,NE,37000,2017,443885,2017,True,561285000,561285000,541403000,561285000,0,9992000,131921000,127543000,4378000,98639000,96319000,2320000,5488000,0,0,0,551293000,R,R,0.0,72,True,23.5,23.5,23.5,23.93,17.57,17.57,17.57,17.89,41.08,41.08,41.08,41.82
208734,322003208734,North Las Vegas,NV,51800,2017,234807,2017,True,297381000,259935000,259935000,259935000,0,17569000,84446000,82565000,1881000,36157000,35092000,1065000,0,0,0,0,242366000,R,R,0.0,68,True,32.49,28.4,32.49,34.84,13.91,12.16,13.91,14.92,46.4,40.56,46.4,49.76
208793,352013208793,Las Cruces,NM,39380,2017,101643,2017,True,193813000,121486000,119543000,121486000,0,1656000,24802000,23411000,1391000,14404000,14180000,224000,0,0,3920000,284000,115626000,R,IR,0.11,91,True,20.42,12.8,20.42,21.45,11.86,7.43,11.86,12.46,32.27,20.23,32.27,33.91
208963,372063208963,Durham,NC,19000,2017,257636,2017,True,358707000,308901000,308901000,308901000,0,0,88000000,66056000,21944000,27258000,25801000,1457000,0,0,13000,0,308888000,R,IR,0.001,75,True,28.49,24.53,28.49,28.49,8.82,7.6,8.82,8.82,37.31,32.13,37.31,37.31
209050,392049209050,Columbus,OH,18000,2017,850106,2017,True,2105712000,1749477000,1749477000,1743668000,5809000,0,311285000,309070000,2215000,259293000,241883000,17410000,0,0,0,51712000,1691956000,R,R,0.0,90,True,17.79,14.78,17.85,18.4,14.82,12.31,14.87,15.33,32.61,27.1,32.72,33.72
209096,392153209096,Akron,OH,01000,2017,197542,2017,True,445236000,405691000,400110000,405353000,338000,8323000,59476000,58773000,703000,50410000,49635000,775000,0,0,755000,4440000,391835000,I,I,1.0,85,True,14.66,13.36,14.67,15.18,12.43,11.32,12.44,12.87,27.09,24.68,27.11,28.04
209170,402109209170,Oklahoma,OK,55000,2017,631346,2017,True,1291935000,989942000,989942000,989942000,0,7188000,177224000,176542000,682000,129112000,128148000,964000,0,0,78558000,5580000,898616000,R,R,0.0,93,True,17.9,13.72,17.9,19.72,13.04,9.99,13.04,14.37,30.94,23.71,30.94,34.09
209519,472149209519,Murfreesboro,TN,51560,2017,126118,2017,True,485676000,266676000,266676000,181711000,84965000,91000,68058000,27590000,40468000,21787000,18676000,3111000,0,0,1512000,0,180108000,R,R,0.0,93,True,25.52,14.01,37.45,37.79,8.17,4.49,11.99,12.1,33.69,18.5,49.44,49.88
209555,482085209555,Allen,TX,01924,2017,98143,2017,True,138119000,117588000,109958000,117588000,0,0,19033000,19027000,6000,13917000,13917000,0,0,0,0,389000,117199000,R,R,0.0,61,True,16.19,13.78,16.19,16.24,11.84,10.08,11.84,11.87,28.02,23.86,28.02,28.11
209562,482121209562,Denton,TX,19972,2017,131044,2017,True,476240000,216863000,216863000,216863000,0,0,30110000,30110000,0,25568000,25568000,0,0,0,3645000,0,213218000,I,I,1.0,65,True,13.88,6.32,13.88,14.12,11.79,5.37,11.79,11.99,25.67,11.69,25.67,26.11
209712,512510209712,Alexandria,VA,01000,2017,153511,2017,True,943874000,934910000,933784000,655213000,279697000,52572000,94303000,91423000,2880000,52273000,52235000,38000,0,0,0,48231000,554410000,R,R,0.0,89,True,10.09,9.99,14.39,17.01,5.59,5.54,7.98,9.43,15.68,15.53,22.37,26.44
209777,552025209777,Madison,WI,48000,2017,248951,2017,True,521667000,435932000,413204000,435932000,0,0,73348000,71872000,1476000,52238000,51259000,979000,0,0,0,13699000,422233000,R,R,0.0,80,True,16.83,14.06,16.83,17.37,11.98,10.01,11.98,12.37,28.81,24.07,28.81,29.74
211207,062059211207,Costa Mesa,CA,16532,2017,113204,2017,True,130699000,130699000,130699000,130699000,0,0,44548000,41731000,2817000,22161000,21845000,316000,0,0,0,322000,130377000,IR,IR,0.145,52,True,34.08,34.08,34.08,34.17,16.96,16.96,16.96,17.0,51.04,51.04,51.04,51.17
211212,062073211212,Chula Vista,CA,13392,2017,265757,2017,True,298010000,297970000,282945000,297970000,0,0,62273000,60079000,2194000,29574000,28721000,853000,0,0,0,3047000,294923000,IR,IR,0.214,64,True,20.9,20.9,20.9,21.12,9.93,9.92,9.93,10.03,30.82,30.82,30.82,31.14
211214,062077211214,Stockton,CA,75000,2017,305658,2017,True,355491000,320254000,320254000,320254000,0,0,123394000,123394000,0,44805000,44805000,0,0,0,0,2875000,317379000,R,R,0.007,58,True,38.53,34.71,38.53,38.88,13.99,12.6,13.99,14.12,52.52,47.31,52.52,53.0
211215,062081211215,Daly,CA,17918,2017,106562,2017,True,131544000,116140000,116140000,116140000,0,0,32844000,32400000,444000,18083000,18083000,0,0,0,0,0,116140000,IR,R,0.095,56,True,28.28,24.97,28.28,28.28,15.57,13.75,15.57,15.57,43.85,38.71,43.85,43.85
211253,412067211253,Hillsboro,OR,34100,2017,102347,2017,True,200099000,165265000,137233000,165265000,0,0,30736000,30722000,14000,20785000,20785000,0,0,0,0,0,165265000,R,R,0.0,62,True,18.6,15.36,18.6,18.6,12.58,10.39,12.58,12.58,31.17,25.75,31.17,31.17
211254,412051211254,Portland,OR,59000,2017,632309,2017,True,1645437000,1455032000,1455032000,1455032000,0,0,205958000,191213000,14745000,115792000,112679000,3113000,0,0,0,0,1455032000,R,R,0.0,78,True,14.15,12.52,14.15,14.15,7.96,7.04,7.96,7.96,22.11,19.55,22.11,22.11
211654,082001211654,Westminster,CO,83835,2017,113130,2017,True,280756000,245114000,244583000,245114000,0,0,23087000,22671000,416000,15169000,13446000,1723000,0,0,0,0,245114000,R,R,0.0,82,True,9.42,8.22,9.42,9.42,6.19,5.4,6.19,6.19,15.61,13.63,15.61,15.61
211981,062073211981,Vista,CA,82996,2017,100890,2017,True,176030000,176030000,122614000,176030000,0,0,23765000,23765000,0,15056000,15056000,0,40830000,0,0,4216000,171814000,R,R,0.009,52,True,13.5,13.5,13.5,13.83,8.55,8.55,8.55,8.76,22.05,22.05,22.05,22.59
212090,402143212090,Tulsa,OK,75000,2017,403505,2017,True,872811000,742362000,741456000,742362000,0,17689000,104702000,99828000,4874000,72064000,70675000,1389000,0,0,41298000,76482000,606893000,R,R,0.0,87,True,14.1,12.0,14.1,17.25,9.71,8.26,9.71,11.87,23.81,20.25,23.81,29.13
212209,082005212209,Centennial,CO,12815,2017,109741,2017,True,74646000,74646000,74646000,74646000,0,0,21571000,21571000,0,0,0,0,0,0,0,0,74646000,R,-,0.002,32,True,28.9,28.9,28.9,28.9,0.0,0.0,0.0,0.0,28.9,28.9,28.9,28.9
212231,482113212231,Garland,TX,29000,2017,236897,2017,True,579968000,256857000,256220000,256857000,0,493000,48024000,47687000,337000,30574000,30484000,90000,0,0,0,3886000,252478000,R,R,0.0,82,True,18.7,8.28,18.7,19.02,11.9,5.27,11.9,12.11,30.6,13.55,30.6,31.13
212233,482303212233,Lubbock,TX,45000,2017,249042,2017,True,635173000,366419000,366170000,366419000,0,0,53586000,53586000,0,48931000,40127000,8804000,70000,0,32193000,4793000,329433000,R,R,0.0,80,True,14.62,8.44,14.62,16.27,13.35,7.7,13.35,14.85,27.98,16.14,27.98,31.12
212234,482113212234,Richardson,TX,61796,2017,110815,2017,True,222709000,190187000,187331000,190187000,0,0,26591000,26591000,0,20365000,20365000,0,0,0,0,1854000,188333000,R,R,0.0,62,True,13.98,11.94,13.98,14.12,10.71,9.14,10.71,10.81,24.69,21.08,24.69,24.93
213591,532063213591,Spokane Valley,WA,67167,2017,94919,2017,True,61177000,61104000,37977000,61104000,0,1476000,451000,200000,251000,0,0,0,18370000,0,0,438000,59190000,R,-,0.0,61,True,0.74,0.74,0.74,0.76,0.0,0.0,0.0,0.0,0.74,0.74,0.74,0.76
214783,122086214783,Miami Gardens,FL,45060,2017,113187,2017,True,83716000,83716000,83716000,83716000,0,0,34365000,32731000,1634000,0,0,0,0,0,0,0,83716000,R,-,0.0,50,True,41.05,41.05,41.05,41.05,0.0,0.0,0.0,0.0,41.05,41.05,41.05,41.05
216510,132121216510,Sandy Springs,GA,68516,2017,105330,2017,True,208064000,208064000,207585000,208064000,0,479000,19610000,19594000,16000,11134000,10791000,343000,0,0,0,0,207585000,R,R,0.0,49,True,9.42,9.42,9.42,9.45,5.35,5.35,5.35,5.36,14.78,14.78,14.78,14.81
225038,012073225038,Birmingham,AL,07000,2017,212461,2017,True,723898000,531449000,531449000,531449000,0,1376000,98432000,98432000,0,63479000,63479000,0,0,0,0,0,530073000,R,R,0.0,62,True,18.52,13.6,18.52,18.57,11.94,8.77,11.94,11.98,30.47,22.37,30.47,30.55
225767,092190225767,Stamford,CT,73000,2017,128874,2017,True,542928000,542928000,542818000,230688000,312240000,1506000,61880000,61880000,0,49857000,49857000,0,0,0,0,7931000,221251000,R,R,0.0,52,True,11.4,11.4,26.82,27.97,9.18,9.18,21.61,22.53,20.58,20.58,48.44,50.5
228280,062065228280,Jurupa Valley,CA,37692,2017,100314,2017,True,35237000,35237000,35237000,35237000,0,0,17334000,17334000,0,172000,172000,0,0,0,0,851000,34386000,R,R,0.0,35,True,49.19,49.19,49.19,50.41,0.49,0.49,0.49,0.5,49.68,49.68,49.68,50.91
100091,012101100091,Montgomery,AL,51000,2018,200602,2018,False,320433000,223131000,222750000,223131000,0,0,46262000,45724000,538000,34250000,34250000,0,0,0,0,8957000,214174000,R,R,0.0,63,True,20.73,14.44,20.73,21.6,15.35,10.69,15.35,15.99,36.08,25.13,36.08,37.59
100249,042013100249,Chandler,AZ,12000,2018,260828,2018,False,497805000,392302000,392302000,392302000,0,0,72569000,72048000,521000,39199000,37178000,2021000,0,0,4205000,0,388097000,R,R,0.0,73,True,18.5,14.58,18.5,18.7,9.99,7.87,9.99,10.1,28.49,22.45,28.49,28.8
100250,042013100250,Mesa,AZ,46000,2018,471825,2018,False,947495000,688200000,688200000,688200000,0,0,160613000,159461000,1152000,78284000,75712000,2572000,0,0,3516000,0,684684000,R,R,0.008,81,True,23.34,16.95,23.34,23.46,11.38,8.26,11.38,11.43,34.71,25.21,34.71,34.89
100251,042013100251,Surprise,AZ,71510,2018,128422,2018,False,223601000,203083000,203083000,203083000,0,0,27560000,27478000,82000,20838000,20838000,0,0,0,0,0,203083000,I,I,1.0,53,True,13.57,12.33,13.57,13.57,10.26,9.32,10.26,10.26,23.83,21.64,23.83,23.83
100435,052119100435,Little Rock,AR,41000,2018,197992,2018,False,488936000,473881000,473881000,473881000,0,0,75523000,71203000,4320000,50703000,49459000,1244000,0,0,48941000,33406000,391534000,R,R,0.0,79,True,15.94,15.45,15.94,19.29,10.7,10.37,10.7,12.95,26.64,25.82,26.64,32.24
100711,062059100711,Santa Ana,CA,69000,2018,335400,2018,False,640007000,568911000,513167000,563208000,5703000,0,132129000,125900000,6229000,47169000,47075000,94000,0,39889000,0,6392000,556816000,IR,IR,0.133,80,True,23.22,20.64,23.46,23.73,8.29,7.37,8.38,8.47,31.52,28.02,31.84,32.2
100745,062085100745,San Jose,CA,68000,2018,1026908,2018,False,1746394000,1703015000,1703015000,1703015000,0,0,260787000,260787000,0,160006000,160006000,0,0,0,117441000,106000,1585468000,R,R,0.0,68,True,15.31,14.93,15.31,16.45,9.4,9.16,9.4,10.09,24.71,24.09,24.71,26.54
101409,082069101409,Fort Collins,CO,27425,2018,161175,2018,False,513054000,282424000,258317000,282424000,0,4509000,43965000,43965000,0,3176000,3176000,0,0,22325000,178000,1939000,275798000,I,I,1.0,63,True,15.57,8.57,15.57,15.94,1.12,0.62,1.12,1.15,16.69,9.19,16.69,17.09
101696,092140101696,Waterbury,CT,80000,2018,108802,2018,False,610034000,598675000,597945000,292121000,306554000,4091000,34908000,34711000,197000,19705000,19584000,121000,0,0,0,3678000,284352000,R,R,0.0,62,True,5.83,5.72,11.95,12.28,3.29,3.23,6.75,6.93,9.12,8.95,18.7,19.21
101927,122011101927,Miramar,FL,45975,2018,137132,2018,False,207361000,183994000,183994000,183994000,0,0,44953000,41817000,3136000,24728000,17397000,7331000,0,0,0,11198000,172796000,R,R,0.0,69,True,24.43,21.68,24.43,26.02,13.44,11.93,13.44,14.31,37.87,33.6,37.87,40.33
101942,122031101942,Jacksonville,FL,35000,2018,868031,2018,False,3637889000,1833526000,1833526000,1833526000,0,56721000,379500000,373844000,5656000,163910000,163729000,181000,0,0,113950000,86954000,1575901000,R,R,0.0,97,True,20.7,10.43,20.7,24.08,8.94,4.51,8.94,10.4,29.64,14.94,29.64,34.48
102163,132021102163,Macon-Bibb County,GA,49008,2018,153515,2018,False,236004000,235137000,235130000,235137000,0,22196000,34371000,32507000,1864000,28563000,26429000,2134000,0,0,1993000,5729000,205219000,R,R,0.0,76,True,14.62,14.56,14.62,16.75,12.15,12.1,12.15,13.92,26.76,26.67,26.76,30.67
102716,172089102716,Elgin,IL,23074,2018,112111,2018,False,168906000,143802000,140876000,143802000,0,1681000,45774000,45261000,513000,31082000,29444000,1638000,0,0,0,0,142121000,R,R,0.0,50,True,31.83,27.1,31.83,32.21,21.61,18.4,21.61,21.87,53.45,45.5,53.45,54.08
102882,172201102882,Rockford,IL,65000,2018,148276,2018,False,270025000,239097000,239097000,239097000,0,15947000,54723000,54723000,0,46979000,46979000,0,0,0,0,0,223150000,R,R,0.0,50,True,22.89,20.27,22.89,24.52,19.65,17.4,19.65,21.05,42.54,37.66,42.54,45.58
103799,182057103799,Fishers,IN,23278,2018,88658,2018,False,98693000,98693000,98693000,98693000,0,0,14408000,14326000,82000,15398000,15361000,37000,0,0,0,6000,98687000,R,R,0.0,62,True,14.6,14.6,14.6,14.6,15.6,15.6,15.6,15.6,30.2,30.2,30.2,30.2
106055,252009106055,Lynn,MA,37490,2018,92457,2018,False,393734000,391739000,384173000,150568000,241171000,1115000,19458000,19458000,0,19241000,19241000,0,0,0,0,181000,149272000,R,R,0.0,54,True,4.97,4.94,12.92,13.04,4.91,4.89,12.78,12.89,9.88,9.83,25.7,25.93
106061,252013106061,Springfield,MA,67000,2018,154341,2018,False,758187000,755226000,748514000,275726000,479500000,1749000,45486000,45482000,4000,21541000,21534000,7000,0,0,0,1405000,272572000,R,R,0.0,62,True,6.02,6.0,16.5,16.69,2.85,2.84,7.81,7.9,8.88,8.84,24.31,24.59
106079,252027106079,Worcester,MA,82000,2018,184815,2018,False,827175000,797472000,779082000,357887000,439585000,2014000,48738000,48631000,107000,38144000,37894000,250000,0,0,0,3382000,352491000,R,R,0.0,85,True,6.11,5.89,13.62,13.83,4.78,4.61,10.66,10.82,10.89,10.5,24.28,24.65
108127,302111108127,Billings,MT,06550,2018,110263,2018,False,188709000,161172000,161172000,161172000,0,0,23476000,23374000,102000,18999000,17776000,1223000,0,0,12069000,854000,148249000,R,R,0.0,69,True,14.57,12.44,14.57,15.84,11.79,10.07,11.79,12.82,26.35,22.51,26.35,28.65
108910,322031108910,Sparks,NV,68400,2018,96094,2018,False,108096000,108096000,108096000,108096000,0,0,27099000,26403000,696000,16072000,16065000,7000,0,0,0,0,108096000,R,R,0.0,54,True,25.07,25.07,25.07,25.07,14.87,14.87,14.87,14.87,39.94,39.94,39.94,39.94
109593,362119109593,Yonkers,NY,84000,2018,201116,2018,False,1223123000,1197763000,1168251000,569469000,628294000,0,102691000,102691000,0,71327000,71311000,16000,0,0,0,942000,568527000,R,R,0.492,65,True,8.57,8.4,18.03,18.06,5.96,5.83,12.53,12.55,14.53,14.23,30.56,30.61
110047,372025110047,Concord,NC,14100,2018,87696,2018,False,244275000,125739000,125691000,125739000,0,0,22673000,21369000,1304000,19226000,18426000,800000,0,0,11347000,160000,114232000,R,R,0.0,90,True,18.03,9.28,18.03,19.85,15.29,7.87,15.29,16.83,33.32,17.15,33.32,36.68
112811,442007112811,Providence,RI,59000,2018,179207,2018,False,874123000,798357000,798357000,354649000,443708000,0,106399000,106399000,0,69216000,69216000,0,0,0,0,0,354649000,R,R,0.0,53,True,13.33,12.17,30.0,30.0,8.67,7.92,19.52,19.52,22.0,20.09,49.52,49.52
114311,492035114311,West Jordan,UT,82950,2018,111946,2018,False,130826000,115938000,115938000,115938000,0,0,18359000,18196000,163000,11322000,11322000,0,0,0,0,0,115938000,R,R,0.0,51,True,15.84,14.03,15.84,15.84,9.77,8.65,9.77,9.77,25.6,22.69,25.6,25.6
114563,512550114563,Chesapeake,VA,16000,2018,235429,2018,False,1042968000,1002162000,990847000,494375000,507787000,85616000,58871000,46473000,12398000,46299000,44670000,1629000,0,0,1095000,35378000,372286000,R,R,0.0,106,True,5.87,5.64,11.91,15.81,4.62,4.44,9.37,12.44,10.49,10.08,21.27,28.25
114624,532033114624,Bellevue,WA,05210,2018,139820,2018,False,456393000,399784000,395918000,399784000,0,3085000,39413000,39337000,76000,28059000,26036000,2023000,3014000,0,0,179000,396520000,R,R,0.0,72,True,9.86,8.64,9.86,9.94,7.02,6.15,7.02,7.08,16.88,14.78,16.88,17.02
122748,042013122748,Goodyear,AZ,28380,2018,79003,2018,False,157413000,140520000,140520000,140520000,0,0,21524000,21524000,0,16094000,16094000,0,0,0,0,0,140520000,I,I,1.0,45,True,15.32,13.67,15.32,15.32,11.45,10.22,11.45,11.45,26.77,23.9,26.77,26.77
123092,062001123092,Berkeley,CA,06000,2018,120972,2018,False,414255000,414255000,414255000,414255000,0,0,66573000,66573000,0,26808000,26173000,635000,0,0,6348000,39351000,368556000,R,IR,0.051,64,True,16.07,16.07,16.07,18.06,6.47,6.47,6.47,7.27,22.54,22.54,22.54,25.34
123093,062001123093,Oakland,CA,53000,2018,419267,2018,False,1503795000,1503795000,1503795000,1503795000,0,0,288052000,288052000,0,129512000,129512000,0,0,0,313805000,79680000,1110310000,R,R,0.076,59,True,19.16,19.16,19.16,25.94,8.61,8.61,8.61,11.66,27.77,27.77,27.77,37.61
123110,062037123110,Inglewood,CA,36546,2018,111666,2018,False,279184000,251550000,251550000,251550000,0,0,62951000,62951000,0,12864000,12864000,0,0,0,0,2332000,249218000,R,R,0.114,57,True,25.03,22.55,25.03,25.26,5.11,4.61,5.11,5.16,30.14,27.16,30.14,30.42
123137,062061123137,Roseville,CA,62938,2018,130269,2018,False,439146000,256049000,256049000,256049000,0,5484000,38281000,38281000,0,32702000,32702000,0,0,0,0,1141000,249424000,R,R,0.09,66,True,14.95,8.72,14.95,15.35,12.77,7.45,12.77,13.11,27.72,16.16,27.72,28.46
123157,062081123157,San Mateo,CA,68252,2018,103536,2018,False,180034000,180034000,180034000,180034000,0,0,40483000,40483000,0,27368000,27368000,0,0,0,0,558000,179476000,R,R,0.147,48,True,22.49,22.49,22.49,22.56,15.2,15.2,15.2,15.25,37.69,37.69,37.69,37.81
124038,092120124038,Bridgeport,CT,08000,2018,147629,2018,False,719099000,719099000,704625000,324388000,394711000,1910000,83109000,83109000,0,43013000,42563000,450000,0,0,1326000,4748000,316404000,R,R,0.0,62,True,11.56,11.56,25.62,26.27,5.98,5.98,13.26,13.59,17.54,17.54,38.88,39.86
124214,112001124214,Washington Dc,DC,50000,2018,672228,2018,False,15386841000,14338769000,14324343000,11297108000,3041661000,1469458000,627829000,612821000,15008000,317468000,294310000,23158000,0,0,0,739427000,9088223000,R,R,0.0,151,True,4.38,4.08,5.56,6.91,2.21,2.06,2.81,3.49,6.59,6.14,8.37,10.4
124438,132051124438,Savannah,GA,69000,2018,145674,2018,False,406699000,383293000,382387000,383293000,0,13050000,71309000,68837000,2472000,31434000,31434000,0,0,0,39785000,0,330458000,R,R,0.0,77,True,18.6,17.53,18.6,21.58,8.2,7.73,8.2,9.51,26.81,25.26,26.81,31.09
126027,182057126027,Carmel,IN,10342,2018,88713,2018,False,260812000,235175000,235175000,235175000,0,0,21809000,20367000,1442000,23752000,23752000,0,0,0,0,1397000,233778000,R,R,0.0,59,True,9.27,8.36,9.27,9.33,10.1,9.11,10.1,10.16,19.37,17.47,19.37,19.49
126081,182141126081,South Bend,IN,71000,2018,101516,2018,False,281339000,261042000,258382000,261042000,0,0,37386000,35036000,2350000,28995000,25209000,3786000,0,0,0,8106000,252936000,R,R,0.0,75,True,14.32,13.29,14.32,14.78,11.11,10.31,11.11,11.46,25.43,23.59,25.43,26.24
127810,222017127810,Shreveport,LA,70000,2018,197204,2018,False,411623000,346831000,346831000,346831000,0,0,57754000,57751000,3000,54063000,53891000,172000,0,0,13245000,0,333586000,I,I,1.0,72,True,16.65,14.03,16.65,17.31,15.59,13.13,15.59,16.21,32.24,27.16,32.24,33.52
128108,252025128108,Boston,MA,07000,2018,667137,2018,False,3997766000,3763393000,3617190000,2270415000,1492978000,260714000,412407000,406260000,6147000,233420000,233420000,0,0,0,0,18337000,1991364000,R,R,0.0,94,True,10.96,10.32,18.16,20.71,6.2,5.84,10.28,11.72,17.16,16.15,28.45,32.43
128309,262099128309,Warren,MI,84000,2018,135358,2018,False,207879000,185818000,185818000,185818000,0,0,50154000,48085000,2069000,30003000,27392000,2611000,0,0,0,476000,185342000,R,R,0.0,57,True,26.99,24.13,26.99,27.06,16.15,14.43,16.15,16.19,43.14,38.56,43.14,43.25
129295,282049129295,Jackson,MS,36000,2018,170674,2018,False,267212000,225269000,225269000,225269000,0,4400000,34310000,34283000,27000,23253000,20983000,2270000,0,0,26224000,1589000,193056000,R,R,0.0,83,True,15.23,12.84,15.23,17.77,10.32,8.7,10.32,12.04,25.55,21.54,25.55,29.82
129515,292095129515,Independence,MO,35000,2018,117255,2018,False,319300000,165969000,165969000,165969000,0,0,36262000,36262000,0,19264000,19264000,0,0,0,0,3018000,162951000,I,I,1.0,57,True,21.85,11.36,21.85,22.25,11.61,6.03,11.61,11.82,33.46,17.39,33.46,34.08
130835,342013130835,Newark,NJ,51000,2018,281944,2018,False,881595000,822956000,822181000,822956000,0,0,138060000,137840000,220000,69530000,69475000,55000,0,0,0,29766000,793190000,R,R,0.0,74,True,16.78,15.66,16.78,17.41,8.45,7.89,8.45,8.77,25.22,23.55,25.22,26.17
131239,362055131239,Rochester,NY,63000,2018,209802,2018,False,1664011000,1633556000,1631447000,637446000,996110000,0,93015000,93014000,1000,52613000,52609000,4000,0,0,0,1983000,635463000,R,R,0.493,73,True,5.69,5.59,14.59,14.64,3.22,3.16,8.25,8.28,8.91,8.75,22.85,22.92
131717,372051131717,Fayetteville,NC,22920,2018,201963,2018,False,229145000,219634000,209205000,219634000,0,0,55197000,50752000,4445000,30602000,25923000,4679000,0,0,9015000,0,210619000,R,R,0.055,83,True,25.13,24.09,25.13,26.21,13.93,13.35,13.93,14.53,39.06,37.44,39.06,40.74
131775,372183131775,Cary,NC,10740,2018,159769,2018,False,281821000,193004000,193004000,193004000,0,0,25911000,25311000,600000,23044000,21907000,1137000,0,0,0,0,193004000,R,R,0.0,65,True,13.43,9.19,13.43,13.43,11.94,8.18,11.94,11.94,25.36,17.37,25.36,25.36
133222,412039133222,Eugene,OR,23850,2018,163460,2018,False,581216000,306226000,305417000,306226000,0,0,54629000,54354000,275000,41961000,41647000,314000,0,0,17234000,0,288992000,R,R,0.0,84,True,17.84,9.4,17.84,18.9,13.7,7.22,13.7,14.52,31.54,16.62,31.54,33.42
133470,422003133470,Pittsburgh,PA,61000,2018,304391,2018,False,685963000,685963000,685963000,685963000,0,0,97912000,97912000,0,70320000,70320000,0,0,0,0,19897000,666066000,R,R,0.0,50,True,14.27,14.27,14.27,14.7,10.25,10.25,10.25,10.56,24.52,24.52,24.52,25.26
133602,422101133602,Philadelphia,PA,60000,2018,1567442,2018,False,8091025000,7096452000,6961710000,6961710000,134742000,535245000,677742000,672170000,5572000,254364000,248054000,6310000,0,0,414752000,1741275000,4270438000,R,R,0.0,84,True,9.55,8.38,9.74,15.87,3.58,3.14,3.65,5.96,13.13,11.52,13.39,21.83
135095,482039135095,Pearland,TX,56348,2018,108821,2018,False,154347000,137011000,130074000,137011000,0,1152000,24736000,22061000,2675000,13937000,12987000,950000,0,0,0,1467000,134392000,RS,R,0.0,61,True,18.05,16.03,18.05,18.41,10.17,9.03,10.17,10.37,28.23,25.06,28.23,28.78
135130,482113135130,Carrollton,TX,13024,2018,133168,2018,False,199479000,177568000,167653000,177568000,0,209000,28306000,24806000,3500000,25475000,24085000,1390000,0,0,0,2821000,174538000,R,R,0.0,63,True,15.94,14.19,15.94,16.22,14.35,12.77,14.35,14.6,30.29,26.96,30.29,30.81
135132,482113135132,Mesquite,TX,47892,2018,144788,2018,False,214757000,177034000,177034000,177034000,0,505000,41843000,37353000,4490000,29322000,28338000,984000,0,0,1828000,1483000,173218000,I,I,1.0,89,True,23.64,19.48,23.64,24.16,16.56,13.65,16.56,16.93,40.2,33.14,40.2,41.08
135275,482423135275,Tyler,TX,74144,2018,103700,2018,False,156102000,130801000,129963000,130801000,0,233000,29170000,29133000,37000,19097000,19097000,0,0,0,9622000,605000,120341000,I,I,1.0,72,True,22.3,18.69,22.3,24.24,14.6,12.23,14.6,15.87,36.9,30.92,36.9,40.11
135293,482479135293,Laredo,TX,41464,2018,255473,2018,False,449233000,381597000,381086000,381597000,0,5419000,70674000,70352000,322000,52019000,51978000,41000,0,0,19279000,18225000,338674000,I,I,1.0,92,True,18.52,15.73,18.52,20.87,13.63,11.58,13.63,15.36,32.15,27.31,32.15,36.23
135295,482485135295,Wichita Falls,TX,79000,2018,104710,2018,False,169034000,124931000,124931000,124931000,0,0,23905000,23902000,3000,15859000,15859000,0,0,0,3545000,6046000,115340000,R,R,0.0,71,True,19.13,14.14,19.13,20.73,12.69,9.38,12.69,13.75,31.83,23.52,31.83,34.48
135298,482491135298,Round Rock,TX,63500,2018,115997,2018,False,184538000,154540000,153668000,154540000,0,0,26001000,25002000,999000,16510000,15196000,1314000,196000,0,0,658000,153882000,I,I,1.0,70,True,16.82,14.09,16.82,16.9,10.68,8.95,10.68,10.73,27.51,23.04,27.51,27.63
136056,512650136056,Hampton,VA,35000,2018,136454,2018,False,599822000,594967000,591795000,364185000,230782000,45584000,32190000,30912000,1278000,24702000,24416000,286000,0,0,0,7006000,311595000,R,R,0.073,97,True,5.41,5.37,8.84,10.33,4.15,4.12,6.78,7.93,9.56,9.48,15.62,18.26
136057,512710136057,Norfolk,VA,57000,2018,246393,2018,False,1262044000,1192153000,1182812000,819493000,372660000,87375000,75281000,75281000,0,47826000,44278000,3548000,0,0,48767000,44109000,639242000,S,RS,0.002,101,True,6.31,5.97,9.19,11.78,4.01,3.79,5.84,7.48,10.33,9.75,15.02,19.26
136110,532033136110,Renton,WA,57745,2018,100242,2018,False,207348000,194984000,186231000,194984000,0,38731000,26849000,26849000,0,151000,151000,0,2618000,0,2299000,506000,153448000,R,R,0.0,78,True,13.77,12.95,13.77,17.5,0.08,0.07,0.08,0.1,13.85,13.02,13.85,17.6
136562,552079136562,Milwaukee,WI,53000,2018,600155,2018,False,1347244000,1264035000,1264035000,1264035000,0,7402000,311873000,305981000,5892000,117111000,115917000,1194000,0,0,3407000,23549000,1229677000,R,R,0.0,77,True,24.67,23.15,24.67,25.36,9.26,8.69,9.26,9.52,33.94,31.84,33.94,34.89
160683,012097160683,Mobile,AL,50000,2018,194288,2018,False,412418000,365052000,365052000,365052000,0,8470000,49955000,49955000,0,31997000,31997000,0,0,0,0,12553000,344029000,R,R,0.0,64,True,13.68,12.11,13.68,14.52,8.77,7.76,8.77,9.3,22.45,19.87,22.45,23.82
160723,012125160723,Tuscaloosa,AL,77256,2018,98332,2018,False,192697000,165355000,157446000,165355000,0,366000,33414000,29441000,3973000,21784000,21784000,0,0,0,2266000,223000,162500000,R,R,0.0,64,True,20.21,17.34,20.21,20.56,13.17,11.3,13.17,13.41,33.38,28.64,33.38,33.97
160830,042013160830,Buckeye,AZ,07940,2018,62138,2018,False,103885000,71274000,70676000,71274000,0,419000,17169000,16868000,301000,13648000,13475000,173000,0,0,650000,0,70205000,R,R,0.0,58,True,24.09,16.53,24.09,24.46,19.15,13.14,19.15,19.44,43.24,29.66,43.24,43.9
160831,042013160831,Gilbert,AZ,27400,2018,247542,2018,False,344228000,279136000,270537000,279136000,0,1528000,52261000,51497000,764000,35106000,35067000,39000,147000,0,0,0,277608000,R,R,0.0,74,True,18.72,15.18,18.72,18.83,12.58,10.2,12.58,12.65,31.3,25.38,31.3,31.47
160832,042013160832,Peoria,AZ,54050,2018,171237,2018,False,310636000,257682000,257682000,257682000,0,0,47838000,47838000,0,30704000,30704000,0,0,0,0,0,257682000,I,I,1.0,51,True,18.56,15.4,18.56,18.56,11.92,9.88,11.92,11.92,30.48,25.28,30.48,30.48
160833,042013160833,Tempe,AZ,73000,2018,175826,2018,False,468058000,358907000,358907000,358907000,0,0,96824000,93087000,3737000,37445000,35243000,2202000,0,0,0,0,358907000,I,I,1.0,60,True,26.98,20.69,26.98,26.98,10.43,8.0,10.43,10.43,37.41,28.69,37.41,37.41
160840,042019160840,Tucson,AZ,77000,2018,531641,2018,False,1001488000,687623000,687151000,687623000,0,0,206262000,204637000,1625000,97439000,97397000,42000,0,0,29211000,0,658412000,I,I,1.0,70,True,30.0,20.6,30.0,31.33,14.17,9.73,14.17,14.8,44.17,30.32,44.17,46.13
161170,062037161170,Glendale,CA,30000,2018,201020,2018,False,603989000,404537000,404537000,404537000,0,0,82568000,82568000,0,55214000,55214000,0,0,0,0,5698000,398839000,R,R,0.053,58,True,20.41,13.67,20.41,20.7,13.65,9.14,13.65,13.84,34.06,22.81,34.06,34.55
161173,062037161173,Long Beach,CA,43000,2018,474140,2018,False,1901682000,1693573000,1693573000,1693573000,0,0,244531000,244444000,87000,74377000,74377000,0,0,0,455314000,70829000,1167430000,IR,R,0.199,76,True,14.44,12.86,14.44,20.95,4.39,3.91,4.39,6.37,18.83,16.77,18.83,27.32
161174,062037161174,Los Angeles,CA,44000,2018,3971883,2018,False,14672075000,9826310000,9627479000,9816556000,9754000,80690000,1874775000,1856752000,18023000,450595000,450595000,0,1700000,0,2214690000,428866000,7092310000,IR,R,0.264,98,True,19.08,12.78,19.1,26.43,4.59,3.07,4.59,6.35,23.66,15.85,23.69,32.79
161218,062059161218,Fullerton,CA,28000,2018,140847,2018,False,199824000,170214000,170214000,170214000,0,0,44228000,44228000,0,20596000,20237000,359000,0,0,1929000,1319000,166966000,R,IR,0.215,69,True,25.98,22.13,25.98,26.49,12.1,10.31,12.1,12.34,38.08,32.44,38.08,38.82
161229,062059161229,Irvine,CA,36770,2018,256927,2018,False,328027000,324192000,324192000,324192000,0,0,77119000,76527000,592000,0,0,0,0,0,0,5760000,318432000,IR,-,0.203,52,True,23.79,23.51,23.79,24.22,0.0,0.0,0.0,0.0,23.79,23.51,23.79,24.22
161241,062067161241,Sacramento,CA,64000,2018,490712,2018,False,1120627000,1020776000,926837000,1020776000,0,6496000,169249000,169249000,0,120395000,120395000,0,0,4985000,775000,21771000,991734000,R,R,0.026,79,True,16.58,15.1,16.58,17.07,11.79,10.74,11.79,12.14,28.37,25.85,28.37,29.21
161246,062071161246,Ontario,CA,53896,2018,171214,2018,False,597184000,543442000,543442000,543442000,0,0,110042000,103922000,6120000,55982000,55692000,290000,0,0,0,1157000,542285000,IR,IR,0.199,60,True,20.25,18.43,20.25,20.29,10.3,9.37,10.3,10.32,30.55,27.8,30.55,30.62
161254,062073161254,Carlsbad,CA,11194,2018,113453,2018,False,284400000,224669000,213579000,224669000,0,0,36056000,35203000,853000,8536000,5208000,3328000,0,0,0,17750000,206919000,IR,IR,0.197,69,True,16.05,12.68,16.05,17.43,3.8,3.0,3.8,4.13,19.85,15.68,19.85,21.55
161255,062073161255,Escondido,CA,22804,2018,151451,2018,False,260864000,170111000,169530000,170111000,0,0,43207000,43207000,0,24536000,24536000,0,0,0,0,1559000,168552000,R,R,0.114,58,True,25.4,16.56,25.4,25.63,14.42,9.41,14.42,14.56,39.82,25.97,39.82,40.19
161256,062073161256,Oceanside,CA,53322,2018,175691,2018,False,385585000,290159000,287273000,290031000,128000,0,61502000,59545000,1957000,29461000,29461000,0,0,0,7440000,673000,281918000,IR,R,0.138,79,True,21.2,15.95,21.21,21.82,10.15,7.64,10.16,10.45,31.35,23.59,31.36,32.27
161258,062075161258,San Francisco And County,CA,67000,2018,864816,2018,False,13025328000,10544644000,10352669000,10544644000,0,1886891000,538946000,538946000,0,307681000,304857000,2824000,0,0,1481824000,2025704000,5150225000,R,R,0.02,107,True,5.11,4.14,5.11,10.46,2.92,2.36,2.92,5.97,8.03,6.5,8.03,16.44
161280,062085161280,Santa Clara,CA,69084,2018,126215,2018,False,1118872000,500232000,441232000,500232000,0,0,78326000,78326000,0,47843000,47454000,389000,312000,0,0,2635000,497597000,R,IR,0.058,70,True,15.66,7.0,15.66,15.74,9.56,4.28,9.56,9.61,25.22,11.28,25.22,25.36
161299,062111161299,Oxnard,CA,54652,2018,207254,2018,False,399378000,343353000,343353000,343353000,0,0,71471000,71471000,0,31300000,31300000,0,0,0,0,13722000,329631000,R,R,0.022,53,True,20.82,17.9,20.82,21.68,9.12,7.84,9.12,9.5,29.93,25.73,29.93,31.18
161328,082001161328,Thornton,CO,77290,2018,133451,2018,False,239539000,190882000,190882000,190882000,0,0,34541000,34541000,0,16637000,16637000,0,0,0,0,560000,190322000,I,I,1.0,60,True,18.1,14.42,18.1,18.15,8.72,6.95,8.72,8.74,26.81,21.37,26.81,26.89
161337,082013161337,Boulder,CO,07850,2018,107349,2018,False,383550000,367047000,367047000,367047000,0,0,40340000,40209000,131000,27379000,23978000,3401000,0,0,546000,0,366501000,I,I,1.0,75,True,10.99,10.52,10.99,11.01,7.46,7.14,7.46,7.47,18.45,17.66,18.45,18.48
161362,082041161362,Colorado Springs,CO,16000,2018,456568,2018,False,1389061000,559875000,559875000,559875000,0,0,96897000,96737000,160000,49620000,49020000,600000,0,0,16832000,0,543043000,R,R,0.0,67,True,17.31,6.98,17.31,17.84,8.86,3.57,8.86,9.14,26.17,10.55,26.17,26.98
161374,082059161374,Arvada,CO,03455,2018,115368,2018,False,0,0,0,0,0,0,0,0,0,0,0,0,0,0,0,0,0,-,-,,8,False,,,,,,,,,,,,
161376,082059161376,Lakewood,CO,43000,2018,152597,2018,False,212719000,209962000,209962000,209962000,0,792000,59306000,57293000,2013000,0,0,0,0,0,0,1926000,207244000,I,-,1.0,78,True,28.25,27.88,28.25,28.62,0.0,0.0,0.0,0.0,28.25,27.88,28.25,28.62
161441,092110161441,Hartford,CT,37000,2018,124006,2018,False,807179000,807179000,759897000,338078000,469101000,0,53042000,52718000,324000,17971000,17505000,466000,0,0,0,14203000,323875000,R,R,0.0,60,True,6.57,6.57,15.69,16.38,2.23,2.23,5.32,5.55,8.8,8.8,21.0,21.93
161447,092170161447,New Haven,CT,52000,2018,130322,2018,False,853984000,853984000,833406000,456124000,397860000,0,40882000,40882000,0,35308000,35308000,0,0,0,676000,3681000,451767000,R,R,0.0,55,True,4.79,4.79,8.96,9.05,4.13,4.13,7.74,7.82,8.92,8.92,16.7,16.86
161572,122001161572,Gainesville,FL,25175,2018,130128,2018,False,710605000,251031000,251031000,251031000,0,1343000,36548000,35922000,626000,21857000,18729000,3128000,0,0,314000,4568000,244806000,R,R,0.0,86,True,14.56,5.14,14.56,14.93,8.71,3.08,8.71,8.93,23.27,8.22,23.27,23.86
161585,122011161585,Fort Lauderdale,FL,24000,2018,178590,2018,False,537938000,415963000,415963000,415963000,0,0,102213000,101272000,941000,71436000,70518000,918000,0,0,9209000,0,406754000,R,R,0.0,67,True,24.57,19.0,24.57,25.13,17.17,13.28,17.17,17.56,41.75,32.28,41.75,42.69
161586,122011161586,Hollywood,FL,32000,2018,149728,2018,False,334910000,300874000,300874000,300874000,0,0,74872000,74507000,365000,54350000,51669000,2681000,0,0,0,0,300874000,R,R,0.085,65,True,24.88,22.36,24.88,24.88,18.06,16.23,18.06,18.06,42.95,38.58,42.95,42.95
161588,122011161588,Pompano Beach,FL,58050,2018,107762,2018,False,236951000,215938000,215938000,215938000,0,0,45043000,45025000,18000,23236000,21589000,1647000,0,0,2415000,15851000,197672000,R,R,0.0,70,True,20.86,19.01,20.86,22.79,10.76,9.81,10.76,11.75,31.62,28.82,31.62,34.54
161593,122011161593,Pembroke Pines,FL,55775,2018,166611,2018,False,368317000,360214000,360214000,360214000,0,1261000,58730000,56041000,2689000,44644000,44644000,0,0,0,0,0,358953000,R,R,0.0,62,True,16.3,15.95,16.3,16.36,12.39,12.12,12.39,12.44,28.7,28.07,28.7,28.8
161594,122011161594,Davie,FL,16475,2018,100882,2018,False,165880000,143277000,143277000,143277000,0,0,45034000,44487000,547000,22200000,20111000,2089000,0,0,0,21254000,122023000,R,R,0.0,53,True,31.43,27.15,31.43,36.91,15.49,13.38,15.49,18.19,46.93,40.53,46.93,55.1
161595,122011161595,Coral Springs,FL,14400,2018,129485,2018,False,198296000,181373000,181373000,181373000,0,0,50778000,49589000,1189000,26601000,21131000,5470000,0,0,0,9797000,171576000,R,R,0.0,61,True,28.0,25.61,28.0,29.6,14.67,13.41,14.67,15.5,42.66,39.02,42.66,45.1
161604,122086161604,Hialeah,FL,30000,2018,237069,2018,False,284494000,262082000,262082000,256417000,5665000,124000,50304000,49449000,855000,47456000,45958000,1498000,0,0,0,0,256293000,R,R,0.0,72,True,19.19,17.68,19.62,19.63,18.11,16.68,18.51,18.52,37.3,34.36,38.13,38.14
161633,122057161633,Tampa,FL,71000,2018,369075,2018,False,1093378000,975662000,975662000,975662000,0,0,159058000,157149000,1909000,85710000,84477000,1233000,0,0,0,0,975662000,R,R,0.0,75,True,16.3,14.55,16.3,16.3,8.78,7.84,8.78,8.78,25.09,22.39,25.09,25.09
161649,122071161649,Cape Coral,FL,10275,2018,175229,2018,False,324557000,266636000,266636000,243491000,23145000,0,36103000,34922000,1181000,29203000,27520000,1683000,0,0,0,0,243491000,R,R,0.0,59,True,13.54,11.12,14.83,14.83,10.95,9.0,11.99,11.99,24.49,20.12,26.82,26.82
161650,122073161650,Tallahassee,FL,70600,2018,189907,2018,False,701549000,362677000,362497000,362677000,0,0,60642000,60087000,555000,43533000,42744000,789000,0,0,25401000,0,337276000,R,R,0.0,86,True,16.72,8.64,16.72,17.98,12.0,6.21,12.0,12.91,28.72,14.85,28.72,30.89
161665,122095161665,Orlando,FL,53000,2018,270934,2018,False,872352000,872352000,872352000,872352000,0,0,160403000,158289000,2114000,114912000,112617000,2295000,0,0,0,0,872352000,R,R,0.0,63,True,18.39,18.39,18.39,18.39,13.17,13.17,13.17,13.17,31.56,31.56,31.56,31.56
161679,122099161679,West Palm Beach,FL,76600,2018,106779,2018,False,296340000,288678000,288678000,288678000,0,0,57356000,54362000,2994000,34545000,34471000,74000,0,0,0,1918000,286760000,R,R,0.0,66,True,19.87,19.35,19.87,20.0,11.97,11.66,11.97,12.05,31.84,31.01,31.84,32.05
161693,122103161693,St Petersburg,FL,63000,2018,257083,2018,False,584613000,453630000,453630000,453630000,0,0,115356000,105529000,9827000,32928000,31840000,1088000,0,0,4660000,13205000,435765000,R,R,0.0,72,True,25.43,19.73,25.43,26.47,7.26,5.63,7.26,7.56,32.69,25.36,32.69,34.03
161710,122111161710,Port St Lucie,FL,58715,2018,179413,2018,False,274393000,232769000,232769000,232769000,0,0,43138000,39976000,3162000,0,0,0,0,0,0,19471000,213298000,R,-,0.0,58,True,18.53,15.72,18.53,20.22,0.0,0.0,0.0,0.0,18.53,15.72,18.53,20.22
161834,132059161834,Athens-Clarke County Unified Government,GA,03436,2018,123912,2018,False,267270000,246650000,246036000,246650000,0,16695000,29892000,27791000,2101000,14120000,13511000,609000,0,0,2489000,1805000,225661000,R,R,0.0,87,True,12.12,11.18,12.12,13.25,5.72,5.28,5.72,6.26,17.84,16.47,17.84,19.5
161944,132215161944,Columbus Consolidated Government,GA,19000,2018,200579,2018,False,363935000,334764000,318941000,334764000,0,42856000,51076000,49517000,1559000,28095000,27770000,325000,0,0,5136000,17147000,269625000,R,R,0.0,94,True,15.26,14.03,15.26,18.94,8.39,7.72,8.39,10.42,23.65,21.75,23.65,29.36
162035,162001162035,Boise,ID,08830,2018,218281,2018,False,376136000,369996000,368911000,369996000,0,0,56640000,54020000,2620000,54829000,52548000,2281000,0,0,34541000,946000,334509000,I,I,0.941,74,True,15.31,15.06,15.31,16.93,14.82,14.58,14.82,16.39,30.13,29.64,30.13,33.32
162037,162001162037,Meridian,ID,52120,2018,90739,2018,False,76991000,69030000,69030000,69030000,0,0,15769000,14930000,839000,10180000,9923000,257000,0,0,0,0,69030000,R,R,0.0,39,True,22.84,20.48,22.84,22.84,14.75,13.22,14.75,14.75,37.59,33.7,37.59,37.59
162062,162027162062,Nampa,ID,56260,2018,89839,2018,False,98131000,92566000,92566000,92566000,0,0,19960000,19960000,0,13008000,13008000,0,0,0,408000,0,92158000,I,I,1.0,54,True,21.56,20.34,21.56,21.66,14.05,13.26,14.05,14.11,35.62,33.6,35.62,35.77
162236,172031162236,Chicago,IL,14000,2018,2720546,2018,False,8719353000,8078060000,8078060000,8078060000,0,325209000,1510998000,1489591000,21407000,583347000,579069000,4278000,0,0,1586426000,147708000,6018717000,R,R,0.0,101,True,18.7,17.33,18.7,25.1,7.22,6.69,7.22,9.69,25.93,24.02,25.93,34.8
162299,172043162299,Naperville,IL,51622,2018,147100,2018,False,353444000,171648000,171648000,171648000,0,0,38442000,38442000,0,33210000,33210000,0,0,0,0,0,171648000,R,R,0.0,35,True,22.4,10.88,22.4,22.4,19.35,9.4,19.35,19.35,41.74,20.27,41.74,41.74
162629,172167162629,Springfield,IL,72000,2018,116565,2018,False,412194000,196707000,194444000,196707000,0,0,46929000,46382000,547000,37151000,37131000,20000,0,0,0,0,196707000,R,R,0.0,62,True,23.86,11.39,23.86,23.86,18.89,9.01,18.89,18.89,42.74,20.4,42.74,42.74
162690,172197162690,Joliet,IL,38570,2018,147861,2018,False,237824000,205661000,205661000,205661000,0,0,40818000,39919000,899000,26801000,26801000,0,0,0,0,0,205661000,R,R,0.0,54,True,19.85,17.16,19.85,19.85,13.03,11.27,13.03,13.03,32.88,28.43,32.88,32.88
163465,182003163465,Fort Wayne,IN,25000,2018,260326,2018,False,369633000,337479000,337479000,337479000,0,0,73773000,73170000,603000,40189000,38767000,1422000,0,0,476000,3040000,333963000,R,R,0.189,80,True,21.86,19.96,21.86,22.09,11.91,10.87,11.91,12.03,33.77,30.83,33.77,34.12
163681,182163163681,Evansville,IN,22000,2018,119943,2018,False,265764000,210102000,210102000,210102000,0,0,34020000,33932000,88000,29284000,28348000,936000,0,0,15563000,850000,193689000,R,R,0.0,82,True,16.19,12.8,16.19,17.56,13.94,11.02,13.94,15.12,30.13,23.82,30.13,32.68
164470,192113164470,Cedar Rapids,IA,12000,2018,130405,2018,False,394367000,347105000,347105000,347105000,0,0,39477000,39477000,0,21343000,21343000,0,0,0,29555000,1223000,316327000,R,R,0.0,72,True,11.37,10.01,11.37,12.48,6.15,5.41,6.15,6.75,17.52,15.42,17.52,19.23
164885,202177164885,Topeka,KS,71000,2018,127265,2018,False,242873000,195795000,195795000,195795000,0,741000,38141000,36661000,1480000,26687000,26687000,0,0,0,0,0,195054000,I,I,1.0,62,True,19.48,15.7,19.48,19.55,13.63,10.99,13.63,13.68,33.11,26.69,33.11,33.24
164911,202209164911,Wyandotte County And Kansas Unified Government,KS,36000,2018,151306,2018,False,722443000,388662000,388662000,388662000,0,30309000,52771000,49529000,3242000,55536000,53073000,2463000,0,0,0,21905000,336448000,I,I,1.0,86,True,13.58,7.3,13.58,15.68,14.29,7.69,14.29,16.51,27.87,14.99,27.87,32.19
165831,212067165831,Lexington-Fayette Urban County Government,KY,46027,2018,314488,2018,False,546418000,520459000,520459000,520459000,0,44353000,65381000,60837000,4544000,64373000,58987000,5386000,0,0,13391000,0,462715000,R,R,0.0,91,True,12.56,11.97,12.56,14.13,12.37,11.78,12.37,13.91,24.93,23.75,24.93,28.04
165866,212111165866,Louisville-Jefferson County Metro Government,KY,48003,2018,763623,2018,False,1599775000,1245048000,1186621000,1171909000,73139000,78771000,189041000,188445000,596000,59435000,58491000,944000,0,0,54569000,68086000,970483000,R,R,0.0,107,True,15.18,11.82,16.13,19.48,4.77,3.72,5.07,6.12,19.96,15.53,21.2,25.6
166054,222033166054,Baton Rouge-East Baton Rouge-Parish,LA,05000,2018,228590,2018,False,1177965000,1145421000,1121017000,1145421000,0,121302000,149009000,145821000,3188000,65948000,63862000,2086000,0,0,35353000,57586000,931180000,R,R,0.01,117,True,13.01,12.65,13.01,16.0,5.76,5.6,5.76,7.08,18.77,18.25,18.77,23.08
166076,222055166076,Lafayette-Parish,LA,40735,2018,127657,2018,False,667504000,430843000,430715000,430843000,0,8908000,96556000,91789000,4767000,25234000,23729000,1505000,0,0,21191000,6534000,394210000,R,R,0.0,117,True,22.41,14.47,22.41,24.49,5.86,3.78,5.86,6.4,28.27,18.25,28.27,30.89
166094,222071166094,New Orleans,LA,55000,2018,389617,2018,False,1692533000,1577575000,1577575000,1577575000,0,62303000,76218000,76218000,0,110687000,110687000,0,0,0,325726000,36258000,1153288000,R,S,0.0,73,True,4.83,4.5,4.83,6.61,7.02,6.54,7.02,9.6,11.85,11.04,11.85,16.21
166441,252005166441,New Bedford,MA,45000,2018,94958,2018,False,375312000,364731000,358020000,151082000,213649000,2772000,25200000,25000000,200000,17528000,16965000,563000,0,0,645000,4379000,143286000,R,R,0.0,78,True,6.91,6.71,16.68,17.59,4.81,4.67,11.6,12.23,11.71,11.38,28.28,29.82
166448,252017166448,Cambridge,MA,11000,2018,110402,2018,False,1251613000,1223731000,1221465000,957873000,265858000,663507000,39452000,38915000,537000,29385000,29244000,141000,0,0,0,58000,294308000,R,R,0.0,83,True,3.22,3.15,4.12,13.41,2.4,2.35,3.07,9.98,5.63,5.5,7.19,23.39
166449,252017166449,Lowell,MA,37000,2018,110699,2018,False,423851000,413470000,403529000,170675000,242795000,789000,27336000,26985000,351000,18425000,18253000,172000,0,0,0,2414000,167472000,R,R,0.0,77,True,6.61,6.45,16.02,16.32,4.46,4.35,10.8,11.0,11.07,10.8,26.81,27.32
166454,252021166454,Quincy,MA,55745,2018,93618,2018,False,520560000,512174000,475892000,288424000,223750000,1433000,27806000,27806000,0,23942000,23942000,0,0,0,0,4216000,282775000,R,R,0.0,67,True,5.43,5.34,9.64,9.83,4.67,4.6,8.3,8.47,10.1,9.94,17.94,18.3
166455,252023166455,Brockton,MA,09000,2018,95314,2018,False,399448000,378933000,371316000,127497000,251436000,954000,25904000,25599000,305000,24091000,23621000,470000,0,0,0,957000,125586000,R,R,0.0,73,True,6.84,6.48,20.32,20.63,6.36,6.03,18.9,19.18,13.19,12.52,39.21,39.81
166690,262065166690,Lansing,MI,46000,2018,115056,2018,False,1021255000,239093000,239038000,239093000,0,0,42542000,42542000,0,33317000,33317000,0,0,0,0,0,239093000,R,R,0.0,69,True,17.79,4.17,17.79,17.79,13.93,3.26,13.93,13.93,31.73,7.43,31.73,31.73
166734,262099166734,Sterling Heights,MI,76460,2018,132052,2018,False,192136000,162759000,158780000,162759000,0,0,30875000,30582000,293000,18519000,18387000,132000,0,0,0,0,162759000,R,R,0.0,54,True,18.97,16.07,18.97,18.97,11.38,9.64,11.38,11.38,30.35,25.71,30.35,30.35
166817,262163166817,Detroit,MI,22000,2018,677116,2018,False,2019087000,1737202000,1737202000,1737202000,0,0,288281000,286837000,1444000,110369000,110369000,0,0,0,2254000,32933000,1702015000,R,R,0.0,66,True,16.59,14.28,16.59,16.94,6.35,5.47,6.35,6.48,22.95,19.74,22.95,23.42
167574,272109167574,Rochester,MN,54880,2018,112225,2018,False,540233000,318900000,318900000,318900000,0,0,33010000,31117000,1893000,16252000,16072000,180000,0,0,13156000,0,305744000,R,R,0.195,65,True,10.35,6.11,10.35,10.8,5.1,3.01,5.1,5.32,15.45,9.12,15.45,16.11
167605,272123167605,St Paul,MN,58000,2018,300851,2018,False,716762000,646609000,645676000,646609000,0,0,100462000,99282000,1180000,64699000,63022000,1677000,0,0,16828000,3228000,626553000,R,R,0.0,78,True,15.54,14.02,15.54,16.03,10.01,9.03,10.01,10.33,25.54,23.04,25.54,26.36
168809,292019168809,Columbia,MO,15670,2018,119108,2018,False,343772000,165903000,165903000,165903000,0,0,17146000,16240000,906000,14105000,12380000,1725000,0,0,13082000,5560000,147261000,R,R,0.0,90,True,10.33,4.99,10.33,11.64,8.5,4.1,8.5,9.58,18.84,9.09,18.84,21.22
168896,292077168896,Springfield,MO,70000,2018,166810,2018,False,665089000,303198000,303198000,303198000,0,3441000,65314000,63893000,1421000,23870000,23224000,646000,0,0,16820000,9083000,273854000,R,R,0.0,77,True,21.54,9.82,21.54,23.85,7.87,3.59,7.87,8.72,29.41,13.41,29.41,32.57
168926,292095168926,Lees Summit,MO,41348,2018,95094,2018,False,154298000,138837000,138837000,138837000,0,0,20370000,20370000,0,17970000,17970000,0,0,0,2382000,0,136455000,R,R,0.0,50,True,14.67,13.2,14.67,14.93,12.94,11.65,12.94,13.17,27.62,24.85,27.62,28.1
169159,292510169159,St Louis,MO,65000,2018,315685,2018,False,1122628000,1032111000,1032111000,1032111000,0,53231000,192609000,192609000,0,75831000,75831000,0,0,0,108753000,55587000,814540000,R,R,0.0,63,True,18.66,17.16,18.66,23.65,7.35,6.75,7.35,9.31,26.01,23.91,26.01,32.96
169646,312109169646,Lincoln,NE,28000,2018,277348,2018,False,408764000,329068000,329068000,329068000,0,8578000,41973000,41043000,930000,26835000,26241000,594000,0,0,0,23153000,297337000,R,R,0.0,73,True,12.76,10.27,12.76,14.12,8.15,6.56,8.15,9.03,20.91,16.83,20.91,23.14
169987,322003169987,Henderson,NV,31900,2018,285667,2018,False,449070000,382499000,382499000,382499000,0,21977000,91113000,89593000,1520000,53274000,51926000,1348000,0,0,0,0,360522000,R,R,0.0,64,True,23.82,20.29,23.82,25.27,13.93,11.86,13.93,14.78,37.75,32.15,37.75,40.05
169988,322003169988,Las Vegas,NV,40000,2018,623747,2018,False,856714000,856714000,702852000,856714000,0,67006000,12434000,12413000,21000,146228000,142718000,3510000,142343000,0,0,4950000,784758000,R,R,0.0,77,True,1.45,1.45,1.45,1.58,17.07,17.07,17.07,18.63,18.52,18.52,18.52,20.22
169993,322031169993,Reno,NV,60600,2018,241445,2018,False,329694000,329694000,329694000,329694000,0,0,69276000,68980000,296000,52892000,52226000,666000,0,0,0,0,329694000,R,R,0.0,59,True,21.01,21.01,21.01,21.01,16.04,16.04,16.04,16.04,37.05,37.05,37.05,37.05
170001,332011170001,Manchester,NH,45140,2018,110229,2018,False,427389000,400571000,397123000,220800000,179771000,950000,24354000,24354000,0,19861000,19861000,0,0,0,33160000,2745000,183945000,R,R,0.41,65,True,6.08,5.7,11.03,13.24,4.96,4.65,9.0,10.8,11.04,10.35,20.02,24.04
170378,352001170378,Albuquerque,NM,02000,2018,559121,2018,False,1070892000,845809000,845809000,845809000,0,18598000,177302000,177302000,0,80415000,80415000,0,0,0,44989000,27282000,754940000,R,R,0.0,78,True,20.96,16.56,20.96,23.49,9.51,7.51,9.51,10.65,30.47,24.07,30.47,34.14
170404,352043170404,Rio Rancho,NM,63460,2018,94171,2018,False,110433000,76275000,76275000,76275000,0,1433000,19281000,18534000,747000,11898000,11898000,0,0,0,0,0,74842000,R,R,0.0,73,True,25.28,17.46,25.28,25.76,15.6,10.77,15.6,15.9,40.88,28.23,40.88,41.66
170440,362001170440,Albany,NY,01000,2018,98469,2018,False,174915000,174915000,174771000,174915000,0,0,58692000,55608000,3084000,33842000,33719000,123000,0,0,0,435000,174480000,R,R,0.0,61,True,33.55,33.55,33.55,33.64,19.35,19.35,19.35,19.4,52.9,52.9,52.9,53.03
170582,362067170582,Syracuse,NY,73000,2018,144142,2018,False,827182000,813068000,811334000,334919000,478149000,0,51679000,49123000,2556000,35394000,30788000,4606000,0,0,29787000,375000,304757000,R,R,0.558,74,True,6.36,6.25,15.43,16.96,4.35,4.28,10.57,11.61,10.71,10.53,26.0,28.57
171207,372081171207,Greensboro,NC,28000,2018,285342,2018,False,547568000,427791000,426056000,427791000,0,0,77321000,77088000,233000,54476000,51736000,2740000,0,0,0,355000,427436000,R,R,0.0,86,True,18.07,14.12,18.07,18.09,12.73,9.95,12.73,12.74,30.81,24.07,30.81,30.83
171248,372129171248,Wilmington,NC,74440,2018,115933,2018,False,145715000,142805000,142805000,142805000,0,571000,31694000,30994000,700000,20226000,17774000,2452000,0,0,0,0,142234000,R,R,0.0,63,True,22.19,21.75,22.19,22.28,14.16,13.88,14.16,14.22,36.36,35.63,36.36,36.5
171305,372183171305,Raleigh,NC,55000,2018,451066,2018,False,826965000,593898000,590750000,593898000,0,1681000,110848000,110105000,743000,68252000,62439000,5813000,0,0,0,0,592217000,R,R,0.0,76,True,18.66,13.4,18.66,18.72,11.49,8.25,11.49,11.52,30.16,21.66,30.16,30.24
171371,382017171371,Fargo,ND,25700,2018,118523,2018,False,382708000,361905000,361905000,361905000,0,1273000,19674000,19426000,248000,12884000,12783000,101000,0,0,13471000,11730000,335431000,S,S,0.0,77,True,5.44,5.14,5.44,5.87,3.56,3.37,3.56,3.84,9.0,8.51,9.0,9.71
172358,392035172358,Cleveland,OH,16000,2018,388072,2018,False,1360026000,912397000,912397000,912397000,0,17081000,189933000,189933000,0,87883000,87883000,0,0,0,119871000,43968000,731477000,R,R,0.0,73,True,20.82,13.97,20.82,25.97,9.63,6.46,9.63,12.01,30.45,20.43,30.45,37.98
172543,392113172543,Dayton,OH,21000,2018,140599,2018,False,397225000,332832000,331177000,332832000,0,0,51887000,51887000,0,39183000,39183000,0,0,0,48544000,0,284288000,R,R,0.0,52,True,15.59,13.06,15.59,18.25,11.77,9.86,11.77,13.78,27.36,22.93,27.36,32.03
173685,412051173685,Gresham,OR,31250,2018,110553,2018,False,153550000,142826000,141446000,142826000,0,0,32109000,31710000,399000,23440000,22811000,629000,1000,970000,0,0,142826000,R,R,0.0,79,True,22.48,20.91,22.48,22.48,16.41,15.27,16.41,16.41,38.89,36.18,38.89,38.89
174015,422077174015,Allentown,PA,02000,2018,120207,2018,False,180917000,180917000,180917000,180917000,0,0,36741000,36733000,8000,17833000,17833000,0,0,0,0,7643000,173274000,R,R,0.0,49,True,20.31,20.31,20.31,21.2,9.86,9.86,9.86,10.29,30.17,30.17,30.17,31.5
174889,452019174889,Charleston,SC,13330,2018,132609,2018,False,224518000,183601000,183601000,183601000,0,581000,51324000,51324000,0,30276000,30276000,0,0,0,0,0,183020000,I,I,0.996,47,True,27.95,22.86,27.95,28.04,16.49,13.48,16.49,16.54,44.44,36.34,44.44,44.59
174894,452019174894,North Charleston,SC,50875,2018,108304,2018,False,147873000,147873000,147873000,147873000,0,0,37558000,36423000,1135000,23408000,22606000,802000,0,0,0,0,147873000,R,R,0.0,52,True,25.4,25.4,25.4,25.4,15.83,15.83,15.83,15.83,41.23,41.23,41.23,41.23
174959,452079174959,Columbia,SC,16000,2018,133803,2018,False,319711000,262678000,261985000,262678000,0,1415000,49970000,47560000,2410000,47800000,47027000,773000,0,0,0,1965000,259298000,R,R,0.0,89,True,19.02,15.63,19.02,19.27,18.2,14.95,18.2,18.43,37.22,30.58,37.22,37.71
175728,472037175728,Nashville-Davidson County Metropolitan Government,TN,52004,2018,678889,2018,False,5142481000,3657186000,3653703000,2448372000,1208814000,230099000,264425000,219864000,44561000,134704000,131978000,2726000,0,0,0,68425000,2149848000,R,R,0.0,123,True,7.23,5.14,10.8,12.3,3.68,2.62,5.5,6.27,10.91,7.76,16.3,18.57
175780,472093175780,Knoxville,TN,40000,2018,185291,2018,False,1043868000,273359000,273359000,273359000,0,0,33921000,33267000,654000,24195000,24186000,9000,0,0,0,0,273359000,I,I,1.0,80,True,12.41,3.25,12.41,12.41,8.85,2.32,8.85,8.85,21.26,5.57,21.26,21.26
175826,472157175826,Memphis,TN,48000,2018,655770,2018,False,3051557000,1286751000,1286694000,1286751000,0,337000,267665000,256809000,10856000,176420000,172051000,4369000,0,0,1134000,89000,1285191000,R,R,0.0,115,True,20.8,8.77,20.8,20.83,13.71,5.78,13.71,13.73,34.51,14.55,34.51,34.55
175981,482027175981,Killeen,TX,39148,2018,140806,2018,False,145411000,127560000,127560000,127560000,0,0,28933000,28922000,11000,25536000,21134000,4402000,0,0,5495000,800000,121265000,AR,R,0.0,77,True,22.68,19.9,22.68,23.86,20.02,17.56,20.02,21.06,42.7,37.46,42.7,44.92
175988,482029175988,San Antonio,TX,65000,2018,1469845,2018,False,5261672000,2389186000,2389186000,2331455000,57731000,114725000,398842000,396185000,2657000,283817000,277417000,6400000,0,0,193656000,34545000,1988529000,R,R,0.0,127,True,16.69,7.58,17.11,20.06,11.88,5.39,12.17,14.27,28.57,12.97,29.28,34.33
176022,482061176022,Brownsville,TX,10768,2018,183887,2018,False,319835000,171606000,171606000,171606000,0,1191000,33224000,33224000,0,21884000,21884000,0,0,0,4521000,1953000,163941000,R,R,0.0,65,True,19.36,10.39,19.36,20.27,12.75,6.84,12.75,13.35,32.11,17.23,32.11,33.61
176053,482085176053,Plano,TX,58016,2018,283558,2018,False,540995000,454429000,415427000,454429000,0,0,68499000,68427000,72000,55687000,55687000,0,0,0,0,3973000,450456000,I,I,1.0,68,True,15.07,12.66,15.07,15.21,12.25,10.29,12.25,12.36,27.33,22.96,27.33,27.57
176060,482091176060,New Braunfels,TX,50820,2018,70543,2018,False,214913000,101306000,101306000,101306000,0,0,15896000,15383000,513000,18134000,15189000,2945000,0,0,2366000,1672000,97268000,I,I,1.0,70,True,15.69,7.4,15.69,16.34,17.9,8.44,17.9,18.64,33.59,15.83,33.59,34.99
176079,482113176079,Irving,TX,37000,2018,236607,2018,False,405066000,350756000,350756000,350756000,0,0,57200000,57145000,55000,46184000,44331000,1853000,0,0,0,1830000,348926000,R,R,0.0,66,True,16.31,14.12,16.31,16.39,13.17,11.4,13.17,13.24,29.47,25.52,29.47,29.63
176107,482135176107,Odessa,TX,53388,2018,118968,2018,False,178287000,142732000,142330000,142732000,0,402000,24833000,24215000,618000,19355000,18933000,422000,0,0,0,4000,142326000,I,I,1.0,72,True,17.4,13.93,17.4,17.45,13.56,10.86,13.56,13.6,30.96,24.78,30.96,31.05
176118,482141176118,El Paso,TX,24000,2018,681124,2018,False,1056263000,807842000,807842000,807842000,0,895000,125778000,123383000,2395000,103266000,102441000,825000,0,0,50804000,23864000,732279000,R,R,0.0,106,True,15.57,11.91,15.57,17.18,12.78,9.78,12.78,14.1,28.35,21.68,28.35,31.28
176132,482157176132,Sugar Land,TX,70808,2018,88156,2018,False,201509000,172629000,172629000,172629000,0,410000,24280000,23570000,710000,14981000,14395000,586000,0,0,16425000,1065000,154729000,R,R,0.0,58,True,14.06,12.05,14.06,15.69,8.68,7.43,8.68,9.68,22.74,19.48,22.74,25.37
176142,482167176142,League,TX,41980,2018,98312,2018,False,107546000,85341000,85341000,85341000,0,0,17598000,17452000,146000,2937000,2858000,79000,0,0,0,4288000,81053000,AR,AR,0.0,64,True,20.62,16.36,20.62,21.71,3.44,2.73,3.44,3.62,24.06,19.09,24.06,25.34
176169,482201176169,Houston,TX,35000,2018,2296224,2018,False,4606043000,4163018000,4122796000,4163018000,0,0,781533000,751353000,30180000,405894000,390756000,15138000,0,0,336811000,126321000,3699886000,R,R,0.0,111,True,18.77,16.97,18.77,21.12,9.75,8.81,9.75,10.97,28.52,25.78,28.52,32.09
176286,482309176286,Waco,TX,76000,2018,132356,2018,False,254399000,206273000,201127000,206273000,0,0,43757000,41476000,2281000,24641000,24610000,31000,0,0,3060000,9555000,193658000,I,I,1.0,79,True,21.21,17.2,21.21,22.59,11.95,9.69,11.95,12.72,33.16,26.89,33.16,35.32
176325,482355176325,Corpus Christi,TX,17000,2018,324074,2018,False,631869000,457609000,454066000,457609000,0,1644000,85420000,84401000,1019000,62077000,59705000,2372000,22000,0,19382000,4599000,431984000,R,R,0.0,112,True,18.67,13.52,18.67,19.77,13.57,9.82,13.57,14.37,32.23,23.34,32.23,34.14
176375,482439176375,Fort Worth,TX,27000,2018,833319,2018,False,1572796000,1345496000,1345496000,1345496000,0,0,299801000,291882000,7919000,143187000,143187000,0,0,0,21910000,13256000,1310330000,I,I,1.0,68,True,22.28,19.06,22.28,22.88,10.64,9.1,10.64,10.93,32.92,28.17,32.92,33.81
176386,482441176386,Abilene,TX,01000,2018,121721,2018,False,276684000,189268000,189268000,189268000,0,0,27853000,27853000,0,21032000,21032000,0,0,0,7402000,5778000,176088000,I,I,1.0,63,True,14.72,10.07,14.72,15.82,11.11,7.6,11.11,11.94,25.83,17.67,25.83,27.76
176394,482453176394,Austin,TX,05000,2018,931830,2018,False,3706901000,2072009000,2072009000,2072009000,0,0,366552000,365387000,1165000,177173000,176967000,206000,0,0,146998000,159232000,1765779000,I,I,1.0,90,True,17.69,9.89,17.69,20.76,8.55,4.78,8.55,10.03,26.24,14.67,26.24,30.79
176492,492035176492,Salt Lake,UT,67000,2018,192672,2018,False,1261041000,1178797000,1178796000,1178797000,0,101000,72519000,72518000,1000,38360000,37997000,363000,0,0,649702000,39180000,489814000,R,R,0.053,92,True,6.15,5.75,6.15,14.81,3.25,3.04,3.25,7.83,9.41,8.79,9.41,22.64
176495,492035176495,West Valley,UT,83470,2018,136208,2018,False,146860000,146860000,146498000,146860000,0,2178000,25781000,25673000,108000,9204000,9126000,78000,0,0,0,4325000,140357000,R,R,0.0,64,True,17.55,17.55,17.55,18.37,6.27,6.27,6.27,6.56,23.82,23.82,23.82,24.93
176517,492049176517,Provo,UT,62470,2018,115264,2018,False,162685000,95805000,95805000,95805000,0,0,15902000,15902000,0,9401000,9401000,0,0,0,1487000,0,94318000,R,R,0.0,66,True,16.6,9.77,16.6,16.86,9.81,5.78,9.81,9.97,26.41,15.55,26.41,26.83
176784,512700176784,Newport News,VA,56000,2018,182385,2018,False,967098000,887673000,877469000,531330000,356343000,71477000,51378000,51378000,0,35686000,35686000,0,0,0,7538000,62718000,389597000,R,R,0.0,89,True,5.79,5.31,9.67,13.19,4.02,3.69,6.72,9.16,9.81,9.0,16.39,22.35
176816,532011176816,Vancouver,WA,74060,2018,172860,2018,False,317237000,284227000,272373000,284227000,0,4482000,42703000,41729000,974000,52032000,39187000,12845000,2662000,557000,597000,1188000,277960000,R,R,0.0,85,True,15.02,13.46,15.02,15.36,18.31,16.4,18.31,18.72,33.33,29.86,33.33,34.08
176868,532053176868,Tacoma,WA,70000,2018,207948,2018,False,1051018000,555634000,555634000,555634000,0,0,84955000,84955000,0,75698000,75366000,332000,0,0,0,5075000,550559000,R,R,0.0,82,True,15.29,8.08,15.29,15.43,13.62,7.2,13.62,13.75,28.91,15.29,28.91,29.18
176873,532061176873,Everett,WA,22640,2018,108010,2018,False,261015000,199220000,190332000,199220000,0,4598000,33375000,31781000,1594000,23778000,23531000,247000,0,0,0,10297000,184325000,R,R,0.0,78,True,16.75,12.79,16.75,18.11,11.94,9.11,11.94,12.9,28.69,21.9,28.69,31.01
177090,552009177090,Green Bay,WI,31000,2018,105207,2018,False,182042000,145737000,145737000,145737000,0,0,28311000,27268000,1043000,24787000,23027000,1760000,0,0,0,446000,145291000,R,R,0.0,75,True,19.43,15.55,19.43,19.49,17.01,13.62,17.01,17.06,36.43,29.17,36.43,36.55
183701,152003183701,Honolulu And County,HI,17000,2018,998714,2018,False,2982860000,1996892000,1996892000,1996892000,0,16486000,286404000,282956000,3448000,135281000,126751000,8530000,0,0,0,30359000,1950047000,R,R,0.0,99,True,14.34,9.6,14.34,14.69,6.77,4.54,6.77,6.94,21.12,14.14,21.12,21.62
183825,062029183825,Bakersfield,CA,03526,2018,373640,2018,False,497924000,460053000,443144000,451218000,8835000,0,87422000,87239000,183000,41026000,39300000,1726000,0,357000,685000,3752000,446781000,IR,IR,0.313,87,True,19.0,17.56,19.37,19.57,8.92,8.24,9.09,9.18,27.92,25.8,28.47,28.75
183836,062059183836,Anaheim,CA,02000,2018,350742,2018,False,1166474000,808007000,794395000,807857000,150000,0,155224000,155224000,0,72902000,72902000,0,0,236000,0,3441000,804416000,R,R,0.128,68,True,19.21,13.31,19.21,19.3,9.02,6.25,9.02,9.06,28.23,19.56,28.24,28.36
184046,342031184046,Paterson,NJ,57000,2018,147754,2018,False,284285000,284285000,284162000,284285000,0,0,48422000,48422000,0,40204000,40204000,0,0,0,0,12540000,271745000,R,R,0.013,43,True,17.03,17.03,17.03,17.82,14.14,14.14,14.14,14.79,31.18,31.18,31.18,32.61
184196,462099184196,Sioux Falls,SD,59020,2018,171544,2018,False,307396000,264789000,264789000,264789000,0,0,30879000,29381000,1498000,26579000,26209000,370000,0,0,0,11341000,253448000,R,R,0.0,88,True,11.66,10.05,11.66,12.18,10.04,8.65,10.04,10.49,21.7,18.69,21.7,22.67
184202,492053184202,St George,UT,65330,2018,80202,2018,False,161824000,92243000,92243000,92243000,0,0,14580000,13980000,600000,4733000,4354000,379000,0,0,2558000,0,89685000,R,R,0.0,88,True,15.81,9.01,15.81,16.26,5.13,2.92,5.13,5.28,20.94,11.93,20.94,21.53
184222,402143184222,Broken Arrow,OK,09050,2018,106563,2018,False,143081000,124313000,124313000,124313000,0,0,26119000,23843000,2276000,26458000,23809000,2649000,0,0,0,0,124313000,R,R,0.078,62,True,21.01,18.25,21.01,21.01,21.28,18.49,21.28,21.28,42.29,36.75,42.29,42.29
184255,532033184255,Seattle,WA,63000,2018,684451,2018,False,4077095000,2619925000,2427312000,2560387000,59538000,99566000,260976000,259580000,1396000,183189000,181816000,1373000,943000,0,0,13232000,2447589000,R,R,0.0,106,True,9.96,6.4,10.19,10.66,6.99,4.49,7.15,7.48,16.95,10.89,17.35,18.15
184266,472125184266,Clarksville,TN,15160,2018,149176,2018,False,341566000,127705000,127705000,127705000,0,0,26508000,25503000,1005000,18010000,17326000,684000,0,0,0,0,127705000,R,R,0.0,80,True,20.76,7.76,20.76,20.76,14.1,5.27,14.1,14.1,34.86,13.03,34.86,34.86
184443,062037184443,Burbank,CA,08954,2018,105319,2018,False,480383000,221957000,220503000,221522000,435000,0,53016000,53016000,0,25220000,25220000,0,0,0,0,15418000,206104000,R,R,0.028,74,True,23.89,11.04,23.93,25.72,11.36,5.25,11.38,12.24,35.25,16.29,35.32,37.96
184767,122105184767,Lakeland,FL,38250,2018,104401,2018,False,638463000,295379000,295379000,295379000,0,0,40268000,40196000,72000,18531000,17781000,750000,0,0,8126000,0,287253000,R,R,0.0,75,True,13.63,6.31,13.63,14.02,6.27,2.9,6.27,6.45,19.91,9.21,19.91,20.47
185901,262081185901,Grand Rapids,MI,34000,2018,195097,2018,False,414202000,372751000,369990000,372751000,0,938000,52817000,52817000,0,28871000,28871000,0,0,0,0,585000,371228000,R,R,0.0,65,True,14.17,12.75,14.17,14.23,7.75,6.97,7.75,7.78,21.91,19.72,21.91,22.0
186236,292095186236,Kansas,MO,38000,2018,475378,2018,False,1867690000,1703280000,1703121000,1703280000,0,11925000,224322000,224322000,0,167050000,163290000,3760000,0,0,148471000,55642000,1487242000,R,R,0.0,80,True,13.17,12.01,13.17,15.08,9.81,8.94,9.81,11.23,22.98,20.95,22.98,26.32
186634,362029186634,Buffalo,NY,11000,2018,258071,2018,False,1565310000,1554806000,1553058000,622314000,932492000,0,93439000,89815000,3624000,60658000,59833000,825000,0,0,0,1709000,620605000,R,R,0.575,74,True,6.01,5.97,15.01,15.06,3.9,3.88,9.75,9.77,9.91,9.84,24.76,24.83
187646,482085187646,Mckinney,TX,45744,2018,162898,2018,False,305302000,245267000,245267000,245267000,0,0,29932000,29438000,494000,29376000,24990000,4386000,0,0,11632000,1945000,231690000,R,R,0.0,80,True,12.2,9.8,12.2,12.92,11.98,9.62,11.98,12.68,24.18,19.43,24.18,25.6
187649,482113187649,Dallas,TX,19000,2018,1300092,2018,False,3582713000,3179245000,3167629000,3179245000,0,18968000,412727000,406944000,5783000,233335000,218229000,15106000,37000,0,986947000,35346000,2137984000,R,R,0.0,115,True,12.98,11.52,12.98,19.3,7.34,6.51,7.34,10.91,20.32,18.03,20.32,30.22
189585,042013189585,Scottsdale,AZ,65000,2018,236839,2018,False,607532000,517195000,517195000,517195000,0,0,97243000,94735000,2508000,44212000,38368000,5844000,0,0,26512000,0,490683000,A,A,0.0,72,True,18.8,16.01,18.8,19.82,8.55,7.28,8.55,9.01,27.35,23.28,27.35,28.83
189636,062019189636,Fresno,CA,27000,2018,520052,2018,False,843678000,559183000,554385000,559183000,0,0,143469000,143469000,0,55403000,55403000,0,0,0,17533000,6695000,534955000,R,R,0.165,69,True,25.66,17.01,25.66,26.82,9.91,6.57,9.91,10.36,35.56,23.57,35.56,37.18
189929,172089189929,Aurora,IL,03012,2018,200661,2018,False,247755000,225002000,222137000,225002000,0,7999000,75542000,75542000,0,48932000,44387000,4545000,0,0,721000,5890000,210392000,R,R,0.0,64,True,33.57,30.49,33.57,35.91,21.75,19.75,21.75,23.26,55.32,50.24,55.32,59.16
190480,262161190480,Ann Arbor,MI,03000,2018,117070,2018,False,257467000,234103000,234103000,234103000,0,0,27752000,27752000,0,15886000,15886000,0,0,0,652000,0,233451000,R,R,0.0,57,True,11.85,10.78,11.85,11.89,6.79,6.17,6.79,6.8,18.64,16.95,18.64,18.69
191166,392061191166,Cincinnati,OH,15000,2018,298550,2018,False,1040806000,821103000,802495000,816103000,5000000,0,157862000,153947000,3915000,119875000,118254000,1621000,3421000,115000,275000,53796000,762032000,R,R,0.0,113,True,19.23,15.17,19.34,20.72,14.6,11.52,14.69,15.73,33.82,26.68,34.03,36.45
191559,472065191559,Chattanooga,TN,14000,2018,176588,2018,False,1124060000,404227000,403018000,392042000,12185000,2269000,69765000,68686000,1079000,45840000,43000000,2840000,0,0,23881000,2922000,362970000,R,R,0.0,82,True,17.26,6.21,17.8,19.22,11.34,4.08,11.69,12.63,28.6,10.28,29.49,31.85
193114,062059193114,Garden Grove,CA,29000,2018,175393,2018,False,309461000,252690000,251082000,252690000,0,0,57984000,56391000,1593000,25681000,24710000,971000,974000,634000,0,3227000,249463000,IR,IR,0.271,58,True,22.95,18.74,22.95,23.24,10.16,8.3,10.16,10.29,33.11,27.04,33.11,33.54
193115,062071193115,San Bernardino,CA,65000,2018,216108,2018,False,240414000,207624000,198839000,207624000,0,0,76534000,74544000,1990000,15000,0,15000,306000,856000,0,2313000,205311000,IR,I,0.091,69,True,36.86,31.83,36.86,37.28,0.01,0.01,0.01,0.01,36.87,31.84,36.87,37.28
193205,172143193205,Peoria,IL,59000,2018,115070,2018,False,195201000,195201000,195201000,195201000,0,0,40707000,40372000,335000,33250000,32962000,288000,0,0,0,0,195201000,R,R,0.0,41,True,20.85,20.85,20.85,20.85,17.03,17.03,17.03,17.03,37.89,37.89,37.89,37.89
193551,272053193551,Minneapolis,MN,43000,2018,410939,2018,False,1382577000,1282310000,1282310000,1282310000,0,0,163882000,162436000,1446000,66166000,66166000,0,0,0,0,23797000,1258513000,R,R,0.0,66,True,12.78,11.85,12.78,13.02,5.16,4.79,5.16,5.26,17.94,16.64,17.94,18.28
193734,342017193734,Jersey,NJ,36000,2018,264290,2018,False,576861000,526791000,526791000,526791000,0,430000,106742000,106742000,0,66049000,66049000,0,0,0,0,8960000,517401000,R,R,0.016,55,True,20.26,18.5,20.26,20.63,12.54,11.45,12.54,12.77,32.8,29.95,32.8,33.4
193960,412017193960,Bend,OR,05800,2018,87014,2018,False,175306000,139917000,139917000,139917000,0,0,20361000,19373000,988000,18427000,18100000,327000,0,0,703000,0,139214000,I,I,1.0,66,True,14.55,11.61,14.55,14.63,13.17,10.51,13.17,13.24,27.72,22.13,27.72,27.86
194178,512760194178,Richmond,VA,67000,2018,220289,2018,False,1492866000,1210106000,1207723000,834152000,375954000,106999000,108978000,102713000,6265000,51756000,51756000,0,0,0,0,75444000,651709000,R,R,0.0,93,True,9.01,7.3,13.06,16.72,4.28,3.47,6.2,7.94,13.28,10.77,19.27,24.66
194463,022020194463,Anchorage Municipality,AK,03000,2018,298695,2018,False,1628325000,1366819000,1366819000,697463000,669356000,1033000,144220000,138129000,6091000,113935000,107844000,6091000,0,0,35398000,21997000,639035000,R,R,0.384,98,True,10.55,8.86,20.68,22.57,8.34,7.0,16.34,17.83,18.89,15.85,37.01,40.4
194644,082005194644,Aurora,CO,04000,2018,359407,2018,False,632967000,531503000,509169000,531503000,0,0,113536000,107926000,5610000,54684000,49236000,5448000,0,0,0,0,531503000,R,R,0.0,69,True,21.36,17.94,21.36,21.36,10.29,8.64,10.29,10.29,31.65,26.58,31.65,31.65
194647,082031194647,Denver And County,CO,20000,2018,682545,2018,False,3311114000,3002016000,2996313000,3002016000,0,303897000,246904000,246904000,0,134013000,134013000,0,0,0,745391000,59340000,1893388000,R,R,0.179,76,True,8.22,7.46,8.22,13.04,4.46,4.05,4.46,7.08,12.69,11.5,12.69,20.12
194651,082013194651,Longmont,CO,45970,2018,92088,2018,False,321241000,209667000,209597000,209667000,0,1662000,19055000,17435000,1620000,15171000,14295000,876000,0,0,459000,0,207546000,I,I,1.0,100,True,9.09,5.93,9.09,9.18,7.24,4.72,7.24,7.31,16.32,10.65,16.32,16.49
194654,082101194654,Pueblo,CO,62000,2018,109412,2018,False,186602000,148785000,148785000,148785000,0,0,34118000,33704000,414000,19459000,19180000,279000,0,0,5261000,0,143524000,I,I,1.0,58,True,22.93,18.28,22.93,23.77,13.08,10.43,13.08,13.56,36.01,28.71,36.01,37.33
194678,132121194678,Atlanta,GA,04000,2018,463878,2018,False,2241738000,1790274000,1790274000,1790274000,0,55853000,226058000,222083000,3975000,65319000,65042000,277000,0,0,737013000,1261000,996147000,R,R,0.0,84,True,12.63,10.08,12.63,22.69,3.65,2.91,3.65,6.56,16.28,13.0,16.28,29.25
194679,132245194679,Augusta-Richmond County Consolidated Government,GA,04204,2018,197182,2018,False,449266000,384804000,371238000,384804000,0,24132000,42725000,40204000,2521000,25556000,25114000,442000,0,0,26090000,3769000,330813000,R,R,0.074,102,True,11.1,9.51,11.1,12.92,6.64,5.69,6.64,7.73,17.74,15.2,17.74,20.64
194726,372119194726,Charlotte,NC,12000,2018,827097,2018,False,2229295000,1713641000,1692032000,1713641000,0,0,283633000,263867000,19766000,131188000,126208000,4980000,505000,0,383258000,0,1330383000,R,R,0.0,99,True,16.55,12.72,16.55,21.32,7.66,5.88,7.66,9.86,24.21,18.61,24.21,31.18
194732,372081194732,High Point,NC,31400,2018,110268,2018,False,333924000,187725000,186796000,187725000,0,0,29156000,28931000,225000,24114000,21107000,3007000,0,0,0,106000,187619000,R,R,0.0,86,True,15.53,8.73,15.53,15.54,12.85,7.22,12.85,12.85,28.38,15.95,28.38,28.39
194744,372067194744,Winston-Salem,NC,75000,2018,241218,2018,False,461767000,353411000,352617000,353411000,0,0,75691000,74542000,1149000,33607000,31754000,1853000,0,0,0,135000,353276000,R,R,0.0,81,True,21.42,16.39,21.42,21.43,9.51,7.28,9.51,9.51,30.93,23.67,30.93,30.94
194757,122086194757,Miami,FL,45000,2018,441003,2018,False,932657000,932657000,932657000,932657000,0,3253000,256020000,235146000,20874000,131871000,129079000,2792000,0,0,0,0,929404000,R,R,0.0,64,True,27.45,27.45,27.45,27.55,14.14,14.14,14.14,14.19,41.59,41.59,41.59,41.74
194789,262163194789,Dearborn,MI,21000,2018,95171,2018,False,264237000,245023000,224937000,245023000,0,458000,42424000,41806000,618000,28130000,26452000,1678000,0,0,0,0,244565000,R,R,0.038,62,True,17.31,16.06,17.31,17.35,11.48,10.65,11.48,11.5,28.79,26.7,28.79,28.85
194805,362061194805,New York,NY,51000,2018,8550405,2018,False,122199325000,105438057000,99317467000,72026210000,33411847000,17846019000,5915100000,5595976000,319124000,2256280000,2084606000,171674000,0,0,4545000,1255115000,52920531000,R,R,0.238,149,True,5.61,4.84,8.21,11.18,2.14,1.85,3.13,4.26,7.75,6.69,11.35,15.44
194809,482375194809,Amarillo,TX,03000,2018,198645,2018,False,403230000,300527000,300527000,300527000,0,0,49164000,48773000,391000,32118000,32110000,8000,0,0,11094000,9085000,280348000,I,I,1.0,79,True,16.36,12.19,16.36,17.54,10.69,7.97,10.69,11.46,27.05,20.16,27.05,28.99
194811,482439194811,Arlington,TX,04000,2018,388125,2018,False,534121000,476633000,476633000,476633000,0,0,104822000,104822000,0,51117000,51117000,0,0,0,1135000,6051000,469447000,I,I,1.0,65,True,21.99,19.63,21.99,22.33,10.72,9.57,10.72,10.89,32.72,29.2,32.72,33.22
194812,482245194812,Beaumont,TX,07000,2018,118129,2018,False,233062000,200048000,200048000,200048000,0,0,41981000,40059000,1922000,33588000,29030000,4558000,0,0,2205000,9953000,187890000,R,R,0.0,79,True,20.99,18.01,20.99,22.34,16.79,14.41,16.79,17.88,37.78,32.42,37.78,40.22
194814,482041194814,College Station,TX,15976,2018,107889,2018,False,207769000,118758000,118698000,118758000,0,0,16388000,16376000,12000,13045000,13017000,28000,0,0,0,0,118758000,R,R,0.0,78,True,13.8,7.89,13.8,13.8,10.98,6.28,10.98,10.98,24.78,14.17,24.78,24.78
194820,482085194820,Frisco,TX,27684,2018,154407,2018,False,401853000,329279000,313354000,313354000,15925000,0,45856000,33517000,12339000,44109000,34213000,9896000,0,0,0,2300000,311054000,R,R,0.0,63,True,13.93,11.41,14.63,14.74,13.4,10.98,14.08,14.18,27.32,22.39,28.71,28.92
194823,482113194823,Grand Prairie,TX,30464,2018,187809,2018,False,299187000,264379000,264343000,264379000,0,3012000,54215000,51771000,2444000,34570000,30208000,4362000,0,0,2663000,2499000,256205000,I,I,1.0,78,True,20.51,18.12,20.51,21.16,13.08,11.55,13.08,13.49,33.58,29.68,33.58,34.65
194825,482329194825,Midland,TX,48072,2018,132950,2018,False,199832000,161058000,161058000,161058000,0,0,28900000,28900000,0,26479000,26479000,0,0,0,11007000,5604000,144447000,I,I,1.0,60,True,17.94,14.46,17.94,20.01,16.44,13.25,16.44,18.33,34.38,27.71,34.38,38.34
201810,202173201810,Wichita,KS,79000,2018,389965,2018,False,657244000,563573000,563573000,563573000,0,0,84373000,84336000,37000,44958000,44958000,0,0,0,42458000,2122000,518993000,I,I,1.0,71,True,14.97,12.84,14.97,16.26,7.98,6.84,7.98,8.66,22.95,19.68,22.95,24.92
202617,482121202617,Lewisville,TX,42508,2018,104039,2018,False,154106000,132751000,132751000,132751000,0,0,26389000,26195000,194000,20445000,20445000,0,0,0,0,0,132751000,I,I,1.0,52,True,19.88,17.12,19.88,19.88,15.4,13.27,15.4,15.4,35.28,30.39,35.28,35.28
202751,512810202751,Virginia Beach,VA,82000,2018,452745,2018,False,2005019000,1948316000,1928490000,1065556000,882760000,112845000,99210000,99210000,0,58151000,58151000,0,0,0,0,68594000,884117000,R,R,0.01,89,True,5.09,4.95,9.31,11.22,2.98,2.9,5.46,6.58,8.08,7.85,14.77,17.8
204523,202091204523,Olathe,KS,52575,2018,134305,2018,False,273680000,232116000,232116000,232116000,0,0,25092000,25092000,0,20242000,20242000,0,0,0,0,0,232116000,R,R,0.0,58,True,10.81,9.17,10.81,10.81,8.72,7.4,8.72,8.72,19.53,16.56,19.53,19.53
204933,342039204933,Elizabeth,NJ,21000,2018,129007,2018,False,262407000,260700000,260700000,260700000,0,0,49483000,46626000,2857000,25273000,25270000,3000,0,0,0,7972000,252728000,R,R,0.0,62,True,18.98,18.86,18.98,19.58,9.69,9.63,9.69,10.0,28.68,28.49,28.68,29.58
205133,392095205133,Toledo,OH,77000,2018,279789,2018,False,540936000,437026000,411698000,437026000,0,0,84653000,82476000,2177000,69884000,68757000,1127000,0,0,0,2088000,434938000,R,R,0.0,70,True,19.37,15.65,19.37,19.46,15.99,12.92,15.99,16.07,35.36,28.57,35.36,35.53
205181,402027205181,Norman,OK,52500,2018,120284,2018,False,608665000,573656000,573656000,573656000,0,395233000,28604000,27236000,1368000,19477000,18748000,729000,0,0,0,0,178423000,R,R,0.0,67,True,4.99,4.7,4.99,16.03,3.4,3.2,3.4,10.92,8.38,7.9,8.38,26.95
205218,412047205218,Salem,OR,64900,2018,164549,2018,False,342700000,309560000,300921000,309560000,0,1470000,41818000,41711000,107000,30723000,30523000,200000,0,0,1180000,1078000,305832000,I,I,1.0,68,True,13.51,12.2,13.51,13.67,9.92,8.96,9.92,10.05,23.43,21.17,23.43,23.72
205455,482201205455,Pasadena,TX,56000,2018,153784,2018,False,187144000,166717000,166717000,166717000,0,0,54462000,50563000,3899000,5017000,4934000,83000,0,0,0,4561000,162156000,R,R,0.0,55,True,32.67,29.1,32.67,33.59,3.01,2.68,3.01,3.09,35.68,31.78,35.68,36.68
205460,482215205460,Mcallen,TX,45384,2018,140269,2018,False,236033000,211544000,207789000,211544000,0,1808000,35866000,34809000,1057000,18845000,18826000,19000,0,0,7406000,2850000,199480000,I,I,1.0,86,True,16.95,15.2,16.95,17.98,8.91,7.98,8.91,9.45,25.86,23.18,25.86,27.43
205590,532033205590,Kent,WA,35415,2018,126952,2018,False,189538000,174962000,174962000,174962000,0,7169000,32405000,31778000,627000,2577000,2577000,0,0,0,0,561000,167232000,R,R,0.0,71,True,18.52,17.1,18.52,19.38,1.47,1.36,1.47,1.54,19.99,18.46,19.99,20.92
205599,532063205599,Spokane,WA,67000,2018,213272,2018,False,587070000,466978000,462334000,466978000,0,16103000,57269000,56856000,413000,52026000,51923000,103000,0,0,0,2198000,448677000,R,R,0.0,76,True,12.26,9.76,12.26,12.76,11.14,8.86,11.14,11.6,23.4,18.62,23.4,24.36
207520,012089207520,Huntsville,AL,37000,2018,190582,2018,False,1010911000,412411000,376183000,412411000,0,2100000,46900000,46883000,17000,39577000,35428000,4149000,0,0,0,3540000,406771000,R,R,0.0,94,True,11.37,4.64,11.37,11.53,9.6,3.91,9.6,9.73,20.97,8.55,20.97,21.26
207535,042013207535,Glendale,AZ,27820,2018,240126,2018,False,472816000,411255000,411255000,411255000,0,0,93193000,93193000,0,55496000,47878000,7618000,0,0,0,0,411255000,I,I,1.0,58,True,22.66,19.71,22.66,22.66,13.49,11.74,13.49,13.49,36.15,31.45,36.15,36.15
207536,042013207536,Phoenix,AZ,55000,2018,1563025,2018,False,3432860000,2782134000,2770785000,2751336000,30798000,27390000,457535000,441086000,16449000,336206000,325401000,10805000,0,0,572490000,0,2151456000,R,R,0.011,117,True,16.45,13.33,16.63,21.27,12.08,9.79,12.22,15.63,28.53,23.12,28.85,36.89
207577,062001207577,Fremont,CA,26000,2018,232206,2018,False,316857000,316745000,316745000,316745000,0,366000,78604000,78604000,0,46413000,46413000,0,0,0,0,21143000,295236000,R,R,0.095,52,True,24.82,24.81,24.82,26.62,14.65,14.65,14.65,15.72,39.47,39.46,39.47,42.34
207582,062037207582,Pasadena,CA,56000,2018,142250,2018,False,643578000,401562000,401562000,401562000,0,0,78622000,78622000,0,46302000,46302000,0,0,0,0,13566000,387996000,R,R,0.063,64,True,19.58,12.22,19.58,20.26,11.53,7.19,11.53,11.93,31.11,19.41,31.11,32.2
207583,062037207583,Torrance,CA,80000,2018,148475,2018,False,338344000,243343000,243343000,243343000,0,0,79242000,79242000,0,29797000,29797000,0,0,0,3320000,14468000,225555000,R,R,0.005,59,True,32.56,23.42,32.56,35.13,12.24,8.81,12.24,13.21,44.81,32.23,44.81,48.34
207593,062065207593,Corona,CA,16350,2018,164226,2018,False,464266000,322495000,317422000,322495000,0,0,47658000,47439000,219000,26764000,26764000,0,165000,0,120000,62000,322313000,IR,R,0.348,89,True,14.78,10.27,14.78,14.79,8.3,5.76,8.3,8.3,23.08,16.03,23.08,23.09
207594,062065207594,Riverside,CA,62000,2018,322424,2018,False,856383000,454524000,438422000,454258000,266000,0,102100000,102100000,0,64539000,64539000,0,560000,0,1479000,7837000,444942000,R,R,0.082,85,True,22.46,11.92,22.48,22.95,14.2,7.54,14.21,14.51,36.66,19.46,36.68,37.45
207598,062073207598,San Diego,CA,66000,2018,1394928,2018,False,3636950000,2914716000,2897787000,2914716000,0,0,356089000,356089000,0,205940000,205940000,0,409000,0,10320000,50880000,2853516000,R,R,0.057,73,True,12.22,9.79,12.22,12.48,7.07,5.66,7.07,7.22,19.28,15.45,19.28,19.7
207610,062099207610,Modesto,CA,48354,2018,211266,2018,False,415098000,304754000,265636000,304497000,257000,153000,59131000,59131000,0,32138000,32138000,0,0,244000,1108000,1787000,301449000,R,R,0.099,73,True,19.4,14.25,19.42,19.62,10.55,7.74,10.55,10.66,29.95,21.99,29.97,30.28
207635,082123207635,Greeley,CO,32155,2018,100883,2018,False,213830000,163768000,159360000,163768000,0,0,22841000,22807000,34000,14150000,13354000,796000,140000,0,0,46000,163722000,R,R,0.0,88,True,13.95,10.68,13.95,13.95,8.64,6.62,8.64,8.64,22.59,17.3,22.59,22.59
207684,122103207684,Clearwater,FL,12875,2018,113003,2018,False,326611000,248588000,248588000,248588000,0,0,43882000,41162000,2720000,22679000,19172000,3507000,0,0,592000,7425000,240571000,R,R,0.0,74,True,17.65,13.44,17.65,18.24,9.12,6.94,9.12,9.43,26.78,20.38,26.78,27.67
207957,182097207957,Indianapolis,IN,36003,2018,853173,2018,False,3916249000,3258759000,3258759000,3258759000,0,1454933000,233102000,226811000,6291000,148635000,144154000,4481000,0,0,108177000,119752000,1575897000,RS,R,0.002,91,True,7.15,5.95,7.15,14.79,4.56,3.8,4.56,9.43,11.71,9.75,11.71,24.22
208056,192153208056,Des Moines,IA,21000,2018,210330,2018,False,541231000,477438000,477438000,477438000,0,9273000,63168000,63168000,0,41177000,38404000,2773000,0,0,44820000,2100000,421245000,R,R,0.007,71,True,13.23,11.67,13.23,15.0,8.62,7.61,8.62,9.78,21.86,19.28,21.86,24.77
208060,192163208060,Davenport,IA,19000,2018,102582,2018,False,193588000,187210000,187210000,187210000,0,0,25634000,25634000,0,18492000,18492000,0,0,0,273000,0,186937000,R,R,0.0,54,True,13.69,13.24,13.69,13.71,9.88,9.55,9.88,9.89,23.57,22.79,23.57,23.6
208111,202091208111,Overland Park,KS,53775,2018,186515,2018,False,206613000,206613000,206613000,206613000,0,0,33696000,33696000,0,23673000,23154000,519000,0,0,0,0,206613000,R,R,0.105,53,True,16.31,16.31,16.31,16.31,11.46,11.46,11.46,11.46,27.77,27.77,27.77,27.77
208246,242510208246,Baltimore,MD,04000,2018,621849,2018,False,4235630000,3944544000,3911648000,2483431000,1461113000,0,505672000,491719000,13953000,234064000,234057000,7000,0,0,0,134847000,2348584000,R,R,0.0,77,True,12.82,11.94,20.36,21.53,5.93,5.53,9.43,9.97,18.75,17.46,29.79,31.5
208698,312055208698,Omaha,NE,37000,2018,443885,2018,False,646898000,646898000,625002000,646898000,0,11298000,143651000,139448000,4203000,103001000,99991000,3010000,5920000,0,0,0,635600000,R,IR,0.004,72,True,22.21,22.21,22.21,22.6,15.92,15.92,15.92,16.21,38.13,38.13,38.13,38.81
208734,322003208734,North Las Vegas,NV,51800,2018,234807,2018,False,331635000,292867000,292867000,292867000,0,2408000,97771000,96763000,1008000,39058000,37169000,1889000,0,0,0,0,290459000,R,R,0.0,67,True,33.38,29.48,33.38,33.66,13.34,11.78,13.34,13.45,46.72,41.26,46.72,47.11
208793,352013208793,Las Cruces,NM,39380,2018,101643,2018,False,213866000,148883000,147299000,148883000,0,1584000,25745000,24588000,1157000,15770000,15180000,590000,0,0,967000,279000,146053000,R,R,0.0,90,True,17.29,12.04,17.29,17.63,10.59,7.37,10.59,10.8,27.88,19.41,27.88,28.42
208963,372063208963,Durham,NC,19000,2018,257636,2018,False,398604000,346300000,346300000,346300000,0,0,97046000,69570000,27476000,30651000,28473000,2178000,0,0,13000,0,346287000,R,IR,0.005,78,True,28.02,24.35,28.02,28.02,8.85,7.69,8.85,8.85,36.87,32.04,36.87,36.88
209050,392049209050,Columbus,OH,18000,2018,850106,2018,False,2196450000,1865978000,1865978000,1860658000,5320000,0,331185000,326334000,4851000,253852000,246111000,7741000,0,0,0,55633000,1805025000,R,R,0.0,91,True,17.75,15.08,17.8,18.35,13.6,11.56,13.64,14.06,31.35,26.64,31.44,32.41
209096,392153209096,Akron,OH,01000,2018,197542,2018,False,605451000,573828000,573828000,573828000,0,7914000,60942000,60665000,277000,56223000,56223000,0,0,0,799000,5293000,559822000,R,R,0.0,63,True,10.62,10.07,10.62,10.89,9.8,9.29,9.8,10.04,20.42,19.35,20.42,20.93
209170,402109209170,Oklahoma,OK,55000,2018,631346,2018,False,1271317000,983193000,983193000,983193000,0,2936000,179762000,176810000,2952000,150572000,146433000,4139000,0,0,52332000,6840000,921085000,R,R,0.0,88,True,18.28,14.14,18.28,19.52,15.31,11.84,15.31,16.35,33.6,25.98,33.6,35.86
209519,472149209519,Murfreesboro,TN,51560,2018,126118,2018,False,471329000,249618000,249618000,158334000,91284000,91000,55062000,29104000,25958000,27001000,17949000,9052000,0,0,1876000,0,156367000,R,R,0.0,91,True,22.06,11.68,34.78,35.21,10.82,5.73,17.05,17.27,32.88,17.41,51.83,52.48
209555,482085209555,Allen,TX,01924,2018,98143,2018,False,161219000,138408000,129820000,138408000,0,0,23106000,22147000,959000,16481000,14770000,1711000,0,0,0,625000,137783000,R,R,0.0,61,True,16.69,14.33,16.69,16.77,11.91,10.22,11.91,11.96,28.6,24.55,28.6,28.73
209562,482121209562,Denton,TX,19972,2018,131044,2018,False,642413000,239189000,239189000,239189000,0,0,30661000,30661000,0,26493000,26493000,0,0,0,2102000,0,237087000,R,R,0.0,68,True,12.82,4.77,12.82,12.93,11.08,4.12,11.08,11.17,23.89,8.9,23.89,24.11
209712,512510209712,Alexandria,VA,01000,2018,153511,2018,False,924182000,902117000,901241000,615579000,286538000,52298000,96846000,92479000,4367000,53926000,53926000,0,0,0,0,48564000,514717000,R,R,0.0,83,True,10.74,10.48,15.73,18.82,5.98,5.83,8.76,10.48,16.71,16.31,24.49,29.29
209777,552025209777,Madison,WI,48000,2018,248951,2018,False,587472000,497136000,497136000,497136000,0,0,77221000,74069000,3152000,53601000,52502000,1099000,0,0,0,15575000,481561000,R,R,0.0,78,True,15.53,13.14,15.53,16.04,10.78,9.12,10.78,11.13,26.32,22.27,26.32,27.17
211212,062073211212,Chula Vista,CA,13392,2018,265757,2018,False,329020000,329007000,329007000,329007000,0,0,65113000,62718000,2395000,34033000,33262000,771000,0,0,0,3110000,325897000,IR,IR,0.202,64,True,19.79,19.79,19.79,19.98,10.34,10.34,10.34,10.44,30.13,30.13,30.13,30.42
211214,062077211214,Stockton,CA,75000,2018,305658,2018,False,399591000,367754000,367754000,367754000,0,0,127017000,127017000,0,54287000,54287000,0,0,0,443000,3123000,364188000,R,R,0.012,55,True,34.54,31.79,34.54,34.88,14.76,13.59,14.76,14.91,49.3,45.37,49.3,49.78
211215,062081211215,Daly,CA,17918,2018,106562,2018,False,134623000,117966000,117966000,117966000,0,0,33531000,33065000,466000,17880000,17880000,0,0,0,0,0,117966000,IR,R,0.098,54,True,28.42,24.91,28.42,28.42,15.16,13.28,15.16,15.16,43.58,38.19,43.58,43.58
211253,412067211253,Hillsboro,OR,34100,2018,102347,2018,False,233990000,181926000,157183000,181926000,0,0,32936000,32686000,250000,23144000,22683000,461000,0,0,0,0,181926000,R,R,0.0,56,True,18.1,14.08,18.1,18.1,12.72,9.89,12.72,12.72,30.83,23.97,30.83,30.83
211254,412051211254,Portland,OR,59000,2018,632309,2018,False,1674000000,1464289000,1464289000,1464289000,0,0,212002000,208985000,3017000,121484000,117881000,3603000,0,0,0,0,1464289000,R,R,0.0,79,True,14.48,12.66,14.48,14.48,8.3,7.26,8.3,8.3,22.77,19.92,22.77,22.77
211654,082001211654,Westminster,CO,83835,2018,113130,2018,False,246897000,202037000,201305000,202037000,0,0,24582000,23137000,1445000,15664000,13689000,1975000,0,0,0,0,202037000,R,R,0.0,85,True,12.17,9.96,12.17,12.17,7.75,6.34,7.75,7.75,19.92,16.3,19.92,19.92
212090,402143212090,Tulsa,OK,75000,2018,403505,2018,False,882393000,769397000,769067000,769397000,0,16981000,110732000,106165000,4567000,78850000,73579000,5271000,0,0,40044000,85662000,626710000,R,R,0.0,87,True,14.39,12.55,14.39,17.67,10.25,8.94,10.25,12.58,24.64,21.48,24.64,30.25
212231,482113212231,Garland,TX,29000,2018,236897,2018,False,647569000,263088000,262520000,263088000,0,532000,48302000,47754000,548000,32084000,31967000,117000,0,0,0,3804000,258752000,R,R,0.0,80,True,18.36,7.46,18.36,18.67,12.2,4.95,12.2,12.4,30.55,12.41,30.55,31.07
212233,482303212233,Lubbock,TX,45000,2018,249042,2018,False,622692000,332112000,331850000,332112000,0,0,55732000,55732000,0,49057000,41600000,7457000,79000,0,14068000,5160000,312884000,R,R,0.0,82,True,16.78,8.95,16.78,17.81,14.77,7.88,14.77,15.68,31.55,16.83,31.55,33.49
212234,482113212234,Richardson,TX,61796,2018,110815,2018,False,231868000,197412000,197412000,197412000,0,0,25079000,24030000,1049000,23048000,21499000,1549000,0,0,0,1982000,195430000,R,R,0.0,64,True,12.7,10.82,12.7,12.83,11.68,9.94,11.68,11.79,24.38,20.76,24.38,24.63
213591,532063213591,Spokane Valley,WA,67167,2018,94919,2018,False,57434000,57362000,36995000,57362000,0,1384000,244000,113000,131000,0,0,0,17028000,0,0,453000,55525000,R,-,0.015,63,True,0.43,0.42,0.43,0.44,0.0,0.0,0.0,0.0,0.43,0.42,0.43,0.44
216510,132121216510,Sandy Springs,GA,68516,2018,105330,2018,False,180328000,180328000,180008000,180328000,0,320000,20374000,20374000,0,12323000,11229000,1094000,0,0,0,0,180008000,R,R,0.0,46,True,11.3,11.3,11.3,11.32,6.83,6.83,6.83,6.85,18.13,18.13,18.13,18.16
225038,012073225038,Birmingham,AL,07000,2018,212461,2018,False,709260000,521832000,521832000,521832000,0,603000,97109000,96798000,311000,64498000,64498000,0,0,0,0,0,521229000,R,R,0.0,55,True,18.61,13.69,18.61,18.63,12.36,9.09,12.36,12.37,30.97,22.79,30.97,31.0
225767,092190225767,Stamford,CT,73000,2018,128874,2018,False,559481000,559481000,559414000,244103000,315378000,1222000,63875000,63875000,0,53675000,53675000,0,0,0,0,7543000,235338000,R,R,0.04,52,True,11.42,11.42,26.17,27.14,9.59,9.59,21.99,22.81,21.01,21.01,48.16,49.95
100091,012101100091,Montgomery,AL,51000,2019,199518,2019,False,321082000,226216000,225924000,226216000,0,0,46974000,46901000,73000,34873000,34522000,351000,2000,0,0,5645000,220571000,R,R,0.0,69,True,20.77,14.63,20.77,21.3,15.42,10.86,15.42,15.81,36.18,25.49,36.18,37.11
100249,042013100249,Chandler,AZ,12000,2019,253458,2019,False,451867000,392921000,392921000,392921000,0,0,80587000,74003000,6584000,41572000,37042000,4530000,0,0,4643000,0,388278000,R,R,0.005,74,True,20.51,17.83,20.51,20.75,10.58,9.2,10.58,10.71,31.09,27.03,31.09,31.46
100250,042013100250,Mesa,AZ,46000,2019,496401,2019,False,1034599000,768953000,768953000,768953000,0,0,182304000,181216000,1088000,88637000,86041000,2596000,0,0,3403000,0,765550000,I,I,0.8,80,True,23.71,17.62,23.71,23.81,11.53,8.57,11.53,11.58,35.24,26.19,35.24,35.39
100251,042013100251,Surprise,AZ,71510,2019,134085,2019,False,244509000,224003000,224003000,224003000,0,0,31475000,31358000,117000,23780000,23780000,0,0,0,0,0,224003000,I,I,1.0,53,True,14.05,12.87,14.05,14.05,10.62,9.73,10.62,10.62,24.67,22.6,24.67,24.67
100435,052119100435,Little Rock,AR,41000,2019,198606,2019,False,479207000,466005000,466005000,466005000,0,0,79159000,77599000,1560000,52333000,51755000,578000,0,0,40419000,32514000,393072000,R,R,0.0,80,True,16.99,16.52,16.99,20.14,11.23,10.92,11.23,13.31,28.22,27.44,28.22,33.45
100709,062059100709,Huntington Beach,CA,36000,2019,201874,2019,False,328164000,291967000,291967000,291967000,0,0,87988000,87988000,0,44060000,43279000,781000,0,0,0,5795000,286172000,R,R,0.0,58,True,30.14,26.81,30.14,30.75,15.09,13.43,15.09,15.4,45.23,40.24,45.23,46.14
100711,062059100711,Santa Ana,CA,69000,2019,334136,2019,False,649917000,579513000,525594000,579513000,0,0,140626000,135234000,5392000,48681000,48575000,106000,300000,39889000,0,7021000,572492000,R,R,0.0,84,True,24.27,21.64,24.27,24.56,8.4,7.49,8.4,8.5,32.67,29.13,32.67,33.07
100745,062085100745,San Jose,CA,68000,2019,1035317,2019,False,1976323000,1821071000,1778694000,1821071000,0,447000,260006000,260006000,0,154483000,154483000,0,12903000,0,177595000,2354000,1640675000,R,R,0.0,83,True,14.28,13.16,14.28,15.85,8.48,7.82,8.48,9.42,22.76,20.97,22.76,25.26
100750,062095100750,Fairfield,CA,23182,2019,116266,2019,False,234634000,169966000,169966000,169966000,0,0,51312000,51312000,0,20742000,20742000,0,0,0,0,279000,169687000,R,R,0.0,60,True,30.19,21.87,30.19,30.24,12.2,8.84,12.2,12.22,42.39,30.71,42.39,42.46
101409,082069101409,Fort Collins,CO,27425,2019,165080,2019,False,767787000,413356000,413329000,413356000,0,0,46904000,44848000,2056000,28145000,28145000,0,0,0,0,0,413356000,R,R,0.0,67,True,11.35,6.11,11.35,11.35,6.81,3.67,6.81,6.81,18.16,9.77,18.16,18.16
101696,092140101696,Waterbury,CT,80000,2019,108629,2019,False,612800000,598396000,595464000,287618000,310778000,3636000,36741000,36734000,7000,20163000,19871000,292000,0,0,0,3741000,280241000,R,R,0.0,62,True,6.14,6.0,12.77,13.11,3.37,3.29,7.01,7.19,9.51,9.29,19.78,20.31
101927,122011101927,Miramar,FL,45975,2019,140328,2019,False,226575000,202398000,202398000,202398000,0,0,46653000,44746000,1907000,22027000,18911000,3116000,0,0,0,12185000,190213000,R,R,0.0,69,True,23.05,20.59,23.05,24.53,10.88,9.72,10.88,11.58,33.93,30.31,33.93,36.11
101942,122031101942,Jacksonville,FL,35000,2019,892062,2019,False,3743843000,1882598000,1882598000,1882598000,0,57375000,363731000,356466000,7265000,160101000,154444000,5657000,0,0,119198000,83858000,1622167000,R,R,0.0,95,True,19.32,9.72,19.32,22.42,8.5,4.28,8.5,9.87,27.82,13.99,27.82,32.29
102163,132021102163,Macon-Bibb County,GA,49008,2019,152663,2019,False,237123000,237123000,236102000,237123000,0,22196000,31652000,31055000,597000,28731000,27037000,1694000,0,0,1928000,7258000,205741000,R,R,0.0,73,True,13.35,13.35,13.35,15.38,12.12,12.12,12.12,13.96,25.46,25.46,25.46,29.35
102716,172089102716,Elgin,IL,23074,2019,112456,2019,False,159291000,138275000,134874000,138275000,0,971000,46928000,46614000,314000,29900000,29154000,746000,0,0,0,0,137304000,R,R,0.0,50,True,33.94,29.46,33.94,34.18,21.62,18.77,21.62,21.78,55.56,48.23,55.56,55.95
102882,172201102882,Rockford,IL,65000,2019,147051,2019,False,269323000,235569000,235569000,235569000,0,16964000,56604000,56604000,0,48250000,48250000,0,0,0,0,0,218605000,R,R,0.0,50,True,24.03,21.02,24.03,25.89,20.48,17.92,20.48,22.07,44.51,38.93,44.51,47.97
103799,182057103799,Fishers,IN,23278,2019,91832,2019,False,119569000,119569000,119569000,119386000,183000,0,14928000,0,14928000,290000,290000,0,0,0,0,1965000,117421000,R,R,0.069,42,True,12.48,12.48,12.5,12.71,0.24,0.24,0.24,0.25,12.73,12.73,12.75,12.96
106055,252009106055,Lynn,MA,37490,2019,94063,2019,False,416470000,414432000,406539000,161566000,252866000,1063000,19652000,19652000,0,18807000,18807000,0,0,0,0,195000,160308000,R,R,0.0,52,True,4.74,4.72,12.16,12.26,4.54,4.52,11.64,11.73,9.28,9.23,23.8,23.99
106061,252013106061,Springfield,MA,67000,2019,154758,2019,False,867713000,864053000,857390000,292993000,571060000,1648000,52107000,51991000,116000,22340000,22332000,8000,0,0,0,1477000,289868000,R,R,0.61,65,True,6.03,6.01,17.78,17.98,2.59,2.57,7.62,7.71,8.62,8.58,25.41,25.68
106079,252027106079,Worcester,MA,82000,2019,185677,2019,False,844911000,813589000,794687000,347706000,465883000,1852000,51654000,51562000,92000,39776000,39555000,221000,0,0,0,3325000,342529000,R,R,0.0,81,True,6.35,6.11,14.86,15.08,4.89,4.71,11.44,11.61,11.24,10.82,26.3,26.69
108127,302111108127,Billings,MT,06550,2019,109642,2019,False,186004000,156998000,156998000,156998000,0,0,24903000,24530000,373000,18824000,17824000,1000000,0,0,12969000,964000,143065000,R,R,0.0,69,True,15.86,13.39,15.86,17.41,11.99,10.12,11.99,13.16,27.85,23.51,27.85,30.56
108910,322031108910,Sparks,NV,68400,2019,100888,2019,False,121040000,121040000,121040000,121040000,0,0,29265000,28870000,395000,17364000,17348000,16000,0,0,0,0,121040000,R,R,0.0,55,True,24.18,24.18,24.18,24.18,14.35,14.35,14.35,14.35,38.52,38.52,38.52,38.52
109593,362119109593,Yonkers,NY,84000,2019,202019,2019,False,1278793000,1253561000,1229481000,593381000,660180000,0,106716000,106716000,0,72344000,72321000,23000,0,0,0,975000,592406000,R,R,0.0,64,True,8.51,8.35,17.98,18.01,5.77,5.66,12.19,12.21,14.28,14.0,30.18,30.23
110047,372025110047,Concord,NC,14100,2019,92067,2019,False,231343000,133474000,133421000,133474000,0,0,25031000,24159000,872000,22050000,20019000,2031000,0,0,15731000,191000,117552000,R,R,0.0,88,True,18.75,10.82,18.75,21.29,16.52,9.53,16.52,18.76,35.27,20.35,35.27,40.05
112811,442007112811,Providence,RI,59000,2019,180393,2019,False,908105000,809724000,809724000,355831000,453893000,0,97700000,97700000,0,67100000,67100000,0,0,0,0,0,355831000,R,R,0.0,53,True,12.07,10.76,27.46,27.46,8.29,7.39,18.86,18.86,20.35,18.15,46.31,46.31
114311,492035114311,West Jordan,UT,82950,2019,113905,2019,False,128120000,103695000,103695000,103695000,0,0,19656000,19521000,135000,11786000,11786000,0,0,0,0,0,103695000,R,R,0.026,54,True,18.96,15.34,18.96,18.96,11.37,9.2,11.37,11.37,30.32,24.54,30.32,30.32
114563,512550114563,Chesapeake,VA,16000,2019,240397,2019,False,1092693000,1048991000,1037569000,522315000,526676000,85036000,48820000,47719000,1101000,53568000,47945000,5623000,0,0,1116000,36354000,399809000,R,R,0.03,108,True,4.65,4.47,9.35,12.21,5.11,4.9,10.26,13.4,9.76,9.37,19.6,25.61
114624,532033114624,Bellevue,WA,05210,2019,144444,2019,False,455973000,398514000,394024000,398514000,0,3108000,40878000,40739000,139000,40137000,29680000,10457000,3358000,0,0,173000,395233000,R,R,0.033,70,True,10.26,8.97,10.26,10.34,10.07,8.8,10.07,10.16,20.33,17.77,20.33,20.5
122748,042013122748,Goodyear,AZ,28380,2019,79858,2019,False,158877000,126243000,126243000,126243000,0,0,24333000,23833000,500000,19975000,18137000,1838000,0,0,0,0,126243000,R,R,0.0,61,True,19.27,15.32,19.27,19.27,15.82,12.57,15.82,15.82,35.1,27.89,35.1,35.1
123093,062001123093,Oakland,CA,53000,2019,425195,2019,False,1560784000,1560784000,1560784000,1560784000,0,0,277493000,277493000,0,142580000,142580000,0,0,0,313810000,96200000,1150774000,R,R,0.0,59,True,17.78,17.78,17.78,24.11,9.14,9.14,9.14,12.39,26.91,26.91,26.91,36.5
123137,062061123137,Roseville,CA,62938,2019,135329,2019,False,466048000,264422000,264422000,264422000,0,6562000,39942000,39942000,0,34014000,34014000,0,0,0,0,1074000,256786000,R,R,0.0,66,True,15.11,8.57,15.11,15.55,12.86,7.3,12.86,13.25,27.97,15.87,27.97,28.8
123165,062107123165,Visalia,CA,82954,2019,133010,2019,False,201971000,166706000,166410000,166706000,0,0,36544000,36544000,0,17109000,17109000,0,0,0,1919000,57000,164730000,R,R,0.0,59,True,21.92,18.09,21.92,22.18,10.26,8.47,10.26,10.39,32.18,26.56,32.18,32.57
124038,092120124038,Bridgeport,CT,08000,2019,146579,2019,False,691487000,691487000,675953000,337376000,354111000,1953000,89424000,87114000,2310000,63532000,63532000,0,0,0,1374000,4671000,329378000,R,R,0.0,66,True,12.93,12.93,26.51,27.15,9.19,9.19,18.83,19.29,22.12,22.12,45.34,46.44
124214,112001124214,Washington Dc,DC,50000,2019,701547,2019,False,16001412000,14746609000,14732503000,11633335000,3113274000,1440954000,657169000,639940000,17229000,307370000,284168000,23202000,0,0,0,670833000,9521548000,R,R,0.0,152,True,4.46,4.11,5.65,6.9,2.08,1.92,2.64,3.23,6.54,6.03,8.29,10.13
124438,132051124438,Savannah,GA,69000,2019,146444,2019,False,416802000,392908000,391954000,392908000,0,16348000,64975000,63555000,1420000,33508000,33508000,0,0,0,47548000,0,329012000,R,R,0.0,75,True,16.54,15.59,16.54,19.75,8.53,8.04,8.53,10.18,25.07,23.63,25.07,29.93
126027,182057126027,Carmel,IN,10342,2019,92198,2019,False,302291000,285153000,285153000,285153000,0,0,25822000,23383000,2439000,25071000,25071000,0,0,0,0,602000,284551000,R,R,0.0,54,True,9.06,8.54,9.06,9.07,8.79,8.29,8.79,8.81,17.85,16.84,17.85,17.89
126081,182141126081,South Bend,IN,71000,2019,102245,2019,False,209244000,183901000,180921000,183901000,0,0,40657000,40657000,0,36650000,36650000,0,0,0,0,7817000,176084000,R,R,0.003,45,True,22.11,19.43,22.11,23.09,19.93,17.52,19.93,20.81,42.04,36.95,42.04,43.9
127810,222017127810,Shreveport,LA,70000,2019,192036,2019,False,352782000,292377000,292377000,292377000,0,0,62926000,62926000,0,58086000,58086000,0,0,0,9266000,0,283111000,R,R,0.0,53,True,21.52,17.84,21.52,22.23,19.87,16.47,19.87,20.52,41.39,34.3,41.39,42.74
128108,252025128108,Boston,MA,07000,2019,685094,2019,False,4150011000,3906206000,3755593000,2407548000,1498658000,277167000,429486000,422853000,6633000,259809000,259809000,0,0,0,0,20075000,2110306000,R,R,0.0,93,True,10.99,10.35,17.84,20.35,6.65,6.26,10.79,12.31,17.65,16.61,28.63,32.66
128309,262099128309,Warren,MI,84000,2019,135022,2019,False,233663000,200891000,200891000,200891000,0,0,43880000,42357000,1523000,24708000,23938000,770000,0,0,0,558000,200333000,R,R,0.0,55,True,21.84,18.78,21.84,21.9,12.3,10.57,12.3,12.33,34.14,29.35,34.14,34.24
129295,282049129295,Jackson,MS,36000,2019,166965,2019,False,280917000,237785000,237785000,237785000,0,4439000,35464000,34104000,1360000,21945000,21099000,846000,0,0,29812000,2174000,201360000,R,R,0.0,84,True,14.91,12.62,14.91,17.61,9.23,7.81,9.23,10.9,24.14,20.44,24.14,28.51
129515,292095129515,Independence,MO,35000,2019,117306,2019,False,326721000,173390000,173390000,173390000,0,0,38454000,38454000,0,20429000,20429000,0,0,0,0,3200000,170190000,I,I,1.0,57,True,22.18,11.77,22.18,22.59,11.78,6.25,11.78,12.0,33.96,18.02,33.96,34.6
130835,342013130835,Newark,NJ,51000,2019,285154,2019,False,710545000,649207000,648298000,649207000,0,0,138060000,138060000,0,68433000,68313000,120000,0,0,0,38233000,610974000,R,R,0.0,68,True,21.27,19.43,21.27,22.6,10.54,9.63,10.54,11.2,31.81,29.06,31.81,33.8
131239,362055131239,Rochester,NY,63000,2019,208046,2019,False,1694466000,1662372000,1659687000,636612000,1025760000,0,95254000,95254000,0,53606000,53602000,4000,0,0,0,2036000,634576000,R,R,0.0,72,True,5.73,5.62,14.96,15.01,3.22,3.16,8.42,8.45,8.95,8.79,23.38,23.46
131717,372051131717,Fayetteville,NC,22920,2019,209889,2019,False,274687000,264082000,254738000,264082000,0,0,54457000,51584000,2873000,31143000,28370000,2773000,0,0,16988000,0,247094000,R,R,0.05,85,True,20.62,19.83,20.62,22.04,11.79,11.34,11.79,12.6,32.41,31.16,32.41,34.64
131775,372183131775,Cary,NC,10740,2019,165904,2019,False,307394000,208691000,208691000,208691000,0,0,26400000,25866000,534000,28923000,23217000,5706000,0,0,0,0,208691000,R,R,0.0,63,True,12.65,8.59,12.65,12.65,13.86,9.41,13.86,13.86,26.51,18.0,26.51,26.51
133222,412039133222,Eugene,OR,23850,2019,168916,2019,False,605523000,319972000,319082000,319972000,0,0,58569000,58276000,293000,43172000,42155000,1017000,0,0,15712000,0,304260000,R,R,0.0,85,True,18.3,9.67,18.3,19.25,13.49,7.13,13.49,14.19,31.8,16.8,31.8,33.44
133470,422003133470,Pittsburgh,PA,61000,2019,302407,2019,False,705300000,705300000,705300000,705300000,0,0,101581000,101581000,0,73957000,73957000,0,0,0,0,26155000,679145000,R,R,0.0,52,True,14.4,14.4,14.4,14.96,10.49,10.49,10.49,10.89,24.89,24.89,24.89,25.85
133602,422101133602,Philadelphia,PA,60000,2019,1580863,2019,False,8221246000,7227136000,7013856000,7013856000,213280000,498205000,974232000,970063000,4169000,267248000,267248000,0,0,0,382738000,1719928000,4412985000,R,R,0.0,83,True,13.48,11.85,13.89,22.08,3.7,3.25,3.81,6.06,17.18,15.1,17.7,28.13
135095,482039135095,Pearland,TX,56348,2019,119940,2019,False,157930000,139689000,132521000,139689000,0,1150000,24887000,23947000,940000,14823000,14443000,380000,0,0,0,1444000,137095000,R,R,0.0,65,True,17.82,15.76,17.82,18.15,10.61,9.39,10.61,10.81,28.43,25.14,28.43,28.97
135130,482113135130,Carrollton,TX,13024,2019,135710,2019,False,196114000,172652000,160384000,172652000,0,0,28614000,28521000,93000,27893000,27893000,0,0,0,0,2991000,169661000,R,R,0.0,61,True,16.57,14.59,16.57,16.87,16.16,14.22,16.16,16.44,32.73,28.81,32.73,33.31
135132,482113135132,Mesquite,TX,47892,2019,143949,2019,False,222693000,182217000,182217000,182217000,0,518000,43204000,38293000,4911000,30123000,29051000,1072000,0,0,1915000,1525000,178259000,I,I,1.0,89,True,23.71,19.4,23.71,24.24,16.53,13.53,16.53,16.9,40.24,32.93,40.24,41.14
135275,482423135275,Tyler,TX,74144,2019,104991,2019,False,162900000,135004000,133898000,135004000,0,0,26985000,26533000,452000,18299000,17583000,716000,0,0,12120000,1298000,121586000,R,R,0.0,76,True,19.99,16.57,19.99,22.19,13.55,11.23,13.55,15.05,33.54,27.8,33.54,37.24
135285,482451135285,San Angelo,TX,64472,2019,100119,2019,False,130091000,114230000,111975000,114230000,0,1099000,21148000,20665000,483000,22381000,21893000,488000,0,0,4618000,1612000,106901000,R,R,0.0,81,True,18.51,16.26,18.51,19.78,19.59,17.2,19.59,20.94,38.11,33.46,38.11,40.72
135293,482479135293,Laredo,TX,41464,2019,260654,2019,False,463752000,393125000,392614000,393125000,0,5542000,72478000,72122000,356000,53331000,53286000,45000,0,0,20212000,18691000,348680000,I,I,1.0,92,True,18.44,15.63,18.44,20.79,13.57,11.5,13.57,15.3,32.0,27.13,32.0,36.08
135295,482485135295,Wichita Falls,TX,79000,2019,104747,2019,False,165745000,126628000,126628000,126628000,0,0,24159000,24159000,0,16390000,16390000,0,0,0,1517000,5471000,119640000,R,R,0.0,71,True,19.08,14.58,19.08,20.19,12.94,9.89,12.94,13.7,32.02,24.46,32.02,33.89
135298,482491135298,Round Rock,TX,63500,2019,123678,2019,False,190703000,159888000,159016000,159888000,0,0,26728000,25631000,1097000,16993000,15578000,1415000,196000,0,0,675000,159213000,I,I,1.0,70,True,16.72,14.02,16.72,16.79,10.63,8.91,10.63,10.67,27.34,22.93,27.34,27.46
136056,512650136056,Hampton,VA,35000,2019,134669,2019,False,599310000,594547000,591602000,362478000,232069000,43322000,32318000,31084000,1234000,24953000,24818000,135000,0,0,0,5495000,313661000,R,R,0.089,96,True,5.44,5.39,8.92,10.3,4.2,4.16,6.88,7.96,9.63,9.56,15.8,18.26
136057,512710136057,Norfolk,VA,57000,2019,244703,2019,False,1296754000,1228300000,1219242000,844087000,384213000,81164000,75880000,75880000,0,48241000,47036000,1205000,0,0,59174000,44057000,659692000,S,RS,0.002,95,True,6.18,5.85,8.99,11.5,3.93,3.72,5.72,7.31,10.11,9.57,14.7,18.81
136110,532033136110,Renton,WA,57745,2019,101379,2019,False,208251000,194895000,194895000,194895000,0,37243000,31980000,31946000,34000,4607000,154000,4453000,0,0,1732000,716000,155204000,R,R,0.0,73,True,16.41,15.36,16.41,20.61,2.36,2.21,2.36,2.97,18.77,17.57,18.77,23.57
136562,552079136562,Milwaukee,WI,53000,2019,595351,2019,False,1380792000,1284235000,1284235000,1284235000,0,7197000,315409000,307121000,8288000,112772000,111292000,1480000,0,0,3679000,22926000,1250433000,R,R,0.0,77,True,24.56,22.84,24.56,25.22,8.78,8.17,8.78,9.02,33.34,31.01,33.34,34.24
137232,062037137232,Santa Clarita,CA,69088,2019,210888,2019,False,266863000,227546000,227546000,227546000,0,0,25872000,25872000,0,1435000,1435000,0,0,0,0,613000,226933000,R,R,0.0,56,True,11.37,9.69,11.37,11.4,0.63,0.54,0.63,0.63,12.0,10.23,12.0,12.03
160683,012097160683,Mobile,AL,50000,2019,190265,2019,False,393563000,348107000,348107000,348107000,0,9198000,52348000,52348000,0,29774000,29774000,0,0,0,0,14885000,324024000,R,R,0.0,67,True,15.04,13.3,15.04,16.16,8.55,7.57,8.55,9.19,23.59,20.87,23.59,25.34
160723,012125160723,Tuscaloosa,AL,77256,2019,100287,2019,False,209132000,172194000,166141000,172194000,0,379000,33664000,30018000,3646000,22975000,22975000,0,0,0,489000,205000,171121000,R,R,0.0,65,True,19.55,16.1,19.55,19.67,13.34,10.99,13.34,13.43,32.89,27.08,32.89,33.1
160830,042013160830,Buckeye,AZ,07940,2019,68453,2019,False,112479000,79897000,79299000,79897000,0,452000,19680000,19250000,430000,15625000,15378000,247000,0,0,747000,0,78698000,I,I,1.0,58,True,24.63,17.5,24.63,25.01,19.56,13.89,19.56,19.85,44.19,31.39,44.19,44.86
160831,042013160831,Gilbert,AZ,27400,2019,242354,2019,False,373245000,308186000,299587000,308186000,0,1528000,59858000,58768000,1090000,40074000,40018000,56000,147000,0,0,0,306658000,I,I,0.967,73,True,19.42,16.04,19.42,19.52,13.0,10.74,13.0,13.07,32.43,26.77,32.43,32.59
160832,042013160832,Peoria,AZ,54050,2019,168181,2019,False,339560000,286636000,286636000,286636000,0,0,54593000,54593000,0,35039000,35039000,0,0,0,0,0,286636000,I,I,1.0,50,True,19.05,16.08,19.05,19.05,12.22,10.32,12.22,12.22,31.27,26.4,31.27,31.27
160833,042013160833,Tempe,AZ,73000,2019,185038,2019,False,509012000,399945000,399945000,399945000,0,0,109968000,106231000,3737000,42421000,40219000,2202000,0,0,0,0,399945000,I,I,1.0,60,True,27.5,21.6,27.5,27.5,10.61,8.33,10.61,10.61,38.1,29.94,38.1,38.1
160840,042019160840,Tucson,AZ,77000,2019,535677,2019,False,1087954000,774336000,773752000,774336000,0,0,235851000,233532000,2319000,111210000,111150000,60000,0,0,23538000,0,750798000,I,I,1.0,70,True,30.46,21.68,30.46,31.41,14.36,10.22,14.36,14.81,44.82,31.9,44.82,46.23
161123,062001161123,Hayward,CA,33000,2019,160500,2019,False,296673000,248514000,247708000,248514000,0,0,72468000,72468000,0,43556000,43556000,0,0,0,4224000,2391000,241899000,R,R,0.0,67,True,29.16,24.43,29.16,29.96,17.53,14.68,17.53,18.01,46.69,39.11,46.69,47.96
161135,062013161135,Richmond,CA,60620,2019,110040,2019,False,338834000,337404000,334653000,337404000,0,0,70682000,69984000,698000,30051000,29841000,210000,277000,0,6425000,616000,330363000,R,R,0.0,72,True,20.95,20.86,20.95,21.4,8.91,8.87,8.91,9.1,29.86,29.73,29.86,30.49
161170,062037161170,Glendale,CA,30000,2019,203054,2019,False,639926000,435932000,435932000,435932000,0,0,87650000,87650000,0,56434000,56434000,0,0,0,0,6108000,429824000,R,R,0.0,60,True,20.11,13.7,20.11,20.39,12.95,8.82,12.95,13.13,33.05,22.52,33.05,33.52
161173,062037161173,Long Beach,CA,43000,2019,469450,2019,False,2200307000,1979620000,1979620000,1979620000,0,0,260959000,260873000,86000,78353000,78353000,0,0,0,508480000,83787000,1387353000,R,R,0.0,74,True,13.18,11.86,13.18,18.81,3.96,3.56,3.96,5.65,17.14,15.42,17.14,24.46
161174,062037161174,Los Angeles,CA,44000,2019,3999759,2019,False,16161455000,10693569000,10505475000,10693569000,0,80690000,2366330000,2366330000,0,542617000,542617000,0,1700000,0,2411165000,425637000,7776077000,R,R,0.0,93,True,22.13,14.64,22.13,30.43,5.07,3.36,5.07,6.98,27.2,18.0,27.2,37.41
161179,062037161179,Pomona,CA,58072,2019,152939,2019,False,234642000,188411000,188411000,188411000,0,0,56733000,55872000,861000,27469000,26903000,566000,0,0,0,1099000,187312000,R,R,0.0,67,True,30.11,24.18,30.11,30.29,14.58,11.71,14.58,14.66,44.69,35.89,44.69,44.95
161218,062059161218,Fullerton,CA,28000,2019,140392,2019,False,205223000,177037000,177037000,177037000,0,0,45267000,45267000,0,24244000,23692000,552000,0,0,2165000,1304000,173568000,R,R,0.0,68,True,25.57,22.06,25.57,26.08,13.69,11.81,13.69,13.97,39.26,33.87,39.26,40.05
161220,062059161220,Orange,CA,53980,2019,140560,2019,False,211977000,182067000,182067000,182067000,0,0,46964000,46863000,101000,21704000,21220000,484000,0,0,0,13792000,168275000,R,R,0.0,52,True,25.79,22.16,25.79,27.91,11.92,10.24,11.92,12.9,37.72,32.39,37.72,40.81
161229,062059161229,Irvine,CA,36770,2019,277453,2019,False,305971000,297783000,289813000,297783000,0,0,81260000,80677000,583000,0,0,0,722000,0,0,5450000,292333000,R,-,0.0,63,True,27.29,26.56,27.29,27.8,0.0,0.0,0.0,0.0,27.29,26.56,27.29,27.8
161238,062065161238,Moreno Valley,CA,49270,2019,207226,2019,False,280185000,255274000,207145000,255274000,0,0,45398000,41009000,4389000,22933000,20281000,2652000,36986000,11143000,0,2079000,253195000,R,R,0.0,61,True,17.78,16.2,17.78,17.93,8.98,8.18,8.98,9.06,26.77,24.39,26.77,26.99
161241,062067161241,Sacramento,CA,64000,2019,501901,2019,False,1196984000,1087209000,993306000,1087209000,0,6681000,181274000,181274000,0,125567000,125567000,0,0,4985000,904000,26430000,1053194000,R,R,0.0,79,True,16.67,15.14,16.67,17.21,11.55,10.49,11.55,11.92,28.22,25.63,28.22,29.13
161245,062071161245,Fontana,CA,24680,2019,211815,2019,False,292644000,292624000,292624000,292624000,0,0,70390000,62381000,8009000,37016000,31753000,5263000,0,0,0,89000,292535000,R,R,0.0,60,True,24.05,24.05,24.05,24.06,12.65,12.65,12.65,12.65,36.7,36.7,36.7,36.72
161246,062071161246,Ontario,CA,53896,2019,175841,2019,False,700739000,640491000,640491000,640491000,0,0,106192000,100172000,6020000,60218000,59772000,446000,0,0,0,1183000,639308000,R,R,0.0,62,True,16.58,15.15,16.58,16.61,9.4,8.59,9.4,9.42,25.98,23.75,25.98,26.03
161251,062071161251,Rancho Cucamonga,CA,59451,2019,177452,2019,False,255410000,246941000,246941000,246941000,0,0,40095000,40006000,89000,66682000,64664000,2018000,0,0,0,4061000,242880000,R,R,0.0,58,True,16.24,15.7,16.24,16.51,27.0,26.11,27.0,27.45,43.24,41.81,43.24,43.96
161252,062071161252,Victorville,CA,82590,2019,122441,2019,False,284491000,230310000,179991000,230310000,0,0,25915000,25915000,0,17961000,17961000,0,0,14274000,9934000,1014000,219362000,R,R,0.0,68,True,11.25,9.11,11.25,11.81,7.8,6.31,7.8,8.19,19.05,15.42,19.05,20.0
161254,062073161254,Carlsbad,CA,11194,2019,115330,2019,False,307429000,248278000,237188000,248278000,0,0,40677000,39838000,839000,24979000,19860000,5119000,0,0,0,18574000,229704000,R,R,0.0,66,True,16.38,13.23,16.38,17.71,10.06,8.13,10.06,10.87,26.44,21.36,26.44,28.58
161256,062073161256,Oceanside,CA,53322,2019,176193,2019,False,404056000,307654000,304896000,307654000,0,0,63276000,61479000,1797000,31007000,31007000,0,0,0,8888000,707000,298059000,R,R,0.0,80,True,20.57,15.66,20.57,21.23,10.08,7.67,10.08,10.4,30.65,23.33,30.65,31.63
161258,062075161258,San Francisco And County,CA,67000,2019,884363,2019,False,14670763000,11898687000,11585284000,11898687000,0,1929472000,577814000,577814000,0,321128000,320510000,618000,0,0,2116705000,2220908000,5631602000,R,R,0.0,115,True,4.86,3.94,4.86,10.26,2.7,2.19,2.7,5.7,7.55,6.13,7.55,15.96
161280,062085161280,Santa Clara,CA,69084,2019,127134,2019,False,1138042000,525874000,466874000,525874000,0,0,62799000,62799000,0,49718000,49119000,599000,312000,0,0,3037000,522837000,R,R,0.0,72,True,11.94,5.52,11.94,12.01,9.45,4.37,9.45,9.51,21.4,9.89,21.4,21.52
161281,062085161281,Sunnyvale,CA,77000,2019,153656,2019,False,365843000,321466000,321466000,321466000,0,0,66020000,66020000,0,36803000,36803000,0,0,0,0,1246000,320220000,R,R,0.0,54,True,20.54,18.05,20.54,20.62,11.45,10.06,11.45,11.49,31.99,28.11,31.99,32.11
161286,062095161286,Vacaville,CA,81554,2019,100032,2019,False,232079000,211720000,211720000,211720000,0,0,39776000,39014000,762000,16199000,15196000,1003000,0,0,0,13434000,198286000,R,R,0.0,65,True,18.79,17.14,18.79,20.06,7.65,6.98,7.65,8.17,26.44,24.12,26.44,28.23
161287,062097161287,Santa Rosa,CA,70098,2019,175269,2019,False,434016000,344468000,328424000,344468000,0,0,60343000,60115000,228000,45404000,45124000,280000,977000,248000,0,3629000,340839000,R,R,0.0,81,True,17.52,13.9,17.52,17.7,13.18,10.46,13.18,13.32,30.7,24.36,30.7,31.03
161299,062111161299,Oxnard,CA,54652,2019,210037,2019,False,389661000,332117000,332117000,332117000,0,0,73621000,73621000,0,29884000,29884000,0,0,0,0,13036000,319081000,R,R,0.0,54,True,22.17,18.89,22.17,23.07,9.0,7.67,9.0,9.37,31.17,26.56,31.17,32.44
161302,062111161302,Simi Valley,CA,72016,2019,126878,2019,False,162134000,108170000,107838000,108170000,0,0,35094000,35040000,54000,0,0,0,0,0,0,1663000,106507000,R,-,0.0,65,True,32.44,21.65,32.44,32.95,0.0,0.0,0.0,0.0,32.44,21.65,32.44,32.95
161328,082001161328,Thornton,CO,77290,2019,136978,2019,False,255394000,183820000,183820000,183820000,0,0,40967000,39547000,1420000,19496000,19269000,227000,0,0,0,0,183820000,R,R,0.0,62,True,22.29,16.04,22.29,22.29,10.61,7.63,10.61,10.61,32.89,23.67,32.89,32.89
161337,082013161337,Boulder,CO,07850,2019,107125,2019,False,433942000,333230000,333230000,333230000,0,0,37349000,37349000,0,21395000,21395000,0,0,0,780000,0,332450000,R,R,0.0,55,True,11.21,8.61,11.21,11.23,6.42,4.93,6.42,6.44,17.63,13.54,17.63,17.67
161362,082041161362,Colorado Springs,CO,16000,2019,464474,2019,False,1427514000,630056000,630056000,630056000,0,0,100924000,100738000,186000,53430000,51677000,1753000,0,0,15697000,0,614359000,R,R,0.0,70,True,16.02,7.07,16.02,16.43,8.48,3.74,8.48,8.7,24.5,10.81,24.5,25.12
161376,082059161376,Lakewood,CO,43000,2019,154958,2019,False,188985000,187992000,187614000,187992000,0,825000,54327000,53278000,1049000,0,0,0,0,0,0,0,187167000,R,-,0.0,60,True,28.9,28.75,28.9,29.03,0.0,0.0,0.0,0.0,28.9,28.75,28.9,29.03
161441,092110161441,Hartford,CT,37000,2019,123400,2019,False,854885000,853415000,783554000,350842000,502573000,0,51335000,51335000,0,12347000,12347000,0,4296000,2842000,0,14562000,336280000,R,R,0.0,72,True,6.02,6.0,14.63,15.27,1.45,1.44,3.52,3.67,7.46,7.45,18.15,18.94
161447,092170161447,New Haven,CT,52000,2019,131014,2019,False,805017000,805017000,786777000,402138000,402879000,0,41630000,41630000,0,34879000,34879000,0,0,0,529000,3690000,397919000,R,R,0.0,56,True,5.17,5.17,10.35,10.46,4.33,4.33,8.67,8.77,9.5,9.5,19.03,19.23
161572,122001161572,Gainesville,FL,25175,2019,132249,2019,False,1479833000,314241000,314241000,314241000,0,1726000,37606000,36741000,865000,27902000,19339000,8563000,0,0,353000,4790000,307372000,R,R,0.0,86,True,11.97,2.54,11.97,12.23,8.88,1.89,8.88,9.08,20.85,4.43,20.85,21.31
161585,122011161585,Fort Lauderdale,FL,24000,2019,180072,2019,False,623783000,479844000,473058000,479844000,0,0,116331000,114529000,1802000,83722000,79137000,4585000,0,0,10666000,0,469178000,R,R,0.0,65,True,24.24,18.65,24.24,24.79,17.45,13.42,17.45,17.84,41.69,32.07,41.69,42.64
161586,122011161586,Hollywood,FL,32000,2019,153627,2019,False,330786000,296587000,296587000,296587000,0,0,78584000,78174000,410000,58204000,55971000,2233000,0,0,0,0,296587000,R,R,0.0,57,True,26.5,23.76,26.5,26.5,19.62,17.6,19.62,19.62,46.12,41.35,46.12,46.12
161588,122011161588,Pompano Beach,FL,58050,2019,110473,2019,False,253496000,230744000,230744000,230744000,0,0,48321000,48123000,198000,24672000,22816000,1856000,0,0,5923000,17888000,206933000,R,R,0.0,70,True,20.94,19.06,20.94,23.35,10.69,9.73,10.69,11.92,31.63,28.79,31.63,35.27
161593,122011161593,Pembroke Pines,FL,55775,2019,170712,2019,False,341747000,332168000,332168000,332168000,0,1315000,63411000,57500000,5911000,47313000,47313000,0,0,0,0,0,330853000,R,R,0.0,60,True,19.09,18.55,19.09,19.17,14.24,13.84,14.24,14.3,33.33,32.4,33.33,33.47
161594,122011161594,Davie,FL,16475,2019,105149,2019,False,196177000,172271000,172271000,172271000,0,0,47022000,46310000,712000,26540000,21248000,5292000,0,0,0,25490000,146781000,R,R,0.0,53,True,27.3,23.97,27.3,32.04,15.41,13.53,15.41,18.08,42.7,37.5,42.7,50.12
161595,122011161595,Coral Springs,FL,14400,2019,133037,2019,False,187346000,175444000,175444000,175444000,0,0,53033000,51955000,1078000,23414000,22753000,661000,0,0,0,10461000,164983000,R,R,0.0,63,True,30.23,28.31,30.23,32.14,13.35,12.5,13.35,14.19,43.57,40.81,43.57,46.34
161604,122086161604,Hialeah,FL,30000,2019,239673,2019,False,279453000,255670000,255670000,253213000,2457000,210000,56333000,54406000,1927000,48793000,47115000,1678000,0,0,0,0,253003000,R,R,0.0,70,True,22.03,20.16,22.25,22.27,19.08,17.46,19.27,19.29,41.12,37.62,41.52,41.55
161633,122057161633,Tampa,FL,71000,2019,385430,2019,False,1135425000,1017995000,1017995000,1017995000,0,0,165732000,162895000,2837000,95024000,87534000,7490000,0,0,0,0,1017995000,R,R,0.0,76,True,16.28,14.6,16.28,16.28,9.33,8.37,9.33,9.33,25.61,22.97,25.61,25.61
161649,122071161649,Cape Coral,FL,10275,2019,183365,2019,False,382220000,263761000,263761000,240754000,23007000,0,38749000,36894000,1855000,37752000,31189000,6563000,0,0,0,0,240754000,R,R,0.0,59,True,14.69,10.14,16.09,16.09,14.31,9.88,15.68,15.68,29.0,20.01,31.78,31.78
161650,122073161650,Tallahassee,FL,70600,2019,191049,2019,False,734732000,359856000,359856000,359856000,0,0,63517000,63130000,387000,45787000,44385000,1402000,0,0,26381000,0,333475000,R,R,0.0,87,True,17.65,8.64,17.65,19.05,12.72,6.23,12.72,13.73,30.37,14.88,30.37,32.78
161665,122095161665,Orlando,FL,53000,2019,280257,2019,False,891524000,891524000,891524000,891524000,0,0,172458000,170865000,1593000,111311000,110241000,1070000,0,0,0,0,891524000,R,R,0.0,63,True,19.34,19.34,19.34,19.34,12.49,12.49,12.49,12.49,31.83,31.83,31.83,31.83
161679,122099161679,West Palm Beach,FL,76600,2019,110222,2019,False,409074000,400605000,400605000,400605000,0,0,60362000,57848000,2514000,46532000,38640000,7892000,0,0,0,3484000,397121000,R,R,0.0,66,True,15.07,14.76,15.07,15.2,11.62,11.37,11.62,11.72,26.68,26.13,26.68,26.92
161693,122103161693,St Petersburg,FL,63000,2019,263255,2019,False,656847000,527717000,527717000,527717000,0,0,118315000,107303000,11012000,37094000,33279000,3815000,0,0,4809000,13369000,509539000,R,R,0.0,73,True,22.42,18.01,22.42,23.22,7.03,5.65,7.03,7.28,29.45,23.66,29.45,30.5
161710,122111161710,Port St Lucie,FL,58715,2019,189344,2019,False,313998000,267774000,267774000,267774000,0,0,45094000,42934000,2160000,0,0,0,0,0,0,20236000,247538000,R,-,0.0,58,True,16.84,14.36,16.84,18.22,0.0,0.0,0.0,0.0,16.84,14.36,16.84,18.22
161834,132059161834,Athens-Clarke County Unified Government,GA,03436,2019,123912,2019,False,284153000,263286000,262022000,263286000,0,16284000,29249000,28378000,871000,17739000,14058000,3681000,0,0,2449000,1830000,242723000,R,R,0.0,84,True,11.11,10.29,11.11,12.05,6.74,6.24,6.74,7.31,17.85,16.54,17.85,19.36
161944,132215161944,Columbus Consolidated Government,GA,19000,2019,194058,2019,False,374324000,348595000,332724000,348595000,0,43733000,51506000,49821000,1685000,27571000,27375000,196000,0,0,9098000,21771000,273993000,R,R,0.0,92,True,14.78,13.76,14.78,18.8,7.91,7.37,7.91,10.06,22.68,21.13,22.68,28.86
162035,162001162035,Boise,ID,08830,2019,226570,2019,False,392909000,385469000,384249000,385469000,0,0,61749000,61729000,20000,53812000,53812000,0,0,0,23760000,1187000,360522000,R,R,0.0,58,True,16.02,15.72,16.02,17.13,13.96,13.7,13.96,14.93,29.98,29.41,29.98,32.05
162037,162001162037,Meridian,ID,52120,2019,99926,2019,False,108615000,97998000,97998000,97998000,0,0,16772000,16298000,474000,12813000,11193000,1620000,0,0,0,381000,97617000,R,R,0.0,45,True,17.11,15.44,17.11,17.18,13.07,11.8,13.07,13.13,30.19,27.24,30.19,30.31
162062,162027162062,Nampa,ID,56260,2019,93590,2019,False,111657000,103981000,103981000,103981000,0,0,19735000,19735000,0,11942000,11942000,0,0,0,465000,0,103516000,R,R,0.0,54,True,18.98,17.67,18.98,19.06,11.48,10.7,11.48,11.54,30.46,28.37,30.46,30.6
162236,172031162236,Chicago,IL,14000,2019,2716450,2019,False,9030567000,8392722000,8392722000,8392722000,0,362209000,1519663000,1499601000,20062000,586534000,581986000,4548000,0,0,1609258000,136763000,6284492000,R,R,0.0,98,True,18.11,16.83,18.11,24.18,6.99,6.49,6.99,9.33,25.1,23.32,25.1,33.51
162299,172043162299,Naperville,IL,51622,2019,147682,2019,False,368243000,169019000,169019000,169019000,0,0,39504000,39504000,0,35313000,35313000,0,0,0,0,0,169019000,R,R,0.0,37,True,23.37,10.73,23.37,23.37,20.89,9.59,20.89,20.89,44.27,20.32,44.27,44.27
162629,172167162629,Springfield,IL,72000,2019,114868,2019,False,382184000,181633000,179871000,181633000,0,0,47084000,46587000,497000,39663000,39459000,204000,0,0,0,0,181633000,R,R,0.0,63,True,25.92,12.32,25.92,25.92,21.84,10.38,21.84,21.84,47.76,22.7,47.76,47.76
162690,172197162690,Joliet,IL,38570,2019,148462,2019,False,274284000,258652000,258652000,258652000,0,0,42027000,41752000,275000,27842000,27842000,0,0,0,0,0,258652000,R,R,0.0,53,True,16.25,15.32,16.25,16.25,10.76,10.15,10.76,10.76,27.01,25.47,27.01,27.01
163465,182003163465,Fort Wayne,IN,25000,2019,265904,2019,False,395425000,365020000,365020000,365020000,0,0,58645000,54970000,3675000,39606000,37737000,1869000,0,0,0,3306000,361714000,R,R,0.0,74,True,16.07,14.83,16.07,16.21,10.85,10.02,10.85,10.95,26.92,24.85,26.92,27.16
163681,182163163681,Evansville,IN,22000,2019,118930,2019,False,288750000,235451000,235399000,235451000,0,0,35115000,34767000,348000,29480000,28828000,652000,0,0,21843000,845000,212763000,R,R,0.0,85,True,14.91,12.16,14.91,16.5,12.52,10.21,12.52,13.86,27.43,22.37,27.43,30.36
164470,192113164470,Cedar Rapids,IA,12000,2019,132228,2019,False,408261000,349256000,349256000,349256000,0,0,37824000,37824000,0,22248000,22248000,0,0,0,31544000,1236000,316476000,R,R,0.0,71,True,10.83,9.26,10.83,11.95,6.37,5.45,6.37,7.03,17.2,14.71,17.2,18.98
164885,202177164885,Topeka,KS,71000,2019,126587,2019,False,247646000,197842000,197842000,197842000,0,866000,36859000,36310000,549000,27947000,27820000,127000,0,0,0,0,196976000,R,R,0.0,71,True,18.63,14.88,18.63,18.71,14.13,11.29,14.13,14.19,32.76,26.17,32.76,32.9
164911,202209164911,Wyandotte County And Kansas Unified Government,KS,36000,2019,152938,2019,False,704788000,393235000,393235000,393235000,0,30631000,55218000,52360000,2858000,58715000,56548000,2167000,0,0,0,21902000,340702000,S,S,0.0,82,True,14.04,7.83,14.04,16.21,14.93,8.33,14.93,17.23,28.97,16.17,28.97,33.44
165831,212067165831,Lexington-Fayette Urban County Government,KY,46027,2019,321959,2019,False,578187000,547610000,547610000,547610000,0,42535000,60113000,56291000,3822000,64567000,57517000,7050000,0,0,13996000,16031000,475048000,R,R,0.018,94,True,10.98,10.4,10.98,12.65,11.79,11.17,11.79,13.59,22.77,21.56,22.77,26.25
165866,212111165866,Louisville-Jefferson County Metro Government,KY,48003,2019,771158,2019,False,1998282000,1594443000,1533360000,1482902000,111541000,76790000,189610000,187695000,1915000,69186000,61674000,7512000,0,0,57893000,81539000,1266680000,R,R,0.006,104,True,11.89,9.49,12.79,14.97,4.34,3.46,4.67,5.46,16.23,12.95,17.45,20.43
166054,222033166054,Baton Rouge-East Baton Rouge-Parish,LA,05000,2019,228590,2019,False,1149131000,1116167000,1089962000,1116167000,0,124779000,155325000,148698000,6627000,68493000,66666000,1827000,0,0,25006000,60021000,906361000,R,R,0.0,114,True,13.92,13.52,13.92,17.14,6.14,5.96,6.14,7.56,20.05,19.48,20.05,24.69
166076,222055166076,Lafayette-Parish,LA,40735,2019,127657,2019,False,635555000,403104000,403011000,403104000,0,7284000,97635000,94363000,3272000,24801000,23964000,837000,0,0,6929000,16400000,372491000,R,R,0.0,108,True,24.22,15.36,24.22,26.21,6.15,3.9,6.15,6.66,30.37,19.26,30.37,32.87
166094,222071166094,New Orleans,LA,55000,2019,393292,2019,False,2101836000,2000061000,2000061000,2000061000,0,160697000,86830000,82376000,4454000,112537000,112537000,0,0,0,380275000,39600000,1419489000,R,S,0.0,85,True,4.34,4.13,4.34,6.12,5.63,5.35,5.63,7.93,9.97,9.49,9.97,14.04
166441,252005166441,New Bedford,MA,45000,2019,95120,2019,False,386362000,376783000,369513000,165853000,210930000,2736000,25552000,24713000,839000,18611000,18054000,557000,0,0,514000,4462000,158141000,R,R,0.0,78,True,6.78,6.61,15.41,16.16,4.94,4.82,11.22,11.77,11.72,11.43,26.63,27.93
166448,252017166448,Cambridge,MA,11000,2019,113630,2019,False,1205253000,1180616000,1178376000,890521000,290095000,585590000,42150000,41454000,696000,30220000,29984000,236000,0,0,0,60000,304871000,R,R,0.0,83,True,3.57,3.5,4.73,13.83,2.56,2.51,3.39,9.91,6.13,6.0,8.13,23.74
166449,252017166449,Lowell,MA,37000,2019,111346,2019,False,471488000,462174000,452093000,178945000,283229000,784000,27604000,27166000,438000,18951000,18782000,169000,0,0,0,2611000,175550000,R,R,0.559,77,True,5.97,5.85,15.43,15.72,4.1,4.02,10.59,10.8,10.07,9.87,26.02,26.52
166454,252021166454,Quincy,MA,55745,2019,94166,2019,False,527128000,511770000,472110000,295727000,216043000,1306000,30693000,30693000,0,24658000,24658000,0,0,0,0,4839000,289582000,R,R,0.0,67,True,6.0,5.82,10.38,10.6,4.82,4.68,8.34,8.52,10.82,10.5,18.72,19.11
166455,252023166455,Brockton,MA,09000,2019,95672,2019,False,421445000,402916000,395514000,138593000,264323000,914000,25957000,25642000,315000,25438000,24891000,547000,0,0,0,1017000,136662000,R,R,0.0,75,True,6.44,6.16,18.73,18.99,6.31,6.04,18.35,18.61,12.76,12.19,37.08,37.61
166690,262065166690,Lansing,MI,46000,2019,116986,2019,False,1118122000,258014000,257955000,258014000,0,0,42833000,42833000,0,33943000,33943000,0,0,0,0,0,258014000,R,R,0.0,70,True,16.6,3.83,16.6,16.6,13.16,3.04,13.16,13.16,29.76,6.87,29.76,29.76
166734,262099166734,Sterling Heights,MI,76460,2019,132631,2019,False,206687000,179092000,168783000,179092000,0,0,33975000,32459000,1516000,21600000,20385000,1215000,0,0,0,0,179092000,R,R,0.0,55,True,18.97,16.44,18.97,18.97,12.06,10.45,12.06,12.06,31.03,26.89,31.03,31.03
166817,262163166817,Detroit,MI,22000,2019,673104,2019,False,2059889000,1715872000,1715872000,1715872000,0,0,298342000,293735000,4607000,116504000,116504000,0,0,0,6695000,35857000,1673320000,R,R,0.0,73,True,17.39,14.48,17.39,17.83,6.79,5.66,6.79,6.96,24.18,20.14,24.18,24.79
167574,272109167574,Rochester,MN,54880,2019,115733,2019,False,521787000,321584000,321584000,321584000,0,0,34555000,32661000,1894000,17385000,17196000,189000,0,0,9662000,0,311922000,R,R,0.0,64,True,10.75,6.62,10.75,11.08,5.41,3.33,5.41,5.57,16.15,9.95,16.15,16.65
167605,272123167605,St Paul,MN,58000,2019,306621,2019,False,819456000,753841000,753841000,753841000,0,0,129603000,127059000,2544000,67793000,65054000,2739000,0,0,18532000,3520000,731789000,R,R,0.0,76,True,17.19,15.82,17.19,17.71,8.99,8.27,8.99,9.26,26.19,24.09,26.19,26.97
168809,292019168809,Columbia,MO,15670,2019,121717,2019,False,332057000,169146000,169146000,169146000,0,0,23810000,21959000,1851000,20588000,18162000,2426000,0,0,10081000,7592000,151473000,R,R,0.0,78,True,14.08,7.17,14.08,15.72,12.17,6.2,12.17,13.59,26.25,13.37,26.25,29.31
168896,292077168896,Springfield,MO,70000,2019,167376,2019,False,679550000,317659000,317659000,317659000,0,3649000,69177000,67756000,1421000,25274000,24628000,646000,0,0,17608000,9632000,286770000,I,I,1.0,75,True,21.78,10.18,21.78,24.12,7.96,3.72,7.96,8.81,29.73,13.9,29.73,32.94
168926,292095168926,Lees Summit,MO,41348,2019,97290,2019,False,160761000,145631000,145631000,145631000,0,0,21316000,21316000,0,18704000,18704000,0,0,0,2485000,0,143146000,R,R,0.0,49,True,14.64,13.26,14.64,14.89,12.84,11.63,12.84,13.07,27.48,24.89,27.48,27.96
169159,292510169159,St Louis,MO,65000,2019,308626,2019,False,1202012000,1111495000,1111495000,1111495000,0,56449000,204255000,204255000,0,80416000,80416000,0,0,0,140682000,58948000,855416000,I,I,1.0,63,True,18.38,16.99,18.38,23.88,7.23,6.69,7.23,9.4,25.61,23.68,25.61,33.28
169646,312109169646,Lincoln,NE,28000,2019,284736,2019,False,493048000,387019000,387019000,387019000,0,8677000,47566000,43604000,3962000,30412000,27878000,2534000,0,0,0,25185000,353157000,R,R,0.0,71,True,12.29,9.65,12.29,13.47,7.86,6.17,7.86,8.61,20.15,15.82,20.15,22.08
169987,322003169987,Henderson,NV,31900,2019,302539,2019,False,468767000,401356000,401356000,401356000,0,24136000,94033000,91165000,2868000,56075000,55569000,506000,0,0,0,0,377220000,R,R,0.0,65,True,23.43,20.06,23.43,24.93,13.97,11.96,13.97,14.87,37.4,32.02,37.4,39.79
169988,322003169988,Las Vegas,NV,40000,2019,641676,2019,False,925853000,925853000,751396000,925853000,0,64970000,14428000,14428000,0,152368000,147893000,4475000,150025000,0,0,4953000,855930000,R,R,0.0,68,True,1.56,1.56,1.56,1.69,16.46,16.46,16.46,17.8,18.02,18.02,18.02,19.49
169993,322031169993,Reno,NV,60600,2019,248853,2019,False,381867000,381867000,381867000,381867000,0,0,73496000,73080000,416000,55164000,52757000,2407000,0,0,0,0,381867000,R,R,0.0,60,True,19.25,19.25,19.25,19.25,14.45,14.45,14.45,14.45,33.69,33.69,33.69,33.69
170001,332011170001,Manchester,NH,45140,2019,111196,2019,False,445329000,411691000,408981000,229833000,181858000,1052000,26772000,26772000,0,20339000,20339000,0,0,0,32870000,2714000,193197000,R,R,0.401,69,True,6.5,6.01,11.65,13.86,4.94,4.57,8.85,10.53,11.44,10.58,20.5,24.38
170378,352001170378,Albuquerque,NM,02000,2019,558545,2019,False,1091255000,888064000,888064000,888064000,0,20959000,204800000,195391000,9409000,85274000,85274000,0,0,0,43629000,27615000,795861000,R,R,0.0,90,True,23.06,18.77,23.06,25.73,9.6,7.81,9.6,10.71,32.66,26.58,32.66,36.45
170404,352043170404,Rio Rancho,NM,63460,2019,96159,2019,False,114446000,79686000,79686000,79686000,0,1443000,20954000,20154000,800000,12479000,12479000,0,0,0,0,0,78243000,R,R,0.0,71,True,26.3,18.31,26.3,26.78,15.66,10.9,15.66,15.95,41.96,29.21,41.96,42.73
170440,362001170440,Albany,NY,01000,2019,98251,2019,False,179812000,179812000,179730000,179812000,0,0,58665000,55961000,2704000,37405000,34265000,3140000,0,0,0,424000,179388000,R,R,0.0,60,True,32.63,32.63,32.63,32.7,20.8,20.8,20.8,20.85,53.43,53.43,53.43,53.55
170582,362067170582,Syracuse,NY,73000,2019,143396,2019,False,880828000,868374000,866724000,330130000,538244000,0,49209000,48481000,728000,37547000,33147000,4400000,0,0,26840000,373000,302917000,R,R,0.0,72,True,5.67,5.59,14.91,16.25,4.32,4.26,11.37,12.4,9.99,9.85,26.28,28.64
171207,372081171207,Greensboro,NC,28000,2019,290222,2019,False,650655000,495406000,493781000,495406000,0,0,79201000,79072000,129000,55700000,53762000,1938000,0,0,0,392000,495014000,R,R,0.0,84,True,15.99,12.17,15.99,16.0,11.24,8.56,11.24,11.25,27.23,20.73,27.23,27.25
171248,372129171248,Wilmington,NC,74440,2019,119045,2019,False,189707000,186905000,186905000,186905000,0,586000,47410000,37643000,9767000,20438000,18894000,1544000,0,0,0,0,186319000,R,R,0.0,64,True,25.37,24.99,25.37,25.45,10.93,10.77,10.93,10.97,36.3,35.76,36.3,36.41
171305,372183171305,Raleigh,NC,55000,2019,464758,2019,False,830245000,666539000,666337000,666539000,0,0,116368000,115070000,1298000,69396000,63657000,5739000,56000,0,0,0,666539000,R,R,0.0,79,True,17.46,14.02,17.46,17.46,10.41,8.36,10.41,10.41,27.87,22.37,27.87,27.87
171371,382017171371,Fargo,ND,25700,2019,122359,2019,False,357422000,237312000,236521000,237312000,0,2075000,20593000,20061000,532000,12923000,12866000,57000,0,0,6624000,11616000,216997000,S,S,0.0,93,True,8.68,5.76,8.68,9.49,5.45,3.62,5.45,5.96,14.12,9.38,14.12,15.45
172358,392035172358,Cleveland,OH,16000,2019,385525,2019,False,1510297000,1016751000,1016751000,1016751000,0,7826000,207328000,206398000,930000,88873000,88873000,0,0,0,124498000,47083000,837344000,R,R,0.0,81,True,20.39,13.73,20.39,24.76,8.74,5.88,8.74,10.61,29.13,19.61,29.13,35.37
172543,392113172543,Dayton,OH,21000,2019,140371,2019,False,425577000,360767000,359112000,360767000,0,0,53158000,53158000,0,40143000,40143000,0,0,0,55172000,0,305595000,I,I,1.0,52,True,14.73,12.49,14.73,17.39,11.13,9.43,11.13,13.14,25.86,21.92,25.86,30.53
173685,412051173685,Gresham,OR,31250,2019,111053,2019,False,170377000,158742000,157319000,158742000,0,0,34448000,34140000,308000,23824000,23771000,53000,0,1100000,0,0,158742000,R,R,0.0,77,True,21.7,20.22,21.7,21.7,15.01,13.98,15.01,15.01,36.71,34.2,36.71,36.71
174015,422077174015,Allentown,PA,02000,2019,121283,2019,False,187226000,187226000,187226000,187226000,0,0,38476000,38476000,0,19216000,19216000,0,0,0,0,7621000,179605000,R,R,0.0,50,True,20.55,20.55,20.55,21.42,10.26,10.26,10.26,10.7,30.81,30.81,30.81,32.12
174889,452019174889,Charleston,SC,13330,2019,134875,2019,False,471318000,302025000,302025000,302025000,0,1281000,53153000,53153000,0,33679000,33679000,0,0,0,0,0,300744000,R,R,0.0,56,True,17.6,11.28,17.6,17.67,11.15,7.15,11.15,11.2,28.75,18.42,28.75,28.87
174894,452019174894,North Charleston,SC,50875,2019,110861,2019,False,178147000,178147000,178147000,178147000,0,0,38347000,36594000,1753000,25235000,23263000,1972000,0,0,0,0,178147000,R,R,0.0,51,True,21.53,21.53,21.53,21.53,14.17,14.17,14.17,14.17,35.69,35.69,35.69,35.69
174959,452079174959,Columbia,SC,16000,2019,133114,2019,False,391060000,311235000,310538000,311235000,0,2559000,47850000,45746000,2104000,56544000,54968000,1576000,0,0,0,1803000,306873000,R,R,0.0,87,True,15.37,12.24,15.37,15.59,18.17,14.46,18.17,18.43,33.54,26.7,33.54,34.02
175728,472037175728,Nashville-Davidson County Metropolitan Government,TN,52004,2019,678889,2019,False,5117511000,3563661000,3561630000,2397967000,1165694000,230113000,281868000,231219000,50649000,137837000,130804000,7033000,0,0,0,68192000,2099662000,R,R,0.0,123,True,7.91,5.51,11.75,13.42,3.87,2.69,5.75,6.56,11.78,8.2,17.5,19.99
175780,472093175780,Knoxville,TN,40000,2019,187347,2019,False,1248690000,432233000,432233000,432233000,0,0,56321000,56321000,0,41459000,41459000,0,0,0,0,11000,432222000,R,R,0.0,67,True,13.03,4.51,13.03,13.03,9.59,3.32,9.59,9.59,22.62,7.83,22.62,22.62
175826,472157175826,Memphis,TN,48000,2019,652236,2019,False,2895856000,1184934000,1184919000,1184934000,0,621000,269446000,261977000,7469000,185823000,178197000,7626000,0,0,1254000,29000,1183030000,R,R,0.0,111,True,22.74,9.3,22.74,22.78,15.68,6.42,15.68,15.71,38.42,15.72,38.42,38.48
175981,482027175981,Killeen,TX,39148,2019,145482,2019,False,145419000,124817000,124817000,124817000,0,0,26985000,26985000,0,22280000,20406000,1874000,0,0,5856000,696000,118265000,R,AR,0.0,65,True,21.62,18.56,21.62,22.82,17.85,15.32,17.85,18.84,39.47,33.88,39.47,41.66
175988,482029175988,San Antonio,TX,65000,2019,1511946,2019,False,5252966000,2264598000,2264598000,2212446000,52152000,94425000,406448000,402426000,4022000,287040000,281149000,5891000,0,0,115885000,31421000,1970715000,R,R,0.0,129,True,17.95,7.74,18.37,20.62,12.68,5.46,12.97,14.57,30.62,13.2,31.34,35.19
176022,482061176022,Brownsville,TX,10768,2019,183299,2019,False,311686000,159063000,159063000,159063000,0,1135000,35949000,35949000,0,21286000,21286000,0,0,0,4824000,2022000,151082000,R,R,0.0,66,True,22.6,11.53,22.6,23.79,13.38,6.83,13.38,14.09,35.98,18.36,35.98,37.88
176053,482085176053,Plano,TX,58016,2019,286143,2019,False,577060000,481681000,441947000,481681000,0,0,70229000,70149000,80000,57088000,57088000,0,0,0,0,4073000,477608000,I,I,1.0,68,True,14.58,12.17,14.58,14.7,11.85,9.89,11.85,11.95,26.43,22.06,26.43,26.66
176060,482091176060,New Braunfels,TX,50820,2019,79152,2019,False,275202000,136735000,136735000,136735000,0,0,17543000,17543000,0,17896000,17896000,0,0,0,2298000,1151000,133286000,R,R,0.0,55,True,12.83,6.37,12.83,13.16,13.09,6.5,13.09,13.43,25.92,12.88,25.92,26.59
176079,482113176079,Irving,TX,37000,2019,240373,2019,False,435380000,384272000,384272000,384272000,0,0,67556000,65821000,1735000,53007000,48836000,4171000,0,0,0,1424000,382848000,R,R,0.0,61,True,17.58,15.52,17.58,17.65,13.79,12.17,13.79,13.85,31.37,27.69,31.37,31.49
176107,482135176107,Odessa,TX,53388,2019,116861,2019,False,180112000,144299000,143897000,144299000,0,402000,25507000,24824000,683000,19873000,19409000,464000,0,0,0,4000,143893000,I,I,1.0,73,True,17.68,14.16,17.68,17.73,13.77,11.03,13.77,13.81,31.45,25.2,31.45,31.54
176118,482141176118,El Paso,TX,24000,2019,683577,2019,False,1166578000,856073000,856073000,856073000,0,1223000,120511000,119069000,1442000,95934000,94119000,1815000,0,0,68008000,24155000,762687000,R,R,0.0,105,True,14.08,10.33,14.08,15.8,11.21,8.22,11.21,12.58,25.28,18.55,25.28,28.38
176132,482157176132,Sugar Land,TX,70808,2019,88485,2019,False,209234000,179278000,179278000,179278000,0,420000,24926000,24163000,763000,15387000,14757000,630000,0,0,17081000,1092000,160685000,I,I,1.0,57,True,13.9,11.91,13.9,15.51,8.58,7.35,8.58,9.58,22.49,19.27,22.49,25.09
176142,482167176142,League,TX,41980,2019,104903,2019,False,783116000,351408000,351408000,351408000,0,0,31861000,19137000,12724000,12329000,3053000,9276000,0,0,0,7047000,344361000,R,R,0.0,46,True,9.07,4.07,9.07,9.25,3.51,1.57,3.51,3.58,12.58,5.64,12.58,12.83
176169,482201176169,Houston,TX,35000,2019,2312717,2019,False,4747238000,4286986000,4220723000,4286986000,0,0,752371000,737108000,15263000,424342000,399596000,24746000,0,0,392611000,127609000,3766766000,R,R,0.0,107,True,17.55,15.85,17.55,19.97,9.9,8.94,9.9,11.27,27.45,24.79,27.45,31.24
176286,482309176286,Waco,TX,76000,2019,136436,2019,False,287802000,229050000,223168000,229050000,0,0,44985000,42520000,2465000,25263000,25229000,34000,0,0,3214000,9800000,216036000,I,I,1.0,79,True,19.64,15.63,19.64,20.82,11.03,8.78,11.03,11.69,30.67,24.41,30.67,32.52
176325,482355176325,Corpus Christi,TX,17000,2019,325605,2019,False,673378000,484980000,478754000,484980000,0,1673000,89426000,88310000,1116000,55493000,55151000,342000,93000,0,20032000,4729000,458546000,R,R,0.0,120,True,18.44,13.28,18.44,19.5,11.44,8.24,11.44,12.1,29.88,21.52,29.88,31.6
176375,482439176375,Fort Worth,TX,27000,2019,874168,2019,False,1659363000,1411342000,1411342000,1411342000,0,0,320519000,308346000,12173000,153671000,147259000,6412000,0,0,27961000,11104000,1372277000,R,R,0.0,77,True,22.71,19.32,22.71,23.36,10.89,9.26,10.89,11.2,33.6,28.58,33.6,34.55
176386,482441176386,Abilene,TX,01000,2019,121885,2019,False,286392000,197259000,197259000,197259000,0,0,28554000,28554000,0,21561000,21561000,0,0,0,7841000,5923000,183495000,I,I,1.0,63,True,14.48,9.97,14.48,15.56,10.93,7.53,10.93,11.75,25.41,17.5,25.41,27.31
176394,482453176394,Austin,TX,05000,2019,950715,2019,False,3856043000,2141333000,2141333000,2141333000,0,0,375841000,374581000,1260000,181648000,181420000,228000,0,0,153436000,163350000,1824547000,I,I,1.0,90,True,17.55,9.75,17.55,20.6,8.48,4.71,8.48,9.96,26.03,14.46,26.03,30.55
176492,492035176492,Salt Lake,UT,67000,2019,200544,2019,False,1474352000,1377320000,1374078000,1377320000,0,101000,82822000,82722000,100000,43698000,42633000,1065000,0,0,804403000,46543000,526273000,R,R,0.071,98,True,6.01,5.62,6.01,15.74,3.17,2.96,3.17,8.3,9.19,8.58,9.19,24.04
176495,492035176495,West Valley,UT,83470,2019,136170,2019,False,148781000,148781000,148627000,148781000,0,1378000,26727000,26727000,0,10258000,10186000,72000,0,0,0,4473000,142930000,R,R,0.0,62,True,17.96,17.96,17.96,18.7,6.89,6.89,6.89,7.18,24.86,24.86,24.86,25.88
176517,492049176517,Provo,UT,62470,2019,117335,2019,False,201967000,126318000,126318000,126318000,0,0,15984000,15978000,6000,10038000,10022000,16000,0,0,8078000,0,118240000,R,R,0.0,76,True,12.65,7.91,12.65,13.52,7.95,4.97,7.95,8.49,20.6,12.88,20.6,22.01
176784,512700176784,Newport News,VA,56000,2019,179388,2019,False,923725000,842205000,833181000,476396000,365809000,72931000,52785000,52785000,0,36412000,36412000,0,0,0,7964000,5979000,389522000,I,I,0.604,81,True,6.27,5.71,11.08,13.55,4.32,3.94,7.64,9.35,10.59,9.66,18.72,22.9
176816,532011176816,Vancouver,WA,74060,2019,175673,2019,False,314600000,274408000,262812000,274408000,0,4394000,44862000,44528000,334000,42660000,40219000,2441000,2586000,621000,650000,1171000,268193000,R,R,0.0,85,True,16.35,14.26,16.35,16.73,15.55,13.56,15.55,15.91,31.89,27.82,31.89,32.63
176868,532053176868,Tacoma,WA,70000,2019,213418,2019,False,1110292000,606185000,606185000,606185000,0,0,87978000,87967000,11000,79844000,79639000,205000,0,0,0,3881000,602304000,R,R,0.0,79,True,14.51,7.92,14.51,14.61,13.17,7.19,13.17,13.26,27.68,15.12,27.68,27.86
176873,532061176873,Everett,WA,22640,2019,110079,2019,False,261095000,195922000,186161000,195922000,0,5330000,34347000,33317000,1030000,24789000,22787000,2002000,0,0,0,11962000,178630000,R,R,0.0,77,True,17.53,13.15,17.53,19.23,12.65,9.49,12.65,13.88,30.18,22.65,30.18,33.11
177090,552009177090,Green Bay,WI,31000,2019,105116,2019,False,197611000,158516000,158516000,158516000,0,0,29263000,28474000,789000,25739000,23933000,1806000,0,0,0,453000,158063000,R,R,0.0,75,True,18.46,14.81,18.46,18.51,16.24,13.03,16.24,16.28,34.7,27.83,34.7,34.8
183701,152003183701,Honolulu And County,HI,17000,2019,998714,2019,False,3186434000,2110954000,2110954000,2110954000,0,13188000,294917000,289991000,4926000,144192000,128638000,15554000,0,0,0,31937000,2065829000,R,R,0.0,101,True,13.97,9.26,13.97,14.28,6.83,4.53,6.83,6.98,20.8,13.78,20.8,21.26
183825,062029183825,Bakersfield,CA,03526,2019,380874,2019,False,507739000,471752000,463801000,471752000,0,0,95076000,94896000,180000,43272000,40617000,2655000,0,357000,472000,3948000,467332000,R,R,0.0,83,True,20.15,18.73,20.15,20.34,9.17,8.52,9.17,9.26,29.33,27.25,29.33,29.6
183836,062059183836,Anaheim,CA,02000,2019,352497,2019,False,1241441000,848852000,835421000,848852000,0,0,160367000,160367000,0,75777000,75777000,0,0,236000,0,3195000,845657000,R,R,0.0,67,True,18.89,12.92,18.89,18.96,8.93,6.1,8.93,8.96,27.82,19.02,27.82,27.92
184046,342031184046,Paterson,NJ,57000,2019,148678,2019,False,271789000,271789000,271662000,271789000,0,0,45208000,45208000,0,37536000,37536000,0,0,0,0,11708000,260081000,I,I,1.0,43,True,16.63,16.63,16.63,17.38,13.81,13.81,13.81,14.43,30.44,30.44,30.44,31.81
184196,462099184196,Sioux Falls,SD,59020,2019,176888,2019,False,342224000,292164000,292164000,292164000,0,0,37670000,35531000,2139000,29078000,27036000,2042000,0,0,0,11867000,280297000,R,R,0.0,90,True,12.89,11.01,12.89,13.44,9.95,8.5,9.95,10.37,22.85,19.5,22.85,23.81
184202,492053184202,St George,UT,65330,2019,84405,2019,False,189593000,116880000,116880000,116880000,0,0,15774000,15088000,686000,5066000,4814000,252000,0,0,14044000,0,102836000,R,R,0.0,90,True,13.5,8.32,13.5,15.34,4.33,2.67,4.33,4.93,17.83,10.99,17.83,20.27
184222,402143184222,Broken Arrow,OK,09050,2019,108303,2019,False,158632000,136379000,136379000,136379000,0,0,26666000,25477000,1189000,28766000,25627000,3139000,0,0,0,0,136379000,R,R,0.132,63,True,19.55,16.81,19.55,19.55,21.09,18.13,21.09,21.09,40.65,34.94,40.65,40.65
184255,532033184255,Seattle,WA,63000,2019,724745,2019,False,4034221000,2612405000,2419351000,2548469000,63936000,118131000,276755000,274417000,2338000,188944000,185399000,3545000,0,0,0,13434000,2416904000,R,R,0.0,105,True,10.59,6.86,10.86,11.45,7.23,4.68,7.41,7.82,17.83,11.54,18.27,19.27
184266,472125184266,Clarksville,TN,15160,2019,153205,2019,False,435698000,159046000,159046000,159046000,0,0,27771000,27023000,748000,17902000,17764000,138000,0,0,0,0,159046000,R,R,0.032,89,True,17.46,6.37,17.46,17.46,11.26,4.11,11.26,11.26,28.72,10.48,28.72,28.72
184443,062037184443,Burbank,CA,08954,2019,104834,2019,False,496654000,229752000,228746000,229752000,0,0,54936000,54936000,0,24448000,24448000,0,0,0,0,15050000,214702000,R,R,0.0,71,True,23.91,11.06,23.91,25.59,10.64,4.92,10.64,11.39,34.55,15.98,34.55,36.97
184735,122009184735,Palm Bay,FL,54000,2019,111657,2019,False,99746000,88917000,88917000,88917000,0,0,19088000,19068000,20000,14038000,13940000,98000,0,0,0,0,88917000,R,R,0.0,56,True,21.47,19.14,21.47,21.47,15.79,14.07,15.79,15.79,37.25,33.21,37.25,37.25
184767,122105184767,Lakeland,FL,38250,2019,108054,2019,False,649751000,283394000,283394000,283394000,0,0,42720000,42251000,469000,19707000,18721000,986000,0,0,9016000,0,274378000,R,R,0.0,75,True,15.07,6.57,15.07,15.57,6.95,3.03,6.95,7.18,22.03,9.61,22.03,22.75
185901,262081185901,Grand Rapids,MI,34000,2019,198829,2019,False,491443000,425392000,421807000,425392000,0,1331000,55510000,55510000,0,31227000,31227000,0,0,0,0,682000,423379000,R,R,0.0,65,True,13.05,11.3,13.05,13.11,7.34,6.35,7.34,7.38,20.39,17.65,20.39,20.49
186236,292095186236,Kansas,MO,38000,2019,488943,2019,False,1899600000,1735782000,1735623000,1735782000,0,10021000,232106000,232106000,0,181607000,176890000,4717000,0,0,168745000,57049000,1499967000,R,R,0.0,79,True,13.37,12.22,13.37,15.47,10.46,9.56,10.46,12.11,23.83,21.78,23.83,27.58
186634,362029186634,Buffalo,NY,11000,2019,258612,2019,False,1525022000,1515767000,1514271000,591602000,924165000,0,92728000,89759000,2969000,62530000,60584000,1946000,0,0,0,1057000,590545000,R,R,0.0,76,True,6.12,6.08,15.67,15.7,4.13,4.1,10.57,10.59,10.24,10.18,26.24,26.29
187646,482085187646,Mckinney,TX,45744,2019,181330,2019,False,401865000,316484000,316484000,316484000,0,0,35090000,33383000,1707000,31908000,27962000,3946000,0,0,6227000,1795000,308462000,R,R,0.0,78,True,11.09,8.73,11.09,11.38,10.08,7.94,10.08,10.34,21.17,16.67,21.17,21.72
187649,482113187649,Dallas,TX,19000,2019,1341075,2019,False,3620171000,3222131000,3209748000,3222131000,0,20407000,424322000,415275000,9047000,252002000,239722000,12280000,54000,0,920569000,32380000,2248775000,R,R,0.0,115,True,13.17,11.72,13.17,18.87,7.82,6.96,7.82,11.21,20.99,18.68,20.99,30.08
187683,482339187683,Conroe,TX,16432,2019,84378,2019,False,159137000,130421000,130421000,130421000,0,0,20238000,20134000,104000,15868000,15693000,175000,0,0,0,0,130421000,R,R,0.0,70,True,15.52,12.72,15.52,15.52,12.17,9.97,12.17,12.17,27.68,22.69,27.68,27.68
189585,042013189585,Scottsdale,AZ,65000,2019,249950,2019,False,625757000,534429000,534429000,534429000,0,0,102417000,100080000,2337000,44445000,42978000,1467000,0,0,12834000,0,521595000,A,AR,0.0,71,True,19.16,16.37,19.16,19.64,8.32,7.1,8.32,8.52,27.48,23.47,27.48,28.16
189636,062019189636,Fresno,CA,27000,2019,527438,2019,False,865678000,556272000,551474000,556272000,0,0,147699000,147699000,0,59701000,59701000,0,0,0,20245000,7098000,528929000,R,R,0.0,69,True,26.55,17.06,26.55,27.92,10.73,6.9,10.73,11.29,37.28,23.96,37.28,39.21
189929,172089189929,Aurora,IL,03012,2019,200965,2019,False,256858000,237685000,235584000,237685000,0,5388000,78235000,78235000,0,50224000,49096000,1128000,0,0,1509000,0,230788000,R,R,0.0,58,True,32.92,30.46,32.92,33.9,21.13,19.55,21.13,21.76,54.05,50.01,54.05,55.66
190480,262161190480,Ann Arbor,MI,03000,2019,121477,2019,False,254598000,223102000,223102000,223102000,0,0,29126000,29126000,0,17285000,17269000,16000,0,0,834000,0,222268000,R,R,0.0,55,True,13.06,11.44,13.06,13.1,7.75,6.79,7.75,7.78,20.8,18.23,20.8,20.88
191166,392061191166,Cincinnati,OH,15000,2019,301301,2019,False,1074151000,856172000,850809000,851172000,5000000,0,153891000,148528000,5363000,123408000,122322000,1086000,0,0,4272000,53048000,793852000,R,R,0.0,91,True,17.97,14.33,18.08,19.39,14.41,11.49,14.5,15.55,32.39,25.82,32.58,34.93
191559,472065191559,Chattanooga,TN,14000,2019,179139,2019,False,1178446000,436075000,434786000,423499000,12576000,2634000,71488000,70968000,520000,47703000,45608000,2095000,0,0,24173000,2889000,393803000,R,R,0.0,85,True,16.39,6.07,16.88,18.15,10.94,4.05,11.26,12.11,27.33,10.11,28.14,30.27
193115,062071193115,San Bernardino,CA,65000,2019,216995,2019,False,274337000,241904000,233165000,241904000,0,0,85307000,83427000,1880000,17000,0,17000,306000,856000,0,2811000,239093000,R,R,0.0,72,True,35.26,31.1,35.26,35.68,0.01,0.01,0.01,0.01,35.27,31.1,35.27,35.69
193205,172143193205,Peoria,IL,59000,2019,112883,2019,False,196434000,196434000,196434000,196434000,0,0,40249000,39529000,720000,32074000,32026000,48000,0,0,0,0,196434000,R,R,0.0,41,True,20.49,20.49,20.49,20.49,16.33,16.33,16.33,16.33,36.82,36.82,36.82,36.82
193551,272053193551,Minneapolis,MN,43000,2019,422331,2019,False,1373207000,1312685000,1312685000,1312685000,0,0,176506000,176506000,0,67586000,67586000,0,0,0,0,24983000,1287702000,R,R,0.0,55,True,13.45,12.85,13.45,13.71,5.15,4.92,5.15,5.25,18.59,17.78,18.59,18.96
193734,342017193734,Jersey,NJ,36000,2019,270753,2019,False,508031000,465113000,465113000,465113000,0,0,107887000,107887000,0,63533000,63533000,0,0,0,0,4523000,460590000,R,R,0.0,53,True,23.2,21.24,23.2,23.42,13.66,12.51,13.66,13.79,36.86,33.74,36.86,37.22
193960,412017193960,Bend,OR,05800,2019,94520,2019,False,190736000,153976000,153976000,153976000,0,0,21841000,20853000,988000,19810000,19483000,327000,0,0,780000,0,153196000,I,I,1.0,66,True,14.18,11.45,14.18,14.26,12.87,10.39,12.87,12.93,27.05,21.84,27.05,27.19
194178,512760194178,Richmond,VA,67000,2019,227032,2019,False,1556832000,1255735000,1255735000,870008000,385727000,103709000,111598000,103951000,7647000,52242000,52242000,0,0,0,0,84847000,681452000,R,R,0.0,99,True,8.89,7.17,12.83,16.38,4.16,3.36,6.0,7.67,13.05,10.52,18.83,24.04
194463,022020194463,Anchorage Municipality,AK,03000,2019,294356,2019,False,1638114000,1397127000,1397127000,724184000,672943000,777000,140796000,139287000,1509000,109115000,108109000,1006000,0,0,45722000,22956000,654729000,R,R,0.388,102,True,10.08,8.6,19.44,21.5,7.81,6.66,15.07,16.67,17.89,15.26,34.51,38.17
194644,082005194644,Aurora,CO,04000,2019,366623,2019,False,728840000,569465000,541622000,569465000,0,0,114634000,113431000,1203000,56315000,54104000,2211000,0,0,0,0,569465000,R,R,0.0,65,True,20.13,15.73,20.13,20.13,9.89,7.73,9.89,9.89,30.02,23.45,30.02,30.02
194647,082031194647,Denver And County,CO,20000,2019,704621,2019,False,3634883000,3404785000,3393642000,3404785000,0,312595000,256597000,256597000,0,140593000,140593000,0,0,0,777760000,84340000,2230090000,R,R,0.0,84,True,7.54,7.06,7.54,11.51,4.13,3.87,4.13,6.3,11.67,10.93,11.67,17.81
194651,082013194651,Longmont,CO,45970,2019,94341,2019,False,333880000,222306000,222236000,222306000,0,1714000,19623000,17977000,1646000,15640000,14740000,900000,0,0,482000,0,220110000,I,I,1.0,100,True,8.83,5.88,8.83,8.92,7.04,4.68,7.04,7.11,15.86,10.56,15.86,16.02
194654,082101194654,Pueblo,CO,62000,2019,111127,2019,False,212331000,169980000,169980000,169980000,0,0,29961000,29961000,0,17908000,17908000,0,0,0,16238000,0,153742000,R,R,0.0,58,True,17.63,14.11,17.63,19.49,10.54,8.43,10.54,11.65,28.16,22.54,28.16,31.14
194678,132121194678,Atlanta,GA,04000,2019,486290,2019,False,2247004000,1804490000,1804490000,1804490000,0,51192000,236591000,226926000,9665000,92047000,84262000,7785000,0,0,773849000,1271000,978178000,R,R,0.0,83,True,13.11,10.53,13.11,24.19,5.1,4.1,5.1,9.41,18.21,14.63,18.21,33.6
194679,132245194679,Augusta-Richmond County Consolidated Government,GA,04204,2019,197182,2019,False,466587000,402125000,389922000,402125000,0,25202000,45119000,42035000,3084000,26781000,26258000,523000,0,0,28558000,2317000,346048000,I,I,1.0,99,True,11.22,9.67,11.22,13.04,6.66,5.74,6.66,7.74,17.88,15.41,17.88,20.78
194726,372119194726,Charlotte,NC,12000,2019,859035,2019,False,2276165000,1859800000,1852060000,1859800000,0,0,311004000,281296000,29708000,146699000,137617000,9082000,130000,0,395735000,0,1464065000,R,R,0.0,99,True,16.72,13.66,16.72,21.24,7.89,6.45,7.89,10.02,24.61,20.11,24.61,31.26
194732,372081194732,High Point,NC,31400,2019,111513,2019,False,346324000,201543000,200809000,201543000,0,0,32940000,29898000,3042000,23918000,21830000,2088000,0,0,0,109000,201434000,R,R,0.0,84,True,16.34,9.51,16.34,16.35,11.87,6.91,11.87,11.87,28.21,16.42,28.21,28.23
194744,372067194744,Winston-Salem,NC,75000,2019,244605,2019,False,438720000,352352000,351670000,352352000,0,0,78022000,75677000,2345000,33044000,32966000,78000,0,0,0,0,352352000,R,R,0.0,77,True,22.14,17.78,22.14,22.14,9.38,7.53,9.38,9.38,31.52,25.32,31.52,31.52
194757,122086194757,Miami,FL,45000,2019,463347,2019,False,915268000,915268000,915268000,915268000,0,4095000,251010000,247733000,3277000,141552000,135907000,5645000,0,0,0,0,911173000,R,R,0.0,65,True,27.42,27.42,27.42,27.55,15.47,15.47,15.47,15.54,42.89,42.89,42.89,43.08
194789,262163194789,Dearborn,MI,21000,2019,94491,2019,False,334965000,310655000,290873000,310655000,0,409000,55690000,54234000,1456000,39366000,37713000,1653000,0,0,0,0,310246000,R,R,0.0,62,True,17.93,16.63,17.93,17.95,12.67,11.75,12.67,12.69,30.6,28.38,30.6,30.64
194805,362061194805,New York,NY,51000,2019,8622698,2019,False,122423999000,105958869000,99678496000,71084037000,34874832000,17859637000,5926996000,5754583000,172413000,2187534000,2107344000,80190000,0,0,4813000,1292566000,51927021000,R,R,0.0,131,True,5.59,4.84,8.34,11.41,2.06,1.79,3.08,4.21,7.66,6.63,11.42,15.63
194809,482375194809,Amarillo,TX,03000,2019,199826,2019,False,426436000,321454000,321454000,321454000,0,0,50432000,50000000,432000,32927000,32918000,9000,0,0,11547000,9314000,300593000,I,I,1.0,79,True,15.69,11.83,15.69,16.78,10.24,7.72,10.24,10.95,25.93,19.55,25.93,27.73
194811,482439194811,Arlington,TX,04000,2019,396394,2019,False,783829000,723766000,723766000,723766000,0,0,107460000,107460000,0,52403000,52403000,0,0,0,1171000,6203000,716392000,I,I,1.0,65,True,14.85,13.71,14.85,15.0,7.24,6.69,7.24,7.31,22.09,20.4,22.09,22.32
194812,482245194812,Beaumont,TX,07000,2019,119114,2019,False,243667000,212738000,212738000,212738000,0,0,41260000,39206000,2054000,33317000,28271000,5046000,0,0,1009000,10000000,201729000,R,R,0.0,80,True,19.39,16.93,19.39,20.45,15.66,13.67,15.66,16.52,35.06,30.61,35.06,36.97
194814,482041194814,College Station,TX,15976,2019,113564,2019,False,220523000,122055000,122055000,122055000,0,0,17054000,16971000,83000,15088000,14848000,240000,0,0,0,0,122055000,R,R,0.0,76,True,13.97,7.73,13.97,13.97,12.36,6.84,12.36,12.36,26.33,14.58,26.33,26.33
194820,482085194820,Frisco,TX,27684,2019,177286,2019,False,447082000,366437000,347152000,347152000,19285000,0,39227000,36892000,2335000,46156000,38059000,8097000,0,0,0,2183000,344969000,R,R,0.0,64,True,10.7,8.77,11.3,11.37,12.6,10.32,13.3,13.38,23.3,19.1,24.6,24.75
194823,482113194823,Grand Prairie,TX,30464,2019,193837,2019,False,373336000,342036000,341985000,342036000,0,3105000,52159000,52124000,35000,39883000,33544000,6339000,0,0,2275000,2693000,333963000,R,R,0.0,79,True,15.25,13.97,15.25,15.62,11.66,10.68,11.66,11.94,26.91,24.65,26.91,27.56
194825,482329194825,Midland,TX,48072,2019,136089,2019,False,238125000,191056000,191056000,191056000,0,0,27960000,27773000,187000,28287000,28258000,29000,0,0,11720000,2306000,177030000,R,R,0.0,65,True,14.63,11.74,14.63,15.79,14.81,11.88,14.81,15.98,29.44,23.62,29.44,31.77
200728,062067200728,Elk Grove,CA,22020,2019,171844,2019,False,239138000,222487000,222487000,222487000,0,0,37610000,37495000,115000,0,0,0,0,0,0,11851000,210636000,R,-,0.0,55,True,16.9,15.73,16.9,17.86,0.0,0.0,0.0,0.0,16.9,15.73,16.9,17.86
201810,202173201810,Wichita,KS,79000,2019,390591,2019,False,388559000,332389000,332389000,332389000,0,356000,87963000,87963000,0,47781000,47781000,0,0,0,22168000,1907000,307958000,R,R,0.0,60,True,26.46,22.64,26.46,28.56,14.38,12.3,14.38,15.52,40.84,34.94,40.84,44.08
202617,482121202617,Lewisville,TX,42508,2019,106021,2019,False,152683000,131305000,131305000,131305000,0,0,27068000,26854000,214000,20959000,20959000,0,0,0,0,0,131305000,I,I,1.0,52,True,20.61,17.73,20.61,20.61,15.96,13.73,15.96,15.96,36.58,31.46,36.58,36.58
202751,512810202751,Virginia Beach,VA,82000,2019,450435,2019,False,2086307000,2028806000,2007391000,1113446000,915360000,119940000,99396000,99396000,0,59007000,59007000,0,0,0,0,71372000,922134000,R,R,0.01,89,True,4.9,4.76,8.93,10.78,2.91,2.83,5.3,6.4,7.81,7.59,14.23,17.18
203966,062019203966,Clovis,CA,14218,2019,109691,2019,False,175921000,147137000,141164000,147137000,0,0,35229000,34935000,294000,16303000,14940000,1363000,0,0,0,2102000,145035000,R,R,0.0,63,True,23.94,20.03,23.94,24.29,11.08,9.27,11.08,11.24,35.02,29.29,35.02,35.53
204523,202091204523,Olathe,KS,52575,2019,137472,2019,False,265055000,225851000,225851000,225851000,0,0,27577000,27577000,0,22563000,22563000,0,0,0,0,0,225851000,R,R,0.0,56,True,12.21,10.4,12.21,12.21,9.99,8.51,9.99,9.99,22.2,18.92,22.2,22.2
204933,342039204933,Elizabeth,NJ,21000,2019,130215,2019,False,258866000,258866000,258866000,258866000,0,2028000,44969000,44969000,0,28721000,28721000,0,0,0,0,7517000,249321000,R,R,0.0,47,True,17.37,17.37,17.37,18.04,11.09,11.09,11.09,11.52,28.47,28.47,28.47,29.56
205133,392095205133,Toledo,OH,77000,2019,276491,2019,False,575707000,471599000,446271000,471599000,0,0,87378000,84497000,2881000,71944000,70442000,1502000,0,0,0,2229000,469370000,I,I,1.0,69,True,18.53,15.18,18.53,18.62,15.26,12.5,15.26,15.33,33.78,27.67,33.78,33.94
205181,402027205181,Norman,OK,52500,2019,122843,2019,False,630949000,601254000,601254000,601254000,0,424917000,38472000,28486000,9986000,19984000,18043000,1941000,0,0,0,7000,176330000,R,R,0.0,70,True,6.4,6.1,6.4,21.82,3.32,3.17,3.32,11.33,9.72,9.26,9.72,33.15
205218,412047205218,Salem,OR,64900,2019,169798,2019,False,364778000,331050000,322411000,331050000,0,1688000,45004000,44897000,107000,33744000,33544000,200000,0,0,1270000,975000,327117000,I,I,1.0,66,True,13.59,12.34,13.59,13.76,10.19,9.25,10.19,10.32,23.79,21.59,23.79,24.07
205455,482201205455,Pasadena,TX,56000,2019,153520,2019,False,179347000,157125000,157125000,157125000,0,0,45449000,43608000,1841000,7296000,5747000,1549000,0,0,0,4582000,152543000,R,R,0.0,53,True,28.93,25.34,28.93,29.79,4.64,4.07,4.64,4.78,33.57,29.41,33.57,34.58
205460,482215205460,Mcallen,TX,45384,2019,142696,2019,False,244607000,218869000,215114000,218869000,0,1853000,36830000,35685000,1145000,19321000,19300000,21000,0,0,7760000,2922000,206334000,I,I,1.0,86,True,16.83,15.06,16.83,17.85,8.83,7.9,8.83,9.36,25.66,22.96,25.66,27.21
205590,532033205590,Kent,WA,35415,2019,128458,2019,False,198593000,180062000,180062000,180062000,0,7567000,34138000,33590000,548000,2662000,2662000,0,0,0,0,651000,171844000,R,R,0.0,72,True,18.96,17.19,18.96,19.87,1.48,1.34,1.48,1.55,20.44,18.53,20.44,21.41
205599,532063205599,Spokane,WA,67000,2019,217108,2019,False,623762000,464108000,456276000,464108000,0,15831000,58704000,58377000,327000,55039000,54907000,132000,2179000,48000,0,3236000,445041000,R,R,0.0,85,True,12.65,9.41,12.65,13.19,11.86,8.82,11.86,12.37,24.51,18.23,24.51,25.56
207520,012089207520,Huntsville,AL,37000,2019,194585,2019,False,1134899000,525252000,488307000,525252000,0,2150000,48078000,47970000,108000,37148000,36687000,461000,0,0,0,3599000,519503000,R,R,0.0,92,True,9.15,4.24,9.15,9.25,7.07,3.27,7.07,7.15,16.23,7.51,16.23,16.41
207535,042013207535,Glendale,AZ,27820,2019,246709,2019,False,514196000,452687000,452687000,452687000,0,0,106352000,106352000,0,62256000,54638000,7618000,0,0,0,0,452687000,I,I,1.0,58,True,23.49,20.68,23.49,23.49,13.75,12.11,13.75,13.75,37.25,32.79,37.25,37.25
207536,042013207536,Phoenix,AZ,55000,2019,1626078,2019,False,3766570000,3151081000,3139131000,3148371000,2710000,29080000,712611000,693391000,19220000,350923000,339224000,11699000,0,0,623639000,0,2495652000,R,R,0.0,118,True,22.61,18.92,22.63,28.55,11.14,9.32,11.15,14.06,33.75,28.24,33.78,42.62
207577,062001207577,Fremont,CA,26000,2019,234962,2019,False,347814000,347562000,347562000,347562000,0,387000,79503000,79503000,0,48225000,48225000,0,0,0,0,19040000,328135000,R,R,0.0,51,True,22.87,22.86,22.87,24.23,13.88,13.87,13.88,14.7,36.75,36.72,36.75,38.93
207582,062037207582,Pasadena,CA,56000,2019,142647,2019,False,657526000,417541000,417541000,417541000,0,0,83347000,83347000,0,48796000,48796000,0,0,0,0,15014000,402527000,R,R,0.0,62,True,19.96,12.68,19.96,20.71,11.69,7.42,11.69,12.12,31.65,20.1,31.65,32.83
207583,062037207583,Torrance,CA,80000,2019,146758,2019,False,367907000,248797000,248797000,248797000,0,0,83639000,83639000,0,31882000,31882000,0,0,0,3252000,14214000,231331000,R,R,0.0,57,True,33.62,22.73,33.62,36.16,12.81,8.67,12.81,13.78,46.43,31.4,46.43,49.94
207593,062065207593,Corona,CA,16350,2019,167836,2019,False,499260000,308965000,303674000,308965000,0,0,46129000,45914000,215000,25333000,25333000,0,165000,0,166000,79000,308720000,R,R,0.0,91,True,14.93,9.24,14.93,14.94,8.2,5.07,8.2,8.21,23.13,14.31,23.13,23.15
207594,062065207594,Riverside,CA,62000,2019,327728,2019,False,884072000,465559000,449748000,465559000,0,0,110941000,110941000,0,65913000,65913000,0,560000,0,1255000,7798000,456506000,R,R,0.0,83,True,23.83,12.55,23.83,24.3,14.16,7.46,14.16,14.44,37.99,20.0,37.99,38.74
207598,062073207598,San Diego,CA,66000,2019,1419516,2019,False,3869997000,3222897000,3204841000,3222897000,0,0,383743000,383743000,0,207429000,207429000,0,398000,0,10471000,54321000,3158105000,R,R,0.0,75,True,11.91,9.92,11.91,12.15,6.44,5.36,6.44,6.57,18.34,15.28,18.34,18.72
207610,062099207610,Modesto,CA,48354,2019,214221,2019,False,416711000,306718000,267857000,306718000,0,153000,63476000,63476000,0,32754000,32754000,0,0,244000,932000,1821000,303812000,R,R,0.0,73,True,20.7,15.23,20.7,20.89,10.68,7.86,10.68,10.78,31.37,23.09,31.37,31.67
207635,082123207635,Greeley,CO,32155,2019,105448,2019,False,222427000,165250000,164994000,165250000,0,0,24283000,24240000,43000,15064000,14350000,714000,130000,0,0,46000,165204000,R,R,0.0,91,True,14.69,10.92,14.69,14.7,9.12,6.77,9.12,9.12,23.81,17.69,23.81,23.82
207684,122103207684,Clearwater,FL,12875,2019,115513,2019,False,361136000,271809000,271809000,271809000,0,0,41806000,41738000,68000,20277000,19648000,629000,0,0,753000,7505000,263551000,R,R,0.0,72,True,15.38,11.58,15.38,15.86,7.46,5.61,7.46,7.69,22.84,17.19,22.84,23.56
207957,182097207957,Indianapolis,IN,36003,2019,853173,2019,False,4324584000,3601903000,3601903000,3601903000,0,1554499000,236875000,233173000,3702000,153826000,149027000,4799000,0,0,180725000,189660000,1677019000,S,S,0.003,89,True,6.58,5.48,6.58,14.12,4.27,3.56,4.27,9.17,10.85,9.03,10.85,23.3
208056,192153208056,Des Moines,IA,21000,2019,217521,2019,False,589697000,515146000,515146000,515146000,0,9198000,68856000,68856000,0,45860000,39762000,6098000,0,0,50253000,2825000,452870000,R,R,0.0,72,True,13.37,11.68,13.37,15.2,8.9,7.78,8.9,10.13,22.27,19.45,22.27,25.33
208060,192163208060,Davenport,IA,19000,2019,102320,2019,False,192571000,185545000,185545000,185545000,0,0,27475000,27475000,0,19501000,19501000,0,0,0,260000,0,185285000,R,R,0.0,54,True,14.81,14.27,14.81,14.83,10.51,10.13,10.51,10.52,25.32,24.39,25.32,25.35
208111,202091208111,Overland Park,KS,53775,2019,191278,2019,False,224304000,224304000,224304000,224304000,0,0,35705000,34300000,1405000,23378000,22867000,511000,0,0,0,0,224304000,R,R,0.103,55,True,15.92,15.92,15.92,15.92,10.42,10.42,10.42,10.42,26.34,26.34,26.34,26.34
208246,242510208246,Baltimore,MD,04000,2019,611648,2019,False,4566065000,4230811000,4198781000,2659433000,1571378000,0,534652000,533957000,695000,239688000,239688000,0,0,0,0,139114000,2520319000,R,R,0.0,78,True,12.64,11.71,20.1,21.21,5.67,5.25,9.01,9.51,18.3,16.96,29.12,30.72
208698,312055208698,Omaha,NE,37000,2019,466893,2019,False,650761000,650761000,628533000,650761000,0,11559000,149826000,147151000,2675000,107778000,103693000,4085000,6071000,0,0,0,639202000,R,R,0.0,67,True,23.02,23.02,23.02,23.44,16.56,16.56,16.56,16.86,39.59,39.59,39.59,40.3
208734,322003208734,North Las Vegas,NV,51800,2019,242975,2019,False,355865000,298107000,298107000,298107000,0,3024000,92289000,90053000,2236000,39105000,37699000,1406000,0,0,0,0,295083000,R,R,0.0,67,True,30.96,25.93,30.96,31.28,13.12,10.99,13.12,13.25,44.08,36.92,44.08,44.53
208793,352013208793,Las Cruces,NM,39380,2019,101712,2019,False,211403000,155712000,154146000,155712000,0,1566000,27412000,26293000,1119000,18308000,16820000,1488000,0,0,2296000,1059000,150791000,R,R,0.0,93,True,17.6,12.97,17.6,18.18,11.76,8.66,11.76,12.14,29.36,21.63,29.36,30.32
208963,372063208963,Durham,NC,19000,2019,267743,2019,False,536052000,426041000,426041000,426041000,0,0,89677000,74684000,14993000,35470000,34496000,974000,0,0,14000,0,426027000,R,R,0.0,84,True,21.05,16.73,21.05,21.05,8.33,6.62,8.33,8.33,29.37,23.35,29.37,29.38
209050,392049209050,Columbus,OH,18000,2019,879170,2019,False,2257446000,1958442000,1958442000,1951318000,7124000,0,338300000,334246000,4054000,264594000,253302000,11292000,0,0,0,55666000,1895652000,R,R,0.0,88,True,17.27,14.99,17.34,17.85,13.51,11.72,13.56,13.96,30.78,26.71,30.9,31.8
209096,392153209096,Akron,OH,01000,2019,197846,2019,False,665986000,634125000,634125000,634125000,0,8108000,62520000,62151000,369000,57601000,57601000,0,0,0,893000,5423000,619701000,I,I,1.0,62,True,9.86,9.39,9.86,10.09,9.08,8.65,9.08,9.29,18.94,18.04,18.94,19.38
209170,402109209170,Oklahoma,OK,55000,2019,643648,2019,False,1357148000,1027346000,1027346000,1027346000,0,1460000,189374000,187917000,1457000,162711000,160300000,2411000,0,0,64892000,4732000,956262000,R,R,0.056,92,True,18.43,13.95,18.43,19.8,15.84,11.99,15.84,17.02,34.27,25.94,34.27,36.82
209519,472149209519,Murfreesboro,TN,51560,2019,136372,2019,False,468184000,239312000,239312000,146528000,92784000,91000,35874000,31139000,4735000,26279000,20066000,6213000,0,0,2544000,0,143893000,R,R,0.0,84,True,14.99,7.66,24.48,24.93,10.98,5.61,17.93,18.26,25.97,13.28,42.42,43.19
209555,482085209555,Allen,TX,01924,2019,100685,2019,False,189816000,141497000,135249000,141497000,0,0,28630000,25584000,3046000,17431000,16291000,1140000,0,0,0,225000,141272000,R,R,0.0,52,True,20.23,15.08,20.23,20.27,12.32,9.18,12.32,12.34,32.55,24.27,32.55,32.6
209562,482121209562,Denton,TX,19972,2019,136268,2019,False,465469000,239144000,239144000,239144000,0,0,33115000,33115000,0,29473000,29473000,0,0,0,1488000,0,237656000,R,R,0.093,57,True,13.85,7.11,13.85,13.93,12.32,6.33,12.32,12.4,26.17,13.45,26.17,26.34
209712,512510209712,Alexandria,VA,01000,2019,160035,2019,False,1058470000,979772000,978050000,674247000,305525000,54208000,100183000,95178000,5005000,57879000,57879000,0,0,0,0,49864000,570175000,R,R,0.0,83,True,10.23,9.46,14.86,17.57,5.91,5.47,8.58,10.15,16.13,14.93,23.44,27.72
209777,552025209777,Madison,WI,48000,2019,255214,2019,False,655647000,568798000,568798000,568798000,0,0,84488000,77643000,6845000,62013000,54246000,7767000,0,0,0,15002000,553796000,R,R,0.0,79,True,14.85,12.89,14.85,15.26,10.9,9.46,10.9,11.2,25.76,22.34,25.76,26.45
211212,062073211212,Chula Vista,CA,13392,2019,270471,2019,False,344255000,344098000,329115000,344098000,0,0,66208000,64110000,2098000,34053000,33130000,923000,0,0,0,3087000,341011000,R,R,0.0,66,True,19.24,19.23,19.24,19.42,9.9,9.89,9.9,9.99,29.14,29.12,29.14,29.4
211214,062077211214,Stockton,CA,75000,2019,310496,2019,False,454578000,416008000,416008000,416008000,0,0,131018000,131018000,0,55294000,55294000,0,0,0,557000,3512000,411939000,R,R,0.0,59,True,31.49,28.82,31.49,31.81,13.29,12.16,13.29,13.42,44.79,40.99,44.79,45.23
211253,412067211253,Hillsboro,OR,34100,2019,106894,2019,False,247516000,202141000,170512000,202141000,0,0,34920000,34685000,235000,24776000,24672000,104000,0,0,0,0,202141000,R,R,0.0,56,True,17.28,14.11,17.28,17.28,12.26,10.01,12.26,12.26,29.53,24.12,29.53,29.53
211254,412051211254,Portland,OR,59000,2019,647805,2019,False,1834739000,1610148000,1610148000,1610148000,0,0,222464000,220522000,1942000,125865000,122405000,3460000,0,0,0,0,1610148000,R,R,0.0,86,True,13.82,12.13,13.82,13.82,7.82,6.86,7.82,7.82,21.63,18.99,21.63,21.63
211654,082001211654,Westminster,CO,83835,2019,112812,2019,False,312850000,257511000,256706000,257511000,0,0,25372000,24857000,515000,16330000,14085000,2245000,0,0,0,0,257511000,R,R,0.0,84,True,9.85,8.11,9.85,9.85,6.34,5.22,6.34,6.34,16.19,13.33,16.19,16.19
212090,402143212090,Tulsa,OK,75000,2019,401800,2019,False,962917000,836511000,835659000,836511000,0,20384000,113661000,109843000,3818000,86700000,77675000,9025000,0,0,41847000,81432000,692848000,R,R,0.001,83,True,13.59,11.8,13.59,16.4,10.36,9.0,10.36,12.51,23.95,20.81,23.95,28.92
212209,082005212209,Centennial,CO,12815,2019,110250,2019,False,78374000,78374000,78374000,78374000,0,0,22485000,22485000,0,0,0,0,0,0,0,0,78374000,I,-,1.0,32,True,28.69,28.69,28.69,28.69,0.0,0.0,0.0,0.0,28.69,28.69,28.69,28.69
212231,482113212231,Garland,TX,29000,2019,238002,2019,False,639106000,274396000,273828000,274396000,0,545000,49562000,48956000,606000,32900000,32771000,129000,0,0,0,3900000,269951000,I,I,1.0,79,True,18.06,7.75,18.06,18.36,11.99,5.15,11.99,12.19,30.05,12.9,30.05,30.55
212233,482303212233,Lubbock,TX,45000,2019,253888,2019,False,622785000,329938000,329735000,329938000,0,0,57483000,57483000,0,61352000,42077000,19275000,0,0,13427000,5286000,311225000,R,R,0.0,81,True,17.42,9.23,17.42,18.47,18.6,9.85,18.6,19.71,36.02,19.08,36.02,38.18
212234,482113212234,Richardson,TX,61796,2019,116783,2019,False,257137000,217676000,217676000,217676000,0,0,28026000,28026000,0,23520000,22120000,1400000,0,0,0,2013000,215663000,R,R,0.0,58,True,12.88,10.9,12.88,13.0,10.81,9.15,10.81,10.91,23.68,20.05,23.68,23.9
213591,532063213591,Spokane Valley,WA,67167,2019,97847,2019,False,56088000,56088000,32517000,56088000,0,1316000,121000,99000,22000,0,0,0,20177000,0,0,459000,54313000,R,-,0.0,63,True,0.22,0.22,0.22,0.22,0.0,0.0,0.0,0.0,0.22,0.22,0.22,0.22
216510,132121216510,Sandy Springs,GA,68516,2019,106739,2019,False,121824000,121824000,121254000,121824000,0,570000,21520000,21508000,12000,16639000,12032000,4607000,0,0,0,0,121254000,R,R,0.0,48,True,17.66,17.66,17.66,17.75,13.66,13.66,13.66,13.72,31.32,31.32,31.32,31.47
225038,012073225038,Birmingham,AL,07000,2019,210710,2019,False,699009000,512453000,512453000,512453000,0,524000,97560000,97560000,0,67260000,67260000,0,0,0,0,0,511929000,R,R,0.0,54,True,19.04,13.96,19.04,19.06,13.13,9.62,13.13,13.14,32.16,23.58,32.16,32.2
225767,092190225767,Stamford,CT,73000,2019,130824,2019,False,593503000,593503000,591547000,248665000,344838000,882000,62970000,62970000,0,53830000,53830000,0,0,0,0,8216000,239567000,R,R,0.038,53,True,10.61,10.61,25.32,26.28,9.07,9.07,21.65,22.47,19.68,19.68,46.97,48.75
247337,132121247337,South Fulton,GA,72122,2019,95158,2019,False,258022000,238480000,237202000,238480000,0,130000,22498000,21237000,1261000,0,0,0,265000,0,0,389000,237961000,I,-,1.0,66,True,9.43,8.72,9.43,9.45,0.0,0.0,0.0,0.0,9.43,8.72,9.43,9.45
100091,012101100091,Montgomery,AL,51000,2020,198525,2020,False,357725000,262626000,262394000,262626000,0,0,48540000,48540000,0,36506000,36506000,0,0,0,0,0,262626000,R,R,0.106,64,True,18.48,13.57,18.48,18.48,13.9,10.21,13.9,13.9,32.38,23.77,32.38,32.38
100249,042013100249,Chandler,AZ,12000,2020,261165,2020,False,418368000,373912000,373912000,373912000,0,0,83124000,76118000,7006000,41505000,37048000,4457000,0,0,3705000,0,370207000,R,R,0.002,71,True,22.23,19.87,22.23,22.45,11.1,9.92,11.1,11.21,33.33,29.79,33.33,33.66
100250,042013100250,Mesa,AZ,46000,2020,518012,2020,False,1087515000,810959000,810959000,810959000,0,0,194455000,193367000,1088000,94406000,91810000,2596000,0,0,3683000,0,807276000,I,I,0.796,80,True,23.98,17.88,23.98,24.09,11.64,8.68,11.64,11.69,35.62,26.56,35.62,35.78
100251,042013100251,Surprise,AZ,71510,2020,141664,2020,False,256560000,235175000,235175000,235175000,0,0,33578000,33461000,117000,25375000,25375000,0,0,0,0,0,235175000,I,I,1.0,53,True,14.28,13.09,14.28,14.28,10.79,9.89,10.79,10.79,25.07,22.98,25.07,25.07
100435,052119100435,Little Rock,AR,41000,2020,197312,2020,False,483083000,469881000,469881000,469881000,0,0,81306000,79746000,1560000,53765000,53187000,578000,0,0,41546000,33382000,394953000,I,I,1.0,79,True,17.3,16.83,17.3,20.59,11.44,11.13,11.44,13.61,28.75,27.96,28.75,34.2
100709,062059100709,Huntington Beach,CA,36000,2020,199223,2020,False,345321000,306845000,306845000,306845000,0,0,93733000,91729000,2004000,43080000,43080000,0,0,0,0,7010000,299835000,R,R,0.0,57,True,30.55,27.14,30.55,31.26,14.04,12.48,14.04,14.37,44.59,39.62,44.59,45.63
100711,062059100711,Santa Ana,CA,69000,2020,332318,2020,False,634875000,572262000,572262000,572262000,0,0,135120000,134882000,238000,42679000,42679000,0,0,0,0,10545000,561717000,R,R,0.0,70,True,23.61,21.28,23.61,24.05,7.46,6.72,7.46,7.6,31.07,28.01,31.07,31.65
100745,062085100745,San Jose,CA,68000,2020,1021795,2020,False,2214528000,1871221000,1871221000,1871221000,0,0,312462000,312462000,0,111113000,111113000,0,0,0,101820000,245000,1769156000,R,R,0.0,67,True,16.7,14.11,16.7,17.66,5.94,5.02,5.94,6.28,22.64,19.13,22.64,23.94
100750,062095100750,Fairfield,CA,23182,2020,117133,2020,False,224066000,158919000,158919000,158919000,0,0,47232000,47088000,144000,21704000,21704000,0,0,0,0,299000,158620000,R,R,0.0,60,True,29.72,21.08,29.72,29.78,13.66,9.69,13.66,13.68,43.38,30.77,43.38,43.46
101409,082069101409,Fort Collins,CO,27425,2020,170243,2020,False,759520000,264183000,260614000,264183000,0,0,375000,0,375000,3268000,3268000,0,0,0,0,0,264183000,R,R,0.0,62,True,0.14,0.05,0.14,0.14,1.24,0.43,1.24,1.24,1.38,0.48,1.38,1.38
101696,092140101696,Waterbury,CT,80000,2020,107568,2020,False,601812000,587776000,584524000,275946000,311830000,1200000,33471000,33450000,21000,21071000,20123000,948000,0,0,0,3788000,270958000,R,R,0.0,65,True,5.69,5.56,12.13,12.35,3.58,3.5,7.64,7.78,9.28,9.06,19.77,20.13
101927,122011101927,Miramar,FL,45975,2020,141191,2020,False,235319000,223659000,223659000,223659000,0,0,49237000,46081000,3156000,21841000,20482000,1359000,0,0,0,12453000,211206000,R,R,0.0,66,True,22.01,20.92,22.01,23.31,9.77,9.28,9.77,10.34,31.78,30.2,31.78,33.65
101942,122031101942,Jacksonville,FL,35000,2020,911507,2020,False,4102448000,2207643000,2207643000,2207643000,0,4086000,451200000,449148000,2052000,183126000,168010000,15116000,0,0,143665000,96585000,1963307000,R,R,0.0,96,True,20.44,11.0,20.44,22.98,8.3,4.46,8.3,9.33,28.73,15.46,28.73,32.31
102163,132021102163,Macon-Bibb County,GA,49008,2020,153159,2020,False,268951000,265827000,251215000,265827000,0,4626000,52226000,47836000,4390000,26470000,26359000,111000,0,0,1789000,8989000,250423000,R,R,0.0,80,True,19.65,19.42,19.65,20.86,9.96,9.84,9.96,10.57,29.6,29.26,29.6,31.43
102716,172089102716,Elgin,IL,23074,2020,110849,2020,False,172027000,146467000,142720000,146467000,0,830000,50790000,49920000,870000,32304000,31987000,317000,0,0,0,0,145637000,R,R,0.0,51,True,34.68,29.52,34.68,34.87,22.06,18.78,22.06,22.18,56.73,48.3,56.73,57.06
102882,172201102882,Rockford,IL,65000,2020,145609,2020,False,270087000,237004000,237004000,237004000,0,18431000,57319000,57319000,0,50241000,50241000,0,0,0,0,0,218573000,R,R,0.0,47,True,24.18,21.22,24.18,26.22,21.2,18.6,21.2,22.99,45.38,39.82,45.38,49.21
103799,182057103799,Fishers,IN,23278,2020,95310,2020,False,91398000,82331000,82331000,82206000,125000,0,81000,81000,0,5768000,5768000,0,0,0,0,2030000,80176000,R,R,0.085,42,True,0.1,0.09,0.1,0.1,7.01,6.31,7.02,7.19,7.1,6.4,7.12,7.3
106055,252009106055,Lynn,MA,37490,2020,94299,2020,False,388932000,386838000,378968000,117654000,269184000,1028000,20955000,20955000,0,19241000,19241000,0,0,0,0,177000,116449000,R,R,0.0,57,True,5.42,5.39,17.81,18.0,4.97,4.95,16.35,16.52,10.39,10.33,34.16,34.52
106061,252013106061,Springfield,MA,67000,2020,153606,2020,False,814393000,810681000,803833000,267198000,543483000,1423000,50598000,50325000,273000,23263000,23257000,6000,0,0,0,1461000,264314000,R,R,0.0,62,True,6.24,6.21,18.94,19.14,2.87,2.86,8.71,8.8,9.11,9.07,27.64,27.94
106079,252027106079,Worcester,MA,82000,2020,185428,2020,False,926370000,893279000,873723000,382583000,510696000,1851000,52671000,52600000,71000,41593000,40900000,693000,0,0,0,3880000,376852000,R,R,0.0,82,True,5.9,5.69,13.77,13.98,4.66,4.49,10.87,11.04,10.55,10.18,24.64,25.01
108127,302111108127,Billings,MT,06550,2020,109577,2020,False,202861000,164281000,164281000,164281000,0,0,26078000,24172000,1906000,20680000,20470000,210000,0,0,18481000,931000,144869000,R,R,0.0,66,True,15.87,12.86,15.87,18.0,12.59,10.19,12.59,14.27,28.46,23.05,28.46,32.28
108910,322031108910,Sparks,NV,68400,2020,105006,2020,False,140333000,140333000,140333000,140333000,0,0,30669000,30215000,454000,18174000,18156000,18000,0,0,0,0,140333000,I,I,1.0,55,True,21.85,21.85,21.85,21.85,12.95,12.95,12.95,12.95,34.81,34.81,34.81,34.81
109593,362119109593,Yonkers,NY,84000,2020,200370,2020,False,1275950000,1244239000,1220759000,583932000,660307000,0,106874000,106874000,0,74831000,74821000,10000,0,0,0,954000,582978000,R,R,0.0,65,True,8.59,8.38,18.3,18.33,6.01,5.86,12.82,12.84,14.6,14.24,31.12,31.17
110047,372025110047,Concord,NC,14100,2020,96341,2020,False,248087000,138381000,138315000,138381000,0,0,26593000,25489000,1104000,24998000,21586000,3412000,0,0,17207000,244000,120930000,R,R,0.0,90,True,19.22,10.72,19.22,21.99,18.06,10.08,18.06,20.67,37.28,20.8,37.28,42.66
112811,442007112811,Providence,RI,59000,2020,179883,2020,False,932025000,855230000,855230000,403132000,452098000,826000,107251000,107251000,0,68989000,68989000,0,0,0,0,0,402306000,R,R,0.0,55,True,12.54,11.51,26.6,26.66,8.07,7.4,17.11,17.15,20.61,18.91,43.72,43.81
114311,492035114311,West Jordan,UT,82950,2020,116480,2020,False,128958000,101550000,101550000,101550000,0,0,21965000,21725000,240000,12518000,12518000,0,0,0,0,0,101550000,R,R,0.024,57,True,21.63,17.03,21.63,21.63,12.33,9.71,12.33,12.33,33.96,26.74,33.96,33.96
114563,512550114563,Chesapeake,VA,16000,2020,244835,2020,False,1091405000,1047307000,1035250000,508236000,539071000,85481000,50647000,49546000,1101000,53835000,48212000,5623000,0,0,1051000,36543000,385161000,I,I,0.506,99,True,4.84,4.64,9.97,13.15,5.14,4.93,10.59,13.98,9.98,9.57,20.56,27.13
114624,532033114624,Bellevue,WA,05210,2020,148164,2020,False,512307000,448805000,443905000,448805000,0,3350000,47067000,46944000,123000,35952000,29834000,6118000,3549000,0,0,228000,445227000,R,R,0.0,72,True,10.49,9.19,10.49,10.57,8.01,7.02,8.01,8.07,18.5,16.2,18.5,18.65
122748,042013122748,Goodyear,AZ,28380,2020,86840,2020,False,165904000,132281000,132281000,132281000,0,0,25931000,25431000,500000,21191000,19353000,1838000,0,0,0,0,132281000,I,I,1.0,59,True,19.6,15.63,19.6,19.6,16.02,12.77,16.02,16.02,35.62,28.4,35.62,35.62
123093,062001123093,Oakland,CA,53000,2020,433031,2020,False,1641895000,1641895000,1641895000,1641895000,0,0,318263000,316855000,1408000,157532000,157532000,0,0,0,278554000,115952000,1247389000,R,R,0.0,62,True,19.38,19.38,19.38,25.51,9.59,9.59,9.59,12.63,28.98,28.98,28.98,38.14
123137,062061123137,Roseville,CA,62938,2020,141500,2020,False,589924000,370886000,370886000,370886000,0,3118000,44776000,44569000,207000,36203000,36203000,0,0,0,0,687000,367081000,R,R,0.0,70,True,12.07,7.59,12.07,12.2,9.76,6.14,9.76,9.86,21.83,13.73,21.83,22.06
123165,062107123165,Visalia,CA,82954,2020,134605,2020,False,219716000,190782000,190782000,190782000,0,0,47504000,43003000,4501000,16748000,16748000,0,0,0,1838000,12000,188932000,R,R,0.0,62,True,24.9,21.62,24.9,25.14,8.78,7.62,8.78,8.86,33.68,29.24,33.68,34.01
124038,092120124038,Bridgeport,CT,08000,2020,144399,2020,False,672211000,672211000,656170000,336364000,335847000,4370000,97154000,97154000,0,67442000,65192000,2250000,0,0,1334000,0,330660000,R,R,0.0,66,True,14.45,14.45,28.88,29.38,10.03,10.03,20.05,20.4,24.49,24.49,48.93,49.78
124214,112001124214,Washington Dc,DC,50000,2020,705749,2020,False,17206948000,15953556000,15941437000,12636036000,3317520000,1639584000,681236000,666235000,15001000,327858000,308089000,19769000,0,0,0,664785000,10331667000,R,R,0.0,152,True,4.27,3.96,5.39,6.59,2.06,1.91,2.59,3.17,6.33,5.86,7.99,9.77
124438,132051124438,Savannah,GA,69000,2020,144464,2020,False,440458000,414204000,412857000,414204000,0,14225000,61046000,58660000,2386000,33087000,33067000,20000,0,0,51160000,0,348819000,R,R,0.0,78,True,14.74,13.86,14.74,17.5,7.99,7.51,7.99,9.49,22.73,21.37,22.73,26.99
126027,182057126027,Carmel,IN,10342,2020,101068,2020,False,286958000,267670000,267670000,267670000,0,0,21943000,20955000,988000,26151000,26151000,0,0,0,0,1029000,266641000,R,R,0.0,55,True,8.2,7.65,8.2,8.23,9.77,9.11,9.77,9.81,17.97,16.76,17.97,18.04
126081,182141126081,South Bend,IN,71000,2020,102026,2020,False,279944000,254010000,251192000,254010000,0,450000,45948000,44848000,1100000,40649000,35499000,5150000,0,0,0,7181000,246379000,R,R,0.0,70,True,18.09,16.41,18.09,18.65,16.0,14.52,16.0,16.5,34.09,30.93,34.09,35.15
127810,222017127810,Shreveport,LA,70000,2020,187112,2020,False,457540000,395994000,395994000,395994000,0,0,57404000,57404000,0,55774000,55591000,183000,0,0,12472000,0,383522000,R,R,0.0,62,True,14.5,12.55,14.5,14.97,14.08,12.19,14.08,14.54,28.58,24.74,28.58,29.51
128108,252025128108,Boston,MA,07000,2020,692600,2020,False,4399666000,4155034000,3996674000,2526321000,1628713000,267919000,439588000,432751000,6837000,277013000,277013000,0,0,0,0,20149000,2238253000,R,R,0.0,93,True,10.58,9.99,17.4,19.64,6.67,6.3,10.97,12.38,17.25,16.29,28.37,32.02
128309,262099128309,Warren,MI,84000,2020,133943,2020,False,226185000,192822000,192822000,192822000,0,0,44444000,43054000,1390000,24633000,24016000,617000,0,0,0,504000,192318000,R,R,0.0,55,True,23.05,19.65,23.05,23.11,12.77,10.89,12.77,12.81,35.82,30.54,35.82,35.92
129295,282049129295,Jackson,MS,36000,2020,160628,2020,False,282840000,238529000,238529000,238529000,0,4332000,35384000,33227000,2157000,22190000,21579000,611000,0,0,29640000,366000,204191000,R,R,0.0,82,True,14.83,12.51,14.83,17.33,9.3,7.85,9.3,10.87,24.14,20.36,24.14,28.2
129515,292095129515,Independence,MO,35000,2020,116672,2020,False,329788000,176457000,176457000,176457000,0,0,39613000,39613000,0,21045000,21045000,0,0,0,0,3296000,173161000,I,I,1.0,57,True,22.45,12.01,22.45,22.88,11.93,6.38,11.93,12.15,34.38,18.39,34.38,35.03
130835,342013130835,Newark,NJ,51000,2020,282011,2020,False,765816000,710634000,710634000,710634000,0,0,148698000,148698000,0,73615000,73615000,0,0,0,0,28463000,682171000,R,R,0.0,53,True,20.92,19.42,20.92,21.8,10.36,9.61,10.36,10.79,31.28,29.03,31.28,32.59
131239,362055131239,Rochester,NY,63000,2020,205695,2020,False,1595348000,1565042000,1562963000,653171000,911871000,0,93187000,93187000,0,53923000,53919000,4000,0,0,0,2016000,651155000,R,R,0.0,75,True,5.95,5.84,14.27,14.31,3.45,3.38,8.26,8.28,9.4,9.22,22.52,22.59
131717,372051131717,Fayetteville,NC,22920,2020,211657,2020,False,226232000,213491000,204452000,213491000,0,0,53980000,50509000,3471000,29557000,27596000,1961000,0,0,8081000,0,205410000,R,R,0.073,83,True,25.28,23.86,25.28,26.28,13.84,13.06,13.84,14.39,39.13,36.93,39.13,40.67
131775,372183131775,Cary,NC,10740,2020,170282,2020,False,305658000,218307000,218307000,218307000,0,0,28101000,27100000,1001000,31034000,25698000,5336000,0,0,0,0,218307000,R,R,0.0,61,True,12.87,9.19,12.87,12.87,14.22,10.15,14.22,14.22,27.09,19.35,27.09,27.09
133222,412039133222,Eugene,OR,23850,2020,172622,2020,False,646238000,345546000,344656000,345546000,0,0,62448000,62102000,346000,46124000,44922000,1202000,0,0,17271000,0,328275000,I,I,1.0,84,True,18.07,9.66,18.07,19.02,13.35,7.14,13.35,14.05,31.42,16.8,31.42,33.07
133470,422003133470,Pittsburgh,PA,61000,2020,300286,2020,False,751228000,751228000,751228000,751228000,0,0,130597000,130597000,0,80743000,80743000,0,0,0,0,32152000,719076000,R,R,0.0,52,True,17.38,17.38,17.38,18.16,10.75,10.75,10.75,11.23,28.13,28.13,28.13,29.39
133602,422101133602,Philadelphia,PA,60000,2020,1584064,2020,False,8752358000,7683066000,7419900000,7419900000,263166000,534953000,745747000,734269000,11478000,308088000,308088000,0,0,0,388363000,1917077000,4579507000,R,R,0.0,86,True,9.71,8.52,10.05,16.28,4.01,3.52,4.15,6.73,13.72,12.04,14.2,23.01
135095,482039135095,Pearland,TX,56348,2020,122460,2020,False,224303000,194690000,187365000,194690000,0,1095000,25049000,24807000,242000,21802000,15205000,6597000,0,0,0,1363000,192232000,R,R,0.0,71,True,12.87,11.17,12.87,13.03,11.2,9.72,11.2,11.34,24.06,20.89,24.06,24.37
135130,482113135130,Carrollton,TX,13024,2020,139248,2020,False,204795000,182708000,167093000,182708000,0,1868000,28020000,28020000,0,30364000,29600000,764000,0,0,0,4026000,176814000,R,R,0.036,58,True,15.34,13.68,15.34,15.85,16.62,14.83,16.62,17.17,31.95,28.51,31.95,33.02
135132,482113135132,Mesquite,TX,47892,2020,140937,2020,False,240129000,194486000,194486000,194486000,0,0,39248000,38391000,857000,29529000,29443000,86000,0,0,1660000,2005000,190821000,RS,RS,0.0,68,True,20.18,16.34,20.18,20.57,15.18,12.3,15.18,15.47,35.36,28.64,35.36,36.04
135275,482423135275,Tyler,TX,74144,2020,106985,2020,False,170738000,142542000,141436000,142542000,0,0,28580000,28128000,452000,19379000,18640000,739000,0,0,12205000,1298000,129039000,I,I,1.0,75,True,20.05,16.74,20.05,22.15,13.6,11.35,13.6,15.02,33.65,28.09,33.65,37.17
135285,482451135285,San Angelo,TX,64472,2020,101004,2020,False,137697000,117082000,117082000,117082000,0,174000,22450000,21548000,902000,19705000,17931000,1774000,0,0,2294000,1366000,113248000,R,R,0.0,80,True,19.17,16.3,19.17,19.82,16.83,14.31,16.83,17.4,36.0,30.61,36.0,37.22
135293,482479135293,Laredo,TX,41464,2020,262491,2020,False,453088000,390605000,390094000,390605000,0,5844000,76813000,76457000,356000,56534000,56489000,45000,0,0,21859000,19809000,343093000,I,I,1.0,92,True,19.67,16.95,19.67,22.39,14.47,12.48,14.47,16.48,34.14,29.43,34.14,38.87
135295,482485135295,Wichita Falls,TX,79000,2020,104683,2020,False,173704000,134100000,134100000,134100000,0,0,25611000,25611000,0,17375000,17375000,0,0,0,1608000,5798000,126694000,I,I,1.0,70,True,19.1,14.74,19.1,20.21,12.96,10.0,12.96,13.71,32.06,24.75,32.06,33.93
135298,482491135298,Round Rock,TX,63500,2020,133372,2020,False,202505000,170986000,170114000,170986000,0,0,28297000,27172000,1125000,18063000,16514000,1549000,196000,0,0,716000,170270000,I,I,1.0,70,True,16.55,13.97,16.55,16.62,10.56,8.92,10.56,10.61,27.11,22.89,27.11,27.23
136056,512650136056,Hampton,VA,35000,2020,134510,2020,False,605570000,600682000,594946000,361356000,239326000,45753000,34316000,31809000,2507000,25757000,25640000,117000,0,0,0,8789000,306814000,R,R,0.08,97,True,5.71,5.67,9.5,11.18,4.29,4.25,7.13,8.39,10.0,9.92,16.62,19.58
136057,512710136057,Norfolk,VA,57000,2020,242742,2020,False,1154396000,1085470000,1085388000,700413000,385057000,81609000,76303000,76303000,0,48503000,47298000,1205000,0,0,25689000,44303000,548812000,I,I,0.666,88,True,7.03,6.61,10.89,13.9,4.47,4.2,6.92,8.84,11.5,10.81,17.82,22.74
136110,532033136110,Renton,WA,57745,2020,101751,2020,False,224305000,207434000,207434000,207434000,0,36499000,35429000,35191000,238000,935000,155000,780000,0,0,2295000,524000,168116000,R,R,0.0,74,True,17.08,15.8,17.08,21.07,0.45,0.42,0.45,0.56,17.53,16.21,17.53,21.63
136562,552079136562,Milwaukee,WI,53000,2020,590157,2020,False,1410307000,1305375000,1305375000,1305375000,0,8971000,307794000,299755000,8039000,119237000,116551000,2686000,0,0,4246000,24049000,1268109000,R,R,0.0,79,True,23.58,21.82,23.58,24.27,9.13,8.45,9.13,9.4,32.71,30.28,32.71,33.67
137232,062037137232,Santa Clarita,CA,69088,2020,212979,2020,False,254842000,215949000,215949000,215949000,0,0,29659000,28767000,892000,276000,276000,0,0,0,0,801000,215148000,R,R,0.0,52,True,13.73,11.64,13.73,13.79,0.13,0.11,0.13,0.13,13.86,11.75,13.86,13.91
160683,012097160683,Mobile,AL,50000,2020,188720,2020,False,405045000,348935000,348935000,348935000,0,9834000,54192000,54192000,0,31268000,31268000,0,0,0,0,8797000,330304000,R,R,0.0,68,True,15.53,13.38,15.53,16.41,8.96,7.72,8.96,9.47,24.49,21.1,24.49,25.87
160723,012125160723,Tuscaloosa,AL,77256,2020,101129,2020,False,214925000,181889000,175550000,181889000,0,557000,43329000,38402000,4927000,24432000,24432000,0,0,0,1109000,201000,180022000,R,R,0.0,71,True,23.82,20.16,23.82,24.07,13.43,11.37,13.43,13.57,37.25,31.53,37.25,37.64
160830,042013160830,Buckeye,AZ,07940,2020,79620,2020,False,119247000,84540000,83942000,84540000,0,452000,20971000,20541000,430000,16656000,16409000,247000,0,0,795000,0,83293000,I,I,1.0,58,True,24.81,17.59,24.81,25.18,19.7,13.97,19.7,20.0,44.51,31.55,44.51,45.17
160831,042013160831,Gilbert,AZ,27400,2020,254114,2020,False,390589000,323162000,314563000,323162000,0,1528000,63799000,62709000,1090000,42757000,42701000,56000,147000,0,0,0,321634000,I,I,0.967,73,True,19.74,16.33,19.74,19.84,13.23,10.95,13.23,13.29,32.97,27.28,32.97,33.13
160832,042013160832,Peoria,AZ,54050,2020,175961,2020,False,346566000,292504000,292504000,292504000,0,0,58254000,58254000,0,37389000,37389000,0,0,0,0,0,292504000,I,I,1.0,47,True,19.92,16.81,19.92,19.92,12.78,10.79,12.78,12.78,32.7,27.6,32.7,32.7
160833,042013160833,Tempe,AZ,73000,2020,195805,2020,False,519295000,413078000,413078000,413078000,0,0,117091000,113354000,3737000,45118000,42916000,2202000,0,0,0,0,413078000,I,I,1.0,59,True,28.35,22.55,28.35,28.35,10.92,8.69,10.92,10.92,39.27,31.24,39.27,39.27
160840,042019160840,Tucson,AZ,77000,2020,548073,2020,False,1130595000,799189000,798811000,799189000,0,0,251510000,249191000,2319000,118663000,118603000,60000,0,0,10459000,0,788730000,I,I,1.0,70,True,31.47,22.25,31.47,31.89,14.85,10.5,14.85,15.04,46.32,32.74,46.32,46.93
161123,062001161123,Hayward,CA,33000,2020,159203,2020,False,298422000,249436000,249436000,249436000,0,0,73681000,73084000,597000,47293000,47293000,0,0,0,3830000,2042000,243564000,R,R,0.0,61,True,29.54,24.69,29.54,30.25,18.96,15.85,18.96,19.42,48.5,40.54,48.5,49.67
161135,062013161135,Richmond,CA,60620,2020,110567,2020,False,291234000,290307000,290307000,290307000,0,0,68873000,68827000,46000,31210000,31210000,0,0,0,2899000,0,287408000,R,R,0.0,59,True,23.72,23.65,23.72,23.96,10.75,10.72,10.75,10.86,34.47,34.37,34.47,34.82
161170,062037161170,Glendale,CA,30000,2020,199303,2020,False,676818000,465838000,465838000,465838000,0,0,90208000,89243000,965000,57155000,57155000,0,0,0,0,5900000,459938000,R,R,0.0,61,True,19.36,13.33,19.36,19.61,12.27,8.44,12.27,12.43,31.63,21.77,31.63,32.04
161173,062037161173,Long Beach,CA,43000,2020,462628,2020,False,1881576000,1639647000,1639647000,1639647000,0,0,253525000,253098000,427000,74991000,74991000,0,0,0,197732000,101062000,1340853000,R,R,0.0,73,True,15.46,13.47,15.46,18.91,4.57,3.99,4.57,5.59,20.04,17.46,20.04,24.5
161174,062037161174,Los Angeles,CA,44000,2020,3979576,2020,False,17481625000,12032502000,12032502000,12032502000,0,0,2547793000,2547793000,0,559883000,559883000,0,0,0,2854428000,431294000,8746780000,R,R,0.0,81,True,21.17,14.57,21.17,29.13,4.65,3.2,4.65,6.4,25.83,17.78,25.83,35.53
161179,062037161179,Pomona,CA,58072,2020,151691,2020,False,281885000,235882000,235882000,235882000,0,0,62500000,62193000,307000,28929000,28929000,0,0,0,0,1346000,234536000,R,R,0.0,59,True,26.5,22.17,26.5,26.65,12.26,10.26,12.26,12.33,38.76,32.43,38.76,38.98
161218,062059161218,Fullerton,CA,28000,2020,138632,2020,False,215879000,183416000,183416000,183416000,0,0,50273000,49972000,301000,22949000,22949000,0,0,0,2685000,0,180731000,R,R,0.0,60,True,27.41,23.29,27.41,27.82,12.51,10.63,12.51,12.7,39.92,33.92,39.92,40.51
161220,062059161220,Orange,CA,53980,2020,138669,2020,False,200807000,169632000,169632000,169632000,0,0,53573000,50612000,2961000,22033000,22033000,0,0,0,0,13645000,155987000,R,R,0.01,46,True,31.58,26.68,31.58,34.34,12.99,10.97,12.99,14.12,44.57,37.65,44.57,48.47
161229,062059161229,Irvine,CA,36770,2020,287401,2020,False,326352000,322195000,322195000,322195000,0,0,89168000,88301000,867000,0,0,0,0,0,0,5898000,316297000,R,-,0.0,50,True,27.68,27.32,27.68,28.19,0.0,0.0,0.0,0.0,27.68,27.32,27.68,28.19
161238,062065161238,Moreno Valley,CA,49270,2020,213055,2020,False,216836000,189744000,189744000,189744000,0,0,44335000,44103000,232000,20812000,20812000,0,0,0,0,3182000,186562000,R,R,0.0,51,True,23.37,20.45,23.37,23.76,10.97,9.6,10.97,11.16,34.33,30.04,34.33,34.92
161241,062067161241,Sacramento,CA,64000,2020,513624,2020,False,1288097000,1180966000,1180966000,1180966000,0,5506000,213270000,202902000,10368000,140202000,140202000,0,0,0,919000,26487000,1148054000,R,R,0.0,62,True,18.06,16.56,18.06,18.58,11.87,10.88,11.87,12.21,29.93,27.44,29.93,30.79
161245,062071161245,Fontana,CA,24680,2020,214547,2020,False,314674000,314662000,314662000,314662000,0,0,68322000,68322000,0,38176000,38176000,0,0,0,0,232000,314430000,R,R,0.0,53,True,21.71,21.71,21.71,21.73,12.13,12.13,12.13,12.14,33.85,33.84,33.85,33.87
161246,062071161246,Ontario,CA,53896,2020,185010,2020,False,683562000,622014000,622014000,622014000,0,0,106812000,106812000,0,72370000,72370000,0,0,0,0,1176000,620838000,R,R,0.0,54,True,17.17,15.63,17.17,17.2,11.63,10.59,11.63,11.66,28.81,26.21,28.81,28.86
161251,062071161251,Rancho Cucamonga,CA,59451,2020,177603,2020,False,259669000,250107000,250107000,250107000,0,0,49987000,41110000,8877000,77467000,70952000,6515000,0,0,0,3886000,246221000,R,R,0.0,53,True,19.99,19.25,19.99,20.3,30.97,29.83,30.97,31.46,50.96,49.08,50.96,51.76
161252,062071161252,Victorville,CA,82590,2020,122385,2020,False,231191000,182776000,182776000,182776000,0,0,28651000,26967000,1684000,12096000,12096000,0,0,0,19080000,2719000,160977000,R,R,0.0,61,True,15.68,12.39,15.68,17.8,6.62,5.23,6.62,7.51,22.29,17.62,22.29,25.31
161254,062073161254,Carlsbad,CA,11194,2020,115382,2020,False,267316000,208667000,208667000,208667000,0,0,46235000,46230000,5000,6337000,6337000,0,0,0,0,18713000,189954000,R,R,0.0,55,True,22.16,17.3,22.16,24.34,3.04,2.37,3.04,3.34,25.19,19.67,25.19,27.68
161256,062073161256,Oceanside,CA,53322,2020,175742,2020,False,362382000,299817000,299817000,299817000,0,0,65209000,63943000,1266000,30661000,30661000,0,0,0,8521000,2759000,288537000,R,R,0.0,66,True,21.75,17.99,21.75,22.6,10.23,8.46,10.23,10.63,31.98,26.46,31.98,33.23
161258,062075161258,San Francisco And County,CA,67000,2020,881549,2020,False,15147509000,12609604000,12608050000,12609604000,0,2061792000,608840000,607178000,1662000,329075000,328930000,145000,0,0,1745891000,2232187000,6569734000,R,R,0.0,106,True,4.83,4.02,4.83,9.27,2.61,2.17,2.61,5.01,7.44,6.19,7.44,14.28
161280,062085161280,Santa Clara,CA,69084,2020,130365,2020,False,879714000,442967000,442967000,442967000,0,0,74357000,74168000,189000,54696000,54696000,0,0,0,0,2847000,440120000,R,R,0.0,61,True,16.79,8.45,16.79,16.89,12.35,6.22,12.35,12.43,29.13,14.67,29.13,29.32
161281,062085161281,Sunnyvale,CA,77000,2020,152703,2020,False,405834000,358597000,358597000,358597000,0,0,65548000,64658000,890000,38515000,38515000,0,0,0,0,1593000,357004000,R,R,0.0,57,True,18.28,16.15,18.28,18.36,10.74,9.49,10.74,10.79,29.02,25.64,29.02,29.15
161286,062095161286,Vacaville,CA,81554,2020,100670,2020,False,223894000,197109000,197109000,197109000,0,0,40622000,40595000,27000,16459000,16459000,0,0,0,0,14027000,183082000,R,R,0.0,57,True,20.61,18.14,20.61,22.19,8.35,7.35,8.35,8.99,28.96,25.49,28.96,31.18
161287,062097161287,Santa Rosa,CA,70098,2020,176753,2020,False,373877000,297962000,297962000,297962000,0,0,65063000,64890000,173000,47054000,47054000,0,0,0,0,2603000,295359000,R,R,0.0,64,True,21.84,17.4,21.84,22.03,15.79,12.59,15.79,15.93,37.63,29.99,37.63,37.96
161299,062111161299,Oxnard,CA,54652,2020,208881,2020,False,422716000,365412000,365412000,365412000,0,0,79031000,77192000,1839000,33959000,33959000,0,0,0,0,15816000,349596000,R,R,0.0,56,True,21.63,18.7,21.63,22.61,9.29,8.03,9.29,9.71,30.92,26.73,30.92,32.32
161302,062111161302,Simi Valley,CA,72016,2020,125613,2020,False,184106000,127475000,127475000,127475000,0,0,37908000,37513000,395000,0,0,0,0,0,0,1470000,126005000,R,-,0.0,57,True,29.74,20.59,29.74,30.08,0.0,0.0,0.0,0.0,29.74,20.59,29.74,30.08
161328,082001161328,Thornton,CO,77290,2020,141464,2020,False,339662000,246843000,243571000,246843000,0,0,42043000,39615000,2428000,25102000,20464000,4638000,0,0,0,0,246843000,R,R,0.0,73,True,17.03,12.38,17.03,17.03,10.17,7.39,10.17,10.17,27.2,19.77,27.2,27.2
161337,082013161337,Boulder,CO,07850,2020,105673,2020,False,287982000,266483000,266483000,266483000,0,0,37307000,37307000,0,22343000,21443000,900000,0,0,1013000,0,265470000,R,R,0.0,65,True,14.0,12.95,14.0,14.05,8.38,7.76,8.38,8.42,22.38,20.71,22.38,22.47
161362,082041161362,Colorado Springs,CO,16000,2020,478221,2020,False,1318935000,615208000,615208000,615208000,0,0,121202000,120686000,516000,57764000,56084000,1680000,0,0,15400000,0,599808000,R,R,0.0,73,True,19.7,9.19,19.7,20.21,9.39,4.38,9.39,9.63,29.09,13.57,29.09,29.84
161376,082059161376,Lakewood,CO,43000,2020,157935,2020,False,203320000,202321000,201943000,202321000,0,898000,59174000,58010000,1164000,0,0,0,0,0,0,0,201423000,I,-,1.0,60,True,29.25,29.1,29.25,29.38,0.0,0.0,0.0,0.0,29.25,29.1,29.25,29.38
161441,092110161441,Hartford,CT,37000,2020,122105,2020,False,927358000,925809000,852029000,377279000,548530000,0,52228000,52228000,0,8996000,8996000,0,4391000,2893000,0,16597000,360682000,A,R,0.0,72,True,5.64,5.63,13.84,14.48,0.97,0.97,2.38,2.49,6.61,6.6,16.23,16.97
161447,092170161447,New Haven,CT,52000,2020,130250,2020,False,919584000,919584000,906367000,526166000,393418000,0,76887000,76887000,0,34978000,34978000,0,0,0,293000,3804000,522069000,R,R,0.0,55,True,8.36,8.36,14.61,14.73,3.8,3.8,6.65,6.7,12.16,12.16,21.26,21.43
161572,122001161572,Gainesville,FL,25175,2020,133997,2020,False,696449000,306363000,306363000,306363000,0,2021000,35048000,34175000,873000,21148000,20076000,1072000,0,0,304000,4618000,299420000,R,R,0.0,82,True,11.44,5.03,11.44,11.71,6.9,3.04,6.9,7.06,18.34,8.07,18.34,18.77
161585,122011161585,Fort Lauderdale,FL,24000,2020,182437,2020,False,613824000,477596000,477596000,477596000,0,0,122149000,120451000,1698000,94674000,90285000,4389000,0,0,10717000,1281000,465598000,R,R,0.0,65,True,25.58,19.9,25.58,26.23,19.82,15.42,19.82,20.33,45.4,35.32,45.4,46.57
161586,122011161586,Hollywood,FL,32000,2020,154817,2020,False,388350000,346399000,346399000,346399000,0,0,96311000,95986000,325000,16358000,13872000,2486000,0,0,0,47429000,298970000,R,R,0.0,58,True,27.8,24.8,27.8,32.21,4.72,4.21,4.72,5.47,32.53,29.01,32.53,37.69
161588,122011161588,Pompano Beach,FL,58050,2020,112118,2020,False,280612000,255227000,255227000,255227000,0,0,47259000,47239000,20000,30819000,25157000,5662000,0,0,3740000,17662000,233825000,R,R,0.0,72,True,18.52,16.84,18.52,20.21,12.08,10.98,12.08,13.18,30.59,27.82,30.59,33.39
161593,122011161593,Pembroke Pines,FL,55775,2020,173591,2020,False,351139000,341745000,341745000,341745000,0,1177000,65764000,62827000,2937000,50437000,50437000,0,0,0,0,0,340568000,R,R,0.0,58,True,19.24,18.73,19.24,19.31,14.76,14.36,14.76,14.81,34.0,33.09,34.0,34.12
161594,122011161594,Davie,FL,16475,2020,106306,2020,False,177701000,151531000,151531000,151531000,0,0,48205000,47500000,705000,24648000,21999000,2649000,0,0,0,25412000,126119000,R,R,0.0,54,True,31.81,27.13,31.81,38.22,16.27,13.87,16.27,19.54,48.08,41.0,48.08,57.77
161595,122011161595,Coral Springs,FL,14400,2020,133759,2020,False,195942000,183132000,183132000,168739000,14393000,0,56451000,55754000,697000,24415000,23940000,475000,0,0,0,11058000,157681000,R,R,0.0,64,True,30.83,28.81,33.45,35.8,13.33,12.46,14.47,15.48,44.16,41.27,47.92,51.28
161604,122086161604,Hialeah,FL,30000,2020,233339,2020,False,292754000,264565000,264565000,257043000,7522000,144000,62503000,59043000,3460000,49105000,47532000,1573000,0,0,0,0,256899000,R,R,0.0,68,True,23.62,21.35,24.32,24.33,18.56,16.77,19.1,19.11,42.19,38.12,43.42,43.44
161633,122057161633,Tampa,FL,71000,2020,399700,2020,False,1172762000,1044772000,1044772000,1044772000,0,0,166013000,162549000,3464000,95161000,93234000,1927000,0,0,0,0,1044772000,R,R,0.0,75,True,15.89,14.16,15.89,15.89,9.11,8.11,9.11,9.11,25.0,22.27,25.0,25.0
161649,122071161649,Cape Coral,FL,10275,2020,194495,2020,False,414456000,259158000,259158000,236151000,23007000,0,39772000,38256000,1516000,32633000,31463000,1170000,0,0,0,0,236151000,R,R,0.0,58,True,15.35,9.6,16.84,16.84,12.59,7.87,13.82,13.82,27.94,17.47,30.66,30.66
161650,122073161650,Tallahassee,FL,70600,2020,194500,2020,False,803898000,412972000,412972000,412972000,0,0,65351000,64559000,792000,47231000,46887000,344000,0,0,25423000,0,387549000,R,R,0.0,82,True,15.82,8.13,15.82,16.86,11.44,5.88,11.44,12.19,27.26,14.0,27.26,29.05
161665,122095161665,Orlando,FL,53000,2020,287442,2020,False,927906000,927906000,927906000,927906000,0,0,183820000,180310000,3510000,116242000,115694000,548000,0,0,0,0,927906000,R,R,0.0,64,True,19.81,19.81,19.81,19.81,12.53,12.53,12.53,12.53,32.34,32.34,32.34,32.34
161679,122099161679,West Palm Beach,FL,76600,2020,111955,2020,False,422458000,414596000,414596000,414596000,0,0,62894000,58199000,4695000,48114000,43284000,4830000,0,0,0,3842000,410754000,R,R,0.0,66,True,15.17,14.89,15.17,15.31,11.61,11.39,11.61,11.71,26.77,26.28,26.77,27.03
161693,122103161693,St Petersburg,FL,63000,2020,265351,2020,False,682250000,546731000,546731000,546731000,0,0,127923000,127141000,782000,35855000,35855000,0,0,0,4387000,13874000,528470000,R,R,0.02,72,True,23.4,18.75,23.4,24.21,6.56,5.26,6.56,6.78,29.96,24.01,29.96,30.99
161710,122111161710,Port St Lucie,FL,58715,2020,201846,2020,False,318743000,277969000,277969000,277969000,0,0,44115000,43757000,358000,0,0,0,0,0,0,18049000,259920000,R,-,0.0,62,True,15.87,13.84,15.87,16.97,0.0,0.0,0.0,0.0,15.87,13.84,15.87,16.97
161834,132059161834,Athens-Clarke County Unified Government,GA,03436,2020,123912,2020,False,266611000,245170000,243935000,245170000,0,16765000,28016000,27740000,276000,16090000,14293000,1797000,0,0,2506000,2039000,223860000,R,R,0.0,84,True,11.43,10.51,11.43,12.51,6.56,6.04,6.56,7.19,17.99,16.54,17.99,19.7
161944,132215161944,Columbus Consolidated Government,GA,19000,2020,195769,2020,False,375445000,347058000,328130000,347058000,0,43156000,52622000,50661000,1961000,27240000,27082000,158000,0,0,10544000,17834000,275524000,R,R,0.0,94,True,15.16,14.02,15.16,19.1,7.85,7.26,7.85,9.89,23.01,21.27,23.01,28.99
162035,162001162035,Boise,ID,08830,2020,228959,2020,False,442074000,434670000,433704000,434670000,0,0,68477000,64977000,3500000,60763000,56880000,3883000,0,0,31755000,1245000,401670000,R,R,0.0,66,True,15.75,15.49,15.75,17.05,13.98,13.74,13.98,15.13,29.73,29.23,29.73,32.18
162037,162001162037,Meridian,ID,52120,2020,114161,2020,False,100644000,88476000,88476000,88476000,0,0,17965000,17639000,326000,15212000,11864000,3348000,0,0,0,0,88476000,R,R,0.0,42,True,20.3,17.85,20.3,20.3,17.19,15.11,17.19,17.19,37.5,32.96,37.5,37.5
162062,162027162062,Nampa,ID,56260,2020,99277,2020,False,119256000,111213000,111213000,111213000,0,0,21253000,21253000,0,12860000,12860000,0,0,0,500000,0,110713000,I,I,1.0,53,True,19.11,17.82,19.11,19.2,11.56,10.78,11.56,11.62,30.67,28.6,30.67,30.81
162236,172031162236,Chicago,IL,14000,2020,2693976,2020,False,9291732000,8679427000,8679427000,8679427000,0,363451000,1619079000,1595816000,23263000,611180000,603574000,7606000,0,0,1783382000,137684000,6394910000,R,R,0.0,101,True,18.65,17.42,18.65,25.32,7.04,6.58,7.04,9.56,25.7,24.0,25.7,34.88
162299,172043162299,Naperville,IL,51622,2020,148449,2020,False,367886000,170805000,170805000,170805000,0,0,40920000,40920000,0,36330000,36330000,0,0,0,0,0,170805000,R,R,0.0,35,True,23.96,11.12,23.96,23.96,21.27,9.88,21.27,21.27,45.23,21.0,45.23,45.23
162629,172167162629,Springfield,IL,72000,2020,114230,2020,False,449865000,204504000,200641000,204504000,0,0,51502000,48978000,2524000,40614000,40448000,166000,0,0,0,0,204504000,R,R,0.0,61,True,25.18,11.45,25.18,25.18,19.86,9.03,19.86,19.86,45.04,20.48,45.04,45.04
162690,172197162690,Joliet,IL,38570,2020,147344,2020,False,285634000,212939000,212939000,212939000,0,0,42621000,42461000,160000,27810000,27810000,0,0,0,0,0,212939000,R,R,0.0,51,True,20.02,14.92,20.02,20.02,13.06,9.74,13.06,13.06,33.08,24.66,33.08,33.08
163465,182003163465,Fort Wayne,IN,25000,2020,270402,2020,False,426305000,386922000,386922000,386922000,0,0,61997000,57968000,4029000,40157000,38253000,1904000,0,0,0,3567000,383355000,R,R,0.0,73,True,16.02,14.54,16.02,16.17,10.38,9.42,10.38,10.48,26.4,23.96,26.4,26.65
163681,182163163681,Evansville,IN,22000,2020,117979,2020,False,268360000,213129000,211425000,213129000,0,0,34545000,34545000,0,29586000,29586000,0,0,0,15894000,880000,196355000,R,R,0.0,71,True,16.21,12.87,16.21,17.59,13.88,11.02,13.88,15.07,30.09,23.9,30.09,32.66
164470,192113164470,Cedar Rapids,IA,12000,2020,133562,2020,False,420770000,372377000,372377000,372377000,0,0,46957000,46957000,0,21446000,21446000,0,0,0,32282000,1367000,338728000,R,R,0.0,72,True,12.61,11.16,12.61,13.86,5.76,5.1,5.76,6.33,18.37,16.26,18.37,20.19
164885,202177164885,Topeka,KS,71000,2020,125310,2020,False,199441000,146750000,146750000,146750000,0,0,38213000,38213000,0,28818000,28818000,0,0,0,0,0,146750000,R,R,0.0,56,True,26.04,19.16,26.04,26.04,19.64,14.45,19.64,19.64,45.68,33.61,45.68,45.68
164911,202209164911,Wyandotte County And Kansas Unified Government,KS,36000,2020,152960,2020,False,740697000,429144000,429144000,429144000,0,33790000,61177000,57678000,3499000,64943000,62290000,2653000,0,0,0,24239000,371115000,I,I,1.0,79,True,14.26,8.26,14.26,16.48,15.13,8.77,15.13,17.5,29.39,17.03,29.39,33.98
165831,212067165831,Lexington-Fayette Urban County Government,KY,46027,2020,323152,2020,False,503547000,477746000,477746000,477746000,0,40582000,50011000,45732000,4279000,55651000,51272000,4379000,0,0,14487000,5984000,416693000,R,R,0.0,96,True,10.47,9.93,10.47,12.0,11.65,11.05,11.65,13.36,22.12,20.98,22.12,25.36
165866,212111165866,Louisville-Jefferson County Metro Government,KY,48003,2020,766757,2020,False,2443468000,1942467000,1886238000,1883939000,58528000,74195000,191208000,188491000,2717000,83324000,80983000,2341000,0,0,115282000,87751000,1606711000,R,R,0.01,113,True,9.84,7.83,10.15,11.9,4.29,3.41,4.42,5.19,14.13,11.24,14.57,17.09
166054,222033166054,Baton Rouge-East Baton Rouge-Parish,LA,05000,2020,220236,2020,False,709540000,677733000,677586000,677733000,0,16614000,110246000,110246000,0,66590000,66590000,0,0,0,18425000,58745000,583949000,R,R,0.0,60,True,16.27,15.54,16.27,18.88,9.83,9.38,9.83,11.4,26.09,24.92,26.09,30.28
166076,222055166076,Lafayette-Parish,LA,40735,2020,126185,2020,False,656559000,416342000,416246000,416342000,0,8046000,101948000,97379000,4569000,25971000,24311000,1660000,0,0,7358000,9573000,391365000,R,R,0.0,107,True,24.49,15.53,24.49,26.05,6.24,3.96,6.24,6.64,30.72,19.48,30.72,32.69
166094,222071166094,New Orleans,LA,55000,2020,390144,2020,False,2009937000,1841362000,1841362000,1841362000,0,144750000,90602000,90602000,0,117125000,117125000,0,0,0,212586000,42782000,1441244000,S,R,0.0,88,True,4.92,4.51,4.92,6.29,6.36,5.83,6.36,8.13,11.28,10.34,11.28,14.41
166441,252005166441,New Bedford,MA,45000,2020,95363,2020,False,407063000,397453000,389738000,155789000,241664000,2538000,25076000,24756000,320000,19675000,19018000,657000,0,0,571000,4669000,148011000,R,R,0.0,80,True,6.31,6.16,16.1,16.94,4.95,4.83,12.63,13.29,11.26,10.99,28.73,30.23
166448,252017166448,Cambridge,MA,11000,2020,118927,2020,False,1277764000,1254026000,1251895000,977848000,276178000,641302000,41903000,41649000,254000,31072000,30872000,200000,0,0,0,66000,336480000,R,R,0.0,78,True,3.34,3.28,4.29,12.45,2.48,2.43,3.18,9.23,5.82,5.71,7.46,21.69
166449,252017166449,Lowell,MA,37000,2020,110997,2020,False,481205000,472591000,461992000,202790000,269801000,750000,29195000,28907000,288000,20805000,20628000,177000,0,0,0,2920000,199120000,R,R,0.0,77,True,6.18,6.07,14.4,14.66,4.4,4.32,10.26,10.45,10.58,10.39,24.66,25.11
166454,252021166454,Quincy,MA,55745,2020,94470,2020,False,562567000,537825000,533141000,335732000,202093000,1399000,29802000,29802000,0,26621000,26621000,0,0,0,0,1303000,333030000,R,R,0.0,69,True,5.54,5.3,8.88,8.95,4.95,4.73,7.93,7.99,10.49,10.03,16.81,16.94
166455,252023166455,Brockton,MA,09000,2020,95708,2020,False,434775000,415536000,409009000,143690000,271846000,905000,26116000,25759000,357000,25042000,24974000,68000,0,0,0,969000,141816000,R,R,0.0,73,True,6.28,6.01,18.18,18.42,6.03,5.76,17.43,17.66,12.31,11.77,35.6,36.07
166690,262065166690,Lansing,MI,46000,2020,118210,2020,False,1061885000,277048000,277048000,277048000,0,0,44198000,44036000,162000,35767000,35164000,603000,0,0,0,0,277048000,R,R,0.0,72,True,15.95,4.16,15.95,15.95,12.91,3.37,12.91,12.91,28.86,7.53,28.86,28.86
166734,262099166734,Sterling Heights,MI,76460,2020,132438,2020,False,223743000,195979000,192989000,195979000,0,0,33950000,32866000,1084000,21588000,20959000,629000,0,0,0,0,195979000,R,R,0.0,51,True,17.32,15.17,17.32,17.32,11.02,9.65,11.02,11.02,28.34,24.82,28.34,28.34
166817,262163166817,Detroit,MI,22000,2020,670031,2020,False,2090378000,1749363000,1749363000,1749363000,0,0,348477000,347706000,771000,96348000,96348000,0,0,0,1771000,75850000,1671742000,R,R,0.0,75,True,19.92,16.67,19.92,20.85,5.51,4.61,5.51,5.76,25.43,21.28,25.43,26.61
167574,272109167574,Rochester,MN,54880,2020,118935,2020,False,527007000,334719000,334719000,334719000,0,0,38123000,35530000,2593000,18602000,18280000,322000,0,0,6304000,406000,328009000,R,R,0.0,65,True,11.39,7.23,11.39,11.62,5.56,3.53,5.56,5.67,16.95,10.76,16.95,17.29
167605,272123167605,St Paul,MN,58000,2020,308096,2020,False,825293000,752393000,752393000,752393000,0,0,134822000,133658000,1164000,69083000,68556000,527000,0,0,15345000,2619000,734429000,R,R,0.0,73,True,17.92,16.34,17.92,18.36,9.18,8.37,9.18,9.41,27.1,24.71,27.1,27.76
168809,292019168809,Columbia,MO,15670,2020,123195,2020,False,345450000,188537000,188537000,188537000,0,0,19172000,18401000,771000,13411000,12419000,992000,0,0,9897000,5715000,172925000,R,R,0.0,90,True,10.17,5.55,10.17,11.09,7.11,3.88,7.11,7.76,17.28,9.43,17.28,18.84
168896,292077168896,Springfield,MO,70000,2020,167882,2020,False,679111000,317220000,317220000,317220000,0,3759000,71219000,69798000,1421000,26016000,25370000,646000,0,0,18024000,9922000,285515000,I,I,0.982,76,True,22.45,10.49,22.45,24.94,8.2,3.83,8.2,9.11,30.65,14.32,30.65,34.06
168926,292095168926,Lees Summit,MO,41348,2020,99357,2020,False,171698000,154793000,154793000,154793000,0,0,22118000,22118000,0,20837000,20837000,0,0,0,2816000,0,151977000,R,R,0.0,49,True,14.29,12.88,14.29,14.55,13.46,12.14,13.46,13.71,27.75,25.02,27.75,28.26
169159,292510169159,St Louis,MO,65000,2020,300576,2020,False,1145815000,1053209000,1053209000,1053209000,0,52426000,217560000,217560000,0,90617000,90617000,0,0,0,156147000,61813000,782823000,R,R,0.0,63,True,20.66,18.99,20.66,27.79,8.6,7.91,8.6,11.58,29.26,26.9,29.26,39.37
169646,312109169646,Lincoln,NE,28000,2020,289102,2020,False,466557000,357176000,357176000,357176000,0,8990000,47797000,45621000,2176000,30558000,29167000,1391000,0,0,0,22150000,326036000,R,R,0.0,68,True,13.38,10.24,13.38,14.66,8.56,6.55,8.56,9.37,21.94,16.79,21.94,24.03
169987,322003169987,Henderson,NV,31900,2020,320189,2020,False,499676000,426870000,426870000,426870000,0,24184000,93591000,92987000,604000,60986000,59710000,1276000,0,0,0,0,402686000,R,R,0.0,66,True,21.92,18.73,21.92,23.24,14.29,12.21,14.29,15.14,36.21,30.94,36.21,38.39
169988,322003169988,Las Vegas,NV,40000,2020,651319,2020,False,1090099000,1090099000,915642000,1090099000,0,68365000,15100000,15100000,0,163653000,154783000,8870000,150025000,0,0,5184000,1016550000,I,I,1.0,67,True,1.39,1.39,1.39,1.49,15.01,15.01,15.01,16.1,16.4,16.4,16.4,17.58
169993,322031169993,Reno,NV,60600,2020,255601,2020,False,463629000,463629000,463629000,463629000,0,0,85555000,82261000,3294000,58241000,52868000,5373000,0,0,0,0,463629000,R,R,0.0,60,True,18.45,18.45,18.45,18.45,12.56,12.56,12.56,12.56,31.02,31.02,31.02,31.02
170001,332011170001,Manchester,NH,45140,2020,112673,2020,False,434272000,402761000,400575000,222494000,180267000,904000,26208000,26208000,0,20893000,20893000,0,0,0,40690000,2311000,178589000,R,R,0.401,64,True,6.51,6.03,11.78,14.68,5.19,4.81,9.39,11.7,11.69,10.85,21.17,26.37
170378,352001170378,Albuquerque,NM,02000,2020,560513,2020,False,1130403000,921005000,920532000,921005000,0,20944000,196952000,184396000,12556000,79027000,79027000,0,0,0,49215000,41960000,808886000,R,R,0.0,90,True,21.38,17.42,21.38,24.35,8.58,6.99,8.58,9.77,29.96,24.41,29.96,34.12
170404,352043170404,Rio Rancho,NM,63460,2020,99178,2020,False,122770000,86633000,86633000,86633000,0,2026000,24535000,23590000,945000,14016000,14016000,0,0,0,0,0,84607000,R,R,0.0,70,True,28.32,19.98,28.32,29.0,16.18,11.42,16.18,16.57,44.5,31.4,44.5,45.56
170440,362001170440,Albany,NY,01000,2020,96460,2020,False,191424000,191424000,191389000,191424000,0,0,57142000,55028000,2114000,37144000,36134000,1010000,0,0,0,499000,190925000,R,R,0.0,61,True,29.85,29.85,29.85,29.93,19.4,19.4,19.4,19.45,49.26,49.26,49.26,49.38
170582,362067170582,Syracuse,NY,73000,2020,142327,2020,False,854717000,845122000,843036000,296610000,548512000,0,48322000,46698000,1624000,36251000,33867000,2384000,0,0,14504000,331000,281775000,R,R,0.0,71,True,5.72,5.65,16.29,17.15,4.29,4.24,12.22,12.87,10.01,9.89,28.51,30.01
171207,372081171207,Greensboro,NC,28000,2020,296710,2020,False,681184000,511552000,509927000,511552000,0,0,82740000,82640000,100000,58098000,56188000,1910000,0,0,0,403000,511149000,I,I,1.0,83,True,16.17,12.15,16.17,16.19,11.36,8.53,11.36,11.37,27.53,20.68,27.53,27.55
171248,372129171248,Wilmington,NC,74440,2020,123744,2020,False,179029000,175978000,175978000,175978000,0,645000,51793000,38268000,13525000,18173000,18134000,39000,0,0,0,0,175333000,R,R,0.0,63,True,29.43,28.93,29.43,29.54,10.33,10.15,10.33,10.36,39.76,39.08,39.76,39.9
171305,372183171305,Raleigh,NC,55000,2020,474069,2020,False,943401000,758400000,758142000,758400000,0,0,130049000,118317000,11732000,72169000,64593000,7576000,25000,0,0,0,758400000,R,R,0.0,79,True,17.15,13.79,17.15,17.15,9.52,7.65,9.52,9.52,26.66,21.43,26.66,26.66
171371,382017171371,Fargo,ND,25700,2020,124662,2020,False,366447000,336578000,336033000,336578000,0,1658000,21924000,21370000,554000,13507000,13444000,63000,0,0,12575000,11886000,310459000,RS,S,0.0,97,True,6.51,5.98,6.51,7.06,4.01,3.69,4.01,4.35,10.53,9.67,10.53,11.41
172358,392035172358,Cleveland,OH,16000,2020,381009,2020,False,1626506000,1097981000,1097743000,1097981000,0,5200000,216180000,216180000,0,99613000,99613000,0,0,0,131788000,58612000,902381000,R,R,0.0,84,True,19.69,13.29,19.69,23.96,9.07,6.12,9.07,11.04,28.76,19.42,28.76,35.0
172543,392113172543,Dayton,OH,21000,2020,140407,2020,False,423784000,355583000,353928000,355583000,0,0,57244000,57244000,0,43229000,43229000,0,0,0,50312000,0,305271000,I,I,1.0,52,True,16.1,13.51,16.1,18.75,12.16,10.2,12.16,14.16,28.26,23.71,28.26,32.91
173685,412051173685,Gresham,OR,31250,2020,109381,2020,False,153807000,138981000,135770000,138981000,0,0,26825000,26590000,235000,20842000,20662000,180000,1794000,1094000,0,0,138981000,R,R,0.0,79,True,19.3,17.44,19.3,19.3,15.0,13.55,15.0,15.0,34.3,30.99,34.3,34.3
174015,422077174015,Allentown,PA,02000,2020,121442,2020,False,187172000,187172000,187172000,187172000,0,0,39988000,39988000,0,20305000,20305000,0,0,0,0,8500000,178672000,R,R,0.0,52,True,21.36,21.36,21.36,22.38,10.85,10.85,10.85,11.36,32.21,32.21,32.21,33.75
174889,452019174889,Charleston,SC,13330,2020,137566,2020,False,394658000,312348000,312348000,312348000,0,1339000,55554000,55554000,0,35200000,35200000,0,0,0,0,0,311009000,I,I,1.0,51,True,17.79,14.08,17.79,17.86,11.27,8.92,11.27,11.32,29.06,23.0,29.06,29.18
174894,452019174894,North Charleston,SC,50875,2020,115382,2020,False,206078000,206078000,206078000,206078000,0,0,39420000,38819000,601000,27260000,25639000,1621000,0,0,0,0,206078000,R,R,0.0,52,True,19.13,19.13,19.13,19.13,13.23,13.23,13.23,13.23,32.36,32.36,32.36,32.36
174959,452079174959,Columbia,SC,16000,2020,131674,2020,False,414955000,313890000,312810000,313890000,0,1816000,51832000,48694000,3138000,50120000,47940000,2180000,0,0,0,1859000,310215000,R,R,0.0,82,True,16.51,12.49,16.51,16.71,15.97,12.08,15.97,16.16,32.48,24.57,32.48,32.86
175728,472037175728,Nashville-Davidson County Metropolitan Government,TN,52004,2020,678889,2020,False,5235445000,3626442000,3625145000,2506181000,1120261000,247582000,283212000,242470000,40742000,152019000,136853000,15166000,0,0,0,73160000,2185439000,R,R,0.0,118,True,7.81,5.41,11.3,12.96,4.19,2.9,6.07,6.96,12.0,8.31,17.37,19.92
175780,472093175780,Knoxville,TN,40000,2020,187603,2020,False,1194897000,415985000,415985000,415985000,0,0,57955000,57955000,0,42084000,42084000,0,0,0,0,10000,415975000,R,R,0.0,71,True,13.93,4.85,13.93,13.93,10.12,3.52,10.12,10.12,24.05,8.37,24.05,24.05
175826,472157175826,Memphis,TN,48000,2020,651073,2020,False,3045254000,1379895000,1379895000,1379895000,0,663000,291774000,272431000,19343000,204538000,188937000,15601000,0,0,1258000,45000,1377929000,R,R,0.0,109,True,21.14,9.58,21.14,21.17,14.82,6.72,14.82,14.84,35.97,16.3,35.97,36.02
175981,482027175981,Killeen,TX,39148,2020,151666,2020,False,177799000,146931000,146931000,146931000,0,0,28822000,28822000,0,21291000,21291000,0,0,0,12506000,805000,133620000,R,R,0.0,60,True,19.62,16.21,19.62,21.57,14.49,11.97,14.49,15.93,34.11,28.19,34.11,37.5
175988,482029175988,San Antonio,TX,65000,2020,1547253,2020,False,5636406000,2588197000,2588197000,2484778000,103419000,112693000,425314000,415949000,9365000,288722000,283423000,5299000,0,0,113722000,34025000,2224338000,R,R,0.0,130,True,16.43,7.55,17.12,19.12,11.16,5.12,11.62,12.98,27.59,12.67,28.74,32.1
176022,482061176022,Brownsville,TX,10768,2020,182781,2020,False,309092000,155530000,155530000,155530000,0,1203000,38110000,38110000,0,22565000,22565000,0,0,0,5114000,2144000,147069000,I,I,1.0,61,True,24.5,12.33,24.5,25.91,14.51,7.3,14.51,15.34,39.01,19.63,39.01,41.26
176053,482085176053,Plano,TX,58016,2020,287677,2020,False,627305000,524215000,483744000,524215000,0,0,77569000,76900000,669000,64066000,63979000,87000,0,0,0,4049000,520166000,S,S,0.0,65,True,14.8,12.37,14.8,14.91,12.22,10.21,12.22,12.32,27.02,22.58,27.02,27.23
176060,482091176060,New Braunfels,TX,50820,2020,90209,2020,False,286781000,146613000,146613000,146613000,0,0,18597000,18597000,0,18972000,18972000,0,0,0,2436000,1220000,142957000,I,I,1.0,54,True,12.68,6.48,12.68,13.01,12.94,6.62,12.94,13.27,25.62,13.1,25.62,26.28
176079,482113176079,Irving,TX,37000,2020,239798,2020,False,429976000,381008000,381008000,381008000,0,0,67526000,67435000,91000,54434000,50063000,4371000,0,0,0,73000,380935000,R,R,0.0,67,True,17.72,15.7,17.72,17.73,14.29,12.66,14.29,14.29,32.01,28.36,32.01,32.02
176107,482135176107,Odessa,TX,53388,2020,123334,2020,False,160967000,128963000,128963000,128963000,0,0,28478000,28368000,110000,24398000,24397000,1000,0,0,0,0,128963000,S,S,0.0,55,True,22.08,17.69,22.08,22.08,18.92,15.16,18.92,18.92,41.0,32.85,41.0,41.0
176118,482141176118,El Paso,TX,24000,2020,681728,2020,False,1181885000,906562000,906562000,906562000,0,917000,131938000,129231000,2707000,100982000,100015000,967000,0,0,60423000,24679000,820543000,R,R,0.0,104,True,14.55,11.16,14.55,16.08,11.14,8.54,11.14,12.31,25.69,19.71,25.69,28.39
176132,482157176132,Sugar Land,TX,70808,2020,118488,2020,False,223340000,192629000,192629000,192629000,0,445000,26458000,25615000,843000,16340000,15644000,696000,0,0,18306000,1158000,172720000,I,I,1.0,57,True,13.74,11.85,13.74,15.32,8.48,7.32,8.48,9.46,22.22,19.16,22.22,24.78
176142,482167176142,League,TX,41980,2020,107536,2020,False,791823000,358728000,358728000,358728000,0,0,33071000,20287000,12784000,12576000,3237000,9339000,0,0,0,7343000,351385000,I,I,1.0,45,True,9.22,4.18,9.22,9.41,3.51,1.59,3.51,3.58,12.72,5.76,12.72,12.99
176169,482201176169,Houston,TX,35000,2020,2320268,2020,False,5249559000,4669319000,4630406000,4669319000,0,0,790241000,776857000,13384000,400639000,383898000,16741000,0,0,417153000,117688000,4134478000,R,R,0.0,109,True,16.92,15.05,16.92,19.11,8.58,7.63,8.58,9.69,25.5,22.69,25.5,28.8
176286,482309176286,Waco,TX,76000,2020,139236,2020,False,362252000,299964000,293343000,299964000,0,0,46351000,41830000,4521000,26140000,25810000,330000,0,0,4202000,10761000,285001000,R,R,0.0,80,True,15.45,12.8,15.45,16.26,8.71,7.22,8.71,9.17,24.17,20.01,24.17,25.44
176325,482355176325,Corpus Christi,TX,17000,2020,326586,2020,False,629801000,474701000,472035000,474701000,0,1666000,93198000,88375000,4823000,59039000,58832000,207000,3000,0,16233000,4763000,452039000,R,R,0.0,119,True,19.63,14.8,19.63,20.62,12.44,9.37,12.44,13.06,32.07,24.17,32.07,33.68
176375,482439176375,Fort Worth,TX,27000,2020,909585,2020,False,1670478000,1446342000,1446342000,1446342000,0,0,330875000,318421000,12454000,156836000,156836000,0,0,0,25606000,11017000,1409719000,R,R,0.0,72,True,22.88,19.81,22.88,23.47,10.84,9.39,10.84,11.13,33.72,29.2,33.72,34.6
176386,482441176386,Abilene,TX,01000,2020,123420,2020,False,304340000,206919000,206919000,206919000,0,0,30270000,30270000,0,22857000,22857000,0,0,0,8556000,6279000,192084000,I,I,1.0,65,True,14.63,9.95,14.63,15.76,11.05,7.51,11.05,11.9,25.68,17.46,25.68,27.66
176394,482453176394,Austin,TX,05000,2020,978908,2020,False,4023329000,2288374000,2288374000,2288374000,0,0,398459000,397095000,1364000,192552000,192324000,228000,0,0,165305000,173077000,1949992000,I,I,1.0,90,True,17.41,9.9,17.41,20.43,8.41,4.79,8.41,9.87,25.83,14.69,25.83,30.31
176492,492035176492,Salt Lake,UT,67000,2020,200567,2020,False,1651900000,1543832000,1542878000,1540575000,3257000,101000,87486000,87414000,72000,45062000,43316000,1746000,0,0,882061000,53510000,604903000,R,R,0.518,97,True,5.67,5.3,5.68,14.46,2.92,2.73,2.93,7.45,8.59,8.02,8.6,21.91
176495,492035176495,West Valley,UT,83470,2020,135248,2020,False,161559000,161559000,161291000,161559000,0,1848000,28195000,28195000,0,12346000,12276000,70000,0,0,0,3323000,156388000,R,R,0.0,60,True,17.45,17.45,17.45,18.03,7.64,7.64,7.64,7.89,25.09,25.09,25.09,25.92
176517,492049176517,Provo,UT,62470,2020,116618,2020,False,204141000,133380000,133380000,133380000,0,0,16353000,16353000,0,10016000,9753000,263000,0,0,7031000,0,126349000,R,R,0.0,73,True,12.26,8.01,12.26,12.94,7.51,4.91,7.51,7.93,19.77,12.92,19.77,20.87
176784,512700176784,Newport News,VA,56000,2020,179225,2020,False,964787000,882594000,872042000,501625000,380969000,73338000,57450000,57450000,0,36615000,36615000,0,0,0,8282000,60120000,359885000,I,I,0.605,82,True,6.51,5.95,11.45,15.96,4.15,3.8,7.3,10.17,10.66,9.75,18.75,26.14
176816,532011176816,Vancouver,WA,74060,2020,184463,2020,False,335848000,294537000,282941000,294537000,0,4394000,49690000,49296000,394000,47046000,44525000,2521000,2586000,621000,720000,1250000,288173000,I,I,1.0,84,True,16.87,14.8,16.87,17.24,15.97,14.01,15.97,16.33,32.84,28.8,32.84,33.57
176868,532053176868,Tacoma,WA,70000,2020,217827,2020,False,1201865000,642919000,642919000,642919000,0,0,95158000,94319000,839000,87543000,87430000,113000,0,0,0,7725000,635194000,R,R,0.0,78,True,14.8,7.92,14.8,14.98,13.62,7.28,13.62,13.78,28.42,15.2,28.42,28.76
176873,532061176873,Everett,WA,22640,2020,111475,2020,False,308729000,235151000,220167000,235151000,0,5656000,35864000,34999000,865000,26443000,22588000,3855000,0,0,0,13865000,215630000,R,R,0.0,76,True,15.25,11.62,15.25,16.63,11.25,8.57,11.25,12.26,26.5,20.18,26.5,28.9
177090,552009177090,Green Bay,WI,31000,2020,104578,2020,False,207728000,168029000,168029000,168029000,0,0,28363000,27886000,477000,25938000,24160000,1778000,0,0,0,437000,167592000,R,R,0.0,74,True,16.88,13.65,16.88,16.92,15.44,12.49,15.44,15.48,32.32,26.14,32.32,32.4
183701,152003183701,Honolulu And County,HI,17000,2020,998714,2020,False,3457594000,2306428000,2306428000,2306428000,0,9836000,323419000,309878000,13541000,145206000,136327000,8879000,0,0,0,40718000,2255874000,R,R,0.0,104,True,14.02,9.35,14.02,14.34,6.3,4.2,6.3,6.44,20.32,13.55,20.32,20.77
183825,062029183825,Bakersfield,CA,03526,2020,384145,2020,False,541632000,507252000,507252000,507252000,0,0,107200000,104076000,3124000,44793000,44793000,0,0,0,581000,2389000,504282000,R,R,0.0,65,True,21.13,19.79,21.13,21.26,8.83,8.27,8.83,8.88,29.96,28.06,29.96,30.14
183836,062059183836,Anaheim,CA,02000,2020,350365,2020,False,1115084000,777901000,777901000,777901000,0,0,173293000,170288000,3005000,84739000,84739000,0,0,0,0,3431000,774470000,R,R,0.0,59,True,22.28,15.54,22.28,22.38,10.89,7.6,10.89,10.94,33.17,23.14,33.17,33.32
184046,342031184046,Paterson,NJ,57000,2020,145233,2020,False,276604000,276604000,276479000,276604000,0,0,47083000,47083000,0,39093000,39093000,0,0,0,0,12194000,264410000,I,I,1.0,43,True,17.02,17.02,17.02,17.81,14.13,14.13,14.13,14.78,31.16,31.16,31.16,32.59
184196,462099184196,Sioux Falls,SD,59020,2020,183793,2020,False,331694000,285368000,285351000,285368000,0,0,37355000,36790000,565000,30967000,28371000,2596000,0,0,0,12888000,272480000,R,R,0.0,90,True,13.09,11.26,13.09,13.71,10.85,9.34,10.85,11.36,23.94,20.6,23.94,25.07
184202,492053184202,St George,UT,65330,2020,89587,2020,False,192763000,119324000,119324000,119324000,0,0,15815000,14905000,910000,5930000,5538000,392000,0,0,17695000,0,101629000,R,R,0.0,86,True,13.25,8.2,13.25,15.56,4.97,3.08,4.97,5.83,18.22,11.28,18.22,21.4
184222,402143184222,Broken Arrow,OK,09050,2020,110198,2020,False,181472000,156538000,156538000,156538000,0,6000,29595000,27270000,2325000,30447000,26868000,3579000,0,0,0,0,156532000,R,R,0.133,62,True,18.91,16.31,18.91,18.91,19.45,16.78,19.45,19.45,38.36,33.09,38.36,38.36
184255,532033184255,Seattle,WA,63000,2020,753675,2020,False,4047585000,2656828000,2462053000,2591913000,64915000,117988000,253480000,251509000,1971000,188900000,188388000,512000,0,0,0,13774000,2460151000,R,R,0.0,106,True,9.54,6.26,9.78,10.3,7.11,4.67,7.29,7.68,16.65,10.93,17.07,17.98
184266,472125184266,Clarksville,TN,15160,2020,158146,2020,False,389254000,140560000,140560000,140560000,0,0,29614000,27741000,1873000,18436000,18094000,342000,0,0,0,0,140560000,R,R,0.0,67,True,21.07,7.61,21.07,21.07,13.12,4.74,13.12,13.12,34.18,12.34,34.18,34.18
184443,062037184443,Burbank,CA,08954,2020,102511,2020,False,428093000,260748000,260748000,260748000,0,0,61273000,58913000,2360000,25269000,25269000,0,0,0,0,15830000,244918000,R,R,0.0,65,True,23.5,14.31,23.5,25.02,9.69,5.9,9.69,10.32,33.19,20.22,33.19,35.34
184735,122009184735,Palm Bay,FL,54000,2020,115552,2020,False,108912000,98188000,98188000,98188000,0,0,20676000,20661000,15000,15145000,15002000,143000,0,0,0,0,98188000,R,R,0.0,56,True,21.06,18.98,21.06,21.06,15.42,13.91,15.42,15.42,36.48,32.89,36.48,36.48
184767,122105184767,Lakeland,FL,38250,2020,112136,2020,False,659731000,293831000,293831000,293831000,0,0,44080000,42591000,1489000,21485000,20413000,1072000,0,0,10422000,0,283409000,R,R,0.0,73,True,15.0,6.68,15.0,15.55,7.31,3.26,7.31,7.58,22.31,9.94,22.31,23.13
185901,262081185901,Grand Rapids,MI,34000,2020,201013,2020,False,550516000,489112000,485855000,489112000,0,1052000,55881000,55881000,0,32413000,32413000,0,0,0,0,657000,487403000,R,R,0.0,67,True,11.42,10.15,11.42,11.47,6.63,5.89,6.63,6.65,18.05,16.04,18.05,18.12
186236,292095186236,Kansas,MO,38000,2020,495327,2020,False,2152699000,1979418000,1979259000,1979418000,0,12390000,236614000,236547000,67000,186292000,185405000,887000,0,0,303764000,56668000,1606596000,R,R,0.0,78,True,11.95,10.99,11.95,14.73,9.41,8.65,9.41,11.6,21.37,19.65,21.37,26.32
186634,362029186634,Buffalo,NY,11000,2020,255284,2020,False,1497606000,1489057000,1487391000,601925000,887132000,0,87755000,86004000,1751000,63018000,62332000,686000,0,0,0,1725000,600200000,R,R,0.0,79,True,5.89,5.86,14.58,14.62,4.23,4.21,10.47,10.5,10.13,10.07,25.05,25.12
187646,482085187646,Mckinney,TX,45744,2020,199177,2020,False,362983000,303890000,303890000,303890000,0,0,37976000,35808000,2168000,39868000,30924000,8944000,0,0,7610000,2179000,294101000,R,R,0.0,87,True,12.5,10.46,12.5,12.91,13.12,10.98,13.12,13.56,25.62,21.45,25.62,26.47
187649,482113187649,Dallas,TX,19000,2020,1343573,2020,False,4001495000,3564734000,3551692000,3564734000,0,24219000,437933000,433925000,4008000,261889000,245117000,16772000,0,0,1051104000,32663000,2456748000,R,R,0.0,118,True,12.29,10.94,12.29,17.83,7.35,6.54,7.35,10.66,19.63,17.49,19.63,28.49
187683,482339187683,Conroe,TX,16432,2020,91079,2020,False,167379000,127005000,127005000,127005000,0,0,21632000,20750000,882000,16999000,16944000,55000,0,0,0,0,127005000,R,R,0.0,68,True,17.03,12.92,17.03,17.03,13.38,10.16,13.38,13.38,30.42,23.08,30.42,30.42
189585,042013189585,Scottsdale,AZ,65000,2020,258069,2020,False,672002000,566475000,566475000,566475000,0,0,117459000,100836000,16623000,46387000,37229000,9158000,0,0,5809000,0,560666000,A,A,0.0,72,True,20.74,17.48,20.74,20.95,8.19,6.9,8.19,8.27,28.92,24.38,28.92,29.22
189636,062019189636,Fresno,CA,27000,2020,531576,2020,False,935704000,615228000,615228000,615228000,0,0,165455000,157908000,7547000,59442000,59442000,0,0,0,20994000,7334000,586900000,R,R,0.0,68,True,26.89,17.68,26.89,28.19,9.66,6.35,9.66,10.13,36.56,24.04,36.56,38.32
189929,172089189929,Aurora,IL,03012,2020,197757,2020,False,341916000,316775000,314262000,316775000,0,10755000,80736000,80736000,0,51885000,51850000,35000,0,0,845000,0,305175000,R,R,0.099,59,True,25.49,23.61,25.49,26.46,16.38,15.17,16.38,17.0,41.87,38.79,41.87,43.46
190480,262161190480,Ann Arbor,MI,03000,2020,119980,2020,False,269762000,237835000,237835000,237835000,0,0,29728000,29700000,28000,16647000,16647000,0,0,0,768000,0,237067000,R,R,0.0,54,True,12.5,11.02,12.5,12.54,7.0,6.17,7.0,7.02,19.5,17.19,19.5,19.56
191166,392061191166,Cincinnati,OH,15000,2020,303940,2020,False,1083355000,852796000,847344000,847796000,5000000,0,161671000,160331000,1340000,122794000,119738000,3056000,0,0,1254000,53873000,792669000,R,R,0.0,83,True,18.96,14.92,19.07,20.4,14.4,11.33,14.48,15.49,33.36,26.26,33.55,35.89
191559,472065191559,Chattanooga,TN,14000,2020,182799,2020,False,1245299000,496877000,495642000,484045000,12832000,2468000,75854000,74120000,1734000,48460000,46465000,1995000,0,0,23416000,3420000,454741000,R,R,0.0,85,True,15.27,6.09,15.67,16.68,9.75,3.89,10.01,10.66,25.02,9.98,25.68,27.34
193115,062071193115,San Bernardino,CA,65000,2020,215784,2020,False,245473000,212457000,212457000,212457000,0,0,83499000,83499000,0,0,0,0,0,0,0,2563000,209894000,R,-,0.0,49,True,39.3,34.02,39.3,39.78,0.0,0.0,0.0,0.0,39.3,34.02,39.3,39.78
193205,172143193205,Peoria,IL,59000,2020,110417,2020,False,193885000,193885000,193885000,193885000,0,0,42634000,42253000,381000,32129000,31823000,306000,0,0,0,0,193885000,R,R,0.0,41,True,21.99,21.99,21.99,21.99,16.57,16.57,16.57,16.57,38.56,38.56,38.56,38.56
193551,272053193551,Minneapolis,MN,43000,2020,429606,2020,False,1362979000,1254792000,1254792000,1254792000,0,0,181165000,181165000,0,69300000,69300000,0,0,0,0,27791000,1227001000,R,R,0.0,63,True,14.44,13.29,14.44,14.76,5.52,5.08,5.52,5.65,19.96,18.38,19.96,20.41
193734,342017193734,Jersey,NJ,36000,2020,262075,2020,False,535131000,494873000,494873000,494873000,0,0,122896000,122896000,0,68797000,68797000,0,0,0,0,3349000,491524000,R,R,0.0,55,True,24.83,22.97,24.83,25.0,13.9,12.86,13.9,14.0,38.74,35.82,38.74,39.0
193960,412017193960,Bend,OR,05800,2020,100421,2020,False,205059000,188348000,188348000,188348000,0,0,27488000,26571000,917000,23986000,22772000,1214000,0,0,605000,0,187743000,R,R,0.046,70,True,14.59,13.4,14.59,14.64,12.73,11.7,12.73,12.78,27.33,25.1,27.33,27.42
194178,512760194178,Richmond,VA,67000,2020,230436,2020,False,1537220000,1251185000,1250702000,865531000,385654000,99512000,111766000,109704000,2062000,54972000,54972000,0,0,0,0,94540000,671479000,R,R,0.0,100,True,8.93,7.27,12.91,16.64,4.39,3.58,6.35,8.19,13.33,10.85,19.26,24.83
194463,022020194463,Anchorage Municipality,AK,03000,2020,288000,2020,False,1667328000,1426838000,1426838000,749978000,676860000,4035000,147957000,146012000,1945000,115630000,113685000,1945000,0,0,60786000,23616000,661541000,R,R,0.0,98,True,10.37,8.87,19.73,22.37,8.1,6.94,15.42,17.48,18.47,15.81,35.15,39.84
194644,082005194644,Aurora,CO,04000,2020,379289,2020,False,789737000,664282000,634408000,664282000,0,0,121398000,120314000,1084000,67686000,58142000,9544000,0,0,0,0,664282000,R,R,0.0,64,True,18.28,15.37,18.28,18.28,10.19,8.57,10.19,10.19,28.46,23.94,28.46,28.46
194647,082031194647,Denver And County,CO,20000,2020,727211,2020,False,4338308000,4087898000,4076224000,4087898000,0,310629000,280689000,279169000,1520000,147524000,147524000,0,0,0,1182840000,109272000,2485157000,R,R,0.0,75,True,6.87,6.47,6.87,11.29,3.61,3.4,3.61,5.94,10.48,9.87,10.48,17.23
194651,082013194651,Longmont,CO,45970,2020,97261,2020,False,348732000,236679000,236609000,236679000,0,1866000,21451000,19574000,1877000,17064000,16049000,1015000,0,0,517000,0,234296000,I,I,1.0,100,True,9.06,6.15,9.06,9.16,7.21,4.89,7.21,7.28,16.27,11.04,16.27,16.44
194654,082101194654,Pueblo,CO,62000,2020,112361,2020,False,182263000,142763000,142763000,142763000,0,0,31174000,31052000,122000,18765000,18765000,0,0,0,4620000,0,138143000,R,R,0.0,60,True,21.84,17.1,21.84,22.57,13.14,10.3,13.14,13.58,34.98,27.4,34.98,36.15
194678,132121194678,Atlanta,GA,04000,2020,506811,2020,False,2223995000,1785789000,1785789000,1785789000,0,37060000,221921000,216729000,5192000,96768000,96768000,0,0,0,761563000,925000,986241000,R,R,0.0,75,True,12.43,9.98,12.43,22.5,5.42,4.35,5.42,9.81,17.85,14.33,17.85,32.31
194679,132245194679,Augusta-Richmond County Consolidated Government,GA,04204,2020,197888,2020,False,512944000,458159000,457567000,458159000,0,23906000,47107000,44746000,2361000,34147000,28060000,6087000,0,0,17593000,2532000,414128000,R,R,0.0,91,True,10.28,9.18,10.28,11.37,7.45,6.66,7.45,8.25,17.73,15.84,17.73,19.62
194726,372119194726,Charlotte,NC,12000,2020,885708,2020,False,2650346000,2070537000,2066019000,2070537000,0,493000,335516000,280327000,55189000,138466000,131354000,7112000,645000,0,427380000,0,1642664000,RS,R,0.0,98,True,16.2,12.66,16.2,20.43,6.69,5.22,6.69,8.43,22.89,17.88,22.89,28.85
194732,372081194732,High Point,NC,31400,2020,112791,2020,False,319849000,173114000,172641000,173114000,0,0,40374000,30241000,10133000,24136000,22518000,1618000,0,0,0,113000,173001000,R,R,0.0,87,True,23.32,12.62,23.32,23.34,13.94,7.55,13.94,13.95,37.26,20.17,37.26,37.29
194744,372067194744,Winston-Salem,NC,75000,2020,247945,2020,False,475429000,380571000,379860000,380571000,0,0,86276000,79514000,6762000,36433000,35902000,531000,0,0,0,0,380571000,R,R,0.0,77,True,22.67,18.15,22.67,22.67,9.57,7.66,9.57,9.57,32.24,25.81,32.24,32.24
194757,122086194757,Miami,FL,45000,2020,467963,2020,False,973570000,973570000,973570000,973570000,0,7146000,261725000,257289000,4436000,169397000,165780000,3617000,0,0,0,0,966424000,R,R,0.0,61,True,26.88,26.88,26.88,27.08,17.4,17.4,17.4,17.53,44.28,44.28,44.28,44.61
194789,262163194789,Dearborn,MI,21000,2020,93932,2020,False,293292000,268927000,249195000,268927000,0,230000,44868000,44285000,583000,31572000,30141000,1431000,0,0,0,0,268697000,R,R,0.0,62,True,16.68,15.3,16.68,16.7,11.74,10.76,11.74,11.75,28.42,26.06,28.42,28.45
194805,362061194805,New York,NY,51000,2020,8336817,2020,False,125293261000,108065850000,101653713000,72303664000,35762186000,18154831000,6113179000,5897995000,215184000,2259911000,2174497000,85414000,0,0,0,1339297000,52809536000,R,R,0.0,127,True,5.66,4.88,8.45,11.58,2.09,1.8,3.13,4.28,7.75,6.68,11.58,15.86
194809,482375194809,Amarillo,TX,03000,2020,199371,2020,False,472286000,406520000,406520000,406520000,0,0,48553000,47771000,782000,33522000,33477000,45000,0,0,16978000,14152000,375390000,R,R,0.0,70,True,11.94,10.28,11.94,12.93,8.25,7.1,8.25,8.93,20.19,17.38,20.19,21.86
194811,482439194811,Arlington,TX,04000,2020,398854,2020,False,1295240000,1226038000,1226038000,1226038000,0,0,118232000,117174000,1058000,50064000,50064000,0,0,0,1373000,4319000,1220346000,RS,S,0.0,66,True,9.64,9.13,9.64,9.69,4.08,3.87,4.08,4.1,13.73,12.99,13.73,13.79
194812,482245194812,Beaumont,TX,07000,2020,116825,2020,False,255862000,223459000,223459000,223459000,0,0,41541000,40426000,1115000,29757000,29128000,629000,0,0,1050000,10557000,211852000,R,R,0.0,74,True,18.59,16.24,18.59,19.61,13.32,11.63,13.32,14.05,31.91,27.87,31.91,33.65
194814,482041194814,College Station,TX,15976,2020,117911,2020,False,195399000,104947000,104947000,104947000,0,0,17370000,17341000,29000,15236000,15236000,0,0,0,0,0,104947000,RS,R,0.0,70,True,16.55,8.89,16.55,16.55,14.52,7.8,14.52,14.52,31.07,16.69,31.07,31.07
194820,482085194820,Frisco,TX,27684,2020,200490,2020,False,422213000,344700000,322420000,322420000,22280000,0,41534000,39957000,1577000,54573000,41223000,13350000,0,0,0,2669000,319751000,R,R,0.0,64,True,12.05,9.84,12.88,12.99,15.83,12.93,16.93,17.07,27.88,22.76,29.81,30.06
194823,482113194823,Grand Prairie,TX,30464,2020,194543,2020,False,422981000,385524000,382222000,385524000,0,3015000,61528000,60694000,834000,40295000,34924000,5371000,0,0,2427000,5236000,374846000,R,R,0.0,87,True,15.96,14.55,15.96,16.41,10.45,9.53,10.45,10.75,26.41,24.07,26.41,27.16
194825,482329194825,Midland,TX,48072,2020,146038,2020,False,277124000,195804000,195789000,195804000,0,0,26224000,26051000,173000,29481000,29481000,0,0,0,14505000,2233000,179066000,R,R,0.0,63,True,13.39,9.46,13.39,14.64,15.06,10.64,15.06,16.46,28.45,20.1,28.45,31.11
200728,062067200728,Elk Grove,CA,22020,2020,174775,2020,False,184904000,170784000,170784000,170784000,0,0,47570000,47309000,261000,0,0,0,0,0,0,3663000,167121000,R,-,0.108,52,True,27.85,25.73,27.85,28.46,0.0,0.0,0.0,0.0,27.85,25.73,27.85,28.46
201810,202173201810,Wichita,KS,79000,2020,389938,2020,False,412284000,353134000,353134000,353134000,0,319000,90771000,90232000,539000,48044000,48044000,0,0,0,33654000,1854000,317307000,R,R,0.0,69,True,25.7,22.02,25.7,28.61,13.61,11.65,13.61,15.14,39.31,33.67,39.31,43.75
202617,482121202617,Lewisville,TX,42508,2020,109212,2020,False,159367000,137881000,137881000,137881000,0,0,28682000,28468000,214000,22219000,22219000,0,0,0,0,0,137881000,I,I,1.0,50,True,20.8,18.0,20.8,20.8,16.11,13.94,16.11,16.11,36.92,31.94,36.92,36.92
202751,512810202751,Virginia Beach,VA,82000,2020,449974,2020,False,2129934000,2079427000,2056365000,1146177000,933250000,113282000,87195000,87195000,0,48922000,48922000,0,0,0,0,64513000,968382000,R,R,0.071,89,True,4.19,4.09,7.61,9.0,2.35,2.3,4.27,5.05,6.55,6.39,11.88,14.06
203966,062019203966,Clovis,CA,14218,2020,114584,2020,False,186993000,156128000,156128000,156128000,0,0,36015000,36015000,0,15996000,15996000,0,0,0,0,2159000,153969000,R,R,0.0,56,True,23.07,19.26,23.07,23.39,10.25,8.55,10.25,10.39,33.31,27.81,33.31,33.78
204523,202091204523,Olathe,KS,52575,2020,140545,2020,False,292889000,243177000,243177000,243177000,0,0,26681000,26681000,0,23087000,23087000,0,0,0,0,0,243177000,R,R,0.0,58,True,10.97,9.11,10.97,10.97,9.49,7.88,9.49,9.49,20.47,16.99,20.47,20.47
204933,342039204933,Elizabeth,NJ,21000,2020,129216,2020,False,264755000,264755000,264542000,264755000,0,2271000,51486000,51486000,0,31126000,31126000,0,0,0,0,4868000,257616000,R,R,0.0,53,True,19.45,19.45,19.45,19.99,11.76,11.76,11.76,12.08,31.2,31.2,31.2,32.07
205133,392095205133,Toledo,OH,77000,2020,272779,2020,False,573212000,466216000,440888000,466216000,0,0,93189000,90992000,2197000,77173000,75857000,1316000,0,0,0,2322000,463894000,I,I,1.0,69,True,19.99,16.26,19.99,20.09,16.55,13.46,16.55,16.64,36.54,29.72,36.54,36.72
205181,402027205181,Norman,OK,52500,2020,124880,2020,False,685750000,644733000,644733000,644733000,0,477718000,29805000,28774000,1031000,21163000,19893000,1270000,0,0,0,0,167015000,R,R,0.001,74,True,4.62,4.35,4.62,17.85,3.28,3.09,3.28,12.67,7.91,7.43,7.91,30.52
205218,412047205218,Salem,OR,64900,2020,174365,2020,False,413037000,373400000,372506000,373400000,0,0,45626000,45626000,0,35558000,35558000,0,0,0,1250000,997000,371153000,R,R,0.0,65,True,12.22,11.05,12.22,12.29,9.52,8.61,9.52,9.58,21.74,19.66,21.74,21.87
205455,482201205455,Pasadena,TX,56000,2020,151227,2020,False,210639000,171268000,171268000,171268000,0,0,45814000,45762000,52000,10744000,5807000,4937000,0,0,0,4962000,166306000,R,R,0.0,57,True,26.75,21.75,26.75,27.55,6.27,5.1,6.27,6.46,33.02,26.85,33.02,34.01
205460,482215205460,Mcallen,TX,45384,2020,143268,2020,False,259146000,233154000,229399000,233154000,0,1964000,39062000,37830000,1232000,20481000,20460000,21000,0,0,8384000,3098000,219708000,I,I,1.0,86,True,16.75,15.07,16.75,17.78,8.78,7.9,8.78,9.32,25.54,22.98,25.54,27.1
205590,532033205590,Kent,WA,35415,2020,132319,2020,False,216572000,201728000,201728000,201728000,0,8475000,39132000,37979000,1153000,2787000,2787000,0,0,0,0,657000,192596000,R,R,0.0,72,True,19.4,18.07,19.4,20.32,1.38,1.29,1.38,1.45,20.78,19.36,20.78,21.77
205599,532063205599,Spokane,WA,67000,2020,222081,2020,False,626295000,545548000,540096000,545548000,0,20001000,62534000,62198000,336000,56662000,56537000,125000,0,0,0,3652000,521895000,R,R,0.0,79,True,11.46,9.98,11.46,11.98,10.39,9.05,10.39,10.86,21.85,19.03,21.85,22.84
207520,012089207520,Huntsville,AL,37000,2020,200574,2020,False,1114904000,481495000,447412000,481495000,0,2150000,50668000,50138000,530000,37063000,36840000,223000,0,0,0,3674000,475671000,R,R,0.0,90,True,10.52,4.54,10.52,10.65,7.7,3.32,7.7,7.79,18.22,7.87,18.22,18.44
207535,042013207535,Glendale,AZ,27820,2020,252381,2020,False,541082000,476083000,476083000,476083000,0,0,113483000,113483000,0,65920000,58302000,7618000,0,0,0,0,476083000,I,I,1.0,58,True,23.84,20.97,23.84,23.84,13.85,12.18,13.85,13.85,37.68,33.16,37.68,37.68
207536,042013207536,Phoenix,AZ,55000,2020,1680992,2020,False,4081780000,3395115000,3373309000,3394393000,722000,39656000,783690000,736168000,47522000,347541000,324402000,23139000,0,0,708239000,0,2646498000,R,R,0.01,113,True,23.08,19.2,23.09,29.61,10.24,8.51,10.24,13.13,33.32,27.71,33.33,42.74
207577,062001207577,Fremont,CA,26000,2020,241110,2020,False,370465000,370261000,370261000,370261000,0,521000,89396000,88607000,789000,52283000,52283000,0,0,0,0,19715000,350025000,R,R,0.0,54,True,24.14,24.13,24.14,25.54,14.12,14.11,14.12,14.94,38.26,38.24,38.26,40.48
207582,062037207582,Pasadena,CA,56000,2020,141029,2020,False,703532000,459469000,459469000,459469000,0,0,72834000,72834000,0,41482000,41482000,0,0,0,0,16835000,442634000,R,R,0.0,64,True,15.85,10.35,15.85,16.45,9.03,5.9,9.03,9.37,24.88,16.25,24.88,25.83
207583,062037207583,Torrance,CA,80000,2020,143592,2020,False,356630000,267067000,267067000,267067000,0,0,88745000,86035000,2710000,32556000,32556000,0,0,0,3186000,17288000,246593000,R,R,0.0,60,True,33.23,24.88,33.23,35.99,12.19,9.13,12.19,13.2,45.42,34.01,45.42,49.19
207593,062065207593,Corona,CA,16350,2020,169868,2020,False,492853000,307819000,307819000,307819000,0,0,47445000,47307000,138000,25380000,25380000,0,0,0,136000,884000,306799000,R,R,0.0,79,True,15.41,9.63,15.41,15.46,8.25,5.15,8.25,8.27,23.66,14.78,23.66,23.74
207594,062065207594,Riverside,CA,62000,2020,331360,2020,False,1048656000,627569000,627569000,627569000,0,0,121619000,121186000,433000,145493000,145493000,0,0,0,1589000,4985000,620995000,R,R,0.0,76,True,19.38,11.6,19.38,19.58,23.18,13.87,23.18,23.43,42.56,25.47,42.56,43.01
207598,062073207598,San Diego,CA,66000,2020,1423851,2020,False,4141362000,3397917000,3397917000,3397917000,0,0,399076000,399076000,0,205534000,205534000,0,0,0,5787000,45052000,3347078000,R,R,0.0,68,True,11.74,9.64,11.74,11.92,6.05,4.96,6.05,6.14,17.79,14.6,17.79,18.06
207610,062099207610,Modesto,CA,48354,2020,215196,2020,False,402112000,295790000,295790000,295790000,0,0,65168000,64456000,712000,39009000,39009000,0,0,0,1051000,1790000,292949000,R,R,0.0,63,True,22.03,16.21,22.03,22.25,13.19,9.7,13.19,13.32,35.22,25.91,35.22,35.56
207635,082123207635,Greeley,CO,32155,2020,108649,2020,False,232303000,175014000,174758000,175014000,0,0,26446000,26393000,53000,16483000,15625000,858000,130000,0,0,50000,174964000,I,I,1.0,90,True,15.11,11.38,15.11,15.12,9.42,7.1,9.42,9.42,24.53,18.48,24.53,24.54
207684,122103207684,Clearwater,FL,12875,2020,116946,2020,False,355571000,265957000,265682000,265957000,0,0,43739000,43730000,9000,16961000,16947000,14000,0,0,591000,10450000,254916000,R,R,0.0,73,True,16.45,12.3,16.45,17.16,6.38,4.77,6.38,6.65,22.82,17.07,22.82,23.81
207957,182097207957,Indianapolis,IN,36003,2020,876384,2020,False,4305134000,3545781000,3545781000,3545781000,0,1508246000,246637000,237204000,9433000,158620000,153530000,5090000,0,0,199609000,196348000,1641578000,S,S,0.0,89,True,6.96,5.73,6.96,15.02,4.47,3.68,4.47,9.66,11.43,9.41,11.43,24.69
208056,192153208056,Des Moines,IA,21000,2020,214237,2020,False,613454000,546888000,546888000,546888000,0,9378000,70839000,70839000,0,43231000,40808000,2423000,0,0,57543000,2302000,477665000,R,R,0.0,73,True,12.95,11.55,12.95,14.83,7.9,7.05,7.9,9.05,20.86,18.59,20.86,23.88
208060,192163208060,Davenport,IA,19000,2020,101590,2020,False,194737000,187712000,187712000,187712000,0,0,28694000,28694000,0,20059000,20059000,0,0,0,324000,0,187388000,R,R,0.0,54,True,15.29,14.73,15.29,15.31,10.69,10.3,10.69,10.7,25.97,25.04,25.97,26.02
208111,202091208111,Overland Park,KS,53775,2020,195494,2020,False,218752000,218752000,218752000,218752000,0,0,37810000,37106000,704000,24109000,23824000,285000,0,0,0,0,218752000,R,R,0.0,54,True,17.28,17.28,17.28,17.28,11.02,11.02,11.02,11.02,28.31,28.31,28.31,28.31
208246,242510208246,Baltimore,MD,04000,2020,593490,2020,False,4638661000,4308974000,4277478000,2728148000,1580826000,0,536087000,535046000,1041000,257441000,257441000,0,0,0,0,171080000,2557068000,R,R,0.0,77,True,12.44,11.56,19.65,20.96,5.97,5.55,9.44,10.07,18.42,17.11,29.09,31.03
208698,312055208698,Omaha,NE,37000,2020,478192,2020,False,747336000,747336000,724346000,747336000,0,11416000,154407000,152353000,2054000,111079000,107403000,3676000,6737000,0,0,0,735920000,R,R,0.0,67,True,20.66,20.66,20.66,20.98,14.86,14.86,14.86,15.09,35.52,35.52,35.52,36.08
208734,322003208734,North Las Vegas,NV,51800,2020,251974,2020,False,410862000,353104000,353104000,353104000,0,3165000,97855000,94248000,3607000,42264000,39455000,2809000,0,0,0,0,349939000,I,I,1.0,66,True,27.71,23.82,27.71,27.96,11.97,10.29,11.97,12.08,39.68,34.1,39.68,40.04
208793,352013208793,Las Cruces,NM,39380,2020,103432,2020,False,203414000,160157000,159205000,160157000,0,952000,30509000,30281000,228000,23594000,21915000,1679000,0,0,0,1522000,157683000,R,R,0.0,82,True,19.05,15.0,19.05,19.35,14.73,11.6,14.73,14.96,33.78,26.6,33.78,34.31
208963,372063208963,Durham,NC,19000,2020,278993,2020,False,547178000,424311000,424311000,424311000,0,0,75965000,75093000,872000,37253000,36893000,360000,0,0,13000,0,424298000,R,R,0.0,85,True,17.9,13.88,17.9,17.9,8.78,6.81,8.78,8.78,26.68,20.69,26.68,26.68
209050,392049209050,Columbus,OH,18000,2020,898553,2020,False,2354533000,2019465000,2019465000,2012969000,6496000,0,361860000,354318000,7542000,292243000,270404000,21839000,0,0,0,61321000,1951648000,R,R,0.0,89,True,17.92,15.37,17.98,18.54,14.47,12.41,14.52,14.97,32.39,27.78,32.49,33.52
209096,392153209096,Akron,OH,01000,2020,197597,2020,False,446084000,409370000,406637000,409370000,0,6661000,55885000,55362000,523000,56791000,52118000,4673000,24000,0,1040000,4238000,397431000,R,R,0.0,85,True,13.65,12.53,13.65,14.06,13.87,12.73,13.87,14.29,27.52,25.26,27.52,28.35
209170,402109209170,Oklahoma,OK,55000,2020,655057,2020,False,1400741000,1034960000,1034960000,1034960000,0,0,205552000,202743000,2809000,163589000,157160000,6429000,0,0,89198000,4875000,940887000,R,R,0.123,88,True,19.86,14.67,19.86,21.85,15.81,11.68,15.81,17.39,35.67,26.35,35.67,39.23
209519,472149209519,Murfreesboro,TN,51560,2020,146900,2020,False,459244000,239816000,239816000,139802000,100014000,91000,34138000,31948000,2190000,26832000,21072000,5760000,0,0,5359000,0,134352000,R,R,0.0,91,True,14.24,7.43,24.42,25.41,11.19,5.84,19.19,19.97,25.42,13.28,43.61,45.38
209555,482085209555,Allen,TX,01924,2020,105623,2020,False,191302000,153962000,153962000,153962000,0,0,31958000,28901000,3057000,22410000,17409000,5001000,0,0,0,259000,153703000,R,R,0.0,51,True,20.76,16.71,20.76,20.79,14.56,11.71,14.56,14.58,35.31,28.42,35.31,35.37
209562,482121209562,Denton,TX,19972,2020,141541,2020,False,449185000,194806000,194806000,194806000,0,0,18882000,18882000,0,30478000,30478000,0,0,0,1587000,0,193219000,R,R,0.024,60,True,9.69,4.2,9.69,9.77,15.65,6.79,15.65,15.77,25.34,10.99,25.34,25.55
209712,512510209712,Alexandria,VA,01000,2020,159428,2020,False,1131230000,1039005000,1037702000,726812000,312193000,58918000,101758000,97298000,4460000,54810000,54810000,0,0,0,0,62781000,605113000,R,R,0.0,87,True,9.79,9.0,14.0,16.82,5.28,4.85,7.54,9.06,15.07,13.84,21.54,25.87
209777,552025209777,Madison,WI,48000,2020,259680,2020,False,651051000,559682000,559682000,559682000,0,0,80193000,79888000,305000,57538000,56310000,1228000,0,0,0,16935000,542747000,R,R,0.0,81,True,14.33,12.32,14.33,14.78,10.28,8.84,10.28,10.6,24.61,21.16,24.61,25.38
211212,062073211212,Chula Vista,CA,13392,2020,274492,2020,False,288664000,288659000,288659000,288659000,0,0,72532000,70175000,2357000,36366000,36366000,0,0,0,0,4113000,284546000,R,R,0.0,57,True,25.13,25.13,25.13,25.49,12.6,12.6,12.6,12.78,37.73,37.72,37.73,38.27
211214,062077211214,Stockton,CA,75000,2020,312697,2020,False,474671000,434388000,434388000,434388000,0,0,136679000,133905000,2774000,56485000,56485000,0,0,0,493000,3388000,430507000,R,R,0.0,62,True,31.46,28.79,31.46,31.75,13.0,11.9,13.0,13.12,44.47,40.69,44.47,44.87
211253,412067211253,Hillsboro,OR,34100,2020,109128,2020,False,264780000,211139000,179970000,211139000,0,0,35897000,35897000,0,26044000,26044000,0,0,0,0,0,211139000,R,R,0.0,55,True,17.0,13.56,17.0,17.0,12.34,9.84,12.34,12.34,29.34,23.39,29.34,29.34
211254,412051211254,Portland,OR,59000,2020,654741,2020,False,2051076000,1772473000,1772473000,1772473000,0,0,230653000,229659000,994000,133080000,126504000,6576000,0,0,0,0,1772473000,R,R,0.0,83,True,13.01,11.25,13.01,13.01,7.51,6.49,7.51,7.51,20.52,17.73,20.52,20.52
211654,082001211654,Westminster,CO,83835,2020,113166,2020,False,276128000,232417000,231279000,232417000,0,0,26808000,26512000,296000,17868000,15228000,2640000,0,0,0,0,232417000,R,R,0.0,85,True,11.53,9.71,11.53,11.53,7.69,6.47,7.69,7.69,19.22,16.18,19.22,19.22
212090,402143212090,Tulsa,OK,75000,2020,401190,2020,False,1004270000,862994000,862994000,862994000,0,18735000,126004000,117060000,8944000,85416000,82175000,3241000,0,0,47981000,77213000,719065000,R,R,0.0,80,True,14.6,12.55,14.6,17.52,9.9,8.51,9.9,11.88,24.5,21.05,24.5,29.4
212209,082005212209,Centennial,CO,12815,2020,110937,2020,False,83632000,83632000,83632000,83632000,0,0,24482000,24482000,0,0,0,0,0,0,0,0,83632000,I,-,1.0,32,True,29.27,29.27,29.27,29.27,0.0,0.0,0.0,0.0,29.27,29.27,29.27,29.27
212231,482113212231,Garland,TX,29000,2020,239928,2020,False,673601000,335348000,334655000,335348000,0,1323000,56114000,55324000,790000,35210000,35210000,0,0,0,14000,4006000,330005000,R,R,0.0,77,True,16.73,8.33,16.73,17.0,10.5,5.23,10.5,10.67,27.23,13.56,27.23,27.67
212233,482303212233,Lubbock,TX,45000,2020,258862,2020,False,634400000,324779000,324409000,324779000,0,0,60075000,60075000,0,67341000,44302000,23039000,172000,0,20775000,5948000,298056000,R,R,0.0,79,True,18.5,9.47,18.5,20.16,20.73,10.61,20.73,22.59,39.23,20.08,39.23,42.75
212234,482113212234,Richardson,TX,61796,2020,121323,2020,False,297218000,254803000,254803000,254803000,0,0,30779000,30779000,0,43491000,25091000,18400000,0,0,0,2014000,252789000,R,R,0.0,58,True,12.08,10.36,12.08,12.18,17.07,14.63,17.07,17.2,29.15,24.99,29.15,29.38
213591,532063213591,Spokane Valley,WA,67167,2020,101060,2020,False,61948000,61948000,38965000,61948000,0,1557000,511000,105000,406000,0,0,0,20294000,0,0,470000,59921000,R,-,0.0,58,True,0.82,0.82,0.82,0.85,0.0,0.0,0.0,0.0,0.82,0.82,0.82,0.85
216510,132121216510,Sandy Springs,GA,68516,2020,109452,2020,False,118388000,118388000,118388000,118388000,0,0,22116000,20877000,1239000,14574000,13050000,1524000,0,0,0,0,118388000,R,R,0.06,50,True,18.68,18.68,18.68,18.68,12.31,12.31,12.31,12.31,30.99,30.99,30.99,30.99
225038,012073225038,Birmingham,AL,07000,2020,209403,2020,False,696168000,509658000,509658000,509658000,0,526000,103194000,103194000,0,67754000,67754000,0,0,0,0,0,509132000,R,R,0.0,60,True,20.25,14.82,20.25,20.27,13.29,9.73,13.29,13.31,33.54,24.56,33.54,33.58
225767,092190225767,Stamford,CT,73000,2020,129638,2020,False,526768000,526768000,522489000,191873000,334895000,381000,40500000,40500000,0,41389000,41389000,0,0,0,0,3101000,188391000,R,R,0.0,51,True,7.69,7.69,21.11,21.5,7.86,7.86,21.57,21.97,15.55,15.55,42.68,43.47
247337,132121247337,South Fulton,GA,72122,2020,99155,2020,False,267671000,248129000,246851000,248129000,0,136000,23295000,22156000,1139000,0,0,0,265000,0,0,406000,247587000,I,-,1.0,65,True,9.39,8.7,9.39,9.41,0.0,0.0,0.0,0.0,9.39,8.7,9.39,9.41
100091,012101100091,Montgomery,AL,51000,2021,198525,2021,False,314218000,224425000,224190000,224425000,0,0,46591000,46591000,0,35460000,35460000,0,235000,0,0,0,224425000,R,R,0.0,51,True,20.76,14.83,20.76,20.76,15.8,11.29,15.8,15.8,36.56,26.11,36.56,36.56
100249,042013100249,Chandler,AZ,12000,2021,261165,2021,False,420441000,377740000,373122000,377740000,0,0,83910000,78676000,5234000,43840000,40682000,3158000,0,0,2547000,0,375193000,R,R,0.002,68,True,22.21,19.96,22.21,22.36,11.61,10.43,11.61,11.68,33.82,30.38,33.82,34.05
100250,042013100250,Mesa,AZ,46000,2021,518012,2021,False,1054959000,755872000,755872000,755872000,0,0,188337000,187261000,1076000,91359000,88911000,2448000,0,0,4038000,0,751834000,I,I,0.797,80,True,24.92,17.85,24.92,25.05,12.09,8.66,12.09,12.15,37.0,26.51,37.0,37.2
100251,042013100251,Surprise,AZ,71510,2021,141664,2021,False,252333000,230948000,230948000,230948000,0,0,32502000,32404000,98000,24574000,24574000,0,0,0,0,0,230948000,I,I,1.0,53,True,14.07,12.88,14.07,14.07,10.64,9.74,10.64,10.64,24.71,22.62,24.71,24.71
100435,052119100435,Little Rock,AR,41000,2021,197312,2021,False,551441000,535559000,535559000,535559000,0,0,78979000,78979000,0,53955000,53955000,0,0,0,54064000,31904000,449591000,R,R,0.0,76,True,14.75,14.32,14.75,17.57,10.07,9.78,10.07,12.0,24.82,24.11,24.82,29.57
100709,062059100709,Huntington Beach,CA,36000,2021,199223,2021,False,740267000,695186000,684468000,695186000,0,0,95311000,94161000,1150000,46394000,46392000,2000,0,0,0,7029000,688157000,R,R,0.0,71,True,13.71,12.88,13.71,13.85,6.67,6.27,6.67,6.74,20.38,19.14,20.38,20.59
100711,062059100711,Santa Ana,CA,69000,2021,332318,2021,False,770565000,697043000,697043000,697043000,0,2591000,142462000,141023000,1439000,44705000,44705000,0,0,0,0,10142000,684310000,R,R,0.0,73,True,20.44,18.49,20.44,20.82,6.41,5.8,6.41,6.53,26.85,24.29,26.85,27.35
100745,062085100745,San Jose,CA,68000,2021,1021795,2021,False,2535560000,2199039000,2199039000,2199039000,0,0,436971000,386133000,50838000,198783000,198783000,0,0,0,86613000,200000,2112226000,R,R,0.0,66,True,19.87,17.23,19.87,20.69,9.04,7.84,9.04,9.41,28.91,25.07,28.91,30.1
100750,062095100750,Fairfield,CA,23182,2021,117133,2021,False,230190000,174249000,174249000,174249000,0,0,51316000,51308000,8000,24617000,24617000,0,0,0,0,314000,173935000,R,R,0.0,58,True,29.45,22.29,29.45,29.5,14.13,10.69,14.13,14.15,43.58,32.99,43.58,43.66
101409,082069101409,Fort Collins,CO,27425,2021,170243,2021,False,718008000,435164000,404269000,435164000,0,13268000,54986000,54986000,0,27821000,27821000,0,0,30895000,0,0,421896000,R,R,0.0,59,True,12.64,7.66,12.64,13.03,6.39,3.87,6.39,6.59,19.03,11.53,19.03,19.63
101696,092140101696,Waterbury,CT,80000,2021,107568,2021,False,627894000,615290000,611475000,270009000,345281000,4228000,38568000,38568000,0,23160000,21446000,1714000,0,0,0,3508000,262273000,R,R,0.0,60,True,6.27,6.14,14.28,14.71,3.76,3.69,8.58,8.83,10.03,9.83,22.86,23.54
101927,122011101927,Miramar,FL,45975,2021,141191,2021,False,247116000,233270000,233270000,233270000,0,0,55788000,47995000,7793000,22369000,20841000,1528000,0,0,0,13938000,219332000,R,R,0.0,68,True,23.92,22.58,23.92,25.44,9.59,9.05,9.59,10.2,33.5,31.63,33.5,35.63
101942,122031101942,Jacksonville,FL,35000,2021,911507,2021,False,4015759000,2302327000,2302327000,2302327000,0,7915000,488639000,484219000,4420000,197477000,188065000,9412000,0,0,123969000,107282000,2063161000,R,R,0.031,94,True,21.22,12.17,21.22,23.68,8.58,4.92,8.58,9.57,29.8,17.09,29.8,33.26
102163,132021102163,Macon-Bibb County,GA,49008,2021,153159,2021,False,275199000,272882000,261584000,272882000,0,22672000,31842000,30061000,1781000,27425000,27134000,291000,0,0,1939000,10702000,237569000,R,R,0.0,81,True,11.67,11.57,11.67,13.4,10.05,9.97,10.05,11.54,21.72,21.54,21.72,24.95
102716,172089102716,Elgin,IL,23074,2021,110849,2021,False,175390000,151998000,148231000,151998000,0,1323000,51603000,51390000,213000,32251000,31983000,268000,0,0,0,0,150675000,R,R,0.0,52,True,33.95,29.42,33.95,34.25,21.22,18.39,21.22,21.4,55.17,47.81,55.17,55.65
102882,172201102882,Rockford,IL,65000,2021,145609,2021,False,298747000,269651000,269651000,269651000,0,21180000,59826000,59826000,0,55851000,55851000,0,0,0,0,0,248471000,R,R,0.0,47,True,22.19,20.03,22.19,24.08,20.71,18.7,20.71,22.48,42.9,38.72,42.9,46.56
103799,182057103799,Fishers,IN,23278,2021,95310,2021,False,91431000,91384000,86713000,91384000,0,0,16538000,16538000,0,19601000,19594000,7000,6000,0,0,174000,91210000,R,R,0.0,57,True,18.1,18.09,18.1,18.13,21.45,21.44,21.45,21.49,39.55,39.53,39.55,39.62
106055,252009106055,Lynn,MA,37490,2021,94299,2021,False,413891000,411722000,403508000,125561000,286161000,852000,22692000,22692000,0,20044000,20044000,0,0,0,0,109000,124600000,R,R,0.66,57,True,5.51,5.48,18.07,18.21,4.87,4.84,15.96,16.09,10.38,10.33,34.04,34.3
106061,252013106061,Springfield,MA,67000,2021,153606,2021,False,903507000,899760000,892469000,294531000,605229000,1242000,50931000,50744000,187000,23690000,23684000,6000,0,0,0,1618000,291671000,R,R,0.0,64,True,5.66,5.64,17.29,17.46,2.63,2.62,8.04,8.12,8.29,8.26,25.34,25.58
106079,252027106079,Worcester,MA,82000,2021,185428,2021,False,1027149000,995200000,974867000,447700000,547500000,1580000,52085000,51457000,628000,40729000,40626000,103000,0,0,0,3813000,442307000,R,R,0.0,80,True,5.23,5.07,11.63,11.78,4.09,3.97,9.1,9.21,9.33,9.04,20.73,20.98
108127,302111108127,Billings,MT,06550,2021,109577,2021,False,188924000,157506000,157506000,157506000,0,0,26248000,24868000,1380000,21214000,20784000,430000,0,0,25302000,965000,131239000,R,R,0.0,65,True,16.66,13.89,16.66,20.0,13.47,11.23,13.47,16.16,30.13,25.12,30.13,36.16
108910,322031108910,Sparks,NV,68400,2021,105006,2021,False,135566000,135566000,135566000,135566000,0,0,33376000,33126000,250000,19993000,19993000,0,0,0,0,0,135566000,R,R,0.0,55,True,24.62,24.62,24.62,24.62,14.75,14.75,14.75,14.75,39.37,39.37,39.37,39.37
109593,362119109593,Yonkers,NY,84000,2021,200370,2021,False,1265745000,1234134000,1213444000,578852000,655282000,0,107278000,107278000,0,73021000,72996000,25000,0,0,0,891000,577961000,R,R,0.0,63,True,8.69,8.48,18.53,18.56,5.92,5.77,12.61,12.63,14.61,14.24,31.15,31.2
110047,372025110047,Concord,NC,14100,2021,96341,2021,False,273812000,148489000,148417000,148489000,0,0,28462000,27017000,1445000,28577000,23183000,5394000,0,0,12961000,305000,135223000,R,R,0.0,89,True,19.17,10.39,19.17,21.05,19.25,10.44,19.25,21.13,38.41,20.83,38.41,42.18
112811,442007112811,Providence,RI,59000,2021,179883,2021,False,952419000,874839000,874839000,365278000,509561000,1175000,90998000,90998000,0,68760000,68760000,0,0,0,0,0,364103000,R,R,0.0,54,True,10.4,9.55,24.91,24.99,7.86,7.22,18.82,18.88,18.26,16.77,43.74,43.88
114311,492035114311,West Jordan,UT,82950,2021,116480,2021,False,120678000,98454000,98454000,98454000,0,0,16700000,16595000,105000,10280000,10280000,0,0,0,0,0,98454000,R,R,0.024,60,True,16.96,13.84,16.96,16.96,10.44,8.52,10.44,10.44,27.4,22.36,27.4,27.4
114563,512550114563,Chesapeake,VA,16000,2021,244835,2021,False,1255294000,1211765000,1199583000,642112000,569653000,91280000,61793000,61029000,764000,67919000,42027000,25892000,0,0,1053000,47049000,502730000,R,R,0.0,104,True,5.1,4.92,9.62,12.29,5.6,5.41,10.58,13.51,10.7,10.33,20.2,25.8
114624,532033114624,Bellevue,WA,05210,2021,148164,2021,False,453289000,407512000,407512000,407512000,0,2789000,48275000,48210000,65000,32508000,29348000,3160000,0,0,0,261000,404462000,R,R,0.0,67,True,11.85,10.65,11.85,11.94,7.98,7.17,7.98,8.04,19.82,17.82,19.82,19.97
122748,042013122748,Goodyear,AZ,28380,2021,86840,2021,False,161457000,127834000,127834000,127834000,0,0,25066000,24628000,438000,20365000,18742000,1623000,0,0,0,0,127834000,I,I,1.0,59,True,19.61,15.52,19.61,19.61,15.93,12.61,15.93,15.93,35.54,28.14,35.54,35.54
123093,062001123093,Oakland,CA,53000,2021,433031,2021,False,1826745000,1826745000,1826745000,1826745000,0,1120000,320410000,319354000,1056000,164492000,164492000,0,0,0,231691000,118300000,1475634000,R,R,0.0,61,True,17.54,17.54,17.54,21.71,9.0,9.0,9.0,11.15,26.54,26.54,26.54,32.86
123137,062061123137,Roseville,CA,62938,2021,141500,2021,False,576930000,379320000,379320000,379320000,0,5607000,47589000,47490000,99000,35707000,35707000,0,0,0,0,1338000,372375000,R,R,0.0,65,True,12.55,8.25,12.55,12.78,9.41,6.19,9.41,9.59,21.96,14.44,21.96,22.37
123165,062107123165,Visalia,CA,82954,2021,134605,2021,False,215267000,186585000,186585000,186585000,0,0,44603000,42420000,2183000,19639000,18678000,961000,0,0,3042000,0,183543000,R,R,0.0,72,True,23.9,20.72,23.9,24.3,10.53,9.12,10.53,10.7,34.43,29.84,34.43,35.0
124038,092120124038,Bridgeport,CT,08000,2021,144399,2021,False,822331000,822331000,740216000,460779000,361552000,5762000,94393000,94393000,0,78386000,78386000,0,0,0,3488000,4912000,446617000,R,R,0.0,73,True,11.48,11.48,20.49,21.14,9.53,9.53,17.01,17.55,21.01,21.01,37.5,38.69
124214,112001124214,Washington Dc,DC,50000,2021,705749,2021,False,18755755000,17410299000,17397994000,13930382000,3479917000,1875791000,668928000,656723000,12205000,370694000,349465000,21229000,0,0,0,1335426000,10719165000,R,R,0.061,155,True,3.84,3.57,4.8,6.24,2.13,1.98,2.66,3.46,5.97,5.54,7.46,9.7
124438,132051124438,Savannah,GA,69000,2021,144464,2021,False,431338000,405297000,403644000,405297000,0,12967000,66980000,63326000,3654000,35140000,35129000,11000,0,0,38163000,0,354167000,R,R,0.0,77,True,16.53,15.53,16.53,18.91,8.67,8.15,8.67,9.92,25.2,23.68,25.2,28.83
126027,182057126027,Carmel,IN,10342,2021,101068,2021,False,311251000,282519000,282519000,282519000,0,0,24475000,22684000,1791000,28455000,28455000,0,0,0,0,49000,282470000,R,R,0.0,57,True,8.66,7.86,8.66,8.66,10.07,9.14,10.07,10.07,18.74,17.01,18.74,18.74
126081,182141126081,South Bend,IN,71000,2021,102026,2021,False,309219000,276381000,276381000,276381000,0,0,46739000,45739000,1000000,42176000,40162000,2014000,0,0,0,91000,276290000,R,R,0.0,65,True,16.91,15.12,16.91,16.92,15.26,13.64,15.26,15.27,32.17,28.75,32.17,32.18
127810,222017127810,Shreveport,LA,70000,2021,187112,2021,False,374947000,303611000,303611000,303611000,0,4600000,58900000,58900000,0,55740000,55740000,0,0,0,10151000,0,288860000,I,R,0.157,53,True,19.4,15.71,19.4,20.39,18.36,14.87,18.36,19.3,37.76,30.57,37.76,39.69
128108,252025128108,Boston,MA,07000,2021,692600,2021,False,4697034000,4446654000,4290238000,2695325000,1751329000,335740000,438738000,430077000,8661000,268960000,268960000,0,0,0,0,27542000,2332043000,R,R,0.0,93,True,9.87,9.34,16.28,18.81,6.05,5.73,9.98,11.53,15.92,15.07,26.26,30.35
128309,262099128309,Warren,MI,84000,2021,133943,2021,False,228198000,185970000,185970000,185970000,0,0,45457000,44691000,766000,27041000,26165000,876000,0,0,0,496000,185474000,R,R,0.0,54,True,24.44,19.92,24.44,24.51,14.54,11.85,14.54,14.58,38.98,31.77,38.98,39.09
129295,282049129295,Jackson,MS,36000,2021,160628,2021,False,289782000,245805000,245805000,245805000,0,3349000,29634000,27990000,1644000,22396000,22263000,133000,0,0,29327000,322000,212807000,R,R,0.0,83,True,12.06,10.23,12.06,13.93,9.11,7.73,9.11,10.52,21.17,17.95,21.17,24.45
129515,292095129515,Independence,MO,35000,2021,116672,2021,False,329617000,176286000,176286000,176286000,0,0,39810000,39810000,0,21150000,21150000,0,0,0,0,3312000,172974000,I,I,1.0,57,True,22.58,12.08,22.58,23.02,12.0,6.42,12.0,12.23,34.58,18.49,34.58,35.24
130835,342013130835,Newark,NJ,51000,2021,282011,2021,False,758989000,702105000,702105000,702105000,0,2051000,135637000,135637000,0,75585000,75585000,0,0,0,0,25794000,674260000,R,R,0.034,56,True,19.32,17.87,19.32,20.12,10.77,9.96,10.77,11.21,30.08,27.83,30.08,31.33
131239,362055131239,Rochester,NY,63000,2021,205695,2021,False,1485809000,1447889000,1445476000,689062000,758827000,0,97833000,97722000,111000,54672000,54672000,0,0,0,0,2121000,686941000,R,R,0.0,74,True,6.76,6.58,14.2,14.24,3.78,3.68,7.93,7.96,10.53,10.26,22.13,22.2
131717,372051131717,Fayetteville,NC,22920,2021,211657,2021,False,469297000,242580000,232550000,242580000,0,325000,54543000,52096000,2447000,29261000,28575000,686000,3000,0,18989000,0,223266000,R,R,0.033,81,True,22.48,11.62,22.48,24.43,12.06,6.24,12.06,13.11,34.55,17.86,34.55,37.54
131775,372183131775,Cary,NC,10740,2021,170282,2021,False,318712000,238240000,238240000,238240000,0,0,26584000,25955000,629000,28462000,26780000,1682000,0,0,0,0,238240000,R,R,0.0,61,True,11.16,8.34,11.16,11.16,11.95,8.93,11.95,11.95,23.11,17.27,23.11,23.11
133222,412039133222,Eugene,OR,23850,2021,172622,2021,False,660044000,346522000,345632000,346522000,0,0,63883000,63660000,223000,46823000,46049000,774000,0,0,17217000,0,329305000,I,I,1.0,85,True,18.44,9.68,18.44,19.4,13.51,7.09,13.51,14.22,31.95,16.77,31.95,33.62
133470,422003133470,Pittsburgh,PA,61000,2021,300286,2021,False,801190000,801190000,801190000,801190000,0,0,140850000,140850000,0,91289000,91289000,0,0,0,0,32576000,768614000,R,R,0.0,51,True,17.58,17.58,17.58,18.33,11.39,11.39,11.39,11.88,28.97,28.97,28.97,30.2
133602,422101133602,Philadelphia,PA,60000,2021,1584064,2021,False,9291018000,8291268000,7997073000,7997073000,294195000,479900000,796751000,786674000,10077000,331933000,330093000,1840000,0,0,345557000,2065140000,5106476000,R,R,0.0,88,True,9.61,8.58,9.96,15.6,4.0,3.57,4.15,6.5,13.61,12.15,14.11,22.1
135095,482039135095,Pearland,TX,56348,2021,122460,2021,False,251907000,170580000,162811000,170580000,0,1039000,29249000,28822000,427000,18045000,17835000,210000,0,0,0,0,169541000,R,R,0.109,63,True,17.15,11.61,17.15,17.25,10.58,7.16,10.58,10.64,27.73,18.77,27.73,27.9
135130,482113135130,Carrollton,TX,13024,2021,139248,2021,False,187249000,165276000,153518000,165276000,0,3173000,28036000,28036000,0,30366000,30366000,0,0,0,0,4102000,158001000,R,R,0.0,51,True,16.96,14.97,16.96,17.74,18.37,16.22,18.37,19.22,35.34,31.19,35.34,36.96
135132,482113135132,Mesquite,TX,47892,2021,140937,2021,False,249713000,203906000,203906000,203906000,0,0,41519000,40578000,941000,31218000,31120000,98000,0,0,1762000,2119000,200025000,I,I,1.0,67,True,20.36,16.63,20.36,20.76,15.31,12.5,15.31,15.61,35.67,29.13,35.67,36.36
135275,482423135275,Tyler,TX,74144,2021,106985,2021,False,179891000,151605000,150499000,151605000,0,0,30247000,29730000,517000,20516000,19702000,814000,0,0,13832000,1326000,136447000,I,I,1.0,75,True,19.95,16.81,19.95,22.17,13.53,11.4,13.53,15.04,33.48,28.22,33.48,37.2
135285,482451135285,San Angelo,TX,64472,2021,101004,2021,False,149145000,129702000,129702000,129702000,0,251000,22596000,21728000,868000,23275000,21615000,1660000,0,0,1868000,1390000,126193000,R,R,0.0,79,True,17.42,15.15,17.42,17.91,17.94,15.61,17.94,18.44,35.37,30.76,35.37,36.35
135293,482479135293,Laredo,TX,41464,2021,262491,2021,False,474014000,411352000,410841000,411352000,0,6148000,81219000,80812000,407000,59757000,59706000,51000,0,0,22667000,20945000,361592000,I,I,1.0,91,True,19.74,17.13,19.74,22.46,14.53,12.61,14.53,16.53,34.27,29.74,34.27,38.99
135295,482485135295,Wichita Falls,TX,79000,2021,104683,2021,False,181641000,141915000,141915000,141915000,0,0,27070000,27070000,0,18365000,18365000,0,0,0,1700000,6131000,134084000,I,I,1.0,70,True,19.07,14.9,19.07,20.19,12.94,10.11,12.94,13.7,32.02,25.01,32.02,33.89
135298,482491135298,Round Rock,TX,63500,2021,133372,2021,False,209822000,178238000,177366000,178238000,0,0,29969000,28720000,1249000,19046000,17455000,1591000,196000,0,0,757000,177481000,I,I,1.0,70,True,16.81,14.28,16.81,16.89,10.69,9.08,10.69,10.73,27.5,23.36,27.5,27.62
136056,512650136056,Hampton,VA,35000,2021,134510,2021,False,630416000,625718000,620115000,371894000,253824000,46772000,29394000,28341000,1053000,21312000,21262000,50000,0,0,0,9891000,315231000,R,R,0.0,99,True,4.7,4.66,7.9,9.32,3.41,3.38,5.73,6.76,8.1,8.04,13.63,16.09
136057,512710136057,Norfolk,VA,57000,2021,242742,2021,False,1372407000,1296159000,1287161000,907231000,388928000,80027000,91145000,91145000,0,40679000,40679000,0,0,0,89979000,37218000,700007000,S,S,0.002,91,True,7.03,6.64,10.05,13.02,3.14,2.96,4.48,5.81,10.17,9.61,14.53,18.83
136110,532033136110,Renton,WA,57745,2021,101751,2021,False,211108000,197743000,196123000,197743000,0,34236000,31673000,31673000,0,166000,166000,0,0,0,1682000,558000,161267000,R,R,0.0,73,True,16.02,15.0,16.02,19.64,0.08,0.08,0.08,0.1,16.1,15.08,16.1,19.74
136562,552079136562,Milwaukee,WI,53000,2021,590157,2021,False,1397834000,1313689000,1313689000,1313689000,0,9763000,303966000,298319000,5647000,134167000,130728000,3439000,0,0,4216000,34889000,1264821000,R,R,0.0,71,True,23.14,21.75,23.14,24.03,10.21,9.6,10.21,10.61,33.35,31.34,33.35,34.64
137232,062037137232,Santa Clarita,CA,69088,2021,212979,2021,False,288181000,254621000,254621000,254621000,0,0,29086000,28868000,218000,5655000,5655000,0,0,0,0,581000,254040000,R,R,0.0,53,True,11.42,10.09,11.42,11.45,2.22,1.96,2.22,2.23,13.64,12.06,13.64,13.68
160683,012097160683,Mobile,AL,50000,2021,188720,2021,False,473552000,404228000,404218000,404228000,0,10363000,61030000,61030000,0,34183000,34183000,0,0,0,0,7837000,386028000,R,R,0.0,71,True,15.1,12.89,15.1,15.81,8.46,7.22,8.46,8.86,23.55,20.11,23.55,24.66
160723,012125160723,Tuscaloosa,AL,77256,2021,101129,2021,False,214599000,180177000,174050000,180177000,0,579000,36360000,33114000,3246000,25946000,25946000,0,0,0,2347000,197000,177054000,R,R,0.0,68,True,20.18,16.94,20.18,20.54,14.4,12.09,14.4,14.65,34.58,29.03,34.58,35.19
160830,042013160830,Buckeye,AZ,07940,2021,79620,2021,False,115971000,81264000,80666000,81264000,0,434000,20254000,19892000,362000,16099000,15891000,208000,0,0,767000,0,80063000,I,I,1.0,58,True,24.92,17.46,24.92,25.3,19.81,13.88,19.81,20.11,44.73,31.35,44.73,45.41
160831,042013160831,Gilbert,AZ,27400,2021,254114,2021,False,494266000,407098000,400312000,407098000,0,969000,71037000,70691000,346000,39097000,37246000,1851000,794000,0,0,0,406129000,R,R,0.046,72,True,17.45,14.37,17.45,17.49,9.6,7.91,9.6,9.63,27.05,22.28,27.05,27.12
160832,042013160832,Peoria,AZ,54050,2021,175961,2021,False,339436000,285374000,285374000,285374000,0,0,56415000,56415000,0,36208000,36208000,0,0,0,0,0,285374000,I,I,1.0,47,True,19.77,16.62,19.77,19.77,12.69,10.67,12.69,12.69,32.46,27.29,32.46,32.46
160833,042013160833,Tempe,AZ,73000,2021,195805,2021,False,507295000,403174000,403174000,403174000,0,0,113652000,109775000,3877000,43846000,41561000,2285000,0,0,0,0,403174000,I,I,1.0,56,True,28.19,22.4,28.19,28.19,10.88,8.64,10.88,10.88,39.06,31.05,39.06,39.06
160840,042019160840,Tucson,AZ,77000,2021,548073,2021,False,1128359000,796953000,796555000,796953000,0,0,243273000,241323000,1950000,114908000,114858000,50000,0,0,31279000,0,765674000,I,I,1.0,70,True,30.53,21.56,30.53,31.77,14.42,10.18,14.42,15.01,44.94,31.74,44.94,46.78
161123,062001161123,Hayward,CA,33000,2021,159203,2021,False,340461000,288066000,288066000,288066000,0,0,79112000,77364000,1748000,68440000,49853000,18587000,0,0,2916000,1992000,283158000,R,R,0.0,68,True,27.46,23.24,27.46,27.94,23.76,20.1,23.76,24.17,51.22,43.34,51.22,52.11
161135,062013161135,Richmond,CA,60620,2021,110567,2021,False,252876000,252873000,252873000,252873000,0,0,66006000,65875000,131000,32751000,32751000,0,0,0,2388000,0,250485000,R,R,0.0,58,True,26.1,26.1,26.1,26.35,12.95,12.95,12.95,13.08,39.05,39.05,39.05,39.43
161170,062037161170,Glendale,CA,30000,2021,199303,2021,False,679167000,468454000,468454000,468454000,0,0,94710000,92802000,1908000,58796000,58796000,0,0,0,0,7018000,461436000,R,R,0.0,62,True,20.22,13.95,20.22,20.53,12.55,8.66,12.55,12.74,32.77,22.6,32.77,33.27
161173,062037161173,Long Beach,CA,43000,2021,462628,2021,False,1990202000,1736627000,1736627000,1736627000,0,0,277697000,276684000,1013000,99047000,99047000,0,0,0,165094000,127695000,1443838000,R,R,0.0,72,True,15.99,13.95,15.99,19.23,5.7,4.98,5.7,6.86,21.69,18.93,21.69,26.09
161174,062037161174,Los Angeles,CA,44000,2021,3979576,2021,False,19858612000,14201659000,14201659000,14201659000,0,10897000,2605395000,2529403000,75992000,662692000,645573000,17119000,0,0,3629003000,459426000,10102333000,R,R,0.0,107,True,18.35,13.12,18.35,25.79,4.67,3.34,4.67,6.56,23.01,16.46,23.01,32.35
161179,062037161179,Pomona,CA,58072,2021,151691,2021,False,424348000,391357000,391357000,391357000,0,0,196243000,195901000,342000,30652000,30652000,0,0,0,0,1603000,389754000,R,R,0.0,56,True,50.14,46.25,50.14,50.35,7.83,7.22,7.83,7.86,57.98,53.47,57.98,58.21
161218,062059161218,Fullerton,CA,28000,2021,138632,2021,False,214235000,183084000,183084000,183084000,0,246000,49166000,48785000,381000,24195000,24185000,10000,0,0,1588000,175000,181075000,R,R,0.0,112,True,26.85,22.95,26.85,27.15,13.22,11.29,13.22,13.36,40.07,34.24,40.07,40.51
161220,062059161220,Orange,CA,53980,2021,138669,2021,False,228455000,195708000,195708000,195708000,0,0,58897000,51594000,7303000,26466000,25226000,1240000,0,0,0,13117000,182591000,R,R,0.0,63,True,30.09,25.78,30.09,32.26,13.52,11.58,13.52,14.49,43.62,37.37,43.62,46.75
161229,062059161229,Irvine,CA,36770,2021,287401,2021,False,352056000,348520000,348520000,348520000,0,0,92491000,91315000,1176000,0,0,0,0,0,0,6266000,342254000,R,-,0.0,56,True,26.54,26.27,26.54,27.02,0.0,0.0,0.0,0.0,26.54,26.27,26.54,27.02
161238,062065161238,Moreno Valley,CA,49270,2021,213055,2021,False,283517000,255762000,255762000,255762000,0,0,47465000,45411000,2054000,20676000,19366000,1310000,0,0,0,5967000,249795000,R,R,0.0,58,True,18.56,16.74,18.56,19.0,8.08,7.29,8.08,8.28,26.64,24.03,26.64,27.28
161241,062067161241,Sacramento,CA,64000,2021,513624,2021,False,1848348000,1735229000,1735229000,1735229000,0,4147000,229213000,211124000,18089000,157264000,145352000,11912000,0,0,1000000,26882000,1703200000,R,R,0.0,82,True,13.21,12.4,13.21,13.46,9.06,8.51,9.06,9.23,22.27,20.91,22.27,22.69
161245,062071161245,Fontana,CA,24680,2021,214547,2021,False,295608000,295608000,295608000,295608000,0,0,97127000,97127000,0,36241000,36241000,0,0,0,0,217000,295391000,R,R,0.0,45,True,32.86,32.86,32.86,32.88,12.26,12.26,12.26,12.27,45.12,45.12,45.12,45.15
161246,062071161246,Ontario,CA,53896,2021,185010,2021,False,638959000,584133000,584133000,584133000,0,0,102216000,102216000,0,76152000,76152000,0,0,0,0,1742000,582391000,R,R,0.0,47,True,17.5,16.0,17.5,17.55,13.04,11.92,13.04,13.08,30.54,27.92,30.54,30.63
161251,062071161251,Rancho Cucamonga,CA,59451,2021,177603,2021,False,273566000,263766000,263766000,263766000,0,0,54907000,43507000,11400000,92583000,85257000,7326000,0,0,0,5853000,257913000,R,R,0.012,50,True,20.82,20.07,20.82,21.29,35.1,33.84,35.1,35.9,55.92,53.91,55.92,57.19
161252,062071161252,Victorville,CA,82590,2021,122385,2021,False,248204000,198015000,198015000,198015000,0,0,30199000,29105000,1094000,13061000,13061000,0,0,0,30453000,3697000,163865000,R,R,0.0,61,True,15.25,12.17,15.25,18.43,6.6,5.26,6.6,7.97,21.85,17.43,21.85,26.4
161254,062073161254,Carlsbad,CA,11194,2021,115382,2021,False,307160000,236684000,236684000,236684000,0,0,49350000,48934000,416000,7471000,7074000,397000,0,0,0,21971000,214713000,R,R,0.0,68,True,20.85,16.07,20.85,22.98,3.16,2.43,3.16,3.48,24.01,18.5,24.01,26.46
161256,062073161256,Oceanside,CA,53322,2021,175742,2021,False,371181000,308287000,308287000,308287000,0,0,65136000,63838000,1298000,31320000,31320000,0,0,0,8404000,3461000,296422000,R,R,0.0,64,True,21.13,17.55,21.13,21.97,10.16,8.44,10.16,10.57,31.29,25.99,31.29,32.54
161258,062075161258,San Francisco And County,CA,67000,2021,881549,2021,False,15372178000,12936800000,12935186000,12936800000,0,1840410000,635964000,635064000,900000,365831000,365831000,0,0,0,1423954000,2547790000,7124646000,R,R,0.0,102,True,4.92,4.14,4.92,8.93,2.83,2.38,2.83,5.13,7.74,6.52,7.74,14.06
161280,062085161280,Santa Clara,CA,69084,2021,130365,2021,False,936493000,471220000,471220000,471220000,0,0,75491000,74923000,568000,58555000,58353000,202000,0,0,0,2749000,468471000,R,R,0.0,72,True,16.02,8.06,16.02,16.11,12.43,6.25,12.43,12.5,28.45,14.31,28.45,28.61
161281,062085161281,Sunnyvale,CA,77000,2021,152703,2021,False,553891000,505802000,505802000,505802000,0,0,72063000,70358000,1705000,38576000,38487000,89000,0,0,0,1046000,504756000,R,R,0.0,70,True,14.25,13.01,14.25,14.28,7.63,6.96,7.63,7.64,21.87,19.97,21.87,21.92
161286,062095161286,Vacaville,CA,81554,2021,100670,2021,False,233537000,208296000,208296000,208296000,0,0,42408000,42394000,14000,16790000,16790000,0,0,0,0,15329000,192967000,R,R,0.0,48,True,20.36,18.16,20.36,21.98,8.06,7.19,8.06,8.7,28.42,25.35,28.42,30.68
161287,062097161287,Santa Rosa,CA,70098,2021,176753,2021,False,348917000,289124000,289124000,289124000,0,0,68587000,68528000,59000,48485000,48485000,0,0,0,0,4582000,284542000,R,R,0.0,60,True,23.72,19.66,23.72,24.1,16.77,13.9,16.77,17.04,40.49,33.55,40.49,41.14
161299,062111161299,Oxnard,CA,54652,2021,208881,2021,False,424111000,369100000,369100000,369100000,0,0,78529000,77038000,1491000,36736000,36736000,0,0,0,0,13138000,355962000,R,R,0.0,52,True,21.28,18.52,21.28,22.06,9.95,8.66,9.95,10.32,31.23,27.18,31.23,32.38
161302,062111161302,Simi Valley,CA,72016,2021,125613,2021,False,171030000,110452000,110452000,110452000,0,0,36931000,36419000,512000,0,0,0,0,0,0,1649000,108803000,R,-,0.0,52,True,33.44,21.59,33.44,33.94,0.0,0.0,0.0,0.0,33.44,21.59,33.44,33.94
161328,082001161328,Thornton,CO,77290,2021,141464,2021,False,351937000,249108000,247135000,249108000,0,0,43614000,40871000,2743000,34465000,21453000,13012000,0,0,0,0,249108000,R,R,0.0,73,True,17.51,12.39,17.51,17.51,13.84,9.79,13.84,13.84,31.34,22.19,31.34,31.34
161337,082013161337,Boulder,CO,07850,2021,105673,2021,False,297909000,276410000,276410000,276410000,0,0,39262000,39262000,0,23384000,22566000,818000,0,0,1066000,0,275344000,I,I,1.0,64,True,14.2,13.18,14.2,14.26,8.46,7.85,8.46,8.49,22.66,21.03,22.66,22.75
161362,082041161362,Colorado Springs,CO,16000,2021,478221,2021,False,1433784000,724627000,724627000,724627000,0,0,116049000,115756000,293000,59257000,57090000,2167000,0,0,37103000,0,687524000,R,R,0.0,78,True,16.01,8.09,16.01,16.88,8.18,4.13,8.18,8.62,24.19,12.23,24.19,25.5
161376,082059161376,Lakewood,CO,43000,2021,157935,2021,False,207612000,206613000,206235000,206613000,0,945000,62114000,61049000,1065000,0,0,0,0,0,0,0,205668000,I,-,1.0,60,True,30.06,29.92,30.06,30.2,0.0,0.0,0.0,0.0,30.06,29.92,30.06,30.2
161441,092110161441,Hartford,CT,37000,2021,122105,2021,False,890888000,890888000,831177000,410667000,480221000,418000,55646000,55646000,0,0,0,0,0,0,0,12942000,397307000,R,-,0.0,48,True,6.25,6.25,13.55,14.01,0.0,0.0,0.0,0.0,6.25,6.25,13.55,14.01
161447,092170161447,New Haven,CT,52000,2021,130250,2021,False,849173000,849173000,835432000,473014000,376159000,0,40418000,40418000,0,33848000,33848000,0,0,0,302000,3419000,469293000,R,R,0.0,57,True,4.76,4.76,8.54,8.61,3.99,3.99,7.16,7.21,8.75,8.75,15.7,15.83
161572,122001161572,Gainesville,FL,25175,2021,133997,2021,False,705216000,296774000,296774000,296774000,0,2316000,43078000,43048000,30000,24675000,23488000,1187000,0,0,387000,4072000,289999000,R,R,0.066,78,True,14.52,6.11,14.52,14.85,8.31,3.5,8.31,8.51,22.83,9.61,22.83,23.36
161585,122011161585,Fort Lauderdale,FL,24000,2021,182437,2021,False,681803000,482498000,482498000,482498000,0,0,119969000,118976000,993000,91956000,88171000,3785000,0,0,12308000,0,470190000,R,R,0.0,67,True,24.86,17.6,24.86,25.52,19.06,13.49,19.06,19.56,43.92,31.08,43.92,45.07
161586,122011161586,Hollywood,FL,32000,2021,154817,2021,False,409644000,358138000,358138000,358138000,0,0,93837000,93400000,437000,14059000,10254000,3805000,0,0,0,50019000,308119000,R,R,0.0,59,True,26.2,22.91,26.2,30.45,3.93,3.43,3.93,4.56,30.13,26.34,30.13,35.02
161588,122011161588,Pompano Beach,FL,58050,2021,112118,2021,False,305483000,279383000,279383000,279383000,0,0,49598000,49491000,107000,31365000,27302000,4063000,0,0,3068000,18219000,258096000,R,R,0.0,68,True,17.75,16.24,17.75,19.22,11.23,10.27,11.23,12.15,28.98,26.5,28.98,31.37
161593,122011161593,Pembroke Pines,FL,55775,2021,173591,2021,False,366859000,357347000,357347000,357347000,0,1684000,65109000,63406000,1703000,53335000,53335000,0,0,0,0,0,355663000,R,R,0.0,62,True,18.22,17.75,18.22,18.31,14.93,14.54,14.93,15.0,33.15,32.29,33.15,33.3
161594,122011161594,Davie,FL,16475,2021,106306,2021,False,180055000,156086000,156086000,156086000,0,0,49516000,48431000,1085000,25106000,22283000,2823000,0,0,0,24799000,131287000,R,R,0.0,57,True,31.72,27.5,31.72,37.72,16.08,13.94,16.08,19.12,47.81,41.44,47.81,56.84
161595,122011161595,Coral Springs,FL,14400,2021,133759,2021,False,199774000,188714000,188714000,173949000,14765000,0,58144000,55344000,2800000,26074000,24953000,1121000,0,0,0,12963000,160986000,R,R,0.0,66,True,30.81,29.1,33.43,36.12,13.82,13.05,14.99,16.2,44.63,42.16,48.42,52.31
161604,122086161604,Hialeah,FL,30000,2021,233339,2021,False,308158000,279107000,279107000,271573000,7534000,3017000,61159000,60000000,1159000,48389000,47655000,734000,0,0,0,4517000,264039000,R,R,0.0,76,True,21.91,19.85,22.52,23.16,17.34,15.7,17.82,18.33,39.25,35.55,40.34,41.49
161633,122057161633,Tampa,FL,71000,2021,399700,2021,False,1286233000,1127308000,1127308000,1127308000,0,0,166593000,164195000,2398000,93293000,92675000,618000,0,0,0,0,1127308000,R,R,0.0,73,True,14.78,12.95,14.78,14.78,8.28,7.25,8.28,8.28,23.05,20.21,23.05,23.05
161649,122071161649,Cape Coral,FL,10275,2021,194495,2021,False,381033000,266755000,266755000,238964000,27791000,0,45302000,43487000,1815000,40531000,33599000,6932000,0,0,0,0,238964000,R,R,0.0,59,True,16.98,11.89,18.96,18.96,15.19,10.64,16.96,16.96,32.18,22.53,35.92,35.92
161650,122073161650,Tallahassee,FL,70600,2021,194500,2021,False,860679000,482084000,482084000,482084000,0,0,65341000,64452000,889000,50643000,50178000,465000,0,0,26168000,0,455916000,R,R,0.0,85,True,13.55,7.59,13.55,14.33,10.51,5.88,10.51,11.11,24.06,13.48,24.06,25.44
161665,122095161665,Orlando,FL,53000,2021,287442,2021,False,965654000,965654000,965654000,965654000,0,0,185296000,183831000,1465000,122779000,122203000,576000,0,0,0,0,965654000,R,R,0.0,61,True,19.19,19.19,19.19,19.19,12.71,12.71,12.71,12.71,31.9,31.9,31.9,31.9
161679,122099161679,West Palm Beach,FL,76600,2021,111955,2021,False,430353000,422406000,422406000,422406000,0,0,62034000,61240000,794000,50064000,49077000,987000,0,0,0,11000,422395000,R,R,0.0,65,True,14.69,14.41,14.69,14.69,11.85,11.63,11.85,11.85,26.54,26.05,26.54,26.54
161693,122103161693,St Petersburg,FL,63000,2021,265351,2021,False,610301000,519926000,519926000,519926000,0,0,115871000,115452000,419000,36438000,36376000,62000,0,0,1819000,15416000,502691000,R,R,0.0,73,True,22.29,18.99,22.29,23.05,7.01,5.97,7.01,7.25,29.29,24.96,29.29,30.3
161710,122111161710,Port St Lucie,FL,58715,2021,201846,2021,False,311707000,268481000,268481000,268481000,0,0,48767000,46986000,1781000,0,0,0,0,0,0,19628000,248853000,R,-,0.0,61,True,18.16,15.65,18.16,19.6,0.0,0.0,0.0,0.0,18.16,15.65,18.16,19.6
161834,132059161834,Athens-Clarke County Unified Government,GA,03436,2021,123912,2021,False,297615000,276488000,275212000,276488000,0,38738000,28520000,27809000,711000,15224000,14832000,392000,0,0,2337000,2321000,233092000,R,R,0.0,83,True,10.32,9.58,10.32,12.24,5.51,5.12,5.51,6.53,15.82,14.7,15.82,18.77
161944,132215161944,Columbus Consolidated Government,GA,19000,2021,195769,2021,False,396496000,367200000,347361000,367200000,0,44336000,57081000,53533000,3548000,31819000,29198000,2621000,0,0,19754000,18258000,284852000,R,R,0.0,94,True,15.54,14.4,15.54,20.04,8.67,8.03,8.67,11.17,24.21,22.42,24.21,31.21
162035,162001162035,Boise,ID,08830,2021,228959,2021,False,425583000,416693000,416693000,416693000,0,0,59511000,56430000,3081000,51865000,51208000,657000,0,0,48514000,1853000,366326000,R,R,0.0,71,True,14.28,13.98,14.28,16.25,12.45,12.19,12.45,14.16,26.73,26.17,26.73,30.4
162037,162001162037,Meridian,ID,52120,2021,114161,2021,False,98633000,87520000,87520000,87520000,0,0,23033000,21669000,1364000,15671000,12971000,2700000,0,0,0,0,87520000,R,R,0.0,40,True,26.32,23.35,26.32,26.32,17.91,15.89,17.91,17.91,44.22,39.24,44.22,44.22
162062,162027162062,Nampa,ID,56260,2021,99277,2021,False,127844000,119801000,119801000,119801000,0,0,23062000,23062000,0,13955000,13955000,0,0,0,542000,0,119259000,I,I,1.0,53,True,19.25,18.04,19.25,19.34,11.65,10.92,11.65,11.7,30.9,28.95,30.9,31.04
162236,172031162236,Chicago,IL,14000,2021,2693976,2021,False,9552067000,9041949000,9041949000,9041949000,0,395380000,1748860000,1726801000,22059000,637373000,635421000,1952000,0,0,1662450000,172812000,6811307000,R,R,0.0,98,True,19.34,18.31,19.34,25.68,7.05,6.67,7.05,9.36,26.39,24.98,26.39,35.03
162299,172043162299,Naperville,IL,51622,2021,148449,2021,False,377536000,176428000,176428000,176428000,0,0,43212000,43212000,0,38572000,38572000,0,0,0,0,0,176428000,R,R,0.0,36,True,24.49,11.45,24.49,24.49,21.86,10.22,21.86,21.86,46.36,21.66,46.36,46.36
162629,172167162629,Springfield,IL,72000,2021,114230,2021,False,511540000,222919000,221958000,222919000,0,0,48907000,47906000,1001000,41969000,41891000,78000,0,0,0,0,222919000,R,R,0.0,63,True,21.94,9.56,21.94,21.94,18.83,8.2,18.83,18.83,40.77,17.77,40.77,40.77
162690,172197162690,Joliet,IL,38570,2021,147344,2021,False,301321000,226460000,226460000,226460000,0,0,44644000,43677000,967000,27792000,27792000,0,0,0,0,0,226460000,R,R,0.022,51,True,19.71,14.82,19.71,19.71,12.27,9.22,12.27,12.27,31.99,24.04,31.99,31.99
163465,182003163465,Fort Wayne,IN,25000,2021,270402,2021,False,395683000,381512000,381512000,381512000,0,0,62127000,58525000,3602000,40649000,39098000,1551000,0,0,0,3603000,377909000,R,R,0.053,68,True,16.28,15.7,16.28,16.44,10.65,10.27,10.65,10.76,26.94,25.97,26.94,27.2
163681,182163163681,Evansville,IN,22000,2021,117979,2021,False,269659000,204955000,204955000,204955000,0,0,31532000,29356000,2176000,29014000,28667000,347000,0,0,17837000,916000,186202000,R,R,0.002,69,True,15.38,11.69,15.38,16.93,14.16,10.76,14.16,15.58,29.54,22.45,29.54,32.52
164470,192113164470,Cedar Rapids,IA,12000,2021,133562,2021,False,493967000,449702000,449702000,449702000,0,0,48133000,48133000,0,21996000,21996000,0,0,0,33677000,1361000,414664000,R,R,0.0,71,True,10.7,9.74,10.7,11.61,4.89,4.45,4.89,5.3,15.59,14.2,15.59,16.91
164885,202177164885,Topeka,KS,71000,2021,125310,2021,False,217215000,161869000,161869000,161869000,0,0,39312000,38712000,600000,27651000,27549000,102000,0,0,0,0,161869000,R,R,0.0,66,True,24.29,18.1,24.29,24.29,17.08,12.73,17.08,17.08,41.37,30.83,41.37,41.37
164911,202209164911,Wyandotte County And Kansas Unified Government,KS,36000,2021,152960,2021,False,787998000,468199000,468199000,468199000,0,32890000,59211000,56253000,2958000,62994000,60751000,2243000,0,0,0,23493000,411816000,I,I,0.639,80,True,12.65,7.51,12.65,14.38,13.45,7.99,13.45,15.3,26.1,15.51,26.1,29.67
165831,212067165831,Lexington-Fayette Urban County Government,KY,46027,2021,323152,2021,False,520362000,494561000,494561000,494561000,0,42634000,52447000,48120000,4327000,58373000,53949000,4424000,0,0,15243000,6296000,430388000,I,I,1.0,92,True,10.6,10.08,10.6,12.19,11.8,11.22,11.8,13.56,22.41,21.3,22.41,25.75
165866,212111165866,Louisville-Jefferson County Metro Government,KY,48003,2021,766757,2021,False,2399113000,1900709000,1830877000,1839230000,61479000,48393000,187281000,183978000,3303000,76793000,75116000,1677000,0,0,107922000,114450000,1568465000,R,R,0.0,108,True,9.85,7.81,10.18,11.94,4.04,3.2,4.18,4.9,13.89,11.01,14.36,16.84
166054,222033166054,Baton Rouge-East Baton Rouge-Parish,LA,05000,2021,220236,2021,False,808370000,742405000,742299000,742405000,0,18235000,121005000,121005000,0,73089000,73089000,0,0,0,13215000,64478000,646477000,I,I,1.0,59,True,16.3,14.97,16.3,18.72,9.84,9.04,9.84,11.31,26.14,24.01,26.14,30.02
166076,222055166076,Lafayette-Parish,LA,40735,2021,126185,2021,False,662695000,424544000,424449000,424544000,0,7281000,107786000,104217000,3569000,31489000,29061000,2428000,0,0,7312000,15851000,394100000,R,R,0.0,108,True,25.39,16.26,25.39,27.35,7.42,4.75,7.42,7.99,32.81,21.02,32.81,35.34
166094,222071166094,New Orleans,LA,55000,2021,390144,2021,False,2020148000,1836906000,1836906000,1836906000,0,66607000,170006000,170006000,0,118938000,118938000,0,0,0,103672000,35515000,1631112000,S,S,0.0,68,True,9.26,8.42,9.26,10.42,6.47,5.89,6.47,7.29,15.73,14.3,15.73,17.71
166441,252005166441,New Bedford,MA,45000,2021,95363,2021,False,435375000,424944000,416903000,172564000,252380000,2205000,25139000,24586000,553000,19991000,19333000,658000,0,0,503000,3299000,166557000,R,R,0.0,78,True,5.92,5.77,14.57,15.09,4.7,4.59,11.58,12.0,10.62,10.37,26.15,27.1
166448,252017166448,Cambridge,MA,11000,2021,118927,2021,False,1365224000,1339272000,1337444000,1070856000,268416000,672294000,43098000,42897000,201000,32520000,32379000,141000,0,0,0,69000,398493000,R,R,0.0,80,True,3.22,3.16,4.02,10.82,2.43,2.38,3.04,8.16,5.65,5.54,7.06,18.98
166449,252017166449,Lowell,MA,37000,2021,110997,2021,False,527256000,518981000,508343000,213682000,305299000,654000,28706000,28101000,605000,20320000,20198000,122000,0,0,0,2937000,210091000,R,R,0.0,78,True,5.53,5.44,13.43,13.66,3.92,3.85,9.51,9.67,9.45,9.3,22.94,23.34
166454,252021166454,Quincy,MA,55745,2021,94470,2021,False,567523000,539607000,534644000,343108000,196499000,1168000,30510000,30510000,0,26662000,26662000,0,0,0,0,1375000,340565000,R,R,0.0,69,True,5.65,5.38,8.89,8.96,4.94,4.7,7.77,7.83,10.6,10.07,16.66,16.79
166455,252023166455,Brockton,MA,09000,2021,95708,2021,False,468140000,448669000,442439000,157253000,291416000,868000,25266000,25086000,180000,26143000,25369000,774000,0,0,0,1078000,155307000,R,R,0.0,70,True,5.63,5.4,16.07,16.27,5.83,5.58,16.62,16.83,11.46,10.98,32.69,33.1
166690,262065166690,Lansing,MI,46000,2021,118210,2021,False,1109652000,318808000,318789000,318808000,0,0,42452000,41661000,791000,33423000,32834000,589000,0,0,0,0,318808000,R,R,0.0,74,True,13.32,3.83,13.32,13.32,10.48,3.01,10.48,10.48,23.8,6.84,23.8,23.8
166734,262099166734,Sterling Heights,MI,76460,2021,132438,2021,False,211237000,181273000,178989000,181273000,0,0,35065000,34384000,681000,23163000,22851000,312000,0,0,0,420000,180853000,R,R,0.0,53,True,19.34,16.6,19.34,19.39,12.78,10.97,12.78,12.81,32.12,27.57,32.12,32.2
166817,262163166817,Detroit,MI,22000,2021,670031,2021,False,2288592000,1958429000,1958429000,1958429000,0,0,301421000,301421000,0,112586000,112586000,0,0,0,3571000,130414000,1824444000,R,R,0.0,72,True,15.39,13.17,15.39,16.52,5.75,4.92,5.75,6.17,21.14,18.09,21.14,22.69
167574,272109167574,Rochester,MN,54880,2021,118935,2021,False,464631000,309289000,309289000,309289000,0,0,29494000,29494000,0,19021000,19021000,0,0,0,4215000,372000,304702000,R,R,0.0,63,True,9.54,6.35,9.54,9.68,6.15,4.09,6.15,6.24,15.69,10.44,15.69,15.92
167605,272123167605,St Paul,MN,58000,2021,308096,2021,False,885746000,815823000,815823000,815823000,0,0,140258000,138136000,2122000,70138000,68343000,1795000,0,0,17867000,1816000,796140000,R,R,0.0,73,True,17.19,15.84,17.19,17.62,8.6,7.92,8.6,8.81,25.79,23.75,25.79,26.43
168809,292019168809,Columbia,MO,15670,2021,123195,2021,False,371448000,210658000,210658000,210658000,0,0,19846000,19664000,182000,15125000,13453000,1672000,0,0,11901000,6629000,192128000,R,R,0.0,93,True,9.42,5.34,9.42,10.33,7.18,4.07,7.18,7.87,16.6,9.41,16.6,18.2
168896,292077168896,Springfield,MO,70000,2021,167882,2021,False,731367000,318152000,318152000,318152000,0,3778000,71566000,70145000,1421000,26142000,25496000,646000,0,0,18095000,9971000,286308000,I,I,0.652,76,True,22.49,9.79,22.49,25.0,8.22,3.57,8.22,9.13,30.71,13.36,30.71,34.13
168926,292095168926,Lees Summit,MO,41348,2021,99357,2021,False,172109000,155204000,155204000,155204000,0,0,22228000,22228000,0,20941000,20941000,0,0,0,2830000,0,152374000,I,I,1.0,48,True,14.32,12.92,14.32,14.59,13.49,12.17,13.49,13.74,27.81,25.08,27.81,28.33
169159,292510169159,St Louis,MO,65000,2021,300576,2021,False,1182691000,1095276000,1095276000,1095276000,0,48207000,202215000,202215000,0,80030000,80030000,0,0,0,157495000,105923000,783651000,R,R,0.0,62,True,18.46,17.1,18.46,25.8,7.31,6.77,7.31,10.21,25.77,23.86,25.77,36.02
169646,312109169646,Lincoln,NE,28000,2021,289102,2021,False,550280000,421801000,421801000,421801000,0,13221000,53835000,52901000,934000,34419000,33822000,597000,0,0,0,25756000,382824000,R,R,0.0,74,True,12.76,9.78,12.76,14.06,8.16,6.25,8.16,8.99,20.92,16.04,20.92,23.05
169987,322003169987,Henderson,NV,31900,2021,320189,2021,False,611946000,512961000,512961000,512961000,0,25417000,98859000,96642000,2217000,68758000,67486000,1272000,0,0,0,0,487544000,R,R,0.0,69,True,19.27,16.15,19.27,20.28,13.4,11.24,13.4,14.1,32.68,27.39,32.68,34.38
169988,322003169988,Las Vegas,NV,40000,2021,651319,2021,False,1066773000,1066773000,892046000,1066773000,0,61607000,17201000,17029000,172000,149356000,142565000,6791000,146553000,0,0,14990000,990176000,R,R,0.0,77,True,1.61,1.61,1.61,1.74,14.0,14.0,14.0,15.08,15.61,15.61,15.61,16.82
169993,322031169993,Reno,NV,60600,2021,255601,2021,False,430054000,430054000,430054000,430054000,0,0,84510000,84231000,279000,62754000,59045000,3709000,0,0,0,0,430054000,R,R,0.0,71,True,19.65,19.65,19.65,19.65,14.59,14.59,14.59,14.59,34.24,34.24,34.24,34.24
170001,332011170001,Manchester,NH,45140,2021,112673,2021,False,476447000,437350000,434427000,249601000,187749000,1997000,28832000,28832000,0,21564000,21564000,0,0,0,28416000,4572000,214616000,R,R,0.0,65,True,6.59,6.05,11.55,13.43,4.93,4.53,8.64,10.05,11.52,10.58,20.19,23.48
170378,352001170378,Albuquerque,NM,02000,2021,560513,2021,False,1358634000,1163559000,1163161000,1163559000,0,67362000,190827000,185157000,5670000,67867000,67867000,0,0,0,56754000,36905000,1002538000,R,R,0.0,90,True,16.4,14.05,16.4,19.03,5.83,5.0,5.83,6.77,22.23,19.04,22.23,25.8
170404,352043170404,Rio Rancho,NM,63460,2021,99178,2021,False,129601000,95024000,95024000,95024000,0,415000,19946000,19446000,500000,13653000,13555000,98000,0,0,0,0,94609000,R,R,0.0,73,True,20.99,15.39,20.99,21.08,14.37,10.53,14.37,14.43,35.36,25.92,35.36,35.51
170440,362001170440,Albany,NY,01000,2021,96460,2021,False,201601000,201601000,201561000,201601000,0,0,60561000,55458000,5103000,38836000,36919000,1917000,0,0,0,536000,201065000,R,R,0.0,60,True,30.04,30.04,30.04,30.12,19.26,19.26,19.26,19.32,49.3,49.3,49.3,49.44
170582,362067170582,Syracuse,NY,73000,2021,142327,2021,False,857254000,848434000,847290000,316970000,531464000,0,52381000,50711000,1670000,38310000,34144000,4166000,0,0,11644000,114000,305212000,R,R,0.0,71,True,6.17,6.11,16.53,17.16,4.52,4.47,12.09,12.55,10.69,10.58,28.61,29.71
171207,372081171207,Greensboro,NC,28000,2021,296710,2021,False,622587000,477330000,475537000,477330000,0,0,81665000,81410000,255000,68670000,57611000,11059000,0,0,0,502000,476828000,R,R,0.0,87,True,17.11,13.12,17.11,17.13,14.39,11.03,14.39,14.4,31.49,24.15,31.49,31.53
171248,372129171248,Wilmington,NC,74440,2021,123744,2021,False,182816000,179427000,179427000,179427000,0,659000,37357000,36174000,1183000,19007000,17678000,1329000,0,0,0,0,178768000,R,R,0.0,63,True,20.82,20.43,20.82,20.9,10.59,10.4,10.59,10.63,31.41,30.83,31.41,31.53
171305,372183171305,Raleigh,NC,55000,2021,474069,2021,False,941789000,766231000,765832000,766231000,0,0,126875000,119626000,7249000,70630000,66535000,4095000,131000,0,0,0,766231000,R,R,0.0,78,True,16.56,13.47,16.56,16.56,9.22,7.5,9.22,9.22,25.78,20.97,25.78,25.78
171371,382017171371,Fargo,ND,25700,2021,124662,2021,False,421561000,390342000,389896000,390342000,0,1575000,24435000,23350000,1085000,14760000,14162000,598000,0,0,17599000,20015000,351153000,RS,RS,0.0,97,True,6.26,5.8,6.26,6.96,3.78,3.5,3.78,4.2,10.04,9.3,10.04,11.16
172358,392035172358,Cleveland,OH,16000,2021,381009,2021,False,1365460000,879760000,879760000,879760000,0,2566000,219301000,219301000,0,96001000,96001000,0,0,0,116319000,40405000,720470000,R,R,0.0,68,True,24.93,16.06,24.93,30.44,10.91,7.03,10.91,13.32,35.84,23.09,35.84,43.76
172543,392113172543,Dayton,OH,21000,2021,140407,2021,False,439718000,372290000,370635000,372290000,0,0,56183000,56183000,0,42428000,42428000,0,0,0,56248000,0,316042000,I,I,1.0,52,True,15.09,12.78,15.09,17.78,11.4,9.65,11.4,13.42,26.49,22.43,26.49,31.2
173685,412051173685,Gresham,OR,31250,2021,109381,2021,False,174294000,154108000,150891000,154108000,0,0,30648000,28735000,1913000,23367000,23253000,114000,1794000,1100000,0,0,154108000,R,R,0.0,78,True,19.89,17.58,19.89,19.89,15.16,13.41,15.16,15.16,35.05,30.99,35.05,35.05
174015,422077174015,Allentown,PA,02000,2021,121442,2021,False,169999000,169999000,169999000,169999000,0,0,40192000,40192000,0,21373000,21373000,0,0,0,0,8284000,161715000,R,R,0.0,51,True,23.64,23.64,23.64,24.85,12.57,12.57,12.57,13.22,36.21,36.21,36.21,38.07
174889,452019174889,Charleston,SC,13330,2021,137566,2021,False,396912000,314602000,314602000,314602000,0,1355000,56232000,56232000,0,35629000,35629000,0,0,0,0,0,313247000,I,I,1.0,51,True,17.87,14.17,17.87,17.95,11.33,8.98,11.33,11.37,29.2,23.14,29.2,29.33
174894,452019174894,North Charleston,SC,50875,2021,115382,2021,False,171028000,171028000,171028000,171028000,0,0,37807000,36533000,1274000,25088000,24402000,686000,0,0,0,0,171028000,R,R,0.0,52,True,22.11,22.11,22.11,22.11,14.67,14.67,14.67,14.67,36.77,36.77,36.77,36.77
174959,452079174959,Columbia,SC,16000,2021,131674,2021,False,452024000,318920000,318163000,318920000,0,1496000,48016000,47575000,441000,49362000,47976000,1386000,0,0,0,2734000,314690000,R,R,0.0,79,True,15.06,10.62,15.06,15.26,15.48,10.92,15.48,15.69,30.53,21.54,30.53,30.94
175728,472037175728,Nashville-Davidson County Metropolitan Government,TN,52004,2021,678889,2021,False,5514227000,4012495000,3996050000,2838852000,1173643000,374734000,257196000,230342000,26854000,144204000,138444000,5760000,0,0,0,82095000,2382023000,R,R,0.0,115,True,6.41,4.66,9.06,10.8,3.59,2.62,5.08,6.05,10.0,7.28,14.14,16.85
175780,472093175780,Knoxville,TN,40000,2021,187603,2021,False,1201768000,422856000,422856000,422856000,0,0,59392000,59392000,0,43128000,43128000,0,0,0,0,10000,422846000,I,I,1.0,70,True,14.05,4.94,14.05,14.05,10.2,3.59,10.2,10.2,24.24,8.53,24.24,24.25
175826,472157175826,Memphis,TN,48000,2021,651073,2021,False,2800129000,1282601000,1282601000,1282601000,0,943000,282424000,274320000,8104000,211709000,194886000,16823000,0,0,1362000,130000,1280166000,R,R,0.0,102,True,22.02,10.09,22.02,22.06,16.51,7.56,16.51,16.54,38.53,17.65,38.53,38.6
175981,482027175981,Killeen,TX,39148,2021,151666,2021,False,186745000,155787000,155787000,155787000,0,0,30464000,30464000,0,22504000,22504000,0,0,0,12915000,851000,142021000,I,I,1.0,61,True,19.55,16.31,19.55,21.45,14.45,12.05,14.45,15.85,34.0,28.36,34.0,37.3
175988,482029175988,San Antonio,TX,65000,2021,1547253,2021,False,5696083000,2697203000,2697143000,2606575000,90628000,130701000,434020000,427170000,6850000,317413000,314251000,3162000,0,0,102449000,39798000,2333627000,R,R,0.0,131,True,16.09,7.62,16.65,18.6,11.77,5.57,12.18,13.6,27.86,13.19,28.83,32.2
176022,482061176022,Brownsville,TX,10768,2021,182781,2021,False,360768000,206437000,204642000,206437000,0,1127000,37140000,35077000,2063000,21609000,21609000,0,0,0,38573000,11247000,155490000,R,R,0.0,78,True,17.99,10.29,17.99,23.89,10.47,5.99,10.47,13.9,28.46,16.28,28.46,37.78
176053,482085176053,Plano,TX,58016,2021,287677,2021,False,649071000,545604000,505133000,545604000,0,0,82045000,81280000,765000,67723000,67623000,100000,0,0,0,4280000,541324000,I,I,1.0,64,True,15.04,12.64,15.04,15.16,12.41,10.43,12.41,12.51,27.45,23.07,27.45,27.67
176060,482091176060,New Braunfels,TX,50820,2021,90209,2021,False,355216000,210629000,210629000,210629000,0,0,19656000,19656000,0,20053000,20053000,0,0,0,2575000,1289000,206765000,I,I,1.0,54,True,9.33,5.53,9.33,9.51,9.52,5.65,9.52,9.7,18.85,11.18,18.85,19.2
176079,482113176079,Irving,TX,37000,2021,239798,2021,False,439744000,375687000,375687000,375687000,0,0,70219000,68908000,1311000,58271000,52425000,5846000,0,0,0,0,375687000,R,R,0.0,64,True,18.69,15.97,18.69,18.69,15.51,13.25,15.51,15.51,34.2,29.22,34.2,34.2
176107,482135176107,Odessa,TX,53388,2021,123334,2021,False,168130000,136007000,136007000,136007000,0,0,30110000,29984000,126000,25788000,25787000,1000,0,0,0,0,136007000,I,I,1.0,52,True,22.14,17.91,22.14,22.14,18.96,15.34,18.96,18.96,41.1,33.25,41.1,41.1
176118,482141176118,El Paso,TX,24000,2021,681728,2021,False,1204388000,926756000,926756000,926756000,0,5725000,137751000,134314000,3437000,109679000,105095000,4584000,0,0,49499000,27544000,843988000,R,R,0.0,102,True,14.86,11.44,14.86,16.32,11.83,9.11,11.83,13.0,26.7,20.54,26.7,29.32
176132,482157176132,Sugar Land,TX,70808,2021,118488,2021,False,230710000,199954000,199954000,199954000,0,470000,27931000,27074000,857000,17242000,16535000,707000,0,0,19156000,1224000,179104000,I,I,1.0,57,True,13.97,12.11,13.97,15.59,8.62,7.47,8.62,9.63,22.59,19.58,22.59,25.22
176142,482167176142,League,TX,41980,2021,107536,2021,False,181040000,127423000,125295000,127423000,0,0,23062000,22752000,310000,3572000,3550000,22000,0,0,0,5392000,122031000,R,R,0.0,55,True,18.1,12.74,18.1,18.9,2.8,1.97,2.8,2.93,20.9,14.71,20.9,21.83
176169,482201176169,Houston,TX,35000,2021,2320268,2021,False,5728435000,5147731000,5111105000,5147731000,0,0,824796000,794470000,30326000,417514000,403256000,14258000,0,0,549609000,255660000,4342462000,R,R,0.0,107,True,16.02,14.4,16.02,18.99,8.11,7.29,8.11,9.61,24.13,21.69,24.13,28.61
176286,482309176286,Waco,TX,76000,2021,139236,2021,False,375364000,312945000,306324000,312945000,0,0,48897000,44213000,4684000,27658000,27280000,378000,0,0,4336000,11374000,297235000,I,I,1.0,78,True,15.62,13.03,15.62,16.45,8.84,7.37,8.84,9.31,24.46,20.39,24.46,25.76
176325,482355176325,Corpus Christi,TX,17000,2021,326586,2021,False,632904000,456912000,454568000,456912000,0,1599000,73506000,67535000,5971000,76193000,74023000,2170000,10000,0,20094000,3788000,431431000,R,R,0.0,108,True,16.09,11.61,16.09,17.04,16.68,12.04,16.68,17.66,32.76,23.65,32.76,34.7
176375,482439176375,Fort Worth,TX,27000,2021,909585,2021,False,1806053000,1531443000,1531443000,1531443000,0,0,344854000,331490000,13364000,170760000,170760000,0,0,0,13854000,34670000,1482919000,R,R,0.0,73,True,22.52,19.09,22.52,23.26,11.15,9.45,11.15,11.52,33.67,28.55,33.67,34.77
176386,482441176386,Abilene,TX,01000,2021,123420,2021,False,236494000,176111000,176111000,176111000,0,0,31009000,30643000,366000,24755000,22662000,2093000,0,0,3361000,4778000,167972000,R,R,0.0,84,True,17.61,13.11,17.61,18.46,14.06,10.47,14.06,14.74,31.66,23.58,31.66,33.2
176394,482453176394,Austin,TX,05000,2021,978908,2021,False,4153684000,2414072000,2414072000,2414072000,0,0,421134000,419713000,1421000,203539000,203278000,261000,0,0,172048000,183069000,2058955000,I,I,1.0,90,True,17.44,10.14,17.44,20.45,8.43,4.9,8.43,9.89,25.88,15.04,25.88,30.34
176492,492035176492,Salt Lake,UT,67000,2021,200567,2021,False,1520627000,1414646000,1414400000,1410429000,4217000,102000,80960000,80751000,209000,41226000,40957000,269000,0,0,773264000,58080000,578983000,R,R,0.39,99,True,5.72,5.32,5.74,13.98,2.91,2.71,2.92,7.12,8.64,8.04,8.66,21.1
176495,492035176495,West Valley,UT,83470,2021,135248,2021,False,139111000,139111000,138518000,139111000,0,1816000,28717000,28707000,10000,13083000,13006000,77000,0,0,0,3245000,134050000,R,R,0.0,63,True,20.64,20.64,20.64,21.42,9.4,9.4,9.4,9.76,30.05,30.05,30.05,31.18
176517,492049176517,Provo,UT,62470,2021,116618,2021,False,234021000,170532000,170532000,170532000,0,0,17235000,17235000,0,10197000,10180000,17000,0,0,21773000,0,148759000,R,R,0.0,76,True,10.11,7.36,10.11,11.59,5.98,4.36,5.98,6.85,16.09,11.72,16.09,18.44
176784,512700176784,Newport News,VA,56000,2021,179225,2021,False,1025368000,947054000,937946000,567528000,379526000,73253000,70461000,70461000,0,32322000,32322000,0,0,0,10514000,68906000,414855000,R,R,0.025,89,True,7.44,6.87,12.42,16.98,3.41,3.15,5.7,7.79,10.85,10.02,18.11,24.78
176816,532011176816,Vancouver,WA,74060,2021,184463,2021,False,321212000,268177000,267988000,268177000,0,0,56529000,56529000,0,50143000,45651000,4492000,0,0,544000,779000,266854000,R,R,0.0,72,True,21.08,17.6,21.08,21.18,18.7,15.61,18.7,18.79,39.78,33.21,39.78,39.97
176868,532053176868,Tacoma,WA,70000,2021,217827,2021,False,1162461000,618116000,618116000,618116000,0,0,95392000,95323000,69000,89659000,85835000,3824000,0,0,0,4549000,613567000,R,R,0.0,82,True,15.43,8.21,15.43,15.55,14.51,7.71,14.51,14.61,29.94,15.92,29.94,30.16
176873,532061176873,Everett,WA,22640,2021,111475,2021,False,272457000,204719000,201110000,204719000,0,3178000,39032000,37727000,1305000,24753000,24531000,222000,0,0,0,16030000,185511000,R,R,0.0,77,True,19.07,14.33,19.07,21.04,12.09,9.09,12.09,13.34,31.16,23.41,31.16,34.38
177090,552009177090,Green Bay,WI,31000,2021,104578,2021,False,207575000,169138000,169138000,169138000,0,0,27710000,26435000,1275000,27255000,25175000,2080000,0,0,0,458000,168680000,R,R,0.0,74,True,16.38,13.35,16.38,16.43,16.11,13.13,16.11,16.16,32.5,26.48,32.5,32.59
183701,152003183701,Honolulu And County,HI,17000,2021,998714,2021,False,3685312000,2629285000,2629285000,2629285000,0,9576000,334787000,321931000,12856000,152963000,141053000,11910000,0,0,0,41669000,2578040000,R,R,0.0,101,True,12.73,9.08,12.73,12.99,5.82,4.15,5.82,5.93,18.55,13.23,18.55,18.92
183825,062029183825,Bakersfield,CA,03526,2021,384145,2021,False,538265000,504606000,504606000,504606000,0,0,118736000,113825000,4911000,49372000,49372000,0,0,0,343000,37394000,466869000,R,R,0.0,58,True,23.53,22.06,23.53,25.43,9.78,9.17,9.78,10.58,33.31,31.23,33.31,36.01
183836,062059183836,Anaheim,CA,02000,2021,350365,2021,False,1088107000,782009000,782009000,782009000,0,0,164319000,160902000,3417000,91859000,91859000,0,0,0,0,3121000,778888000,R,R,0.0,58,True,21.01,15.1,21.01,21.1,11.75,8.44,11.75,11.79,32.76,23.54,32.76,32.89
184046,342031184046,Paterson,NJ,57000,2021,145233,2021,False,274056000,274056000,273935000,274056000,0,0,46231000,46231000,0,38386000,38386000,0,0,0,0,11973000,262083000,I,I,1.0,43,True,16.87,16.87,16.87,17.64,14.01,14.01,14.01,14.65,30.88,30.88,30.88,32.29
184196,462099184196,Sioux Falls,SD,59020,2021,183793,2021,False,378563000,326926000,326913000,326926000,0,0,40434000,38654000,1780000,38113000,30093000,8020000,0,0,0,12870000,314056000,R,R,0.0,98,True,12.37,10.68,12.37,12.87,11.66,10.07,11.66,12.14,24.03,20.75,24.03,25.01
184202,492053184202,St George,UT,65330,2021,89587,2021,False,192149000,113032000,113032000,113032000,0,33000,15416000,15134000,282000,6044000,5332000,712000,0,0,2838000,944000,109217000,R,R,0.0,85,True,13.64,8.02,13.64,14.12,5.35,3.15,5.35,5.53,18.99,11.17,18.99,19.65
184222,402143184222,Broken Arrow,OK,09050,2021,110198,2021,False,186242000,155020000,155020000,155020000,0,0,25765000,25212000,553000,22994000,22722000,272000,0,0,0,75000,154945000,S,S,0.039,55,True,16.62,13.83,16.62,16.63,14.83,12.35,14.83,14.84,31.45,26.18,31.45,31.47
184255,532033184255,Seattle,WA,63000,2021,753675,2021,False,4384712000,3002947000,2818239000,2916871000,86076000,125337000,269398000,264968000,4430000,224971000,219629000,5342000,0,0,0,15168000,2776366000,R,R,0.0,107,True,8.97,6.14,9.24,9.7,7.49,5.13,7.71,8.1,16.46,11.27,16.95,17.81
184266,472125184266,Clarksville,TN,15160,2021,158146,2021,False,392552000,143858000,143858000,143858000,0,0,30302000,28429000,1873000,18885000,18543000,342000,0,0,0,0,143858000,I,I,1.0,66,True,21.06,7.72,21.06,21.06,13.13,4.81,13.13,13.13,34.19,12.53,34.19,34.19
184443,062037184443,Burbank,CA,08954,2021,102511,2021,False,508833000,308561000,308561000,308561000,0,0,60808000,58258000,2550000,27138000,27007000,131000,0,0,0,16820000,291741000,R,R,0.0,79,True,19.71,11.95,19.71,20.84,8.8,5.33,8.8,9.3,28.5,17.28,28.5,30.15
184735,122009184735,Palm Bay,FL,54000,2021,115552,2021,False,130491000,121300000,121300000,121300000,0,0,20873000,20805000,68000,15847000,15200000,647000,0,0,0,0,121300000,R,R,0.0,56,True,17.21,16.0,17.21,17.21,13.06,12.14,13.06,13.06,30.27,28.14,30.27,30.27
184767,122105184767,Lakeland,FL,38250,2021,112136,2021,False,709272000,331156000,331134000,331156000,0,0,64589000,63948000,641000,23336000,20621000,2715000,0,0,9592000,0,321564000,R,R,0.0,76,True,19.5,9.11,19.5,20.09,7.05,3.29,7.05,7.26,26.55,12.4,26.55,27.34
185901,262081185901,Grand Rapids,MI,34000,2021,201013,2021,False,528845000,470535000,466888000,470535000,0,1012000,54908000,54908000,0,36771000,36771000,0,0,0,0,1026000,468497000,R,R,0.0,63,True,11.67,10.38,11.67,11.72,7.81,6.95,7.81,7.85,19.48,17.34,19.48,19.57
186236,292095186236,Kansas,MO,38000,2021,495327,2021,False,2445141000,2280699000,2280540000,2280699000,0,6691000,239671000,239436000,235000,198082000,193705000,4377000,0,0,494390000,64845000,1714773000,R,R,0.0,78,True,10.51,9.8,10.51,13.98,8.69,8.1,8.69,11.55,19.19,17.9,19.19,25.53
186634,362029186634,Buffalo,NY,11000,2021,255284,2021,False,1536893000,1527288000,1525337000,648870000,878418000,0,85621000,83457000,2164000,68392000,65650000,2742000,0,0,0,1340000,647530000,R,R,0.0,75,True,5.61,5.57,13.2,13.22,4.48,4.45,10.54,10.56,10.08,10.02,23.74,23.78
187646,482085187646,Mckinney,TX,45744,2021,199177,2021,False,436539000,348789000,348789000,348789000,0,0,38795000,37215000,1580000,38587000,34357000,4230000,0,0,7167000,2216000,339406000,R,R,0.0,83,True,11.12,8.89,11.12,11.43,11.06,8.84,11.06,11.37,22.19,17.73,22.19,22.8
187649,482113187649,Dallas,TX,19000,2021,1343573,2021,False,4153332000,3715553000,3702246000,3715553000,0,34049000,491084000,488150000,2934000,303552000,289139000,14413000,0,0,1052076000,42177000,2587251000,R,R,0.0,117,True,13.22,11.82,13.22,18.98,8.17,7.31,8.17,11.73,21.39,19.13,21.39,30.71
187683,482339187683,Conroe,TX,16432,2021,91079,2021,False,188501000,153744000,153744000,153744000,0,0,26763000,21957000,4806000,19560000,19501000,59000,0,0,0,0,153744000,R,R,0.0,71,True,17.41,14.2,17.41,17.41,12.72,10.38,12.72,12.72,30.13,24.57,30.13,30.13
189585,042013189585,Scottsdale,AZ,65000,2021,258069,2021,False,648799000,542833000,542833000,542833000,0,0,106745000,102371000,4374000,51395000,45177000,6218000,0,0,10705000,0,532128000,A,A,0.0,72,True,19.66,16.45,19.66,20.06,9.47,7.92,9.47,9.66,29.13,24.37,29.13,29.72
189636,062019189636,Fresno,CA,27000,2021,531576,2021,False,1128865000,879628000,879628000,879628000,0,0,188001000,171324000,16677000,63283000,63205000,78000,0,0,65035000,8689000,805904000,R,R,0.0,88,True,21.37,16.65,21.37,23.33,7.19,5.61,7.19,7.85,28.57,22.26,28.57,31.18
189929,172089189929,Aurora,IL,03012,2021,197757,2021,False,309875000,281360000,279699000,281360000,0,5539000,84975000,82576000,2399000,54766000,54766000,0,0,0,1030000,0,274791000,R,R,0.117,57,True,30.2,27.42,30.2,30.92,19.46,17.67,19.46,19.93,49.67,45.1,49.67,50.85
190480,262161190480,Ann Arbor,MI,03000,2021,119980,2021,False,253346000,223716000,223716000,223716000,0,0,29434000,29409000,25000,16560000,16460000,100000,0,0,749000,0,222967000,R,R,0.0,55,True,13.16,11.62,13.16,13.2,7.4,6.54,7.4,7.43,20.56,18.15,20.56,20.63
191166,392061191166,Cincinnati,OH,15000,2021,303940,2021,False,1099972000,857878000,840768000,857878000,0,0,166061000,161905000,4156000,120110000,118253000,1857000,4104000,111000,85000,59916000,797877000,R,R,0.003,114,True,19.36,15.1,19.36,20.81,14.0,10.92,14.0,15.05,33.36,26.02,33.36,35.87
191559,472065191559,Chattanooga,TN,14000,2021,182799,2021,False,1191949000,478920000,477697000,478920000,0,4302000,68951000,67914000,1037000,45636000,45270000,366000,0,0,22891000,4098000,447629000,R,R,0.0,85,True,14.4,5.78,14.4,15.4,9.53,3.83,9.53,10.2,23.93,9.61,23.93,25.6
193115,062071193115,San Bernardino,CA,65000,2021,215784,2021,False,271772000,235204000,235204000,235204000,0,0,85402000,85402000,0,0,0,0,0,0,0,2702000,232502000,R,-,0.0,59,True,36.31,31.42,36.31,36.73,0.0,0.0,0.0,0.0,36.31,31.42,36.31,36.73
193205,172143193205,Peoria,IL,59000,2021,110417,2021,False,183077000,183077000,183077000,183077000,0,0,43940000,43824000,116000,34785000,34756000,29000,0,0,0,0,183077000,R,R,0.0,40,True,24.0,24.0,24.0,24.0,19.0,19.0,19.0,19.0,43.0,43.0,43.0,43.0
193551,272053193551,Minneapolis,MN,43000,2021,429606,2021,False,1493889000,1391421000,1383129000,1391421000,0,0,182981000,182981000,0,69418000,69418000,0,0,0,0,18629000,1372792000,R,R,0.0,70,True,13.15,12.25,13.15,13.33,4.99,4.65,4.99,5.06,18.14,16.9,18.14,18.39
193734,342017193734,Jersey,NJ,36000,2021,262075,2021,False,671796000,615991000,608991000,615991000,0,449000,111704000,111704000,0,69235000,69235000,0,0,0,0,3092000,612450000,R,R,0.0,59,True,18.13,16.63,18.13,18.24,11.24,10.31,11.24,11.3,29.37,26.93,29.37,29.54
193960,412017193960,Bend,OR,05800,2021,100421,2021,False,202458000,187059000,187059000,187059000,0,0,29831000,28505000,1326000,23504000,22356000,1148000,0,0,585000,0,186474000,R,R,0.016,72,True,15.95,14.73,15.95,16.0,12.57,11.61,12.57,12.6,28.51,26.34,28.51,28.6
194178,512760194178,Richmond,VA,67000,2021,230436,2021,False,1650199000,1348022000,1345076000,924700000,423322000,104619000,115172000,103313000,11859000,90223000,90223000,0,0,0,0,97675000,722406000,R,R,0.0,98,True,8.54,6.98,12.46,15.94,6.69,5.47,9.76,12.49,15.24,12.45,22.21,28.43
194463,022020194463,Anchorage Municipality,AK,03000,2021,288000,2021,False,1852819000,1632186000,1632186000,915017000,717169000,2349000,151070000,148822000,2248000,124425000,122177000,2248000,0,0,69798000,76218000,766652000,R,R,0.342,106,True,9.26,8.15,16.51,19.71,7.62,6.72,13.6,16.23,16.88,14.87,30.11,35.93
194644,082005194644,Aurora,CO,04000,2021,379289,2021,False,880041000,700499000,671100000,700499000,0,0,128162000,127220000,942000,63449000,62349000,1100000,0,0,0,0,700499000,R,R,0.0,62,True,18.3,14.56,18.3,18.3,9.06,7.21,9.06,9.06,27.35,21.77,27.35,27.35
194647,082031194647,Denver And County,CO,20000,2021,727211,2021,False,5315292000,4715688000,4531728000,4715688000,0,406022000,269958000,262596000,7362000,163515000,159957000,3558000,2316000,1160000,1381795000,106943000,2820928000,R,R,0.0,136,True,5.72,5.08,5.72,9.57,3.47,3.08,3.47,5.8,9.19,8.16,9.19,15.37
194651,082013194651,Longmont,CO,45970,2021,97261,2021,False,255319000,150170000,150170000,150170000,0,0,39757000,39653000,104000,12178000,12178000,0,0,0,820000,613000,148737000,R,R,0.0,61,True,26.47,15.57,26.47,26.73,8.11,4.77,8.11,8.19,34.58,20.34,34.58,34.92
194654,082101194654,Pueblo,CO,62000,2021,112361,2021,False,186301000,146801000,146801000,146801000,0,0,32790000,32679000,111000,19748000,19748000,0,0,0,4725000,0,142076000,I,I,1.0,59,True,22.34,17.6,22.34,23.08,13.45,10.6,13.45,13.9,35.79,28.2,35.79,36.98
194678,132121194678,Atlanta,GA,04000,2021,506811,2021,False,2206538000,1758147000,1758037000,1758147000,0,24732000,244294000,244294000,0,103307000,103307000,0,0,0,715983000,1240000,1016192000,R,R,0.0,67,True,13.89,11.07,13.89,24.04,5.88,4.68,5.88,10.17,19.77,15.75,19.77,34.21
194679,132245194679,Augusta-Richmond County Consolidated Government,GA,04204,2021,197888,2021,False,512766000,459586000,458961000,459586000,0,24748000,48855000,46042000,2813000,36332000,29297000,7035000,0,0,29260000,2957000,402621000,R,R,0.0,90,True,10.63,9.53,10.63,12.13,7.91,7.09,7.91,9.02,18.54,16.61,18.54,21.16
194726,372119194726,Charlotte,NC,12000,2021,885708,2021,False,2263650000,1977772000,1971012000,1977772000,0,397000,363320000,324355000,38965000,152086000,144584000,7502000,354000,0,403368000,0,1574007000,R,R,0.0,97,True,18.37,16.05,18.37,23.08,7.69,6.72,7.69,9.66,26.06,22.77,26.06,32.74
194732,372081194732,High Point,NC,31400,2021,112791,2021,False,342533000,185644000,185201000,185644000,0,0,46117000,32955000,13162000,23141000,22888000,253000,0,0,0,118000,185526000,R,R,0.0,88,True,24.84,13.46,24.84,24.86,12.47,6.76,12.47,12.47,37.31,20.22,37.31,37.33
194744,372067194744,Winston-Salem,NC,75000,2021,247945,2021,False,471585000,383852000,383168000,383852000,0,0,80657000,78457000,2200000,34723000,34060000,663000,0,0,0,0,383852000,R,R,0.0,75,True,21.01,17.1,21.01,21.01,9.05,7.36,9.05,9.05,30.06,24.47,30.06,30.06
194757,122086194757,Miami,FL,45000,2021,467963,2021,False,1003811000,1003811000,1003811000,1003811000,0,7191000,285774000,272415000,13359000,187559000,181147000,6412000,0,0,0,0,996620000,R,R,0.0,63,True,28.47,28.47,28.47,28.67,18.68,18.68,18.68,18.82,47.15,47.15,47.15,47.49
194789,262163194789,Dearborn,MI,21000,2021,93932,2021,False,289171000,268406000,248684000,268406000,0,94000,45395000,44870000,525000,32170000,31417000,753000,0,0,0,0,268312000,R,R,0.0,59,True,16.91,15.7,16.91,16.92,11.99,11.12,11.99,11.99,28.9,26.82,28.9,28.91
194805,362061194805,New York,NY,51000,2021,8336817,2021,False,127106202000,112000454000,106056301000,76813304000,35187150000,20576723000,5791291000,5652727000,138564000,2326976000,2232170000,94806000,0,0,0,1646082000,54590499000,R,R,0.0,123,True,5.17,4.56,7.54,10.61,2.08,1.83,3.03,4.26,7.25,6.39,10.57,14.87
194809,482375194809,Amarillo,TX,03000,2021,199371,2021,False,415679000,358681000,358681000,358681000,0,0,51962000,48813000,3149000,34125000,34114000,11000,0,0,12542000,15565000,330574000,R,R,0.0,71,True,14.49,12.5,14.49,15.72,9.51,8.21,9.51,10.32,24.0,20.71,24.0,26.04
194811,482439194811,Arlington,TX,04000,2021,398854,2021,False,1018600000,937871000,937871000,937871000,0,0,115456000,115456000,0,60201000,50808000,9393000,0,0,1124000,3530000,933217000,R,R,0.0,63,True,12.31,11.33,12.31,12.37,6.42,5.91,6.42,6.45,18.73,17.24,18.73,18.82
194812,482245194812,Beaumont,TX,07000,2021,116825,2021,False,254550000,221967000,221967000,221967000,0,0,47184000,45177000,2007000,31961000,30800000,1161000,0,0,796000,10713000,210458000,R,R,0.0,74,True,21.26,18.54,21.26,22.42,14.4,12.56,14.4,15.19,35.66,31.09,35.66,37.61
194814,482041194814,College Station,TX,15976,2021,117911,2021,False,202807000,109901000,109901000,109901000,0,0,19980000,19919000,61000,15232000,15232000,0,0,0,0,0,109901000,RS,R,0.0,68,True,18.18,9.85,18.18,18.18,13.86,7.51,13.86,13.86,32.04,17.36,32.04,32.04
194820,482085194820,Frisco,TX,27684,2021,200490,2021,False,443782000,369620000,347424000,347424000,22196000,0,45762000,44151000,1611000,47374000,42709000,4665000,0,0,0,2516000,344908000,R,R,0.0,62,True,12.38,10.31,13.17,13.27,12.82,10.68,13.64,13.74,25.2,20.99,26.81,27.0
194823,482113194823,Grand Prairie,TX,30464,2021,194543,2021,False,457170000,416034000,412732000,416034000,0,3187000,65086000,64151000,935000,42539000,36913000,5626000,0,0,2545000,5515000,404787000,I,I,1.0,87,True,15.64,14.24,15.64,16.08,10.22,9.3,10.22,10.51,25.87,23.54,25.87,26.59
194825,482329194825,Midland,TX,48072,2021,146038,2021,False,286458000,204872000,204857000,204872000,0,0,27733000,27535000,198000,31160000,31160000,0,0,0,15011000,2360000,187501000,I,I,1.0,62,True,13.54,9.68,13.54,14.79,15.21,10.88,15.21,16.62,28.75,20.56,28.75,31.41
200728,062067200728,Elk Grove,CA,22020,2021,174775,2021,False,194336000,182753000,182753000,182753000,0,0,48899000,48379000,520000,0,0,0,0,0,0,21000,182732000,R,-,0.061,48,True,26.76,25.16,26.76,26.76,0.0,0.0,0.0,0.0,26.76,25.16,26.76,26.76
201810,202173201810,Wichita,KS,79000,2021,389938,2021,False,423333000,356309000,356309000,356309000,0,312000,94893000,94893000,0,37482000,37482000,0,0,0,39136000,2137000,314724000,R,R,0.0,66,True,26.63,22.42,26.63,30.15,10.52,8.85,10.52,11.91,37.15,31.27,37.15,42.06
202617,482121202617,Lewisville,TX,42508,2021,109212,2021,False,165768000,144325000,144325000,144325000,0,0,30334000,30089000,245000,23485000,23485000,0,0,0,0,0,144325000,I,I,1.0,45,True,21.02,18.3,21.02,21.02,16.27,14.17,16.27,16.27,37.29,32.47,37.29,37.29
202751,512810202751,Virginia Beach,VA,82000,2021,449974,2021,False,2136692000,2082625000,2061520000,1151607000,931018000,118824000,104706000,104706000,0,66747000,66747000,0,0,0,0,71659000,961124000,R,R,0.011,88,True,5.03,4.9,9.09,10.89,3.2,3.12,5.8,6.94,8.23,8.02,14.89,17.84
203966,062019203966,Clovis,CA,14218,2021,114584,2021,False,188903000,154474000,154474000,154474000,0,0,37806000,37776000,30000,18498000,18498000,0,0,0,0,2197000,152277000,R,R,0.0,56,True,24.47,20.01,24.47,24.83,11.97,9.79,11.97,12.15,36.45,29.81,36.45,36.97
204523,202091204523,Olathe,KS,52575,2021,140545,2021,False,280006000,230294000,230294000,230294000,0,0,26022000,26022000,0,22516000,22516000,0,0,0,0,0,230294000,I,I,1.0,55,True,11.3,9.29,11.3,11.3,9.78,8.04,9.78,9.78,21.08,17.33,21.08,21.08
204933,342039204933,Elizabeth,NJ,21000,2021,129216,2021,False,284657000,282628000,282628000,282628000,0,0,49059000,46892000,2167000,31399000,31399000,0,0,0,0,7459000,275169000,R,R,0.0,57,True,17.36,17.23,17.36,17.83,11.11,11.03,11.11,11.41,28.47,28.26,28.47,29.24
205133,392095205133,Toledo,OH,77000,2021,272779,2021,False,154429000,109290000,109290000,109290000,0,0,0,0,0,0,0,0,0,0,0,10240000,99050000,-,-,0.0,24,False,,,,,,,,,,,,
205181,402027205181,Norman,OK,52500,2021,124880,2021,False,763325000,724555000,724555000,724555000,0,537183000,31682000,28238000,3444000,21485000,20973000,512000,0,0,0,0,187372000,R,R,0.0,68,True,4.37,4.15,4.37,16.91,2.97,2.81,2.97,11.47,7.34,6.97,7.34,28.38
205218,412047205218,Salem,OR,64900,2021,174365,2021,False,414129000,373100000,372206000,373100000,0,0,46771000,46771000,0,36450000,36450000,0,0,0,1281000,1481000,370338000,I,I,1.0,63,True,12.54,11.29,12.54,12.63,9.77,8.8,9.77,9.84,22.31,20.1,22.31,22.47
205455,482201205455,Pasadena,TX,56000,2021,151227,2021,False,211164000,182457000,182457000,182457000,0,0,54212000,51056000,3156000,20962000,5891000,15071000,0,0,0,5877000,176580000,R,R,0.0,55,True,29.71,25.67,29.71,30.7,11.49,9.93,11.49,11.87,41.2,35.6,41.2,42.57
205460,482215205460,Mcallen,TX,45384,2021,143268,2021,False,270747000,244669000,240914000,244669000,0,2076000,41278000,39985000,1293000,21649000,21625000,24000,0,0,8703000,3274000,230616000,I,I,1.0,86,True,16.87,15.25,16.87,17.9,8.85,8.0,8.85,9.39,25.72,23.24,25.72,27.29
205590,532033205590,Kent,WA,35415,2021,132319,2021,False,249524000,220524000,218052000,220524000,0,9118000,38781000,37728000,1053000,2640000,2640000,0,0,0,0,716000,210690000,R,R,0.0,70,True,17.59,15.54,17.59,18.41,1.2,1.06,1.2,1.25,18.78,16.6,18.78,19.66
205599,532063205599,Spokane,WA,67000,2021,222081,2021,False,589108000,515391000,510679000,515391000,0,23118000,69275000,68919000,356000,64436000,64425000,11000,0,0,0,3810000,488463000,R,R,0.0,78,True,13.44,11.76,13.44,14.18,12.5,10.94,12.5,13.19,25.94,22.7,25.94,27.37
207520,012089207520,Huntsville,AL,37000,2021,200574,2021,False,1153030000,552491000,516745000,552491000,0,2249000,58614000,52078000,6536000,37121000,36931000,190000,0,0,0,3671000,546571000,R,R,0.0,91,True,10.61,5.08,10.61,10.72,6.72,3.22,6.72,6.79,17.33,8.3,17.33,17.52
207535,042013207535,Glendale,AZ,27820,2021,252381,2021,False,528642000,464748000,464748000,464748000,0,0,109900000,109900000,0,64365000,56461000,7904000,0,0,0,0,464748000,I,I,1.0,58,True,23.65,20.79,23.65,23.65,13.85,12.18,13.85,13.85,37.5,32.96,37.5,37.5
207536,042013207536,Phoenix,AZ,55000,2021,1680992,2021,False,4056156000,3163321000,3157010000,3163321000,0,24283000,590685000,574045000,16640000,358695000,339457000,19238000,0,0,642770000,3885000,2492383000,R,R,0.0,115,True,18.67,14.56,18.67,23.7,11.34,8.84,11.34,14.39,30.01,23.41,30.01,38.09
207577,062001207577,Fremont,CA,26000,2021,241110,2021,False,370672000,370517000,370517000,370517000,0,2150000,93951000,92091000,1860000,55209000,55165000,44000,0,0,0,20474000,347893000,R,R,0.0,61,True,25.36,25.35,25.36,27.01,14.9,14.89,14.9,15.87,40.26,40.24,40.26,42.88
207582,062037207582,Pasadena,CA,56000,2021,141029,2021,False,713771000,501925000,501925000,501925000,0,570000,70354000,69541000,813000,45600000,44163000,1437000,0,0,0,19695000,481660000,R,R,0.0,78,True,14.02,9.86,14.02,14.61,9.09,6.39,9.09,9.47,23.1,16.25,23.1,24.07
207583,062037207583,Torrance,CA,80000,2021,143592,2021,False,725414000,618034000,618034000,618034000,0,0,263909000,263195000,714000,99290000,98782000,508000,0,0,3172000,50802000,564060000,R,R,0.0,79,True,42.7,36.38,42.7,46.79,16.07,13.69,16.07,17.6,58.77,50.07,58.77,64.39
207593,062065207593,Corona,CA,16350,2021,169868,2021,False,496861000,306581000,306581000,306581000,0,0,52288000,47711000,4577000,29663000,29465000,198000,0,0,173000,4883000,301525000,R,R,0.0,84,True,17.06,10.52,17.06,17.34,9.68,5.97,9.68,9.84,26.73,16.49,26.73,27.18
207594,062065207594,Riverside,CA,62000,2021,331360,2021,False,883845000,489590000,489590000,489590000,0,0,109304000,108814000,490000,68769000,68769000,0,0,0,1588000,3235000,484767000,R,R,0.0,71,True,22.33,12.37,22.33,22.55,14.05,7.78,14.05,14.19,36.37,20.15,36.37,36.73
207598,062073207598,San Diego,CA,66000,2021,1423851,2021,False,4934922000,4180497000,4180497000,4180497000,0,0,497357000,470601000,26756000,254009000,246963000,7046000,0,0,5784000,31176000,4143537000,R,R,0.0,84,True,11.9,10.08,11.9,12.0,6.08,5.15,6.08,6.13,17.97,15.23,17.97,18.13
207610,062099207610,Modesto,CA,48354,2021,215196,2021,False,399881000,293074000,293074000,293074000,0,0,65035000,64479000,556000,42661000,42661000,0,0,0,1155000,2748000,289171000,R,R,0.0,65,True,22.19,16.26,22.19,22.49,14.56,10.67,14.56,14.75,36.75,26.93,36.75,37.24
207635,082123207635,Greeley,CO,32155,2021,108649,2021,False,233619000,176330000,176074000,176330000,0,0,27824000,27776000,48000,17225000,16444000,781000,130000,0,0,53000,176277000,I,I,1.0,89,True,15.78,11.91,15.78,15.78,9.77,7.37,9.77,9.77,25.55,19.28,25.55,25.56
207684,122103207684,Clearwater,FL,12875,2021,116946,2021,False,337807000,262859000,262556000,262859000,0,0,46622000,46081000,541000,18170000,17266000,904000,0,0,518000,11989000,250352000,R,R,0.0,76,True,17.74,13.8,17.74,18.62,6.91,5.38,6.91,7.26,24.65,19.18,24.65,25.88
207957,182097207957,Indianapolis,IN,36003,2021,876384,2021,False,4225200000,3500455000,3500455000,3500455000,0,1576670000,228466000,223803000,4663000,149453000,144435000,5018000,0,0,134654000,218349000,1570782000,S,S,0.005,86,True,6.53,5.41,6.53,14.54,4.27,3.54,4.27,9.51,10.8,8.94,10.8,24.06
208056,192153208056,Des Moines,IA,21000,2021,214237,2021,False,665106000,602920000,602920000,602920000,0,10708000,70159000,70159000,0,42167000,42167000,0,0,0,61819000,2229000,528164000,R,R,0.0,68,True,11.64,10.55,11.64,13.28,6.99,6.34,6.99,7.98,18.63,16.89,18.63,21.27
208060,192163208060,Davenport,IA,19000,2021,101590,2021,False,152952000,146077000,146077000,146077000,0,0,29299000,29299000,0,20242000,20242000,0,0,0,315000,0,145762000,R,R,0.0,53,True,20.06,19.16,20.06,20.1,13.86,13.23,13.86,13.89,33.91,32.39,33.91,33.99
208111,202091208111,Overland Park,KS,53775,2021,195494,2021,False,226618000,226618000,226618000,226618000,0,0,38021000,37229000,792000,23638000,23550000,88000,0,0,0,0,226618000,R,R,0.0,54,True,16.78,16.78,16.78,16.78,10.43,10.43,10.43,10.43,27.21,27.21,27.21,27.21
208246,242510208246,Baltimore,MD,04000,2021,593490,2021,False,5063154000,4660844000,4632943000,3116230000,1544614000,2646000,530286000,526167000,4119000,258349000,258349000,0,0,0,0,186941000,2926643000,R,R,0.0,83,True,11.38,10.47,17.02,18.12,5.54,5.1,8.29,8.83,16.92,15.58,25.31,26.95
208698,312055208698,Omaha,NE,37000,2021,478192,2021,False,894093000,894093000,867603000,894093000,0,14279000,135087000,131123000,3964000,96117000,92252000,3865000,6707000,0,0,0,879814000,R,R,0.0,68,True,15.11,15.11,15.11,15.35,10.75,10.75,10.75,10.92,25.86,25.86,25.86,26.28
208734,322003208734,North Las Vegas,NV,51800,2021,251974,2021,False,388364000,329286000,329286000,329286000,0,16059000,74945000,74677000,268000,37960000,36990000,970000,0,0,0,0,313227000,R,R,0.0,71,True,22.76,19.3,22.76,23.93,11.53,9.77,11.53,12.12,34.29,29.07,34.29,36.05
208793,352013208793,Las Cruces,NM,39380,2021,103432,2021,False,209201000,142783000,142481000,142783000,0,302000,24963000,23734000,1229000,18222000,17469000,753000,0,0,1924000,1032000,139525000,R,R,0.0,83,True,17.48,11.93,17.48,17.89,12.76,8.71,12.76,13.06,30.25,20.64,30.25,30.95
208963,372063208963,Durham,NC,19000,2021,278993,2021,False,555551000,443521000,443521000,443521000,0,0,74480000,73291000,1189000,38478000,37948000,530000,0,0,13000,0,443508000,R,R,0.0,83,True,16.79,13.41,16.79,16.79,8.68,6.93,8.68,8.68,25.47,20.33,25.47,25.47
209050,392049209050,Columbus,OH,18000,2021,898553,2021,False,2420447000,2098352000,2098352000,2086329000,12023000,0,373228000,365626000,7602000,290107000,283687000,6420000,0,0,0,68384000,2017945000,R,R,0.0,89,True,17.79,15.42,17.89,18.5,13.83,11.99,13.91,14.38,31.61,27.41,31.79,32.87
209096,392153209096,Akron,OH,01000,2021,197597,2021,False,581836000,552194000,552194000,552194000,0,0,68603000,67823000,780000,63326000,62606000,720000,0,0,0,4392000,547802000,R,R,0.041,48,True,12.42,11.79,12.42,12.52,11.47,10.88,11.47,11.56,23.89,22.67,23.89,24.08
209170,402109209170,Oklahoma,OK,55000,2021,655057,2021,False,1360005000,1098758000,1098758000,1098758000,0,0,195264000,195084000,180000,145165000,144933000,232000,0,0,90217000,8444000,1000097000,RS,R,0.0,71,True,17.77,14.36,17.77,19.52,13.21,10.67,13.21,14.52,30.98,25.03,30.98,34.04
209519,472149209519,Murfreesboro,TN,51560,2021,146900,2021,False,303447000,246640000,246635000,140286000,106354000,81000,34684000,33613000,1071000,24220000,21236000,2984000,0,0,4935000,0,135270000,R,R,0.0,88,True,14.06,11.43,24.72,25.64,9.82,7.98,17.26,17.9,23.88,19.41,41.99,43.55
209555,482085209555,Allen,TX,01924,2021,105623,2021,False,200874000,163380000,163380000,163380000,0,0,34044000,30547000,3497000,23708000,18401000,5307000,0,0,0,274000,163106000,I,I,1.0,51,True,20.84,16.95,20.84,20.87,14.51,11.8,14.51,14.54,35.35,28.75,35.35,35.41
209562,482121209562,Denton,TX,19972,2021,141541,2021,False,493963000,218469000,218469000,218469000,0,0,35911000,35911000,0,31858000,31858000,0,0,0,1545000,2270000,214654000,R,R,0.0,55,True,16.44,7.27,16.44,16.73,14.58,6.45,14.58,14.84,31.02,13.72,31.02,31.57
209712,512510209712,Alexandria,VA,01000,2021,159428,2021,False,1193284000,1083520000,1082114000,759723000,323797000,69641000,96486000,92909000,3577000,56634000,56634000,0,0,0,0,54551000,635531000,R,R,0.0,91,True,8.9,8.09,12.7,15.18,5.23,4.75,7.45,8.91,14.13,12.83,20.15,24.09
209777,552025209777,Madison,WI,48000,2021,259680,2021,False,592525000,505815000,505815000,505815000,0,0,87731000,87202000,529000,59794000,59096000,698000,0,0,0,6685000,499130000,R,R,0.0,80,True,17.34,14.81,17.34,17.58,11.82,10.09,11.82,11.98,29.17,24.9,29.17,29.56
211212,062073211212,Chula Vista,CA,13392,2021,274492,2021,False,762014000,758820000,758820000,758820000,0,0,175326000,171078000,4248000,122296000,107940000,14356000,0,0,0,6162000,752658000,R,R,0.0,71,True,23.11,23.01,23.11,23.29,16.12,16.05,16.12,16.25,39.22,39.06,39.22,39.54
211214,062077211214,Stockton,CA,75000,2021,312697,2021,False,495333000,448768000,448768000,448768000,0,0,143463000,141109000,2354000,56405000,56405000,0,0,0,562000,25946000,422260000,R,R,0.0,60,True,31.97,28.96,31.97,33.98,12.57,11.39,12.57,13.36,44.54,40.35,44.54,47.33
211253,412067211253,Hillsboro,OR,34100,2021,109128,2021,False,285843000,220900000,188728000,220900000,0,0,37210000,37210000,0,27508000,27508000,0,0,0,0,0,220900000,R,R,0.0,58,True,16.84,13.02,16.84,16.84,12.45,9.62,12.45,12.45,29.3,22.64,29.3,29.3
211254,412051211254,Portland,OR,59000,2021,654741,2021,False,2009072000,1746132000,1746132000,1746132000,0,0,213188000,212831000,357000,136072000,135005000,1067000,0,0,0,0,1746132000,R,R,0.0,81,True,12.21,10.61,12.21,12.21,7.79,6.77,7.79,7.79,20.0,17.38,20.0,20.0
211654,082001211654,Westminster,CO,83835,2021,113166,2021,False,278234000,220020000,218709000,220020000,0,0,28286000,27742000,544000,19807000,15672000,4135000,0,0,0,0,220020000,R,R,0.0,90,True,12.86,10.17,12.86,12.86,9.0,7.12,9.0,9.0,21.86,17.29,21.86,21.86
212090,402143212090,Tulsa,OK,75000,2021,401190,2021,False,998749000,861993000,861993000,861993000,0,26168000,122719000,115510000,7209000,91554000,82036000,9518000,0,0,29034000,76248000,730543000,R,R,0.0,86,True,14.24,12.29,14.24,16.8,10.62,9.17,10.62,12.53,24.86,21.45,24.86,29.33
212209,082005212209,Centennial,CO,12815,2021,110937,2021,False,97083000,97083000,67030000,97083000,0,0,30053000,30053000,0,0,0,0,30053000,0,0,0,97083000,R,-,0.001,29,False,,,,,,,,,,,,
212231,482113212231,Garland,TX,29000,2021,239928,2021,False,755711000,364531000,363838000,364531000,0,1398000,59379000,58475000,904000,37215000,37215000,0,0,0,15000,4234000,358884000,I,I,1.0,75,True,16.29,7.86,16.29,16.55,10.21,4.92,10.21,10.37,26.5,12.78,26.5,26.92
212233,482303212233,Lubbock,TX,45000,2021,258862,2021,False,807612000,360673000,360391000,360673000,0,0,78772000,63673000,15099000,39117000,37065000,2052000,94000,0,22408000,7553000,330712000,R,R,0.0,83,True,21.84,9.75,21.84,23.82,10.85,4.84,10.85,11.83,32.69,14.6,32.69,35.65
212234,482113212234,Richardson,TX,61796,2021,121323,2021,False,308033000,265461000,265461000,265461000,0,0,32532000,32532000,0,45220000,26520000,18700000,0,0,0,2129000,263332000,I,I,1.0,57,True,12.25,10.56,12.25,12.35,17.03,14.68,17.03,17.17,29.29,25.24,29.29,29.53
213591,532063213591,Spokane Valley,WA,67167,2021,101060,2021,False,67315000,67315000,61575000,67315000,0,1373000,21976000,21890000,86000,0,0,0,0,0,0,488000,65454000,R,-,0.0,55,True,32.65,32.65,32.65,33.57,0.0,0.0,0.0,0.0,32.65,32.65,32.65,33.57
216510,132121216510,Sandy Springs,GA,68516,2021,109452,2021,False,131315000,131315000,131315000,131315000,0,0,35683000,21887000,13796000,17152000,14121000,3031000,0,0,0,0,131315000,R,R,0.0,50,True,27.17,27.17,27.17,27.17,13.06,13.06,13.06,13.06,40.24,40.24,40.24,40.24
225038,012073225038,Birmingham,AL,07000,2021,209403,2021,False,787430000,587854000,587854000,587854000,0,498000,106672000,106672000,0,71158000,71158000,0,0,0,0,0,587356000,R,R,0.0,58,True,18.15,13.55,18.15,18.16,12.1,9.04,12.1,12.11,30.25,22.58,30.25,30.28
225767,092190225767,Stamford,CT,73000,2021,129638,2021,False,558009000,558009000,553682000,226759000,331250000,407000,41246000,41246000,0,41567000,41567000,0,0,0,0,17682000,208670000,R,R,0.0,52,True,7.39,7.39,18.19,19.77,7.45,7.45,18.33,19.92,14.84,14.84,36.52,39.69
247337,132121247337,South Fulton,GA,72122,2021,99155,2021,False,272952000,253459000,252181000,253459000,0,139000,23985000,22670000,1315000,0,0,0,265000,0,0,415000,252905000,I,-,1.0,65,True,9.46,8.79,9.46,9.48,0.0,0.0,0.0,0.0,9.46,8.79,9.46,9.48
100091,012101100091,Montgomery,AL,51000,2022,196268,2022,True,301439000,212442000,212163000,212442000,0,0,44059000,44059000,0,33092000,33092000,0,0,0,0,4924000,207518000,R,R,0.274,46,True,20.74,14.62,20.74,21.23,15.58,10.98,15.58,15.95,36.32,25.59,36.32,37.18
100249,042013100249,Chandler,AZ,12000,2022,265398,2022,True,450050000,400152000,395534000,400152000,0,0,86735000,81708000,5027000,42329000,42283000,46000,0,0,2104000,0,398048000,R,R,0.0,58,True,21.68,19.27,21.68,21.79,10.58,9.41,10.58,10.63,32.25,28.68,32.25,32.42
100250,042013100250,Mesa,AZ,46000,2022,528159,2022,True,1088263000,811003000,811003000,811003000,0,0,254171000,248803000,5368000,119611000,117084000,2527000,0,0,3995000,39000,806969000,R,R,0.159,61,True,31.34,23.36,31.34,31.5,14.75,10.99,14.75,14.82,46.09,34.35,46.09,46.32
100251,042013100251,Surprise,AZ,71510,2022,143148,2022,True,273984000,254277000,254277000,254277000,0,0,36667000,36566000,101000,27730000,27730000,0,0,0,0,0,254277000,I,I,1.0,42,True,14.42,13.38,14.42,14.42,10.91,10.12,10.91,10.91,25.33,23.5,25.33,25.33
100435,052119100435,Little Rock,AR,41000,2022,197866,2022,True,582827000,582827000,561828000,582827000,0,0,80293000,78590000,1703000,57316000,57062000,254000,0,0,41521000,36822000,504484000,R,R,0.0,60,True,13.78,13.78,13.78,15.92,9.83,9.83,9.83,11.36,23.61,23.61,23.61,27.28
100689,062037100689,West Covina,CA,84200,2022,103656,2022,True,126848000,123946000,123946000,123946000,0,0,30041000,30041000,0,20639000,20639000,0,0,0,0,10744000,113202000,R,R,0.161,34,True,24.24,23.68,24.24,26.54,16.65,16.27,16.65,18.23,40.89,39.95,40.89,44.77
100709,062059100709,Huntington Beach,CA,36000,2022,198246,2022,True,431020000,384331000,359914000,384331000,0,0,97760000,96974000,786000,48210000,48209000,1000,0,0,0,7479000,376852000,R,R,0.046,55,True,25.44,22.68,25.44,25.94,12.54,11.19,12.54,12.79,37.98,33.87,37.98,38.73
100711,062059100711,Santa Ana,CA,69000,2022,331301,2022,True,1030497000,958047000,824306000,958047000,0,17000,144675000,142145000,2530000,47142000,47026000,116000,0,0,0,10823000,947207000,R,R,0.0,64,True,15.1,14.04,15.1,15.27,4.92,4.57,4.92,4.98,20.02,18.61,20.02,20.25
100719,062065100719,Murrieta,CA,50076,2022,116522,2022,True,140544000,140544000,140544000,140544000,0,0,37028000,36436000,592000,23524000,23524000,0,0,0,0,361000,140183000,R,R,0.007,38,True,26.35,26.35,26.35,26.41,16.74,16.74,16.74,16.78,43.08,43.08,43.08,43.19
100745,062085100745,San Jose,CA,68000,2022,1013616,2022,True,2813389000,2429811000,2429811000,2429811000,0,0,510819000,471752000,39067000,259968000,259968000,0,0,0,127041000,200000,2302570000,R,R,0.0,54,True,21.02,18.16,21.02,22.18,10.7,9.24,10.7,11.29,31.72,27.4,31.72,33.48
100750,062095100750,Fairfield,CA,23182,2022,117580,2022,True,230910000,177344000,177344000,177344000,0,0,49714000,49713000,1000,27139000,27139000,0,0,0,0,314000,177030000,R,R,0.0,48,True,28.03,21.53,28.03,28.08,15.3,11.75,15.3,15.33,43.34,33.28,43.34,43.41
101409,082069101409,Fort Collins,CO,27425,2022,168234,2022,True,716679000,432181000,401193000,432181000,0,15676000,47737000,47737000,0,30988000,30988000,0,0,0,0,0,416505000,R,R,0.0,50,True,11.05,6.66,11.05,11.46,7.17,4.32,7.17,7.44,18.22,10.98,18.22,18.9
101696,092140101696,Waterbury,CT,80000,2022,106826,2022,True,707151000,691530000,685128000,318304000,373226000,6107000,39720000,39720000,0,21768000,21768000,0,0,0,0,5013000,307184000,R,R,0.0,45,True,5.74,5.62,12.48,12.93,3.15,3.08,6.84,7.09,8.89,8.7,19.32,20.02
101927,122011101927,Miramar,FL,45975,2022,141150,2022,True,261428000,248928000,248928000,248928000,0,0,51545000,49425000,2120000,24627000,24385000,242000,0,0,0,16706000,232222000,R,R,0.0,50,True,20.71,19.72,20.71,22.2,9.89,9.42,9.89,10.6,30.6,29.14,30.6,32.8
101942,122031101942,Jacksonville,FL,35000,2022,920570,2022,True,4746767000,2992998000,2992998000,2992998000,0,6408000,501617000,497939000,3678000,213893000,204970000,8923000,0,0,112432000,114539000,2759619000,R,R,0.0,75,True,16.76,10.57,16.76,18.18,7.15,4.51,7.15,7.75,23.91,15.07,23.91,25.93
102163,132021102163,Macon-Bibb County,GA,49008,2022,152737,2022,True,295647000,295647000,277573000,295647000,0,22007000,37786000,34180000,3606000,33254000,30439000,2815000,0,0,1631000,10064000,261945000,R,R,0.034,62,True,12.78,12.78,12.78,14.43,11.25,11.25,11.25,12.7,24.03,24.03,24.03,27.12
102716,172089102716,Elgin,IL,23074,2022,110196,2022,True,177040000,157002000,150499000,157002000,0,997000,51280000,51280000,0,31738000,30511000,1227000,0,0,0,0,156005000,R,R,0.0,42,True,32.66,28.97,32.66,32.87,20.22,17.93,20.22,20.34,52.88,46.89,52.88,53.21
102882,172201102882,Rockford,IL,65000,2022,144835,2022,True,310837000,292345000,292345000,292345000,0,0,64440000,64440000,0,57346000,57346000,0,0,0,0,29122000,263223000,R,R,0.0,30,True,22.04,20.73,22.04,24.48,19.62,18.45,19.62,21.79,41.66,39.18,41.66,46.27
103799,182057103799,Fishers,IN,23278,2022,97020,2022,True,99819000,99819000,99554000,99819000,0,0,18296000,18265000,31000,20786000,20650000,136000,0,0,0,836000,98983000,R,R,0.161,40,True,18.33,18.33,18.33,18.48,20.82,20.82,20.82,21.0,39.15,39.15,39.15,39.48
106055,252009106055,Lynn,MA,37490,2022,94539,2022,True,504962000,504910000,495703000,154864000,350046000,832000,22099000,22099000,0,22032000,22032000,0,0,0,0,14000,154018000,R,R,0.0,45,True,4.38,4.38,14.27,14.35,4.36,4.36,14.23,14.3,8.74,8.74,28.5,28.65
106061,252013106061,Springfield,MA,67000,2022,152646,2022,True,999118000,998575000,988346000,310440000,688135000,1247000,49953000,49841000,112000,24108000,24099000,9000,0,0,0,1707000,307486000,R,R,0.0,51,True,5.0,5.0,16.09,16.25,2.41,2.41,7.77,7.84,7.42,7.41,23.86,24.09
106079,252027106079,Worcester,MA,82000,2022,184570,2022,True,1083368000,1056842000,1033174000,427902000,628940000,1508000,58488000,56957000,1531000,45733000,45692000,41000,0,0,0,4188000,422206000,R,R,0.0,62,True,5.53,5.4,13.67,13.85,4.33,4.22,10.69,10.83,9.86,9.62,24.36,24.68
108127,302111108127,Billings,MT,06550,2022,109736,2022,True,198491000,167213000,167213000,167213000,0,0,27261000,26861000,400000,23592000,21979000,1613000,0,0,24825000,926000,141462000,R,AR,0.0,55,True,16.3,13.73,16.3,19.27,14.11,11.89,14.11,16.68,30.41,25.62,30.41,35.95
108910,322031108910,Sparks,NV,68400,2022,106900,2022,True,142433000,142433000,142433000,142433000,0,62000,37015000,36544000,471000,21471000,21436000,35000,0,0,0,0,142371000,R,R,0.0,46,True,25.99,25.99,25.99,26.0,15.07,15.07,15.07,15.08,41.06,41.06,41.06,41.08
109593,362119109593,Yonkers,NY,84000,2022,200040,2022,True,1353875000,1321715000,1307968000,609477000,712238000,0,108263000,108263000,0,72046000,72024000,22000,0,0,0,964000,608513000,R,R,0.0,53,True,8.19,8.0,17.76,17.79,5.45,5.32,11.82,11.84,13.64,13.32,29.58,29.63
110047,372025110047,Concord,NC,14100,2022,98500,2022,True,330042000,162946000,162873000,162946000,0,0,29837000,28402000,1435000,33084000,26039000,7045000,0,0,14962000,253000,147731000,R,R,0.0,68,True,18.31,9.04,18.31,20.2,20.3,10.02,20.3,22.39,38.61,19.06,38.61,42.59
112811,442007112811,Providence,RI,59000,2022,179270,2022,True,1024504000,938860000,938860000,410976000,527884000,1176000,90777000,90777000,0,85446000,85446000,0,0,0,0,0,409800000,R,R,0.0,49,True,9.67,8.86,22.09,22.15,9.1,8.34,20.79,20.85,18.77,17.2,42.88,43.0
113634,482215113634,Edinburg,TX,22660,2022,102374,2022,True,119224000,106860000,106860000,106860000,0,0,19786000,19440000,346000,4871000,4773000,98000,0,0,739000,2203000,103918000,I,I,1.0,57,True,18.52,16.6,18.52,19.04,4.56,4.09,4.56,4.69,23.07,20.68,23.07,23.73
114311,492035114311,West Jordan,UT,82950,2022,116530,2022,True,131651000,110883000,110883000,110883000,0,0,17505000,17275000,230000,10942000,10634000,308000,0,0,0,0,110883000,R,R,0.0,50,True,15.79,13.3,15.79,15.79,9.87,8.31,9.87,9.87,25.65,21.61,25.65,25.65
114563,512550114563,Chesapeake,VA,16000,2022,247011,2022,True,1214442000,1181044000,1168447000,578037000,603007000,86420000,83430000,82380000,1050000,57878000,56284000,1594000,0,0,2328000,36609000,452680000,R,R,0.0,77,True,7.06,6.87,14.43,18.43,4.9,4.77,10.01,12.79,11.96,11.64,24.45,31.22
114624,532033114624,Bellevue,WA,05210,2022,148073,2022,True,479487000,397369000,397369000,397369000,0,3048000,48618000,48464000,154000,35981000,32291000,3690000,0,0,0,334000,393987000,R,R,0.0,57,True,12.23,10.14,12.23,12.34,9.05,7.5,9.05,9.13,21.29,17.64,21.29,21.47
122748,042013122748,Goodyear,AZ,28380,2022,90622,2022,True,187163000,163001000,163001000,163001000,0,0,32446000,32446000,0,25277000,25277000,0,0,0,0,0,163001000,R,R,0.0,38,True,19.91,17.34,19.91,19.91,15.51,13.51,15.51,15.51,35.41,30.84,35.41,35.41
123092,062001123092,Berkeley,CA,06000,2022,122726,2022,True,522065000,522065000,522065000,522065000,0,0,85671000,85671000,0,33681000,33681000,0,0,0,5424000,50508000,466133000,R,R,0.026,46,True,16.41,16.41,16.41,18.38,6.45,6.45,6.45,7.23,22.86,22.86,22.86,25.6
123093,062001123093,Oakland,CA,53000,2022,424891,2022,True,1754798000,1754798000,1754798000,1754798000,0,4148000,321515000,320767000,748000,181587000,181587000,0,0,0,281484000,128854000,1340312000,R,R,0.04,50,True,18.32,18.32,18.32,23.99,10.35,10.35,10.35,13.55,28.67,28.67,28.67,37.54
123096,062013123096,Antioch,CA,02252,2022,111605,2022,True,135044000,101012000,101012000,101012000,0,0,46506000,46022000,484000,0,0,0,0,0,56000,2493000,98463000,R,-,0.0,44,True,46.04,34.44,46.04,47.23,0.0,0.0,0.0,0.0,46.04,34.44,46.04,47.23
123110,062037123110,Inglewood,CA,36546,2022,107203,2022,True,444610000,413229000,303916000,413229000,0,0,76579000,74643000,1936000,18705000,18705000,0,0,0,0,2696000,410533000,R,R,0.023,55,True,18.53,17.22,18.53,18.65,4.53,4.21,4.53,4.56,23.06,21.43,23.06,23.21
123117,062037123117,Norwalk,CA,52526,2022,102635,2022,True,120812000,102157000,102157000,102157000,0,0,20487000,20104000,383000,0,0,0,0,0,0,11303000,90854000,R,-,0.0,46,True,20.05,16.96,20.05,22.55,0.0,0.0,0.0,0.0,20.05,16.96,20.05,22.55
123137,062061123137,Roseville,CA,62938,2022,144725,2022,True,650045000,450906000,450906000,450906000,0,5987000,53824000,53798000,26000,43348000,43348000,0,0,0,0,1933000,442986000,R,R,0.063,55,True,11.94,8.28,11.94,12.15,9.61,6.67,9.61,9.79,21.55,14.95,21.55,21.94
123146,062071123146,Rialto,CA,60466,2022,104132,2022,True,229950000,215698000,192517000,215698000,0,0,43894000,42997000,897000,23508000,23478000,30000,0,0,4000,4449000,211245000,R,R,0.0,53,True,20.35,19.09,20.35,20.78,10.9,10.22,10.9,11.13,31.25,29.31,31.25,31.91
123157,062081123157,San Mateo,CA,68252,2022,102398,2022,True,315368000,315368000,315368000,315368000,0,0,52676000,52387000,289000,25223000,25223000,0,0,0,0,605000,314763000,R,R,0.0,46,True,16.7,16.7,16.7,16.74,8.0,8.0,8.0,8.01,24.7,24.7,24.7,24.75
123165,062107123165,Visalia,CA,82954,2022,135007,2022,True,265996000,228661000,187372000,228661000,0,0,46202000,44721000,1481000,20679000,20539000,140000,0,0,6478000,1884000,220299000,R,R,0.0,59,True,20.21,17.37,20.21,20.97,9.04,7.77,9.04,9.39,29.25,25.14,29.25,30.36
124038,092120124038,Bridgeport,CT,08000,2022,143525,2022,True,807153000,807153000,792245000,370839000,436314000,2041000,107218000,106009000,1209000,76774000,76774000,0,0,0,1627000,4336000,362835000,R,R,0.0,52,True,13.28,13.28,28.91,29.55,9.51,9.51,20.7,21.16,22.8,22.8,49.62,50.71
124214,112001124214,Washington Dc,DC,50000,2022,712816,2022,True,20546778000,20134366000,19296931000,16306943000,3827423000,5876378000,672157000,644373000,27784000,379189000,355911000,23278000,0,0,0,999819000,9430746000,R,R,0.0,109,True,3.34,3.27,4.12,7.13,1.88,1.85,2.33,4.02,5.22,5.12,6.45,11.15
124438,132051124438,Savannah,GA,69000,2022,143632,2022,True,581097000,552449000,552272000,552449000,0,11580000,61825000,61021000,804000,34378000,34330000,48000,0,0,43761000,0,497108000,R,R,0.0,60,True,11.19,10.64,11.19,12.44,6.22,5.92,6.22,6.92,17.41,16.56,17.41,19.35
126027,182057126027,Carmel,IN,10342,2022,101643,2022,True,216776000,195942000,195942000,195942000,0,2000,26980000,25324000,1656000,30980000,30980000,0,0,0,0,1357000,194583000,R,R,0.0,42,True,13.77,12.45,13.77,13.87,15.81,14.29,15.81,15.92,29.58,26.74,29.58,29.79
126081,182141126081,South Bend,IN,71000,2022,101868,2022,True,276942000,250394000,250394000,250394000,0,0,53059000,52942000,117000,32615000,32615000,0,0,0,0,1997000,248397000,R,R,0.0,52,True,21.19,19.16,21.19,21.36,13.03,11.78,13.03,13.13,34.22,30.94,34.22,34.49
127810,222017127810,Shreveport,LA,70000,2022,184786,2022,True,445878000,368306000,368231000,368306000,0,0,62409000,62325000,84000,58064000,58064000,0,0,0,10549000,228000,357529000,R,R,0.199,57,True,16.94,14.0,16.94,17.46,15.77,13.02,15.77,16.24,32.71,27.02,32.71,33.7
128108,252025128108,Boston,MA,07000,2022,691531,2022,True,5612923000,5549608000,5204392000,3512246000,2037362000,370054000,441749000,432343000,9406000,289514000,289514000,0,0,0,0,29559000,3112633000,R,R,0.0,65,True,7.96,7.87,12.58,14.19,5.22,5.16,8.24,9.3,13.18,13.03,20.82,23.49
128309,262099128309,Warren,MI,84000,2022,132877,2022,True,280448000,234078000,234078000,234078000,0,0,48852000,47655000,1197000,28563000,28179000,384000,0,0,0,496000,233582000,R,R,0.0,45,True,20.87,17.42,20.87,20.91,12.2,10.18,12.2,12.23,33.07,27.6,33.07,33.14
129295,282049129295,Jackson,MS,36000,2022,157821,2022,True,308614000,256826000,256826000,256826000,0,2984000,31361000,30375000,986000,26317000,22731000,3586000,0,0,27058000,825000,225959000,R,R,0.0,61,True,12.21,10.16,12.21,13.88,10.25,8.53,10.25,11.65,22.46,18.69,22.46,25.53
129515,292095129515,Independence,MO,35000,2022,116774,2022,True,330122000,183592000,183592000,183592000,0,0,41531000,41531000,0,22065000,22065000,0,0,0,0,3455000,180137000,I,I,1.0,49,True,22.62,12.58,22.62,23.06,12.02,6.68,12.02,12.25,34.64,19.26,34.64,35.3
130835,342013130835,Newark,NJ,51000,2022,282520,2022,True,907422000,838088000,837231000,838088000,0,0,160141000,160141000,0,80023000,80023000,0,0,0,0,7425000,830663000,R,R,0.0,43,True,19.11,17.65,19.11,19.28,9.55,8.82,9.55,9.63,28.66,26.47,28.66,28.91
131239,362055131239,Rochester,NY,63000,2022,205225,2022,True,1595058000,1542940000,1540508000,706346000,836594000,0,100102000,99863000,239000,63219000,58753000,4466000,0,0,0,2245000,704101000,R,R,0.0,58,True,6.49,6.28,14.17,14.22,4.1,3.96,8.95,8.98,10.59,10.24,23.12,23.2
131717,372051131717,Fayetteville,NC,22920,2022,211705,2022,True,1074448000,398921000,364865000,398921000,0,352000,59669000,57155000,2514000,32055000,31350000,705000,0,0,19761000,0,378808000,I,I,0.217,63,True,14.96,5.55,14.96,15.75,8.04,2.98,8.04,8.46,22.99,8.54,22.99,24.21
131775,372183131775,Cary,NC,10740,2022,173587,2022,True,306012000,232535000,232535000,232535000,0,0,29890000,29667000,223000,31182000,31146000,36000,0,0,0,0,232535000,R,R,0.0,47,True,12.85,9.77,12.85,12.85,13.41,10.19,13.41,13.41,26.26,19.96,26.26,26.26
133222,412039133222,Eugene,OR,23850,2022,173236,2022,True,726580000,401037000,398452000,401037000,0,0,67134000,66987000,147000,49471000,49471000,0,0,0,26835000,0,374202000,R,R,0.0,63,True,16.74,9.24,16.74,17.94,12.34,6.81,12.34,13.22,29.08,16.05,29.08,31.16
133470,422003133470,Pittsburgh,PA,61000,2022,299226,2022,True,761746000,761746000,761746000,761746000,0,0,130559000,130559000,0,90470000,90470000,0,0,0,0,31842000,729904000,R,R,0.0,39,True,17.14,17.14,17.14,17.89,11.88,11.88,11.88,12.39,29.02,29.02,29.02,30.28
133602,422101133602,Philadelphia,PA,60000,2022,1578487,2022,True,10597763000,9671443000,9281711000,9671443000,0,575403000,783933000,776684000,7249000,344950000,343110000,1840000,0,0,402161000,2206934000,6486945000,R,R,0.0,69,True,8.11,7.4,8.11,12.08,3.57,3.25,3.57,5.32,11.67,10.65,11.67,17.4
135095,482039135095,Pearland,TX,56348,2022,123562,2022,True,326384000,241720000,234231000,241720000,0,1097000,30911000,30491000,420000,19074000,18867000,207000,0,0,0,0,240623000,I,I,1.0,49,True,12.79,9.47,12.79,12.85,7.89,5.84,7.89,7.93,20.68,15.31,20.68,20.77
135130,482113135130,Carrollton,TX,13024,2022,139892,2022,True,218250000,190840000,188475000,190840000,0,0,29386000,29341000,45000,31870000,31858000,12000,0,0,0,3269000,187571000,R,R,0.0,52,True,15.4,13.46,15.4,15.67,16.7,14.6,16.7,16.99,32.1,28.07,32.1,32.66
135132,482113135132,Mesquite,TX,47892,2022,138916,2022,True,292888000,236281000,236281000,236281000,0,0,43852000,42927000,925000,33018000,32922000,96000,0,0,1856000,2242000,232183000,I,I,1.0,57,True,18.56,14.97,18.56,18.89,13.97,11.27,13.97,14.22,32.53,26.25,32.53,33.11
135275,482423135275,Tyler,TX,74144,2022,108222,2022,True,187053000,152347000,152347000,152347000,0,0,31959000,31451000,508000,21643000,20843000,800000,0,0,3226000,1318000,147803000,I,I,1.0,63,True,20.98,17.09,20.98,21.62,14.21,11.57,14.21,14.64,35.18,28.66,35.18,36.27
135285,482451135285,San Angelo,TX,64472,2022,101612,2022,True,144127000,124800000,124794000,124800000,0,441000,23161000,21983000,1178000,20169000,19786000,383000,0,0,3583000,1355000,119421000,R,R,0.0,60,True,18.56,16.07,18.56,19.39,16.16,13.99,16.16,16.89,34.72,30.06,34.72,36.28
135293,482479135293,Laredo,TX,41464,2022,263640,2022,True,525686000,448624000,448131000,448624000,0,7176000,85890000,85490000,400000,63212000,63162000,50000,0,0,18833000,35379000,387236000,I,I,1.0,74,True,19.15,16.34,19.15,22.18,14.09,12.02,14.09,16.32,33.24,28.36,33.24,38.5
135295,482485135295,Wichita Falls,TX,79000,2022,105405,2022,True,187762000,146781000,146781000,146781000,0,0,28637000,28637000,0,19428000,19428000,0,0,0,2066000,6483000,138232000,I,I,1.0,55,True,19.51,15.25,19.51,20.72,13.24,10.35,13.24,14.05,32.75,25.6,32.75,34.77
135298,482491135298,Round Rock,TX,63500,2022,137575,2022,True,216135000,184569000,183728000,184569000,0,0,31611000,30383000,1228000,20030000,18465000,1565000,0,0,0,801000,183768000,I,I,1.0,53,True,17.13,14.63,17.13,17.2,10.85,9.27,10.85,10.9,27.98,23.89,27.98,28.1
136056,512650136056,Hampton,VA,35000,2022,135464,2022,True,709432000,709432000,704462000,426272000,283160000,62094000,32544000,31832000,712000,25530000,25530000,0,0,0,0,8775000,355403000,R,R,0.0,66,True,4.59,4.59,7.63,9.16,3.6,3.6,5.99,7.18,8.19,8.19,13.62,16.34
136057,512710136057,Norfolk,VA,57000,2022,242803,2022,True,1406526000,1333202000,1327636000,903703000,429499000,94213000,89867000,89867000,0,41111000,41111000,0,0,0,56061000,34897000,718532000,R,R,0.0,71,True,6.74,6.39,9.94,12.51,3.08,2.92,4.55,5.72,9.82,9.31,14.49,18.23
136110,532033136110,Renton,WA,57745,2022,101494,2022,True,230976000,217318000,217235000,217318000,0,32186000,36122000,35972000,150000,0,0,0,0,0,2834000,579000,181719000,R,-,0.0,61,True,16.62,15.64,16.62,19.88,0.0,0.0,0.0,0.0,16.62,15.64,16.62,19.88
136562,552079136562,Milwaukee,WI,53000,2022,589067,2022,True,1364847000,1278256000,1278256000,1278256000,0,9600000,310739000,304040000,6699000,133030000,129556000,3474000,0,0,9631000,48757000,1210268000,R,R,0.0,58,True,24.31,22.77,24.31,25.68,10.41,9.75,10.41,10.99,34.72,32.51,34.72,36.67
137232,062037137232,Santa Clarita,CA,69088,2022,209990,2022,True,238832000,205368000,205368000,205368000,0,0,32341000,28445000,3896000,853000,853000,0,0,0,0,4906000,200462000,R,R,0.031,42,True,15.75,13.54,15.75,16.13,0.42,0.36,0.42,0.43,16.16,13.9,16.16,16.56
137234,062065137234,Temecula,CA,78120,2022,113878,2022,True,259777000,259777000,223464000,259777000,0,0,36762000,36002000,760000,9226000,8934000,292000,0,0,0,399000,259378000,R,R,0.0,46,True,14.15,14.15,14.15,14.17,3.55,3.55,3.55,3.56,17.7,17.7,17.7,17.73
160683,012097160683,Mobile,AL,50000,2022,187746,2022,True,398215000,329825000,329815000,329825000,0,14389000,59977000,59977000,0,38137000,38137000,0,0,0,0,0,315436000,R,R,0.372,50,True,18.18,15.06,18.18,19.01,11.56,9.58,11.56,12.09,29.75,24.64,29.75,31.1
160723,012125160723,Tuscaloosa,AL,77256,2022,102819,2022,True,246567000,226048000,219768000,226048000,0,796000,37480000,32925000,4555000,38794000,38794000,0,0,0,7989000,104000,217159000,R,R,0.0,47,True,16.58,15.2,16.58,17.26,17.16,15.73,17.16,17.86,33.74,30.93,33.74,35.12
160830,042013160830,Buckeye,AZ,07940,2022,85224,2022,True,206740000,167367000,167367000,167367000,0,0,25042000,25042000,0,17998000,17998000,0,0,0,1021000,0,166346000,R,R,0.0,47,True,14.96,12.11,14.96,15.05,10.75,8.71,10.75,10.82,25.72,20.82,25.72,25.87
160831,042013160831,Gilbert,AZ,27400,2022,257658,2022,True,409578000,352264000,345478000,352264000,0,969000,72453000,72453000,0,38003000,38003000,0,0,0,0,0,351295000,R,R,0.053,57,True,20.57,17.69,20.57,20.62,10.79,9.28,10.79,10.82,31.36,26.97,31.36,31.44
160832,042013160832,Peoria,AZ,54050,2022,179872,2022,True,336375000,269070000,269070000,269070000,0,0,54979000,54979000,0,43084000,43084000,0,0,0,0,0,269070000,R,R,0.0,36,True,20.43,16.34,20.43,20.43,16.01,12.81,16.01,16.01,36.45,29.15,36.45,36.45
160833,042013160833,Tempe,AZ,73000,2022,200402,2022,True,586321000,503356000,503356000,503356000,0,31831000,113040000,110041000,2999000,51966000,49114000,2852000,0,0,0,5324000,466201000,R,R,0.284,52,True,22.46,19.28,22.46,24.25,10.32,8.86,10.32,11.15,32.78,28.14,32.78,35.39
160840,042019160840,Tucson,AZ,77000,2022,542629,2022,True,1075999000,726877000,726453000,726877000,0,0,283044000,283044000,0,118304000,118304000,0,0,0,51737000,0,675140000,R,R,0.032,50,True,38.94,26.31,38.94,41.92,16.28,10.99,16.28,17.52,55.22,37.3,55.22,59.45
161123,062001161123,Hayward,CA,33000,2022,157966,2022,True,398782000,350875000,348390000,350875000,0,95000,82247000,80216000,2031000,85904000,53425000,32479000,0,0,3757000,2061000,344962000,R,R,0.014,60,True,23.44,20.62,23.44,23.84,24.48,21.54,24.48,24.9,47.92,42.17,47.92,48.74
161130,062007161130,Chico,CA,13014,2022,102867,2022,True,144189000,139464000,139464000,139464000,0,0,31833000,29573000,2260000,15549000,15549000,0,0,0,623000,1062000,137779000,R,R,0.006,43,True,22.83,22.08,22.83,23.1,11.15,10.78,11.15,11.29,33.97,32.86,33.97,34.39
161132,062013161132,Concord,CA,16000,2022,128544,2022,True,187377000,187377000,186663000,187377000,0,0,65744000,65744000,0,0,0,0,0,0,0,169000,187208000,R,-,0.032,41,True,35.09,35.09,35.09,35.12,0.0,0.0,0.0,0.0,35.09,35.09,35.09,35.12
161135,062013161135,Richmond,CA,60620,2022,110038,2022,True,262320000,260959000,260959000,260959000,0,0,62889000,62871000,18000,33881000,33881000,0,0,0,1065000,0,259894000,R,R,0.0,49,True,24.1,23.97,24.1,24.2,12.98,12.92,12.98,13.04,37.08,36.89,37.08,37.23
161169,062037161169,El Monte,CA,22230,2022,112344,2022,True,175720000,155613000,137705000,155613000,0,0,37687000,36282000,1405000,15592000,15592000,0,0,0,0,513000,155100000,R,R,0.046,50,True,24.22,21.45,24.22,24.3,10.02,8.87,10.02,10.05,34.24,30.32,34.24,34.35
161170,062037161170,Glendale,CA,30000,2022,197747,2022,True,706418000,496893000,496893000,496893000,0,0,101211000,99439000,1772000,63000000,63000000,0,0,0,0,7220000,489673000,R,R,0.0,52,True,20.37,14.33,20.37,20.67,12.68,8.92,12.68,12.87,33.05,23.25,33.05,33.53
161173,062037161173,Long Beach,CA,43000,2022,454681,2022,True,2572331000,2227309000,2227309000,2227309000,0,0,267842000,266793000,1049000,94940000,94940000,0,0,0,446337000,134115000,1646857000,R,R,0.0,60,True,12.03,10.41,12.03,16.26,4.26,3.69,4.26,5.76,16.29,14.1,16.29,22.03
161174,062037161174,Los Angeles,CA,44000,2022,3970219,2022,True,20821985000,14018584000,13740201000,14018584000,0,1073000,2972025000,2913863000,58162000,810245000,788225000,22020000,0,0,2108331000,458506000,11450674000,R,R,0.0,78,True,21.2,14.27,21.2,25.96,5.78,3.89,5.78,7.08,26.98,18.16,26.98,33.03
161179,062037161179,Pomona,CA,58072,2022,149212,2022,True,274550000,235383000,235383000,235383000,0,0,61039000,60780000,259000,33145000,33145000,0,0,0,0,1773000,233610000,R,R,0.074,52,True,25.93,22.23,25.93,26.13,14.08,12.07,14.08,14.19,40.01,34.3,40.01,40.32
161212,062053161212,Salinas,CA,64224,2022,154868,2022,True,231173000,231058000,231058000,231058000,0,0,62003000,57252000,4751000,26667000,26667000,0,0,0,1524000,2508000,227026000,R,R,0.0,49,True,26.83,26.82,26.83,27.31,11.54,11.54,11.54,11.75,38.38,38.36,38.38,39.06
161218,062059161218,Fullerton,CA,28000,2022,139921,2022,True,317572000,285540000,281507000,285540000,0,0,51633000,51020000,613000,25735000,25720000,15000,0,0,3132000,6015000,276393000,R,R,0.011,56,True,18.08,16.26,18.08,18.68,9.01,8.1,9.01,9.31,27.1,24.36,27.1,27.99
161220,062059161220,Orange,CA,53980,2022,138192,2022,True,264589000,221078000,218848000,221078000,0,0,72681000,53450000,19231000,41614000,25451000,16163000,0,0,0,13255000,207823000,R,R,0.058,52,True,32.88,27.47,32.88,34.97,18.82,15.73,18.82,20.02,51.7,43.2,51.7,55.0
161229,062059161229,Irvine,CA,36770,2022,283700,2022,True,579005000,527732000,501637000,527732000,0,27000,93940000,92966000,974000,0,0,0,0,0,0,6223000,521482000,R,-,0.076,47,True,17.8,16.22,17.8,18.01,0.0,0.0,0.0,0.0,17.8,16.22,17.8,18.01
161238,062065161238,Moreno Valley,CA,49270,2022,212349,2022,True,236536000,209564000,209564000,209564000,0,0,27173000,26370000,803000,17517000,17517000,0,0,0,0,40968000,168596000,R,R,0.0,41,True,12.97,11.49,12.97,16.12,8.36,7.41,8.36,10.39,21.33,18.89,21.33,26.51
161241,062067161241,Sacramento,CA,64000,2022,512838,2022,True,1943698000,1852871000,1586071000,1852871000,0,5635000,245619000,223345000,22274000,171673000,161715000,9958000,0,0,0,39017000,1808219000,R,R,0.0,63,True,13.26,12.64,13.26,13.58,9.27,8.83,9.27,9.49,22.52,21.47,22.52,23.08
161245,062071161245,Fontana,CA,24680,2022,216173,2022,True,340601000,340601000,340601000,340601000,0,0,82253000,78424000,3829000,39842000,39842000,0,0,0,0,206000,340395000,R,R,0.022,43,True,24.15,24.15,24.15,24.16,11.7,11.7,11.7,11.7,35.85,35.85,35.85,35.87
161246,062071161246,Ontario,CA,53896,2022,183393,2022,True,764783000,698328000,698328000,698328000,0,0,116980000,115759000,1221000,84593000,80438000,4155000,0,0,0,3186000,695142000,R,R,0.041,52,True,16.75,15.3,16.75,16.83,12.11,11.06,12.11,12.17,28.87,26.36,28.87,29.0
161251,062071161251,Rancho Cucamonga,CA,59451,2022,178849,2022,True,270557000,258395000,258395000,258395000,0,0,49449000,45213000,4236000,93790000,89961000,3829000,0,0,0,3681000,254714000,R,R,0.011,46,True,19.14,18.28,19.14,19.41,36.3,34.67,36.3,36.82,55.43,52.94,55.43,56.24
161252,062071161252,Victorville,CA,82590,2022,124982,2022,True,383561000,313589000,257513000,313589000,0,6384000,32487000,30556000,1931000,20133000,15333000,4800000,0,0,13333000,3181000,290691000,R,R,0.0,65,True,10.36,8.47,10.36,11.18,6.42,5.25,6.42,6.93,16.78,13.72,16.78,18.1
161254,062073161254,Carlsbad,CA,11194,2022,115599,2022,True,312295000,264071000,264071000,264071000,0,0,53008000,50454000,2554000,7653000,7653000,0,0,0,0,23150000,240921000,R,R,0.007,44,True,20.07,16.97,20.07,22.0,2.9,2.45,2.9,3.18,22.97,19.42,22.97,25.18
161255,062073161255,Escondido,CA,22804,2022,149943,2022,True,335198000,254104000,219633000,254104000,0,0,51351000,50579000,772000,29391000,29357000,34000,0,0,0,1235000,252869000,R,R,0.0,47,True,20.21,15.32,20.21,20.31,11.57,8.77,11.57,11.62,31.78,24.09,31.78,31.93
161256,062073161256,Oceanside,CA,53322,2022,174648,2022,True,392613000,330092000,330092000,330092000,0,0,69109000,68179000,930000,33635000,33635000,0,0,0,8721000,22520000,298851000,R,R,0.029,56,True,20.94,17.6,20.94,23.12,10.19,8.57,10.19,11.25,31.13,26.17,31.13,34.38
161258,062075161258,San Francisco And County,CA,67000,2022,866606,2022,True,17261362000,14497391000,14496021000,14497391000,0,3132514000,770884000,728015000,42869000,494185000,454709000,39476000,0,0,858085000,2785479000,7721313000,R,R,0.0,77,True,5.32,4.47,5.32,9.98,3.41,2.86,3.41,6.4,8.73,7.33,8.73,16.38
161273,062083161273,Santa Maria,CA,69196,2022,105851,2022,True,201727000,166376000,166376000,166376000,0,0,38292000,37780000,512000,19117000,19117000,0,0,0,0,14138000,152238000,R,R,0.0,48,True,23.02,18.98,23.02,25.15,11.49,9.48,11.49,12.56,34.51,28.46,34.51,37.71
161280,062085161280,Santa Clara,CA,69084,2022,131055,2022,True,1420889000,844848000,488687000,844848000,0,0,77670000,77590000,80000,60655000,60575000,80000,0,0,0,2890000,841958000,R,R,0.0,61,True,9.19,5.47,9.19,9.22,7.18,4.27,7.18,7.2,16.37,9.74,16.37,16.43
161281,062085161281,Sunnyvale,CA,77000,2022,151746,2022,True,797304000,736252000,609917000,736252000,0,0,72016000,71688000,328000,32994000,32968000,26000,0,0,0,1091000,735161000,R,R,0.0,56,True,9.78,9.03,9.78,9.8,4.48,4.14,4.48,4.49,14.26,13.17,14.26,14.28
161286,062095161286,Vacaville,CA,81554,2022,101332,2022,True,253391000,227037000,227037000,227037000,0,0,55762000,55757000,5000,19510000,19510000,0,0,0,0,16972000,210065000,R,R,0.0,41,True,24.56,22.01,24.56,26.55,8.59,7.7,8.59,9.29,33.15,29.71,33.15,35.83
161287,062097161287,Santa Rosa,CA,70098,2022,174613,2022,True,370916000,311380000,311380000,311380000,0,0,72343000,71972000,371000,50895000,50895000,0,0,0,0,3047000,308333000,R,R,0.0,48,True,23.23,19.5,23.23,23.46,16.34,13.72,16.34,16.51,39.58,33.23,39.58,39.97
161299,062111161299,Oxnard,CA,54652,2022,207945,2022,True,601529000,541234000,533250000,541234000,0,0,86275000,81306000,4969000,42012000,39012000,3000000,0,0,0,13468000,527766000,R,R,0.0,52,True,15.94,14.34,15.94,16.35,7.76,6.98,7.76,7.96,23.7,21.33,23.7,24.31
161300,062111161300,San Buenaventura,CA,65042,2022,107110,2022,True,206025000,170803000,170803000,170803000,0,0,47660000,47302000,358000,27200000,27200000,0,0,0,0,773000,170030000,R,R,0.027,45,True,27.9,23.13,27.9,28.03,15.92,13.2,15.92,16.0,43.83,36.34,43.83,44.03
161302,062111161302,Simi Valley,CA,72016,2022,125168,2022,True,184584000,120174000,118140000,120174000,0,0,37514000,37140000,374000,0,0,0,0,0,0,1636000,118538000,R,-,0.0,54,True,31.22,20.32,31.22,31.65,0.0,0.0,0.0,0.0,31.22,20.32,31.22,31.65
161328,082001161328,Thornton,CO,77290,2022,148113,2022,True,323955000,238081000,234130000,238081000,0,0,50139000,44290000,5849000,29981000,25983000,3998000,0,0,0,0,238081000,R,R,0.0,50,True,21.06,15.48,21.06,21.06,12.59,9.25,12.59,12.59,33.65,24.73,33.65,33.65
161337,082013161337,Boulder,CO,07850,2022,107645,2022,True,265269000,233804000,233804000,233804000,0,0,38527000,38527000,0,23418000,23418000,0,0,0,1010000,3563000,229231000,R,R,0.035,48,True,16.48,14.52,16.48,16.81,10.02,8.83,10.02,10.22,26.49,23.35,26.49,27.02
161362,082041161362,Colorado Springs,CO,16000,2022,482131,2022,True,1624187000,717740000,717705000,717740000,0,0,128771000,128770000,1000,64140000,63183000,957000,0,0,38039000,0,679701000,R,R,0.0,62,True,17.94,7.93,17.94,18.95,8.94,3.95,8.94,9.44,26.88,11.88,26.88,28.38
161374,082059161374,Arvada,CO,03455,2022,121936,2022,True,178628000,140373000,140373000,140373000,0,0,36037000,35993000,44000,0,0,0,0,0,0,0,140373000,R,-,0.0,35,True,25.67,20.17,25.67,25.67,0.0,0.0,0.0,0.0,25.67,20.17,25.67,25.67
161376,082059161376,Lakewood,CO,43000,2022,157429,2022,True,187203000,185980000,185980000,185980000,0,0,56279000,55625000,654000,0,0,0,0,0,0,0,185980000,R,-,0.005,42,True,30.26,30.06,30.26,30.26,0.0,0.0,0.0,0.0,30.26,30.06,30.26,30.26
161441,092110161441,Hartford,CT,37000,2022,121535,2022,True,1001878000,1001878000,940989000,523725000,478153000,3975000,55223000,55223000,0,39167000,39167000,0,0,0,0,18391000,501359000,R,R,0.0,38,True,5.51,5.51,10.54,11.01,3.91,3.91,7.48,7.81,9.42,9.42,18.02,18.83
161447,092170161447,New Haven,CT,52000,2022,130801,2022,True,990105000,990105000,972390000,540786000,449319000,0,43748000,43748000,0,36835000,36835000,0,0,0,216000,2684000,537886000,R,R,0.0,42,True,4.42,4.42,8.09,8.13,3.72,3.72,6.81,6.85,8.14,8.14,14.9,14.98
161572,122001161572,Gainesville,FL,25175,2022,135004,2022,True,786440000,337027000,337027000,337027000,0,2187000,39267000,39125000,142000,20427000,20303000,124000,0,0,468000,3225000,331147000,R,R,0.0,62,True,11.65,4.99,11.65,11.86,6.06,2.6,6.06,6.17,17.71,7.59,17.71,18.03
161585,122011161585,Fort Lauderdale,FL,24000,2022,184245,2022,True,806485000,606435000,606435000,606435000,0,0,128761000,124789000,3972000,96136000,93701000,2435000,0,0,10524000,0,595911000,R,R,0.0,58,True,21.23,15.97,21.23,21.61,15.85,11.92,15.85,16.13,37.09,27.89,37.09,37.74
161586,122011161586,Hollywood,FL,32000,2022,154611,2022,True,521379000,469099000,469099000,469099000,0,0,90695000,90075000,620000,13050000,10604000,2446000,0,0,0,51292000,417807000,R,R,0.0,51,True,19.33,17.4,19.33,21.71,2.78,2.5,2.78,3.12,22.12,19.9,22.12,24.83
161588,122011161588,Pompano Beach,FL,58050,2022,112360,2022,True,355039000,327894000,327894000,327894000,0,0,58607000,52036000,6571000,30925000,29245000,1680000,0,0,2611000,20462000,304821000,R,R,0.0,51,True,17.87,16.51,17.87,19.23,9.43,8.71,9.43,10.15,27.31,25.22,27.31,29.37
161593,122011161593,Pembroke Pines,FL,55775,2022,174414,2022,True,437852000,428486000,428486000,428486000,0,2915000,70550000,67893000,2657000,54335000,54335000,0,0,0,0,0,425571000,R,R,0.0,49,True,16.46,16.11,16.46,16.58,12.68,12.41,12.68,12.77,29.15,28.52,29.15,29.35
161594,122011161594,Davie,FL,16475,2022,106621,2022,True,213469000,186424000,186424000,186424000,0,0,51597000,50575000,1022000,24586000,22675000,1911000,0,0,0,27971000,158453000,R,R,0.0,52,True,27.68,24.17,27.68,32.56,13.19,11.52,13.19,15.52,40.87,35.69,40.87,48.08
161595,122011161595,Coral Springs,FL,14400,2022,133519,2022,True,238618000,238156000,238156000,222904000,15252000,0,55889000,55336000,553000,27132000,26279000,853000,0,0,0,12461000,210443000,R,R,0.0,57,True,23.47,23.42,25.07,26.56,11.39,11.37,12.17,12.89,34.86,34.79,37.25,39.45
161604,122086161604,Hialeah,FL,30000,2022,232027,2022,True,326453000,303143000,303143000,302422000,721000,888000,71278000,67727000,3551000,57050000,54240000,2810000,0,0,0,0,301534000,R,R,0.0,61,True,23.51,21.83,23.57,23.64,18.82,17.48,18.86,18.92,42.33,39.31,42.43,42.56
161633,122057161633,Tampa,FL,71000,2022,407599,2022,True,1436710000,1253368000,1253368000,1253368000,0,0,176247000,173182000,3065000,112219000,110363000,1856000,0,0,0,0,1253368000,R,R,0.0,61,True,14.06,12.27,14.06,14.06,8.95,7.81,8.95,8.95,23.02,20.08,23.02,23.02
161649,122071161649,Cape Coral,FL,10275,2022,200972,2022,True,450791000,384733000,384733000,354793000,29940000,0,47676000,45563000,2113000,39751000,35584000,4167000,0,0,0,0,354793000,R,R,0.0,48,True,12.39,10.58,13.44,13.44,10.33,8.82,11.2,11.2,22.72,19.39,24.64,24.64
161650,122073161650,Tallahassee,FL,70600,2022,196326,2022,True,1022524000,646938000,646938000,646938000,0,0,68878000,68023000,855000,48902000,48307000,595000,0,0,23931000,0,623007000,R,R,0.0,66,True,10.65,6.74,10.65,11.06,7.56,4.78,7.56,7.85,18.21,11.52,18.21,18.91
161665,122095161665,Orlando,FL,53000,2022,289457,2022,True,1173121000,1173121000,1173121000,1173121000,0,0,191683000,190144000,1539000,127891000,127184000,707000,0,0,0,0,1173121000,R,R,0.0,52,True,16.34,16.34,16.34,16.34,10.9,10.9,10.9,10.9,27.24,27.24,27.24,27.24
161679,122099161679,West Palm Beach,FL,76600,2022,112782,2022,True,466177000,458467000,456363000,458467000,0,0,63115000,62514000,601000,49919000,47676000,2243000,0,0,0,4245000,454222000,R,R,0.0,58,True,13.77,13.54,13.77,13.9,10.89,10.71,10.89,10.99,24.65,24.25,24.65,24.89
161693,122103161693,St Petersburg,FL,63000,2022,267802,2022,True,669298000,603293000,603293000,603293000,0,0,114999000,114543000,456000,39577000,39558000,19000,0,0,1756000,17572000,583965000,R,R,0.0,58,True,19.06,17.18,19.06,19.69,6.56,5.91,6.56,6.78,25.62,23.1,25.62,26.47
161710,122111161710,Port St Lucie,FL,58715,2022,209715,2022,True,328842000,285750000,285750000,285750000,0,0,51399000,47321000,4078000,0,0,0,0,0,0,20455000,265295000,R,-,0.0,53,True,17.99,15.63,17.99,19.37,0.0,0.0,0.0,0.0,17.99,15.63,17.99,19.37
161834,132059161834,Athens-Clarke County Unified Government,GA,03436,2022,127795,2022,True,316018000,294023000,292744000,294023000,0,16288000,31303000,30474000,829000,16217000,15561000,656000,0,0,3760000,2626000,271349000,R,R,0.021,68,True,10.65,9.91,10.65,11.54,5.52,5.13,5.52,5.98,16.16,15.04,16.16,17.51
161944,132215161944,Columbus Consolidated Government,GA,19000,2022,196442,2022,True,441031000,418803000,397921000,418803000,0,31089000,68519000,63355000,5164000,38101000,31936000,6165000,0,0,7742000,18216000,361756000,R,R,0.0,72,True,16.36,15.54,16.36,18.94,9.1,8.64,9.1,10.53,25.46,24.18,25.46,29.47
162035,162001162035,Boise,ID,08830,2022,229776,2022,True,457280000,455257000,453690000,455257000,0,0,59255000,57039000,2216000,60424000,58451000,1973000,0,0,42751000,2765000,409741000,R,R,0.0,60,True,13.02,12.96,13.02,14.46,13.27,13.21,13.27,14.75,26.29,26.17,26.29,29.21
162037,162001162037,Meridian,ID,52120,2022,121182,2022,True,94538000,84204000,84204000,84204000,0,0,25035000,22246000,2789000,14807000,14371000,436000,0,0,0,0,84204000,R,R,0.0,37,True,29.73,26.48,29.73,29.73,17.58,15.66,17.58,17.58,47.32,42.14,47.32,47.32
162062,162027162062,Nampa,ID,56260,2022,103215,2022,True,133656000,125061000,125061000,125061000,0,0,23852000,23852000,0,14433000,14433000,0,0,0,560000,0,124501000,I,I,0.97,44,True,19.07,17.85,19.07,19.16,11.54,10.8,11.54,11.59,30.61,28.64,30.61,30.75
162236,172031162236,Chicago,IL,14000,2022,2677643,2022,True,12203210000,11685582000,11685582000,11685582000,0,392496000,1656603000,1646054000,10549000,671018000,659287000,11731000,0,0,1596145000,364581000,9332360000,R,R,0.198,75,True,14.18,13.58,14.18,17.75,5.74,5.5,5.74,7.19,19.92,19.07,19.92,24.94
162299,172043162299,Naperville,IL,51622,2022,147986,2022,True,401758000,195125000,195125000,195125000,0,0,45149000,45149000,0,40343000,40343000,0,0,0,0,0,195125000,R,R,0.0,31,True,23.14,11.24,23.14,23.14,20.68,10.04,20.68,20.68,43.81,21.28,43.81,43.81
162629,172167162629,Springfield,IL,72000,2022,113671,2022,True,416080000,236141000,235180000,236141000,0,0,0,0,0,0,0,0,0,0,0,0,236141000,-,-,0.0,36,False,,,,,,,,,,,,
162690,172197162690,Joliet,IL,38570,2022,146673,2022,True,311546000,232131000,232131000,232131000,0,0,47701000,44998000,2703000,29539000,29539000,0,0,0,0,0,232131000,R,R,0.024,37,True,20.55,15.31,20.55,20.55,12.73,9.48,12.73,12.73,33.27,24.79,33.27,33.27
163465,182003163465,Fort Wayne,IN,25000,2022,272398,2022,True,338069000,318074000,316546000,318074000,0,0,81827000,77526000,4301000,56156000,54249000,1907000,0,0,0,5274000,312800000,R,R,0.068,54,True,25.73,24.2,25.73,26.16,17.66,16.61,17.66,17.95,43.38,40.82,43.38,44.11
163681,182163163681,Evansville,IN,22000,2022,118407,2022,True,409801000,275922000,275922000,275922000,0,0,36068000,35575000,493000,32345000,31098000,1247000,0,0,19175000,0,256747000,R,R,0.088,53,True,13.07,8.8,13.07,14.05,11.72,7.89,11.72,12.6,24.79,16.69,24.79,26.65
164470,192113164470,Cedar Rapids,IA,12000,2022,134027,2022,True,495736000,441383000,441383000,441383000,0,0,51879000,51879000,0,23467000,23467000,0,0,0,34101000,1381000,405901000,R,R,0.0,54,True,11.75,10.47,11.75,12.78,5.32,4.73,5.32,5.78,17.07,15.2,17.07,18.56
164885,202177164885,Topeka,KS,71000,2022,124558,2022,True,216109000,160655000,160655000,160655000,0,0,38712000,38712000,0,27651000,27549000,102000,0,0,0,0,160655000,R,R,0.0,49,True,24.1,17.91,24.1,24.1,17.21,12.79,17.21,17.21,41.31,30.71,41.31,41.31
164911,202209164911,Wyandotte County And Kansas Unified Government,KS,36000,2022,152727,2022,True,746390000,495963000,495963000,495963000,0,36644000,63285000,63285000,0,68346000,68346000,0,0,0,0,26641000,432678000,I,I,0.441,55,True,12.76,8.48,12.76,14.63,13.78,9.16,13.78,15.8,26.54,17.64,26.54,30.42
165831,212067165831,Lexington-Fayette Urban County Government,KY,46027,2022,324735,2022,True,566620000,540242000,540242000,540242000,0,43828000,74047000,65025000,9022000,74037000,70703000,3334000,0,0,14187000,26296000,455931000,R,R,0.0,67,True,13.71,13.07,13.71,16.24,13.7,13.07,13.7,16.24,27.41,26.13,27.41,32.48
165866,212111165866,Louisville-Jefferson County Metro Government,KY,48003,2022,767452,2022,True,2729048000,2221905000,2161079000,2140493000,81412000,55661000,207627000,199759000,7868000,77704000,77046000,658000,0,0,136766000,141006000,1807060000,R,R,0.0,77,True,9.34,7.61,9.7,11.49,3.5,2.85,3.63,4.3,12.84,10.46,13.33,15.79
166054,222033166054,Baton Rouge-East Baton Rouge-Parish,LA,05000,2022,219052,2022,True,1207314000,1170081000,1144006000,1170081000,0,136127000,147463000,143124000,4339000,73799000,73043000,756000,0,0,16286000,69446000,948222000,IR,R,0.044,77,True,12.6,12.21,12.6,15.55,6.31,6.11,6.31,7.78,18.91,18.33,18.91,23.33
166076,222055166076,Lafayette-Parish,LA,40735,2022,126535,2022,True,664803000,428613000,428432000,428613000,0,7126000,110134000,105882000,4252000,30006000,29293000,713000,0,0,7547000,4605000,409335000,R,R,0.011,82,True,25.7,16.57,25.7,26.91,7.0,4.51,7.0,7.33,32.7,21.08,32.7,34.24
166094,222071166094,New Orleans,LA,55000,2022,389476,2022,True,2081178000,1881127000,1881127000,1881127000,0,68620000,175149000,175149000,0,117130000,117130000,0,0,0,112569000,35999000,1663939000,S,S,0.05,64,True,9.31,8.42,9.31,10.53,6.23,5.63,6.23,7.04,15.54,14.04,15.54,17.57
166441,252005166441,New Bedford,MA,45000,2022,95517,2022,True,463830000,453241000,443173000,167822000,285419000,2007000,27676000,26867000,809000,21649000,20814000,835000,0,0,661000,4827000,160327000,R,R,0.0,65,True,6.11,5.97,16.49,17.26,4.78,4.67,12.9,13.5,10.88,10.63,29.39,30.77
166448,252017166448,Cambridge,MA,11000,2022,119192,2022,True,1628605000,1612293000,1599179000,1296573000,315720000,870075000,47941000,47300000,641000,34341000,34234000,107000,0,0,0,0,426498000,R,R,0.0,58,True,2.97,2.94,3.7,11.24,2.13,2.11,2.65,8.05,5.1,5.05,6.35,19.29
166449,252017166449,Lowell,MA,37000,2022,110904,2022,True,578741000,570684000,558415000,208226000,362458000,501000,29834000,29473000,361000,22618000,22510000,108000,0,0,0,3300000,204425000,R,R,0.0,58,True,5.23,5.15,14.33,14.59,3.96,3.91,10.86,11.06,9.19,9.06,25.19,25.66
166454,252021166454,Quincy,MA,55745,2022,94421,2022,True,595697000,567742000,560681000,340267000,227475000,1211000,32573000,32573000,0,29069000,29069000,0,0,0,0,1207000,337849000,R,R,0.0,58,True,5.74,5.47,9.57,9.64,5.12,4.88,8.54,8.6,10.86,10.35,18.12,18.25
166455,252023166455,Brockton,MA,09000,2022,95770,2022,True,614823000,597043000,587851000,231364000,365679000,848000,29500000,29500000,0,31150000,31150000,0,0,0,0,1203000,229313000,R,R,0.0,59,True,4.94,4.8,12.75,12.86,5.22,5.07,13.46,13.58,10.16,9.86,26.21,26.45
166690,262065166690,Lansing,MI,46000,2022,117540,2022,True,775757000,407864000,405207000,407864000,0,0,50872000,49770000,1102000,39563000,39436000,127000,0,0,0,0,407864000,R,R,0.0,57,True,12.47,6.56,12.47,12.47,9.7,5.1,9.7,9.7,22.17,11.66,22.17,22.17
166734,262099166734,Sterling Heights,MI,76460,2022,131709,2022,True,222945000,192086000,190752000,192086000,0,0,37864000,35923000,1941000,25390000,24038000,1352000,0,0,0,10000,192076000,R,R,0.004,47,True,19.71,16.98,19.71,19.71,13.22,11.39,13.22,13.22,32.93,28.37,32.93,32.93
166817,262163166817,Detroit,MI,22000,2022,665369,2022,True,2563742000,2213306000,2213306000,2213306000,0,0,332420000,332420000,0,137094000,137094000,0,0,0,3400000,86997000,2122909000,R,R,0.0,61,True,15.02,12.97,15.02,15.66,6.19,5.35,6.19,6.46,21.21,18.31,21.21,22.12
167574,272109167574,Rochester,MN,54880,2022,119862,2022,True,448891000,269843000,269843000,269843000,0,0,38536000,37700000,836000,20312000,19760000,552000,0,0,24655000,0,245188000,R,R,0.0,53,True,14.28,8.58,14.28,15.72,7.53,4.52,7.53,8.28,21.81,13.11,21.81,24.0
167605,272123167605,St Paul,MN,58000,2022,306717,2022,True,849562000,770799000,770799000,770799000,0,0,143993000,142015000,1978000,75038000,73753000,1285000,0,0,20214000,1613000,748972000,R,R,0.0,55,True,18.68,16.95,18.68,19.23,9.74,8.83,9.74,10.02,28.42,25.78,28.42,29.24
168809,292019168809,Columbia,MO,15670,2022,124769,2022,True,359507000,203981000,203981000,203981000,0,1054000,20690000,19995000,695000,14857000,14498000,359000,0,0,19447000,8458000,175022000,R,AR,0.0,62,True,10.14,5.76,10.14,11.82,7.28,4.13,7.28,8.49,17.43,9.89,17.43,20.31
168896,292077168896,Springfield,MO,70000,2022,168090,2022,True,758857000,299997000,299997000,299997000,0,0,43646000,43639000,7000,24110000,24110000,0,0,0,21806000,16990000,261201000,R,R,0.046,59,True,14.55,5.75,14.55,16.71,8.04,3.18,8.04,9.23,22.59,8.93,22.59,25.94
168926,292095168926,Lees Summit,MO,41348,2022,101467,2022,True,137037000,124644000,124644000,124644000,0,29000,22381000,22381000,0,21558000,21558000,0,0,0,4203000,0,120412000,R,R,0.086,43,True,17.96,16.33,17.96,18.59,17.3,15.73,17.3,17.9,35.25,32.06,35.25,36.49
169159,292510169159,St Louis,MO,65000,2022,297645,2022,True,1189135000,1091034000,1091034000,1091034000,0,42044000,224630000,224630000,0,81272000,81272000,0,0,0,170037000,89004000,789949000,R,R,0.0,57,True,20.59,18.89,20.59,28.44,7.45,6.83,7.45,10.29,28.04,25.72,28.04,38.72
169646,312109169646,Lincoln,NE,28000,2022,290505,2022,True,534277000,405799000,405799000,405799000,0,13221000,53835000,52901000,934000,34419000,33822000,597000,0,0,0,9188000,383390000,R,R,0.0,59,True,13.27,10.08,13.27,14.04,8.48,6.44,8.48,8.98,21.75,16.52,21.75,23.02
169987,322003169987,Henderson,NV,31900,2022,329172,2022,True,590834000,494613000,494613000,494613000,0,25817000,122746000,108709000,14037000,68750000,68041000,709000,0,0,0,0,468796000,R,R,0.0,51,True,24.82,20.78,24.82,26.18,13.9,11.64,13.9,14.67,38.72,32.41,38.72,40.85
169988,322003169988,Las Vegas,NV,40000,2022,662368,2022,True,1042300000,1042300000,889596000,1042300000,0,60076000,18037000,17392000,645000,161629000,157075000,4554000,0,0,0,17084000,965140000,R,R,0.0,56,True,1.73,1.73,1.73,1.87,15.51,15.51,15.51,16.75,17.24,17.24,17.24,18.62
169993,322031169993,Reno,NV,60600,2022,259290,2022,True,423247000,423247000,423247000,423247000,0,0,100445000,91246000,9199000,63093000,60167000,2926000,0,0,0,0,423247000,R,R,0.0,48,True,23.73,23.73,23.73,23.73,14.91,14.91,14.91,14.91,38.64,38.64,38.64,38.64
170001,332011170001,Manchester,NH,45140,2022,112546,2022,True,521311000,473180000,470858000,266298000,206882000,1887000,27991000,27991000,0,21384000,21384000,0,0,0,32185000,4334000,227892000,R,R,0.387,54,True,5.92,5.37,10.51,12.28,4.52,4.1,8.03,9.38,10.43,9.47,18.54,21.67
170378,352001170378,Albuquerque,NM,02000,2022,562540,2022,True,1178846000,991123000,989935000,991123000,0,82090000,197029000,197029000,0,82100000,82100000,0,0,0,61606000,34515000,812912000,R,R,0.0,60,True,19.88,16.71,19.88,24.24,8.28,6.96,8.28,10.1,28.16,23.68,28.16,34.34
170404,352043170404,Rio Rancho,NM,63460,2022,99885,2022,True,141457000,116603000,116363000,116603000,0,107000,23064000,22414000,650000,15124000,14596000,528000,0,0,0,1104000,115392000,R,R,0.0,57,True,19.78,16.3,19.78,19.99,12.97,10.69,12.97,13.11,32.75,27.0,32.75,33.09
170440,362001170440,Albany,NY,01000,2022,95429,2022,True,203536000,203536000,203496000,203536000,0,0,70302000,67242000,3060000,39395000,38760000,635000,0,0,0,583000,202953000,R,R,0.0,45,True,34.54,34.54,34.54,34.64,19.36,19.36,19.36,19.41,53.9,53.9,53.9,54.05
170582,362067170582,Syracuse,NY,73000,2022,141229,2022,True,548126000,548126000,546694000,11201000,536925000,0,0,0,0,0,0,0,0,0,0,0,11201000,-,-,0.0,21,False,,,,,,,,,,,,
171207,372081171207,Greensboro,NC,28000,2022,297878,2022,True,725113000,571888000,569908000,571888000,0,0,88401000,87938000,463000,65658000,62493000,3165000,0,0,0,406000,571482000,R,R,0.0,66,True,15.46,12.19,15.46,15.47,11.48,9.05,11.48,11.49,26.94,21.25,26.94,26.96
171248,372129171248,Wilmington,NC,74440,2022,124794,2022,True,193194000,189409000,189409000,189409000,0,1046000,37537000,35677000,1860000,19955000,19932000,23000,0,0,0,0,188363000,R,R,0.0,52,True,19.82,19.43,19.82,19.93,10.54,10.33,10.54,10.59,30.35,29.76,30.35,30.52
171305,372183171305,Raleigh,NC,55000,2022,474414,2022,True,1060557000,864192000,863519000,864192000,0,0,119431000,118124000,1307000,76676000,70691000,5985000,0,0,0,0,864192000,R,R,0.0,60,True,13.82,11.26,13.82,13.82,8.87,7.23,8.87,8.87,22.69,18.49,22.69,22.69
171371,382017171371,Fargo,ND,25700,2022,125209,2022,True,410223000,372296000,371937000,372296000,0,571000,23835000,23545000,290000,16565000,15061000,1504000,0,0,19272000,18349000,334104000,S,RS,0.0,74,True,6.4,5.81,6.4,7.13,4.45,4.04,4.45,4.96,10.85,9.85,10.85,12.09
172358,392035172358,Cleveland,OH,16000,2022,378589,2022,True,1258406000,808524000,800755000,808524000,0,4009000,221479000,221479000,0,133811000,133811000,0,0,0,51126000,9113000,744276000,R,R,0.0,57,True,27.39,17.6,27.39,29.76,16.55,10.63,16.55,17.98,43.94,28.23,43.94,47.74
172543,392113172543,Dayton,OH,21000,2022,139907,2022,True,430736000,369220000,369220000,369220000,0,0,60705000,60705000,0,45843000,45843000,0,0,0,52298000,0,316922000,I,I,1.0,42,True,16.44,14.09,16.44,19.15,12.42,10.64,12.42,14.47,28.86,24.74,28.86,33.62
173685,412051173685,Gresham,OR,31250,2022,110031,2022,True,181302000,160731000,156994000,160731000,0,0,26922000,26293000,629000,26160000,26160000,0,0,0,0,0,160731000,R,R,0.0,52,True,16.75,14.85,16.75,16.75,16.28,14.43,16.28,16.28,33.03,29.28,33.03,33.03
174015,422077174015,Allentown,PA,02000,2022,121470,2022,True,185418000,184153000,184153000,184153000,0,0,40156000,40030000,126000,21815000,21815000,0,0,0,0,10076000,174077000,R,R,0.0,42,True,21.81,21.66,21.81,23.07,11.85,11.77,11.85,12.53,33.65,33.42,33.65,35.6
174889,452019174889,Charleston,SC,13330,2022,139714,2022,True,622854000,335182000,334087000,335182000,0,1469000,60972000,60972000,0,38632000,38632000,0,0,0,0,0,333713000,I,I,0.769,52,True,18.19,9.79,18.19,18.27,11.53,6.2,11.53,11.58,29.72,15.99,29.72,29.85
174894,452019174894,North Charleston,SC,50875,2022,118752,2022,True,167880000,167880000,167880000,167880000,0,0,41418000,39065000,2353000,27159000,26194000,965000,0,0,0,0,167880000,R,R,0.0,44,True,24.67,24.67,24.67,24.67,16.18,16.18,16.18,16.18,40.85,40.85,40.85,40.85
174959,452079174959,Columbia,SC,16000,2022,132130,2022,True,478623000,325799000,324941000,325799000,0,1611000,54037000,48855000,5182000,54127000,52041000,2086000,0,0,0,2072000,322116000,R,R,0.0,58,True,16.59,11.29,16.59,16.78,16.61,11.31,16.61,16.8,33.2,22.6,33.2,33.58
175728,472037175728,Nashville-Davidson County Metropolitan Government,TN,52004,2022,694176,2022,True,5472310000,3825403000,3756257000,2479422000,1345981000,328227000,273023000,263907000,9116000,162314000,156969000,5345000,0,0,0,97956000,2053239000,R,R,0.0,82,True,7.14,4.99,11.01,13.3,4.24,2.97,6.55,7.91,11.38,7.96,17.56,21.2
175780,472093175780,Knoxville,TN,40000,2022,190223,2022,True,1309399000,497797000,497797000,497797000,0,0,66083000,66083000,0,47987000,47987000,0,0,0,0,11000,497786000,I,I,0.968,58,True,13.28,5.05,13.28,13.28,9.64,3.66,9.64,9.64,22.91,8.71,22.91,22.92
175826,472157175826,Memphis,TN,48000,2022,649705,2022,True,3040102000,1428616000,1426014000,1428616000,0,1028000,290805000,279032000,11773000,215210000,205107000,10103000,0,0,1551000,414000,1425623000,R,R,0.539,83,True,20.36,9.57,20.36,20.4,15.06,7.08,15.06,15.1,35.42,16.64,35.42,35.49
175981,482027175981,Killeen,TX,39148,2022,153991,2022,True,179315000,150188000,148160000,150188000,0,0,31321000,31321000,0,24469000,24469000,0,0,0,9577000,926000,139685000,R,R,0.0,57,True,20.85,17.47,20.85,22.42,16.29,13.65,16.29,17.52,37.15,31.11,37.15,39.94
175988,482029175988,San Antonio,TX,65000,2022,1567118,2022,True,6226473000,2950103000,2950045000,2857050000,93053000,137873000,492530000,490462000,2068000,342986000,340364000,2622000,0,0,83751000,83376000,2552050000,R,R,0.0,92,True,16.7,7.91,17.24,19.3,11.63,5.51,12.0,13.44,28.32,13.42,29.24,32.74
176022,482061176022,Brownsville,TX,10768,2022,183428,2022,True,518151000,220813000,219083000,220813000,0,1010000,38311000,37089000,1222000,24400000,24290000,110000,0,0,14709000,7645000,197449000,R,R,0.0,67,True,17.35,7.39,17.35,19.4,11.05,4.71,11.05,12.36,28.4,12.1,28.4,31.76
176053,482085176053,Plano,TX,58016,2022,291296,2022,True,671943000,563436000,524424000,563436000,0,0,86737000,85985000,752000,71636000,71538000,98000,0,0,0,4528000,558908000,I,I,1.0,55,True,15.39,12.91,15.39,15.52,12.71,10.66,12.71,12.82,28.11,23.57,28.11,28.34
176060,482091176060,New Braunfels,TX,50820,2022,95534,2022,True,499465000,242470000,233858000,242470000,0,0,20794000,20794000,0,21214000,21214000,0,0,0,2724000,1364000,238382000,I,I,0.307,49,True,8.58,4.16,8.58,8.72,8.75,4.25,8.75,8.9,17.33,8.41,17.33,17.62
176079,482113176079,Irving,TX,37000,2022,240916,2022,True,455296000,390759000,390759000,390759000,0,1481000,76376000,71897000,4479000,55347000,52878000,2469000,0,0,0,59000,389219000,R,R,0.0,60,True,19.55,16.78,19.55,19.62,14.16,12.16,14.16,14.22,33.71,28.93,33.71,33.84
176107,482135176107,Odessa,TX,53388,2022,125413,2022,True,177171000,143402000,143402000,143402000,0,0,31844000,31720000,124000,27281000,27280000,1000,0,0,0,0,143402000,I,I,1.0,48,True,22.21,17.97,22.21,22.21,19.02,15.4,19.02,19.02,41.23,33.37,41.23,41.23
176118,482141176118,El Paso,TX,24000,2022,681534,2022,True,1284998000,1011615000,1011615000,1011615000,0,1527000,147397000,144069000,3328000,157349000,146882000,10467000,0,0,39555000,41513000,929020000,R,R,0.0,75,True,14.57,11.47,14.57,15.87,15.55,12.25,15.55,16.94,30.12,23.72,30.12,32.8
176132,482157176132,Sugar Land,TX,70808,2022,117875,2022,True,236691000,206450000,206403000,206450000,0,0,29484000,28641000,843000,18187000,17492000,695000,0,0,19835000,1295000,185320000,I,I,1.0,48,True,14.28,12.46,14.28,15.91,8.81,7.68,8.81,9.81,23.09,20.14,23.09,25.72
176142,482167176142,League,TX,41980,2022,108477,2022,True,183196000,136727000,136727000,136727000,0,0,24114000,23623000,491000,3926000,3926000,0,0,0,0,5307000,131420000,R,R,0.0,42,True,17.64,13.16,17.64,18.35,2.87,2.14,2.87,2.99,20.51,15.31,20.51,21.34
176169,482201176169,Houston,TX,35000,2022,2316120,2022,True,5869033000,5328529000,5289005000,5328529000,0,0,980472000,957226000,23246000,517026000,496293000,20733000,0,0,588807000,238978000,4500744000,R,R,0.0,73,True,18.4,16.71,18.4,21.78,9.7,8.81,9.7,11.49,28.1,25.52,28.1,33.27
176286,482309176286,Waco,TX,76000,2022,141377,2022,True,442746000,376981000,376092000,376981000,0,0,45884000,45884000,0,32390000,32390000,0,0,0,5199000,11386000,360396000,R,R,0.179,55,True,12.17,10.36,12.17,12.73,8.59,7.32,8.59,8.99,20.76,17.68,20.76,21.72
176325,482355176325,Corpus Christi,TX,17000,2022,327248,2022,True,718011000,503684000,500590000,503684000,0,1571000,85607000,82766000,2841000,67340000,65122000,2218000,0,0,20230000,6581000,475302000,R,R,0.001,70,True,17.0,11.92,17.0,18.01,13.37,9.38,13.37,14.17,30.37,21.3,30.37,32.18
176375,482439176375,Fort Worth,TX,27000,2022,927720,2022,True,2036775000,1732238000,1732238000,1732238000,0,0,361883000,343306000,18577000,186944000,186944000,0,0,0,23540000,64956000,1643742000,R,R,0.0,54,True,20.89,17.77,20.89,22.02,10.79,9.18,10.79,11.37,31.68,26.95,31.68,33.39
176386,482441176386,Abilene,TX,01000,2022,124407,2022,True,243773000,182540000,182540000,182540000,0,0,32776000,32416000,360000,26032000,23974000,2058000,0,0,3508000,5054000,173978000,I,I,1.0,63,True,17.96,13.45,17.96,18.84,14.26,10.68,14.26,14.96,32.22,24.12,32.22,33.8
176394,482453176394,Austin,TX,05000,2022,995484,2022,True,4908621000,2893964000,2893964000,2893964000,0,0,445407000,444010000,1397000,239018000,215046000,23972000,0,0,187476000,193536000,2512952000,I,I,1.0,69,True,15.39,9.07,15.39,17.72,8.26,4.87,8.26,9.51,23.65,13.94,23.65,27.24
176492,492035176492,Salt Lake,UT,67000,2022,204087,2022,True,1426293000,1315766000,1315766000,1315766000,0,1733000,64582000,64504000,78000,44278000,44154000,124000,0,0,535511000,7774000,770748000,R,R,0.0,77,True,4.91,4.53,4.91,8.38,3.37,3.1,3.37,5.74,8.27,7.63,8.27,14.12
176495,492035176495,West Valley,UT,83470,2022,133894,2022,True,178209000,178209000,178191000,178209000,0,1777000,33022000,33008000,14000,14736000,14611000,125000,0,0,0,3937000,172495000,R,R,0.0,51,True,18.53,18.53,18.53,19.14,8.27,8.27,8.27,8.54,26.8,26.8,26.8,27.69
176517,492049176517,Provo,UT,62470,2022,116295,2022,True,288333000,220261000,220261000,220261000,0,0,18071000,17982000,89000,10804000,10804000,0,0,0,24381000,0,195880000,R,R,0.0,61,True,8.2,6.27,8.2,9.23,4.91,3.75,4.91,5.52,13.11,10.01,13.11,14.74
176784,512700176784,Newport News,VA,56000,2022,179062,2022,True,1168573000,1085385000,1075575000,657919000,427466000,95321000,76767000,76767000,0,41948000,41948000,0,0,0,13199000,82965000,466434000,R,R,0.071,66,True,7.07,6.57,11.67,16.46,3.86,3.59,6.38,8.99,10.94,10.16,18.04,25.45
176816,532011176816,Vancouver,WA,74060,2022,186192,2022,True,318876000,263516000,263211000,263516000,0,0,58175000,58175000,0,55558000,50283000,5275000,0,0,597000,0,262919000,R,R,0.035,58,True,22.08,18.24,22.08,22.13,21.08,17.42,21.08,21.13,43.16,35.67,43.16,43.26
176868,532053176868,Tacoma,WA,70000,2022,219945,2022,True,1239447000,651366000,651366000,651366000,0,0,90580000,90580000,0,95120000,92537000,2583000,0,0,0,7555000,643811000,R,R,0.0,66,True,13.91,7.31,13.91,14.07,14.6,7.67,14.6,14.77,28.51,14.98,28.51,28.84
176873,532061176873,Everett,WA,22640,2022,112482,2022,True,258886000,200651000,198509000,200651000,0,992000,37740000,36771000,969000,25013000,23877000,1136000,0,0,0,17445000,182214000,R,R,0.0,60,True,18.81,14.58,18.81,20.71,12.47,9.66,12.47,13.73,31.27,24.24,31.27,34.44
177090,552009177090,Green Bay,WI,31000,2022,103836,2022,True,223656000,179879000,177422000,179879000,0,0,28713000,28133000,580000,28378000,27490000,888000,0,0,0,488000,179391000,R,R,0.0,61,True,15.96,12.84,15.96,16.01,15.78,12.69,15.78,15.82,31.74,25.53,31.74,31.82
183701,152003183701,Honolulu And County,HI,17000,2022,963826,2022,True,3485744000,2419376000,2416076000,2419376000,0,14676000,302960000,291820000,11140000,144323000,133564000,10759000,0,0,0,40124000,2364576000,R,R,0.0,72,True,12.52,8.69,12.52,12.81,5.97,4.14,5.97,6.1,18.49,12.83,18.49,18.92
183825,062029183825,Bakersfield,CA,03526,2022,385725,2022,True,604098000,566267000,566267000,566267000,0,0,130014000,126960000,3054000,53005000,53005000,0,0,0,276000,24770000,541221000,R,R,0.0,44,True,22.96,21.52,22.96,24.02,9.36,8.77,9.36,9.79,32.32,30.3,32.32,33.82
183829,062037183829,Downey,CA,19766,2022,109202,2022,True,183396000,164342000,164342000,164342000,0,0,42951000,40463000,2488000,20473000,20473000,0,0,0,0,6843000,157499000,R,R,0.043,45,True,26.14,23.42,26.14,27.27,12.46,11.16,12.46,13.0,38.59,34.58,38.59,40.27
183832,062037183832,Palmdale,CA,55156,2022,150498,2022,True,136167000,129821000,129821000,129821000,0,0,32600000,32600000,0,43000,43000,0,0,0,0,343000,129478000,R,R,0.05,40,True,25.11,23.94,25.11,25.18,0.03,0.03,0.03,0.03,25.14,23.97,25.14,25.21
183836,062059183836,Anaheim,CA,02000,2022,353676,2022,True,1150359000,831691000,814110000,831691000,0,0,172784000,169585000,3199000,83983000,82099000,1884000,0,0,0,12832000,818859000,R,R,0.0,56,True,20.78,15.02,20.78,21.1,10.1,7.3,10.1,10.26,30.87,22.32,30.87,31.36
183842,062073183842,El Cajon,CA,21712,2022,102401,2022,True,169781000,169781000,132978000,169781000,0,0,37302000,35066000,2236000,17605000,16651000,954000,0,0,0,1367000,168414000,R,R,0.038,43,True,21.97,21.97,21.97,22.15,10.37,10.37,10.37,10.45,32.34,32.34,32.34,32.6
184046,342031184046,Paterson,NJ,57000,2022,144801,2022,True,260432000,260432000,260305000,260432000,0,740000,44526000,44526000,0,40652000,40652000,0,0,0,0,2546000,257146000,R,R,0.017,41,True,17.1,17.1,17.1,17.32,15.61,15.61,15.61,15.81,32.71,32.71,32.71,33.12
184196,462099184196,Sioux Falls,SD,59020,2022,187809,2022,True,372929000,319193000,319181000,319193000,0,0,42916000,41867000,1049000,37918000,31916000,6002000,0,0,0,14659000,304534000,R,R,0.0,64,True,13.45,11.51,13.45,14.09,11.88,10.17,11.88,12.45,25.32,21.68,25.32,26.54
184202,492053184202,St George,UT,65330,2022,92378,2022,True,241236000,148828000,148828000,148828000,0,0,17346000,16010000,1336000,10561000,5485000,5076000,0,0,2842000,0,145986000,R,R,0.0,65,True,11.66,7.19,11.66,11.88,7.1,4.38,7.1,7.23,18.75,11.57,18.75,19.12
184222,402143184222,Broken Arrow,OK,09050,2022,111648,2022,True,167535000,138310000,138310000,138310000,0,0,29912000,29139000,773000,31140000,29668000,1472000,0,0,0,0,138310000,R,R,0.0,48,True,21.63,17.85,21.63,21.63,22.51,18.59,22.51,22.51,44.14,36.44,44.14,44.14
184255,532033184255,Seattle,WA,63000,2022,769714,2022,True,4574277000,3191570000,3005283000,3084240000,107330000,172269000,269267000,265749000,3518000,241863000,233160000,8703000,0,0,0,17909000,2894062000,R,R,0.0,75,True,8.44,5.89,8.73,9.3,7.58,5.29,7.84,8.36,16.02,11.17,16.57,17.66
184266,472125184266,Clarksville,TN,15160,2022,161247,2022,True,470318000,161345000,161345000,161345000,0,0,33828000,33676000,152000,22459000,22216000,243000,0,0,0,129000,161216000,R,R,0.0,65,True,20.97,7.19,20.97,20.98,13.92,4.78,13.92,13.93,34.89,11.97,34.89,34.91
184443,062037184443,Burbank,CA,08954,2022,101866,2022,True,425397000,257507000,257507000,257507000,0,0,60746000,57989000,2757000,26199000,26199000,0,0,0,0,16479000,241028000,R,R,0.0,54,True,23.59,14.28,23.59,25.2,10.17,6.16,10.17,10.87,33.76,20.44,33.76,36.07
184451,062037184451,Lancaster,CA,40130,2022,155822,2022,True,276653000,214875000,214875000,214875000,0,0,6896000,6896000,0,0,0,0,0,0,0,473000,214402000,R,-,0.0,41,True,3.21,2.49,3.21,3.22,0.0,0.0,0.0,0.0,3.21,2.49,3.21,3.22
184735,122009184735,Palm Bay,FL,54000,2022,116932,2022,True,149248000,138901000,138901000,138901000,0,0,21878000,21688000,190000,16673000,16277000,396000,0,0,0,0,138901000,R,R,0.0,48,True,15.75,14.66,15.75,15.75,12.0,11.17,12.0,12.0,27.75,25.83,27.75,27.75
184767,122105184767,Lakeland,FL,38250,2022,115283,2022,True,714414000,376085000,376071000,376085000,0,322000,43515000,42646000,869000,22660000,21403000,1257000,0,0,10012000,112000,365639000,R,R,0.0,61,True,11.57,6.09,11.57,11.9,6.03,3.17,6.03,6.2,17.6,9.26,17.6,18.1
185901,262081185901,Grand Rapids,MI,34000,2022,200031,2022,True,513793000,460983000,452915000,460983000,0,0,57077000,57077000,0,37914000,37914000,0,0,0,0,528000,460455000,R,R,0.0,52,True,12.38,11.11,12.38,12.4,8.22,7.38,8.22,8.23,20.61,18.49,20.61,20.63
186236,292095186236,Kansas,MO,38000,2022,497159,2022,True,2099367000,1975032000,1904363000,1975032000,0,5460000,232817000,232817000,0,218832000,208026000,10806000,0,0,504274000,66730000,1398568000,R,R,0.0,55,True,11.79,11.09,11.79,16.65,11.08,10.42,11.08,15.65,22.87,21.51,22.87,32.29
186634,362029186634,Buffalo,NY,11000,2022,254479,2022,True,1677266000,1651656000,1640208000,689606000,962050000,0,94505000,92942000,1563000,71825000,67915000,3910000,0,0,0,1510000,688096000,R,R,0.0,58,True,5.72,5.63,13.7,13.73,4.35,4.28,10.42,10.44,10.07,9.92,24.12,24.17
187646,482085187646,Mckinney,TX,45744,2022,208272,2022,True,469716000,394114000,394114000,394114000,0,0,40076000,38840000,1236000,51713000,37135000,14578000,0,0,10228000,2170000,381716000,R,R,0.0,59,True,10.17,8.53,10.17,10.5,13.12,11.01,13.12,13.55,23.29,19.54,23.29,24.05
187649,482113187649,Dallas,TX,19000,2022,1343266,2022,True,4600332000,4203246000,4186163000,4203246000,0,22609000,593912000,589799000,4113000,386707000,361569000,25138000,0,0,1227442000,41490000,2911705000,R,R,0.0,81,True,14.13,12.91,14.13,20.4,9.2,8.41,9.2,13.28,23.33,21.32,23.33,33.68
187683,482339187683,Conroe,TX,16432,2022,96214,2022,True,257780000,157624000,157624000,157624000,0,0,23868000,23180000,688000,21377000,21061000,316000,0,0,0,0,157624000,R,R,0.0,48,True,15.14,9.26,15.14,15.14,13.56,8.29,13.56,13.56,28.7,17.55,28.7,28.7
189585,042013189585,Scottsdale,AZ,65000,2022,262647,2022,True,692515000,593577000,593577000,593577000,0,0,129060000,124844000,4216000,50950000,48403000,2547000,0,0,16641000,0,576936000,A,A,0.0,49,True,21.74,18.64,21.74,22.37,8.58,7.36,8.58,8.83,30.33,25.99,30.33,31.2
189636,062019189636,Fresno,CA,27000,2022,530267,2022,True,1070814000,873065000,873065000,873065000,0,0,226760000,200991000,25769000,80500000,80500000,0,0,0,22982000,9808000,840275000,R,R,0.002,53,True,25.97,21.18,25.97,26.99,9.22,7.52,9.22,9.58,35.19,28.69,35.19,36.57
189929,172089189929,Aurora,IL,03012,2022,196383,2022,True,316001000,291004000,288960000,291004000,0,9292000,86270000,84750000,1520000,57559000,57559000,0,0,0,845000,0,280867000,R,R,0.132,44,True,29.65,27.3,29.65,30.72,19.78,18.21,19.78,20.49,49.43,45.52,49.43,51.21
190480,262161190480,Ann Arbor,MI,03000,2022,119280,2022,True,295898000,268117000,268117000,268117000,0,0,32450000,32425000,25000,17886000,17886000,0,0,0,860000,0,267257000,R,R,0.0,45,True,12.1,10.97,12.1,12.14,6.67,6.04,6.67,6.69,18.77,17.01,18.77,18.83
191166,392061191166,Cincinnati,OH,15000,2022,304548,2022,True,859819000,657933000,657933000,657933000,0,0,167905000,167626000,279000,76139000,75536000,603000,0,0,525000,58568000,598840000,R,R,0.05,75,True,25.52,19.53,25.52,28.04,11.57,8.86,11.57,12.71,37.09,28.38,37.09,40.75
191559,472065191559,Chattanooga,TN,14000,2022,184742,2022,True,1322159000,537375000,535868000,537375000,0,5355000,86022000,84150000,1872000,57031000,56416000,615000,0,0,29777000,4945000,497298000,R,R,0.0,63,True,16.01,6.51,16.01,17.3,10.61,4.31,10.61,11.47,26.62,10.82,26.62,28.77
193114,062059193114,Garden Grove,CA,29000,2022,171366,2022,True,269980000,238296000,238296000,238296000,0,0,71392000,70045000,1347000,26975000,26975000,0,0,0,0,3158000,235138000,R,R,0.0,45,True,29.96,26.44,29.96,30.36,11.32,9.99,11.32,11.47,41.28,36.43,41.28,41.83
193115,062071193115,San Bernardino,CA,65000,2022,217491,2022,True,277322000,243025000,243025000,243025000,0,0,95682000,95682000,0,0,0,0,0,0,0,5165000,237860000,R,-,0.0,42,True,39.37,34.5,39.37,40.23,0.0,0.0,0.0,0.0,39.37,34.5,39.37,40.23
193205,172143193205,Peoria,IL,59000,2022,109428,2022,True,178997000,178997000,178997000,178997000,0,0,44248000,43916000,332000,35445000,35138000,307000,0,0,0,0,178997000,R,R,0.0,34,True,24.72,24.72,24.72,24.72,19.8,19.8,19.8,19.8,44.52,44.52,44.52,44.52
193551,272053193551,Minneapolis,MN,43000,2022,433111,2022,True,1351236000,1222647000,1222647000,1222647000,0,0,169457000,168416000,1041000,73450000,73450000,0,0,0,0,18596000,1204051000,R,R,0.0,49,True,13.86,12.54,13.86,14.07,6.01,5.44,6.01,6.1,19.87,17.98,19.87,20.17
193734,342017193734,Jersey,NJ,36000,2022,262664,2022,True,764169000,745741000,740997000,745741000,0,0,115569000,115569000,0,69562000,69562000,0,0,0,0,5326000,740415000,R,R,0.013,43,True,15.5,15.12,15.5,15.61,9.33,9.1,9.33,9.4,24.83,24.23,24.83,25.0
193960,412017193960,Bend,OR,05800,2022,101886,2022,True,198849000,182216000,182216000,182216000,0,0,26935000,26162000,773000,35516000,24638000,10878000,0,0,772000,0,181444000,R,R,0.077,50,True,14.78,13.55,14.78,14.84,19.49,17.86,19.49,19.57,34.27,31.41,34.27,34.42
194178,512760194178,Richmond,VA,67000,2022,232226,2022,True,1823502000,1462587000,1462587000,979751000,482836000,111697000,117876000,114292000,3584000,85640000,85640000,0,0,0,0,104798000,763256000,R,R,0.0,75,True,8.06,6.46,12.03,15.44,5.86,4.7,8.74,11.22,13.91,11.16,20.77,26.66
194463,022020194463,Anchorage Municipality,AK,03000,2022,287095,2022,True,1913554000,1830833000,1830833000,1032205000,798628000,2863000,147981000,145392000,2589000,124501000,121912000,2589000,0,0,95759000,122777000,810806000,R,R,0.0,78,True,8.08,7.73,14.34,18.25,6.8,6.51,12.06,15.36,14.88,14.24,26.4,33.61
194644,082005194644,Aurora,CO,04000,2022,387377,2022,True,945722000,747676000,721583000,747676000,0,0,127300000,126820000,480000,67644000,65889000,1755000,0,0,0,0,747676000,R,R,0.002,50,True,17.03,13.46,17.03,17.03,9.05,7.15,9.05,9.05,26.07,20.61,26.07,26.07
194647,082031194647,Denver And County,CO,20000,2022,735538,2022,True,5411465000,4850117000,4655507000,4850117000,0,343232000,262038000,253250000,8788000,124557000,123845000,712000,0,0,1405436000,112201000,2989248000,R,R,0.0,81,True,5.4,4.84,5.4,8.77,2.57,2.3,2.57,4.17,7.97,7.14,7.97,12.93
194651,082013194651,Longmont,CO,45970,2022,98445,2022,True,310656000,165968000,165968000,165968000,0,0,40174000,39751000,423000,13865000,13865000,0,0,0,441000,560000,164967000,R,R,0.03,61,True,24.21,12.93,24.21,24.35,8.35,4.46,8.35,8.4,32.56,17.4,32.56,32.76
194654,082101194654,Pueblo,CO,62000,2022,112751,2022,True,184923000,145112000,145112000,145112000,0,0,34361000,34289000,72000,20721000,20721000,0,0,0,4601000,0,140511000,I,I,0.828,46,True,23.68,18.58,23.68,24.45,14.28,11.21,14.28,14.75,37.96,29.79,37.96,39.2
194678,132121194678,Atlanta,GA,04000,2022,512550,2022,True,1763918000,1344750000,1344750000,1344750000,0,35387000,213291000,211643000,1648000,98242000,96361000,1881000,0,0,300446000,1446000,1007471000,R,R,0.0,62,True,15.86,12.09,15.86,21.17,7.31,5.57,7.31,9.75,23.17,17.66,23.17,30.92
194679,132245194679,Augusta-Richmond County Consolidated Government,GA,04204,2022,197468,2022,True,501258000,458698000,458029000,458698000,0,26072000,51117000,48475000,2642000,31234000,31026000,208000,0,0,18139000,3904000,410583000,R,R,0.0,65,True,11.14,10.2,11.14,12.45,6.81,6.23,6.81,7.61,17.95,16.43,17.95,20.06
194726,372119194726,Charlotte,NC,12000,2022,900350,2022,True,2937673000,2227317000,2224878000,2227317000,0,397000,330419000,312088000,18331000,160981000,152279000,8702000,0,0,464670000,9729000,1752521000,R,R,0.0,68,True,14.83,11.25,14.83,18.85,7.23,5.48,7.23,9.19,22.06,16.73,22.06,28.04
194732,372081194732,High Point,NC,31400,2022,113565,2022,True,369827000,202465000,201897000,202465000,0,0,33637000,33218000,419000,26032000,25530000,502000,0,0,0,50000,202415000,R,R,0.0,69,True,16.61,9.1,16.61,16.62,12.86,7.04,12.86,12.86,29.47,16.13,29.47,29.48
194744,372067194744,Winston-Salem,NC,75000,2022,248112,2022,True,393944000,336992000,336287000,336992000,0,0,80717000,78059000,2658000,39853000,35747000,4106000,0,0,0,0,336992000,R,R,0.0,52,True,23.95,20.49,23.95,23.95,11.83,10.12,11.83,11.83,35.78,30.61,35.78,35.78
194757,122086194757,Miami,FL,45000,2022,471525,2022,True,1310736000,1310736000,1310736000,1310736000,0,13870000,281039000,278201000,2838000,189567000,187669000,1898000,0,0,0,0,1296866000,R,R,0.0,53,True,21.44,21.44,21.44,21.67,14.46,14.46,14.46,14.62,35.9,35.9,35.9,36.29
194789,262163194789,Dearborn,MI,21000,2022,93367,2022,True,299682000,274686000,244130000,274686000,0,0,46796000,45016000,1780000,31966000,31891000,75000,0,0,0,75000,274611000,R,R,0.0,54,True,17.04,15.62,17.04,17.04,11.64,10.67,11.64,11.64,28.67,26.28,28.67,28.68
194805,362061194805,New York,NY,51000,2022,8253213,2022,True,141420548000,128472440000,120100243000,88932990000,39539450000,22224457000,5867693000,5726358000,141335000,2572675000,2475973000,96702000,0,0,0,2132606000,64575927000,AR,AR,0.0,94,True,4.57,4.15,6.6,9.09,2.0,1.82,2.89,3.98,6.57,5.97,9.49,13.07
194809,482375194809,Amarillo,TX,03000,2022,199654,2022,True,398514000,344064000,344064000,344064000,0,30851000,49477000,49477000,0,35582000,35582000,0,0,0,18944000,17585000,276684000,R,R,0.0,58,True,14.38,12.42,14.38,17.88,10.34,8.93,10.34,12.86,24.72,21.34,24.72,30.74
194811,482439194811,Arlington,TX,04000,2022,398864,2022,True,632893000,549359000,549359000,549359000,0,0,107408000,107408000,0,49575000,49575000,0,0,0,1068000,3258000,545033000,R,R,0.0,52,True,19.55,16.97,19.55,19.71,9.02,7.83,9.02,9.1,28.58,24.8,28.58,28.8
194812,482245194812,Beaumont,TX,07000,2022,115473,2022,True,269722000,235117000,235117000,235117000,0,27515000,43696000,42013000,1683000,31912000,30660000,1252000,0,0,844000,11514000,195244000,R,R,0.0,59,True,18.58,16.2,18.58,22.38,13.57,11.83,13.57,16.34,32.16,28.03,32.16,38.72
194814,482041194814,College Station,TX,15976,2022,119260,2022,True,253870000,136573000,136573000,136573000,0,0,17806000,17745000,61000,15203000,15184000,19000,0,0,0,0,136573000,R,R,0.0,66,True,13.04,7.01,13.04,13.04,11.13,5.99,11.13,11.13,24.17,13.0,24.17,24.17
194820,482085194820,Frisco,TX,27684,2022,209980,2022,True,476597000,398389000,376993000,398389000,0,0,48291000,46707000,1584000,49770000,45182000,4588000,0,0,0,2654000,395735000,I,I,1.0,49,True,12.12,10.13,12.12,12.2,12.49,10.44,12.49,12.58,24.61,20.58,24.61,24.78
194823,482113194823,Grand Prairie,TX,30464,2022,195272,2022,True,477025000,424817000,424817000,424817000,0,0,69921000,69495000,426000,46315000,37617000,8698000,0,0,2007000,5771000,417039000,R,R,0.0,61,True,16.46,14.66,16.46,16.77,10.9,9.71,10.9,11.11,27.36,24.37,27.36,27.87
194825,482329194825,Midland,TX,48072,2022,147069,2022,True,334042000,259070000,259070000,259070000,0,0,35444000,35444000,0,28750000,28750000,0,0,0,21957000,2216000,234897000,R,R,0.0,56,True,13.68,10.61,13.68,15.09,11.1,8.61,11.1,12.24,24.78,19.22,24.78,27.33
200728,062067200728,Elk Grove,CA,22020,2022,177302,2022,True,198488000,186382000,186382000,186382000,0,0,50843000,50843000,0,0,0,0,0,0,0,30000,186352000,R,-,0.061,37,True,27.28,25.62,27.28,27.28,0.0,0.0,0.0,0.0,27.28,25.62,27.28,27.28
201369,062111201369,Thousand Oaks,CA,78582,2022,126310,2022,True,263102000,237379000,186461000,237379000,0,0,29901000,29901000,0,0,0,0,0,0,0,390000,236989000,R,-,0.006,52,True,12.6,11.36,12.6,12.62,0.0,0.0,0.0,0.0,12.6,11.36,12.6,12.62
201810,202173201810,Wichita,KS,79000,2022,391731,2022,True,494092000,434470000,434470000,434470000,0,343000,98942000,98942000,0,51902000,51902000,0,0,0,20460000,2222000,411445000,R,R,0.0,57,True,22.77,20.03,22.77,24.05,11.95,10.5,11.95,12.61,34.72,30.53,34.72,36.66
202617,482121202617,Lewisville,TX,42508,2022,112232,2022,True,178754000,154825000,154825000,154825000,0,0,32072000,31831000,241000,24845000,24845000,0,0,0,0,0,154825000,I,I,1.0,43,True,20.72,17.94,20.72,20.72,16.05,13.9,16.05,16.05,36.76,31.84,36.76,36.76
202751,512810202751,Virginia Beach,VA,82000,2022,451231,2022,True,2220268000,2165404000,2143578000,1190310000,975094000,114149000,115978000,115978000,0,84383000,84383000,0,0,0,0,86996000,989165000,R,R,0.001,70,True,5.36,5.22,9.74,11.72,3.9,3.8,7.09,8.53,9.25,9.02,16.83,20.26
203966,062019203966,Clovis,CA,14218,2022,117662,2022,True,195874000,161448000,153498000,161448000,0,0,40399000,40399000,0,20498000,20498000,0,0,0,0,2295000,159153000,R,R,0.0,46,True,25.02,20.62,25.02,25.38,12.7,10.46,12.7,12.88,37.72,31.09,37.72,38.26
204523,202091204523,Olathe,KS,52575,2022,141665,2022,True,295190000,259214000,259214000,259214000,0,12872000,29462000,29462000,0,25493000,25493000,0,0,0,0,0,246342000,R,I,0.684,39,True,11.37,9.98,11.37,11.96,9.83,8.64,9.83,10.35,21.2,18.62,21.2,22.31
204933,342039204933,Elizabeth,NJ,21000,2022,128382,2022,True,329723000,327368000,327368000,327368000,0,0,57290000,49735000,7555000,32303000,32242000,61000,0,0,0,8444000,318924000,R,R,0.0,50,True,17.5,17.38,17.5,17.96,9.87,9.8,9.87,10.13,27.37,27.17,27.37,28.09
205133,392095205133,Toledo,OH,77000,2022,271455,2022,True,234918000,179024000,179024000,179024000,0,0,0,0,0,0,0,0,0,0,0,11064000,167960000,-,-,1.0,26,False,,,,,,,,,,,,
205181,402027205181,Norman,OK,52500,2022,125762,2022,True,808437000,780158000,780158000,780158000,0,581629000,30557000,29899000,658000,22413000,21678000,735000,0,0,0,0,198529000,R,R,0.0,52,True,3.92,3.78,3.92,15.39,2.87,2.77,2.87,11.29,6.79,6.55,6.79,26.68
205218,412047205218,Salem,OR,64900,2022,175891,2022,True,387558000,341420000,341420000,341420000,0,0,51415000,51415000,0,40527000,40527000,0,0,0,1206000,1893000,338321000,R,R,0.0,51,True,15.06,13.27,15.06,15.2,11.87,10.46,11.87,11.98,26.93,23.72,26.93,27.18
205455,482201205455,Pasadena,TX,56000,2022,149440,2022,True,193560000,172527000,172527000,172527000,0,0,54593000,49953000,4640000,4693000,4693000,0,0,0,0,5555000,166972000,R,R,0.0,46,True,31.64,28.2,31.64,32.7,2.72,2.42,2.72,2.81,34.36,30.63,34.36,35.51
205460,482215205460,Mcallen,TX,45384,2022,143751,2022,True,280995000,253687000,250069000,253687000,0,2189000,43441000,42169000,1272000,22830000,22806000,24000,0,0,8887000,3453000,239158000,I,I,0.987,68,True,17.12,15.46,17.12,18.16,9.0,8.12,9.0,9.55,26.12,23.58,26.12,27.71
205590,532033205590,Kent,WA,35415,2022,130676,2022,True,227829000,204209000,204209000,204209000,0,9532000,41353000,40331000,1022000,4847000,4847000,0,0,0,0,708000,193969000,R,R,0.0,56,True,20.25,18.15,20.25,21.32,2.37,2.13,2.37,2.5,22.62,20.28,22.62,23.82
205599,532063205599,Spokane,WA,67000,2022,222050,2022,True,576134000,506481000,500431000,506481000,0,18032000,71882000,71531000,351000,66728000,66532000,196000,0,0,0,2929000,485520000,R,R,0.0,62,True,14.19,12.48,14.19,14.81,13.17,11.58,13.17,13.74,27.37,24.06,27.37,28.55
207520,012089207520,Huntsville,AL,37000,2022,202964,2022,True,1175254000,568572000,538611000,568572000,0,0,53990000,53907000,83000,39873000,39510000,363000,0,0,0,2388000,566184000,R,R,0.0,65,True,9.5,4.59,9.5,9.54,7.01,3.39,7.01,7.04,16.51,7.99,16.51,16.58
207535,042013207535,Glendale,AZ,27820,2022,255307,2022,True,509673000,434094000,434094000,434094000,0,0,114296000,114296000,0,38557000,30653000,7904000,0,0,0,0,434094000,R,IR,0.264,47,True,26.33,22.43,26.33,26.33,8.88,7.57,8.88,8.88,35.21,29.99,35.21,35.21
207536,042013207536,Phoenix,AZ,55000,2022,1708127,2022,True,4083135000,3015954000,3007113000,2981899000,34055000,18964000,547806000,529845000,17961000,361015000,329538000,31477000,0,0,610572000,2327000,2350036000,R,R,0.0,79,True,18.16,13.42,18.37,23.31,11.97,8.84,12.11,15.36,30.13,22.26,30.48,38.67
207577,062001207577,Fremont,CA,26000,2022,234569,2022,True,368750000,368511000,368511000,368511000,0,5124000,97726000,96985000,741000,60951000,60836000,115000,0,0,0,36761000,326626000,R,R,0.038,49,True,26.52,26.5,26.52,29.92,16.54,16.53,16.54,18.66,43.06,43.03,43.06,48.58
207582,062037207582,Pasadena,CA,56000,2022,141045,2022,True,704324000,498722000,498722000,498722000,0,0,92079000,90838000,1241000,54513000,54513000,0,0,0,0,19762000,478960000,R,R,0.0,57,True,18.46,13.07,18.46,19.22,10.93,7.74,10.93,11.38,29.39,20.81,29.39,30.61
207583,062037207583,Torrance,CA,80000,2022,141553,2022,True,418113000,324948000,313338000,324948000,0,0,85704000,84893000,811000,33096000,32968000,128000,0,0,2841000,20044000,302063000,R,R,0.0,62,True,26.37,20.5,26.37,28.37,10.19,7.92,10.19,10.96,36.56,28.41,36.56,39.33
207593,062065207593,Corona,CA,16350,2022,170996,2022,True,671749000,506483000,478251000,506483000,0,0,163446000,161287000,2159000,89111000,88959000,152000,0,0,444000,2589000,503450000,R,R,0.0,64,True,32.27,24.33,32.27,32.47,17.59,13.27,17.59,17.7,49.86,37.6,49.86,50.17
207594,062065207594,Riverside,CA,62000,2022,330786,2022,True,842972000,471145000,471145000,471145000,0,0,115509000,114112000,1397000,68534000,68534000,0,0,0,1206000,4821000,465118000,R,R,0.0,59,True,24.52,13.7,24.52,24.83,14.55,8.13,14.55,14.73,39.06,21.83,39.06,39.57
207598,062073207598,San Diego,CA,66000,2022,1422420,2022,True,5172166000,4496818000,4496818000,4496818000,0,0,629133000,613945000,15188000,323179000,323179000,0,0,0,6190000,16835000,4473793000,R,R,0.0,58,True,13.99,12.16,13.99,14.06,7.19,6.25,7.19,7.22,21.18,18.41,21.18,21.29
207608,062095207608,Vallejo,CA,81666,2022,120747,2022,True,324526000,284716000,278473000,284716000,0,0,48392000,48329000,63000,30945000,30945000,0,0,0,694000,2167000,281855000,R,R,0.024,52,True,17.0,14.91,17.0,17.17,10.87,9.54,10.87,10.98,27.87,24.45,27.87,28.15
207610,062099207610,Modesto,CA,48354,2022,215666,2022,True,351562000,312145000,312145000,312145000,0,0,70015000,66068000,3947000,53034000,53034000,0,0,0,1027000,11716000,299402000,R,R,0.002,51,True,22.43,19.92,22.43,23.38,16.99,15.09,16.99,17.71,39.42,35.0,39.42,41.1
207635,082123207635,Greeley,CO,32155,2022,108958,2022,True,275268000,183539000,183539000,183539000,0,0,31640000,31638000,2000,20412000,19854000,558000,0,0,0,0,183539000,R,R,0.0,57,True,17.24,11.49,17.24,17.24,11.12,7.42,11.12,11.12,28.36,18.91,28.36,28.36
207684,122103207684,Clearwater,FL,12875,2022,116552,2022,True,404723000,334522000,334182000,334522000,0,0,50637000,46911000,3726000,19729000,18895000,834000,0,0,540000,12472000,321510000,R,R,0.0,63,True,15.14,12.51,15.14,15.75,5.9,4.87,5.9,6.14,21.03,17.39,21.03,21.89
207957,182097207957,Indianapolis,IN,36003,2022,877903,2022,True,4449275000,3696005000,3695719000,3696005000,0,1646394000,240723000,235925000,4798000,156067000,150904000,5163000,0,0,139697000,225654000,1684260000,IR,I,0.884,69,True,6.51,5.41,6.51,14.29,4.22,3.51,4.22,9.27,10.74,8.92,10.74,23.56
208056,192153208056,Des Moines,IA,21000,2022,212312,2022,True,646497000,583169000,583169000,583169000,0,10193000,76152000,76152000,0,47174000,46256000,918000,0,0,44925000,1268000,526783000,R,R,0.0,58,True,13.06,11.78,13.06,14.46,8.09,7.3,8.09,8.96,21.15,19.08,21.15,23.41
208060,192163208060,Davenport,IA,19000,2022,101799,2022,True,160204000,153463000,153463000,153463000,0,0,29253000,29253000,0,21036000,21036000,0,0,0,316000,0,153147000,R,R,0.0,42,True,19.06,18.26,19.06,19.1,13.71,13.13,13.71,13.74,32.77,31.39,32.77,32.84
208111,202091208111,Overland Park,KS,53775,2022,197381,2022,True,254105000,254105000,253508000,254105000,0,0,40336000,38950000,1386000,25226000,24877000,349000,0,0,0,0,254105000,R,R,0.0,42,True,15.87,15.87,15.87,15.87,9.93,9.93,9.93,9.93,25.8,25.8,25.8,25.8
208246,242510208246,Baltimore,MD,04000,2022,586131,2022,True,5058822000,4706986000,4684613000,2876825000,1830161000,3065000,464261000,461524000,2737000,351425000,351425000,0,0,0,0,190953000,2682807000,R,R,0.0,74,True,9.86,9.18,16.14,17.31,7.47,6.95,12.22,13.1,17.33,16.12,28.35,30.4
208698,312055208698,Omaha,NE,37000,2022,478393,2022,True,841274000,841274000,814526000,841274000,0,0,147473000,145814000,1659000,105492000,94108000,11384000,0,0,0,0,841274000,R,R,0.0,44,True,17.53,17.53,17.53,17.53,12.54,12.54,12.54,12.54,30.07,30.07,30.07,30.07
208734,322003208734,North Las Vegas,NV,51800,2022,260098,2022,True,366926000,309477000,309477000,309477000,0,11729000,80983000,80020000,963000,45066000,41647000,3419000,0,0,0,0,297748000,R,R,0.0,55,True,26.17,22.07,26.17,27.2,14.56,12.28,14.56,15.14,40.73,34.35,40.73,42.33
208793,352013208793,Las Cruces,NM,39380,2022,105096,2022,True,250709000,183316000,183289000,183316000,0,0,29890000,26544000,3346000,20669000,19909000,760000,0,0,2142000,885000,180289000,R,R,0.0,64,True,16.31,11.92,16.31,16.58,11.28,8.24,11.28,11.46,27.58,20.17,27.58,28.04
208963,372063208963,Durham,NC,19000,2022,285897,2022,True,580643000,465015000,465015000,465015000,0,0,78549000,77970000,579000,46538000,43878000,2660000,0,0,13000,0,465002000,R,R,0.0,59,True,16.89,13.53,16.89,16.89,10.01,8.01,10.01,10.01,26.9,21.54,26.9,26.9
209050,392049209050,Columbus,OH,18000,2022,903852,2022,True,2389563000,2079583000,2079583000,2068246000,11337000,483000,356502000,355327000,1175000,283049000,277108000,5941000,0,0,0,69953000,1997810000,R,R,0.0,64,True,17.14,14.92,17.24,17.84,13.61,11.85,13.69,14.17,30.75,26.76,30.92,32.01
209096,392153209096,Akron,OH,01000,2022,195994,2022,True,530090000,500592000,500592000,500592000,0,0,73846000,73282000,564000,68166000,67645000,521000,0,0,0,4745000,495847000,I,I,1.0,39,True,14.75,13.93,14.75,14.89,13.62,12.86,13.62,13.75,28.37,26.79,28.37,28.64
209170,402109209170,Oklahoma,OK,55000,2022,662314,2022,True,1403497000,1082862000,1082862000,1082862000,0,0,159965000,159421000,544000,141086000,139687000,1399000,0,0,78713000,4981000,999168000,R,R,0.0,67,True,14.77,11.4,14.77,16.01,13.03,10.05,13.03,14.12,27.8,21.45,27.8,30.13
209519,472149209519,Murfreesboro,TN,51560,2022,150757,2022,True,331446000,282609000,282588000,169151000,113458000,29000,39478000,36145000,3333000,26156000,23930000,2226000,0,0,6659000,0,162463000,R,R,0.0,65,True,13.97,11.91,23.34,24.3,9.26,7.89,15.46,16.1,23.22,19.8,38.8,40.4
209555,482085209555,Allen,TX,01924,2022,109379,2022,True,210407000,170536000,170536000,170536000,0,246000,35754000,32315000,3439000,24685000,19466000,5219000,0,0,0,290000,170000000,I,I,1.0,44,True,20.97,16.99,20.97,21.03,14.47,11.73,14.47,14.52,35.44,28.72,35.44,35.55
209562,482121209562,Denton,TX,19972,2022,147515,2022,True,710632000,337285000,337285000,337285000,0,0,60658000,38474000,22184000,36821000,34740000,2081000,0,0,2087000,2501000,332697000,R,R,0.0,60,True,17.98,8.54,17.98,18.23,10.92,5.18,10.92,11.07,28.9,13.72,28.9,29.3
209712,512510209712,Alexandria,VA,01000,2022,158726,2022,True,1301839000,1153663000,1152097000,816637000,337026000,83356000,76440000,72604000,3836000,56399000,56399000,0,0,0,0,54324000,678957000,R,R,0.0,67,True,6.63,5.87,9.36,11.26,4.89,4.33,6.91,8.31,11.51,10.2,16.27,19.57
209777,552025209777,Madison,WI,48000,2022,263094,2022,True,654893000,561861000,561861000,561861000,0,17965000,83281000,83006000,275000,64586000,63269000,1317000,0,0,0,7387000,536509000,R,R,0.071,62,True,14.82,12.72,14.82,15.52,11.5,9.86,11.5,12.04,26.32,22.58,26.32,27.56
211207,062059211207,Costa Mesa,CA,16532,2022,112366,2022,True,163156000,163156000,163156000,163156000,0,0,54741000,54741000,0,30663000,30663000,0,0,0,0,3030000,160126000,R,R,0.009,33,True,33.55,33.55,33.55,34.19,18.79,18.79,18.79,19.15,52.34,52.34,52.34,53.34
211212,062073211212,Chula Vista,CA,13392,2022,272979,2022,True,526611000,515473000,445746000,515473000,0,749000,66663000,64789000,1874000,43169000,39363000,3806000,0,0,0,4183000,510541000,R,R,0.0,57,True,12.93,12.66,12.93,13.06,8.37,8.2,8.37,8.46,21.31,20.86,21.31,21.51
211214,062077211214,Stockton,CA,75000,2022,312716,2022,True,539701000,493030000,493030000,493030000,0,0,142585000,137257000,5328000,58950000,58950000,0,0,0,567000,44800000,447663000,R,R,0.0,48,True,28.92,26.42,28.92,31.85,11.96,10.92,11.96,13.17,40.88,37.34,40.88,45.02
211215,062081211215,Daly,CA,17918,2022,105868,2022,True,154102000,140020000,140020000,140020000,0,0,40306000,40099000,207000,28722000,28722000,0,0,0,0,0,140020000,R,R,0.004,43,True,28.79,26.16,28.79,28.79,20.51,18.64,20.51,20.51,49.3,44.79,49.3,49.3
211253,412067211253,Hillsboro,OR,34100,2022,110985,2022,True,381232000,310411000,274179000,310411000,0,0,40093000,39961000,132000,28968000,28968000,0,0,0,0,0,310411000,R,R,0.0,50,True,12.92,10.52,12.92,12.92,9.33,7.6,9.33,9.33,22.25,18.12,22.25,22.25
211254,412051211254,Portland,OR,59000,2022,656751,2022,True,2137252000,1875247000,1875247000,1875247000,0,0,214482000,213341000,1141000,146972000,142540000,4432000,0,0,0,5707000,1869540000,R,R,0.0,58,True,11.44,10.04,11.44,11.47,7.84,6.88,7.84,7.86,19.28,16.91,19.28,19.33
211654,082001211654,Westminster,CO,83835,2022,115046,2022,True,276627000,240744000,239383000,240744000,0,64000,29151000,28219000,932000,21994000,16540000,5454000,0,0,0,0,240680000,R,R,0.0,66,True,12.11,10.54,12.11,12.11,9.14,7.95,9.14,9.14,21.24,18.49,21.24,21.25
211981,062073211981,Vista,CA,82996,2022,100636,2022,True,311639000,311639000,290901000,311639000,0,0,28706000,28706000,0,19275000,19115000,160000,0,0,0,10872000,300767000,R,R,0.0,48,True,9.21,9.21,9.21,9.54,6.19,6.19,6.19,6.41,15.4,15.4,15.4,15.95
212090,402143212090,Tulsa,OK,75000,2022,403166,2022,True,1063390000,920582000,919169000,920582000,0,25813000,127076000,123188000,3888000,92068000,88556000,3512000,0,0,44219000,86570000,763980000,R,R,0.0,64,True,13.8,11.95,13.8,16.63,10.0,8.66,10.0,12.05,23.8,20.61,23.8,28.68
212209,082005212209,Centennial,CO,12815,2022,110156,2022,True,73793000,73793000,73793000,73793000,0,0,21855000,21855000,0,0,0,0,0,0,0,0,73793000,R,-,0.001,19,False,,,,,,,,,,,,
212231,482113212231,Garland,TX,29000,2022,238139,2022,True,881305000,427473000,427070000,427473000,0,1337000,66853000,60008000,6845000,39676000,39111000,565000,0,0,29000,13390000,412717000,R,R,0.0,62,True,15.64,7.59,15.64,16.2,9.28,4.5,9.28,9.61,24.92,12.09,24.92,25.81
212233,482303212233,Lubbock,TX,45000,2022,262611,2022,True,769295000,370423000,370160000,370423000,0,0,75019000,61776000,13243000,47669000,46356000,1313000,0,0,28403000,11359000,330661000,R,R,0.0,67,True,20.25,9.75,20.25,22.69,12.87,6.2,12.87,14.42,33.12,15.95,33.12,37.1
212234,482113212234,Richardson,TX,61796,2022,121112,2022,True,272875000,224461000,224461000,224461000,0,0,30764000,30764000,0,24997000,24997000,0,0,0,0,1755000,222706000,S,S,0.0,49,True,13.71,11.27,13.71,13.81,11.14,9.16,11.14,11.22,24.84,20.43,24.84,25.04
213591,532063213591,Spokane Valley,WA,67167,2022,102893,2022,True,65725000,65725000,65553000,65725000,0,2170000,25134000,22812000,2322000,0,0,0,0,0,0,490000,63065000,R,-,0.0,50,True,38.24,38.24,38.24,39.85,0.0,0.0,0.0,0.0,38.24,38.24,38.24,39.85
214783,122086214783,Miami Gardens,FL,45060,2022,109131,2022,True,94213000,94213000,94213000,94213000,0,0,41139000,40389000,750000,0,0,0,0,0,0,0,94213000,R,-,0.0,39,True,43.67,43.67,43.67,43.67,0.0,0.0,0.0,0.0,43.67,43.67,43.67,43.67
216510,132121216510,Sandy Springs,GA,68516,2022,109928,2022,True,139036000,139036000,139036000,139036000,0,0,31489000,23759000,7730000,14166000,14119000,47000,0,0,0,0,139036000,R,R,0.0,41,True,22.65,22.65,22.65,22.65,10.19,10.19,10.19,10.19,32.84,32.84,32.84,32.84
225038,012073225038,Birmingham,AL,07000,2022,206950,2022,True,728136000,529549000,529549000,529549000,0,439000,109223000,109223000,0,73372000,73372000,0,0,0,0,1034000,528076000,R,R,0.0,40,True,20.63,15.0,20.63,20.68,13.86,10.08,13.86,13.89,34.48,25.08,34.48,34.58
225767,092190225767,Stamford,CT,73000,2022,131397,2022,True,807969000,807961000,804095000,397123000,410838000,374000,53091000,53091000,0,39788000,39788000,0,0,0,0,17939000,378810000,R,R,0.0,48,True,6.57,6.57,13.37,14.02,4.92,4.92,10.02,10.5,11.5,11.5,23.39,24.52
228280,062065228280,Jurupa Valley,CA,37692,2022,109745,2022,True,63583000,63583000,63583000,63583000,0,0,22000000,22000000,0,283000,283000,0,0,0,0,1037000,62546000,R,R,0.009,29,False,,,,,,,,,,,,
247337,132121247337,South Fulton,GA,72122,2022,102567,2022,True,285892000,264161000,262831000,264161000,0,147000,25180000,23939000,1241000,0,0,0,0,0,0,438000,263576000,I,-,1.0,54,True,9.53,8.81,9.53,9.55,0.0,0.0,0.0,0.0,9.53,8.81,9.53,9.55
100091,012101100091,Montgomery,AL,51000,2023,198665,2023,False,334580000,241947000,241413000,241947000,0,0,49469000,49469000,0,42732000,42732000,0,0,0,0,5367000,236580000,R,R,0.303,48,True,20.45,14.79,20.45,20.91,17.66,12.77,17.66,18.06,38.11,27.56,38.11,38.97
100249,042013100249,Chandler,AZ,12000,2023,279458,2023,False,545985000,487570000,482952000,487570000,0,0,97223000,90555000,6668000,54653000,46845000,7808000,0,0,1595000,0,485975000,R,R,0.0,60,True,19.94,17.81,19.94,20.01,11.21,10.01,11.21,11.25,31.15,27.82,31.15,31.25
100250,042013100250,Mesa,AZ,46000,2023,509475,2023,False,1106531000,869283000,869283000,869283000,0,0,224425000,210933000,13492000,94938000,93104000,1834000,0,0,6923000,0,862360000,RS,S,0.109,62,True,25.82,20.28,25.82,26.02,10.92,8.58,10.92,11.01,36.74,28.86,36.74,37.03
100251,042013100251,Surprise,AZ,71510,2023,149191,2023,False,311017000,292286000,292286000,292286000,0,0,40441000,40308000,133000,30568000,30568000,0,0,0,0,0,292286000,I,I,1.0,42,True,13.84,13.0,13.84,13.84,10.46,9.83,10.46,10.46,24.29,22.83,24.29,24.29
100435,052119100435,Little Rock,AR,41000,2023,201998,2023,False,573669000,573669000,550804000,573669000,0,0,78912000,78904000,8000,58599000,58429000,170000,0,0,46932000,36172000,490565000,R,R,0.0,60,True,13.76,13.76,13.76,16.09,10.21,10.21,10.21,11.95,23.97,23.97,23.97,28.03
100709,062059100709,Huntington Beach,CA,36000,2023,196652,2023,False,479248000,430684000,399312000,430684000,0,0,111152000,100613000,10539000,52177000,52177000,0,0,0,0,8356000,422328000,R,R,0.04,56,True,25.81,23.19,25.81,26.32,12.11,10.89,12.11,12.35,37.92,34.08,37.92,38.67
100711,062059100711,Santa Ana,CA,69000,2023,309441,2023,False,1081616000,979772000,815391000,979772000,0,18000,154365000,146393000,7972000,49999000,49030000,969000,0,0,0,16650000,963104000,R,R,0.021,65,True,15.76,14.27,15.76,16.03,5.1,4.62,5.1,5.19,20.86,18.89,20.86,21.22
100745,062085100745,San Jose,CA,68000,2023,983489,2023,False,2981964000,2537506000,2537506000,2537506000,0,0,526903000,490291000,36612000,268773000,268773000,0,0,0,113809000,0,2423697000,R,R,0.0,53,True,20.76,17.67,20.76,21.74,10.59,9.01,10.59,11.09,31.36,26.68,31.36,32.83
100750,062095100750,Fairfield,CA,23182,2023,119705,2023,False,248858000,192916000,192916000,192916000,0,0,53300000,53300000,0,30381000,30381000,0,0,0,0,358000,192558000,R,R,0.0,49,True,27.63,21.42,27.63,27.68,15.75,12.21,15.75,15.78,43.38,33.63,43.38,43.46
101409,082069101409,Fort Collins,CO,27425,2023,168538,2023,False,786041000,466711000,435339000,466711000,0,17199000,52374000,52374000,0,33997000,33997000,0,0,0,0,0,449512000,I,I,0.988,50,True,11.22,6.66,11.22,11.65,7.28,4.33,7.28,7.56,18.51,10.99,18.51,19.21
101696,092140101696,Waterbury,CT,80000,2023,113811,2023,False,754870000,743618000,736459000,334384000,409234000,244000,41518000,41518000,0,23006000,23006000,0,0,0,0,12741000,321399000,R,R,0.0,44,True,5.58,5.5,12.42,12.92,3.09,3.05,6.88,7.16,8.68,8.55,19.3,20.08
101927,122011101927,Miramar,FL,45975,2023,135077,2023,False,287403000,271004000,271004000,271004000,0,0,52995000,51326000,1669000,24654000,24123000,531000,0,0,0,15272000,255732000,R,R,0.0,55,True,19.56,18.44,19.56,20.72,9.1,8.58,9.1,9.64,28.65,27.02,28.65,30.36
101942,122031101942,Jacksonville,FL,35000,2023,954614,2023,False,5408951000,3433493000,3433493000,3433493000,0,6396000,532818000,529486000,3332000,240578000,221362000,19216000,0,0,197350000,124923000,3104824000,R,R,0.0,83,True,15.52,9.85,15.52,17.16,7.01,4.45,7.01,7.75,22.53,14.3,22.53,24.91
102163,132021102163,Macon-Bibb County,GA,49008,2023,156762,2023,False,322107000,322107000,299565000,322107000,0,24552000,33580000,29351000,4229000,35789000,30430000,5359000,0,0,2899000,7670000,286986000,R,R,0.0,61,True,10.43,10.43,10.43,11.7,11.11,11.11,11.11,12.47,21.54,21.54,21.54,24.17
102716,172089102716,Elgin,IL,23074,2023,113911,2023,False,187625000,156625000,149856000,156625000,0,544000,51061000,51061000,0,29447000,29447000,0,0,0,0,0,156081000,R,R,0.0,39,True,32.6,27.21,32.6,32.71,18.8,15.69,18.8,18.87,51.4,42.91,51.4,51.58
102882,172201102882,Rockford,IL,65000,2023,147711,2023,False,333802000,314239000,314239000,314239000,0,0,63219000,63219000,0,58153000,58153000,0,0,0,0,33265000,280974000,R,R,0.0,31,True,20.12,18.94,20.12,22.5,18.51,17.42,18.51,20.7,38.62,36.36,38.62,43.2
103799,182057103799,Fishers,IN,23278,2023,101171,2023,False,110099000,110099000,107327000,110099000,0,0,16071000,15976000,95000,18085000,18049000,36000,0,0,0,810000,109289000,R,R,0.137,41,True,14.6,14.6,14.6,14.71,16.43,16.43,16.43,16.55,31.02,31.02,31.02,31.25
106055,252009106055,Lynn,MA,37490,2023,100843,2023,False,572022000,572009000,562703000,161514000,410495000,820000,23838000,23838000,0,21513000,21513000,0,0,0,0,17000,160677000,R,R,0.0,44,True,4.17,4.17,14.76,14.84,3.76,3.76,13.32,13.39,7.93,7.93,28.08,28.22
106061,252013106061,Springfield,MA,67000,2023,154789,2023,False,1158624000,1158156000,1147038000,342235000,815921000,1242000,59137000,58770000,367000,28496000,28488000,8000,0,0,0,1799000,339194000,R,R,0.0,49,True,5.11,5.1,17.28,17.43,2.46,2.46,8.33,8.4,7.57,7.56,25.61,25.84
106079,252027106079,Worcester,MA,82000,2023,205918,2023,False,1164184000,1132971000,1108009000,411956000,721015000,1407000,59272000,59243000,29000,46420000,46246000,174000,0,0,0,4701000,405848000,R,R,0.0,64,True,5.23,5.09,14.39,14.6,4.1,3.99,11.27,11.44,9.33,9.08,25.66,26.04
108127,302111108127,Billings,MT,06550,2023,117445,2023,False,224141000,185002000,185002000,185002000,0,0,29449000,28838000,611000,25602000,24842000,760000,0,0,20355000,934000,163713000,R,R,0.0,56,True,15.92,13.14,15.92,17.99,13.84,11.42,13.84,15.64,29.76,24.56,29.76,33.63
108910,322031108910,Sparks,NV,68400,2023,109796,2023,False,150544000,150544000,144013000,150544000,0,0,38019000,37938000,81000,23335000,23124000,211000,0,0,0,0,150544000,R,R,0.0,44,True,25.25,25.25,25.25,25.25,15.5,15.5,15.5,15.5,40.75,40.75,40.75,40.75
109593,362119109593,Yonkers,NY,84000,2023,209530,2023,False,1468978000,1431922000,1419608000,680745000,751177000,0,116068000,116068000,0,72477000,72451000,26000,0,0,0,1073000,679672000,R,R,0.0,53,True,8.11,7.9,17.05,17.08,5.06,4.93,10.65,10.66,13.17,12.84,27.7,27.74
110047,372025110047,Concord,NC,14100,2023,107697,2023,False,358294000,190989000,190914000,190989000,0,0,29771000,28811000,960000,32102000,28286000,3816000,0,0,18544000,252000,172193000,R,R,0.0,69,True,15.59,8.31,15.59,17.29,16.81,8.96,16.81,18.64,32.4,17.27,32.4,35.93
112811,442007112811,Providence,RI,59000,2023,189692,2023,False,1145887000,1058700000,1058700000,507632000,551068000,1459000,104242000,104242000,0,90644000,90644000,0,0,0,0,0,506173000,R,R,0.0,49,True,9.85,9.1,20.53,20.59,8.56,7.91,17.86,17.91,18.41,17.01,38.39,38.5
114311,492035114311,West Jordan,UT,82950,2023,116541,2023,False,158182000,132205000,132205000,132205000,0,0,20517000,20107000,410000,11692000,11468000,224000,0,0,0,0,132205000,R,R,0.0,50,True,15.52,12.97,15.52,15.52,8.84,7.39,8.84,8.84,24.36,20.36,24.36,24.36
114563,512550114563,Chesapeake,VA,16000,2023,251269,2023,False,1349296000,1306953000,1295181000,647205000,659748000,90522000,88759000,88526000,233000,67048000,65371000,1677000,0,0,1101000,39046000,516536000,R,R,0.0,76,True,6.79,6.58,13.71,17.18,5.13,4.97,10.36,12.98,11.92,11.55,24.07,30.16
114624,532033114624,Bellevue,WA,05210,2023,149440,2023,False,505947000,429226000,429226000,429226000,0,3724000,49636000,49253000,383000,36399000,34041000,2358000,0,0,0,212000,425290000,R,R,0.0,57,True,11.56,9.81,11.56,11.67,8.48,7.19,8.48,8.56,20.04,17.0,20.04,20.23
122748,042013122748,Goodyear,AZ,28380,2023,101733,2023,False,254075000,231615000,231615000,231615000,0,0,34065000,34065000,0,26745000,26745000,0,0,0,0,1048000,230567000,R,R,0.139,41,True,14.71,13.41,14.71,14.77,11.55,10.53,11.55,11.6,26.25,23.93,26.25,26.37
123093,062001123093,Oakland,CA,53000,2023,433823,2023,False,1821500000,1821500000,1821500000,1821500000,0,2988000,346824000,341994000,4830000,189523000,189523000,0,0,0,312607000,135576000,1370329000,R,R,0.041,48,True,19.04,19.04,19.04,25.31,10.4,10.4,10.4,13.83,29.45,29.45,29.45,39.14
123137,062061123137,Roseville,CA,62938,2023,151901,2023,False,612601000,382767000,382767000,382767000,0,6542000,56446000,55787000,659000,42009000,42009000,0,0,0,0,2145000,374080000,R,R,0.0,55,True,14.75,9.21,14.75,15.09,10.98,6.86,10.98,11.23,25.72,16.07,25.72,26.32
123165,062107123165,Visalia,CA,82954,2023,142978,2023,False,293293000,255955000,215257000,255955000,0,0,49164000,48170000,994000,23124000,22133000,991000,0,0,2334000,4681000,248940000,R,R,0.0,61,True,19.21,16.76,19.21,19.75,9.03,7.88,9.03,9.29,28.24,24.65,28.24,29.04
124038,092120124038,Bridgeport,CT,08000,2023,148333,2023,False,842471000,842471000,825762000,406345000,436126000,4748000,101417000,101417000,0,78383000,77183000,1200000,0,0,1434000,7189000,392974000,R,R,0.0,54,True,12.04,12.04,24.96,25.81,9.3,9.3,19.29,19.95,21.34,21.34,44.25,45.75
124214,112001124214,Washington Dc,DC,50000,2023,670050,2023,False,20666374000,20253109000,19310849000,16194905000,4058204000,6210621000,716392000,690420000,25972000,385154000,360850000,24304000,0,0,0,664289000,9319995000,R,R,0.0,107,True,3.54,3.47,4.42,7.69,1.9,1.86,2.38,4.13,5.44,5.33,6.8,11.82
124438,132051124438,Savannah,GA,69000,2023,147088,2023,False,527366000,499329000,499137000,499329000,0,23660000,65408000,64369000,1039000,36519000,36434000,85000,0,0,49523000,0,426146000,R,R,0.094,60,True,13.1,12.4,13.1,15.35,7.31,6.92,7.31,8.57,20.41,19.33,20.41,23.92
126027,182057126027,Carmel,IN,10342,2023,100777,2023,False,249564000,228710000,228710000,228710000,0,26000,28418000,26811000,1607000,31869000,31869000,0,0,0,0,1328000,227356000,R,R,0.0,42,True,12.43,11.39,12.43,12.5,13.93,12.77,13.93,14.02,26.36,24.16,26.36,26.52
126081,182141126081,South Bend,IN,71000,2023,103353,2023,False,415736000,384450000,384450000,384450000,0,0,26068000,25973000,95000,11185000,11185000,0,0,0,0,507000,383943000,R,R,0.0,52,True,6.78,6.27,6.78,6.79,2.91,2.69,2.91,2.91,9.69,8.96,9.69,9.7
127810,222017127810,Shreveport,LA,70000,2023,184021,2023,False,458699000,371986000,371951000,371986000,0,0,65388000,65330000,58000,60864000,60864000,0,0,0,9725000,239000,362022000,I,I,0.876,57,True,17.58,14.26,17.58,18.06,16.36,13.27,16.36,16.81,33.94,27.52,33.94,34.87
128108,252025128108,Boston,MA,07000,2023,654776,2023,False,5881908000,5804544000,5456264000,3729297000,2075247000,375010000,450395000,440431000,9964000,280621000,280621000,0,0,0,0,31187000,3323100000,R,R,0.0,65,True,7.76,7.66,12.08,13.55,4.83,4.77,7.52,8.44,12.59,12.43,19.6,22.0
128309,262099128309,Warren,MI,84000,2023,138130,2023,False,287709000,248522000,248522000,248522000,0,0,52180000,51060000,1120000,29723000,29072000,651000,0,0,0,0,248522000,R,R,0.0,46,True,21.0,18.14,21.0,21.0,11.96,10.33,11.96,11.96,32.96,28.47,32.96,32.96
129295,282049129295,Jackson,MS,36000,2023,149761,2023,False,284735000,231869000,231869000,231869000,0,3304000,31618000,30373000,1245000,27039000,23133000,3906000,0,0,21713000,920000,205932000,R,R,0.0,61,True,13.64,11.1,13.64,15.35,11.66,9.5,11.66,13.13,25.3,20.6,25.3,28.48
129515,292095129515,Independence,MO,35000,2023,122088,2023,False,250524000,120634000,120634000,120634000,0,0,33846000,33846000,0,25349000,25349000,0,0,0,0,0,120634000,R,R,0.075,31,True,28.06,13.51,28.06,28.06,21.01,10.12,21.01,21.01,49.07,23.63,49.07,49.07
130835,342013130835,Newark,NJ,51000,2023,307220,2023,False,707919000,653912000,653912000,653912000,0,1901000,157062000,157062000,0,89380000,89380000,0,0,0,0,5888000,646123000,R,R,0.0,50,True,24.02,22.19,24.02,24.31,13.67,12.63,13.67,13.83,37.69,34.81,37.69,38.14
131239,362055131239,Rochester,NY,63000,2023,210606,2023,False,1723104000,1673913000,1654040000,744361000,929552000,0,113415000,109056000,4359000,62170000,61368000,802000,0,0,0,960000,743401000,R,R,0.0,58,True,6.78,6.58,15.24,15.26,3.71,3.61,8.35,8.36,10.49,10.19,23.59,23.62
131717,372051131717,Fayetteville,NC,22920,2023,208778,2023,False,770879000,414096000,401690000,414096000,0,0,64382000,60808000,3574000,34250000,34250000,0,0,0,8899000,0,405197000,R,R,0.044,63,True,15.55,8.35,15.55,15.89,8.27,4.44,8.27,8.45,23.82,12.79,23.82,24.34
131775,372183131775,Cary,NC,10740,2023,176987,2023,False,431568000,348577000,348577000,348577000,0,0,34925000,32884000,2041000,33678000,33357000,321000,0,0,0,0,348577000,R,R,0.0,49,True,10.02,8.09,10.02,10.02,9.66,7.8,9.66,9.66,19.68,15.9,19.68,19.68
133222,412039133222,Eugene,OR,23850,2023,175096,2023,False,767531000,397555000,396812000,397555000,0,0,72254000,72254000,0,51239000,51239000,0,0,0,35031000,0,362524000,R,R,0.0,59,True,18.17,9.41,18.17,19.93,12.89,6.68,12.89,14.13,31.06,16.09,31.06,34.06
133470,422003133470,Pittsburgh,PA,61000,2023,300431,2023,False,803099000,803099000,803099000,803099000,0,0,129915000,129915000,0,95556000,95556000,0,0,0,0,35442000,767657000,R,R,0.0,40,True,16.18,16.18,16.18,16.92,11.9,11.9,11.9,12.45,28.08,28.08,28.08,29.37
133602,422101133602,Philadelphia,PA,60000,2023,1576251,2023,False,11739700000,10632195000,9977951000,10632195000,0,657134000,791245000,780936000,10309000,369893000,368640000,1253000,0,0,384197000,2282873000,7307991000,R,R,0.0,70,True,7.44,6.74,7.44,10.83,3.48,3.15,3.48,5.06,10.92,9.89,10.92,15.89
135095,482039135095,Pearland,TX,56348,2023,125990,2023,False,365927000,275070000,267781000,275070000,0,0,33551000,33491000,60000,25904000,25904000,0,0,0,0,0,275070000,RS,S,0.0,46,True,12.2,9.17,12.2,12.2,9.42,7.08,9.42,9.42,21.61,16.25,21.61,21.61
135130,482113135130,Carrollton,TX,13024,2023,133251,2023,False,233023000,207135000,204551000,207135000,0,0,31774000,31035000,739000,32224000,31610000,614000,0,0,0,4191000,202944000,R,R,0.0,51,True,15.34,13.64,15.34,15.66,15.56,13.83,15.56,15.88,30.9,27.46,30.9,31.53
135132,482113135132,Mesquite,TX,47892,2023,147691,2023,False,286966000,234129000,234129000,234129000,0,0,45556000,44932000,624000,34250000,34250000,0,0,0,2707000,2572000,228850000,R,R,0.0,53,True,19.46,15.88,19.46,19.91,14.63,11.94,14.63,14.97,34.09,27.81,34.09,34.87
135275,482423135275,Tyler,TX,74144,2023,107192,2023,False,227826000,184449000,184449000,184449000,0,0,30905000,30844000,61000,20444000,20444000,0,0,0,3989000,1216000,179244000,R,R,0.0,58,True,16.76,13.57,16.76,17.24,11.08,8.97,11.08,11.41,27.84,22.54,27.84,28.65
135285,482451135285,San Angelo,TX,64472,2023,99667,2023,False,160276000,129119000,128725000,129119000,0,208000,23813000,22728000,1085000,20527000,20296000,231000,0,0,4960000,1690000,122261000,R,R,0.0,63,True,18.44,14.86,18.44,19.48,15.9,12.81,15.9,16.79,34.34,27.66,34.34,36.27
135293,482479135293,Laredo,TX,41464,2023,256153,2023,False,598882000,511414000,511329000,511414000,0,1845000,88432000,84902000,3530000,63420000,63367000,53000,0,0,20848000,36448000,452273000,R,R,0.0,68,True,17.29,14.77,17.29,19.55,12.4,10.59,12.4,14.02,29.69,25.36,29.69,33.58
135295,482485135295,Wichita Falls,TX,79000,2023,102988,2023,False,155400000,134141000,134141000,134141000,0,0,27179000,27179000,0,19216000,19216000,0,0,0,5358000,3892000,124891000,R,R,0.0,51,True,20.26,17.49,20.26,21.76,14.33,12.37,14.33,15.39,34.59,29.86,34.59,37.15
135298,482491135298,Round Rock,TX,63500,2023,123876,2023,False,312500000,273699000,273699000,273699000,0,0,36426000,36378000,48000,27928000,27795000,133000,0,0,0,0,273699000,R,R,0.0,52,True,13.31,11.66,13.31,13.31,10.2,8.94,10.2,10.2,23.51,20.59,23.51,23.51
136056,512650136056,Hampton,VA,35000,2023,137746,2023,False,802366000,802366000,796982000,473387000,328979000,68714000,41834000,40983000,851000,31972000,29451000,2521000,0,0,0,5002000,399671000,R,R,0.0,66,True,5.21,5.21,8.84,10.47,3.98,3.98,6.75,8.0,9.2,9.2,15.59,18.47
136057,512710136057,Norfolk,VA,57000,2023,235089,2023,False,1568898000,1478304000,1472510000,991321000,486983000,98200000,93352000,93352000,0,41466000,41466000,0,0,0,57172000,38697000,797252000,R,R,0.0,72,True,6.31,5.95,9.42,11.71,2.8,2.64,4.18,5.2,9.12,8.59,13.6,16.91
136110,532033136110,Renton,WA,57745,2023,105179,2023,False,268941000,254945000,254720000,254945000,0,33903000,40235000,40043000,192000,0,0,0,0,0,2381000,685000,217976000,R,-,0.0,60,True,15.78,14.96,15.78,18.46,0.0,0.0,0.0,0.0,15.78,14.96,15.78,18.46
136562,552079136562,Milwaukee,WI,53000,2023,569330,2023,False,1302875000,1204735000,1204735000,1204735000,0,7802000,318465000,312304000,6161000,135869000,132909000,2960000,0,0,13263000,41904000,1141766000,R,R,0.0,58,True,26.43,24.44,26.43,27.89,11.28,10.43,11.28,11.9,37.71,34.87,37.71,39.79
137232,062037137232,Santa Clarita,CA,69088,2023,224593,2023,False,265734000,227496000,227496000,227496000,0,0,30144000,29642000,502000,1617000,1617000,0,0,0,0,2740000,224756000,R,R,0.028,46,True,13.25,11.34,13.25,13.41,0.71,0.61,0.71,0.72,13.96,11.95,13.96,14.13
160683,012097160683,Mobile,AL,50000,2023,184952,2023,False,490396000,421171000,405119000,421171000,0,15716000,60845000,59977000,868000,34699000,34511000,188000,0,0,0,6486000,398969000,R,R,0.339,66,True,14.45,12.41,14.45,15.25,8.24,7.08,8.24,8.7,22.69,19.48,22.69,23.95
160723,012125160723,Tuscaloosa,AL,77256,2023,100618,2023,False,240205000,226787000,226787000,226787000,0,841000,38612000,36077000,2535000,30521000,30521000,0,0,0,613000,39000,225294000,R,R,0.0,46,True,17.03,16.07,17.03,17.14,13.46,12.71,13.46,13.55,30.48,28.78,30.48,30.69
160830,042013160830,Buckeye,AZ,07940,2023,101315,2023,False,212983000,173940000,173940000,173940000,0,0,29307000,29251000,56000,20932000,20932000,0,0,0,1503000,0,172437000,R,R,0.0,48,True,16.85,13.76,16.85,17.0,12.03,9.83,12.03,12.14,28.88,23.59,28.88,29.13
160831,042013160831,Gilbert,AZ,27400,2023,273136,2023,False,468162000,369066000,362294000,369066000,0,1051000,72354000,72354000,0,50113000,50113000,0,0,0,0,0,368015000,R,R,0.15,55,True,19.6,15.45,19.6,19.66,13.58,10.7,13.58,13.62,33.18,26.16,33.18,33.28
160832,042013160832,Peoria,AZ,54050,2023,194917,2023,False,390321000,326051000,326051000,326051000,0,4828000,64339000,64339000,0,50485000,50485000,0,0,0,0,0,321223000,R,R,0.0,40,True,19.73,16.48,19.73,20.03,15.48,12.93,15.48,15.72,35.22,29.42,35.22,35.75
160833,042013160833,Tempe,AZ,73000,2023,184118,2023,False,520052000,427956000,427956000,427956000,0,0,117244000,115581000,1663000,55623000,51348000,4275000,0,0,0,6649000,421307000,RS,IR,0.383,52,True,27.4,22.54,27.4,27.83,13.0,10.7,13.0,13.2,40.39,33.24,40.39,41.03
160840,042019160840,Tucson,AZ,77000,2023,543242,2023,False,1179727000,818017000,817485000,818017000,0,0,179457000,167224000,12233000,102688000,102688000,0,0,0,64495000,0,753522000,RS,S,0.0,56,True,21.94,15.21,21.94,23.82,12.55,8.7,12.55,13.63,34.49,23.92,34.49,37.44
161123,062001161123,Hayward,CA,33000,2023,159827,2023,False,349247000,298100000,298100000,298100000,0,0,85637000,84194000,1443000,58792000,58792000,0,0,0,3382000,2104000,292614000,R,R,0.014,49,True,28.73,24.52,28.73,29.27,19.72,16.83,19.72,20.09,48.45,41.35,48.45,49.36
161135,062013161135,Richmond,CA,60620,2023,115639,2023,False,320611000,318508000,318508000,318508000,0,0,62881000,60170000,2711000,33829000,33829000,0,0,0,2002000,0,316506000,R,R,0.105,47,True,19.74,19.61,19.74,19.87,10.62,10.55,10.62,10.69,30.36,30.16,30.36,30.56
161170,062037161170,Glendale,CA,30000,2023,192366,2023,False,809123000,548725000,548725000,548725000,0,0,111216000,109865000,1351000,69448000,69448000,0,0,0,0,8499000,540226000,R,R,0.0,53,True,20.27,13.75,20.27,20.59,12.66,8.58,12.66,12.86,32.92,22.33,32.92,33.44
161173,062037161173,Long Beach,CA,43000,2023,456062,2023,False,2655664000,2275636000,2275636000,2275636000,0,0,271413000,267294000,4119000,93885000,93885000,0,0,0,647796000,154416000,1473424000,R,R,0.0,61,True,11.93,10.22,11.93,18.42,4.13,3.54,4.13,6.37,16.05,13.76,16.05,24.79
161174,062037161174,Los Angeles,CA,44000,2023,3849297,2023,False,23362311000,16061466000,15706443000,16061466000,0,8613000,3115199000,2964774000,150425000,810121000,785291000,24830000,0,0,3504959000,473240000,12074654000,R,R,0.0,78,True,19.4,13.33,19.4,25.8,5.04,3.47,5.04,6.71,24.44,16.8,24.44,32.51
161179,062037161179,Pomona,CA,58072,2023,148338,2023,False,312042000,270804000,270804000,270804000,0,0,75539000,71397000,4142000,33820000,33820000,0,0,0,0,1783000,269021000,R,R,0.065,49,True,27.89,24.21,27.89,28.08,12.49,10.84,12.49,12.57,40.38,35.05,40.38,40.65
161218,062059161218,Fullerton,CA,28000,2023,141874,2023,False,225552000,195400000,195400000,195400000,0,0,56981000,55763000,1218000,28783000,28783000,0,0,0,1769000,2323000,191308000,R,R,0.017,49,True,29.16,25.26,29.16,29.78,14.73,12.76,14.73,15.05,43.89,38.02,43.89,44.83
161220,062059161220,Orange,CA,53980,2023,137264,2023,False,227984000,186148000,186148000,186148000,0,0,60262000,57359000,2903000,25588000,25588000,0,0,0,0,14724000,171424000,R,R,0.065,42,True,32.37,26.43,32.37,35.15,13.75,11.22,13.75,14.93,46.12,37.66,46.12,50.08
161229,062059161229,Irvine,CA,36770,2023,309031,2023,False,695461000,683404000,659371000,683404000,0,39000,107113000,104762000,2351000,0,0,0,0,0,0,6344000,677021000,R,-,0.058,48,True,15.67,15.4,15.67,15.82,0.0,0.0,0.0,0.0,15.67,15.4,15.67,15.82
161238,062065161238,Moreno Valley,CA,49270,2023,211600,2023,False,506453000,472196000,401964000,472196000,0,0,29138000,28648000,490000,22729000,22540000,189000,0,0,0,29064000,443132000,R,R,0.009,50,True,6.17,5.75,6.17,6.58,4.81,4.49,4.81,5.13,10.98,10.24,10.98,11.7
161241,062067161241,Sacramento,CA,64000,2023,525041,2023,False,2010364000,1911765000,1621544000,1911765000,0,6283000,252790000,235579000,17211000,173554000,166441000,7113000,0,0,0,36765000,1868717000,R,R,0.0,63,True,13.22,12.57,13.22,13.53,9.08,8.63,9.08,9.29,22.3,21.21,22.3,22.81
161245,062071161245,Fontana,CA,24680,2023,210761,2023,False,322747000,322747000,322747000,322747000,0,0,80049000,79210000,839000,43251000,43251000,0,0,0,0,27000,322720000,R,R,0.036,44,True,24.8,24.8,24.8,24.8,13.4,13.4,13.4,13.4,38.2,38.2,38.2,38.21
161246,062071161246,Ontario,CA,53896,2023,177963,2023,False,1306363000,1251696000,1248850000,1251696000,0,0,112454000,111335000,1119000,79712000,79498000,214000,0,0,0,3734000,1247962000,R,R,0.027,52,True,8.98,8.61,8.98,9.01,6.37,6.1,6.37,6.39,15.35,14.71,15.35,15.4
161251,062071161251,Rancho Cucamonga,CA,59451,2023,175142,2023,False,295635000,281004000,281004000,281004000,0,0,54637000,45771000,8866000,109400000,101057000,8343000,0,0,0,4301000,276703000,R,R,0.008,43,True,19.44,18.48,19.44,19.75,38.93,37.01,38.93,39.54,58.38,55.49,58.38,59.28
161252,062071161252,Victorville,CA,82590,2023,135950,2023,False,304313000,242992000,242992000,242992000,0,0,38942000,37264000,1678000,18928000,18928000,0,0,0,10781000,13479000,218732000,R,R,0.006,56,True,16.03,12.8,16.03,17.8,7.79,6.22,7.79,8.65,23.82,19.02,23.82,26.46
161254,062073161254,Carlsbad,CA,11194,2023,115302,2023,False,353894000,256246000,256246000,256246000,0,0,52677000,51855000,822000,10913000,10913000,0,0,0,0,22061000,234185000,R,R,0.006,47,True,20.56,14.88,20.56,22.49,4.26,3.08,4.26,4.66,24.82,17.97,24.82,27.15
161256,062073161256,Oceanside,CA,53322,2023,172982,2023,False,432343000,361104000,361104000,361104000,0,0,80127000,76712000,3415000,44300000,44300000,0,0,0,10535000,22837000,327732000,R,R,0.0,56,True,22.19,18.53,22.19,24.45,12.27,10.25,12.27,13.52,34.46,28.78,34.46,37.97
161258,062075161258,San Francisco And County,CA,67000,2023,815201,2023,False,19460511000,16192744000,16192394000,16192744000,0,3137215000,799218000,792734000,6484000,471543000,470836000,707000,0,0,915724000,3384699000,8755106000,R,R,0.0,79,True,4.94,4.11,4.94,9.13,2.91,2.42,2.91,5.39,7.85,6.53,7.85,14.51
161280,062085161280,Santa Clara,CA,69084,2023,127151,2023,False,1762679000,1098778000,646336000,1098778000,0,0,81148000,81136000,12000,67520000,67198000,322000,0,0,0,2198000,1096580000,R,R,0.0,60,True,7.39,4.6,7.39,7.4,6.15,3.83,6.15,6.16,13.53,8.43,13.53,13.56
161281,062085161281,Sunnyvale,CA,77000,2023,152258,2023,False,681005000,614550000,482174000,614550000,0,0,83605000,83061000,544000,33768000,33768000,0,0,0,0,866000,613684000,R,R,0.0,55,True,13.6,12.28,13.6,13.62,5.49,4.96,5.49,5.5,19.1,17.24,19.1,19.13
161286,062095161286,Vacaville,CA,81554,2023,103078,2023,False,255340000,224049000,224049000,224049000,0,0,74392000,53349000,21043000,19834000,19834000,0,0,0,0,21937000,202112000,R,R,0.0,46,True,33.2,29.13,33.2,36.81,8.85,7.77,8.85,9.81,42.06,36.9,42.06,46.62
161287,062097161287,Santa Rosa,CA,70098,2023,176938,2023,False,390521000,323128000,323128000,323128000,0,0,74933000,73816000,1117000,52358000,52358000,0,0,0,0,11214000,311914000,R,R,0.0,48,True,23.19,19.19,23.19,24.02,16.2,13.41,16.2,16.79,39.39,32.6,39.39,40.81
161299,062111161299,Oxnard,CA,54652,2023,201879,2023,False,508013000,451176000,451176000,451176000,0,0,93829000,85731000,8098000,42236000,42236000,0,0,0,0,4727000,446449000,R,R,0.0,44,True,20.8,18.47,20.8,21.02,9.36,8.31,9.36,9.46,30.16,26.78,30.16,30.48
161302,062111161302,Simi Valley,CA,72016,2023,125975,2023,False,302626000,205231000,142597000,205231000,0,0,40147000,38174000,1973000,0,0,0,0,0,0,1863000,203368000,R,-,0.0,54,True,19.56,13.27,19.56,19.74,0.0,0.0,0.0,0.0,19.56,13.27,19.56,19.74
161328,082001161328,Thornton,CO,77290,2023,142610,2023,False,313213000,253382000,248879000,253382000,0,0,56701000,47682000,9019000,36390000,28432000,7958000,0,0,0,0,253382000,R,R,0.0,49,True,22.38,18.1,22.38,22.38,14.36,11.62,14.36,14.36,36.74,29.72,36.74,36.74
161337,082013161337,Boulder,CO,07850,2023,104175,2023,False,293667000,252790000,252790000,252790000,0,8262000,39951000,39951000,0,24284000,24284000,0,0,0,915000,0,243613000,R,R,0.0,45,True,15.8,13.6,15.8,16.4,9.61,8.27,9.61,9.97,25.41,21.87,25.41,26.37
161362,082041161362,Colorado Springs,CO,16000,2023,483956,2023,False,1817796000,762167000,762138000,762167000,0,0,130312000,130130000,182000,70197000,68595000,1602000,0,0,37423000,0,724744000,R,R,0.0,63,True,17.1,7.17,17.1,17.98,9.21,3.86,9.21,9.69,26.31,11.03,26.31,27.67
161376,082059161376,Lakewood,CO,43000,2023,156605,2023,False,222087000,220832000,220832000,220832000,0,0,58754000,58548000,206000,0,0,0,0,0,0,0,220832000,R,-,0.0,45,True,26.61,26.46,26.61,26.61,0.0,0.0,0.0,0.0,26.61,26.46,26.61,26.61
161441,092110161441,Hartford,CT,37000,2023,120576,2023,False,1103551000,1103551000,1030688000,598012000,505539000,3607000,56530000,56530000,0,38503000,38503000,0,0,0,0,21916000,572489000,R,R,0.0,41,True,5.12,5.12,9.45,9.87,3.49,3.49,6.44,6.73,8.61,8.61,15.89,16.6
161447,092170161447,New Haven,CT,52000,2023,135081,2023,False,1008455000,1008455000,988578000,546292000,462163000,0,46065000,46065000,0,37114000,37114000,0,0,0,246000,2684000,543362000,R,R,0.0,43,True,4.57,4.57,8.43,8.48,3.68,3.68,6.79,6.83,8.25,8.25,15.23,15.31
161572,122001161572,Gainesville,FL,25175,2023,140398,2023,False,883150000,329444000,329444000,329444000,0,1508000,42819000,42819000,0,22152000,22152000,0,0,0,373000,401000,327162000,R,R,0.0,58,True,13.0,4.85,13.0,13.09,6.72,2.51,6.72,6.77,19.72,7.36,19.72,19.86
161585,122011161585,Fort Lauderdale,FL,24000,2023,181668,2023,False,776246000,624256000,624256000,624256000,0,0,139836000,134059000,5777000,97619000,97619000,0,0,0,9658000,0,614598000,R,R,0.0,57,True,22.4,18.01,22.4,22.75,15.64,12.58,15.64,15.88,38.04,30.59,38.04,38.64
161586,122011161586,Hollywood,FL,32000,2023,152131,2023,False,547199000,507436000,507436000,507436000,0,0,103142000,96190000,6952000,14112000,11778000,2334000,0,0,0,54472000,452964000,R,R,0.0,54,True,20.33,18.85,20.33,22.77,2.78,2.58,2.78,3.12,23.11,21.43,23.11,25.89
161588,122011161588,Pompano Beach,FL,58050,2023,111348,2023,False,411420000,383835000,383835000,383835000,0,0,53400000,53400000,0,56635000,50027000,6608000,0,0,2548000,21354000,359933000,R,R,0.069,52,True,13.91,12.98,13.91,14.84,14.76,13.77,14.76,15.73,28.67,26.75,28.67,30.57
161593,122011161593,Pembroke Pines,FL,55775,2023,169391,2023,False,472925000,463030000,463030000,463030000,0,3844000,76778000,73484000,3294000,53215000,53215000,0,0,0,0,0,459186000,R,R,0.0,49,True,16.58,16.23,16.58,16.72,11.49,11.25,11.49,11.59,28.07,27.49,28.07,28.31
161594,122011161594,Davie,FL,16475,2023,104882,2023,False,236933000,210066000,210066000,210066000,0,0,53099000,52314000,785000,24056000,23784000,272000,0,0,0,26981000,183085000,R,R,0.0,52,True,25.28,22.41,25.28,29.0,11.45,10.15,11.45,13.14,36.73,32.56,36.73,42.14
161595,122011161595,Coral Springs,FL,14400,2023,132822,2023,False,268755000,268336000,268336000,251331000,17005000,0,62045000,61236000,809000,25825000,25366000,459000,0,0,0,15611000,235720000,R,R,0.0,55,True,23.12,23.09,24.69,26.32,9.62,9.61,10.28,10.96,32.75,32.7,34.96,37.28
161604,122086161604,Hialeah,FL,30000,2023,220490,2023,False,322151000,298580000,298580000,298580000,0,2285000,66848000,64490000,2358000,56867000,55285000,1582000,0,0,0,0,296295000,R,R,0.0,60,True,22.39,20.75,22.39,22.56,19.05,17.65,19.05,19.19,41.43,38.4,41.43,41.75
161633,122057161633,Tampa,FL,71000,2023,387050,2023,False,1648211000,1445858000,1445858000,1445858000,0,0,188701000,185742000,2959000,121068000,119117000,1951000,0,0,0,0,1445858000,R,R,0.0,63,True,13.05,11.45,13.05,13.05,8.37,7.35,8.37,8.37,21.42,18.79,21.42,21.42
161649,122071161649,Cape Coral,FL,10275,2023,204510,2023,False,474363000,404248000,404248000,375490000,28758000,0,52222000,49205000,3017000,46760000,40512000,6248000,0,0,0,0,375490000,R,R,0.0,48,True,12.92,11.01,13.91,13.91,11.57,9.86,12.45,12.45,24.49,20.87,26.36,26.36
161650,122073161650,Tallahassee,FL,70600,2023,197102,2023,False,1101894000,666486000,666486000,666486000,0,0,77887000,77163000,724000,51460000,51425000,35000,0,0,33298000,0,633188000,R,R,0.0,68,True,11.69,7.07,11.69,12.3,7.72,4.67,7.72,8.13,19.41,11.74,19.41,20.43
161665,122095161665,Orlando,FL,53000,2023,309154,2023,False,1177172000,1177172000,1177172000,1177172000,0,0,183184000,173733000,9451000,110041000,109160000,881000,0,0,0,0,1177172000,R,R,0.0,51,True,15.56,15.56,15.56,15.56,9.35,9.35,9.35,9.35,24.91,24.91,24.91,24.91
161679,122099161679,West Palm Beach,FL,76600,2023,117286,2023,False,451820000,444583000,444583000,444583000,0,0,68583000,67286000,1297000,47908000,47432000,476000,0,0,0,2825000,441758000,R,R,0.0,55,True,15.43,15.18,15.43,15.53,10.78,10.6,10.78,10.84,26.2,25.78,26.2,26.37
161693,122103161693,St Petersburg,FL,63000,2023,258201,2023,False,707010000,635899000,635899000,635899000,0,0,124072000,123484000,588000,40092000,33650000,6442000,0,0,2179000,18029000,615691000,R,R,0.0,62,True,19.51,17.55,19.51,20.15,6.3,5.67,6.3,6.51,25.82,23.22,25.82,26.66
161710,122111161710,Port St Lucie,FL,58715,2023,217523,2023,False,381921000,333595000,333595000,333595000,0,0,53107000,51068000,2039000,0,0,0,0,0,0,0,333595000,R,-,0.0,51,True,15.92,13.91,15.92,15.92,0.0,0.0,0.0,0.0,15.92,13.91,15.92,15.92
161834,132059161834,Athens-Clarke County Unified Government,GA,03436,2023,128711,2023,False,362811000,341055000,339727000,341055000,0,18243000,35480000,34304000,1176000,17300000,16967000,333000,0,0,3977000,2714000,316121000,R,R,0.081,66,True,10.4,9.78,10.4,11.22,5.07,4.77,5.07,5.47,15.48,14.55,15.48,16.7
161944,132215161944,Columbus Consolidated Government,GA,19000,2023,205617,2023,False,425407000,402549000,397265000,402549000,0,34077000,61574000,55257000,6317000,38059000,34584000,3475000,0,0,7980000,3598000,356894000,R,R,0.0,73,True,15.3,14.47,15.3,17.25,9.45,8.95,9.45,10.66,24.75,23.42,24.75,27.92
162035,162001162035,Boise,ID,08830,2023,237446,2023,False,549400000,549400000,541828000,549400000,0,0,73710000,70179000,3531000,64390000,63248000,1142000,0,0,92421000,4653000,452326000,R,R,0.0,59,True,13.42,13.42,13.42,16.3,11.72,11.72,11.72,14.24,25.14,25.14,25.14,30.53
162037,162001162037,Meridian,ID,52120,2023,125963,2023,False,120554000,104725000,103439000,104725000,0,0,25777000,24674000,1103000,16918000,15400000,1518000,0,0,0,0,104725000,R,R,0.0,37,True,24.61,21.38,24.61,24.61,16.15,14.03,16.15,16.15,40.77,35.42,40.77,40.77
162062,162027162062,Nampa,ID,56260,2023,106186,2023,False,189161000,173156000,173156000,173156000,0,0,27261000,27261000,0,16577000,8310000,8267000,0,0,664000,0,172492000,R,R,0.0,52,True,15.74,14.41,15.74,15.8,9.57,8.76,9.57,9.61,25.32,23.17,25.32,25.41
162236,172031162236,Chicago,IL,14000,2023,2696555,2023,False,13591661000,13014457000,13014457000,13014457000,0,429657000,1795511000,1774594000,20917000,669017000,665901000,3116000,0,0,1938413000,343719000,10302668000,R,R,0.213,75,True,13.8,13.21,13.8,17.43,5.14,4.92,5.14,6.49,18.94,18.13,18.94,23.92
162299,172043162299,Naperville,IL,51622,2023,149104,2023,False,421835000,204908000,204908000,204908000,0,0,0,0,0,0,0,0,0,0,0,0,204908000,-,-,0.0,29,False,,,,,,,,,,,,
162629,172167162629,Springfield,IL,72000,2023,113394,2023,False,471224000,283653000,283653000,283653000,0,0,0,0,0,0,0,0,0,0,0,0,283653000,-,-,0.109,34,False,,,,,,,,,,,,
162690,172197162690,Joliet,IL,38570,2023,150372,2023,False,408717000,293653000,293653000,293653000,0,0,52141000,49451000,2690000,32153000,32153000,0,0,0,0,0,293653000,R,R,0.0,37,True,17.76,12.76,17.76,17.76,10.95,7.87,10.95,10.95,28.71,20.62,28.71,28.71
163465,182003163465,Fort Wayne,IN,25000,2023,265974,2023,False,368945000,351487000,350496000,351487000,0,0,78151000,72952000,5199000,53577000,51401000,2176000,0,0,0,4131000,347356000,R,R,0.058,55,True,22.23,21.18,22.23,22.5,15.24,14.52,15.24,15.42,37.48,35.7,37.48,37.92
163681,182163163681,Evansville,IN,22000,2023,116486,2023,False,437670000,308097000,282948000,308097000,0,0,34250000,33147000,1103000,33232000,32450000,782000,0,0,10948000,87000,297062000,R,R,0.0,65,True,11.12,7.83,11.12,11.53,10.79,7.59,10.79,11.19,21.9,15.42,21.9,22.72
164470,192113164470,Cedar Rapids,IA,12000,2023,136467,2023,False,556582000,493487000,493487000,493487000,0,0,56491000,56491000,0,24775000,24775000,0,0,0,46588000,1488000,445411000,R,R,0.0,55,True,11.45,10.15,11.45,12.68,5.02,4.45,5.02,5.56,16.47,14.6,16.47,18.25
164885,202177164885,Topeka,KS,71000,2023,125963,2023,False,248483000,189882000,189882000,189882000,0,0,38330000,38330000,0,31020000,31020000,0,0,0,0,0,189882000,R,R,0.0,46,True,20.19,15.43,20.19,20.19,16.34,12.48,16.34,16.34,36.52,27.91,36.52,36.52
164911,202209164911,Wyandotte County And Kansas Unified Government,KS,36000,2023,154545,2023,False,871310000,496998000,496998000,496998000,0,36537000,63307000,63307000,0,68369000,68369000,0,0,0,0,32065000,428396000,I,I,0.858,55,True,12.74,7.27,12.74,14.78,13.76,7.85,13.76,15.96,26.49,15.11,26.49,30.74
165831,212067165831,Lexington-Fayette Urban County Government,KY,46027,2023,321793,2023,False,735525000,703861000,703861000,703861000,0,56931000,79052000,69742000,9310000,142580000,71676000,70904000,0,0,17108000,21619000,608203000,R,R,0.0,67,True,11.23,10.75,11.23,13.0,20.26,19.38,20.26,23.44,31.49,30.13,31.49,36.44
165866,212111165866,Louisville-Jefferson County Metro Government,KY,48003,2023,777874,2023,False,2799202000,2252825000,2141150000,2186614000,66211000,69218000,153412000,149876000,3536000,103249000,102914000,335000,0,0,112871000,134753000,1869772000,R,R,0.0,79,True,6.81,5.48,7.02,8.2,4.58,3.69,4.72,5.52,11.39,9.17,11.74,13.73
166054,222033166054,Baton Rouge-East Baton Rouge-Parish,LA,05000,2023,222185,2023,False,1313965000,1272148000,1243259000,1272148000,0,155840000,161836000,158855000,2981000,76731000,76687000,44000,0,0,16910000,118841000,980557000,IR,R,0.041,80,True,12.72,12.32,12.72,16.5,6.03,5.84,6.03,7.83,18.75,18.16,18.75,24.33
166076,222055166076,Lafayette-Parish,LA,40735,2023,121771,2023,False,776724000,478788000,476789000,478788000,0,9706000,110699000,104923000,5776000,36734000,29889000,6845000,0,0,7911000,8089000,453082000,R,R,0.01,83,True,23.12,14.25,23.12,24.43,7.67,4.73,7.67,8.11,30.79,18.98,30.79,32.54
166094,222071166094,New Orleans,LA,55000,2023,376971,2023,False,2253340000,2051017000,2051017000,2051017000,0,71586000,170366000,170366000,0,135693000,135693000,0,0,0,126339000,37016000,1816076000,S,S,0.048,63,True,8.31,7.56,8.31,9.38,6.62,6.02,6.62,7.47,14.92,13.58,14.92,16.85
166441,252005166441,New Bedford,MA,45000,2023,100941,2023,False,564598000,551022000,540799000,219555000,331467000,1966000,24691000,23289000,1402000,22080000,21204000,876000,0,0,641000,5316000,211632000,R,R,0.0,60,True,4.48,4.37,11.25,11.67,4.01,3.91,10.06,10.43,8.49,8.28,21.3,22.1
166448,252017166448,Cambridge,MA,11000,2023,117090,2023,False,1805599000,1784975000,1772141000,1417990000,366985000,939672000,56187000,55617000,570000,35280000,35133000,147000,0,0,0,0,478318000,R,R,0.01,57,True,3.15,3.11,3.96,11.75,1.98,1.95,2.49,7.38,5.12,5.07,6.45,19.12
166449,252017166449,Lowell,MA,37000,2023,113994,2023,False,684573000,672040000,659024000,249875000,422165000,565000,31714000,31359000,355000,24480000,24343000,137000,0,0,0,3728000,245582000,R,R,0.0,57,True,4.72,4.63,12.69,12.91,3.64,3.58,9.8,9.97,8.36,8.21,22.49,22.88
166454,252021166454,Quincy,MA,55745,2023,101119,2023,False,672971000,637536000,628886000,396063000,241473000,1369000,37397000,37397000,0,31460000,31460000,0,0,0,0,1519000,393175000,R,R,0.0,57,True,5.87,5.56,9.44,9.51,4.93,4.67,7.94,8.0,10.8,10.23,17.39,17.51
166455,252023166455,Brockton,MA,09000,2023,105446,2023,False,662658000,639782000,630532000,233803000,405979000,753000,29370000,29260000,110000,30396000,30346000,50000,0,0,166000,1141000,231743000,R,R,0.0,64,True,4.59,4.43,12.56,12.67,4.75,4.59,13.0,13.12,9.34,9.02,25.56,25.79
166690,262065166690,Lansing,MI,46000,2023,112684,2023,False,770848000,401549000,399109000,401549000,0,0,50831000,50831000,0,40213000,40213000,0,0,0,0,894000,400655000,R,R,0.0,53,True,12.66,6.59,12.66,12.69,10.01,5.22,10.01,10.04,22.67,11.81,22.67,22.72
166734,262099166734,Sterling Heights,MI,76460,2023,133269,2023,False,234675000,204498000,203118000,204498000,0,0,37218000,36738000,480000,23977000,23533000,444000,0,0,0,0,204498000,R,R,0.0,45,True,18.2,15.86,18.2,18.2,11.72,10.22,11.72,11.72,29.92,26.08,29.92,29.92
166817,262163166817,Detroit,MI,22000,2023,632464,2023,False,2678557000,2307707000,2307707000,2307707000,0,0,368761000,368761000,0,147702000,147702000,0,0,0,3740000,70518000,2233449000,R,R,0.0,61,True,15.98,13.77,15.98,16.51,6.4,5.51,6.4,6.61,22.38,19.28,22.38,23.12
167574,272109167574,Rochester,MN,54880,2023,121465,2023,False,542024000,335915000,335915000,335915000,0,0,38621000,38186000,435000,20665000,20501000,164000,0,0,33198000,0,302717000,R,R,0.0,52,True,11.5,7.13,11.5,12.76,6.15,3.81,6.15,6.83,17.65,10.94,17.65,19.58
167605,272123167605,St Paul,MN,58000,2023,307193,2023,False,941616000,817507000,816505000,817507000,0,0,152124000,149316000,2808000,66621000,64316000,2305000,0,0,10641000,1250000,805616000,R,R,0.0,56,True,18.61,16.16,18.61,18.88,8.15,7.08,8.15,8.27,26.76,23.23,26.76,27.15
168809,292019168809,Columbia,MO,15670,2023,126853,2023,False,395132000,215537000,215537000,215537000,0,1374000,21344000,21344000,0,17610000,16217000,1393000,0,0,27047000,7281000,179835000,R,R,0.0,59,True,9.9,5.4,9.9,11.87,8.17,4.46,8.17,9.79,18.07,9.86,18.07,21.66
168896,292077168896,Springfield,MO,70000,2023,169724,2023,False,896428000,361359000,361359000,361359000,0,0,46828000,46744000,84000,26564000,26564000,0,0,0,23806000,12887000,324666000,R,R,0.067,57,True,12.96,5.22,12.96,14.42,7.35,2.96,7.35,8.18,20.31,8.19,20.31,22.61
168926,292095168926,Lees Summit,MO,41348,2023,102781,2023,False,176538000,161018000,161018000,161018000,0,0,27666000,27150000,516000,29063000,23071000,5992000,0,0,3107000,0,157911000,R,R,0.0,51,True,17.18,15.67,17.18,17.52,18.05,16.46,18.05,18.4,35.23,32.13,35.23,35.92
169159,292510169159,St Louis,MO,65000,2023,293310,2023,False,1228218000,1166324000,1166324000,1166324000,0,43420000,294458000,294458000,0,85292000,85292000,0,0,0,139451000,93264000,890189000,R,R,0.0,56,True,25.25,23.97,25.25,33.08,7.31,6.94,7.31,9.58,32.56,30.92,32.56,42.66
169646,312109169646,Lincoln,NE,28000,2023,292657,2023,False,523602000,416758000,416758000,416758000,0,13791000,64711000,55944000,8767000,41372000,35767000,5605000,0,0,0,9583000,393384000,R,R,0.0,59,True,15.53,12.36,15.53,16.45,9.93,7.9,9.93,10.52,25.45,20.26,25.45,26.97
169987,322003169987,Henderson,NV,31900,2023,322178,2023,False,689735000,572163000,572163000,572163000,0,26782000,150984000,115901000,35083000,77205000,76069000,1136000,0,0,0,0,545381000,R,R,0.0,54,True,26.39,21.89,26.39,27.68,13.49,11.19,13.49,14.16,39.88,33.08,39.88,41.84
169988,322003169988,Las Vegas,NV,40000,2023,646790,2023,False,1118831000,1118831000,961955000,1118831000,0,64502000,16347000,15989000,358000,173486000,168117000,5369000,0,0,0,10069000,1044260000,R,R,0.0,58,True,1.46,1.46,1.46,1.57,15.51,15.51,15.51,16.61,16.97,16.97,16.97,18.18
169993,322031169993,Reno,NV,60600,2023,268851,2023,False,500698000,500698000,500698000,500698000,0,0,124364000,103115000,21249000,72549000,66500000,6049000,0,0,0,0,500698000,R,R,0.0,45,True,24.84,24.84,24.84,24.84,14.49,14.49,14.49,14.49,39.33,39.33,39.33,39.33
170001,332011170001,Manchester,NH,45140,2023,115462,2023,False,594332000,547971000,545530000,313977000,233994000,2075000,29077000,29077000,0,22592000,22592000,0,0,0,46560000,2334000,263008000,R,R,0.004,55,True,5.31,4.89,9.26,11.06,4.12,3.8,7.2,8.59,9.43,8.69,16.46,19.65
170378,352001170378,Albuquerque,NM,02000,2023,562599,2023,False,1395042000,1155173000,1111263000,1155173000,0,110371000,241095000,229546000,11549000,98786000,98786000,0,0,0,62624000,48966000,933212000,R,R,0.0,60,True,20.87,17.28,20.87,25.83,8.55,7.08,8.55,10.59,29.42,24.36,29.42,36.42
170404,352043170404,Rio Rancho,NM,63460,2023,105834,2023,False,153481000,128538000,128273000,128538000,0,528000,27634000,25596000,2038000,17651000,15461000,2190000,0,0,0,1377000,126633000,R,R,0.0,58,True,21.5,18.0,21.5,21.82,13.73,11.5,13.73,13.94,35.23,29.51,35.23,35.76
170440,362001170440,Albany,NY,01000,2023,98617,2023,False,207858000,207858000,207815000,207858000,0,0,64085000,61274000,2811000,43026000,39228000,3798000,0,0,0,649000,207209000,R,R,0.0,46,True,30.83,30.83,30.83,30.93,20.7,20.7,20.7,20.76,51.53,51.53,51.53,51.69
170582,362067170582,Syracuse,NY,73000,2023,146103,2023,False,907836000,891537000,885810000,350823000,540714000,0,53468000,53468000,0,48573000,42844000,5729000,0,0,0,90000,350733000,R,R,0.0,51,True,6.0,5.89,15.24,15.24,5.45,5.35,13.85,13.85,11.45,11.24,29.09,29.09
171207,372081171207,Greensboro,NC,28000,2023,298263,2023,False,792362000,595331000,593394000,595331000,0,0,95076000,94697000,379000,68399000,68153000,246000,0,0,0,216000,595115000,R,R,0.0,70,True,15.97,12.0,15.97,15.98,11.49,8.63,11.49,11.49,27.46,20.63,27.46,27.47
171248,372129171248,Wilmington,NC,74440,2023,117643,2023,False,203737000,197883000,197883000,197883000,0,1163000,39822000,39524000,298000,23281000,22126000,1155000,0,0,0,0,196720000,R,R,0.0,50,True,20.12,19.55,20.12,20.24,11.77,11.43,11.77,11.83,31.89,30.97,31.89,32.08
171305,372183171305,Raleigh,NC,55000,2023,469124,2023,False,1071589000,855141000,854964000,855141000,0,0,128313000,126257000,2056000,79183000,75391000,3792000,0,0,0,0,855141000,R,R,0.0,60,True,15.0,11.97,15.0,15.0,9.26,7.39,9.26,9.26,24.26,19.36,24.26,24.26
171371,382017171371,Fargo,ND,25700,2023,126748,2023,False,430269000,382415000,382415000,382415000,0,1038000,24725000,23707000,1018000,16061000,16058000,3000,0,0,16296000,15197000,349884000,S,S,0.0,72,True,6.47,5.75,6.47,7.07,4.2,3.73,4.2,4.59,10.67,9.48,10.67,11.66
172358,392035172358,Cleveland,OH,16000,2023,367991,2023,False,1353989000,929910000,925310000,929910000,0,4977000,222510000,222510000,0,134880000,134880000,0,0,0,75660000,10194000,839079000,R,R,0.022,61,True,23.93,16.43,23.93,26.52,14.5,9.96,14.5,16.07,38.43,26.4,38.43,42.59
172543,392113172543,Dayton,OH,21000,2023,137571,2023,False,298823000,257507000,257507000,257507000,0,0,56751000,56751000,0,45010000,45010000,0,0,0,31630000,0,225877000,R,R,0.0,37,True,22.04,18.99,22.04,25.12,17.48,15.06,17.48,19.93,39.52,34.05,39.52,45.05
173685,412051173685,Gresham,OR,31250,2023,113103,2023,False,191870000,167867000,162205000,167867000,0,0,30863000,29364000,1499000,27722000,26710000,1012000,0,0,0,0,167867000,R,R,0.0,51,True,18.39,16.09,18.39,18.39,16.51,14.45,16.51,16.51,34.9,30.53,34.9,34.9
174015,422077174015,Allentown,PA,02000,2023,125944,2023,False,219581000,219581000,219581000,219581000,0,0,44950000,41493000,3457000,26890000,26890000,0,0,0,0,4803000,214778000,R,R,0.0,40,True,20.47,20.47,20.47,20.93,12.25,12.25,12.25,12.52,32.72,32.72,32.72,33.45
174889,452019174889,Charleston,SC,13330,2023,151612,2023,False,463096000,291679000,283497000,291679000,0,1130000,59044000,59044000,0,42782000,42782000,0,0,0,0,0,290549000,R,R,0.0,50,True,20.24,12.75,20.24,20.32,14.67,9.24,14.67,14.72,34.91,21.99,34.91,35.05
174894,452019174894,North Charleston,SC,50875,2023,117472,2023,False,206903000,206903000,206903000,206903000,0,0,44910000,44910000,0,31549000,31549000,0,0,0,0,0,206903000,R,R,0.0,36,True,21.71,21.71,21.71,21.71,15.25,15.25,15.25,15.25,36.95,36.95,36.95,36.95
174959,452079174959,Columbia,SC,16000,2023,137541,2023,False,429363000,335934000,335934000,335934000,0,1965000,49291000,49291000,0,52293000,50951000,1342000,0,0,0,2548000,331421000,R,R,0.0,55,True,14.67,11.48,14.67,14.87,15.57,12.18,15.57,15.78,30.24,23.66,30.24,30.65
175728,472037175728,Nashville-Davidson County Metropolitan Government,TN,52004,2023,703953,2023,False,5895635000,4004853000,3931925000,2403463000,1601390000,317989000,311611000,289461000,22150000,175463000,174662000,801000,0,0,0,102701000,1982773000,R,R,0.0,82,True,7.78,5.29,12.97,15.72,4.38,2.98,7.3,8.85,12.16,8.26,20.27,24.57
175780,472093175780,Knoxville,TN,40000,2023,192648,2023,False,1411393000,534876000,534876000,534876000,0,0,70360000,70360000,0,51093000,51093000,0,0,0,0,12000,534864000,I,I,0.984,58,True,13.15,4.99,13.15,13.15,9.55,3.62,9.55,9.55,22.71,8.61,22.71,22.71
175826,472157175826,Memphis,TN,48000,2023,628127,2023,False,3385654000,1611494000,1611494000,1611494000,0,1478000,304676000,295015000,9661000,229603000,217430000,12173000,0,0,1660000,453000,1607903000,R,R,0.532,82,True,18.91,9.0,18.91,18.95,14.25,6.78,14.25,14.28,33.15,15.78,33.15,33.23
175981,482027175981,Killeen,TX,39148,2023,156261,2023,False,176014000,153763000,151526000,153763000,0,0,35967000,35967000,0,28231000,28231000,0,0,0,9310000,1202000,143251000,R,R,0.0,62,True,23.39,20.43,23.39,25.11,18.36,16.04,18.36,19.71,41.75,36.47,41.75,44.82
175988,482029175988,San Antonio,TX,65000,2023,1451853,2023,False,7183961000,3178975000,3178814000,3102462000,76513000,180038000,519513000,516035000,3478000,349731000,347698000,2033000,0,0,110002000,87703000,2724719000,R,R,0.0,91,True,16.34,7.23,16.75,19.07,11.0,4.87,11.27,12.84,27.34,12.1,28.02,31.9
176022,482061176022,Brownsville,TX,10768,2023,187831,2023,False,436612000,225368000,223682000,225368000,0,1236000,46912000,46173000,739000,26034000,25419000,615000,0,0,8284000,4644000,211204000,R,R,0.0,68,True,20.82,10.74,20.82,22.21,11.55,5.96,11.55,12.33,32.37,16.71,32.37,34.54
176053,482085176053,Plano,TX,58016,2023,288253,2023,False,711902000,596564000,550994000,596564000,0,0,95627000,95619000,8000,70162000,70162000,0,0,0,0,4153000,592411000,R,R,0.0,56,True,16.03,13.43,16.03,16.14,11.76,9.86,11.76,11.84,27.79,23.29,27.79,27.99
176060,482091176060,New Braunfels,TX,50820,2023,98857,2023,False,460555000,238797000,229034000,238797000,0,0,24317000,24317000,0,22999000,22999000,0,0,0,4192000,1694000,232911000,R,R,0.0,55,True,10.18,5.28,10.18,10.44,9.63,4.99,9.63,9.87,19.81,10.27,19.81,20.32
176079,482113176079,Irving,TX,37000,2023,254198,2023,False,510434000,449672000,449672000,449672000,0,3563000,69862000,68861000,1001000,60968000,58194000,2774000,0,0,0,0,446109000,R,R,0.0,58,True,15.54,13.69,15.54,15.66,13.56,11.94,13.56,13.67,29.09,25.63,29.09,29.33
176107,482135176107,Odessa,TX,53388,2023,112483,2023,False,191404000,156350000,156350000,156350000,0,0,34755000,34626000,129000,29780000,29779000,1000,0,0,0,0,156350000,I,I,1.0,48,True,22.23,18.16,22.23,22.23,19.05,15.56,19.05,19.05,41.28,33.72,41.28,41.28
176118,482141176118,El Paso,TX,24000,2023,678415,2023,False,1348316000,996944000,996944000,996944000,0,1204000,148195000,146973000,1222000,133284000,127790000,5494000,0,0,46903000,33614000,915223000,R,R,0.0,75,True,14.86,10.99,14.86,16.19,13.37,9.89,13.37,14.56,28.23,20.88,28.23,30.76
176132,482157176132,Sugar Land,TX,70808,2023,109373,2023,False,256325000,222440000,222388000,222440000,0,0,32145000,31265000,880000,19821000,19095000,726000,0,0,21386000,1413000,199641000,I,I,1.0,49,True,14.45,12.54,14.45,16.1,8.91,7.73,8.91,9.93,23.36,20.27,23.36,26.03
176142,482167176142,League,TX,41980,2023,115595,2023,False,188239000,145290000,145290000,145290000,0,0,24567000,23507000,1060000,4058000,3876000,182000,0,0,0,5622000,139668000,R,R,0.0,44,True,16.91,13.05,16.91,17.59,2.79,2.16,2.79,2.91,19.7,15.21,19.7,20.5
176169,482201176169,Houston,TX,35000,2023,2288250,2023,False,6060743000,5538120000,5495982000,5538120000,0,0,992882000,984383000,8499000,508399000,497091000,11308000,0,0,795299000,202495000,4540326000,R,R,0.0,73,True,17.93,16.38,17.93,21.87,9.18,8.39,9.18,11.2,27.11,24.77,27.11,33.07
176286,482309176286,Waco,TX,76000,2023,139594,2023,False,460897000,407142000,406166000,407142000,0,0,48394000,48394000,0,31840000,31840000,0,0,0,6054000,12047000,389041000,R,R,0.0,53,True,11.89,10.5,11.89,12.44,7.82,6.91,7.82,8.18,19.71,17.41,19.71,20.62
176325,482355176325,Corpus Christi,TX,17000,2023,317773,2023,False,737027000,526908000,517217000,526908000,0,1662000,86756000,81758000,4998000,65103000,63217000,1886000,0,0,21870000,10135000,493241000,R,R,0.0,69,True,16.47,11.77,16.47,17.59,12.36,8.83,12.36,13.2,28.82,20.6,28.82,30.79
176375,482439176375,Fort Worth,TX,27000,2023,935508,2023,False,2217598000,1835844000,1835844000,1835844000,0,0,398019000,389956000,8063000,184585000,184585000,0,0,0,42670000,73857000,1719317000,R,R,0.0,54,True,21.68,17.95,21.68,23.15,10.05,8.32,10.05,10.74,31.73,26.27,31.73,33.89
176386,482441176386,Abilene,TX,01000,2023,125070,2023,False,271690000,212412000,212412000,212412000,0,0,32972000,32539000,433000,27515000,25996000,1519000,0,0,6072000,6540000,199800000,R,R,0.0,63,True,15.52,12.14,15.52,16.5,12.95,10.13,12.95,13.77,28.48,22.26,28.48,30.27
176394,482453176394,Austin,TX,05000,2023,964177,2023,False,5111094000,3011034000,3011034000,3011034000,0,179000,364642000,358511000,6131000,229627000,208462000,21165000,0,0,194235000,235433000,2581187000,R,R,0.0,71,True,12.11,7.13,12.11,14.13,7.63,4.49,7.63,8.9,19.74,11.63,19.74,23.02
176492,492035176492,Salt Lake,UT,67000,2023,200478,2023,False,1517609000,1413771000,1413771000,1413771000,0,2578000,75309000,74665000,644000,38408000,37788000,620000,0,0,629980000,1636000,779577000,R,R,0.0,78,True,5.33,4.96,5.33,9.66,2.72,2.53,2.72,4.93,8.04,7.49,8.04,14.59
176495,492035176495,West Valley,UT,83470,2023,139110,2023,False,172680000,172680000,172252000,172680000,0,1577000,36633000,36633000,0,14899000,14822000,77000,0,0,0,3848000,167255000,R,R,0.0,52,True,21.21,21.21,21.21,21.9,8.63,8.63,8.63,8.91,29.84,29.84,29.84,30.81
176517,492049176517,Provo,UT,62470,2023,114084,2023,False,247504000,184445000,184445000,184445000,0,0,16626000,16590000,36000,10446000,10446000,0,0,0,10344000,0,174101000,R,R,0.03,60,True,9.01,6.72,9.01,9.55,5.66,4.22,5.66,6.0,14.68,10.94,14.68,15.55
176784,512700176784,Newport News,VA,56000,2023,184587,2023,False,1307592000,1202962000,1192757000,732944000,470018000,98278000,89776000,89348000,428000,54157000,53953000,204000,0,0,9610000,95026000,530030000,R,R,0.069,73,True,7.46,6.87,12.25,16.94,4.5,4.14,7.39,10.22,11.96,11.01,19.64,27.16
176816,532011176816,Vancouver,WA,74060,2023,192169,2023,False,390964000,329262000,328961000,329262000,0,0,70051000,68534000,1517000,60288000,53655000,6633000,0,0,670000,0,328592000,R,AR,0.01,61,True,21.28,17.92,21.28,21.32,18.31,15.42,18.31,18.35,39.59,33.34,39.59,39.67
176868,532053176868,Tacoma,WA,70000,2023,219205,2023,False,1281555000,691989000,691989000,691989000,0,1310000,106654000,105345000,1309000,108813000,100135000,8678000,0,0,0,8593000,682086000,R,R,0.0,67,True,15.41,8.32,15.41,15.64,15.72,8.49,15.72,15.95,31.14,16.81,31.14,31.59
176873,532061176873,Everett,WA,22640,2023,110812,2023,False,335370000,264060000,263515000,264060000,0,5068000,40528000,38712000,1816000,27358000,26988000,370000,0,0,0,18510000,240482000,R,R,0.0,68,True,15.35,12.08,15.35,16.85,10.36,8.16,10.36,11.38,25.71,20.24,25.71,28.23
177090,552009177090,Green Bay,WI,31000,2023,107015,2023,False,238467000,195460000,193093000,195460000,0,0,31858000,30134000,1724000,32332000,29596000,2736000,0,0,0,592000,194868000,R,R,0.0,61,True,16.3,13.36,16.3,16.35,16.54,13.56,16.54,16.59,32.84,26.92,32.84,32.94
183701,152003183701,Honolulu And County,HI,17000,2023,963826,2023,False,3422136000,2523045000,2516445000,2523045000,0,22586000,310718000,304286000,6432000,144396000,140793000,3603000,0,0,0,38425000,2462034000,R,R,0.0,74,True,12.32,9.08,12.32,12.62,5.72,4.22,5.72,5.86,18.04,13.3,18.04,18.49
183825,062029183825,Bakersfield,CA,03526,2023,407615,2023,False,605210000,565971000,565971000,565971000,0,0,144974000,137117000,7857000,56754000,56754000,0,0,0,362000,32621000,532988000,R,R,0.0,46,True,25.62,23.95,25.62,27.2,10.03,9.38,10.03,10.65,35.64,33.33,35.64,37.85
183836,062059183836,Anaheim,CA,02000,2023,345940,2023,False,1323467000,982619000,962894000,982619000,0,3000,211700000,194107000,17593000,97510000,95134000,2376000,0,0,0,15225000,967391000,R,R,0.0,58,True,21.54,16.0,21.54,21.88,9.92,7.37,9.92,10.08,31.47,23.36,31.47,31.96
184046,342031184046,Paterson,NJ,57000,2023,157794,2023,False,287208000,287208000,287095000,287208000,0,1118000,45168000,45168000,0,41874000,41874000,0,0,0,0,2453000,283637000,R,R,0.0,42,True,15.73,15.73,15.73,15.92,14.58,14.58,14.58,14.76,30.31,30.31,30.31,30.69
184196,462099184196,Sioux Falls,SD,59020,2023,196528,2023,False,492829000,420759000,420747000,420759000,0,0,48318000,45949000,2369000,61313000,33900000,27413000,0,0,0,15995000,404764000,R,R,0.0,65,True,11.48,9.8,11.48,11.94,14.57,12.44,14.57,15.15,26.06,22.25,26.06,27.09
184202,492053184202,St George,UT,65330,2023,99958,2023,False,248791000,156634000,156634000,156634000,0,0,21264000,19127000,2137000,8676000,6577000,2099000,0,0,3954000,0,152680000,R,R,0.0,65,True,13.58,8.55,13.58,13.93,5.54,3.49,5.54,5.68,19.11,12.03,19.11,19.61
184222,402143184222,Broken Arrow,OK,09050,2023,116330,2023,False,195597000,163452000,163452000,163452000,0,0,35354000,33050000,2304000,34631000,31631000,3000000,0,0,0,0,163452000,R,R,0.0,49,True,21.63,18.07,21.63,21.63,21.19,17.71,21.19,21.19,42.82,35.78,42.82,42.82
184255,532033184255,Seattle,WA,63000,2023,733919,2023,False,5119270000,3674588000,3475175000,3567235000,107353000,184458000,319496000,317662000,1834000,266789000,261103000,5686000,0,0,0,18644000,3364133000,R,R,0.0,77,True,8.69,6.24,8.96,9.5,7.26,5.21,7.48,7.93,15.96,11.45,16.44,17.43
184266,472125184266,Clarksville,TN,15160,2023,170957,2023,False,406908000,136167000,136167000,136167000,0,0,39895000,39436000,459000,30805000,26555000,4250000,0,0,0,0,136167000,R,R,0.0,60,True,29.3,9.8,29.3,29.3,22.62,7.57,22.62,22.62,51.92,17.37,51.92,51.92
184443,062037184443,Burbank,CA,08954,2023,105401,2023,False,482405000,280362000,280362000,280362000,0,0,66208000,63751000,2457000,29965000,29965000,0,0,0,0,19592000,260770000,R,R,0.0,53,True,23.62,13.72,23.62,25.39,10.69,6.21,10.69,11.49,34.3,19.94,34.3,36.88
184735,122009184735,Palm Bay,FL,54000,2023,122942,2023,False,140558000,131260000,131260000,131260000,0,0,24091000,23912000,179000,17967000,17447000,520000,0,0,0,0,131260000,R,R,0.0,49,True,18.35,17.14,18.35,18.35,13.69,12.78,13.69,13.69,32.04,29.92,32.04,32.04
184767,122105184767,Lakeland,FL,38250,2023,115425,2023,False,720641000,393344000,393305000,393344000,0,264000,45021000,44541000,480000,23039000,22030000,1009000,0,0,12598000,0,380482000,R,R,0.0,61,True,11.45,6.25,11.45,11.83,5.86,3.2,5.86,6.06,17.3,9.44,17.3,17.89
185901,262081185901,Grand Rapids,MI,34000,2023,197416,2023,False,581225000,510932000,501714000,510932000,0,0,59700000,59700000,0,40889000,40889000,0,0,0,0,843000,510089000,R,R,0.0,51,True,11.68,10.27,11.68,11.7,8.0,7.03,8.0,8.02,19.69,17.31,19.69,19.72
186236,292095186236,Kansas,MO,38000,2023,508394,2023,False,1988605000,1871130000,1814028000,1871130000,0,5733000,236830000,236830000,0,263070000,245655000,17415000,0,0,212923000,64727000,1587747000,R,R,0.003,56,True,12.66,11.91,12.66,14.92,14.06,13.23,14.06,16.57,26.72,25.14,26.72,31.48
186634,362029186634,Buffalo,NY,11000,2023,276807,2023,False,1879270000,1848457000,1829970000,730529000,1117928000,0,100086000,96585000,3501000,74410000,71166000,3244000,0,0,0,1924000,728605000,R,R,0.032,57,True,5.41,5.33,13.7,13.74,4.03,3.96,10.19,10.21,9.44,9.29,23.89,23.95
187646,482085187646,Mckinney,TX,45744,2023,202690,2023,False,466461000,376873000,376873000,376873000,0,0,43792000,42209000,1583000,43960000,40138000,3822000,0,0,17049000,2404000,357420000,R,R,0.0,61,True,11.62,9.39,11.62,12.25,11.66,9.42,11.66,12.3,23.28,18.81,23.28,24.55
187649,482113187649,Dallas,TX,19000,2023,1288457,2023,False,4908930000,4466401000,4452342000,4466401000,0,39232000,619207000,612903000,6304000,408247000,376624000,31623000,0,0,1288417000,34847000,3103905000,R,R,0.0,81,True,13.86,12.61,13.86,19.95,9.14,8.32,9.14,13.15,23.0,20.93,23.0,33.1
187683,482339187683,Conroe,TX,16432,2023,94400,2023,False,301931000,217106000,217106000,217106000,0,0,25935000,25655000,280000,23509000,23153000,356000,0,0,0,0,217106000,R,R,0.0,48,True,11.95,8.59,11.95,11.95,10.83,7.79,10.83,10.83,22.77,16.38,22.77,22.77
189585,042013189585,Scottsdale,AZ,65000,2023,242753,2023,False,828945000,703507000,693507000,703507000,0,0,136587000,129164000,7423000,60740000,56143000,4597000,0,0,8097000,0,695410000,R,R,0.0,57,True,19.42,16.48,19.42,19.64,8.63,7.33,8.63,8.73,28.05,23.8,28.05,28.38
189636,062019189636,Fresno,CA,27000,2023,544510,2023,False,1298340000,1048712000,1048712000,1048712000,0,0,221928000,216731000,5197000,79375000,79375000,0,0,0,27621000,11720000,1009371000,R,R,0.001,55,True,21.16,17.09,21.16,21.99,7.57,6.11,7.57,7.86,28.73,23.21,28.73,29.85
189929,172089189929,Aurora,IL,03012,2023,179266,2023,False,351564000,318042000,316368000,318042000,0,18271000,90129000,87734000,2395000,56447000,56447000,0,0,0,1067000,0,298704000,R,R,0.094,44,True,28.34,25.64,28.34,30.17,17.75,16.06,17.75,18.9,46.09,41.69,46.09,49.07
190480,262161190480,Ann Arbor,MI,03000,2023,121536,2023,False,364854000,300702000,300702000,300702000,0,0,32641000,32532000,109000,18669000,17967000,702000,0,0,761000,0,299941000,R,R,0.0,48,True,10.85,8.95,10.85,10.88,6.21,5.12,6.21,6.22,17.06,14.06,17.06,17.11
191166,392061191166,Cincinnati,OH,15000,2023,308935,2023,False,977840000,769008000,769008000,769008000,0,0,172688000,172020000,668000,65794000,64994000,800000,0,0,1780000,60292000,706936000,R,R,0.0,74,True,22.46,17.66,22.46,24.43,8.56,6.73,8.56,9.31,31.01,24.39,31.01,33.73
191559,472065191559,Chattanooga,TN,14000,2023,182113,2023,False,1406140000,574341000,572443000,574341000,0,6655000,89132000,88967000,165000,60388000,59272000,1116000,0,0,32582000,3871000,531233000,R,R,0.008,62,True,15.52,6.34,15.52,16.78,10.51,4.29,10.51,11.37,26.03,10.63,26.03,28.15
193115,062071193115,San Bernardino,CA,65000,2023,222203,2023,False,329722000,288467000,288467000,288467000,0,0,112982000,112982000,0,0,0,0,0,0,0,7012000,281455000,R,-,0.0,42,True,39.17,34.27,39.17,40.14,0.0,0.0,0.0,0.0,39.17,34.27,39.17,40.14
193205,172143193205,Peoria,IL,59000,2023,111666,2023,False,233127000,233127000,233127000,233127000,0,0,47692000,47010000,682000,39158000,38733000,425000,0,0,0,0,233127000,R,R,0.0,32,True,20.46,20.46,20.46,20.46,16.8,16.8,16.8,16.8,37.25,37.25,37.25,37.25
193551,272053193551,Minneapolis,MN,43000,2023,425336,2023,False,1253920000,1164478000,1150855000,1164478000,0,0,180049000,176421000,3628000,77007000,77007000,0,0,0,0,41727000,1122751000,R,R,0.0,49,True,15.46,14.36,15.46,16.04,6.61,6.14,6.61,6.86,22.07,20.5,22.07,22.9
193734,342017193734,Jersey,NJ,36000,2023,283927,2023,False,555762000,552067000,552011000,552067000,0,0,127026000,127026000,0,76662000,76662000,0,0,0,0,5649000,546418000,R,R,0.0,46,True,23.01,22.86,23.01,23.25,13.89,13.79,13.89,14.03,36.9,36.65,36.9,37.28
193960,412017193960,Bend,OR,05800,2023,102059,2023,False,208978000,190796000,190796000,190796000,0,0,25056000,25056000,0,34709000,29991000,4718000,0,0,2054000,0,188742000,R,R,0.0,49,True,13.13,11.99,13.13,13.28,18.19,16.61,18.19,18.39,31.32,28.6,31.32,31.66
194178,512760194178,Richmond,VA,67000,2023,226604,2023,False,1973950000,1585526000,1585526000,1102138000,483388000,127031000,135186000,135186000,0,99828000,99828000,0,0,0,0,112466000,862641000,R,R,0.0,74,True,8.53,6.85,12.27,15.67,6.3,5.06,9.06,11.57,14.82,11.91,21.32,27.24
194463,022020194463,Anchorage Municipality,AK,03000,2023,288121,2023,False,1714445000,1627967000,1627139000,847678000,780289000,5028000,153008000,150882000,2126000,121377000,119251000,2126000,0,0,56887000,73885000,711878000,R,R,0.425,78,True,9.4,8.92,18.05,21.49,7.46,7.08,14.32,17.05,16.85,16.0,32.37,38.54
194644,082005194644,Aurora,CO,04000,2023,389347,2023,False,1072041000,824550000,792529000,824550000,0,0,136241000,135299000,942000,77949000,77581000,368000,0,0,0,0,824550000,R,R,0.002,51,True,16.52,12.71,16.52,16.52,9.45,7.27,9.45,9.45,25.98,19.98,25.98,25.98
194647,082031194647,Denver And County,CO,20000,2023,711463,2023,False,5388936000,4747594000,4606886000,4747594000,0,405798000,266194000,253410000,12784000,179204000,174796000,4408000,0,0,1240559000,122473000,2978764000,R,R,0.0,83,True,5.61,4.94,5.61,8.94,3.77,3.33,3.77,6.02,9.38,8.27,9.38,14.95
194651,082013194651,Longmont,CO,45970,2023,100758,2023,False,339696000,180611000,180611000,180611000,0,0,44074000,43611000,463000,15211000,15211000,0,0,0,483000,615000,179513000,I,I,1.0,60,True,24.4,12.97,24.4,24.55,8.42,4.48,8.42,8.47,32.82,17.45,32.82,33.03
194654,082101194654,Pueblo,CO,62000,2023,112368,2023,False,123443000,85547000,85547000,85547000,0,0,29804000,29804000,0,20678000,20678000,0,0,0,0,0,85547000,R,R,0.016,32,True,34.84,24.14,34.84,34.84,24.17,16.75,24.17,24.17,59.01,40.89,59.01,59.01
194678,132121194678,Atlanta,GA,04000,2023,496461,2023,False,2030793000,1546078000,1546078000,1546078000,0,43664000,244380000,227315000,17065000,104577000,104137000,440000,0,0,371155000,1889000,1129370000,R,R,0.0,64,True,15.81,12.03,15.81,21.64,6.76,5.15,6.76,9.26,22.57,17.18,22.57,30.9
194679,132245194679,Augusta-Richmond County Consolidated Government,GA,04204,2023,201196,2023,False,546820000,496214000,491040000,496214000,0,26315000,54723000,53867000,856000,33285000,32345000,940000,0,0,24294000,8927000,436678000,R,R,0.0,68,True,11.03,10.01,11.03,12.53,6.71,6.09,6.71,7.62,17.74,16.09,17.74,20.15
194726,372119194726,Charlotte,NC,12000,2023,879709,2023,False,3204144000,2584620000,2575345000,2584620000,0,397000,363473000,345149000,18324000,181766000,164532000,17234000,0,0,680688000,0,1903535000,R,R,0.043,66,True,14.06,11.34,14.06,19.09,7.03,5.67,7.03,9.55,21.1,17.02,21.1,28.64
194732,372081194732,High Point,NC,31400,2023,114086,2023,False,372021000,214262000,213668000,214262000,0,0,34970000,34800000,170000,27693000,27007000,686000,0,0,0,50000,214212000,R,R,0.0,68,True,16.32,9.4,16.32,16.32,12.92,7.44,12.92,12.93,29.25,16.84,29.25,29.25
194744,372067194744,Winston-Salem,NC,75000,2023,250320,2023,False,416220000,354508000,353453000,354508000,0,0,82819000,81352000,1467000,46236000,42542000,3694000,0,0,0,0,354508000,R,R,0.0,51,True,23.36,19.9,23.36,23.36,13.04,11.11,13.04,13.04,36.4,31.01,36.4,36.4
194757,122086194757,Miami,FL,45000,2023,439890,2023,False,1364190000,1364190000,1364190000,1364190000,0,8603000,306815000,303475000,3340000,195641000,187698000,7943000,0,0,0,0,1355587000,R,R,0.0,52,True,22.49,22.49,22.49,22.63,14.34,14.34,14.34,14.43,36.83,36.83,36.83,37.07
194789,262163194789,Dearborn,MI,21000,2023,108420,2023,False,282950000,264169000,232973000,264169000,0,0,43271000,42233000,1038000,30541000,30250000,291000,0,0,0,517000,263652000,R,R,0.009,51,True,16.38,15.29,16.38,16.41,11.56,10.79,11.56,11.58,27.94,26.09,27.94,28.0
194805,362061194805,New York,NY,51000,2023,8467513,2023,False,143768470000,127957550000,120129966000,90460101000,37497449000,22464620000,6300073000,6153697000,146376000,2623124000,2522972000,100152000,0,0,0,2359140000,65636341000,IR,IR,0.049,93,True,4.92,4.38,6.96,9.6,2.05,1.82,2.9,4.0,6.97,6.21,9.86,13.59
194809,482375194809,Amarillo,TX,03000,2023,201234,2023,False,472290000,395875000,395875000,395875000,0,50199000,51939000,51939000,0,37529000,37529000,0,0,0,15932000,18843000,310901000,R,R,0.0,58,True,13.12,11.0,13.12,16.71,9.48,7.95,9.48,12.07,22.6,18.94,22.6,28.78
194811,482439194811,Arlington,TX,04000,2023,392786,2023,False,682791000,596926000,596926000,596926000,0,0,117297000,117297000,0,52060000,52060000,0,0,0,1143000,4030000,591753000,R,R,0.0,52,True,19.65,17.18,19.65,19.82,8.72,7.62,8.72,8.8,28.37,24.8,28.37,28.62
194812,482245194812,Beaumont,TX,07000,2023,112556,2023,False,307707000,266380000,266380000,266380000,0,50620000,51615000,49521000,2094000,36174000,34886000,1288000,0,0,1358000,5167000,209235000,R,R,0.0,59,True,19.38,16.77,19.38,24.67,13.58,11.76,13.58,17.29,32.96,28.53,32.96,41.96
194814,482041194814,College Station,TX,15976,2023,120019,2023,False,299832000,175269000,175269000,175269000,0,0,23265000,23265000,0,20020000,20020000,0,0,0,0,0,175269000,R,R,0.0,62,True,13.27,7.76,13.27,13.27,11.42,6.68,11.42,11.42,24.7,14.44,24.7,24.7
194820,482085194820,Frisco,TX,27684,2023,210719,2023,False,504550000,430884000,406225000,430884000,0,0,50013000,50013000,0,49669000,47007000,2662000,0,0,0,3515000,427369000,S,RS,0.0,48,True,11.61,9.91,11.61,11.7,11.53,9.84,11.53,11.62,23.13,19.76,23.13,23.32
194823,482113194823,Grand Prairie,TX,30464,2023,197347,2023,False,555599000,500588000,500588000,500588000,0,0,74733000,73776000,957000,40303000,38532000,1771000,0,0,2459000,2627000,495502000,S,RS,0.0,69,True,14.93,13.45,14.93,15.08,8.05,7.25,8.05,8.13,22.98,20.7,22.98,23.22
194825,482329194825,Midland,TX,48072,2023,131325,2023,False,323289000,243160000,243160000,243160000,0,0,34356000,34356000,0,31205000,31205000,0,0,0,20008000,2361000,220791000,R,R,0.0,54,True,14.13,10.63,14.13,15.56,12.83,9.65,12.83,14.13,26.96,20.28,26.96,29.69
200728,062067200728,Elk Grove,CA,22020,2023,178997,2023,False,171662000,171659000,171659000,171659000,0,0,56524000,56338000,186000,0,0,0,0,0,0,4653000,167006000,R,-,0.073,42,True,32.93,32.93,32.93,33.85,0.0,0.0,0.0,0.0,32.93,32.93,32.93,33.85
201810,202173201810,Wichita,KS,79000,2023,395699,2023,False,524049000,446220000,446220000,446220000,0,271000,103662000,103662000,0,53416000,53416000,0,0,0,33391000,3160000,409398000,R,R,0.0,56,True,23.23,19.78,23.23,25.32,11.97,10.19,11.97,13.05,35.2,29.97,35.2,38.37
202617,482121202617,Lewisville,TX,42508,2023,112944,2023,False,222380000,194453000,194453000,194453000,0,0,35286000,34792000,494000,28166000,28126000,40000,0,0,0,0,194453000,R,R,0.0,43,True,18.15,15.87,18.15,18.15,14.48,12.67,14.48,14.48,32.63,28.53,32.63,32.63
202751,512810202751,Virginia Beach,VA,82000,2023,457672,2023,False,2461878000,2399968000,2376982000,1355253000,1044715000,128546000,130377000,127640000,2737000,99685000,98140000,1545000,0,0,0,86323000,1140384000,R,R,0.0,75,True,5.43,5.3,9.62,11.43,4.15,4.05,7.36,8.74,9.59,9.34,16.98,20.17
203966,062019203966,Clovis,CA,14218,2023,122989,2023,False,256946000,221928000,212002000,221928000,0,0,46597000,46597000,0,22756000,22756000,0,0,0,0,2748000,219180000,R,R,0.0,47,True,21.0,18.13,21.0,21.26,10.25,8.86,10.25,10.38,31.25,26.99,31.25,31.64
204523,202091204523,Olathe,KS,52575,2023,143014,2023,False,327139000,290363000,290363000,290363000,0,15910000,30000000,30000000,0,30278000,30278000,0,0,0,0,541000,273912000,I,I,0.464,49,True,10.33,9.17,10.33,10.95,10.43,9.26,10.43,11.05,20.76,18.43,20.76,22.01
204933,342039204933,Elizabeth,NJ,21000,2023,135407,2023,False,333425000,331657000,331657000,331657000,0,0,58063000,51112000,6951000,33466000,33435000,31000,0,0,0,6964000,324693000,R,R,0.138,50,True,17.51,17.41,17.51,17.88,10.09,10.04,10.09,10.31,27.6,27.45,27.6,28.19
205133,392095205133,Toledo,OH,77000,2023,268508,2023,False,255508000,209330000,209330000,209330000,0,0,0,0,0,0,0,0,0,0,0,10846000,198484000,-,-,0.121,30,False,,,,,,,,,,,,
205181,402027205181,Norman,OK,52500,2023,128097,2023,False,960687000,926384000,926384000,926384000,0,671185000,38349000,34000000,4349000,23218000,23172000,46000,0,0,0,0,255199000,R,R,0.0,52,True,4.14,3.99,4.14,15.03,2.51,2.42,2.51,9.1,6.65,6.41,6.65,24.13
205218,412047205218,Salem,OR,64900,2023,177723,2023,False,493459000,443226000,443226000,443226000,0,30081000,53381000,53381000,0,45018000,45018000,0,0,0,1331000,3958000,407856000,R,R,0.0,52,True,12.04,10.82,12.04,13.09,10.16,9.12,10.16,11.04,22.2,19.94,22.2,24.13
205455,482201205455,Pasadena,TX,56000,2023,148626,2023,False,196497000,177983000,177983000,177983000,0,0,48183000,47936000,247000,10158000,7348000,2810000,0,0,0,5885000,172098000,R,R,0.0,50,True,27.07,24.52,27.07,28.0,5.71,5.17,5.71,5.9,32.78,29.69,32.78,33.9
205460,482215205460,Mcallen,TX,45384,2023,143920,2023,False,303305000,274693000,270702000,274693000,0,2390000,47360000,46032000,1328000,24920000,24895000,25000,0,0,9512000,3769000,259022000,I,I,1.0,68,True,17.24,15.61,17.24,18.28,9.07,8.22,9.07,9.62,26.31,23.83,26.31,27.9
205590,532033205590,Kent,WA,35415,2023,134835,2023,False,249053000,221155000,221155000,221155000,0,9895000,48894000,46979000,1915000,4917000,4917000,0,0,0,0,843000,210417000,R,R,0.0,56,True,22.11,19.63,22.11,23.24,2.22,1.97,2.22,2.34,24.33,21.61,24.33,25.57
205599,532063205599,Spokane,WA,67000,2023,229071,2023,False,643931000,557754000,551264000,557754000,0,27407000,86542000,82593000,3949000,73803000,73648000,155000,0,0,0,2606000,527741000,R,R,0.0,65,True,15.52,13.44,15.52,16.4,13.23,11.46,13.23,13.98,28.75,24.9,28.75,30.38
207520,012089207520,Huntsville,AL,37000,2023,216963,2023,False,1190431000,451606000,451063000,451606000,0,0,56428000,56149000,279000,42374000,42374000,0,0,0,0,2548000,449058000,R,R,0.0,64,True,12.49,4.74,12.49,12.57,9.38,3.56,9.38,9.44,21.88,8.3,21.88,22.0
207535,042013207535,Glendale,AZ,27820,2023,249630,2023,False,567019000,486888000,486888000,486888000,0,0,125994000,125994000,0,44195000,33790000,10405000,0,0,0,0,486888000,I,I,0.999,49,True,25.88,22.22,25.88,25.88,9.08,7.79,9.08,9.08,34.95,30.01,34.95,34.95
207536,042013207536,Phoenix,AZ,55000,2023,1624569,2023,False,4101480000,3178602000,3169646000,3143058000,35544000,19241000,671307000,624288000,47019000,396559000,365007000,31552000,0,0,366607000,62000,2757148000,R,R,0.083,78,True,21.12,16.37,21.36,24.35,12.48,9.67,12.62,14.38,33.6,26.04,33.98,38.73
207577,062001207577,Fremont,CA,26000,2023,227514,2023,False,405241000,405018000,405018000,405018000,0,554000,110644000,107621000,3023000,66361000,66294000,67000,0,0,0,25856000,378608000,R,R,0.032,48,True,27.32,27.3,27.32,29.22,16.38,16.38,16.38,17.53,43.7,43.68,43.7,46.75
207582,062037207582,Pasadena,CA,56000,2023,135732,2023,False,757057000,520913000,520913000,520913000,0,0,99820000,97972000,1848000,60542000,60542000,0,0,0,0,22736000,498177000,R,R,0.0,59,True,19.16,13.19,19.16,20.04,11.62,8.0,11.62,12.15,30.78,21.18,30.78,32.19
207583,062037207583,Torrance,CA,80000,2023,143600,2023,False,469714000,357094000,341996000,357094000,0,0,97718000,85849000,11869000,40790000,38504000,2286000,0,0,4917000,18742000,333435000,R,R,0.0,61,True,27.36,20.8,27.36,29.31,11.42,8.68,11.42,12.23,38.79,29.49,38.79,41.54
207593,062065207593,Corona,CA,16350,2023,159743,2023,False,510712000,365965000,342322000,365965000,0,0,48765000,48038000,727000,30527000,30329000,198000,0,0,210000,3663000,362092000,R,R,0.066,65,True,13.33,9.55,13.33,13.47,8.34,5.98,8.34,8.43,21.67,15.53,21.67,21.9
207594,062065207594,Riverside,CA,62000,2023,317261,2023,False,939404000,506950000,506950000,506950000,0,0,134101000,133684000,417000,72369000,72369000,0,0,0,1621000,6337000,498992000,R,R,0.0,60,True,26.45,14.28,26.45,26.87,14.28,7.7,14.28,14.5,40.73,21.98,40.73,41.38
207598,062073207598,San Diego,CA,66000,2023,1381611,2023,False,5962624000,5096542000,5093030000,5096542000,0,0,611560000,589002000,22558000,353002000,341400000,11602000,0,0,7051000,40076000,5049415000,R,R,0.112,67,True,12.0,10.26,12.0,12.11,6.93,5.92,6.93,6.99,18.93,16.18,18.93,19.1
207610,062099207610,Modesto,CA,48354,2023,218771,2023,False,371701000,312995000,312995000,312995000,0,0,68669000,68057000,612000,61086000,61086000,0,0,0,1442000,15424000,296129000,R,R,0.001,49,True,21.94,18.47,21.94,23.19,19.52,16.43,19.52,20.63,41.46,34.91,41.46,43.82
207635,082123207635,Greeley,CO,32155,2023,109323,2023,False,276698000,202845000,202845000,202845000,0,0,32907000,32889000,18000,23623000,21904000,1719000,0,0,0,0,202845000,R,R,0.086,53,True,16.22,11.89,16.22,16.22,11.65,8.54,11.65,11.65,27.87,20.43,27.87,27.87
207684,122103207684,Clearwater,FL,12875,2023,116674,2023,False,480404000,402989000,402688000,402989000,0,0,58959000,50279000,8680000,22883000,20524000,2359000,0,0,561000,12895000,389533000,R,R,0.0,66,True,14.63,12.27,14.63,15.14,5.68,4.76,5.68,5.87,20.31,17.04,20.31,21.01
207957,182097207957,Indianapolis,IN,36003,2023,882039,2023,False,5857538000,5092663000,5091530000,5092663000,0,2331351000,241203000,235000000,6203000,221037000,214362000,6675000,0,0,190290000,305167000,2265855000,IS,I,0.793,70,True,4.74,4.12,4.74,10.65,4.34,3.77,4.34,9.76,9.08,7.89,9.08,20.4
208056,192153208056,Des Moines,IA,21000,2023,212031,2023,False,722386000,653175000,653175000,653175000,0,15429000,78523000,78523000,0,50118000,50118000,0,0,0,80615000,2573000,554558000,R,R,0.0,56,True,12.02,10.87,12.02,14.16,7.67,6.94,7.67,9.04,19.69,17.81,19.69,23.2
208060,192163208060,Davenport,IA,19000,2023,101009,2023,False,210468000,203032000,203032000,203032000,0,0,28790000,28790000,0,21705000,21705000,0,0,0,359000,0,202673000,R,R,0.0,43,True,14.18,13.68,14.18,14.21,10.69,10.31,10.69,10.71,24.87,23.99,24.87,24.91
208111,202091208111,Overland Park,KS,53775,2023,197106,2023,False,247880000,247880000,247880000,247880000,0,0,41211000,41211000,0,29214000,29214000,0,0,0,0,0,247880000,R,R,0.0,36,True,16.63,16.63,16.63,16.63,11.79,11.79,11.79,11.79,28.41,28.41,28.41,28.41
208246,242510208246,Baltimore,MD,04000,2023,576498,2023,False,5348841000,4977605000,4951033000,3070669000,1906936000,3454000,574840000,574818000,22000,166115000,166115000,0,0,0,0,251650000,2815565000,AR,R,0.001,73,True,11.55,10.75,18.72,20.42,3.34,3.11,5.41,5.9,14.89,13.85,24.13,26.32
208698,312055208698,Omaha,NE,37000,2023,487300,2023,False,912693000,912693000,870470000,912693000,0,0,152085000,148944000,3141000,102357000,98646000,3711000,0,0,0,0,912693000,R,R,0.0,43,True,16.66,16.66,16.66,16.66,11.21,11.21,11.21,11.21,27.88,27.88,27.88,27.88
208734,322003208734,North Las Vegas,NV,51800,2023,274133,2023,False,402253000,330306000,330306000,330306000,0,15876000,88511000,86824000,1687000,48280000,45606000,2674000,0,0,0,0,314430000,R,R,0.0,52,True,26.8,22.0,26.8,28.15,14.62,12.0,14.62,15.35,41.41,34.01,41.41,43.5
208793,352013208793,Las Cruces,NM,39380,2023,112914,2023,False,289065000,202624000,202076000,202624000,0,0,36819000,34700000,2119000,26268000,21300000,4968000,0,0,3939000,958000,197727000,R,R,0.0,66,True,18.17,12.74,18.17,18.62,12.96,9.09,12.96,13.28,31.14,21.82,31.14,31.91
208963,372063208963,Durham,NC,19000,2023,285527,2023,False,635989000,509430000,509430000,509430000,0,0,85340000,84024000,1316000,51446000,47115000,4331000,0,0,13000,0,509417000,R,R,0.0,59,True,16.75,13.42,16.75,16.75,10.1,8.09,10.1,10.1,26.85,21.51,26.85,26.85
209050,392049209050,Columbus,OH,18000,2023,906528,2023,False,2587485000,2256252000,2256252000,2256252000,0,2644000,393844000,388363000,5481000,300111000,290591000,9520000,0,0,0,69192000,2184416000,R,R,0.0,63,True,17.46,15.22,17.46,18.03,13.3,11.6,13.3,13.74,30.76,26.82,30.76,31.77
209096,392153209096,Akron,OH,01000,2023,189347,2023,False,454957000,414864000,414864000,414864000,0,0,74166000,74166000,0,40637000,40637000,0,0,0,0,4337000,410527000,R,R,0.075,38,True,17.88,16.3,17.88,18.07,9.8,8.93,9.8,9.9,27.67,25.23,27.67,27.96
209170,402109209170,Oklahoma,OK,55000,2023,687725,2023,False,1751476000,1308390000,1308390000,1308390000,0,0,196635000,194585000,2050000,199285000,198939000,346000,0,0,80682000,6262000,1221446000,R,R,0.0,66,True,15.03,11.23,15.03,16.1,15.23,11.38,15.23,16.32,30.26,22.6,30.26,32.41
209519,472149209519,Murfreesboro,TN,51560,2023,157519,2023,False,389163000,315988000,315953000,197363000,118625000,36000,54019000,40751000,13268000,27535000,26219000,1316000,0,0,5325000,0,192002000,R,R,0.0,63,True,17.1,13.88,27.37,28.13,8.71,7.08,13.95,14.34,25.81,20.96,41.32,42.48
209555,482085209555,Allen,TX,01924,2023,106874,2023,False,225721000,184928000,184928000,184928000,0,269000,38868000,35276000,3592000,26701000,21250000,5451000,0,0,0,316000,184343000,I,I,1.0,44,True,21.02,17.22,21.02,21.08,14.44,11.83,14.44,14.48,35.46,29.05,35.46,35.57
209562,482121209562,Denton,TX,19972,2023,148146,2023,False,814309000,422339000,422339000,422339000,0,0,83227000,47659000,35568000,45504000,37673000,7831000,0,0,1953000,2554000,417832000,R,R,0.0,60,True,19.71,10.22,19.71,19.92,10.77,5.59,10.77,10.89,30.48,15.81,30.48,30.81
209712,512510209712,Alexandria,VA,01000,2023,154706,2023,False,1484220000,1336774000,1334345000,981231000,355543000,90768000,77124000,77124000,0,60896000,60896000,0,0,0,0,52718000,837745000,R,R,0.0,68,True,5.77,5.2,7.86,9.21,4.56,4.1,6.21,7.27,10.32,9.3,14.07,16.48
209777,552025209777,Madison,WI,48000,2023,269196,2023,False,738864000,628805000,628805000,628805000,0,48996000,83648000,83231000,417000,66688000,65894000,794000,0,0,0,8653000,571156000,R,R,0.061,62,True,13.3,11.32,13.3,14.65,10.61,9.03,10.61,11.68,23.91,20.35,23.91,26.32
211212,062073211212,Chula Vista,CA,13392,2023,277220,2023,False,610179000,599436000,559145000,599436000,0,0,76094000,68601000,7493000,41988000,41731000,257000,0,0,0,8108000,591328000,R,R,0.062,58,True,12.69,12.47,12.69,12.87,7.0,6.88,7.0,7.1,19.7,19.35,19.7,19.97
211214,062077211214,Stockton,CA,75000,2023,322120,2023,False,549542000,507413000,507413000,507413000,0,0,152346000,149932000,2414000,66213000,66213000,0,0,0,662000,15815000,490936000,R,R,0.0,50,True,30.02,27.72,30.02,31.03,13.05,12.05,13.05,13.49,43.07,39.77,43.07,44.52
211253,412067211253,Hillsboro,OR,34100,2023,106633,2023,False,421783000,304677000,264999000,304677000,0,0,43732000,43732000,0,32809000,32809000,0,0,0,0,0,304677000,R,R,0.0,48,True,14.35,10.37,14.35,14.35,10.77,7.78,10.77,10.77,25.12,18.15,25.12,25.12
211254,412051211254,Portland,OR,59000,2023,641162,2023,False,2296729000,2046697000,2046697000,2046697000,0,0,240035000,238684000,1351000,173849000,168725000,5124000,0,0,0,5754000,2040943000,R,R,0.0,56,True,11.73,10.45,11.73,11.76,8.49,7.57,8.49,8.52,20.22,18.02,20.22,20.28
211654,082001211654,Westminster,CO,83835,2023,114561,2023,False,282820000,250563000,248711000,250563000,0,67000,37586000,37330000,256000,29074000,22338000,6736000,0,0,0,0,250496000,R,R,0.0,66,True,15.0,13.29,15.0,15.0,11.6,10.28,11.6,11.61,26.6,23.57,26.6,26.61
212090,402143212090,Tulsa,OK,75000,2023,411401,2023,False,1179970000,1018531000,1018471000,1018531000,0,25334000,142840000,136545000,6295000,114488000,97316000,17172000,0,0,42043000,106356000,844798000,R,R,0.0,61,True,14.02,12.11,14.02,16.91,11.24,9.7,11.24,13.55,25.26,21.81,25.26,30.46
212209,082005212209,Centennial,CO,12815,2023,106966,2023,False,32037000,32037000,685000,32037000,0,0,0,0,0,0,0,0,0,0,0,0,32037000,-,-,0.003,14,False,,,,,,,,,,,,
212231,482113212231,Garland,TX,29000,2023,242035,2023,False,883022000,440661000,440661000,440661000,0,0,68386000,62924000,5462000,40052000,39993000,59000,0,0,108000,10736000,429817000,R,R,0.0,61,True,15.52,7.74,15.52,15.91,9.09,4.54,9.09,9.32,24.61,12.28,24.61,25.23
212233,482303212233,Lubbock,TX,45000,2023,260993,2023,False,824410000,387872000,387595000,387872000,0,0,83766000,70523000,13243000,50052000,48739000,1313000,0,0,12769000,12134000,362969000,R,R,0.0,69,True,21.6,10.16,21.6,23.08,12.9,6.07,12.9,13.79,34.5,16.23,34.5,36.87
212234,482113212234,Richardson,TX,61796,2023,116382,2023,False,286959000,233258000,233258000,233258000,0,0,33263000,33263000,0,26983000,26983000,0,0,0,0,1968000,231290000,R,R,0.0,49,True,14.26,11.59,14.26,14.38,11.57,9.4,11.57,11.67,25.83,20.99,25.83,26.05
213591,532063213591,Spokane Valley,WA,67167,2023,105905,2023,False,67616000,67616000,67475000,67616000,0,2025000,27071000,26925000,146000,0,0,0,0,0,0,510000,65081000,R,-,0.0,48,True,40.04,40.04,40.04,41.6,0.0,0.0,0.0,0.0,40.04,40.04,40.04,41.6
216510,132121216510,Sandy Springs,GA,68516,2023,107180,2023,False,147669000,147669000,147669000,147669000,0,0,29694000,25733000,3961000,19095000,16091000,3004000,0,0,0,0,147669000,R,R,0.0,41,True,20.11,20.11,20.11,20.11,12.93,12.93,12.93,12.93,33.04,33.04,33.04,33.04
225038,012073225038,Birmingham,AL,07000,2023,197575,2023,False,750961000,553868000,553868000,553868000,0,438000,109982000,109982000,0,83499000,83499000,0,0,0,0,0,553430000,R,R,0.262,46,True,19.86,14.65,19.86,19.87,15.08,11.12,15.08,15.09,34.93,25.76,34.93,34.96
225767,092190225767,Stamford,CT,73000,2023,136309,2023,False,785518000,782283000,777371000,351545000,430738000,0,43830000,43630000,200000,41898000,41148000,750000,0,0,0,11964000,339581000,R,R,0.0,52,True,5.6,5.58,12.47,12.91,5.36,5.33,11.92,12.34,10.96,10.91,24.39,25.25
247337,132121247337,South Fulton,GA,72122,2023,108575,2023,False,323985000,300972000,299560000,300972000,0,166000,28647000,27091000,1556000,0,0,0,0,0,0,496000,300310000,I,-,1.0,53,True,9.52,8.84,9.52,9.54,0.0,0.0,0.0,0.0,9.52,8.84,9.52,9.54
100091,012101100091,Montgomery,AL,51000,2024,196986,2024,False,474162000,411018000,408445000,411018000,0,0,66684000,47848000,18836000,69938000,42949000,26989000,0,0,0,5700000,405318000,R,R,0.012,54,True,16.22,14.06,16.22,16.45,17.02,14.75,17.02,17.26,33.24,28.81,33.24,33.71
100249,042013100249,Chandler,AZ,12000,2024,280711,2024,False,618931000,570655000,566037000,570655000,0,0,116839000,100972000,15867000,56019000,49825000,6194000,0,0,3310000,0,567345000,R,R,0.015,56,True,20.47,18.88,20.47,20.59,9.82,9.05,9.82,9.87,30.29,27.93,30.29,30.47
100250,042013100250,Mesa,AZ,46000,2024,512498,2024,False,1306699000,1115633000,1115633000,1115633000,0,0,300390000,255854000,44536000,139554000,139554000,0,0,0,7818000,0,1107815000,RS,S,0.0,46,True,26.93,22.99,26.93,27.12,12.51,10.68,12.51,12.6,39.43,33.67,39.43,39.71
100251,042013100251,Surprise,AZ,71510,2024,154198,2024,False,311489000,292969000,292969000,292969000,0,3283000,46004000,45778000,226000,45334000,37932000,7402000,0,0,0,6534000,283152000,R,R,0.0,42,True,15.7,14.77,15.7,16.25,15.47,14.55,15.47,16.01,31.18,29.32,31.18,32.26
100435,052119100435,Little Rock,AR,41000,2024,202864,2024,False,599769000,599769000,579045000,599769000,0,0,92223000,83392000,8831000,63640000,60422000,3218000,0,0,50367000,37151000,512251000,R,R,0.0,61,True,15.38,15.38,15.38,18.0,10.61,10.61,10.61,12.42,25.99,25.99,25.99,30.43
100709,062059100709,Huntington Beach,CA,36000,2024,194310,2024,False,582196000,523442000,472179000,523442000,0,8000,113650000,104712000,8938000,53393000,53393000,0,0,0,0,13423000,510011000,R,R,0.031,61,True,21.71,19.52,21.71,22.28,10.2,9.17,10.2,10.47,31.91,28.69,31.91,32.75
100711,062059100711,Santa Ana,CA,69000,2024,308189,2024,False,1118422000,1036058000,876254000,1036058000,0,148000,167489000,161411000,6078000,40292000,39835000,457000,0,0,0,16027000,1019883000,R,R,0.02,67,True,16.17,14.98,16.17,16.42,3.89,3.6,3.89,3.95,20.05,18.58,20.05,20.37
100719,062065100719,Murrieta,CA,50076,2024,113783,2024,False,180593000,180593000,180593000,180593000,0,0,47476000,45830000,1646000,27839000,27839000,0,0,0,0,681000,179912000,R,R,0.02,37,True,26.29,26.29,26.29,26.39,15.42,15.42,15.42,15.47,41.7,41.7,41.7,41.86
100745,062085100745,San Jose,CA,68000,2024,971233,2024,False,3189625000,2714229000,2714229000,2714229000,0,0,520660000,483651000,37009000,280371000,280371000,0,0,0,128574000,0,2585655000,R,R,0.0,52,True,19.18,16.32,19.18,20.14,10.33,8.79,10.33,10.84,29.51,25.11,29.51,30.98
100750,062095100750,Fairfield,CA,23182,2024,119338,2024,False,335466000,265510000,248175000,265510000,0,0,51595000,51278000,317000,32259000,31813000,446000,0,0,0,0,265510000,R,R,0.028,54,True,19.43,15.38,19.43,19.43,12.15,9.62,12.15,12.15,31.58,25.0,31.58,31.58
101409,082069101409,Fort Collins,CO,27425,2024,169249,2024,False,804885000,498152000,464570000,498152000,0,18372000,55948000,55948000,0,36318000,36318000,0,0,0,0,0,479780000,I,I,0.995,49,True,11.23,6.95,11.23,11.66,7.29,4.51,7.29,7.57,18.52,11.46,18.52,19.23
101696,092140101696,Waterbury,CT,80000,2024,115016,2024,False,834122000,815716000,808348000,360263000,455453000,0,44734000,44734000,0,24345000,24345000,0,0,0,0,9891000,350372000,R,R,0.0,37,True,5.48,5.36,12.42,12.77,2.98,2.92,6.76,6.95,8.47,8.28,19.17,19.72
101927,122011101927,Miramar,FL,45975,2024,137228,2024,False,323355000,307141000,307141000,307141000,0,0,54414000,52904000,1510000,26373000,24688000,1685000,0,0,0,14700000,292441000,R,R,0.0,55,True,17.72,16.83,17.72,18.61,8.59,8.16,8.59,9.02,26.3,24.98,26.3,27.63
101942,122031101942,Jacksonville,FL,35000,2024,971319,2024,False,5802284000,3583183000,3583183000,3583183000,0,5587000,571816000,567757000,4059000,272968000,244925000,28043000,0,0,227744000,137050000,3212802000,R,R,0.0,80,True,15.96,9.86,15.96,17.8,7.62,4.7,7.62,8.5,23.58,14.56,23.58,26.29
102163,132021102163,Macon-Bibb County,GA,49008,2024,156197,2024,False,350125000,350125000,326532000,350125000,0,29316000,36133000,33391000,2742000,34978000,32557000,2421000,0,0,6392000,8547000,305870000,R,R,0.0,59,True,10.32,10.32,10.32,11.81,9.99,9.99,9.99,11.44,20.31,20.31,20.31,23.25
102716,172089102716,Elgin,IL,23074,2024,113177,2024,False,222855000,184743000,173612000,184743000,0,1386000,56000000,55687000,313000,34131000,34028000,103000,0,0,0,0,183357000,R,R,0.0,41,True,30.31,25.13,30.31,30.54,18.47,15.32,18.47,18.61,48.79,40.44,48.79,49.16
102882,172201102882,Rockford,IL,65000,2024,146713,2024,False,367844000,346306000,346306000,346306000,0,0,67316000,67316000,0,61943000,61943000,0,0,0,0,27346000,318960000,R,R,0.0,30,True,19.44,18.3,19.44,21.1,17.89,16.84,17.89,19.42,37.33,35.14,37.33,40.53
103799,182057103799,Fishers,IN,23278,2024,101966,2024,False,133387000,133387000,132660000,133387000,0,0,18182000,18182000,0,20012000,19930000,82000,0,0,0,1853000,131534000,R,R,0.108,43,True,13.63,13.63,13.63,13.82,15.0,15.0,15.0,15.21,28.63,28.63,28.63,29.04
106055,252009106055,Lynn,MA,37490,2024,100891,2024,False,749336000,749336000,739563000,290188000,459148000,1654000,48072000,48072000,0,43384000,43384000,0,0,0,0,34000,288500000,R,R,0.0,46,True,6.42,6.42,16.57,16.66,5.79,5.79,14.95,15.04,12.2,12.2,31.52,31.7
106061,252013106061,Springfield,MA,67000,2024,154064,2024,False,1266889000,1266243000,1252452000,469527000,796716000,1712000,81510000,81004000,506000,39275000,39265000,10000,0,0,0,2480000,465335000,R,R,0.0,49,True,6.44,6.43,17.36,17.52,3.1,3.1,8.36,8.44,9.54,9.53,25.72,25.96
106079,252027106079,Worcester,MA,82000,2024,205319,2024,False,1340846000,1308326000,1283771000,578367000,729959000,2386000,100541000,100491000,50000,78741000,78445000,296000,0,0,0,7975000,568006000,R,R,0.0,63,True,7.68,7.5,17.38,17.7,6.02,5.87,13.61,13.86,13.7,13.37,31.0,31.56
108127,302111108127,Billings,MT,06550,2024,119960,2024,False,268902000,214636000,214636000,214636000,0,0,30882000,30633000,249000,27655000,26540000,1115000,0,0,24087000,1223000,189326000,R,R,0.0,60,True,14.39,11.48,14.39,16.31,12.88,10.28,12.88,14.61,27.27,21.77,27.27,30.92
108910,322031108910,Sparks,NV,68400,2024,109226,2024,False,173039000,173039000,166508000,173039000,0,0,41933000,41809000,124000,25807000,25484000,323000,0,0,0,0,173039000,I,I,1.0,44,True,24.23,24.23,24.23,24.23,14.91,14.91,14.91,14.91,39.15,39.15,39.15,39.15
109593,362119109593,Yonkers,NY,84000,2024,208121,2024,False,1530704000,1493261000,1478931000,707971000,785290000,0,124256000,124256000,0,80170000,80134000,36000,0,0,0,1069000,706902000,R,R,0.499,53,True,8.32,8.12,17.55,17.58,5.37,5.24,11.32,11.34,13.69,13.36,28.87,28.92
110047,372025110047,Concord,NC,14100,2024,109896,2024,False,366219000,221376000,221302000,221376000,0,0,32406000,30412000,1994000,35658000,31131000,4527000,0,0,22554000,245000,198577000,R,R,0.0,69,True,14.64,8.85,14.64,16.32,16.11,9.74,16.11,17.96,30.75,18.59,30.75,34.28
112811,442007112811,Providence,RI,59000,2024,189563,2024,False,1235854000,1138637000,1138637000,521302000,617335000,2004000,110523000,110523000,0,94682000,94682000,0,0,0,0,0,519298000,R,R,0.0,51,True,9.71,8.94,21.2,21.28,8.32,7.66,18.16,18.23,18.02,16.6,39.36,39.52
114311,492035114311,West Jordan,UT,82950,2024,116664,2024,False,102301000,102301000,102301000,102301000,0,0,20075000,20075000,0,11450000,11450000,0,0,0,0,0,102301000,I,I,0.991,34,True,19.62,19.62,19.62,19.62,11.19,11.19,11.19,11.19,30.82,30.82,30.82,30.82
114563,512550114563,Chesapeake,VA,16000,2024,252488,2024,False,1482897000,1434076000,1421212000,711122000,722954000,81895000,92919000,91229000,1690000,77218000,65426000,11792000,0,0,8049000,41839000,579339000,R,R,0.0,76,True,6.48,6.27,13.07,16.04,5.38,5.21,10.86,13.33,11.86,11.47,23.93,29.37
114624,532033114624,Bellevue,WA,05210,2024,152767,2024,False,565070000,496554000,496554000,496554000,0,5609000,60187000,59709000,478000,49184000,39147000,10037000,0,0,0,78000,490867000,R,R,0.0,60,True,12.12,10.65,12.12,12.26,9.91,8.7,9.91,10.02,22.03,19.36,22.03,22.28
122748,042013122748,Goodyear,AZ,28380,2024,105406,2024,False,309369000,282947000,282947000,282947000,0,0,39907000,39907000,0,31331000,31331000,0,0,0,0,1374000,281573000,I,I,1.0,40,True,14.1,12.9,14.1,14.17,11.07,10.13,11.07,11.13,25.18,23.03,25.18,25.3
123092,062001123092,Berkeley,CA,06000,2024,118950,2024,False,574272000,574272000,574272000,574272000,0,0,91447000,88836000,2611000,47337000,47337000,0,0,0,6781000,63786000,503705000,R,R,0.025,48,True,15.92,15.92,15.92,18.15,8.24,8.24,8.24,9.4,24.17,24.17,24.17,27.55
123093,062001123093,Oakland,CA,53000,2024,430553,2024,False,2155394000,2155394000,2154606000,2155394000,0,25000,347605000,345500000,2105000,198729000,197129000,1600000,0,0,277743000,135202000,1742424000,R,R,0.03,60,True,16.13,16.13,16.13,19.95,9.22,9.22,9.22,11.41,25.35,25.35,25.35,31.35
123110,062037123110,Inglewood,CA,36546,2024,103621,2024,False,614724000,579281000,472824000,579281000,0,0,86973000,86622000,351000,20126000,20126000,0,0,0,0,3310000,575971000,R,R,0.016,57,True,15.01,14.15,15.01,15.1,3.47,3.27,3.47,3.49,18.49,17.42,18.49,18.59
123137,062061123137,Roseville,CA,62938,2024,154817,2024,False,969746000,665674000,647080000,665674000,0,4466000,66361000,64839000,1522000,51379000,43739000,7640000,0,0,0,2401000,658807000,R,R,0.042,66,True,9.97,6.84,9.97,10.07,7.72,5.3,7.72,7.8,17.69,12.14,17.69,17.87
123165,062107123165,Visalia,CA,82954,2024,143966,2024,False,312489000,279411000,236241000,279411000,0,0,52713000,50245000,2468000,21890000,21870000,20000,0,0,2056000,4262000,273093000,R,R,0.0,58,True,18.87,16.87,18.87,19.3,7.83,7.01,7.83,8.02,26.7,23.87,26.7,27.32
124038,092120124038,Bridgeport,CT,08000,2024,148377,2024,False,888682000,888682000,872115000,396864000,491818000,3073000,28754000,28754000,0,69952000,68552000,1400000,0,0,2117000,4089000,387585000,R,R,0.0,59,True,3.24,3.24,7.25,7.42,7.87,7.87,17.63,18.05,11.11,11.11,24.87,25.47
124214,112001124214,Washington Dc,DC,50000,2024,671803,2024,False,21970827000,21401822000,20444048000,17174043000,4227779000,6371471000,752884000,732804000,20080000,287799000,276959000,10840000,0,0,0,578080000,10224492000,R,R,0.0,107,True,3.52,3.43,4.38,7.36,1.34,1.31,1.68,2.81,4.86,4.74,6.06,10.18
124438,132051124438,Savannah,GA,69000,2024,148004,2024,False,535000000,503497000,501594000,503497000,0,14965000,68023000,64708000,3315000,39324000,39269000,55000,0,0,59018000,0,429514000,R,R,0.0,64,True,13.51,12.71,13.51,15.84,7.81,7.35,7.81,9.16,21.32,20.06,21.32,24.99
126027,182057126027,Carmel,IN,10342,2024,101964,2024,False,247994000,232745000,232745000,232745000,0,32000,32707000,29906000,2801000,34363000,34363000,0,0,0,0,1038000,231675000,R,R,0.0,40,True,14.05,13.19,14.05,14.12,14.76,13.86,14.76,14.83,28.82,27.05,28.82,28.95
126081,182141126081,South Bend,IN,71000,2024,103110,2024,False,344609000,308927000,308927000,308927000,0,0,57821000,54156000,3665000,38704000,38704000,0,0,0,0,383000,308544000,R,R,0.0,53,True,18.72,16.78,18.72,18.74,12.53,11.23,12.53,12.54,31.25,28.01,31.25,31.28
127810,222017127810,Shreveport,LA,70000,2024,180153,2024,False,465540000,387098000,387080000,387098000,0,0,66868000,66798000,70000,62232000,62232000,0,0,0,10433000,245000,376420000,I,I,0.87,58,True,17.27,14.36,17.27,17.76,16.08,13.37,16.08,16.53,33.35,27.73,33.35,34.3
128108,252025128108,Boston,MA,07000,2024,650706,2024,False,6590236000,6485234000,6129462000,4233442000,2251792000,403143000,550945000,536117000,14828000,320770000,320770000,0,0,0,0,46002000,3784297000,R,R,0.0,65,True,8.5,8.36,13.01,14.56,4.95,4.87,7.58,8.48,13.44,13.23,20.59,23.04
128309,262099128309,Warren,MI,84000,2024,137107,2024,False,285830000,252968000,252968000,252968000,0,0,53657000,52122000,1535000,34946000,30179000,4767000,0,0,0,0,252968000,R,R,0.0,49,True,21.21,18.77,21.21,21.21,13.81,12.23,13.81,13.81,35.03,31.0,35.03,35.03
129295,282049129295,Jackson,MS,36000,2024,145995,2024,False,329891000,257875000,257875000,257875000,0,3259000,31725000,28594000,3131000,23221000,23038000,183000,0,0,27968000,142000,226506000,R,R,0.0,58,True,12.3,9.62,12.3,14.01,9.0,7.04,9.0,10.25,21.31,16.66,21.31,24.26
129515,292095129515,Independence,MO,35000,2024,121202,2024,False,254965000,123152000,123152000,123152000,0,0,35292000,35292000,0,26432000,26432000,0,0,0,0,0,123152000,I,I,1.0,31,True,28.66,13.84,28.66,28.66,21.46,10.37,21.46,21.46,50.12,24.21,50.12,50.12
130835,342013130835,Newark,NJ,51000,2024,305344,2024,False,825005000,770795000,770795000,770795000,0,0,159329000,159329000,0,88359000,88359000,0,0,0,0,5896000,764899000,R,R,0.0,49,True,20.67,19.31,20.67,20.83,11.46,10.71,11.46,11.55,32.13,30.02,32.13,32.38
131239,362055131239,Rochester,NY,63000,2024,209352,2024,False,1825542000,1777366000,1735442000,807218000,970148000,0,106756000,106138000,618000,63922000,62183000,1739000,0,0,0,1067000,806151000,R,R,0.514,59,True,6.01,5.85,13.23,13.24,3.6,3.5,7.92,7.93,9.6,9.35,21.14,21.17
131717,372051131717,Fayetteville,NC,22920,2024,208873,2024,False,809801000,414650000,402406000,414650000,0,0,66315000,62633000,3682000,35277000,35277000,0,0,0,9167000,0,405483000,I,I,0.407,64,True,15.99,8.19,15.99,16.35,8.51,4.36,8.51,8.7,24.5,12.55,24.5,25.05
131775,372183131775,Cary,NC,10740,2024,180388,2024,False,476054000,384688000,384688000,384688000,0,0,43980000,38014000,5966000,39512000,34388000,5124000,0,0,0,0,384688000,R,R,0.0,47,True,11.43,9.24,11.43,11.43,10.27,8.3,10.27,10.27,21.7,17.54,21.7,21.7
133222,412039133222,Eugene,OR,23850,2024,177923,2024,False,873334000,484819000,483262000,484819000,0,0,79736000,78519000,1217000,60137000,59480000,657000,0,0,50406000,0,434413000,R,R,0.0,64,True,16.45,9.13,16.45,18.35,12.4,6.89,12.4,13.84,28.85,16.02,28.85,32.2
133470,422003133470,Pittsburgh,PA,61000,2024,302898,2024,False,887679000,887679000,887679000,887679000,0,0,143815000,143815000,0,96719000,96719000,0,0,0,0,35175000,852504000,R,R,0.0,39,True,16.2,16.2,16.2,16.87,10.9,10.9,10.9,11.35,27.1,27.1,27.1,28.21
133602,422101133602,Philadelphia,PA,60000,2024,1567258,2024,False,13239316000,12003908000,11329024000,12003908000,0,728066000,836415000,834838000,1577000,406047000,400740000,5307000,0,0,458216000,3076584000,7741042000,R,R,0.0,70,True,6.97,6.32,6.97,10.8,3.38,3.07,3.38,5.25,10.35,9.38,10.35,16.05
135095,482039135095,Pearland,TX,56348,2024,126949,2024,False,405004000,308385000,300532000,308385000,0,0,36151000,36079000,72000,27907000,27907000,0,0,0,0,0,308385000,I,I,1.0,45,True,11.72,8.93,11.72,11.72,9.05,6.89,9.05,9.05,20.77,15.82,20.77,20.77
135130,482113135130,Carrollton,TX,13024,2024,133820,2024,False,255393000,223477000,220679000,223477000,0,0,29984000,29304000,680000,34405000,34125000,280000,0,0,0,3648000,219829000,R,R,0.0,51,True,13.42,11.74,13.42,13.64,15.4,13.47,15.4,15.65,28.81,25.21,28.81,29.29
135132,482113135132,Mesquite,TX,47892,2024,147899,2024,False,315188000,257984000,257984000,257984000,0,0,49147000,48405000,742000,36897000,36897000,0,0,0,2933000,2771000,252280000,I,I,1.0,52,True,19.05,15.59,19.05,19.48,14.3,11.71,14.3,14.63,33.35,27.3,33.35,34.11
135275,482423135275,Tyler,TX,74144,2024,109286,2024,False,252542000,205805000,205805000,205805000,0,0,33301000,33228000,73000,22024000,22024000,0,0,0,4531000,1310000,199964000,I,I,1.0,57,True,16.18,13.19,16.18,16.65,10.7,8.72,10.7,11.01,26.88,21.91,26.88,27.67
135285,482451135285,San Angelo,TX,64472,2024,99112,2024,False,232308000,165103000,164022000,165103000,0,473000,26791000,24259000,2532000,22226000,21078000,1148000,0,0,5263000,1776000,157591000,R,R,0.0,63,True,16.23,11.53,16.23,17.0,13.46,9.57,13.46,14.1,29.69,21.1,29.69,31.1
135293,482479135293,Laredo,TX,41464,2024,256187,2024,False,622437000,530213000,530213000,530213000,0,1907000,84504000,83531000,973000,60291000,60163000,128000,0,0,24222000,33109000,470975000,R,R,0.0,68,True,15.94,13.58,15.94,17.94,11.37,9.69,11.37,12.8,27.31,23.26,27.31,30.74
135295,482485135295,Wichita Falls,TX,79000,2024,102664,2024,False,6471000,6471000,6471000,6471000,0,0,0,0,0,0,0,0,0,0,0,0,6471000,-,-,1.0,17,False,,,,,,,,,,,,
135298,482491135298,Round Rock,TX,63500,2024,126697,2024,False,348363000,306458000,306458000,306458000,0,0,39247000,39190000,57000,30101000,29943000,158000,0,0,0,0,306458000,I,I,1.0,51,True,12.81,11.27,12.81,12.81,9.82,8.64,9.82,9.82,22.63,19.91,22.63,22.63
136056,512650136056,Hampton,VA,35000,2024,138037,2024,False,803985000,803985000,798477000,479368000,324617000,76836000,46751000,44470000,2281000,32535000,32301000,234000,0,0,0,6717000,395815000,R,R,0.0,65,True,5.81,5.81,9.75,11.81,4.05,4.05,6.79,8.22,9.86,9.86,16.54,20.03
136057,512710136057,Norfolk,VA,57000,2024,232995,2024,False,1766130000,1680407000,1672196000,1155917000,524490000,109911000,87729000,87729000,0,45577000,45577000,0,0,0,90441000,34252000,921313000,R,R,0.0,71,True,5.22,4.97,7.59,9.52,2.71,2.58,3.94,4.95,7.93,7.55,11.53,14.47
136110,532033136110,Renton,WA,57745,2024,104047,2024,False,279248000,262695000,262695000,262695000,0,38838000,43992000,43846000,146000,0,0,0,0,0,3734000,652000,219471000,R,-,0.0,60,True,16.75,15.75,16.75,20.04,0.0,0.0,0.0,0.0,16.75,15.75,16.75,20.04
136562,552079136562,Milwaukee,WI,53000,2024,563305,2024,False,1366310000,1268309000,1268309000,1268309000,0,7243000,347036000,336221000,10815000,137919000,135690000,2229000,0,0,4640000,41925000,1214501000,R,R,0.0,60,True,27.36,25.4,27.36,28.57,10.87,10.09,10.87,11.36,38.24,35.49,38.24,39.93
137232,062037137232,Santa Clarita,CA,69088,2024,221345,2024,False,283069000,248133000,248133000,248133000,0,0,36111000,31354000,4757000,33000,33000,0,0,0,0,1554000,246579000,R,R,0.031,46,True,14.55,12.76,14.55,14.64,0.01,0.01,0.01,0.01,14.57,12.77,14.57,14.66
137234,062065137234,Temecula,CA,78120,2024,111752,2024,False,421734000,421734000,378157000,421734000,0,0,41260000,40578000,682000,11089000,10586000,503000,0,0,0,444000,421290000,R,R,0.0,48,True,9.78,9.78,9.78,9.79,2.63,2.63,2.63,2.63,12.41,12.41,12.41,12.43
160683,012097160683,Mobile,AL,50000,2024,183289,2024,False,472735000,404640000,385872000,404640000,0,17153000,62839000,62839000,0,39831000,39831000,0,0,0,0,8723000,378764000,R,R,0.381,48,True,15.53,13.29,15.53,16.59,9.84,8.43,9.84,10.52,25.37,21.72,25.37,27.11
160723,012125160723,Tuscaloosa,AL,77256,2024,110602,2024,False,283239000,267060000,267060000,267060000,0,1642000,40795000,39895000,900000,32152000,32152000,0,0,0,6212000,671000,258535000,R,R,0.0,48,True,15.28,14.4,15.28,15.78,12.04,11.35,12.04,12.44,27.31,25.75,27.31,28.22
160830,042013160830,Buckeye,AZ,07940,2024,105567,2024,False,329876000,252543000,252284000,252543000,0,0,40692000,33699000,6993000,28865000,23422000,5443000,0,0,4964000,0,247579000,R,R,0.0,53,True,16.11,12.34,16.11,16.44,11.43,8.75,11.43,11.66,27.54,21.09,27.54,28.09
160831,042013160831,Gilbert,AZ,27400,2024,275346,2024,False,506936000,462947000,462947000,462947000,0,0,103470000,81927000,21543000,51599000,51599000,0,0,0,0,0,462947000,R,R,0.0,39,True,22.35,20.41,22.35,22.35,11.15,10.18,11.15,11.15,33.5,30.59,33.5,33.5
160832,042013160832,Peoria,AZ,54050,2024,197866,2024,False,491088000,406226000,406226000,406226000,0,9734000,76298000,73142000,3156000,50377000,50333000,44000,0,0,0,0,396492000,R,R,0.0,54,True,18.78,15.54,18.78,19.24,12.4,10.26,12.4,12.71,31.18,25.79,31.18,31.95
160833,042013160833,Tempe,AZ,73000,2024,185950,2024,False,607114000,498354000,498354000,498354000,0,0,134286000,131973000,2313000,64574000,58630000,5944000,0,0,0,7592000,490762000,I,I,1.0,51,True,26.95,22.12,26.95,27.36,12.96,10.64,12.96,13.16,39.9,32.75,39.9,40.52
160840,042019160840,Tucson,AZ,77000,2024,546574,2024,False,1265929000,856115000,855602000,856115000,0,0,175243000,175243000,0,95025000,95025000,0,0,0,36354000,0,819761000,R,R,0.0,50,True,20.47,13.84,20.47,21.38,11.1,7.51,11.1,11.59,31.57,21.35,31.57,32.97
161130,062007161130,Chico,CA,13014,2024,101299,2024,False,165868000,159567000,159567000,159567000,0,0,41826000,38098000,3728000,17590000,17590000,0,0,0,1157000,4541000,153869000,R,R,0.005,43,True,26.21,25.22,26.21,27.18,11.02,10.6,11.02,11.43,37.24,35.82,37.24,38.61
161170,062037161170,Glendale,CA,30000,2024,189221,2024,False,845451000,624938000,624938000,624938000,0,0,117647000,115976000,1671000,74003000,74003000,0,0,0,0,9690000,615248000,R,R,0.0,54,True,18.83,13.92,18.83,19.12,11.84,8.75,11.84,12.03,30.67,22.67,30.67,31.15
161173,062037161173,Long Beach,CA,43000,2024,451307,2024,False,2670035000,2243378000,2243378000,2243378000,0,0,315786000,309317000,6469000,113527000,113527000,0,0,0,494038000,186436000,1562904000,R,R,0.0,66,True,14.08,11.83,14.08,20.21,5.06,4.25,5.06,7.26,19.14,16.08,19.14,27.47
161174,062037161174,Los Angeles,CA,44000,2024,3822238,2024,False,22622596000,17858448000,17481737000,17858448000,0,43566000,3393963000,3260624000,133339000,881347000,846784000,34563000,0,0,3203845000,565945000,14045092000,R,R,0.0,77,True,19.0,15.0,19.0,24.16,4.94,3.9,4.94,6.28,23.94,18.9,23.94,30.44
161212,062053161212,Salinas,CA,64224,2024,161020,2024,False,243916000,243768000,243768000,243768000,0,0,61753000,59985000,1768000,29528000,29528000,0,0,0,1556000,3728000,238484000,R,R,0.029,47,True,25.33,25.32,25.33,25.89,12.11,12.11,12.11,12.38,37.45,37.42,37.45,38.28
161220,062059161220,Orange,CA,53980,2024,136178,2024,False,234506000,189265000,189265000,189265000,0,0,62561000,60968000,1593000,25836000,25836000,0,0,0,0,15375000,173890000,R,R,0.061,42,True,33.05,26.68,33.05,35.98,13.65,11.02,13.65,14.86,46.71,37.69,46.71,50.84
161229,062059161229,Irvine,CA,36770,2024,313685,2024,False,861214000,849733000,829543000,849733000,0,0,115220000,114536000,684000,0,0,0,0,0,0,8701000,841032000,R,-,0.043,44,True,13.56,13.38,13.56,13.7,0.0,0.0,0.0,0.0,13.56,13.38,13.56,13.7
161238,062065161238,Moreno Valley,CA,49270,2024,211924,2024,False,493889000,459545000,372976000,459545000,0,0,56144000,54955000,1189000,27758000,27108000,650000,0,0,0,4691000,454854000,R,R,0.009,49,True,12.22,11.37,12.22,12.34,6.04,5.62,6.04,6.1,18.26,16.99,18.26,18.45
161241,062067161241,Sacramento,CA,64000,2024,528001,2024,False,2189070000,2081579000,1787154000,2081579000,0,6260000,273504000,246923000,26581000,190981000,182337000,8644000,0,0,0,36439000,2038880000,R,R,0.0,64,True,13.14,12.49,13.14,13.41,9.17,8.72,9.17,9.37,22.31,21.22,22.31,22.78
161245,062071161245,Fontana,CA,24680,2024,212475,2024,False,398734000,398734000,398734000,398734000,0,0,82296000,81478000,818000,45899000,45899000,0,0,0,0,1194000,397540000,R,R,0.03,45,True,20.64,20.64,20.64,20.7,11.51,11.51,11.51,11.55,32.15,32.15,32.15,32.25
161246,062071161246,Ontario,CA,53896,2024,179061,2024,False,988456000,925234000,925234000,925234000,0,0,143003000,143003000,0,94803000,94803000,0,0,0,0,3532000,921702000,R,R,0.043,39,True,15.46,14.47,15.46,15.52,10.25,9.59,10.25,10.29,25.7,24.06,25.7,25.8
161251,062071161251,Rancho Cucamonga,CA,59451,2024,176336,2024,False,313686000,299683000,299683000,299683000,0,0,60325000,49455000,10870000,120337000,109838000,10499000,0,0,0,4486000,295197000,R,R,0.007,44,True,20.13,19.23,20.13,20.44,40.15,38.36,40.15,40.76,60.28,57.59,60.28,61.2
161252,062071161252,Victorville,CA,82590,2024,137221,2024,False,346563000,261089000,261089000,261089000,0,0,44025000,40291000,3734000,19913000,19913000,0,0,0,23542000,16302000,221245000,R,R,0.0,60,True,16.86,12.7,16.86,19.9,7.63,5.75,7.63,9.0,24.49,18.45,24.49,28.9
161254,062073161254,Carlsbad,CA,11194,2024,114160,2024,False,334607000,276838000,276838000,276838000,0,0,59541000,54925000,4616000,12959000,12959000,0,0,0,0,23283000,253555000,R,R,0.006,46,True,21.51,17.79,21.51,23.48,4.68,3.87,4.68,5.11,26.19,21.67,26.19,28.59
161256,062073161256,Oceanside,CA,53322,2024,172199,2024,False,441546000,367632000,367632000,367632000,0,0,87217000,75837000,11380000,40290000,40290000,0,0,0,9669000,12674000,345289000,R,R,0.0,57,True,23.72,19.75,23.72,25.26,10.96,9.12,10.96,11.67,34.68,28.88,34.68,36.93
161258,062075161258,San Francisco And County,CA,67000,2024,808437,2024,False,22060432000,18278776000,18278244000,18278776000,0,3491924000,866381000,859330000,7051000,479333000,478340000,993000,0,0,1335231000,3503383000,9948238000,R,R,0.009,79,True,4.74,3.93,4.74,8.71,2.62,2.17,2.62,4.82,7.36,6.1,7.36,13.53
161273,062083161273,Santa Maria,CA,69196,2024,110125,2024,False,238940000,202274000,202274000,202274000,0,0,48267000,47393000,874000,22442000,22442000,0,0,0,0,10536000,191738000,R,R,0.0,48,True,23.86,20.2,23.86,25.17,11.09,9.39,11.09,11.7,34.96,29.59,34.96,36.88
161280,062085161280,Santa Clara,CA,69084,2024,126930,2024,False,1609503000,1000838000,658260000,1000838000,0,0,85425000,84981000,444000,71077000,70777000,300000,0,0,0,2632000,998206000,R,R,0.0,63,True,8.54,5.31,8.54,8.56,7.1,4.42,7.1,7.12,15.64,9.72,15.64,15.68
161281,062085161281,Sunnyvale,CA,77000,2024,153091,2024,False,711992000,634971000,511000000,634971000,0,0,93373000,92500000,873000,37369000,37369000,0,0,0,0,1006000,633965000,R,R,0.0,55,True,14.71,13.11,14.71,14.73,5.89,5.25,5.89,5.89,20.59,18.36,20.59,20.62
161286,062095161286,Vacaville,CA,81554,2024,101918,2024,False,285602000,255454000,255454000,255454000,0,0,93273000,53668000,39605000,23659000,23659000,0,0,0,0,20940000,234514000,R,R,0.0,46,True,36.51,32.66,36.51,39.77,9.26,8.28,9.26,10.09,45.77,40.94,45.77,49.86
161299,062111161299,Oxnard,CA,54652,2024,200415,2024,False,536870000,484065000,484065000,484065000,0,0,95003000,88702000,6301000,46403000,46403000,0,0,0,0,13519000,470546000,R,R,0.0,45,True,19.63,17.7,19.63,20.19,9.59,8.64,9.59,9.86,29.21,26.34,29.21,30.05
161328,082001161328,Thornton,CO,77290,2024,143282,2024,False,355101000,281314000,276872000,281314000,0,0,59407000,54720000,4687000,37668000,32802000,4866000,0,0,0,0,281314000,R,R,0.0,50,True,21.12,16.73,21.12,21.12,13.39,10.61,13.39,13.39,34.51,27.34,34.51,34.51
161337,082013161337,Boulder,CO,07850,2024,105485,2024,False,415894000,351049000,351049000,351049000,0,0,46928000,46928000,0,24221000,24221000,0,0,0,1533000,4228000,345288000,R,R,0.023,49,True,13.37,11.28,13.37,13.59,6.9,5.82,6.9,7.01,20.27,17.11,20.27,20.61
161362,082041161362,Colorado Springs,CO,16000,2024,486248,2024,False,2290050000,827770000,827759000,827770000,0,0,131134000,129155000,1979000,70810000,70275000,535000,0,0,45172000,0,782598000,R,R,0.0,66,True,15.84,5.73,15.84,16.76,8.55,3.09,8.55,9.05,24.4,8.82,24.4,25.8
161374,082059161374,Arvada,CO,03455,2024,121581,2024,False,208176000,165282000,165282000,165282000,0,0,42459000,42412000,47000,0,0,0,0,0,0,0,165282000,I,-,1.0,34,True,25.69,20.4,25.69,25.69,0.0,0.0,0.0,0.0,25.69,20.4,25.69,25.69
161376,082059161376,Lakewood,CO,43000,2024,156120,2024,False,240572000,239366000,239366000,239366000,0,0,62757000,62544000,213000,0,0,0,0,0,0,0,239366000,I,-,0.926,45,True,26.22,26.09,26.22,26.22,0.0,0.0,0.0,0.0,26.22,26.09,26.22,26.22
161441,092110161441,Hartford,CT,37000,2024,120686,2024,False,1292119000,1292119000,1207901000,711945000,580174000,4654000,57135000,57135000,0,41650000,41650000,0,0,0,0,44445000,662846000,R,R,0.0,41,True,4.42,4.42,8.03,8.62,3.22,3.22,5.85,6.28,7.65,7.65,13.88,14.9
161447,092170161447,New Haven,CT,52000,2024,138915,2024,False,1179424000,1179424000,1162729000,701274000,478150000,930000,47039000,47039000,0,38786000,38786000,0,0,0,140000,5607000,694597000,R,R,0.019,41,True,3.99,3.99,6.71,6.77,3.29,3.29,5.53,5.58,7.28,7.28,12.24,12.36
161572,122001161572,Gainesville,FL,25175,2024,145214,2024,False,895223000,368383000,368383000,368383000,0,1790000,45566000,45566000,0,22687000,22687000,0,0,0,441000,4247000,361905000,R,R,0.0,58,True,12.37,5.09,12.37,12.59,6.16,2.53,6.16,6.27,18.53,7.62,18.53,18.86
161585,122011161585,Fort Lauderdale,FL,24000,2024,183146,2024,False,883720000,698095000,698095000,698095000,0,108000,169999000,143691000,26308000,95332000,95332000,0,0,0,12382000,3549000,682056000,R,R,0.0,59,True,24.35,19.24,24.35,24.92,13.66,10.79,13.66,13.98,38.01,30.02,38.01,38.9
161586,122011161586,Hollywood,FL,32000,2024,152650,2024,False,596364000,542298000,542298000,542298000,0,0,107215000,99642000,7573000,17327000,14257000,3070000,0,0,0,53274000,489024000,R,R,0.0,54,True,19.77,17.98,19.77,21.92,3.2,2.91,3.2,3.54,22.97,20.88,22.97,25.47
161588,122011161588,Pompano Beach,FL,58050,2024,112302,2024,False,414787000,382168000,382168000,382168000,0,0,55171000,55099000,72000,34700000,32468000,2232000,0,0,2818000,22441000,356909000,R,R,0.026,51,True,14.44,13.3,14.44,15.46,9.08,8.37,9.08,9.72,23.52,21.67,23.52,25.18
161593,122011161593,Pembroke Pines,FL,55775,2024,169876,2024,False,528444000,516986000,516986000,516986000,0,4480000,85498000,83053000,2445000,61800000,61800000,0,0,0,0,0,512506000,R,R,0.0,51,True,16.54,16.18,16.54,16.68,11.95,11.69,11.95,12.06,28.49,27.87,28.49,28.74
161594,122011161594,Davie,FL,16475,2024,106513,2024,False,238982000,209955000,209955000,209955000,0,0,58770000,55264000,3506000,25555000,25093000,462000,0,0,0,28435000,181520000,R,R,0.0,53,True,27.99,24.59,27.99,32.38,12.17,10.69,12.17,14.08,40.16,35.29,40.16,46.45
161595,122011161595,Coral Springs,FL,14400,2024,133369,2024,False,225978000,225603000,225603000,208143000,17460000,0,66075000,63332000,2743000,29529000,28988000,541000,0,0,0,15376000,192767000,R,R,0.0,55,True,29.29,29.24,31.75,34.28,13.09,13.07,14.19,15.32,42.38,42.31,45.93,49.6
161604,122086161604,Hialeah,FL,30000,2024,220292,2024,False,318608000,296314000,296314000,295828000,486000,771000,72733000,66492000,6241000,56248000,54868000,1380000,0,0,0,0,295057000,R,R,0.0,60,True,24.55,22.83,24.59,24.65,18.98,17.65,19.01,19.06,43.53,40.48,43.6,43.71
161633,122057161633,Tampa,FL,71000,2024,398173,2024,False,1845135000,1589990000,1589990000,1589990000,0,0,209855000,205230000,4625000,141484000,137150000,4334000,0,0,0,0,1589990000,R,R,0.0,62,True,13.2,11.37,13.2,13.2,8.9,7.67,8.9,8.9,22.1,19.04,22.1,22.1
161649,122071161649,Cape Coral,FL,10275,2024,216992,2024,False,545714000,459876000,459876000,429489000,30387000,0,64919000,60312000,4607000,56111000,51734000,4377000,0,0,0,0,429489000,R,R,0.0,54,True,14.12,11.9,15.12,15.12,12.2,10.28,13.06,13.06,26.32,22.18,28.18,28.18
161650,122073161650,Tallahassee,FL,70600,2024,201731,2024,False,1077116000,664665000,664665000,664665000,0,0,79249000,78477000,772000,54239000,53324000,915000,0,0,42173000,0,622492000,R,R,0.0,68,True,11.92,7.36,11.92,12.73,8.16,5.04,8.16,8.71,20.08,12.39,20.08,21.44
161665,122095161665,Orlando,FL,53000,2024,316081,2024,False,1312402000,1312402000,1312402000,1312402000,0,0,211983000,210100000,1883000,136981000,136034000,947000,0,0,0,0,1312402000,R,R,0.0,52,True,16.15,16.15,16.15,16.15,10.44,10.44,10.44,10.44,26.59,26.59,26.59,26.59
161679,122099161679,West Palm Beach,FL,76600,2024,120932,2024,False,491168000,484891000,484891000,484891000,0,0,72138000,71221000,917000,50593000,49654000,939000,0,0,0,3168000,481723000,R,R,0.0,56,True,14.88,14.69,14.88,14.97,10.43,10.3,10.43,10.5,25.31,24.99,25.31,25.48
161693,122103161693,St Petersburg,FL,63000,2024,261256,2024,False,745143000,665590000,665590000,665590000,0,7243000,137496000,136549000,947000,43274000,43071000,203000,0,0,2587000,19284000,636476000,R,R,0.0,59,True,20.66,18.45,20.66,21.6,6.5,5.81,6.5,6.8,27.16,24.26,27.16,28.4
161710,122111161710,Port St Lucie,FL,58715,2024,231790,2024,False,404203000,350027000,350027000,350027000,0,0,59196000,57145000,2051000,0,0,0,0,0,0,0,350027000,R,-,0.0,52,True,16.91,14.65,16.91,16.91,0.0,0.0,0.0,0.0,16.91,14.65,16.91,16.91
161834,132059161834,Athens-Clarke County Unified Government,GA,03436,2024,128561,2024,False,395806000,373883000,372029000,373883000,0,21966000,39111000,37793000,1318000,18786000,18225000,561000,0,0,4872000,2918000,344127000,R,R,0.0,68,True,10.46,9.88,10.46,11.37,5.02,4.75,5.02,5.46,15.49,14.63,15.49,16.82
161944,132215161944,Columbus Consolidated Government,GA,19000,2024,202616,2024,False,512942000,490878000,481800000,490878000,0,36798000,68134000,62894000,5240000,41480000,36477000,5003000,0,0,8108000,7371000,438601000,R,R,0.0,76,True,13.88,13.28,13.88,15.53,8.45,8.09,8.45,9.46,22.33,21.37,22.33,24.99
162035,162001162035,Boise,ID,08830,2024,236634,2024,False,649553000,649553000,640346000,649553000,0,0,81306000,77085000,4221000,59200000,58839000,361000,0,0,114365000,5126000,530062000,R,R,0.0,52,True,12.52,12.52,12.52,15.34,9.11,9.11,9.11,11.17,21.63,21.63,21.63,26.51
162037,162001162037,Meridian,ID,52120,2024,129736,2024,False,141291000,123275000,122560000,123275000,0,0,33127000,28875000,4252000,30035000,19506000,10529000,0,0,0,0,123275000,R,R,0.0,32,True,26.87,23.45,26.87,26.87,24.36,21.26,24.36,24.36,51.24,44.7,51.24,51.24
162062,162027162062,Nampa,ID,56260,2024,110951,2024,False,221318000,205501000,205501000,205501000,0,0,27951000,27951000,0,20619000,8521000,12098000,0,0,738000,0,204763000,I,I,1.0,51,True,13.6,12.63,13.6,13.65,10.03,9.32,10.03,10.07,23.63,21.95,23.63,23.72
162236,172031162236,Chicago,IL,14000,2024,2665039,2024,False,15522760000,14880117000,14880117000,14880117000,0,623796000,2238483000,2238483000,0,697062000,697062000,0,0,0,1904737000,305157000,12046427000,R,R,0.0,59,True,15.04,14.42,15.04,18.58,4.68,4.49,4.68,5.79,19.73,18.91,19.73,24.37
162299,172043162299,Naperville,IL,51622,2024,149936,2024,False,406747000,218588000,218588000,218588000,0,0,0,0,0,0,0,0,0,0,0,0,218588000,-,-,0.0,29,False,,,,,,,,,,,,
162629,172167162629,Springfield,IL,72000,2024,113273,2024,False,468228000,302136000,302136000,302136000,0,0,0,0,0,0,0,0,0,0,0,0,302136000,-,-,0.117,34,False,,,,,,,,,,,,
162690,172197162690,Joliet,IL,38570,2024,150033,2024,False,509087000,389318000,389318000,389318000,0,0,56248000,49367000,6881000,31602000,31602000,0,0,0,0,0,389318000,R,R,0.0,38,True,14.45,11.05,14.45,14.45,8.12,6.21,8.12,8.12,22.57,17.26,22.57,22.57
163465,182003163465,Fort Wayne,IN,25000,2024,267927,2024,False,433372000,412413000,412413000,412413000,0,2519000,87193000,86869000,324000,65633000,57635000,7998000,0,0,0,4953000,404941000,R,R,0.0,54,True,21.14,20.12,21.14,21.53,15.91,15.14,15.91,16.21,37.06,35.26,37.06,37.74
163681,182163163681,Evansville,IN,22000,2024,115749,2024,False,405059000,350264000,350264000,350264000,0,27444000,41162000,41162000,0,39653000,39653000,0,0,0,284000,1266000,321270000,R,R,0.0,48,True,11.75,10.16,11.75,12.81,11.32,9.79,11.32,12.34,23.07,19.95,23.07,25.15
164470,192113164470,Cedar Rapids,IA,12000,2024,136429,2024,False,629982000,565264000,565264000,565264000,0,0,55246000,55246000,0,26178000,26178000,0,0,0,68869000,1643000,494752000,R,R,0.0,55,True,9.77,8.77,9.77,11.17,4.63,4.16,4.63,5.29,14.4,12.92,14.4,16.46
164885,202177164885,Topeka,KS,71000,2024,125449,2024,False,291533000,210937000,210937000,210937000,0,0,44443000,42943000,1500000,37881000,32881000,5000000,0,0,0,0,210937000,R,R,0.062,44,True,21.07,15.24,21.07,21.07,17.96,12.99,17.96,17.96,39.03,28.24,39.03,39.03
164911,202209164911,Wyandotte County And Kansas Unified Government,KS,36000,2024,153345,2024,False,1066827000,554003000,554003000,554003000,0,40326000,69872000,69872000,0,75459000,75459000,0,0,0,0,35496000,478181000,I,I,1.0,54,True,12.61,6.55,12.61,14.61,13.62,7.07,13.62,15.78,26.23,13.62,26.23,30.39
165831,212067165831,Lexington-Fayette Urban County Government,KY,46027,2024,320347,2024,False,881165000,849454000,849454000,849454000,0,61642000,23366000,14808000,8558000,82293000,76594000,5699000,0,0,0,21583000,766229000,R,R,0.005,62,True,2.75,2.65,2.75,3.05,9.69,9.34,9.69,10.74,12.44,11.99,12.44,13.79
165866,212111165866,Louisville-Jefferson County Metro Government,KY,48003,2024,773399,2024,False,2893047000,2209796000,2075158000,2136804000,72992000,80990000,105692000,100328000,5364000,87602000,84482000,3120000,0,0,111092000,134186000,1810536000,R,R,0.0,76,True,4.78,3.65,4.95,5.84,3.96,3.03,4.1,4.84,8.75,6.68,9.05,10.68
166054,222033166054,Baton Rouge-East Baton Rouge-Parish,LA,05000,2024,221453,2024,False,1388005000,1344865000,1320119000,1344865000,0,180887000,167126000,163502000,3624000,78253000,78200000,53000,0,0,17767000,121134000,1025077000,IR,IR,0.444,80,True,12.43,12.04,12.43,16.3,5.82,5.64,5.82,7.63,18.25,17.68,18.25,23.94
166076,222055166076,Lafayette-Parish,LA,40735,2024,121389,2024,False,721016000,461042000,458950000,461042000,0,8308000,124925000,114041000,10884000,32299000,29553000,2746000,0,0,8089000,9153000,435492000,R,R,0.011,84,True,27.1,17.33,27.1,28.69,7.01,4.48,7.01,7.42,34.1,21.81,34.1,36.1
166094,222071166094,New Orleans,LA,55000,2024,369749,2024,False,2404177000,2200062000,2176498000,2200062000,0,68414000,174565000,174565000,0,138151000,138151000,0,0,0,138690000,37451000,1955507000,S,S,0.015,62,True,7.93,7.26,7.93,8.93,6.28,5.75,6.28,7.06,14.21,13.01,14.21,15.99
166441,252005166441,New Bedford,MA,45000,2024,100682,2024,False,551251000,540545000,529573000,174816000,365729000,1474000,18518000,17467000,1051000,16561000,15904000,657000,0,0,904000,3987000,168451000,R,R,0.0,61,True,3.43,3.36,10.59,10.99,3.06,3.0,9.47,9.83,6.49,6.36,20.07,20.82
166448,252017166448,Cambridge,MA,11000,2024,118488,2024,False,2018272000,1992959000,1977557000,1580158000,412801000,1021901000,68961000,68261000,700000,43301000,43121000,180000,0,0,0,0,558257000,R,R,0.0,58,True,3.46,3.42,4.36,12.35,2.17,2.15,2.74,7.76,5.63,5.56,7.1,20.11
166449,252017166449,Lowell,MA,37000,2024,113608,2024,False,803741000,787692000,772940000,317444000,470248000,733000,41181000,40720000,461000,31788000,31610000,178000,0,0,0,4840000,311871000,R,R,0.0,57,True,5.23,5.12,12.97,13.2,4.04,3.96,10.01,10.19,9.26,9.08,22.99,23.4
166454,252021166454,Quincy,MA,55745,2024,101727,2024,False,779349000,743418000,735590000,486849000,256569000,1849000,50533000,50533000,0,42510000,42510000,0,0,0,0,2052000,482948000,R,R,0.0,58,True,6.8,6.48,10.38,10.46,5.72,5.45,8.73,8.8,12.52,11.94,19.11,19.27
166455,252023166455,Brockton,MA,09000,2024,104826,2024,False,492469000,465362000,457548000,88555000,376807000,209000,8129000,8098000,31000,8401000,8399000,2000,0,0,46000,316000,87984000,R,R,0.005,63,True,1.75,1.65,9.18,9.24,1.81,1.71,9.49,9.55,3.55,3.36,18.67,18.79
166690,262065166690,Lansing,MI,46000,2024,112537,2024,False,888614000,409272000,409272000,409272000,0,0,53598000,53531000,67000,42337000,42337000,0,0,0,0,2193000,407079000,R,R,0.0,53,True,13.1,6.03,13.1,13.17,10.34,4.76,10.34,10.4,23.44,10.8,23.44,23.57
166734,262099166734,Sterling Heights,MI,76460,2024,132567,2024,False,260362000,229857000,227981000,229857000,0,0,42473000,41331000,1142000,27666000,26329000,1337000,0,0,0,0,229857000,R,R,0.0,47,True,18.48,16.31,18.48,18.48,12.04,10.63,12.04,12.04,30.51,26.94,30.51,30.51
166817,262163166817,Detroit,MI,22000,2024,620376,2024,False,3066206000,2634582000,2634582000,2634582000,0,0,373988000,373988000,0,153866000,153866000,0,0,0,6129000,59931000,2568522000,R,R,0.0,60,True,14.2,12.2,14.2,14.56,5.84,5.02,5.84,5.99,20.04,17.22,20.04,20.55
167574,272109167574,Rochester,MN,54880,2024,121878,2024,False,462488000,283673000,283673000,283673000,0,0,37736000,37736000,0,20825000,20825000,0,0,0,18127000,397000,265149000,R,R,0.026,47,True,13.3,8.16,13.3,14.23,7.34,4.5,7.34,7.85,20.64,12.66,20.64,22.09
167605,272123167605,St Paul,MN,58000,2024,303176,2024,False,1077047000,913635000,912594000,913635000,0,0,171779000,158761000,13018000,83750000,80543000,3207000,0,0,20289000,1219000,892127000,R,R,0.0,54,True,18.8,15.95,18.8,19.25,9.17,7.78,9.17,9.39,27.97,23.72,27.97,28.64
168809,292019168809,Columbia,MO,15670,2024,128555,2024,False,365776000,201477000,201477000,201477000,0,1165000,22446000,22446000,0,25060000,16436000,8624000,0,0,7597000,7895000,184820000,R,R,0.0,59,True,11.14,6.14,11.14,12.14,12.44,6.85,12.44,13.56,23.58,12.99,23.58,25.7
168896,292077168896,Springfield,MO,70000,2024,170067,2024,False,346938000,346938000,346877000,346938000,0,71000,33075000,33075000,0,77960000,76590000,1370000,0,0,29314000,12181000,305372000,R,R,0.019,44,True,9.53,9.53,9.53,10.83,22.47,22.47,22.47,25.53,32.0,32.0,32.0,36.36
168926,292095168926,Lees Summit,MO,41348,2024,103465,2024,False,218827000,203185000,203185000,203185000,0,0,30411000,29590000,821000,37864000,25323000,12541000,0,0,3271000,0,199914000,R,R,0.0,50,True,14.97,13.9,14.97,15.21,18.64,17.3,18.64,18.94,33.6,31.2,33.6,34.15
169159,292510169159,St Louis,MO,65000,2024,286578,2024,False,1283555000,1220776000,1220776000,1220776000,0,45275000,307035000,307035000,0,88935000,88935000,0,0,0,159648000,97248000,918605000,I,I,1.0,55,True,25.15,23.92,25.15,33.42,7.29,6.93,7.29,9.68,32.44,30.85,32.44,43.11
169646,312109169646,Lincoln,NE,28000,2024,292627,2024,False,537893000,451960000,451960000,451960000,0,14662000,63170000,61106000,2064000,40388000,39068000,1320000,0,0,0,10189000,427109000,R,R,0.0,58,True,13.98,11.74,13.98,14.79,8.94,7.51,8.94,9.46,22.91,19.25,22.91,24.25
169987,322003169987,Henderson,NV,31900,2024,331415,2024,False,721736000,608245000,608245000,608245000,0,30472000,144653000,123713000,20940000,98571000,85436000,13135000,0,0,0,0,577773000,R,R,0.0,55,True,23.78,20.04,23.78,25.04,16.21,13.66,16.21,17.06,39.99,33.7,39.99,42.1
169988,322003169988,Las Vegas,NV,40000,2024,656274,2024,False,1344895000,1344895000,1170604000,1344895000,0,77843000,21137000,18133000,3004000,191825000,181966000,9859000,0,0,0,14341000,1252711000,R,R,0.0,60,True,1.57,1.57,1.57,1.69,14.26,14.26,14.26,15.31,15.83,15.83,15.83,17.0
169993,322031169993,Reno,NV,60600,2024,273448,2024,False,538536000,538536000,538536000,538536000,0,0,129457000,98585000,30872000,76462000,71470000,4992000,0,0,0,0,538536000,R,R,0.0,46,True,24.04,24.04,24.04,24.04,14.2,14.2,14.2,14.2,38.24,38.24,38.24,38.24
170001,332011170001,Manchester,NH,45140,2024,115141,2024,False,659559000,566807000,564705000,298749000,268058000,1630000,32677000,30894000,1783000,24270000,24270000,0,0,0,52305000,7461000,237353000,R,R,0.003,58,True,5.77,4.95,10.94,13.77,4.28,3.68,8.12,10.23,10.05,8.63,19.06,23.99
170378,352001170378,Albuquerque,NM,02000,2024,561008,2024,False,1342547000,1083923000,1031782000,1083923000,0,125584000,255085000,255085000,0,121321000,121321000,0,0,0,69328000,37587000,851424000,R,R,0.0,54,True,23.53,19.0,23.53,29.96,11.19,9.04,11.19,14.25,34.73,28.04,34.73,44.21
170404,352043170404,Rio Rancho,NM,63460,2024,108082,2024,False,180556000,139115000,138798000,139115000,0,80000,28850000,27388000,1462000,19656000,18900000,756000,0,0,0,1449000,137586000,R,R,0.0,58,True,20.74,15.98,20.74,20.97,14.13,10.89,14.13,14.29,34.87,26.86,34.87,35.26
170440,362001170440,Albany,NY,01000,2024,100826,2024,False,246721000,246721000,246680000,246721000,0,0,67499000,63416000,4083000,42721000,41564000,1157000,0,0,0,662000,246059000,R,R,0.0,46,True,27.36,27.36,27.36,27.43,17.32,17.32,17.32,17.36,44.67,44.67,44.67,44.79
170582,362067170582,Syracuse,NY,73000,2024,144451,2024,False,1006281000,990290000,971974000,403856000,586434000,0,65038000,60089000,4949000,46679000,44033000,2646000,0,0,0,295000,403561000,R,R,0.567,52,True,6.57,6.46,16.1,16.12,4.71,4.64,11.56,11.57,11.28,11.1,27.66,27.68
171207,372081171207,Greensboro,NC,28000,2024,301115,2024,False,892593000,669892000,667925000,669892000,0,0,112272000,111947000,325000,74248000,74086000,162000,0,0,0,193000,669699000,R,R,0.0,68,True,16.76,12.58,16.76,16.76,11.08,8.32,11.08,11.09,27.84,20.9,27.84,27.85
171248,372129171248,Wilmington,NC,74440,2024,120324,2024,False,286958000,278275000,278275000,278275000,0,1114000,48516000,44694000,3822000,24038000,23996000,42000,0,0,0,0,277161000,R,R,0.0,55,True,17.43,16.91,17.43,17.5,8.64,8.38,8.64,8.67,26.07,25.28,26.07,26.18
171305,372183171305,Raleigh,NC,55000,2024,476587,2024,False,1288678000,1008378000,1008243000,1008378000,0,0,142925000,140042000,2883000,80152000,78233000,1919000,0,0,0,0,1008378000,R,R,0.0,58,True,14.17,11.09,14.17,14.17,7.95,6.22,7.95,7.95,22.12,17.31,22.12,22.12
171371,382017171371,Fargo,ND,25700,2024,131444,2024,False,461809000,402680000,402680000,402680000,0,811000,28077000,25559000,2518000,21079000,17098000,3981000,0,0,32194000,17260000,352415000,RS,RS,0.0,74,True,6.97,6.08,6.97,7.97,5.23,4.56,5.23,5.98,12.21,10.64,12.21,13.95
172358,392035172358,Cleveland,OH,16000,2024,361607,2024,False,1585517000,1123598000,1123598000,1123598000,0,3249000,385085000,385085000,0,148997000,148997000,0,0,0,0,21543000,1098806000,R,R,0.0,55,True,34.27,24.29,34.27,35.05,13.26,9.4,13.26,13.56,47.53,33.69,47.53,48.61
172543,392113172543,Dayton,OH,21000,2024,135944,2024,False,310723000,269734000,269734000,269734000,0,0,58575000,58575000,0,46456000,46456000,0,0,0,36918000,0,232816000,I,I,1.0,36,True,21.72,18.85,21.72,25.16,17.22,14.95,17.22,19.95,38.94,33.8,38.94,45.11
173685,412051173685,Gresham,OR,31250,2024,111621,2024,False,220682000,180616000,173994000,180616000,0,0,32999000,32096000,903000,29286000,29262000,24000,0,0,0,0,180616000,R,R,0.0,51,True,18.27,14.95,18.27,18.27,16.21,13.27,16.21,16.21,34.48,28.22,34.48,34.48
174015,422077174015,Allentown,PA,02000,2024,125094,2024,False,216407000,210197000,210197000,210197000,0,0,44857000,44857000,0,25969000,24847000,1122000,0,0,0,11460000,198737000,R,R,0.0,44,True,21.34,20.73,21.34,22.57,12.35,12.0,12.35,13.07,33.7,32.73,33.7,35.64
174889,452019174889,Charleston,SC,13330,2024,153672,2024,False,574995000,329961000,321755000,329961000,0,1247000,65147000,65147000,0,47204000,47204000,0,0,0,0,0,328714000,I,I,0.569,49,True,19.74,11.33,19.74,19.82,14.31,8.21,14.31,14.36,34.05,19.54,34.05,34.18
174894,452019174894,North Charleston,SC,50875,2024,118608,2024,False,216256000,216256000,216256000,216256000,0,0,46995000,46995000,0,31170000,31170000,0,0,0,0,0,216256000,R,R,0.0,37,True,21.73,21.73,21.73,21.73,14.41,14.41,14.41,14.41,36.14,36.14,36.14,36.14
174959,452079174959,Columbia,SC,16000,2024,139698,2024,False,502276000,392887000,391531000,392887000,0,2543000,53396000,53083000,313000,56826000,56466000,360000,0,0,0,2516000,387828000,R,R,0.0,57,True,13.59,10.63,13.59,13.77,14.46,11.31,14.46,14.65,28.05,21.94,28.05,28.42
175728,472037175728,Nashville-Davidson County Metropolitan Government,TN,52004,2024,683622,2024,False,6458837000,4554939000,4485957000,2975175000,1579764000,348212000,344399000,332519000,11880000,213936000,205927000,8009000,0,0,0,165840000,2461123000,R,R,0.0,81,True,7.56,5.33,11.58,13.99,4.7,3.31,7.19,8.69,12.26,8.64,18.77,22.69
175780,472093175780,Knoxville,TN,40000,2024,195889,2024,False,1537202000,590395000,589158000,590395000,0,0,77194000,77194000,0,56055000,56055000,0,0,0,0,13000,590382000,I,I,0.974,59,True,13.07,5.02,13.07,13.08,9.49,3.65,9.49,9.49,22.57,8.67,22.57,22.57
175826,472157175826,Memphis,TN,48000,2024,621056,2024,False,3224533000,1398974000,1398974000,1398974000,0,0,309266000,309266000,0,215106000,215106000,0,0,0,1828000,0,1397146000,R,R,0.089,58,True,22.11,9.59,22.11,22.14,15.38,6.67,15.38,15.4,37.48,16.26,37.48,37.53
175981,482027175981,Killeen,TX,39148,2024,159172,2024,False,209075000,184455000,181892000,184455000,0,0,38886000,38886000,0,29986000,29986000,0,0,0,15081000,1834000,167540000,R,R,0.0,62,True,21.08,18.6,21.08,23.21,16.26,14.34,16.26,17.9,37.34,32.94,37.34,41.11
175988,482029175988,San Antonio,TX,65000,2024,1472909,2024,False,7354047000,3312035000,3310866000,3229608000,82427000,198580000,535536000,530069000,5467000,359045000,356813000,2232000,0,0,140407000,96126000,2794495000,R,R,0.0,92,True,16.17,7.28,16.58,19.16,10.84,4.88,11.12,12.85,27.01,12.16,27.7,32.01
176022,482061176022,Brownsville,TX,10768,2024,189382,2024,False,468853000,248330000,245742000,248330000,0,1155000,50496000,47826000,2670000,26770000,25370000,1400000,0,0,6594000,4601000,235980000,R,R,0.0,69,True,20.33,10.77,20.33,21.4,10.78,5.71,10.78,11.34,31.11,16.48,31.11,32.74
176053,482085176053,Plano,TX,58016,2024,289547,2024,False,783164000,657536000,608443000,657536000,0,0,103019000,103009000,10000,75585000,75585000,0,0,0,0,4474000,653062000,I,I,1.0,53,True,15.67,13.15,15.67,15.77,11.5,9.65,11.5,11.57,27.16,22.81,27.16,27.35
176060,482091176060,New Braunfels,TX,50820,2024,104707,2024,False,534872000,247129000,236442000,247129000,0,0,27093000,26693000,400000,25179000,24378000,801000,0,0,4052000,1464000,241613000,R,R,0.0,61,True,10.96,5.07,10.96,11.21,10.19,4.71,10.19,10.42,21.15,9.77,21.15,21.63
176079,482113176079,Irving,TX,37000,2024,254715,2024,False,580977000,512700000,512700000,512700000,0,1122000,87928000,80589000,7339000,68378000,66067000,2311000,0,0,0,0,511578000,R,R,0.0,59,True,17.15,15.13,17.15,17.19,13.34,11.77,13.34,13.37,30.49,26.9,30.49,30.55
176107,482135176107,Odessa,TX,53388,2024,112906,2024,False,207246000,168981000,168981000,168981000,0,0,37456000,37302000,154000,32082000,32081000,1000,0,0,0,0,168981000,I,I,1.0,48,True,22.17,18.07,22.17,22.17,18.99,15.48,18.99,18.99,41.15,33.55,41.15,41.15
176118,482141176118,El Paso,TX,24000,2024,677456,2024,False,1692232000,1207844000,1207844000,1207844000,0,1697000,159098000,155330000,3768000,149263000,145818000,3445000,0,0,60398000,35237000,1110512000,R,R,0.0,74,True,13.17,9.4,13.17,14.33,12.36,8.82,12.36,13.44,25.53,18.22,25.53,27.77
176132,482157176132,Sugar Land,TX,70808,2024,109414,2024,False,243583000,208241000,208185000,208241000,0,0,31674000,31413000,261000,23822000,23500000,322000,0,0,23427000,2647000,182167000,R,R,0.0,51,True,15.21,13.0,15.21,17.39,11.44,9.78,11.44,13.08,26.65,22.78,26.65,30.46
176142,482167176142,League,TX,41980,2024,115418,2024,False,193510000,142201000,142201000,142201000,0,0,26747000,25305000,1442000,4464000,4101000,363000,0,0,0,7113000,135088000,R,R,0.0,45,True,18.81,13.82,18.81,19.8,3.14,2.31,3.14,3.3,21.95,16.13,21.95,23.1
176169,482201176169,Houston,TX,35000,2024,2302878,2024,False,6830478000,6413726000,6365009000,6413726000,0,0,1046949000,1012596000,34353000,1198044000,1189565000,8479000,0,0,790713000,174384000,5448629000,R,R,0.0,75,True,16.32,15.33,16.32,19.21,18.68,17.54,18.68,21.99,35.0,32.87,35.0,41.2
176286,482309176286,Waco,TX,76000,2024,143984,2024,False,545203000,477683000,476664000,477683000,0,0,50292000,50292000,0,35904000,35904000,0,0,0,7566000,13905000,456212000,R,R,0.0,54,True,10.53,9.22,10.53,11.02,7.52,6.59,7.52,7.87,18.04,15.81,18.04,18.89
176325,482355176325,Corpus Christi,TX,17000,2024,316239,2024,False,775199000,585020000,572743000,585020000,0,1952000,95278000,87216000,8062000,73805000,68343000,5462000,0,0,19386000,10332000,553350000,R,R,0.0,71,True,16.29,12.29,16.29,17.22,12.62,9.52,12.62,13.34,28.9,21.81,28.9,30.56
176375,482439176375,Fort Worth,TX,27000,2024,956709,2024,False,2489416000,1975056000,1975056000,1975056000,0,0,455203000,441422000,13781000,200663000,200663000,0,0,0,37430000,80025000,1857601000,R,R,0.0,57,True,23.05,18.29,23.05,24.5,10.16,8.06,10.16,10.8,33.21,26.35,33.21,35.31
176386,482441176386,Abilene,TX,01000,2024,127385,2024,False,298294000,234113000,234113000,234113000,0,0,35569000,35054000,515000,29812000,28005000,1807000,0,0,6929000,7046000,220138000,I,I,1.0,62,True,15.19,11.92,15.19,16.16,12.73,9.99,12.73,13.54,27.93,21.92,27.93,29.7
176394,482453176394,Austin,TX,05000,2024,974447,2024,False,5606117000,3325474000,3324992000,3325474000,0,193000,393514000,386221000,7293000,249752000,224575000,25177000,0,0,214578000,254621000,2856082000,I,I,1.0,73,True,11.83,7.02,11.83,13.78,7.51,4.45,7.51,8.74,19.34,11.47,19.34,22.52
176492,492035176492,Salt Lake,UT,67000,2024,204657,2024,False,703965000,703965000,703965000,703965000,0,2572000,74544000,74544000,0,37726000,37726000,0,0,0,149276000,1618000,550499000,I,I,1.0,50,True,10.59,10.59,10.59,13.54,5.36,5.36,5.36,6.85,15.95,15.95,15.95,20.39
176495,492035176495,West Valley,UT,83470,2024,136650,2024,False,161895000,161895000,161895000,161895000,0,1574000,36574000,36574000,0,14798000,14798000,0,0,0,0,3707000,156614000,I,I,0.957,42,True,22.59,22.59,22.59,23.35,9.14,9.14,9.14,9.45,31.73,31.73,31.73,32.8
176517,492049176517,Provo,UT,62470,2024,113523,2024,False,101866000,101866000,101866000,101866000,0,0,16563000,16563000,0,10429000,10429000,0,0,0,3234000,0,98632000,I,I,1.0,42,True,16.26,16.26,16.26,16.79,10.24,10.24,10.24,10.57,26.5,26.5,26.5,27.37
176784,512700176784,Newport News,VA,56000,2024,184306,2024,False,1423091000,1318041000,1307521000,808520000,509521000,113834000,91596000,90054000,1542000,63410000,61850000,1560000,0,0,7258000,117372000,570056000,R,R,0.04,76,True,6.95,6.44,11.33,16.07,4.81,4.46,7.84,11.12,11.76,10.89,19.17,27.19
176816,532011176816,Vancouver,WA,74060,2024,194512,2024,False,472959000,401537000,401235000,401537000,0,0,95362000,83362000,12000000,69281000,65881000,3400000,0,0,846000,0,400691000,R,R,0.0,61,True,23.75,20.16,23.75,23.8,17.25,14.65,17.25,17.29,41.0,34.81,41.0,41.09
176868,532053176868,Tacoma,WA,70000,2024,221776,2024,False,1357449000,730222000,730222000,730222000,0,1608000,114517000,113190000,1327000,114139000,113608000,531000,0,0,0,9847000,718767000,R,R,0.0,67,True,15.68,8.44,15.68,15.93,15.63,8.41,15.63,15.88,31.31,16.84,31.31,31.81
176873,532061176873,Everett,WA,22640,2024,111337,2024,False,338824000,243856000,243065000,243856000,0,5504000,42752000,42002000,750000,26624000,26383000,241000,0,0,0,21778000,216574000,R,R,0.0,68,True,17.53,12.62,17.53,19.74,10.92,7.86,10.92,12.29,28.45,20.48,28.45,32.03
177090,552009177090,Green Bay,WI,31000,2024,106095,2024,False,235221000,203426000,203426000,203426000,0,0,33430000,30424000,3006000,33015000,30087000,2928000,0,0,0,595000,202831000,R,R,0.0,58,True,16.43,14.21,16.43,16.48,16.23,14.04,16.23,16.28,32.66,28.25,32.66,32.76
183701,152003183701,Honolulu And County,HI,17000,2024,995638,2024,False,3918104000,2854217000,2850784000,2854217000,0,15192000,321168000,315721000,5447000,154807000,147314000,7493000,0,0,0,44328000,2794697000,R,R,0.0,74,True,11.25,8.2,11.25,11.49,5.42,3.95,5.42,5.54,16.68,12.15,16.68,17.03
183825,062029183825,Bakersfield,CA,03526,2024,410647,2024,False,617158000,576825000,576825000,576825000,0,0,161117000,149829000,11288000,60752000,60752000,0,0,0,483000,23083000,553259000,R,R,0.0,45,True,27.93,26.11,27.93,29.12,10.53,9.84,10.53,10.98,38.46,35.95,38.46,40.1
183832,062037183832,Palmdale,CA,55156,2024,163463,2024,False,251107000,181462000,181462000,181462000,0,0,35628000,35628000,0,74000,74000,0,0,0,0,4265000,177197000,R,R,0.024,44,True,19.63,14.19,19.63,20.11,0.04,0.03,0.04,0.04,19.67,14.22,19.67,20.15
183836,062059183836,Anaheim,CA,02000,2024,344461,2024,False,1398423000,1091441000,1073046000,1091441000,0,0,214913000,211505000,3408000,99128000,98695000,433000,0,0,0,18166000,1073275000,R,R,0.0,54,True,19.69,15.37,19.69,20.02,9.08,7.09,9.08,9.24,28.77,22.46,28.77,29.26
184046,342031184046,Paterson,NJ,57000,2024,156661,2024,False,295251000,295251000,295141000,295251000,0,1148000,46374000,46374000,0,42993000,42993000,0,0,0,0,2518000,291585000,I,I,0.815,42,True,15.71,15.71,15.71,15.9,14.56,14.56,14.56,14.74,30.27,30.27,30.27,30.65
184196,462099184196,Sioux Falls,SD,59020,2024,202078,2024,False,567893000,512789000,512778000,512789000,0,0,51672000,48920000,2752000,57878000,35490000,22388000,0,0,0,19404000,493385000,R,R,0.0,66,True,10.08,9.1,10.08,10.47,11.29,10.19,11.29,11.73,21.36,19.29,21.36,22.2
184202,492053184202,St George,UT,65330,2024,102519,2024,False,112429000,112429000,112429000,112429000,0,0,19096000,19096000,0,6566000,6566000,0,0,0,1493000,0,110936000,I,I,1.0,42,True,16.98,16.98,16.98,17.21,5.84,5.84,5.84,5.92,22.83,22.83,22.83,23.13
184222,402143184222,Broken Arrow,OK,09050,2024,117911,2024,False,212253000,181194000,181194000,181194000,0,0,36086000,34581000,1505000,36854000,35570000,1284000,0,0,0,0,181194000,R,R,0.0,49,True,19.92,17.0,19.92,19.92,20.34,17.36,20.34,20.34,40.26,34.36,40.26,40.26
184255,532033184255,Seattle,WA,63000,2024,749256,2024,False,5702260000,4086888000,3867062000,3959224000,127664000,204951000,366586000,365566000,1020000,306166000,306083000,83000,0,0,0,22866000,3731407000,R,R,0.0,71,True,8.97,6.43,9.26,9.82,7.49,5.37,7.73,8.21,16.46,11.8,16.99,18.03
184266,472125184266,Clarksville,TN,15160,2024,176974,2024,False,487779000,180732000,180049000,180732000,0,0,47524000,43642000,3882000,30755000,27035000,3720000,0,0,0,0,180732000,R,R,0.0,66,True,26.3,9.74,26.3,26.3,17.02,6.31,17.02,17.02,43.31,16.05,43.31,43.31
184443,062037184443,Burbank,CA,08954,2024,103920,2024,False,491386000,314267000,314267000,314267000,0,0,71443000,69081000,2362000,36627000,36627000,0,0,0,0,22884000,291383000,R,R,0.0,54,True,22.73,14.54,22.73,24.52,11.65,7.45,11.65,12.57,34.39,21.99,34.39,37.09
184451,062037184451,Lancaster,CA,40130,2024,169185,2024,False,315422000,231445000,231445000,231445000,0,0,47840000,47214000,626000,0,0,0,0,0,0,0,231445000,R,-,0.024,44,True,20.67,15.17,20.67,20.67,0.0,0.0,0.0,0.0,20.67,15.17,20.67,20.67
184735,122009184735,Palm Bay,FL,54000,2024,129234,2024,False,194727000,184689000,184689000,184689000,0,0,28188000,26404000,1784000,19938000,19082000,856000,0,0,0,0,184689000,R,R,0.0,50,True,15.26,14.48,15.26,15.26,10.8,10.24,10.8,10.8,26.06,24.71,26.06,26.06
184767,122105184767,Lakeland,FL,38250,2024,120071,2024,False,747022000,394881000,394861000,394881000,0,229000,58857000,48282000,10575000,24063000,24019000,44000,0,0,14352000,0,380300000,R,R,0.0,62,True,14.9,7.88,14.9,15.48,6.09,3.22,6.09,6.33,21.0,11.1,21.0,21.8
185901,262081185901,Grand Rapids,MI,34000,2024,196908,2024,False,629665000,561311000,551116000,561311000,0,0,65136000,65136000,0,45366000,45366000,0,0,0,0,655000,560656000,R,R,0.0,56,True,11.6,10.34,11.6,11.62,8.08,7.2,8.08,8.09,19.69,17.55,19.69,19.71
186236,292095186236,Kansas,MO,38000,2024,509297,2024,False,2253975000,2136268000,2063890000,2136268000,0,5847000,288533000,271792000,16741000,333373000,272558000,60815000,0,0,252848000,68882000,1808691000,R,R,0.003,58,True,13.51,12.8,13.51,15.95,15.61,14.79,15.61,18.43,29.11,27.59,29.11,34.38
186634,362029186634,Buffalo,NY,11000,2024,276486,2024,False,2047564000,2014938000,2011414000,847180000,1167758000,0,115003000,114630000,373000,86198000,76895000,9303000,0,0,0,2105000,845075000,R,R,0.589,56,True,5.71,5.62,13.57,13.61,4.28,4.21,10.17,10.2,9.99,9.83,23.75,23.81
187646,482085187646,Mckinney,TX,45744,2024,207507,2024,False,560801000,463137000,463137000,463137000,0,0,47405000,46171000,1234000,45450000,43903000,1547000,0,0,26011000,2595000,434531000,R,R,0.0,59,True,10.24,8.45,10.24,10.91,9.81,8.1,9.81,10.46,20.05,16.56,20.05,21.37
187649,482113187649,Dallas,TX,19000,2024,1299544,2024,False,5473466000,4953717000,4938814000,4953717000,0,34285000,672300000,653648000,18652000,444810000,427893000,16917000,0,0,1470730000,38477000,3410225000,R,R,0.0,81,True,13.57,12.28,13.57,19.71,8.98,8.13,8.98,13.04,22.55,20.41,22.55,32.76
187683,482339187683,Conroe,TX,16432,2024,101405,2024,False,208249000,161145000,161145000,161145000,0,0,30485000,30485000,0,26460000,25083000,1377000,0,0,0,0,161145000,R,R,0.0,43,True,18.92,14.64,18.92,18.92,16.42,12.71,16.42,16.42,35.34,27.34,35.34,35.34
189585,042013189585,Scottsdale,AZ,65000,2024,243050,2024,False,915861000,781555000,770095000,781555000,0,0,215134000,191024000,24110000,92293000,64687000,27606000,0,0,5372000,0,776183000,R,R,0.0,59,True,27.53,23.49,27.53,27.72,11.81,10.08,11.81,11.89,39.34,33.57,39.34,39.61
189636,062019189636,Fresno,CA,27000,2024,545567,2024,False,1681123000,1344157000,1322077000,1344157000,0,0,253367000,243170000,10197000,98618000,91159000,7459000,0,0,127759000,12137000,1204261000,R,R,0.0,62,True,18.85,15.07,18.85,21.04,7.34,5.87,7.34,8.19,26.19,20.94,26.19,29.23
189929,172089189929,Aurora,IL,03012,2024,177866,2024,False,409126000,371000000,369517000,371000000,0,15794000,105607000,93185000,12422000,56032000,56032000,0,0,0,1077000,0,354129000,R,R,0.081,45,True,28.47,25.81,28.47,29.82,15.1,13.7,15.1,15.82,43.57,39.51,43.57,45.64
190480,262161190480,Ann Arbor,MI,03000,2024,119875,2024,False,407396000,334788000,334788000,334788000,0,0,31913000,31610000,303000,19533000,18637000,896000,0,0,969000,0,333819000,R,R,0.0,48,True,9.53,7.83,9.53,9.56,5.83,4.79,5.83,5.85,15.37,12.63,15.37,15.41
191166,392061191166,Cincinnati,OH,15000,2024,309513,2024,False,1120326000,902091000,884231000,902091000,0,0,179497000,174377000,5120000,125346000,124588000,758000,0,0,1920000,66773000,833398000,R,R,0.0,77,True,19.9,16.02,19.9,21.54,13.9,11.19,13.9,15.04,33.79,27.21,33.79,36.58
191559,472065191559,Chattanooga,TN,14000,2024,184086,2024,False,1424832000,600944000,598794000,600944000,0,4903000,88769000,86516000,2253000,66421000,59913000,6508000,0,0,32361000,4833000,558847000,R,R,0.0,60,True,14.77,6.23,14.77,15.88,11.05,4.66,11.05,11.89,25.82,10.89,25.82,27.77
193115,062071193115,San Bernardino,CA,65000,2024,220328,2024,False,367085000,323436000,323265000,323436000,0,0,118477000,117341000,1136000,0,0,0,0,0,0,17031000,306405000,R,-,0.0,49,True,36.63,32.28,36.63,38.67,0.0,0.0,0.0,0.0,36.63,32.28,36.63,38.67
193205,172143193205,Peoria,IL,59000,2024,111021,2024,False,282146000,282146000,282146000,282146000,0,0,50524000,49625000,899000,41880000,41068000,812000,0,0,0,0,282146000,R,R,0.0,29,False,,,,,,,,,,,,
193551,272053193551,Minneapolis,MN,43000,2024,425096,2024,False,1182578000,1079155000,1078823000,1079155000,0,0,260449000,260449000,0,78958000,78958000,0,0,0,0,36210000,1042945000,R,R,0.028,45,True,24.13,22.02,24.13,24.97,7.32,6.68,7.32,7.57,31.45,28.7,31.45,32.54
193734,342017193734,Jersey,NJ,36000,2024,286670,2024,False,862531000,858826000,858826000,858826000,0,0,150790000,130041000,20749000,76970000,76725000,245000,0,0,0,15860000,842966000,R,R,0.0,60,True,17.56,17.48,17.56,17.89,8.96,8.92,8.96,9.13,26.52,26.41,26.52,27.02
193960,412017193960,Bend,OR,05800,2024,103254,2024,False,232077000,196845000,196845000,196845000,0,0,31044000,29835000,1209000,35886000,32168000,3718000,0,0,2446000,0,194399000,R,R,0.0,50,True,15.77,13.38,15.77,15.97,18.23,15.46,18.23,18.46,34.0,28.84,34.0,34.43
194178,512760194178,Richmond,VA,67000,2024,229395,2024,False,2278406000,1874239000,1874239000,1341982000,532257000,143825000,178083000,175087000,2996000,138563000,123119000,15444000,0,0,0,114690000,1083467000,R,R,0.0,82,True,9.5,7.82,13.27,16.44,7.39,6.08,10.33,12.79,16.89,13.9,23.6,29.23
194463,022020194463,Anchorage Municipality,AK,03000,2024,287145,2024,False,1783132000,1699212000,1699212000,851347000,847865000,9469000,156344000,151587000,4757000,126919000,122854000,4065000,0,0,96277000,49265000,696336000,R,R,0.42,81,True,9.2,8.77,18.36,22.45,7.47,7.12,14.91,18.23,16.67,15.89,33.27,40.68
194644,082005194644,Aurora,CO,04000,2024,393537,2024,False,1181496000,940791000,907427000,940791000,0,0,149460000,147685000,1775000,82712000,82420000,292000,0,0,0,0,940791000,R,R,0.002,49,True,15.89,12.65,15.89,15.89,8.79,7.0,8.79,8.79,24.68,19.65,24.68,24.68
194647,082031194647,Denver And County,CO,20000,2024,713252,2024,False,5592514000,4923075000,4910573000,4923075000,0,383056000,324638000,324638000,0,163602000,163602000,0,0,0,1431195000,123440000,2985384000,R,R,0.0,65,True,6.59,5.8,6.59,10.87,3.32,2.93,3.32,5.48,9.92,8.73,9.92,16.35
194651,082013194651,Longmont,CO,45970,2024,98687,2024,False,1847000,1847000,1684000,1847000,0,0,0,0,0,0,0,0,0,0,0,0,1847000,-,-,0.0,20,False,,,,,,,,,,,,
194654,082101194654,Pueblo,CO,62000,2024,111456,2024,False,130808000,91386000,91386000,91386000,0,0,31838000,31838000,0,22089000,22089000,0,0,0,0,0,91386000,I,I,0.712,31,True,34.84,24.34,34.84,34.84,24.17,16.89,24.17,24.17,59.01,41.23,59.01,59.01
194678,132121194678,Atlanta,GA,04000,2024,499127,2024,False,2708239000,2189926000,2189926000,2189926000,0,78079000,308373000,283943000,24430000,118659000,114926000,3733000,0,0,403203000,2258000,1706386000,R,R,0.0,63,True,14.08,11.39,14.08,18.07,5.42,4.38,5.42,6.95,19.5,15.77,19.5,25.03
194679,132245194679,Augusta-Richmond County Consolidated Government,GA,04204,2024,202096,2024,False,574779000,527277000,520541000,527277000,0,26562000,55979000,53647000,2332000,36829000,34272000,2557000,0,0,23748000,10531000,466436000,R,R,0.0,70,True,10.62,9.74,10.62,12.0,6.98,6.41,6.98,7.9,17.6,16.15,17.6,19.9
194726,372119194726,Charlotte,NC,12000,2024,897720,2024,False,3483052000,2810142000,2798758000,2810142000,0,397000,388589000,357279000,31310000,195184000,177735000,17449000,0,0,772789000,0,2036956000,R,R,0.04,66,True,13.83,11.16,13.83,19.08,6.95,5.6,6.95,9.58,20.77,16.76,20.77,28.66
194732,372081194732,High Point,NC,31400,2024,115067,2024,False,415008000,248378000,247096000,248378000,0,0,41754000,40949000,805000,30716000,29355000,1361000,0,0,0,59000,248319000,R,R,0.0,72,True,16.81,10.06,16.81,16.81,12.37,7.4,12.37,12.37,29.18,17.46,29.18,29.18
194744,372067194744,Winston-Salem,NC,75000,2024,251350,2024,False,376280000,321766000,321766000,321766000,0,0,83792000,83792000,0,43818000,43818000,0,0,0,0,0,321766000,R,R,0.0,30,True,26.04,22.27,26.04,26.04,13.62,11.65,13.62,13.62,39.66,33.91,39.66,39.66
194757,122086194757,Miami,FL,45000,2024,449514,2024,False,1584552000,1584552000,1584552000,1584552000,0,11939000,336097000,332134000,3963000,221161000,214464000,6697000,0,0,0,0,1572613000,R,R,0.0,53,True,21.21,21.21,21.21,21.37,13.96,13.96,13.96,14.06,35.17,35.17,35.17,35.44
194789,262163194789,Dearborn,MI,21000,2024,107710,2024,False,334082000,306926000,276618000,306926000,0,0,47611000,45906000,1705000,35698000,32601000,3097000,0,0,0,1293000,305633000,R,R,0.008,50,True,15.51,14.25,15.51,15.58,11.63,10.69,11.63,11.68,27.14,24.94,27.14,27.26
194805,362061194805,New York,NY,51000,2024,8335897,2024,False,154091871000,136292559000,128361751000,95642187000,40650372000,22960195000,6596351000,6425147000,171204000,2828492000,2711353000,117139000,0,0,0,2415885000,70266107000,IR,IR,0.28,93,True,4.84,4.28,6.9,9.39,2.08,1.84,2.96,4.03,6.92,6.12,9.85,13.41
194809,482375194809,Amarillo,TX,03000,2024,201291,2024,False,506910000,429562000,429562000,429562000,0,50490000,56807000,55571000,1236000,40846000,40846000,0,0,0,19635000,28347000,331090000,R,R,0.0,60,True,13.22,11.21,13.22,17.16,9.51,8.06,9.51,12.34,22.73,19.26,22.73,29.49
194811,482439194811,Arlington,TX,04000,2024,394602,2024,False,805881000,713362000,713362000,713362000,0,0,129597000,128272000,1325000,65279000,65279000,0,0,0,1207000,4675000,707480000,RS,S,0.0,55,True,18.17,16.08,18.17,18.32,9.15,8.1,9.15,9.23,27.32,24.18,27.32,27.55
194812,482245194812,Beaumont,TX,07000,2024,112089,2024,False,336378000,291758000,291758000,291758000,0,54532000,55839000,53348000,2491000,39115000,37583000,1532000,0,0,1519000,5593000,230114000,I,I,1.0,58,True,19.14,16.6,19.14,24.27,13.41,11.63,13.41,17.0,32.55,28.23,32.55,41.26
194814,482041194814,College Station,TX,15976,2024,124319,2024,False,290858000,169015000,169015000,169015000,0,0,22079000,21657000,422000,19040000,19040000,0,0,0,0,0,169015000,R,R,0.0,65,True,13.06,7.59,13.06,13.06,11.27,6.55,11.27,11.27,24.33,14.14,24.33,24.33
194820,482085194820,Frisco,TX,27684,2024,219587,2024,False,555177000,475651000,449085000,475651000,0,0,53879000,53879000,0,53807000,50640000,3167000,0,0,0,3787000,471864000,I,I,1.0,47,True,11.33,9.7,11.33,11.42,11.31,9.69,11.31,11.4,22.64,19.4,22.64,22.82
194823,482113194823,Grand Prairie,TX,30464,2024,201843,2024,False,613219000,553655000,553655000,553655000,0,0,80617000,79478000,1139000,43617000,41510000,2107000,0,0,2655000,2838000,548162000,I,I,1.0,68,True,14.56,13.15,14.56,14.71,7.88,7.11,7.88,7.96,22.44,20.26,22.44,22.66
194825,482329194825,Midland,TX,48072,2024,134444,2024,False,324601000,257456000,257456000,257456000,0,0,36162000,36162000,0,40234000,40234000,0,0,0,29582000,3197000,224677000,R,R,0.0,55,True,14.05,11.14,14.05,16.1,15.63,12.39,15.63,17.91,29.67,23.54,29.67,34.0
201369,062111201369,Thousand Oaks,CA,78582,2024,124265,2024,False,267148000,238881000,204128000,238881000,0,0,33037000,33037000,0,0,0,0,0,0,0,473000,238408000,R,-,0.005,51,True,13.83,12.37,13.83,13.86,0.0,0.0,0.0,0.0,13.83,12.37,13.83,13.86
201810,202173201810,Wichita,KS,79000,2024,396192,2024,False,936845000,623966000,623966000,623966000,0,222000,119239000,119196000,43000,63169000,63169000,0,0,0,43378000,40262000,540104000,R,R,0.0,56,True,19.11,12.73,19.11,22.08,10.12,6.74,10.12,11.7,29.23,19.47,29.23,33.77
202617,482121202617,Lewisville,TX,42508,2024,131215,2024,False,246885000,216726000,216726000,216726000,0,0,38069000,37481000,588000,30348000,30300000,48000,0,0,0,0,216726000,I,I,1.0,42,True,17.57,15.42,17.57,17.57,14.0,12.29,14.0,14.0,31.57,27.71,31.57,31.57
202751,512810202751,Virginia Beach,VA,82000,2024,455618,2024,False,2618148000,2536967000,2513428000,1436425000,1100542000,133020000,137027000,132588000,4439000,111500000,110694000,806000,0,0,0,93033000,1210372000,R,R,0.022,76,True,5.4,5.23,9.54,11.32,4.4,4.26,7.76,9.21,9.8,9.49,17.3,20.53
204523,202091204523,Olathe,KS,52575,2024,145616,2024,False,314932000,273191000,273191000,273191000,0,13623000,39630000,39630000,0,31408000,31408000,0,0,0,0,0,259568000,R,R,0.133,44,True,14.51,12.58,14.51,15.27,11.5,9.97,11.5,12.1,26.0,22.56,26.0,27.37
204933,342039204933,Elizabeth,NJ,21000,2024,134283,2024,False,365674000,363719000,363719000,363719000,0,0,64385000,56653000,7732000,38638000,38626000,12000,0,0,0,15007000,348712000,R,R,0.0,50,True,17.7,17.61,17.7,18.46,10.62,10.57,10.62,11.08,28.32,28.17,28.32,29.54
205133,392095205133,Toledo,OH,77000,2024,266301,2024,False,282493000,236758000,236758000,236758000,0,0,0,0,0,0,0,0,0,0,0,11195000,225563000,-,-,1.0,29,False,,,,,,,,,,,,
205181,402027205181,Norman,OK,52500,2024,129627,2024,False,905470000,871097000,871097000,871097000,0,658027000,44897000,36570000,8327000,28882000,25139000,3743000,0,0,0,0,213070000,R,R,0.0,56,True,5.15,4.96,5.15,21.07,3.32,3.19,3.32,13.56,8.47,8.15,8.47,34.63
205218,412047205218,Salem,OR,64900,2024,177487,2024,False,497916000,446958000,446958000,446958000,0,5902000,58225000,58001000,224000,49510000,49510000,0,0,0,2204000,5946000,432906000,R,R,0.0,53,True,13.03,11.69,13.03,13.45,11.08,9.94,11.08,11.44,24.1,21.64,24.1,24.89
205455,482201205455,Pasadena,TX,56000,2024,147662,2024,False,225661000,202385000,202385000,202385000,0,0,49567000,49488000,79000,9726000,7304000,2422000,0,0,0,7979000,194406000,R,R,0.0,48,True,24.49,21.97,24.49,25.5,4.81,4.31,4.81,5.0,29.3,26.28,29.3,30.5
205460,482215205460,Mcallen,TX,45384,2024,144579,2024,False,332820000,301712000,297412000,301712000,0,2575000,51170000,49590000,1580000,26849000,26820000,29000,0,0,10718000,4060000,284359000,I,I,1.0,68,True,16.96,15.37,16.96,17.99,8.9,8.07,8.9,9.44,25.86,23.44,25.86,27.44
205590,532033205590,Kent,WA,35415,2024,134392,2024,False,261216000,236001000,236001000,236001000,0,15996000,52500000,51127000,1373000,2910000,2910000,0,0,0,0,1000000,219005000,R,R,0.0,59,True,22.25,20.1,22.25,23.97,1.23,1.11,1.23,1.33,23.48,21.21,23.48,25.3
205599,532063205599,Spokane,WA,67000,2024,230160,2024,False,717200000,626538000,619367000,626538000,0,37155000,96553000,89170000,7383000,78893000,78303000,590000,0,0,0,2778000,586605000,R,R,0.0,63,True,15.41,13.46,15.41,16.46,12.59,11.0,12.59,13.45,28.0,24.46,28.0,29.91
207520,012089207520,Huntsville,AL,37000,2024,221933,2024,False,1260526000,484063000,484063000,484063000,0,0,66448000,65609000,839000,51631000,51023000,608000,0,0,0,2761000,481302000,R,R,0.0,65,True,13.73,5.27,13.73,13.81,10.67,4.1,10.67,10.73,24.39,9.37,24.39,24.53
207535,042013207535,Glendale,AZ,27820,2024,252136,2024,False,663279000,569502000,569502000,569502000,0,0,143863000,143863000,0,53050000,38582000,14468000,0,0,0,0,569502000,I,I,0.999,48,True,25.26,21.69,25.26,25.26,9.32,8.0,9.32,9.32,34.58,29.69,34.58,34.58
207536,042013207536,Phoenix,AZ,55000,2024,1644409,2024,False,4391552000,3487713000,3477284000,3484759000,2954000,387000,709524000,652031000,57493000,442999000,396649000,46350000,0,0,371755000,1777000,3110840000,R,R,0.076,78,True,20.34,16.16,20.36,22.81,12.7,10.09,12.71,14.24,33.05,26.24,33.07,37.05
207577,062001207577,Fremont,CA,26000,2024,223871,2024,False,407622000,407420000,407420000,407420000,0,2422000,110987000,103666000,7321000,72361000,72361000,0,0,0,0,25763000,379235000,R,R,0.027,48,True,27.24,27.23,27.24,29.27,17.76,17.75,17.76,19.08,45.0,44.98,45.0,48.35
207582,062037207582,Pasadena,CA,56000,2024,134211,2024,False,801881000,610788000,610788000,610788000,0,0,111520000,107827000,3693000,64850000,64850000,0,0,0,0,26541000,584247000,R,R,0.0,59,True,18.26,13.91,18.26,19.09,10.62,8.09,10.62,11.1,28.88,21.99,28.88,30.19
207583,062037207583,Torrance,CA,80000,2024,141126,2024,False,486663000,366470000,351150000,366470000,0,0,89656000,86094000,3562000,43834000,43299000,535000,0,0,7348000,18258000,340864000,R,R,0.003,65,True,24.46,18.42,24.46,26.3,11.96,9.01,11.96,12.86,36.43,27.43,36.43,39.16
207593,062065207593,Corona,CA,16350,2024,159567,2024,False,601980000,449312000,420652000,449312000,0,0,59174000,54023000,5151000,33037000,32826000,211000,0,0,196000,6369000,442747000,R,R,0.045,66,True,13.17,9.83,13.17,13.37,7.35,5.49,7.35,7.46,20.52,15.32,20.52,20.83
207594,062065207594,Riverside,CA,62000,2024,320764,2024,False,1051599000,549243000,549243000,549243000,0,0,139922000,137793000,2129000,75818000,75818000,0,0,0,1731000,17637000,529875000,R,R,0.0,63,True,25.48,13.31,25.48,26.41,13.8,7.21,13.8,14.31,39.28,20.52,39.28,40.72
207598,062073207598,San Diego,CA,66000,2024,1381162,2024,False,7042352000,5934805000,5929376000,5934805000,0,0,677921000,631270000,46651000,372339000,359058000,13281000,0,0,8757000,129326000,5796722000,R,R,0.103,69,True,11.42,9.63,11.42,11.69,6.27,5.29,6.27,6.42,17.7,14.91,17.7,18.12
207608,062095207608,Vallejo,CA,81666,2024,123564,2024,False,439398000,358579000,351512000,358579000,0,0,55339000,55339000,0,36726000,36726000,0,0,0,1555000,0,357024000,R,R,0.0,51,True,15.43,12.59,15.43,15.5,10.24,8.36,10.24,10.29,25.67,20.95,25.67,25.79
207610,062099207610,Modesto,CA,48354,2024,218069,2024,False,478659000,400164000,387737000,400164000,0,0,81057000,80024000,1033000,67637000,67637000,0,0,0,1085000,5437000,393642000,R,R,0.0,55,True,20.26,16.93,20.26,20.59,16.9,14.13,16.9,17.18,37.16,31.06,37.16,37.77
207635,082123207635,Greeley,CO,32155,2024,109209,2024,False,311674000,221211000,221211000,221211000,0,0,35303000,35280000,23000,24219000,23383000,836000,0,0,0,0,221211000,R,R,0.0,57,True,15.96,11.33,15.96,15.96,10.95,7.77,10.95,10.95,26.91,19.1,26.91,26.91
207684,122103207684,Clearwater,FL,12875,2024,117027,2024,False,499487000,427049000,426713000,427049000,0,0,56902000,55626000,1276000,27979000,21792000,6187000,0,0,473000,13772000,412804000,R,R,0.0,64,True,13.32,11.39,13.32,13.78,6.55,5.6,6.55,6.78,19.88,16.99,19.88,20.56
207957,182097207957,Indianapolis,IN,36003,2024,880621,2024,False,5967851000,5374749000,5374154000,5374749000,0,2526429000,269450000,264000000,5450000,239619000,233755000,5864000,0,0,192853000,313034000,2342433000,IR,I,0.905,66,True,5.01,4.52,5.01,11.5,4.46,4.02,4.46,10.23,9.47,8.53,9.47,21.73
208056,192153208056,Des Moines,IA,21000,2024,211034,2024,False,709504000,653089000,653089000,653089000,0,14015000,78844000,78844000,0,50545000,50545000,0,0,0,76905000,3275000,558894000,R,R,0.0,56,True,12.07,11.11,12.07,14.11,7.74,7.12,7.74,9.04,19.81,18.24,19.81,23.15
208060,192163208060,Davenport,IA,19000,2024,100486,2024,False,224102000,216289000,216289000,216289000,0,0,31653000,31653000,0,22484000,22484000,0,0,0,333000,0,215956000,R,R,0.0,43,True,14.63,14.12,14.63,14.66,10.4,10.03,10.4,10.41,25.03,24.16,25.03,25.07
208111,202091208111,Overland Park,KS,53775,2024,197726,2024,False,291306000,291306000,290677000,291306000,0,0,47806000,46960000,846000,30513000,30263000,250000,0,0,0,0,291306000,R,R,0.0,40,True,16.41,16.41,16.41,16.41,10.47,10.47,10.47,10.47,26.89,26.89,26.89,26.89
208246,242510208246,Baltimore,MD,04000,2024,569931,2024,False,5730769000,5293443000,5263359000,3285669000,2007774000,3435000,494312000,494312000,0,275794000,275794000,0,0,0,0,246262000,3035972000,R,R,0.001,63,True,9.34,8.63,15.04,16.28,5.21,4.81,8.39,9.08,14.55,13.44,23.44,25.37
208698,312055208698,Omaha,NE,37000,2024,485153,2024,False,1027579000,1027579000,1002995000,1027579000,0,0,174719000,170669000,4050000,102298000,101063000,1235000,0,0,0,0,1027579000,R,R,0.0,42,True,17.0,17.0,17.0,17.0,9.96,9.96,9.96,9.96,26.96,26.96,26.96,26.96
208734,322003208734,North Las Vegas,NV,51800,2024,280543,2024,False,449231000,380385000,380385000,380385000,0,17496000,98270000,95685000,2585000,54359000,50261000,4098000,0,0,0,0,362889000,I,I,1.0,51,True,25.83,21.88,25.83,27.08,14.29,12.1,14.29,14.98,40.12,33.98,40.12,42.06
208793,352013208793,Las Cruces,NM,39380,2024,113888,2024,False,258238000,196758000,196353000,196758000,0,0,39660000,36422000,3238000,24924000,22314000,2610000,0,0,4540000,485000,191733000,R,R,0.045,64,True,20.16,15.36,20.16,20.69,12.67,9.65,12.67,13.0,32.82,25.01,32.82,33.68
208963,372063208963,Durham,NC,19000,2024,291928,2024,False,643586000,512545000,512545000,512545000,0,0,87899000,86544000,1355000,48529000,48529000,0,0,0,13000,0,512532000,I,I,1.0,58,True,17.15,13.66,17.15,17.15,9.47,7.54,9.47,9.47,26.62,21.2,26.62,26.62
209050,392049209050,Columbus,OH,18000,2024,907971,2024,False,2879690000,2511116000,2511116000,2511116000,0,5842000,394461000,384492000,9969000,313117000,307344000,5773000,0,0,0,75583000,2429691000,R,R,0.0,60,True,15.71,13.7,15.71,16.24,12.47,10.87,12.47,12.89,28.18,24.57,28.18,29.12
209096,392153209096,Akron,OH,01000,2024,188509,2024,False,478214000,438618000,438618000,438618000,0,0,62840000,62840000,0,44294000,44294000,0,0,0,0,4143000,434475000,R,R,0.0,37,True,14.33,13.14,14.33,14.46,10.1,9.26,10.1,10.19,24.43,22.4,24.43,24.66
209170,402109209170,Oklahoma,OK,55000,2024,694800,2024,False,1942149000,1491839000,1491839000,1491839000,0,0,242788000,222968000,19820000,203823000,196621000,7202000,0,0,97451000,7041000,1387347000,RS,RS,0.0,66,True,16.27,12.5,16.27,17.5,13.66,10.49,13.66,14.69,29.94,23.0,29.94,32.19
209519,472149209519,Murfreesboro,TN,51560,2024,162398,2024,False,415880000,332626000,332600000,204442000,128184000,36000,53796000,45548000,8248000,32274000,29504000,2770000,0,0,7373000,0,197033000,R,R,0.0,63,True,16.17,12.94,26.31,27.3,9.7,7.76,15.79,16.38,25.88,20.7,42.1,43.68
209555,482085209555,Allen,TX,01924,2024,111551,2024,False,247128000,202431000,202431000,202431000,0,290000,42275000,38002000,4273000,29376000,22892000,6484000,0,0,0,341000,201800000,I,I,1.0,44,True,20.88,17.11,20.88,20.95,14.51,11.89,14.51,14.56,35.4,28.99,35.4,35.51
209562,482121209562,Denton,TX,19972,2024,150353,2024,False,918537000,444955000,444955000,444955000,0,0,79325000,54781000,24544000,39934000,39934000,0,0,0,2166000,0,442789000,R,R,0.002,58,True,17.83,8.64,17.83,17.91,8.97,4.35,8.97,9.02,26.8,12.98,26.8,26.93
209712,512510209712,Alexandria,VA,01000,2024,155525,2024,False,1518962000,1354141000,1352530000,983268000,370873000,89049000,81555000,81555000,0,62894000,62894000,0,0,0,0,55278000,838941000,R,R,0.146,65,True,6.02,5.37,8.29,9.72,4.64,4.14,6.4,7.5,10.67,9.51,14.69,17.22
209777,552025209777,Madison,WI,48000,2024,272903,2024,False,754517000,622689000,622689000,622689000,0,4285000,90384000,89640000,744000,70478000,69441000,1037000,0,0,0,10137000,608267000,R,R,0.0,63,True,14.52,11.98,14.52,14.86,11.32,9.34,11.32,11.59,25.83,21.32,25.83,26.45
211212,062073211212,Chula Vista,CA,13392,2024,279170,2024,False,766779000,752297000,707339000,752297000,0,6185000,88318000,82547000,5771000,55784000,48705000,7079000,0,0,0,13916000,732196000,R,R,0.055,59,True,11.74,11.52,11.74,12.06,7.42,7.28,7.42,7.62,19.15,18.79,19.15,19.68
211214,062077211214,Stockton,CA,75000,2024,321819,2024,False,593947000,550907000,550907000,550907000,0,0,168883000,164901000,3982000,73809000,73809000,0,0,0,685000,12890000,537332000,R,R,0.0,49,True,30.66,28.43,30.66,31.43,13.4,12.43,13.4,13.74,44.05,40.86,44.05,45.17
211253,412067211253,Hillsboro,OR,34100,2024,107299,2024,False,490945000,357670000,320755000,357670000,0,0,46335000,46335000,0,36088000,36088000,0,0,0,0,0,357670000,R,R,0.0,50,True,12.95,9.44,12.95,12.95,10.09,7.35,10.09,10.09,23.04,16.79,23.04,23.04
211254,412051211254,Portland,OR,59000,2024,635067,2024,False,2587559000,2272991000,2272991000,2272991000,0,0,276522000,275192000,1330000,180606000,180141000,465000,0,0,0,5901000,2267090000,R,R,0.0,58,True,12.17,10.69,12.17,12.2,7.95,6.98,7.95,7.97,20.11,17.67,20.11,20.16
211654,082001211654,Westminster,CO,83835,2024,114533,2024,False,350594000,275719000,273415000,275719000,0,70000,42630000,41829000,801000,27845000,23501000,4344000,0,0,0,0,275649000,R,R,0.0,64,True,15.46,12.16,15.46,15.47,10.1,7.94,10.1,10.1,25.56,20.1,25.56,25.57
212090,402143212090,Tulsa,OK,75000,2024,411867,2024,False,1256681000,1097925000,1093530000,1097925000,0,29402000,161093000,146317000,14776000,106134000,104308000,1826000,0,0,53059000,115339000,900125000,R,R,0.0,63,True,14.67,12.82,14.67,17.9,9.67,8.45,9.67,11.79,24.34,21.26,24.34,29.69
212209,082005212209,Centennial,CO,12815,2024,105865,2024,False,34433000,34433000,720000,34433000,0,0,0,0,0,0,0,0,0,0,0,0,34433000,-,-,1.0,14,False,,,,,,,,,,,,
212231,482113212231,Garland,TX,29000,2024,240854,2024,False,961773000,481565000,481565000,481565000,0,0,69868000,69249000,619000,50926000,43148000,7778000,0,0,31000,5799000,475735000,R,R,0.0,61,True,14.51,7.26,14.51,14.69,10.58,5.3,10.58,10.7,25.08,12.56,25.08,25.39
212233,482303212233,Lubbock,TX,45000,2024,263930,2024,False,841576000,411228000,410948000,411228000,0,0,84608000,75083000,9525000,58041000,55285000,2756000,0,0,19087000,18063000,374078000,R,R,0.0,67,True,20.57,10.05,20.57,22.62,14.11,6.9,14.11,15.52,34.69,16.95,34.69,38.13
212234,482113212234,Richardson,TX,61796,2024,118802,2024,False,312657000,245393000,245393000,245393000,0,0,35552000,35552000,0,29168000,29168000,0,0,0,0,2119000,243274000,R,R,0.0,49,True,14.49,11.37,14.49,14.61,11.89,9.33,11.89,11.99,26.37,20.7,26.37,26.6
213591,532063213591,Spokane Valley,WA,67167,2024,107325,2024,False,100920000,100920000,100920000,100920000,0,6698000,31895000,31682000,213000,0,0,0,0,0,0,581000,93641000,R,-,0.0,49,True,31.6,31.6,31.6,34.06,0.0,0.0,0.0,0.0,31.6,31.6,31.6,34.06
214783,122086214783,Miami Gardens,FL,45060,2024,110497,2024,False,125824000,125824000,125824000,125824000,0,0,52321000,52122000,199000,0,0,0,0,0,0,0,125824000,R,-,0.0,41,True,41.58,41.58,41.58,41.58,0.0,0.0,0.0,0.0,41.58,41.58,41.58,41.58
216510,132121216510,Sandy Springs,GA,68516,2024,107763,2024,False,205933000,205933000,205933000,205933000,0,0,69437000,27083000,42354000,19481000,16972000,2509000,0,0,0,0,205933000,R,R,0.0,42,True,33.72,33.72,33.72,33.72,9.46,9.46,9.46,9.46,43.18,43.18,43.18,43.18
225038,012073225038,Birmingham,AL,07000,2024,196910,2024,False,779769000,574568000,574568000,574568000,0,0,109466000,109466000,0,88666000,88666000,0,0,0,0,0,574568000,R,R,0.247,45,True,19.05,14.04,19.05,19.05,15.43,11.37,15.43,15.43,34.48,25.41,34.48,34.48
225767,092190225767,Stamford,CT,73000,2024,136188,2024,False,820326000,816926000,812006000,362725000,454201000,0,48584000,48321000,263000,49911000,47628000,2283000,0,0,0,13725000,349000000,R,R,0.0,52,True,5.95,5.92,13.39,13.92,6.11,6.08,13.76,14.3,12.06,12.01,27.15,28.22
247337,132121247337,South Fulton,GA,72122,2024,111158,2024,False,348637000,325006000,323472000,325006000,0,175000,30590000,28533000,2057000,0,0,0,0,0,0,522000,324309000,I,-,1.0,51,True,9.41,8.77,9.41,9.43,0.0,0.0,0.0,0.0,9.41,8.77,9.41,9.43
