pid,city,state,fiscal_year,population,overlying_counties,has_county_government,police_usd,fire_usd,own_corrections_usd,own_judicial_usd,county_corrections_alloc_usd,county_judicial_alloc_usd,county_police_contract_alloc_usd,public_safety_and_justice_usd,public_safety_and_justice_real_per_resident,record_complete
194463,Anchorage Municipality,AK,2012,298695,,False,123926000,90763000,0,7996000,0,0,,222685000,1067.03,True
194463,Anchorage Municipality,AK,2017,298695,,False,132306000,114612000,0,7633000,0,0,,254551000,1143.15,True
194463,Anchorage Municipality,AK,2022,287095,,False,147981000,124501000,0,7801000,0,0,,280283000,1159.92,True
225038,Birmingham,AL,2012,212461,JEFFERSON COUNTY 0.319; SHELBY COUNTY 0.008,True,78166000,56856000,1527000,6984000,9615083,7175628,,160323711,1080.02,True
225038,Birmingham,AL,2017,212461,JEFFERSON COUNTY 0.318; SHELBY COUNTY 0.008,True,98432000,63479000,1376000,16981000,9724002,8807211,,198799213,1255.14,True
225038,Birmingham,AL,2022,206950,JEFFERSON COUNTY 0.293; SHELBY COUNTY 0.008,True,109223000,73372000,439000,14328000,1433676,5469252,,204264927,1172.7,True
207520,Huntsville,AL,2012,190582,LIMESTONE COUNTY 0.019; MADISON COUNTY 0.531,True,41685000,28811000,0,4524000,2784762,3442113,,81246875,610.15,True
207520,Huntsville,AL,2017,190582,LIMESTONE COUNTY 0.020; MADISON COUNTY 0.535,True,46667000,38625000,0,7333000,4276360,5353428,,102254788,719.71,True
207520,Huntsville,AL,2022,202964,LIMESTONE COUNTY 0.043; MADISON COUNTY 0.538; MORGAN COUNTY 0.000,True,53990000,39873000,0,8820000,5914565,8111414,,116708979,683.19,True
160683,Mobile,AL,2012,194288,MOBILE COUNTY 0.468,True,42444000,24720000,7539000,7227000,3664835,3550587,,89145422,656.7,True
160683,Mobile,AL,2017,194288,MOBILE COUNTY 0.459,True,44607000,31066000,8322000,7260000,3418914,3464389,,98138303,677.56,True
160683,Mobile,AL,2022,187746,MOBILE COUNTY 0.493,True,59977000,38137000,14389000,0,4245343,3474493,,120222836,760.81,True
100091,Montgomery,AL,2012,200602,MONTGOMERY COUNTY 0.891,True,43617000,31842000,0,4105000,18858014,4234432,,102656446,732.43,True
100091,Montgomery,AL,2017,200602,MONTGOMERY COUNTY 0.880,True,45774000,33118000,0,3327000,17850321,8788283,,108857604,727.91,True
100091,Montgomery,AL,2022,196268,MONTGOMERY COUNTY 0.870,True,44059000,33092000,0,3986000,7344565,11574150,,100055715,605.69,True
160723,Tuscaloosa,AL,2012,98332,TUSCALOOSA COUNTY 0.464,True,28432000,18900000,898000,2582000,4818089,1059543,,56689632,825.13,True
160723,Tuscaloosa,AL,2017,98332,TUSCALOOSA COUNTY 0.480,True,30382000,21216000,322000,2735000,5507432,1264929,,61427361,837.96,True
160723,Tuscaloosa,AL,2022,102819,TUSCALOOSA COUNTY 0.471,True,37480000,38794000,500000,3040000,6025538,1775651,,87615189,1012.43,True
100435,Little Rock,AR,2012,197992,PULASKI COUNTY 0.505,True,55425000,39865000,0,4135000,12254665,5484450,,117164115,846.96,True
100435,Little Rock,AR,2017,197992,PULASKI COUNTY 0.504,True,71608000,50120000,0,5036000,14267938,6114110,,147146048,996.91,True
100435,Little Rock,AR,2022,197866,PULASKI COUNTY 0.509,True,80293000,57316000,0,4555000,14040214,6209517,,162413731,975.24,True
160830,Buckeye,AZ,2012,62138,MARICOPA COUNTY 0.014,True,9546000,7876000,0,1301000,5639750,4343840,,28706589,661.21,True
160830,Buckeye,AZ,2017,62138,MARICOPA COUNTY 0.016,True,16363000,12701000,0,1740000,7291774,6215122,,44310896,956.55,True
160830,Buckeye,AZ,2022,85224,MARICOPA COUNTY 0.023,True,25042000,17998000,0,1186000,16256336,10216347,,70698683,985.61,True
100249,Chandler,AZ,2012,260828,MARICOPA COUNTY 0.060,True,58144000,26242000,0,9050000,24643640,18980988,,137060628,752.1,True
100249,Chandler,AZ,2017,260828,MARICOPA COUNTY 0.059,True,114774000,34593000,0,10199000,26982032,22998054,,209546087,1077.66,True
100249,Chandler,AZ,2022,265398,MARICOPA COUNTY 0.062,True,86735000,42329000,0,8324000,43267081,27191336,,207846418,930.47,True
160831,Gilbert,AZ,2012,247542,MARICOPA COUNTY 0.055,True,36055000,21207000,0,4617000,22388943,17244378,,101512321,586.93,True
160831,Gilbert,AZ,2017,247542,MARICOPA COUNTY 0.056,True,54655000,32384000,0,6453000,25821886,22009207,,141323092,765.81,True
160831,Gilbert,AZ,2022,257658,MARICOPA COUNTY 0.062,True,72453000,38003000,969000,3731000,43413360,27283266,,185852626,857.0,True
207535,Glendale,AZ,2012,240126,MARICOPA COUNTY 0.059,True,50612000,45341000,0,8293000,24221403,18655773,,147123176,876.91,True
207535,Glendale,AZ,2017,240126,MARICOPA COUNTY 0.057,True,93236000,54515000,0,8586000,26363337,22470711,,205171048,1146.12,True
207535,Glendale,AZ,2022,255307,MARICOPA COUNTY 0.055,True,114296000,38557000,0,10121000,38827292,24401136,,226202429,1052.67,True
122748,Goodyear,AZ,2012,79003,MARICOPA COUNTY 0.017,True,13280000,11234000,0,1266000,7032656,5416682,,38229337,692.58,True
122748,Goodyear,AZ,2017,79003,MARICOPA COUNTY 0.018,True,21534000,16101000,0,2841000,8505864,7249948,,56231811,954.76,True
122748,Goodyear,AZ,2022,90622,MARICOPA COUNTY 0.024,True,32446000,25277000,0,3309000,16539501,10394302,,87965803,1153.29,True
100250,Mesa,AZ,2012,471825,MARICOPA COUNTY 0.116,True,157487000,76111000,0,11741000,47384309,36496272,,329219581,998.66,True
100250,Mesa,AZ,2017,471825,MARICOPA COUNTY 0.116,True,179261000,84142000,0,14372000,53200457,45345250,,376320708,1069.87,True
100250,Mesa,AZ,2022,528159,MARICOPA COUNTY 0.112,True,254171000,119611000,0,11056000,78920434,49597800,,513356234,1154.81,True
160832,Peoria,AZ,2012,171237,MARICOPA COUNTY 0.039; YAVAPAI COUNTY 0.000,True,29557000,17532000,0,4389000,16106289,12405337,,79989626,668.58,True
160832,Peoria,AZ,2017,171237,MARICOPA COUNTY 0.039,True,47860000,30718000,0,5864000,17895031,15252776,,117589807,921.14,True
160832,Peoria,AZ,2022,179872,MARICOPA COUNTY 0.043,True,54979000,43084000,0,6105000,30467388,19147328,,153782716,1015.78,True
207536,Phoenix,AZ,2012,1563025,MARICOPA COUNTY 0.380,True,471353000,283475000,0,47376000,155463977,119741232,,1077409209,986.57,True
207536,Phoenix,AZ,2017,1563025,MARICOPA COUNTY 0.378,True,453426000,310018000,0,42511000,173804979,148142152,,1127902130,967.97,True
207536,Phoenix,AZ,2022,1708127,MARICOPA COUNTY 0.360,True,547806000,361015000,0,52240000,253262000,159163317,,1373486318,955.35,True
189585,Scottsdale,AZ,2012,236839,MARICOPA COUNTY 0.057,True,79681000,27612000,0,10928000,23350694,17985137,,159556831,964.22,True
189585,Scottsdale,AZ,2017,236839,MARICOPA COUNTY 0.058,True,97920000,43868000,0,11957000,26747641,22798271,,203290912,1151.38,True
189585,Scottsdale,AZ,2022,262647,MARICOPA COUNTY 0.053,True,129060000,50950000,0,13570000,37427636,23521518,,254529154,1151.39,True
100251,Surprise,AZ,2012,128422,MARICOPA COUNTY 0.031,True,20310000,10152000,0,4703000,12678109,9764914,,57608023,642.03,True
100251,Surprise,AZ,2017,128422,MARICOPA COUNTY 0.031,True,27556000,20848000,0,5436000,14340219,12222843,,80403062,839.82,True
100251,Surprise,AZ,2022,143148,MARICOPA COUNTY 0.034,True,36667000,27730000,0,7353000,23744573,14922353,,110416926,916.45,True
160833,Tempe,AZ,2012,175826,MARICOPA COUNTY 0.043,True,66408000,28157000,0,7439000,17477324,13461359,,132942683,1082.17,True
160833,Tempe,AZ,2017,175826,MARICOPA COUNTY 0.043,True,96375000,37171000,0,8244000,19767609,16848862,,178406470,1361.08,True
160833,Tempe,AZ,2022,200402,MARICOPA COUNTY 0.042,True,113040000,51966000,0,9113000,29192454,18346091,,221657545,1314.13,True
160840,Tucson,AZ,2012,531641,PIMA COUNTY 0.536,True,133125000,77620000,0,12867000,50502923,94093375,,368208299,991.26,True
160840,Tucson,AZ,2017,531641,PIMA COUNTY 0.527,True,206023000,97475000,0,24868000,25678184,83404647,,437448831,1103.73,True
160840,Tucson,AZ,2022,542629,PIMA COUNTY 0.517,True,283044000,118304000,0,30191000,26706335,72502799,,530748134,1162.1,True
183836,Anaheim,CA,2012,350742,ORANGE COUNTY 0.111,True,108479000,55156000,0,5560000,35968893,34968708,,240132601,979.89,True
183836,Anaheim,CA,2017,350742,ORANGE COUNTY 0.110,True,147851000,68924000,0,7182000,41816349,31797667,,297571016,1138.04,True
183836,Anaheim,CA,2022,353676,ORANGE COUNTY 0.109,True,172784000,83983000,0,7739000,45912445,43568578,,353987022,1189.16,True
123096,Antioch,CA,2012,110542,CONTRA COSTA COUNTY 0.098,True,25261000,0,0,6000,11158532,9132166,,45557698,589.86,True
123096,Antioch,CA,2017,110542,CONTRA COSTA COUNTY 0.097,True,35549000,0,0,0,12443440,9213182,,57205622,694.17,True
123096,Antioch,CA,2022,111605,CONTRA COSTA COUNTY 0.100,True,46506000,0,0,0,17585861,8884534,,72976395,776.88,True
183825,Bakersfield,CA,2012,373640,KERN COUNTY 0.419,True,68489000,32665000,0,1377000,56359544,39728495,,198619039,760.82,True
183825,Bakersfield,CA,2017,373640,KERN COUNTY 0.426,True,83192000,39568000,0,1538000,58797841,33598036,,216693877,777.94,True
183825,Bakersfield,CA,2022,385725,KERN COUNTY 0.450,True,130014000,53005000,0,0,97923976,20114180,,301057156,927.32,True
123092,Berkeley,CA,2012,120972,ALAMEDA COUNTY 0.074,True,54430000,26557000,0,0,15839659,13417431,,110244090,1304.32,True
123092,Berkeley,CA,2017,120972,ALAMEDA COUNTY 0.074,True,65719000,26538000,0,0,19631792,16246998,,128135789,1420.83,True
123092,Berkeley,CA,2022,122726,ALAMEDA COUNTY 0.073,True,85671000,33681000,0,2648000,30388776,16023210,,168411986,1630.4,True
184443,Burbank,CA,2012,105319,LOS ANGELES COUNTY 0.010,True,45013000,19970000,0,3641000,15073814,11378911,,95076725,1292.06,True
184443,Burbank,CA,2017,105319,LOS ANGELES COUNTY 0.010,True,52598000,25976000,0,0,16604815,10672965,,105851779,1348.18,True
184443,Burbank,CA,2022,101866,LOS ANGELES COUNTY 0.011,True,60746000,26199000,0,0,21985004,16639437,,125569441,1464.58,True
161254,Carlsbad,CA,2012,113453,SAN DIEGO COUNTY 0.034,True,28676000,11033000,0,1290000,10482307,10565537,,62046843,782.74,True
161254,Carlsbad,CA,2017,113453,SAN DIEGO COUNTY 0.034,True,34416000,8602000,0,0,13790237,11905413,,68713650,812.42,True
161254,Carlsbad,CA,2022,115599,SAN DIEGO COUNTY 0.035,True,53008000,7653000,0,0,21340129,13393779,,95394908,980.46,True
161130,Chico,CA,2012,90316,BUTTE COUNTY 0.398,True,21657000,13388000,0,1845000,12437599,9861873,,59189472,937.98,True
161130,Chico,CA,2017,90316,BUTTE COUNTY 0.407,True,23692000,14796000,0,0,16961748,11162418,,66612166,989.34,True
161130,Chico,CA,2022,102867,BUTTE COUNTY 0.492,True,31833000,15549000,0,0,23652026,11400316,,82434341,952.12,True
211212,Chula Vista,CA,2012,265757,SAN DIEGO COUNTY 0.080,True,50943000,23997000,0,2022000,24282356,24475158,,125719514,677.07,True
211212,Chula Vista,CA,2017,265757,SAN DIEGO COUNTY 0.081,True,62273000,29574000,0,2824000,32410074,27980326,,155061401,782.66,True
211212,Chula Vista,CA,2022,272979,SAN DIEGO COUNTY 0.084,True,66663000,43169000,0,2702000,51311216,32204635,,196049852,853.29,True
203966,Clovis,CA,2012,104180,FRESNO COUNTY 0.104,True,22428000,12211000,0,0,14266204,9468900,,58374104,801.96,True
203966,Clovis,CA,2017,104180,FRESNO COUNTY 0.111,True,31226000,14987000,0,0,4871320,7900805,,58985126,759.47,True
203966,Clovis,CA,2022,117662,FRESNO COUNTY 0.123,True,40399000,20498000,0,691000,11162915,14109493,,86860408,877.09,True
161132,Concord,CA,2012,128667,CONTRA COSTA COUNTY 0.116,True,42862000,0,0,975000,13178832,10785584,,67801416,754.2,True
161132,Concord,CA,2017,128667,CONTRA COSTA COUNTY 0.113,True,53491000,0,0,1229000,14463292,10708690,,79891982,832.9,True
161132,Concord,CA,2022,128544,CONTRA COSTA COUNTY 0.106,True,65744000,0,0,1665000,18697985,9446389,,95553374,883.19,True
207593,Corona,CA,2012,164226,RIVERSIDE COUNTY 0.070,True,40571000,22954000,0,0,16858218,15986756,,96369975,839.87,True
207593,Corona,CA,2017,164226,RIVERSIDE COUNTY 0.069,True,47071000,25855000,0,0,25002860,16671599,,114600459,936.05,True
207593,Corona,CA,2022,170996,RIVERSIDE COUNTY 0.064,True,163446000,89111000,0,1688000,25026931,16938410,,296210341,2058.13,True
211207,Costa Mesa,CA,2012,113204,ORANGE COUNTY 0.036,True,37408000,18969000,0,956000,11754760,11427896,,80515656,1017.96,True
211207,Costa Mesa,CA,2017,113204,ORANGE COUNTY 0.036,True,44548000,22161000,0,0,13561714,10312495,,90583209,1073.35,True
211207,Costa Mesa,CA,2022,112366,ORANGE COUNTY 0.035,True,54741000,30663000,0,0,14712115,13961050,,114077165,1206.21,True
211215,Daly,CA,2012,106562,SAN MATEO COUNTY 0.141,True,27260000,15117000,0,0,17416162,12337538,,72130700,968.8,True
211215,Daly,CA,2017,106562,SAN MATEO COUNTY 0.139,True,32844000,18083000,0,0,15737302,9927447,,76591749,964.13,True
211215,Daly,CA,2022,105868,SAN MATEO COUNTY 0.138,True,40306000,28722000,0,0,18090212,13399382,,100517594,1128.07,True
183829,Downey,CA,2012,114219,LOS ANGELES COUNTY 0.011,True,29253000,14596000,0,178000,16305621,12308776,,72641397,910.25,True
183829,Downey,CA,2017,114219,LOS ANGELES COUNTY 0.011,True,35907000,17950000,0,0,17920142,11518409,,83295551,978.22,True
183829,Downey,CA,2022,109202,LOS ANGELES COUNTY 0.011,True,42951000,20473000,0,0,23341084,17665791,,104430875,1136.2,True
183842,El Cajon,CA,2012,103679,SAN DIEGO COUNTY 0.032,True,30011000,9002000,0,929000,9769266,9846834,,59558100,822.17,True
183842,El Cajon,CA,2017,103679,SAN DIEGO COUNTY 0.031,True,34389000,11796000,0,0,12464060,10760496,,69409556,898.01,True
183842,El Cajon,CA,2022,102401,SAN DIEGO COUNTY 0.032,True,37302000,17605000,0,537000,19402894,12177905,,87024799,1009.71,True
161169,El Monte,CA,2012,116732,LOS ANGELES COUNTY 0.012,True,22458000,0,0,1732000,16633089,12555975,,53379064,654.48,True
161169,El Monte,CA,2017,116732,LOS ANGELES COUNTY 0.011,True,25454000,12183000,0,0,18412354,11834784,,67884138,780.07,True
161169,El Monte,CA,2022,112344,LOS ANGELES COUNTY 0.011,True,37687000,15592000,0,2437000,22313808,16888294,,94918102,1003.82,True
200728,Elk Grove,CA,2012,166913,SACRAMENTO COUNTY 0.109,True,30798000,0,0,1012000,22503369,21312428,,75625796,648.48,True
200728,Elk Grove,CA,2017,166913,SACRAMENTO COUNTY 0.112,True,35640000,0,0,0,28888118,13584353,,78112472,627.75,True
200728,Elk Grove,CA,2022,177302,SACRAMENTO COUNTY 0.112,True,50843000,0,0,0,40509129,16025626,,107377755,719.55,True
161255,Escondido,CA,2012,151451,SAN DIEGO COUNTY 0.046,True,36369000,17255000,0,255000,14198278,14311013,,82388291,778.59,True
161255,Escondido,CA,2017,151451,SAN DIEGO COUNTY 0.046,True,41703000,23168000,0,0,18216407,15726623,,98814030,875.19,True
161255,Escondido,CA,2022,149943,SAN DIEGO COUNTY 0.046,True,51351000,29391000,0,182000,27825825,17464419,,126214244,1000.09,True
100750,Fairfield,CA,2012,112970,SOLANO COUNTY 0.256,True,32459000,14164000,0,408000,7775509,15186525,,69993034,886.76,True
100750,Fairfield,CA,2017,112970,SOLANO COUNTY 0.261,True,37031000,17655000,0,0,13213778,17069462,,84969240,1008.91,True
100750,Fairfield,CA,2022,117580,SOLANO COUNTY 0.267,True,49714000,27139000,0,0,461870,3275859,,80590730,814.35,True
161245,Fontana,CA,2012,207460,SAN BERNARDINO COUNTY 0.097,True,52728000,4981000,0,928000,22473023,21819076,,102929099,710.1,True
161245,Fontana,CA,2017,207460,SAN BERNARDINO COUNTY 0.098,True,59589000,4221000,0,0,30547023,13486830,,107843853,697.29,True
161245,Fontana,CA,2022,216173,SAN BERNARDINO COUNTY 0.098,True,82253000,39842000,0,0,43930934,19465180,,185491113,1019.48,True
207577,Fremont,CA,2012,232206,ALAMEDA COUNTY 0.143,True,66608000,33790000,0,1396000,30416640,25765275,,157975915,973.71,True
207577,Fremont,CA,2017,232206,ALAMEDA COUNTY 0.141,True,72597000,44044000,0,0,37691292,31192788,,185525080,1071.73,True
207577,Fremont,CA,2022,234569,ALAMEDA COUNTY 0.139,True,97726000,60951000,0,2089000,57851625,30503655,,249121280,1261.82,True
189636,Fresno,CA,2012,520052,FRESNO COUNTY 0.535,True,147487000,55059000,0,0,73136074,48542569,,324224643,892.31,True
189636,Fresno,CA,2017,520052,FRESNO COUNTY 0.533,True,137802000,53439000,0,4985000,23411578,37971293,,257608871,664.46,True
189636,Fresno,CA,2022,530267,FRESNO COUNTY 0.537,True,226760000,80500000,0,0,48724192,61585498,,417569691,935.6,True
161218,Fullerton,CA,2012,140847,ORANGE COUNTY 0.045,True,36021000,16279000,0,509000,14521582,14117781,,81448363,827.65,True
161218,Fullerton,CA,2017,140847,ORANGE COUNTY 0.044,True,45440000,19948000,0,0,16673278,12678566,,94739845,902.28,True
161218,Fullerton,CA,2022,139921,ORANGE COUNTY 0.045,True,51633000,25735000,0,2000000,18824549,17863540,,116056089,985.47,True
193114,Garden Grove,CA,2012,175393,ORANGE COUNTY 0.056,True,46894000,14955000,0,764000,18276081,17767879,,98656960,805.06,True
193114,Garden Grove,CA,2017,175393,ORANGE COUNTY 0.055,True,54609000,21469000,0,0,20691502,15734073,,112503575,860.42,True
193114,Garden Grove,CA,2022,171366,ORANGE COUNTY 0.054,True,71392000,26975000,0,976000,22695947,21537301,,143576247,995.44,True
161170,Glendale,CA,2012,201020,LOS ANGELES COUNTY 0.020,True,69521000,66361000,0,2973000,28077236,21194925,,188127161,1339.45,True
161170,Glendale,CA,2017,201020,LOS ANGELES COUNTY 0.020,True,76909000,51749000,0,0,32166548,20675475,,181500023,1211.13,True
161170,Glendale,CA,2022,197747,LOS ANGELES COUNTY 0.019,True,101211000,63000000,0,0,40163458,30397871,,234772328,1410.57,True
161123,Hayward,CA,2012,158289,ALAMEDA COUNTY 0.096,True,56991000,31084000,0,0,20523464,17384980,,125983444,1139.14,True
161123,Hayward,CA,2017,158289,ALAMEDA COUNTY 0.097,True,69158000,39010000,0,0,25764115,21322023,,155254139,1315.67,True
161123,Hayward,CA,2022,157966,ALAMEDA COUNTY 0.096,True,82247000,85904000,0,0,39979018,21079895,,229209912,1723.96,True
100709,Huntington Beach,CA,2012,201899,ORANGE COUNTY 0.063,True,70807000,33714000,0,2201000,20417469,19849721,,146989190,1041.99,True
100709,Huntington Beach,CA,2017,201899,ORANGE COUNTY 0.063,True,83993000,40450000,0,0,23974519,18230520,,166648039,1107.19,True
100709,Huntington Beach,CA,2022,198246,ORANGE COUNTY 0.062,True,97760000,48210000,0,2563000,26024481,24695910,,199253391,1194.15,True
123110,Inglewood,CA,2012,111666,LOS ANGELES COUNTY 0.011,True,31190000,10935000,0,0,16057087,12121163,,70303250,901.09,True
123110,Inglewood,CA,2017,111666,LOS ANGELES COUNTY 0.011,True,61657000,12520000,0,0,17518626,11260329,,102955955,1236.76,True
123110,Inglewood,CA,2022,107203,LOS ANGELES COUNTY 0.011,True,76579000,18705000,0,2406000,22056143,16693278,,136439421,1512.14,True
161229,Irvine,CA,2012,256927,ORANGE COUNTY 0.074,True,55224000,0,0,173000,24086060,23416300,,102899360,573.21,True
161229,Irvine,CA,2017,256927,ORANGE COUNTY 0.087,True,72128000,0,0,0,32930393,25040677,,130099069,679.23,True
161229,Irvine,CA,2022,283700,ORANGE COUNTY 0.099,True,93940000,0,0,521000,41809498,39675089,,175945587,736.85,True
228280,Jurupa Valley,CA,2012,100314,RIVERSIDE COUNTY 0.043,True,581000,0,0,0,10533374,9988866,,21103240,301.09,False
228280,Jurupa Valley,CA,2017,100314,RIVERSIDE COUNTY 0.044,True,17334000,172000,0,0,15804809,10538451,,43849260,586.35,True
228280,Jurupa Valley,CA,2022,109745,RIVERSIDE COUNTY 0.043,True,22000000,283000,0,0,16789985,11363585,,50436570,546.03,False
184451,Lancaster,CA,2012,161103,LOS ANGELES COUNTY 0.016,True,6102000,0,0,1423000,22920302,17302063,23481215,71228579,632.8,True
184451,Lancaster,CA,2017,161103,LOS ANGELES COUNTY 0.016,True,29684000,0,0,0,25412982,16334531,32010321,103441834,861.29,True
184451,Lancaster,CA,2022,155822,LOS ANGELES COUNTY 0.017,True,6896000,0,0,0,35546647,26903620,39240503,108586769,827.95,True
161173,Long Beach,CA,2012,474140,LOS ANGELES COUNTY 0.047,True,201429000,62190000,0,10316000,67618750,51043998,,392597748,1185.1,True
161173,Long Beach,CA,2017,474140,LOS ANGELES COUNTY 0.046,True,236742000,70874000,0,7250000,74381038,47809398,,437056436,1236.48,True
161173,Long Beach,CA,2022,454681,LOS ANGELES COUNTY 0.047,True,267842000,94940000,0,0,96157371,72777085,,531716456,1389.41,True
161174,Los Angeles,CA,2012,3971883,LOS ANGELES COUNTY 0.388,True,1699729000,445927000,0,81030000,557782237,421058292,,3205526529,1155.09,True
161174,Los Angeles,CA,2017,3971883,LOS ANGELES COUNTY 0.393,True,1769616000,486166000,0,130277000,633720722,407332390,,3427112113,1157.41,True
161174,Los Angeles,CA,2022,3970219,LOS ANGELES COUNTY 0.393,True,2972025000,810245000,0,194199000,811530122,614209765,,5402208887,1616.65,True
207610,Modesto,CA,2012,211266,STANISLAUS COUNTY 0.394,True,47439000,24084000,0,2094000,20311971,20250115,,114179086,773.52,True
207610,Modesto,CA,2017,211266,STANISLAUS COUNTY 0.391,True,54329000,31363000,0,0,32636822,20481694,,138810517,881.35,True
207610,Modesto,CA,2022,215666,STANISLAUS COUNTY 0.396,True,70015000,53034000,0,0,46932880,20284178,,190266058,1048.18,True
161238,Moreno Valley,CA,2012,204198,RIVERSIDE COUNTY 0.088,True,43493000,15978000,0,818000,21228899,20131501,,101649400,712.47,True
161238,Moreno Valley,CA,2017,204198,RIVERSIDE COUNTY 0.086,True,43569000,19744000,0,0,30895442,20600699,,114809141,754.19,True
161238,Moreno Valley,CA,2022,212349,RIVERSIDE COUNTY 0.085,True,27173000,17517000,0,0,33183834,22459062,,100332896,561.37,True
100719,Murrieta,CA,2012,109830,RIVERSIDE COUNTY 0.047,True,24440000,0,0,312000,11407211,10817531,,46976741,612.18,True
100719,Murrieta,CA,2017,109830,RIVERSIDE COUNTY 0.047,True,26632000,0,0,0,16886009,11259383,,54777392,669.01,True
100719,Murrieta,CA,2022,116522,RIVERSIDE COUNTY 0.045,True,37028000,23524000,0,0,17574583,11894607,,90021190,917.9,True
123117,Norwalk,CA,2012,107140,LOS ANGELES COUNTY 0.011,True,13363000,0,0,363000,15348852,11586532,,40661384,543.18,True
123117,Norwalk,CA,2017,107140,LOS ANGELES COUNTY 0.010,True,13904000,0,0,0,16810753,10805334,,41520087,519.83,True
123117,Norwalk,CA,2022,102635,LOS ANGELES COUNTY 0.010,True,20487000,0,0,0,21032678,15918665,,57438344,664.91,True
123093,Oakland,CA,2012,419267,ALAMEDA COUNTY 0.258,True,195195000,105324000,0,5951000,55098479,46672725,,408241204,1393.61,True
123093,Oakland,CA,2017,419267,ALAMEDA COUNTY 0.256,True,277341000,140710000,0,15371000,68198316,56439977,,558060293,1785.44,True
123093,Oakland,CA,2022,424891,ALAMEDA COUNTY 0.267,True,321515000,181587000,0,12716000,111078865,58568992,,685465857,1916.75,True
161256,Oceanside,CA,2012,175691,SAN DIEGO COUNTY 0.054,True,48243000,22628000,0,1455000,16509335,16640419,,105475754,859.25,True
161256,Oceanside,CA,2017,175691,SAN DIEGO COUNTY 0.053,True,59105000,28302000,0,0,21187505,18291637,,126886142,968.77,True
161256,Oceanside,CA,2022,174648,SAN DIEGO COUNTY 0.052,True,69109000,33635000,0,0,32019506,20096513,,154860018,1053.5,True
161246,Ontario,CA,2012,171214,SAN BERNARDINO COUNTY 0.080,True,71371000,35252000,0,488000,18610619,18069065,,143790684,1202.0,True
161246,Ontario,CA,2017,171214,SAN BERNARDINO COUNTY 0.082,True,94251000,47410000,0,0,25368895,11200632,,178230527,1396.36,True
161246,Ontario,CA,2022,183393,SAN BERNARDINO COUNTY 0.082,True,116980000,84593000,0,2493000,37002574,16395321,,257463894,1667.98,True
161220,Orange,CA,2012,140992,ORANGE COUNTY 0.045,True,37034000,15401000,0,799000,14655018,14247506,,82136524,833.79,True
161220,Orange,CA,2017,140992,ORANGE COUNTY 0.044,True,42243000,19029000,0,0,16733770,12724565,,90730335,863.2,True
161220,Orange,CA,2022,138192,ORANGE COUNTY 0.044,True,72681000,41614000,0,1281000,18423179,17482661,,151481840,1302.37,True
161299,Oxnard,CA,2012,207254,VENTURA COUNTY 0.241,True,68449000,22812000,0,0,35793831,25225587,,152280418,1051.61,True
161299,Oxnard,CA,2017,207254,VENTURA COUNTY 0.246,True,66573000,28103000,0,0,37462438,23232659,,155371097,1005.59,True
161299,Oxnard,CA,2022,207945,VENTURA COUNTY 0.240,True,86275000,42012000,0,83969000,45795098,23999171,,282050269,1611.52,True
183832,Palmdale,CA,2012,158351,LOS ANGELES COUNTY 0.016,True,19731000,0,0,2407000,22429027,16931210,,61498237,555.85,True
183832,Palmdale,CA,2017,158351,LOS ANGELES COUNTY 0.015,True,23961000,43000,0,0,24954562,16039875,,64998438,550.6,True
183832,Palmdale,CA,2022,150498,LOS ANGELES COUNTY 0.017,True,32600000,43000,0,0,34620787,26202878,,93466665,737.88,True
207582,Pasadena,CA,2012,142250,LOS ANGELES COUNTY 0.014,True,63637000,32250000,0,5849000,20001042,15098374,,136835416,1376.77,True
207582,Pasadena,CA,2017,142250,LOS ANGELES COUNTY 0.014,True,72596000,40427000,0,0,22595357,14523465,,150141822,1415.81,True
207582,Pasadena,CA,2022,141045,LOS ANGELES COUNTY 0.014,True,92079000,54513000,0,0,28720940,21737557,,197050497,1659.88,True
161179,Pomona,CA,2012,153266,LOS ANGELES COUNTY 0.015,True,40458000,23506000,0,698000,21790602,16449276,,102901878,960.93,True
161179,Pomona,CA,2017,153266,LOS ANGELES COUNTY 0.015,True,52840000,24767000,0,0,24302637,15620842,,117530478,1028.63,True
161179,Pomona,CA,2022,149212,LOS ANGELES COUNTY 0.015,True,61039000,33145000,0,0,31068726,23514487,,148767214,1184.57,True
161251,Rancho Cucamonga,CA,2012,175236,SAN BERNARDINO COUNTY 0.082,True,75000,32254000,0,0,18982429,18430055,,69741485,569.62,True
161251,Rancho Cucamonga,CA,2017,175236,SAN BERNARDINO COUNTY 0.082,True,36232000,31890000,0,0,25598516,11302012,,105022528,803.92,True
161251,Rancho Cucamonga,CA,2022,178849,SAN BERNARDINO COUNTY 0.080,True,49449000,93790000,0,0,35826794,15874349,,194940143,1295.01,True
123146,Rialto,CA,2012,103132,SAN BERNARDINO COUNTY 0.049,True,25773000,9755000,0,3000,11311566,10982408,,57824975,802.48,True
123146,Rialto,CA,2017,103132,SAN BERNARDINO COUNTY 0.048,True,31957000,17232000,0,0,14936820,6594762,,70720583,919.83,True
123146,Rialto,CA,2022,104132,SAN BERNARDINO COUNTY 0.047,True,43894000,23508000,0,754000,21261084,9420488,,98837572,1127.71,True
161135,Richmond,CA,2012,109708,CONTRA COSTA COUNTY 0.098,True,64448000,22986000,0,1807000,11206944,9171786,,109619730,1430.09,True
161135,Richmond,CA,2017,109708,CONTRA COSTA COUNTY 0.096,True,66526000,29876000,0,0,12261076,9078158,,117741233,1439.61,True
161135,Richmond,CA,2022,110038,CONTRA COSTA COUNTY 0.099,True,62889000,33881000,0,0,17463621,8822778,,123056399,1328.68,True
207594,Riverside,CA,2012,322424,RIVERSIDE COUNTY 0.138,True,87300000,49778000,0,4031000,33450077,31720922,,206279999,915.68,True
207594,Riverside,CA,2017,322424,RIVERSIDE COUNTY 0.135,True,95506000,47816000,0,5117000,48849352,32572145,,229860497,956.3,True
207594,Riverside,CA,2022,330786,RIVERSIDE COUNTY 0.129,True,115509000,68534000,0,0,50177135,33960253,,268180388,963.25,True
123137,Roseville,CA,2012,130269,PLACER COUNTY 0.345,True,29184000,25731000,0,1413000,29097904,13004013,,98429917,1081.43,True
123137,Roseville,CA,2017,130269,PLACER COUNTY 0.351,True,34653000,30068000,0,0,27561509,14586766,,106869275,1100.44,True
123137,Roseville,CA,2022,144725,PLACER COUNTY 0.373,True,53824000,43348000,0,0,38939267,15540274,,151651541,1244.98,True
161241,Sacramento,CA,2012,490712,SACRAMENTO COUNTY 0.328,True,136069000,87182000,0,2630000,67506832,63934182,,357322014,1042.19,True
161241,Sacramento,CA,2017,490712,SACRAMENTO COUNTY 0.328,True,159856000,113618000,0,5585000,84389706,39683428,,403132134,1101.99,True
161241,Sacramento,CA,2022,512838,SACRAMENTO COUNTY 0.332,True,245619000,171673000,0,8877000,119555135,47296646,,593020781,1373.88,True
161212,Salinas,CA,2012,157380,MONTEREY COUNTY 0.362,True,40810000,18504000,0,1043000,26445123,18079567,,104881690,953.82,True
161212,Salinas,CA,2017,157380,MONTEREY COUNTY 0.360,True,48371000,22916000,0,0,34245973,16975897,,122508870,1044.17,True
161212,Salinas,CA,2022,154868,MONTEREY COUNTY 0.370,True,62003000,26667000,0,0,46923932,24488687,,160082619,1228.12,True
193115,San Bernardino,CA,2012,216108,SAN BERNARDINO COUNTY 0.103,True,68472000,36488000,0,4105000,23807587,23114805,,155987391,1033.08,True
193115,San Bernardino,CA,2017,216108,SAN BERNARDINO COUNTY 0.101,True,63311000,435000,0,0,31383325,13856066,,108985391,676.48,True
193115,San Bernardino,CA,2022,217491,SAN BERNARDINO COUNTY 0.101,True,95682000,0,0,0,45541566,20178828,,161402394,881.71,True
161300,San Buenaventura,CA,2012,109708,VENTURA COUNTY 0.131,True,30299000,15545000,0,2245000,19400807,13672655,,81162462,1058.84,True
161300,San Buenaventura,CA,2017,109708,VENTURA COUNTY 0.130,True,36643000,20124000,0,0,19749713,12247957,,88764670,1085.32,True
161300,San Buenaventura,CA,2022,107110,VENTURA COUNTY 0.131,True,47660000,27200000,0,0,24981636,13091763,,112933399,1252.71,True
207598,San Diego,CA,2012,1394928,SAN DIEGO COUNTY 0.421,True,300172000,171141000,0,34046000,128616369,129637585,,763612954,783.49,True
207598,San Diego,CA,2017,1394928,SAN DIEGO COUNTY 0.425,True,339148000,176827000,0,49634000,170168490,146910182,,882687672,848.81,True
207598,San Diego,CA,2022,1422420,SAN DIEGO COUNTY 0.423,True,629133000,323179000,0,69701000,258632621,162326484,,1442972105,1205.28,True
161258,San Francisco And County,CA,2012,864816,,False,377911000,241079000,157187000,75492000,0,0,,851669000,1409.49,True
161258,San Francisco And County,CA,2017,864816,,False,524927000,302891000,223804000,129854000,0,0,,1181476000,1832.55,True
161258,San Francisco And County,CA,2022,866606,,False,770884000,494185000,318987000,193305000,0,0,,1777361000,2436.75,True
100745,San Jose,CA,2012,1026908,SANTA CLARA COUNTY 0.535,True,251179000,122185000,0,0,155420337,128269955,,657054293,915.76,True
100745,San Jose,CA,2017,1026908,SANTA CLARA COUNTY 0.534,True,244718000,141999000,0,16404000,232799553,133114703,,769035255,1004.55,True
100745,San Jose,CA,2022,1013616,SANTA CLARA COUNTY 0.519,True,510819000,259968000,0,0,237888426,150103022,,1158778448,1358.27,True
123157,San Mateo,CA,2012,103536,SAN MATEO COUNTY 0.135,True,28790000,21432000,0,1044000,16729169,11850875,,79846044,1103.76,True
123157,San Mateo,CA,2017,103536,SAN MATEO COUNTY 0.136,True,38316000,24585000,0,0,15391689,9709427,,88002116,1140.14,True
123157,San Mateo,CA,2022,102398,SAN MATEO COUNTY 0.139,True,52676000,25223000,0,0,18300398,13555067,,109754465,1273.47,True
100711,Santa Ana,CA,2012,335400,ORANGE COUNTY 0.107,True,118581000,53253000,0,1823000,34757456,33790957,,242205413,1033.56,True
100711,Santa Ana,CA,2017,335400,ORANGE COUNTY 0.105,True,132015000,38035000,0,3017000,39686731,30178279,,242932011,971.58,True
100711,Santa Ana,CA,2022,331301,ORANGE COUNTY 0.099,True,144675000,47142000,0,2865000,41654107,39527632,,275863739,989.3,True
161280,Santa Clara,CA,2012,126215,SANTA CLARA COUNTY 0.065,True,41914000,31613000,0,1328000,18857988,15563686,,109276673,1239.17,True
161280,Santa Clara,CA,2017,126215,SANTA CLARA COUNTY 0.066,True,62290000,42987000,0,1658000,28573863,16338525,,151847387,1613.81,True
161280,Santa Clara,CA,2022,131055,SANTA CLARA COUNTY 0.069,True,77670000,60655000,0,2997000,31517115,19886693,,192725808,1747.21,True
137232,Santa Clarita,CA,2012,182371,LOS ANGELES COUNTY 0.021,True,18878000,33000,0,778000,30512318,23033119,,73234436,574.74,True
137232,Santa Clarita,CA,2017,182371,LOS ANGELES COUNTY 0.021,True,23219000,1369000,0,0,34068131,21897742,,80553873,592.5,True
137232,Santa Clarita,CA,2022,209990,LOS ANGELES COUNTY 0.024,True,32341000,853000,0,0,48663674,36831293,,118688967,671.54,True
161273,Santa Maria,CA,2012,105093,SANTA BARBARA COUNTY 0.235,True,20860000,13481000,0,0,17657573,16611348,,68609920,934.39,True
161273,Santa Maria,CA,2017,105093,SANTA BARBARA COUNTY 0.239,True,29367000,18377000,0,1174000,19519246,13515876,,81953122,1046.04,True
161273,Santa Maria,CA,2022,105851,SANTA BARBARA COUNTY 0.248,True,38292000,19117000,0,0,31088001,18399401,,106896402,1199.85,True
161287,Santa Rosa,CA,2012,174972,SONOMA COUNTY 0.361,True,43434000,28612000,0,1994000,35782333,23252282,,133074614,1088.53,True
161287,Santa Rosa,CA,2017,174972,SONOMA COUNTY 0.361,True,51946000,37671000,0,2266000,40926493,18543451,,151352944,1160.32,True
161287,Santa Rosa,CA,2022,174613,SONOMA COUNTY 0.364,True,72343000,50895000,0,0,39653012,18024262,,180915274,1231.0,True
161302,Simi Valley,CA,2012,126788,VENTURA COUNTY 0.150,True,28575000,0,0,584000,22296991,15713732,,67169724,758.25,True
161302,Simi Valley,CA,2017,126788,VENTURA COUNTY 0.149,True,32508000,0,0,0,22622483,14029531,,69160014,731.7,True
161302,Simi Valley,CA,2022,125168,VENTURA COUNTY 0.150,True,37514000,0,0,1173000,28574228,14974480,,82235708,780.59,True
211214,Stockton,CA,2012,305658,SAN JOAQUIN COUNTY 0.425,True,94492000,46401000,0,736000,40945150,34164338,,216738488,1014.88,True
211214,Stockton,CA,2017,305658,SAN JOAQUIN COUNTY 0.417,True,123394000,44805000,0,0,41040656,28431249,,237670905,1043.03,True
211214,Stockton,CA,2022,312716,SAN JOAQUIN COUNTY 0.404,True,142585000,58950000,0,0,50021975,36749570,,288306545,1095.37,True
161281,Sunnyvale,CA,2012,151754,SANTA CLARA COUNTY 0.080,True,30954000,27103000,0,0,23140252,19097881,,100295134,945.92,True
161281,Sunnyvale,CA,2017,151754,SANTA CLARA COUNTY 0.079,True,56163000,33980000,0,1437000,34551622,19756606,,145888228,1289.54,True
161281,Sunnyvale,CA,2022,151746,SANTA CLARA COUNTY 0.081,True,72016000,32994000,0,2052000,37105645,23412949,,167580594,1312.09,True
137234,Temecula,CA,2012,112011,RIVERSIDE COUNTY 0.046,True,0,0,0,0,11170089,10592667,,21762756,278.08,False
137234,Temecula,CA,2017,112011,RIVERSIDE COUNTY 0.047,True,26533000,5437000,0,0,17034254,11358230,,60362485,722.87,True
137234,Temecula,CA,2022,113878,RIVERSIDE COUNTY 0.045,True,36762000,9226000,0,526000,17379256,11762408,,75655664,789.33,True
201369,Thousand Oaks,CA,2012,129339,VENTURA COUNTY 0.153,True,33000,0,0,1422000,22721131,16012644,,40188775,444.72,True
201369,Thousand Oaks,CA,2017,129339,VENTURA COUNTY 0.151,True,28545000,3206000,0,0,23003151,14265605,,69019756,715.81,True
201369,Thousand Oaks,CA,2022,126310,VENTURA COUNTY 0.149,True,29901000,0,0,1890000,28488576,14929594,,75209169,707.44,True
207583,Torrance,CA,2012,148475,LOS ANGELES COUNTY 0.015,True,65900000,26034000,0,2013000,21182882,15990520,,131120402,1263.95,True
207583,Torrance,CA,2017,148475,LOS ANGELES COUNTY 0.014,True,77375000,29023000,0,0,23236762,14935737,,144570499,1306.12,True
207583,Torrance,CA,2022,141553,LOS ANGELES COUNTY 0.014,True,85704000,33096000,0,2544000,29911030,22638281,,173893311,1459.56,True
161286,Vacaville,CA,2012,96803,SOLANO COUNTY 0.223,True,26449000,10126000,0,0,6774646,13231717,,56581364,836.56,True
161286,Vacaville,CA,2017,96803,SOLANO COUNTY 0.225,True,34656000,13376000,0,0,11364007,14679940,,74075947,1026.46,True
161286,Vacaville,CA,2022,101332,SOLANO COUNTY 0.227,True,55762000,19510000,0,0,392205,2781748,,78445953,919.78,True
207608,Vallejo,CA,2012,121253,SOLANO COUNTY 0.280,True,33618000,20607000,0,575000,8506210,16613674,,79919884,943.36,True
207608,Vallejo,CA,2017,121253,SOLANO COUNTY 0.274,True,41241000,23278000,0,0,13867411,17913819,,96300230,1065.34,True
207608,Vallejo,CA,2022,120747,SOLANO COUNTY 0.276,True,48392000,30945000,0,1372000,476199,3377483,,84562681,832.07,True
161252,Victorville,CA,2012,122225,SAN BERNARDINO COUNTY 0.058,True,17769000,0,0,846000,13383719,12994263,,44992982,526.86,True
161252,Victorville,CA,2017,122225,SAN BERNARDINO COUNTY 0.057,True,22925000,13468000,0,0,17650317,7792800,,61836117,678.64,True
161252,Victorville,CA,2022,124982,SAN BERNARDINO COUNTY 0.063,True,32487000,20133000,0,0,28153821,12474562,,93248383,886.44,True
123165,Visalia,CA,2012,130104,TULARE COUNTY 0.281,True,28306000,11772000,0,0,18117579,14692444,,72888023,801.83,True
123165,Visalia,CA,2017,130104,TULARE COUNTY 0.286,True,33210000,15818000,0,0,21130454,16224194,,86382648,890.62,True
123165,Visalia,CA,2022,135007,TULARE COUNTY 0.301,True,46202000,20679000,0,261000,28875975,17598590,,113616564,999.87,True
211981,Vista,CA,2012,100890,SAN DIEGO COUNTY 0.030,True,0,13558000,0,1216000,9169854,9242662,,33186516,470.79,False
211981,Vista,CA,2017,100890,SAN DIEGO COUNTY 0.030,True,23765000,15056000,0,0,12135437,10476789,,61433226,816.79,True
211981,Vista,CA,2022,100636,SAN DIEGO COUNTY 0.030,True,28706000,19275000,0,27868000,18487540,11603399,,105939939,1250.73,True
100689,West Covina,CA,2012,108484,LOS ANGELES COUNTY 0.011,True,29082000,16366000,0,793000,15509038,11707452,,73457490,969.14,True
100689,West Covina,CA,2017,108484,LOS ANGELES COUNTY 0.011,True,34537000,19845000,0,0,17046020,10956555,,82384575,1018.67,True
100689,West Covina,CA,2022,103656,LOS ANGELES COUNTY 0.011,True,30041000,20639000,0,0,22446770,16988926,,90115696,1032.91,True
161374,Arvada,CO,2012,115368,ADAMS COUNTY 0.006; JEFFERSON COUNTY 0.196,True,23555000,0,0,2172000,1488558,4218770,,31434328,389.97,True
161374,Arvada,CO,2017,115368,ADAMS COUNTY 0.006; JEFFERSON COUNTY 0.201,True,0,0,0,0,9982718,4925346,,14908064,173.34,False
161374,Arvada,CO,2022,121936,ADAMS COUNTY 0.005; JEFFERSON COUNTY 0.206,True,36037000,0,0,3670000,10722053,5718498,,56147552,547.09,True
194644,Aurora,CO,2012,359407,ADAMS COUNTY 0.091; ARAPAHOE COUNTY 0.498; DOUGLAS COUNTY 0.001,True,86225000,37560000,0,7860000,18362575,7671981,,157679556,627.92,True
194644,Aurora,CO,2017,359407,ADAMS COUNTY 0.092; ARAPAHOE COUNTY 0.497; DOUGLAS COUNTY 0.003,True,105907000,46980000,0,10535000,21260732,10825775,,195508507,729.68,True
194644,Aurora,CO,2022,387377,ADAMS COUNTY 0.098; ARAPAHOE COUNTY 0.515; DOUGLAS COUNTY 0.010,True,127300000,67644000,0,13325000,30852466,12921465,,252042932,773.03,True
161337,Boulder,CO,2012,107349,BOULDER COUNTY 0.332,True,45367000,16295000,0,3961000,577260,4320150,,70520410,940.22,True
161337,Boulder,CO,2017,107349,BOULDER COUNTY 0.330,True,39895000,26540000,0,4468000,500805,2417202,,73821007,922.44,True
161337,Boulder,CO,2022,107645,BOULDER COUNTY 0.323,True,38527000,23418000,0,5414000,0,0,,67359000,743.46,True
212209,Centennial,CO,2012,109741,ARAPAHOE COUNTY 0.175,True,0,0,0,1551000,5323428,2136187,,9010615,117.52,False
212209,Centennial,CO,2017,109741,ARAPAHOE COUNTY 0.171,True,21571000,0,0,2974000,5985820,3000018,,33530839,409.86,True
212209,Centennial,CO,2022,110156,ARAPAHOE COUNTY 0.163,True,21855000,0,0,429000,8055227,3157244,,33496471,361.28,False
161362,Colorado Springs,CO,2012,456568,EL PASO COUNTY 0.670,True,88661000,40725000,0,5881000,3780461,10705610,,149753071,469.44,True
161362,Colorado Springs,CO,2017,456568,EL PASO COUNTY 0.664,True,92069000,49268000,0,8215000,0,15447340,,164999340,484.77,True
161362,Colorado Springs,CO,2022,482131,EL PASO COUNTY 0.657,True,128771000,64140000,0,11491000,0,17819150,,222221150,547.62,True
194647,Denver And County,CO,2012,682545,,False,225208000,112010000,138032000,60039000,0,0,,535289000,1122.46,True
194647,Denver And County,CO,2017,682545,,False,236678000,127075000,132781000,76278000,0,0,,572812000,1125.73,True
194647,Denver And County,CO,2022,735538,,False,262038000,124557000,160229000,100585000,0,0,,647409000,1045.76,True
101409,Fort Collins,CO,2012,161175,LARIMER COUNTY 0.481,True,31780000,0,0,0,14453854,2991199,,49225053,437.12,True
101409,Fort Collins,CO,2017,161175,LARIMER COUNTY 0.481,True,43503000,3143000,0,0,17498319,3414412,,67558731,562.26,True
101409,Fort Collins,CO,2022,168234,LARIMER COUNTY 0.463,True,47737000,30988000,0,0,22095426,4428989,,105249415,743.3,True
207635,Greeley,CO,2012,100883,WELD COUNTY 0.362,True,26992000,11328000,0,1549000,8276983,1908820,,50054803,710.14,True
207635,Greeley,CO,2017,100883,WELD COUNTY 0.349,True,22289000,14785000,0,2278000,9546440,2200635,,51099074,679.44,True
207635,Greeley,CO,2022,108958,WELD COUNTY 0.311,True,31640000,20412000,0,0,1088144,2778737,,55918881,609.76,True
161376,Lakewood,CO,2012,152597,JEFFERSON COUNTY 0.266,True,40299000,0,543000,3459000,1710644,5567375,,51579019,483.77,True
161376,Lakewood,CO,2017,152597,JEFFERSON COUNTY 0.269,True,59306000,0,792000,5052000,13009326,6401787,,84561113,743.33,True
161376,Lakewood,CO,2022,157429,JEFFERSON COUNTY 0.271,True,56279000,0,0,5543000,13728882,7318602,,82869484,625.41,True
194651,Longmont,CO,2012,92088,BOULDER COUNTY 0.291; WELD COUNTY 0.001,True,22211000,9739000,239000,1303000,523734,3792085,,37807820,587.61,True
194651,Longmont,CO,2017,92088,BOULDER COUNTY 0.293; WELD COUNTY 0.001,True,18572000,14856000,405000,555000,463029,2148579,,36999608,538.95,True
194651,Longmont,CO,2022,98445,BOULDER COUNTY 0.298; WELD COUNTY 0.004,True,40174000,13865000,0,2339000,12819,32736,,56423555,680.96,True
194654,Pueblo,CO,2012,109412,PUEBLO COUNTY 0.669,True,26367000,14878000,0,0,9815349,3047988,,54108337,707.8,True
194654,Pueblo,CO,2017,109412,PUEBLO COUNTY 0.668,True,33693000,19210000,0,0,12512947,3439641,,68855588,844.17,True
194654,Pueblo,CO,2022,112751,PUEBLO COUNTY 0.657,True,34361000,20721000,0,0,12103664,3147873,,70333537,741.14,True
161328,Thornton,CO,2012,133451,ADAMS COUNTY 0.270,True,25600000,11804000,0,2361000,9432424,4677869,,53875293,577.81,True
161328,Thornton,CO,2017,133451,ADAMS COUNTY 0.272,True,34178000,16462000,0,2995000,11351684,6134445,,71121130,714.88,True
161328,Thornton,CO,2022,148113,ADAMS COUNTY 0.272,True,50139000,29981000,0,4508000,14512993,7878412,,107019405,858.47,True
211654,Westminster,CO,2012,113130,ADAMS COUNTY 0.143; JEFFERSON COUNTY 0.079,True,20247000,12351000,0,2605000,5509788,4132334,,44845122,567.35,True
211654,Westminster,CO,2017,113130,ADAMS COUNTY 0.137; JEFFERSON COUNTY 0.076,True,23087000,15169000,0,1892000,9417074,4910813,,54475886,645.92,True
211654,Westminster,CO,2022,115046,ADAMS COUNTY 0.132; JEFFERSON COUNTY 0.078,True,29151000,21994000,0,3643000,11035168,5951811,,71774979,741.24,True
124038,Bridgeport,CT,2012,147629,,False,92163000,53913000,0,5346000,0,0,,151422000,1468.02,True
124038,Bridgeport,CT,2017,147629,,False,110360000,64688000,0,5120000,0,0,,180168000,1637.05,True
124038,Bridgeport,CT,2022,143525,,False,107218000,76774000,0,4879000,0,0,,188871000,1563.49,True
161441,Hartford,CT,2012,124006,,False,65414000,25806000,0,1804000,0,0,,93024000,1073.66,True
161441,Hartford,CT,2017,124006,,False,55011000,16679000,0,2811000,0,0,,74501000,805.89,True
161441,Hartford,CT,2022,121535,,False,55223000,39167000,0,1957000,0,0,,96347000,941.88,True
161447,New Haven,CT,2012,130322,,False,37784000,31302000,0,1755000,0,0,,70841000,778.0,True
161447,New Haven,CT,2017,130322,,False,41376000,31813000,0,2007000,0,0,,75196000,773.98,True
161447,New Haven,CT,2022,130801,,False,43748000,36835000,0,2609000,0,0,,83192000,755.66,True
225767,Stamford,CT,2012,128874,,False,56085000,41320000,0,1968000,0,0,,99373000,1103.61,True
225767,Stamford,CT,2017,128874,,False,61880000,49857000,0,2831000,0,0,,114568000,1192.49,True
225767,Stamford,CT,2022,131397,,False,53091000,39788000,0,6040000,0,0,,98919000,894.44,True
101696,Waterbury,CT,2012,108802,,False,30149000,19427000,0,1888000,0,0,,51464000,676.99,True
101696,Waterbury,CT,2017,108802,,False,33280000,19287000,0,2354000,0,0,,54921000,677.11,True
101696,Waterbury,CT,2022,106826,,False,39720000,21768000,0,1867000,0,0,,63355000,704.63,True
124214,Washington Dc,DC,2012,672228,,False,563763000,211472000,240658000,107951000,0,0,,1123844000,2392.78,True
124214,Washington Dc,DC,2017,672228,,False,639302000,281620000,197189000,148175000,0,0,,1266286000,2526.8,True
124214,Washington Dc,DC,2022,712816,,False,672157000,379189000,280618000,278005000,0,0,,1609969000,2683.48,True
161649,Cape Coral,FL,2012,175229,LEE COUNTY 0.249,True,36233000,26775000,0,993000,13044339,6889172,,83934511,685.57,True
161649,Cape Coral,FL,2017,175229,LEE COUNTY 0.248,True,34991000,27105000,0,1199000,14405386,7363679,,85064065,651.17,True
161649,Cape Coral,FL,2022,200972,LEE COUNTY 0.264,True,47676000,39751000,0,1585000,16628573,8293318,,113933891,673.56,True
207684,Clearwater,FL,2012,113003,PINELLAS COUNTY 0.119,True,38545000,16682000,0,1970000,12638488,4862548,,74698036,946.09,True
207684,Clearwater,FL,2017,113003,PINELLAS COUNTY 0.119,True,39921000,19351000,0,1454000,14151342,5119489,,79996832,949.59,True
207684,Clearwater,FL,2022,116552,PINELLAS COUNTY 0.122,True,50637000,19729000,0,1756000,1167975,5489190,,78779164,803.06,True
161595,Coral Springs,FL,2012,129485,BROWARD COUNTY 0.070,True,50304000,16381000,0,780000,14947160,3950824,,86362983,954.6,True
161595,Coral Springs,FL,2017,129485,BROWARD COUNTY 0.069,True,49247000,22618000,0,981000,14942084,5377601,,93165685,965.14,True
161595,Coral Springs,FL,2022,133519,BROWARD COUNTY 0.069,True,55889000,27132000,0,1222000,16833109,5901840,,106977949,951.94,True
161594,Davie,FL,2012,100882,BROWARD COUNTY 0.053,True,35540000,24099000,0,375000,11300573,2986960,,74301533,1054.14,True
161594,Davie,FL,2017,100882,BROWARD COUNTY 0.054,True,42384000,18687000,0,425000,11763722,4233720,,77493442,1030.4,True
161594,Davie,FL,2022,106621,BROWARD COUNTY 0.055,True,51597000,24586000,0,539000,13464912,4720920,,94907832,1057.59,True
161585,Fort Lauderdale,FL,2012,178590,BROWARD COUNTY 0.094,True,98375000,72112000,0,3814000,20165486,5330129,,199796615,1601.2,True
161585,Fort Lauderdale,FL,2017,178590,BROWARD COUNTY 0.093,True,99445000,68441000,0,3928000,20126531,7243465,,199183996,1496.07,True
161585,Fort Lauderdale,FL,2022,184245,BROWARD COUNTY 0.094,True,128761000,96136000,0,5377000,23092865,8096567,,261463432,1686.06,True
161572,Gainesville,FL,2012,130128,ALACHUA COUNTY 0.501,True,37500000,18908000,0,1535000,16653297,6274604,,80870901,889.48,True
161572,Gainesville,FL,2017,130128,ALACHUA COUNTY 0.496,True,39979000,18619000,0,1723000,16700168,6431761,,83452929,860.25,True
161572,Gainesville,FL,2022,135004,ALACHUA COUNTY 0.511,True,39267000,20427000,0,1438000,20704478,9469886,,91306364,803.55,True
161604,Hialeah,FL,2012,237069,MIAMI-DADE COUNTY 0.089,True,47717000,36764000,0,1608000,27474479,14044374,,127607852,770.4,True
161604,Hialeah,FL,2017,237069,MIAMI-DADE COUNTY 0.087,True,52241000,46263000,0,1634000,28315404,10025400,,138478804,783.54,True
161604,Hialeah,FL,2022,232027,MIAMI-DADE COUNTY 0.082,True,71278000,57050000,0,2313000,33481302,12577785,,176700087,904.81,True
161586,Hollywood,FL,2012,149728,BROWARD COUNTY 0.080,True,69246000,46918000,0,1670000,17108257,4522044,,139464301,1333.14,True
161586,Hollywood,FL,2017,149728,BROWARD COUNTY 0.079,True,69135000,49569000,0,2232000,17160761,6176095,,144272856,1292.52,True
161586,Hollywood,FL,2022,154611,BROWARD COUNTY 0.078,True,90695000,13050000,0,3320000,19264029,6754142,,133083171,1022.68,True
101942,Jacksonville,FL,2012,868031,,False,299212000,162641000,61128000,27095000,0,0,,550076000,906.99,True
101942,Jacksonville,FL,2017,868031,,False,352863000,159560000,54374000,41298000,0,0,,608095000,939.7,True
101942,Jacksonville,FL,2022,920570,,False,501617000,213893000,328000,44868000,0,0,,760706000,981.79,True
184767,Lakeland,FL,2012,104401,POLK COUNTY 0.161,True,35296000,14693000,0,318000,9319740,3550438,,63177179,866.1,True
184767,Lakeland,FL,2017,104401,POLK COUNTY 0.157,True,38626000,17425000,0,255000,8573358,3430160,,68309518,877.67,True
184767,Lakeland,FL,2022,115283,POLK COUNTY 0.153,True,43515000,22660000,322000,608000,10532960,4094736,,81732696,842.34,True
194757,Miami,FL,2012,441003,MIAMI-DADE COUNTY 0.160,True,137044000,85757000,0,4328000,49018657,25057303,,301204960,977.54,True
194757,Miami,FL,2017,441003,MIAMI-DADE COUNTY 0.168,True,236255000,126321000,0,7181000,54712353,19371549,,443840901,1350.02,True
194757,Miami,FL,2022,471525,MIAMI-DADE COUNTY 0.168,True,281039000,189567000,0,10473000,68402125,25696350,,575177475,1449.29,True
214783,Miami Gardens,FL,2012,113187,MIAMI-DADE COUNTY 0.043,True,31268000,0,0,545000,13121271,6707317,,51641587,653.01,True
214783,Miami Gardens,FL,2017,113187,MIAMI-DADE COUNTY 0.041,True,34365000,0,0,749000,13446324,4760828,,53321153,631.91,True
214783,Miami Gardens,FL,2022,109131,MIAMI-DADE COUNTY 0.041,True,41139000,0,0,987000,16808044,6314210,,65248254,710.36,True
101927,Miramar,FL,2012,137132,BROWARD COUNTY 0.071,True,40120000,21177000,0,1394000,15184909,4013666,,81889574,854.68,True
101927,Miramar,FL,2017,137132,BROWARD COUNTY 0.072,True,55829000,16872000,0,1204000,15688729,5646316,,95240045,931.61,True
101927,Miramar,FL,2022,141150,BROWARD COUNTY 0.070,True,51545000,24627000,0,791000,17315244,6070881,,100349125,844.68,True
161665,Orlando,FL,2012,270934,ORANGE COUNTY 0.208,True,123681000,91085000,0,3542000,29446445,8516095,,256270540,1353.78,True
161665,Orlando,FL,2017,270934,ORANGE COUNTY 0.208,True,149108000,112272000,0,4814000,33025986,9756889,,308976875,1529.74,True
161665,Orlando,FL,2022,289457,ORANGE COUNTY 0.218,True,191683000,127891000,0,5562000,42121523,11236396,,378493919,1553.58,True
184735,Palm Bay,FL,2012,107888,BREVARD COUNTY 0.192,True,20523000,13152000,0,965000,7855781,4585493,,47081275,624.58,True
184735,Palm Bay,FL,2017,107888,BREVARD COUNTY 0.191,True,18228000,13272000,0,1196000,7987148,3444583,,44127731,548.65,True
184735,Palm Bay,FL,2022,116932,BREVARD COUNTY 0.205,True,21878000,16673000,0,331000,9855532,3373160,,52110692,529.48,True
161593,Pembroke Pines,FL,2012,166611,BROWARD COUNTY 0.088,True,47639000,44948000,0,848000,18907245,4997551,,117339796,1007.99,True
161593,Pembroke Pines,FL,2017,166611,BROWARD COUNTY 0.088,True,56358000,45706000,0,908000,19100495,6874198,,128946693,1038.15,True
161593,Pembroke Pines,FL,2022,174414,BROWARD COUNTY 0.087,True,70550000,54335000,0,1099000,21441509,7517587,,154943096,1055.48,True
161588,Pompano Beach,FL,2012,107762,BROWARD COUNTY 0.057,True,37385000,20794000,0,929000,12139715,3208762,,74456477,988.9,True
161588,Pompano Beach,FL,2017,107762,BROWARD COUNTY 0.057,True,41546000,24251000,0,1053000,12347566,4443844,,83641410,1041.14,True
161588,Pompano Beach,FL,2022,112360,BROWARD COUNTY 0.058,True,58607000,30925000,0,1355000,14168120,4967471,,110022590,1163.4,True
161710,Port St Lucie,FL,2012,179413,ST LUCIE COUNTY 0.593,True,35016000,0,0,477000,19948534,9188027,,64629562,515.57,True
161710,Port St Lucie,FL,2017,179413,ST LUCIE COUNTY 0.604,True,40516000,0,0,1850000,22413732,10396131,,75175863,562.06,True
161710,Port St Lucie,FL,2022,209715,ST LUCIE COUNTY 0.646,True,51399000,0,0,2373000,26414326,12090956,,92277282,522.78,True
161693,St Petersburg,FL,2012,257083,PINELLAS COUNTY 0.268,True,88625000,33397000,0,3428000,28459155,10949411,,164858566,917.81,True
161693,St Petersburg,FL,2017,257083,PINELLAS COUNTY 0.271,True,102885000,32995000,0,2724000,32177939,11640917,,182422856,951.83,True
161693,St Petersburg,FL,2022,267802,PINELLAS COUNTY 0.272,True,114999000,39577000,0,3215000,2612794,12279479,,172683273,766.12,True
161650,Tallahassee,FL,2012,189907,LEON COUNTY 0.657,True,48910000,31598000,0,2014000,21815560,9748426,,114085986,859.82,True
161650,Tallahassee,FL,2017,189907,LEON COUNTY 0.659,True,60149000,40842000,0,2173000,25142759,11151579,,139458338,985.05,True
161650,Tallahassee,FL,2022,196326,LEON COUNTY 0.679,True,68878000,48902000,0,2860000,29211488,8510434,,158361922,958.36,True
161633,Tampa,FL,2012,369075,HILLSBOROUGH COUNTY 0.272,True,151200000,74056000,0,4170000,39837354,21993525,,291256880,1129.47,True
161633,Tampa,FL,2017,369075,HILLSBOROUGH COUNTY 0.274,True,153120000,80324000,0,4898000,41985655,17077870,,297405526,1080.91,True
161633,Tampa,FL,2022,407599,HILLSBOROUGH COUNTY 0.264,True,176247000,112219000,0,5670000,43575971,18314237,,356026208,1037.78,True
161679,West Palm Beach,FL,2012,106779,PALM BEACH COUNTY 0.076,True,47876000,29051000,0,802000,10016771,5043080,,92788851,1243.72,True
161679,West Palm Beach,FL,2017,106779,PALM BEACH COUNTY 0.075,True,58322000,33840000,0,1514000,11367353,3798447,,108841800,1367.3,True
161679,West Palm Beach,FL,2022,112782,PALM BEACH COUNTY 0.080,True,63115000,49919000,0,1041000,14083084,3824488,,131982572,1390.38,True
161834,Athens-Clarke County Unified Government,GA,2012,123912,,False,27346000,12332000,15621000,10048000,0,0,,65347000,754.79,True
161834,Athens-Clarke County Unified Government,GA,2017,123912,,False,31323000,13267000,19258000,14136000,0,0,,77984000,844.2,True
161834,Athens-Clarke County Unified Government,GA,2022,127795,,False,31303000,16217000,15523000,14493000,0,0,,77536000,720.85,True
194678,Atlanta,GA,2012,463878,DEKALB COUNTY 0.050; FULTON COUNTY 0.425,True,171937000,85874000,27248000,12144000,35341715,54024800,,386569514,1192.72,True
194678,Atlanta,GA,2017,463878,DEKALB COUNTY 0.053; FULTON COUNTY 0.435,True,240724000,79639000,33439000,31863000,34260747,60150303,,480076050,1388.23,True
194678,Atlanta,GA,2022,512550,DEKALB COUNTY 0.052; FULTON COUNTY 0.427,True,213291000,98242000,13952000,37191000,43833343,79579158,,486088501,1126.77,True
194679,Augusta-Richmond County Consolidated Government,GA,2012,197182,,False,39468000,24792000,26001000,16797000,0,0,,107058000,777.08,True
194679,Augusta-Richmond County Consolidated Government,GA,2017,197182,,False,43018000,25761000,21605000,22651000,0,0,,113035000,768.95,True
194679,Augusta-Richmond County Consolidated Government,GA,2022,197468,,False,51117000,31234000,24058000,25235000,0,0,,131644000,792.07,True
161944,Columbus Consolidated Government,GA,2012,200579,,False,48703000,26925000,27822000,14945000,0,0,,118395000,844.82,True
161944,Columbus Consolidated Government,GA,2017,200579,,False,50575000,29245000,27482000,19902000,0,0,,127204000,850.69,True
161944,Columbus Consolidated Government,GA,2022,196442,,False,68519000,38101000,30134000,19798000,0,0,,156552000,946.85,True
102163,Macon-Bibb County,GA,2012,153515,BIBB COUNTY 1.000,True,23781000,25970000,496000,945000,13207000,15034000,,79433000,740.57,True
102163,Macon-Bibb County,GA,2017,153515,,False,26829000,28101000,645000,1197000,0,0,,56772000,496.06,True
102163,Macon-Bibb County,GA,2022,152737,,False,37786000,33254000,18525000,27177000,0,0,,116742000,908.11,True
216510,Sandy Springs,GA,2012,105330,FULTON COUNTY 0.102,True,17291000,10134000,432000,2226000,7825043,12209713,,50117756,681.01,True
216510,Sandy Springs,GA,2017,105330,FULTON COUNTY 0.103,True,19610000,11134000,0,5039000,7363112,12037839,,55183951,702.77,True
216510,Sandy Springs,GA,2022,109928,FULTON COUNTY 0.100,True,31489000,14166000,0,1926000,10284995,16826126,,74692121,807.28,True
124438,Savannah,GA,2012,145674,CHATHAM COUNTY 0.515,True,62497000,24572000,0,2149000,45688697,16997976,,151904673,1492.46,True
124438,Savannah,GA,2017,145674,CHATHAM COUNTY 0.504,True,68079000,32114000,0,5346000,24494108,21127063,,151160171,1391.91,True
124438,Savannah,GA,2022,143632,CHATHAM COUNTY 0.492,True,61825000,34378000,0,5681000,23577954,21754391,,147216345,1217.76,True
247337,South Fulton,GA,2022,102567,FULTON COUNTY 0.103,True,25180000,0,0,2402000,10606854,17352683,,55541536,643.38,True
183701,Honolulu And County,HI,2012,998714,,False,242433000,105377000,0,23540000,0,0,,371350000,532.18,True
183701,Honolulu And County,HI,2017,998714,,False,287476000,129103000,0,29291000,0,0,,445870000,598.86,True
183701,Honolulu And County,HI,2022,963826,,False,302960000,144323000,0,31249000,0,0,,478532000,589.89,True
164470,Cedar Rapids,IA,2012,130405,LINN COUNTY 0.596,True,32957000,18206000,0,782000,5928286,3846261,,61719547,677.4,True
164470,Cedar Rapids,IA,2017,130405,LINN COUNTY 0.591,True,45215000,20748000,0,876000,6061649,3583226,,76483875,786.74,True
164470,Cedar Rapids,IA,2022,134027,LINN COUNTY 0.598,True,51879000,23467000,0,957000,7775385,5644880,,89723265,795.37,True
208060,Davenport,IA,2012,102582,SCOTT COUNTY 0.601,True,23216000,16338000,0,0,6425760,2625469,,48605229,678.15,True
208060,Davenport,IA,2017,102582,SCOTT COUNTY 0.593,True,25100000,18360000,0,0,5734054,4495878,,53689932,702.06,True
208060,Davenport,IA,2022,101799,SCOTT COUNTY 0.577,True,29253000,21036000,0,0,7255758,4986926,,62531683,729.82,True
208056,Des Moines,IA,2012,210330,POLK COUNTY 0.472; WARREN COUNTY 0.005,True,58063000,45256000,0,2632000,14502463,7714028,,128167490,872.15,True
208056,Des Moines,IA,2017,210330,POLK COUNTY 0.450; WARREN COUNTY 0.005,True,64042000,40670000,0,1821000,14595549,12222219,,133350768,850.45,True
208056,Des Moines,IA,2022,212312,POLK COUNTY 0.420; WARREN COUNTY 0.004,True,76152000,47174000,0,1950000,17358078,11184096,,153818175,860.78,True
162035,Boise,ID,2012,218281,ADA COUNTY 0.527,True,45150000,40706000,0,6618000,3746004,15715496,,111935499,733.95,True
162035,Boise,ID,2017,218281,ADA COUNTY 0.499,True,54346000,45037000,0,5656000,20196961,19254553,,144490514,887.93,True
162035,Boise,ID,2022,229776,ADA COUNTY 0.456,True,59255000,60424000,0,7693000,16788947,21999421,,166160368,859.17,True
162037,Meridian,ID,2012,90739,ADA COUNTY 0.201,True,11290000,7985000,0,0,1426726,5985498,,26687224,420.94,True
162037,Meridian,ID,2017,90739,ADA COUNTY 0.220,True,14436000,10865000,0,765000,8919834,8503626,,43489460,642.9,True
162037,Meridian,ID,2022,121182,ADA COUNTY 0.250,True,25035000,14807000,0,0,9197766,12052306,,61092072,598.97,True
162062,Nampa,ID,2012,89839,CANYON COUNTY 0.433,True,18561000,10802000,0,1080000,6441569,4288169,,41172737,655.93,True
162062,Nampa,ID,2017,89839,CANYON COUNTY 0.432,True,19113000,12456000,0,1299000,6370631,6567674,,45806305,683.94,True
162062,Nampa,ID,2022,103215,CANYON COUNTY 0.442,True,23852000,14433000,0,1861000,8823340,8802114,,57771453,665.01,True
189929,Aurora,IL,2012,200661,DUPAGE COUNTY 0.054; KANE COUNTY 0.253; KENDALL COUNTY 0.052; WILL COUNTY 0.017,True,63051000,36399000,0,906000,6029913,8089835,,114475747,816.52,True
189929,Aurora,IL,2017,200661,DUPAGE COUNTY 0.053; KANE COUNTY 0.249; KENDALL COUNTY 0.052; WILL COUNTY 0.017,True,76957000,46543000,0,0,6317766,9304777,,139122543,930.01,True
189929,Aurora,IL,2022,196383,DUPAGE COUNTY 0.056; KANE COUNTY 0.213; KENDALL COUNTY 0.044; WILL COUNTY 0.017,True,86270000,57559000,0,0,7219375,9320038,,160368413,970.23,True
162236,Chicago,IL,2012,2720546,COOK COUNTY 0.519,True,1336451000,490251000,0,28713000,226235643,350654349,,2432304992,1279.61,True
162236,Chicago,IL,2017,2720546,COOK COUNTY 0.521,True,1456302000,585010000,0,29525000,258808878,260228837,,2589874715,1276.96,True
162236,Chicago,IL,2022,2677643,COOK COUNTY 0.523,True,1656603000,671018000,0,31151000,290315022,284003679,,2933090701,1301.46,True
102716,Elgin,IL,2012,112111,COOK COUNTY 0.005; KANE COUNTY 0.164,True,34676000,21805000,0,1031000,4968343,6634776,,69115119,882.35,True
102716,Elgin,IL,2017,112111,COOK COUNTY 0.005; KANE COUNTY 0.164,True,44381000,28189000,0,0,5611539,6375103,,84556642,1011.71,True
102716,Elgin,IL,2022,110196,COOK COUNTY 0.005; KANE COUNTY 0.174,True,51280000,31738000,0,0,5439528,6865203,,95322731,1027.75,True
162690,Joliet,IL,2012,147861,KENDALL COUNTY 0.085; WILL COUNTY 0.202,True,35708000,23604000,0,0,7455139,9359134,,76126273,736.88,True
162690,Joliet,IL,2017,147861,KENDALL COUNTY 0.083; WILL COUNTY 0.199,True,42496000,26369000,0,0,7646582,10225784,,86737365,786.88,True
162690,Joliet,IL,2022,146673,KENDALL COUNTY 0.104; WILL COUNTY 0.195,True,47701000,29539000,0,0,7964387,11342513,,96546901,782.07,True
162299,Naperville,IL,2012,147100,DUPAGE COUNTY 0.104; WILL COUNTY 0.070,True,34562000,27611000,0,1354000,3810707,6467821,,73805528,718.11,True
162299,Naperville,IL,2017,147100,DUPAGE COUNTY 0.106; WILL COUNTY 0.070,True,37847000,26116000,0,0,3710480,7616945,,75290425,686.57,True
162299,Naperville,IL,2022,147986,DUPAGE COUNTY 0.107; WILL COUNTY 0.074,True,45149000,40343000,0,0,8238660,9404034,,103134695,828.02,True
193205,Peoria,IL,2012,115070,PEORIA COUNTY 0.618,True,35802000,29734000,0,0,5797411,7332383,,78665795,978.45,True
193205,Peoria,IL,2017,115070,PEORIA COUNTY 0.617,True,39593000,31045000,0,0,6647562,7132525,,84418087,984.08,True
193205,Peoria,IL,2022,109428,PEORIA COUNTY 0.622,True,44248000,35445000,0,0,7192725,7683647,,94569372,1026.79,True
102882,Rockford,IL,2012,148276,OGLE COUNTY 0.000; WINNEBAGO COUNTY 0.518,True,44711000,39508000,0,1590000,11221335,7501803,,104532138,1009.0,True
102882,Rockford,IL,2017,148276,OGLE COUNTY 0.000; WINNEBAGO COUNTY 0.516,True,51096000,45811000,0,0,3764051,6581581,,107252632,970.27,True
102882,Rockford,IL,2022,144835,OGLE COUNTY 0.000; WINNEBAGO COUNTY 0.521,True,64440000,57346000,0,0,8721450,12240737,,142748187,1170.99,True
162629,Springfield,IL,2012,116565,SANGAMON COUNTY 0.591,True,36900000,32301000,0,1317000,1388613,6735482,,78642094,965.61,True
162629,Springfield,IL,2017,116565,SANGAMON COUNTY 0.587,True,45460000,37587000,0,0,0,6348630,,89395630,1028.73,True
162629,Springfield,IL,2022,113671,SANGAMON COUNTY 0.583,True,0,0,0,0,0,6936602,,6936602,72.5,False
126027,Carmel,IN,2012,88713,HAMILTON COUNTY 0.306,True,15059000,17382000,0,645000,2800212,2266518,,38152731,615.53,True
126027,Carmel,IN,2017,88713,HAMILTON COUNTY 0.302,True,19984000,22146000,0,887000,2361912,2014155,,47393067,716.61,True
126027,Carmel,IN,2022,101643,HAMILTON COUNTY 0.279,True,26980000,30980000,2000,714000,2187201,3290024,,64153224,749.89,True
163681,Evansville,IN,2012,119943,VANDERBURGH COUNTY 0.664,True,26233000,19654000,0,0,5083936,9354096,,60325032,719.84,True
163681,Evansville,IN,2017,119943,VANDERBURGH COUNTY 0.654,True,34969000,28628000,0,0,5387064,9595749,,78579813,878.8,True
163681,Evansville,IN,2022,118407,VANDERBURGH COUNTY 0.644,True,36068000,32345000,0,0,4442623,11313940,,84169563,844.57,True
103799,Fishers,IN,2012,88658,HAMILTON COUNTY 0.284,True,7032000,8212000,0,0,2604913,2108441,,19957354,322.18,True
103799,Fishers,IN,2017,88658,HAMILTON COUNTY 0.284,True,13532000,15567000,0,126000,2221410,1894340,,33340750,504.44,True
103799,Fishers,IN,2022,97020,HAMILTON COUNTY 0.280,True,18296000,20786000,0,97000,2187948,3291149,,44658097,546.89,True
163465,Fort Wayne,IN,2012,260326,ALLEN COUNTY 0.714,True,49821000,35007000,0,0,14759116,11383259,,110970375,610.1,True
163465,Fort Wayne,IN,2017,260326,ALLEN COUNTY 0.713,True,62498000,34639000,0,533000,20283141,13063005,,131016146,675.09,True
163465,Fort Wayne,IN,2022,272398,ALLEN COUNTY 0.684,True,81827000,56156000,0,708000,26176216,13142524,,178009740,776.42,True
207957,Indianapolis,IN,2012,853173,,False,208579000,115214000,91961000,63567000,0,0,,479321000,804.09,True
207957,Indianapolis,IN,2017,853173,,False,220425000,141052000,129490000,103855000,0,0,,594822000,935.2,True
207957,Indianapolis,IN,2022,877903,,False,240723000,156067000,146400000,118980000,0,0,,662170000,896.15,True
126081,South Bend,IN,2012,101516,ST JOSEPH COUNTY 0.379,True,23837000,19716000,0,826000,3713967,4871311,,52964278,746.73,True
126081,South Bend,IN,2017,101516,ST JOSEPH COUNTY 0.378,True,31970000,23748000,0,0,5932213,4271133,,65921347,871.06,True
126081,South Bend,IN,2022,101868,ST JOSEPH COUNTY 0.379,True,53059000,32615000,0,0,9057301,4236033,,98967334,1154.28,True
204523,Olathe,KS,2012,134305,JOHNSON COUNTY 0.232,True,19355000,15046000,0,2409000,5695644,5134606,,47640250,507.69,True
204523,Olathe,KS,2017,134305,JOHNSON COUNTY 0.233,True,24661000,17610000,0,1558000,6382706,4767667,,54979373,549.11,True
204523,Olathe,KS,2022,141665,JOHNSON COUNTY 0.234,True,29462000,25493000,0,5503000,0,8647,,60466647,507.12,True
208111,Overland Park,KS,2012,186515,JOHNSON COUNTY 0.319,True,30146000,18700000,0,5028000,7830804,7059446,,68764250,527.67,True
208111,Overland Park,KS,2017,186515,JOHNSON COUNTY 0.324,True,33778000,21315000,0,5561000,8879659,6632807,,76166467,547.78,True
208111,Overland Park,KS,2022,197381,JOHNSON COUNTY 0.324,True,40336000,25226000,0,4585000,0,11970,,70158970,422.31,True
164885,Topeka,KS,2012,127265,SHAWNEE COUNTY 0.716,True,31315000,22410000,0,3018000,13586408,4694371,,75023779,843.73,True
164885,Topeka,KS,2017,127265,SHAWNEE COUNTY 0.711,True,37329000,26214000,728000,3351000,15072815,4337884,,87032699,917.34,True
164885,Topeka,KS,2022,124558,SHAWNEE COUNTY 0.707,True,38712000,27651000,0,1687000,13703604,13377058,,95130662,907.42,True
201810,Wichita,KS,2012,389965,SEDGWICK COUNTY 0.765,True,74670000,39320000,0,8204000,43984403,17015557,,183193960,672.36,True
201810,Wichita,KS,2017,389965,SEDGWICK COUNTY 0.761,True,82873000,44161000,0,9229000,44921980,14838368,,196023348,674.28,True
201810,Wichita,KS,2022,391731,SEDGWICK COUNTY 0.754,True,98942000,51902000,0,10005000,37344965,14975383,,213169348,646.54,True
164911,Wyandotte County And Kansas Unified Government,KS,2012,151306,,False,48434000,34314000,20437000,9039000,0,0,,112224000,1061.56,True
164911,Wyandotte County And Kansas Unified Government,KS,2017,151306,,False,51537000,54326000,29713000,14265000,0,0,,149841000,1328.4,True
164911,Wyandotte County And Kansas Unified Government,KS,2022,152727,,False,63285000,68346000,36524000,13254000,0,0,,181409000,1411.24,True
165831,Lexington-Fayette Urban County Government,KY,2012,314488,,False,47606000,45031000,24330000,3113000,0,0,,120080000,546.49,True
165831,Lexington-Fayette Urban County Government,KY,2017,314488,,False,60094000,70351000,32505000,10462000,0,0,,173412000,739.66,True
165831,Lexington-Fayette Urban County Government,KY,2022,324735,,False,74047000,74037000,31807000,2405000,0,0,,182296000,666.97,True
165866,Louisville-Jefferson County Metro Government,KY,2012,763623,,False,101114000,104685000,49700000,7214000,0,0,,262713000,492.4,True
165866,Louisville-Jefferson County Metro Government,KY,2017,763623,,False,184257000,61045000,68189000,9703000,0,0,,323194000,567.73,True
165866,Louisville-Jefferson County Metro Government,KY,2022,767452,,False,207627000,77704000,51338000,11458000,0,0,,348127000,538.94,True
166054,Baton Rouge-East Baton Rouge-Parish,LA,2012,228590,,False,125797000,73693000,39739000,78849000,0,0,,318078000,1991.55,True
166054,Baton Rouge-East Baton Rouge-Parish,LA,2017,228590,,False,155471000,89638000,60293000,47660000,0,0,,353062000,2071.8,True
166054,Baton Rouge-East Baton Rouge-Parish,LA,2022,219052,,False,147463000,73799000,42176000,66211000,0,0,,329649000,1787.98,True
166076,Lafayette-Parish,LA,2012,127657,,False,56499000,18398000,23505000,24997000,0,0,,123399000,1383.51,True
166076,Lafayette-Parish,LA,2017,127657,,False,95013000,22867000,8245000,17845000,0,0,,143970000,1512.8,True
166076,Lafayette-Parish,LA,2022,126535,,False,110134000,30006000,7126000,19844000,0,0,,167110000,1569.1,True
166094,New Orleans,LA,2012,389617,,False,143572000,89338000,131747000,46718000,0,0,,411375000,1511.17,True
166094,New Orleans,LA,2017,389617,,False,86070000,105342000,76688000,21691000,0,0,,289791000,997.7,True
166094,New Orleans,LA,2022,389476,,False,175149000,117130000,0,104918000,0,0,,397197000,1211.67,True
127810,Shreveport,LA,2012,197204,BOSSIER PARISH 0.022; CADDO PARISH 0.776,True,57303000,49907000,0,5968000,41670217,5731898,,160580115,1165.44,True
127810,Shreveport,LA,2017,197204,BOSSIER PARISH 0.021; CADDO PARISH 0.770,True,60775000,56910000,0,8559000,49107022,6836824,,182187846,1239.25,True
127810,Shreveport,LA,2022,184786,BOSSIER PARISH 0.022; CADDO PARISH 0.774,True,62409000,58064000,0,1104000,37368949,20687342,,179633291,1154.98,True
128108,Boston,MA,2012,667137,,False,315766000,186331000,0,5561000,0,0,,507658000,1089.11,True
128108,Boston,MA,2017,667137,,False,375505000,219945000,0,5253000,0,0,,600703000,1207.81,True
128108,Boston,MA,2022,691531,,False,441749000,289514000,0,8227000,0,0,,739490000,1270.51,True
166455,Brockton,MA,2012,95314,PLYMOUTH COUNTY 0.188,True,17379000,19345000,0,791000,0,15816,,37530816,563.57,True
166455,Brockton,MA,2017,95314,PLYMOUTH COUNTY 0.186,True,22912000,22555000,0,1049000,0,0,,46516000,654.64,True
166455,Brockton,MA,2022,95770,PLYMOUTH COUNTY 0.197,True,29500000,31150000,0,1626000,0,0,,62276000,772.59,True
166448,Cambridge,MA,2012,110402,,False,30590000,23950000,0,1247000,0,0,,55787000,723.22,True
166448,Cambridge,MA,2017,110402,,False,38482000,29050000,0,1562000,0,0,,69094000,839.5,True
166448,Cambridge,MA,2022,119192,,False,47941000,34341000,0,2269000,0,0,,84551000,842.81,True
166449,Lowell,MA,2012,110699,,False,21623000,15421000,0,1619000,0,0,,38663000,499.88,True
166449,Lowell,MA,2017,110699,,False,26277000,17460000,0,1943000,0,0,,45680000,553.53,True
166449,Lowell,MA,2022,110904,,False,29834000,22618000,0,2124000,0,0,,54576000,584.67,True
106055,Lynn,MA,2012,92457,,False,16832000,16050000,0,693000,0,0,,33575000,519.75,True
106055,Lynn,MA,2017,92457,,False,20481000,18960000,0,865000,0,0,,40306000,584.77,True
106055,Lynn,MA,2022,94539,,False,22099000,22032000,0,697000,0,0,,44828000,563.37,True
166441,New Bedford,MA,2012,94958,BRISTOL COUNTY 0.172,True,21096000,11730000,0,748000,0,97563,,33671563,507.51,True
166441,New Bedford,MA,2017,94958,BRISTOL COUNTY 0.170,True,24473000,17001000,0,852000,0,54412,,42380412,598.67,True
166441,New Bedford,MA,2022,95517,BRISTOL COUNTY 0.173,True,27676000,21649000,0,925000,0,0,,50250000,625.05,True
166454,Quincy,MA,2012,93618,NORFOLK COUNTY 0.136,True,21948000,18237000,0,430000,0,19333,,40634333,621.22,True
166454,Quincy,MA,2017,93618,NORFOLK COUNTY 0.135,True,26866000,23281000,0,558000,0,0,,50705000,726.52,True
166454,Quincy,MA,2022,94421,NORFOLK COUNTY 0.140,True,32573000,29069000,0,748000,0,0,,62390000,785.06,True
106061,Springfield,MA,2012,154341,,False,38303000,18874000,0,1373000,0,0,,58550000,542.95,True
106061,Springfield,MA,2017,154341,,False,44208000,20476000,0,1710000,0,0,,66394000,577.04,True
106061,Springfield,MA,2022,152646,,False,49953000,24108000,0,2297000,0,0,,76358000,594.33,True
106079,Worcester,MA,2012,184815,,False,41157000,32170000,0,842000,0,0,,74169000,574.38,True
106079,Worcester,MA,2017,184815,,False,47715000,39110000,0,1019000,0,0,,87844000,637.57,True
106079,Worcester,MA,2022,184570,,False,58488000,45733000,0,1333000,0,0,,105554000,679.47,True
208246,Baltimore,MD,2012,621849,,False,371545000,153863000,0,49102000,0,0,,574510000,1322.29,True
208246,Baltimore,MD,2017,621849,,False,496768000,222512000,0,51678000,0,0,,770958000,1663.03,True
208246,Baltimore,MD,2022,586131,,False,464261000,351425000,0,173790000,0,0,,989476000,2005.71,True
190480,Ann Arbor,MI,2012,117070,WASHTENAW COUNTY 0.329,True,25899000,13590000,0,3701000,2149568,7850999,,53190567,650.28,True
190480,Ann Arbor,MI,2017,117070,WASHTENAW COUNTY 0.329,True,27267000,16415000,0,6587000,2312869,8170644,,60752514,696.1,True
190480,Ann Arbor,MI,2022,119280,WASHTENAW COUNTY 0.330,True,32450000,17886000,0,7688000,3162148,9444914,,70631062,703.54,True
194789,Dearborn,MI,2012,95171,WAYNE COUNTY 0.054,True,33243000,19020000,0,3423000,14831065,15451897,,85968962,1292.86,True
194789,Dearborn,MI,2017,95171,WAYNE COUNTY 0.054,True,37376000,24114000,0,6220000,11639453,17467992,,96817445,1364.6,True
194789,Dearborn,MI,2022,93367,WAYNE COUNTY 0.061,True,46796000,31966000,0,6416000,9955052,18459902,,113592954,1445.49,True
166817,Detroit,MI,2012,677116,WAYNE COUNTY 0.390,True,371551000,153484000,0,45365000,107191105,111678145,,789269250,1668.31,True
166817,Detroit,MI,2017,677116,WAYNE COUNTY 0.384,True,271710000,103570000,0,17813000,82911010,124429286,,600433296,1189.48,True
166817,Detroit,MI,2022,665369,WAYNE COUNTY 0.360,True,332420000,137094000,0,42219000,59190722,109758840,,680682562,1215.46,True
185901,Grand Rapids,MI,2012,195097,KENT COUNTY 0.310,True,48023000,29152000,0,13136000,10385183,13694349,,114390532,839.18,True
185901,Grand Rapids,MI,2017,195097,KENT COUNTY 0.307,True,51814000,28775000,0,19654000,11464222,11473116,,123180338,846.93,True
185901,Grand Rapids,MI,2022,200031,KENT COUNTY 0.299,True,57077000,37914000,0,15784000,12065571,16262421,,139102992,826.22,True
166690,Lansing,MI,2012,115056,EATON COUNTY 0.044; INGHAM COUNTY 0.388,True,30627000,28069000,0,5950000,5144207,7622970,,77413177,962.99,True
166690,Lansing,MI,2017,115056,EATON COUNTY 0.044; INGHAM COUNTY 0.387,True,38837000,33303000,0,7803000,791820,6479000,,87213820,1016.79,True
166690,Lansing,MI,2022,117540,CLINTON COUNTY 0.000; EATON COUNTY 0.046; INGHAM COUNTY 0.378,True,50872000,39563000,0,8633000,11616892,6557258,,117242150,1185.1,True
166734,Sterling Heights,MI,2012,132052,MACOMB COUNTY 0.154,True,30036000,19730000,0,3253000,4681521,6266838,,63967359,693.31,True
166734,Sterling Heights,MI,2017,132052,MACOMB COUNTY 0.152,True,30775000,19460000,0,4078000,4835428,6613616,,65762044,668.01,True
166734,Sterling Heights,MI,2022,131709,MACOMB COUNTY 0.151,True,37864000,25390000,0,4836000,7143924,9234939,,84468862,761.97,True
128309,Warren,MI,2012,135358,MACOMB COUNTY 0.158,True,34857000,19748000,0,6309000,4821889,6454740,,72190629,763.33,True
128309,Warren,MI,2017,135358,MACOMB COUNTY 0.155,True,42727000,25260000,0,7515000,4923586,6734193,,87159779,863.75,True
128309,Warren,MI,2022,132877,MACOMB COUNTY 0.157,True,48852000,28563000,0,8461000,7400148,9566159,,102842307,919.56,True
193551,Minneapolis,MN,2012,410939,HENNEPIN COUNTY 0.332,True,146078000,52617000,0,7540000,31719615,22505056,,260459670,907.15,True
193551,Minneapolis,MN,2017,410939,HENNEPIN COUNTY 0.337,True,160137000,62357000,0,9396000,35563416,22946261,,290399677,947.92,True
193551,Minneapolis,MN,2022,433111,HENNEPIN COUNTY 0.336,True,169457000,73450000,0,16491000,36845092,24810678,,321053770,880.72,True
167574,Rochester,MN,2012,112225,OLMSTED COUNTY 0.741,True,20585000,14006000,0,1375000,13841089,4268206,,54075295,689.64,True
167574,Rochester,MN,2017,112225,OLMSTED COUNTY 0.747,True,28341000,15609000,0,1966000,18940246,5232958,,70089204,837.75,True
167574,Rochester,MN,2022,119862,OLMSTED COUNTY 0.743,True,38536000,20312000,0,1506000,25696059,7060843,,93110902,922.95,True
167605,St Paul,MN,2012,300851,RAMSEY COUNTY 0.559,True,88526000,55554000,0,6585000,34392250,30898068,,215955318,1027.37,True
167605,St Paul,MN,2017,300851,RAMSEY COUNTY 0.560,True,102829000,63450000,0,7784000,39405240,32972748,,246440988,1098.79,True
167605,St Paul,MN,2022,306717,RAMSEY COUNTY 0.567,True,143993000,75038000,0,0,37116445,36975947,,293123392,1135.46,True
168809,Columbia,MO,2012,119108,BOONE COUNTY 0.673,True,16462000,11328000,0,2109000,3243660,3547039,,36689699,440.88,True
168809,Columbia,MO,2017,119108,BOONE COUNTY 0.683,True,17633000,13013000,0,2608000,2911960,3262215,,39428175,444.04,True
168809,Columbia,MO,2022,124769,BOONE COUNTY 0.684,True,20690000,14857000,0,2353000,4487472,3744690,,46132162,439.29,True
129515,Independence,MO,2012,117255,JACKSON COUNTY 0.173,True,29342000,17270000,0,1505000,3009943,7024356,,58151299,709.81,True
129515,Independence,MO,2017,117255,JACKSON COUNTY 0.168,True,35115000,18655000,0,1753000,2777517,6762308,,65062826,744.31,True
129515,Independence,MO,2022,116774,JACKSON COUNTY 0.169,True,41531000,22065000,0,2073000,4796998,7842543,,78308541,796.75,True
186236,Kansas,MO,2012,475378,CASS COUNTY 0.002; CLAY COUNTY 0.511; JACKSON COUNTY 0.448; PLATTE COUNTY 0.487,True,198013000,123880000,0,13700000,11848928,21138266,,368580194,1109.7,True
186236,Kansas,MO,2017,475378,CASS COUNTY 0.002; CLAY COUNTY 0.513; JACKSON COUNTY 0.451; PLATTE COUNTY 0.483,True,224426000,154793000,0,19204000,12307818,23775321,,434506139,1226.06,True
186236,Kansas,MO,2022,497159,CASS COUNTY 0.001; CLAY COUNTY 0.545; JACKSON COUNTY 0.439; PLATTE COUNTY 0.492,True,232817000,218832000,0,17248000,16891146,24617743,,510405889,1219.77,True
168926,Lees Summit,MO,2012,95094,CASS COUNTY 0.019; JACKSON COUNTY 0.133,True,18233000,15437000,0,2203000,2320020,5595694,,43788714,659.06,True
168926,Lees Summit,MO,2017,95094,CASS COUNTY 0.020; JACKSON COUNTY 0.136,True,19912000,17597000,0,1997000,2254326,5724236,,47484562,669.81,True
168926,Lees Summit,MO,2022,101467,CASS COUNTY 0.024; JACKSON COUNTY 0.140,True,22381000,21558000,0,2811000,3988914,6524809,,57263723,670.52,True
168896,Springfield,MO,2012,166810,CHRISTIAN COUNTY 0.000; GREENE COUNTY 0.577,True,65954000,17427000,0,3539000,5167184,4309285,,96396469,827.09,True
168896,Springfield,MO,2017,166810,CHRISTIAN COUNTY 0.000; GREENE COUNTY 0.577,True,76297000,20811000,0,4223000,6874768,5520048,,113725816,914.52,True
168896,Springfield,MO,2022,168090,CHRISTIAN COUNTY 0.000; GREENE COUNTY 0.561,True,43646000,24110000,0,4106000,12968169,7904090,,92734259,655.47,True
169159,St Louis,MO,2012,315685,,False,251236000,64827000,50928000,22851000,0,0,,389842000,1767.46,True
169159,St Louis,MO,2017,315685,,False,190422000,73099000,54386000,49363000,0,0,,367270000,1560.58,True
169159,St Louis,MO,2022,297645,,False,224630000,81272000,42044000,53274000,0,0,,401220000,1601.55,True
129295,Jackson,MS,2012,170674,HINDS COUNTY 0.702; MADISON COUNTY 0.006; RANKIN COUNTY 0.000,True,32615000,21182000,2563000,5759000,12714894,4186297,,79020192,662.65,True
129295,Jackson,MS,2017,170674,HINDS COUNTY 0.693; MADISON COUNTY 0.006; RANKIN COUNTY 0.000,True,35665000,22070000,2077000,4447000,13006147,5668766,,82933913,651.81,True
129295,Jackson,MS,2022,157821,HINDS COUNTY 0.668; MADISON COUNTY 0.004; RANKIN COUNTY 0.000,True,31361000,26317000,1299000,4115000,13529910,6025437,,82647347,622.19,True
108127,Billings,MT,2012,110263,YELLOWSTONE COUNTY 0.704,True,19518000,15000000,0,1500000,6955021,3502154,,46475175,603.26,True
108127,Billings,MT,2017,110263,YELLOWSTONE COUNTY 0.689,True,22093000,19048000,0,1385000,8823552,4301128,,55650680,677.01,True
108127,Billings,MT,2022,109736,YELLOWSTONE COUNTY 0.706,True,27261000,23592000,0,3394000,11521444,5647351,,71415795,773.22,True
131775,Cary,NC,2012,159769,CHATHAM COUNTY 0.024; WAKE COUNTY 0.152,True,22486000,20458000,0,1429000,10760099,7321901,,62454999,559.49,True
131775,Cary,NC,2017,159769,CHATHAM COUNTY 0.028; WAKE COUNTY 0.153,True,24770000,24221000,0,976000,7486471,535518,,57988989,486.86,True
131775,Cary,NC,2022,173587,CHATHAM COUNTY 0.049; DURHAM COUNTY 0.000; WAKE COUNTY 0.150,True,29890000,31182000,0,992000,7819948,563818,,70447765,482.18,True
194726,Charlotte,NC,2012,827097,MECKLENBURG COUNTY 0.800,True,248750000,108620000,0,2184000,82860994,10785810,,453200805,784.24,True
194726,Charlotte,NC,2017,827097,MECKLENBURG COUNTY 0.798,True,269884000,129675000,0,3237000,93162735,9109515,,505068250,819.12,True
194726,Charlotte,NC,2022,900350,MECKLENBURG COUNTY 0.782,True,330419000,160981000,0,3936000,103198587,15102003,,613636590,809.76,True
110047,Concord,NC,2012,87696,CABARRUS COUNTY 0.446,True,17805000,15003000,0,243000,5180938,594373,,38826311,633.67,True
110047,Concord,NC,2017,87696,CABARRUS COUNTY 0.445,True,22132000,18592000,0,236000,4593773,4113335,,49667109,759.7,True
110047,Concord,NC,2022,98500,CABARRUS COUNTY 0.461,True,29837000,33084000,0,343000,6129679,70970,,69464649,837.89,True
208963,Durham,NC,2012,257636,DURHAM COUNTY 0.853; ORANGE COUNTY 0.000; WAKE COUNTY 0.000,True,62631000,23510000,0,1552000,12195078,1708463,,101596540,564.4,True
208963,Durham,NC,2017,257636,DURHAM COUNTY 0.864; ORANGE COUNTY 0.000; WAKE COUNTY 0.000,True,88000000,27258000,0,1857000,14533568,2420239,,134068807,698.03,True
208963,Durham,NC,2022,285897,DURHAM COUNTY 0.876; ORANGE COUNTY 0.001; WAKE COUNTY 0.000,True,78549000,46538000,0,2270000,22499250,3522601,,153378852,637.4,True
131717,Fayetteville,NC,2012,201963,CUMBERLAND COUNTY 0.633,True,44395000,24828000,0,1052000,8276613,451970,,79003583,559.87,True
131717,Fayetteville,NC,2017,201963,CUMBERLAND COUNTY 0.632,True,53474000,26835000,0,1340000,10795861,457987,,92902848,617.04,True
131717,Fayetteville,NC,2022,211705,CUMBERLAND COUNTY 0.624,True,59669000,32055000,0,1698000,9862651,619183,,103903833,583.12,True
171207,Greensboro,NC,2012,285342,GUILFORD COUNTY 0.552,True,71584000,41484000,0,934000,25882049,1767606,,141651655,710.51,True
171207,Greensboro,NC,2017,285342,GUILFORD COUNTY 0.552,True,77197000,49901000,0,1234000,18888757,1735724,,148956481,700.24,True
171207,Greensboro,NC,2022,297878,GUILFORD COUNTY 0.550,True,88401000,65658000,0,1385000,21155445,2223704,,178823149,713.25,True
194732,High Point,NC,2012,110268,DAVIDSON COUNTY 0.033; FORSYTH COUNTY 0.000; GUILFORD COUNTY 0.202; RANDOLPH COUNTY 0.000,True,26233000,20493000,0,515000,9614343,667924,,57523267,746.63,True
194732,High Point,NC,2017,110268,DAVIDSON COUNTY 0.033; FORSYTH COUNTY 0.000; GUILFORD COUNTY 0.201; RANDOLPH COUNTY 0.000,True,27921000,22394000,0,347000,7017965,656384,,58336349,709.65,True
194732,High Point,NC,2022,113565,DAVIDSON COUNTY 0.040; FORSYTH COUNTY 0.000; GUILFORD COUNTY 0.199; RANDOLPH COUNTY 0.000,True,33637000,26032000,0,1640000,7865479,858933,,70033412,732.69,True
171305,Raleigh,NC,2012,451066,DURHAM COUNTY 0.004; WAKE COUNTY 0.443,True,100905000,51529000,0,2225000,31362668,21356835,,207378502,658.02,True
171305,Raleigh,NC,2017,451066,DURHAM COUNTY 0.004; WAKE COUNTY 0.433,True,103922000,63135000,0,3189000,21013118,1484476,,192743594,573.19,True
171305,Raleigh,NC,2022,474414,DURHAM COUNTY 0.005; WAKE COUNTY 0.403,True,119431000,76676000,0,4491000,20612908,1476926,,222687834,557.7,True
171248,Wilmington,NC,2012,115933,NEW HANOVER COUNTY 0.525,True,27428000,17383000,0,0,7579461,516173,,52906634,653.16,True
171248,Wilmington,NC,2017,115933,NEW HANOVER COUNTY 0.528,True,32299000,18346000,0,1001000,9477095,1215080,,62338175,721.28,True
171248,Wilmington,NC,2022,124794,NEW HANOVER COUNTY 0.514,True,37537000,19955000,0,1310000,11505942,2470257,,72778199,692.89,True
194744,Winston-Salem,NC,2012,241218,FORSYTH COUNTY 0.654,True,64312000,32344000,0,1047000,16204013,884854,,114791867,681.11,True
194744,Winston-Salem,NC,2017,241218,FORSYTH COUNTY 0.651,True,79207000,34162000,0,1366000,17766396,2102563,,134603959,748.52,True
194744,Winston-Salem,NC,2022,248112,FORSYTH COUNTY 0.645,True,80717000,39853000,0,1665000,20813492,27526709,,170575201,816.82,True
171371,Fargo,ND,2012,118523,CASS COUNTY 0.704,True,28197000,0,0,63000,5780863,1656002,,35696865,431.06,True
171371,Fargo,ND,2017,118523,CASS COUNTY 0.689,True,18779000,12355000,805000,1763000,7899153,2177106,,43778259,495.46,True
171371,Fargo,ND,2022,125209,CASS COUNTY 0.682,True,23835000,16565000,0,2312000,10936259,3218432,,56866690,539.61,True
169646,Lincoln,NE,2012,277348,LANCASTER COUNTY 0.906,True,35745000,22854000,0,2427000,23082342,19493508,,103601850,534.63,True
169646,Lincoln,NE,2017,277348,LANCASTER COUNTY 0.907,True,40927000,26166000,0,0,30413917,17702459,,115209376,557.21,True
169646,Lincoln,NE,2022,290505,LANCASTER COUNTY 0.902,True,53835000,34419000,0,0,37680910,21359579,,147294489,602.41,True
208698,Omaha,NE,2012,443885,DOUGLAS COUNTY 0.877,True,90124000,70043000,0,3652000,34993960,19555242,,218368202,704.1,True
208698,Omaha,NE,2017,443885,DOUGLAS COUNTY 0.849,True,131921000,98639000,0,4045000,42122064,24110278,,300837342,909.11,True
208698,Omaha,NE,2022,478393,DOUGLAS COUNTY 0.828,True,147473000,105492000,0,5208000,47032167,24325270,,329530437,818.41,True
170001,Manchester,NH,2012,110229,HILLSBOROUGH COUNTY 0.274,True,30624000,28213000,0,780000,4034644,995223,,64646868,839.39,True
170001,Manchester,NH,2017,110229,HILLSBOROUGH COUNTY 0.272,True,22989000,19705000,0,1287000,4669441,1161724,,49812166,606.17,True
170001,Manchester,NH,2022,112546,HILLSBOROUGH COUNTY 0.271,True,27991000,21384000,0,0,4062896,1475718,,54913614,579.71,True
204933,Elizabeth,NJ,2012,129007,UNION COUNTY 0.233,True,43378000,24497000,0,3073000,10137019,5523391,,86608410,960.86,True
204933,Elizabeth,NJ,2017,129007,UNION COUNTY 0.231,True,46275000,34864000,0,3737000,9915957,5659462,,100451419,1044.47,True
204933,Elizabeth,NJ,2022,128382,UNION COUNTY 0.237,True,57290000,32303000,0,4289000,6246474,5831936,,105960410,980.61,True
193734,Jersey,NJ,2012,264290,HUDSON COUNTY 0.393,True,93830000,65066000,0,7846000,27444753,11617583,,205804336,1114.52,True
193734,Jersey,NJ,2017,264290,HUDSON COUNTY 0.391,True,103620000,67598000,0,7863000,29044353,10245216,,218370569,1108.33,True
193734,Jersey,NJ,2022,262664,HUDSON COUNTY 0.413,True,115569000,69562000,0,11822000,27786818,12547448,,237287266,1073.33,True
130835,Newark,NJ,2012,281944,ESSEX COUNTY 0.354,True,132018000,71672000,0,8843000,37510371,13367996,,263411367,1337.17,True
130835,Newark,NJ,2017,281944,ESSEX COUNTY 0.353,True,143246000,70709000,0,10762000,40969503,13663682,,279350186,1329.05,True
130835,Newark,NJ,2022,282520,ESSEX COUNTY 0.358,True,160141000,80023000,0,6465000,35706798,16359612,,298695410,1256.14,True
184046,Paterson,NJ,2012,147754,PASSAIC COUNTY 0.290,True,46163000,31881000,0,2480000,16877866,5854503,,103256369,1000.21,True
184046,Paterson,NJ,2017,147754,PASSAIC COUNTY 0.289,True,52491000,39810000,0,3252000,17498861,5966212,,119018073,1080.51,True
184046,Paterson,NJ,2022,144801,PASSAIC COUNTY 0.305,True,44526000,40652000,0,3008000,13615567,5813309,,107614876,883.0,True
170378,Albuquerque,NM,2012,559121,BERNALILLO COUNTY 0.824,True,162415000,71001000,0,4432000,64298384,2051550,,304197934,778.69,True
170378,Albuquerque,NM,2017,559121,BERNALILLO COUNTY 0.825,True,169422000,78917000,0,5415000,53634129,2594521,,309982650,743.68,True
170378,Albuquerque,NM,2022,562540,BERNALILLO COUNTY 0.834,True,197029000,82100000,0,8280000,58771555,4046509,,350227063,739.7,True
208793,Las Cruces,NM,2012,101643,DONA ANA COUNTY 0.471,True,25588000,11355000,0,263000,11452552,799125,,49457677,696.42,True
208793,Las Cruces,NM,2017,101643,DONA ANA COUNTY 0.472,True,24802000,14404000,0,160000,13744020,970227,,54080248,713.7,True
208793,Las Cruces,NM,2022,105096,DONA ANA COUNTY 0.509,True,29890000,20669000,0,55000,18672316,1321582,,70607899,798.22,True
170404,Rio Rancho,NM,2012,94171,BERNALILLO COUNTY 0.000; SANDOVAL COUNTY 0.668,True,16563000,10463000,291000,1465000,6722254,53452,,35557706,540.42,True
170404,Rio Rancho,NM,2017,94171,BERNALILLO COUNTY 0.000; SANDOVAL COUNTY 0.675,True,18694000,11948000,405000,1930000,8574560,288813,,41840373,595.98,True
170404,Rio Rancho,NM,2022,99885,BERNALILLO COUNTY 0.000; SANDOVAL COUNTY 0.708,True,23064000,15124000,0,1560000,6363679,24801,,46136480,548.78,True
169987,Henderson,NV,2012,285667,CLARK COUNTY 0.132,True,72615000,37971000,16577000,15629000,33662569,27294844,,203749413,1020.82,True
169987,Henderson,NV,2017,285667,CLARK COUNTY 0.137,True,83818000,47911000,20650000,15714000,35341836,28868877,,232303713,1090.82,True
169987,Henderson,NV,2022,329172,CLARK COUNTY 0.142,True,122746000,68750000,25817000,18764000,42977737,35154476,,314209213,1134.11,True
169988,Las Vegas,NV,2012,623747,CLARK COUNTY 0.298,True,9274000,123031000,44663000,26240000,75855789,61506653,177027462,517597904,1187.68,True
169988,Las Vegas,NV,2017,623747,CLARK COUNTY 0.291,True,10840000,138896000,62596000,31702000,75009273,61271108,207979450,588293832,1265.15,True
169988,Las Vegas,NV,2022,662368,CLARK COUNTY 0.283,True,18037000,161629000,60076000,34985000,85360938,69822641,247552434,677463013,1215.19,True
208734,North Las Vegas,NV,2012,234807,CLARK COUNTY 0.112,True,73921000,32873000,25332000,10959000,28366376,23000497,,194451874,1185.26,True
208734,North Las Vegas,NV,2017,234807,CLARK COUNTY 0.110,True,84446000,36157000,17569000,7262000,28397780,23196644,,197028424,1125.57,True
208734,North Las Vegas,NV,2022,260098,CLARK COUNTY 0.121,True,80983000,45066000,11729000,7691000,36406911,29779742,,211655653,966.83,True
169993,Reno,NV,2012,241445,WASHOE COUNTY 0.536,True,53550000,43930000,0,9774000,31665677,30811296,,169730973,1006.14,True
169993,Reno,NV,2017,241445,WASHOE COUNTY 0.540,True,63498000,46894000,0,10674000,40615980,37697942,,199379922,1107.69,True
169993,Reno,NV,2022,259290,WASHOE COUNTY 0.550,True,100445000,63093000,0,13026000,46143634,46171154,,268878789,1232.05,True
108910,Sparks,NV,2012,96094,WASHOE COUNTY 0.216,True,19902000,14258000,0,1416000,12781853,12436982,,60794836,905.49,True
108910,Sparks,NV,2017,96094,WASHOE COUNTY 0.219,True,26223000,15770000,0,3900000,16477293,15293489,,77663782,1084.12,True
108910,Sparks,NV,2022,106900,WASHOE COUNTY 0.220,True,37015000,21471000,0,5082000,18434386,18445380,,100447766,1116.4,True
170440,Albany,NY,2012,98469,ALBANY COUNTY 0.322,True,49506000,33469000,0,1466000,11905724,4723727,,101070451,1469.06,True
170440,Albany,NY,2017,98469,ALBANY COUNTY 0.318,True,60169000,34533000,0,1272000,12067398,4422447,,112463845,1532.03,True
170440,Albany,NY,2022,95429,ALBANY COUNTY 0.318,True,70302000,39395000,0,1717000,13015639,5997243,,130426883,1623.84,True
186634,Buffalo,NY,2012,258071,ERIE COUNTY 0.283,True,79354000,57963000,0,3944000,28904760,10138880,,180304640,999.96,True
186634,Buffalo,NY,2017,258071,ERIE COUNTY 0.279,True,92882000,66236000,0,3994000,32798063,11030854,,206940917,1075.63,True
186634,Buffalo,NY,2022,254479,ERIE COUNTY 0.291,True,94505000,71825000,0,4074000,36352157,13288100,,220044257,1027.34,True
194805,New York,NY,2012,8550405,,False,5065889000,1842669000,1501118000,692620000,0,0,,9102296000,1523.63,True
194805,New York,NY,2017,8550405,,False,5685111000,2155415000,1879858000,793153000,0,0,,10513537000,1649.37,True
194805,New York,NY,2022,8253213,,False,5867693000,2572675000,1595558000,1546675000,0,0,,11582601000,1667.4,True
131239,Rochester,NY,2012,209802,MONROE COUNTY 0.281,True,81362000,45230000,0,1685000,27181305,10813308,,166271613,1134.29,True
131239,Rochester,NY,2017,209802,MONROE COUNTY 0.278,True,91684000,51851000,0,2248000,29261917,10112568,,185157485,1183.82,True
131239,Rochester,NY,2022,205225,MONROE COUNTY 0.277,True,100102000,63219000,0,3194000,29641138,12803554,,208959692,1209.73,True
170582,Syracuse,NY,2012,144142,ONONDAGA COUNTY 0.309,True,44558000,31109000,0,2182000,23120526,6412559,,107382085,1066.24,True
170582,Syracuse,NY,2017,144142,ONONDAGA COUNTY 0.308,True,47790000,35938000,0,2598000,28041134,7195462,,121562595,1131.27,True
170582,Syracuse,NY,2022,141229,ONONDAGA COUNTY 0.312,True,0,0,0,0,27833194,6938720,,34771914,292.52,False
109593,Yonkers,NY,2012,201116,WESTCHESTER COUNTY 0.206,True,82206000,55430000,0,5207000,32027283,16048936,,190919219,1358.68,True
109593,Yonkers,NY,2017,201116,WESTCHESTER COUNTY 0.206,True,99419000,68117000,0,9187000,30101458,11536989,,218361448,1456.41,True
109593,Yonkers,NY,2022,200040,WESTCHESTER COUNTY 0.210,True,108263000,72046000,0,9424000,38874815,13406493,,242014308,1437.41,True
209096,Akron,OH,2012,197542,SUMMIT COUNTY 0.368,True,33795000,25801000,8079000,7686000,12771378,14442313,,102574691,743.18,True
209096,Akron,OH,2017,197542,SUMMIT COUNTY 0.366,True,59476000,50410000,8323000,12118000,20329251,12912686,,163568937,1110.7,True
209096,Akron,OH,2022,195994,SUMMIT COUNTY 0.352,True,73846000,68166000,0,0,19388504,14324164,,175724669,1065.24,True
191166,Cincinnati,OH,2012,298550,HAMILTON COUNTY 0.370,True,114029000,75049000,0,4679000,11814075,39847574,,245418649,1176.53,True
191166,Cincinnati,OH,2017,298550,HAMILTON COUNTY 0.370,True,157515000,106252000,0,6033000,8799019,40436817,,319035836,1433.43,True
191166,Cincinnati,OH,2022,304548,HAMILTON COUNTY 0.375,True,167905000,76139000,0,9007000,37278812,43081881,,333411693,1300.72,True
172358,Cleveland,OH,2012,388072,CUYAHOGA COUNTY 0.309,True,172695000,89812000,14052000,46828000,25438105,58682432,,407507536,1502.93,True
172358,Cleveland,OH,2017,388072,CUYAHOGA COUNTY 0.309,True,240557000,87428000,11775000,56781000,30899373,76126720,,503567093,1740.6,True
172358,Cleveland,OH,2022,378589,CUYAHOGA COUNTY 0.293,True,221479000,133811000,4009000,54928000,38512161,77718292,,530457453,1664.72,True
209050,Columbus,OH,2012,850106,DELAWARE COUNTY 0.042; FAIRFIELD COUNTY 0.067; FRANKLIN COUNTY 0.663,True,255672000,189615000,2486000,35008000,42334093,75422529,,600537622,1011.07,True
209050,Columbus,OH,2017,850106,DELAWARE COUNTY 0.041; FAIRFIELD COUNTY 0.068; FRANKLIN COUNTY 0.666,True,311285000,259293000,0,48471000,71567110,93604786,,784220896,1237.43,True
209050,Columbus,OH,2022,903852,DELAWARE COUNTY 0.067; FAIRFIELD COUNTY 0.068; FRANKLIN COUNTY 0.666,True,356502000,283049000,0,54770000,22125572,65188094,,781634667,1027.46,True
172543,Dayton,OH,2012,140599,MONTGOMERY COUNTY 0.266,True,43219000,34724000,0,9588000,6260852,20022348,,113814200,1158.59,True
172543,Dayton,OH,2017,140599,MONTGOMERY COUNTY 0.264,True,56274000,38765000,0,10711000,9961880,9587092,,125298972,1195.42,True
172543,Dayton,OH,2022,139907,MONTGOMERY COUNTY 0.255,True,60705000,45843000,0,12995000,2225565,51315345,,173083910,1469.86,True
205133,Toledo,OH,2012,279789,LUCAS COUNTY 0.648,True,94656000,38769000,0,10134000,20358706,37871641,,201789346,1032.24,True
205133,Toledo,OH,2017,279789,LUCAS COUNTY 0.642,True,86395000,79763000,0,11484000,25205216,38180773,,241027989,1155.56,True
205133,Toledo,OH,2022,271455,LUCAS COUNTY 0.624,True,0,0,0,0,20863221,22934375,,43797596,191.69,False
184222,Broken Arrow,OK,2012,106563,TULSA COUNTY 0.135; WAGONER COUNTY 0.252,True,17017000,16147000,0,1337000,5485387,2248431,,42234818,567.26,True
184222,Broken Arrow,OK,2017,106563,TULSA COUNTY 0.137; WAGONER COUNTY 0.252,True,23688000,23209000,0,901000,6522362,2158873,,56479235,710.95,True
184222,Broken Arrow,OK,2022,111648,TULSA COUNTY 0.142; WAGONER COUNTY 0.250,True,29912000,31140000,0,1179000,8815480,2009517,,73055996,777.43,True
205181,Norman,OK,2012,120284,CLEVELAND COUNTY 0.434,True,23235000,15972000,0,2072000,2299404,700159,,44278563,526.87,True
205181,Norman,OK,2017,120284,CLEVELAND COUNTY 0.441,True,29278000,19221000,0,2225000,0,681081,,51405081,573.26,True
205181,Norman,OK,2022,125762,CLEVELAND COUNTY 0.433,True,30557000,22413000,0,2398000,4729502,1255172,,61352675,579.62,True
209170,Oklahoma,OK,2012,631346,CANADIAN COUNTY 0.387; CLEVELAND COUNTY 0.248; OKLAHOMA COUNTY 0.656; POTTAWATOMIE COUNTY 0.001,True,154444000,133279000,0,16281000,33470889,5301689,,342776578,777.07,True
209170,Oklahoma,OK,2017,631346,CANADIAN COUNTY 0.395; CLEVELAND COUNTY 0.246; OKLAHOMA COUNTY 0.660; POTTAWATOMIE COUNTY 0.001,True,177224000,129112000,7188000,22197000,26906972,6244585,,368872557,783.73,True
209170,Oklahoma,OK,2022,662314,CANADIAN COUNTY 0.499; CLEVELAND COUNTY 0.264; OKLAHOMA COUNTY 0.662; POTTAWATOMIE COUNTY 0.001,True,159965000,141086000,0,15872000,38984066,9837464,,365744530,656.1,True
212090,Tulsa,OK,2012,403505,OSAGE COUNTY 0.128; ROGERS COUNTY 0.000; TULSA COUNTY 0.631; WAGONER COUNTY 0.002,True,87148000,70326000,0,5787000,26208250,9543595,,199012845,705.91,True
212090,Tulsa,OK,2017,403505,OSAGE COUNTY 0.127; ROGERS COUNTY 0.000; TULSA COUNTY 0.612; WAGONER COUNTY 0.002,True,104702000,72064000,0,6196000,29510588,9639015,,222111603,738.38,True
212090,Tulsa,OK,2022,403166,OSAGE COUNTY 0.126; ROGERS COUNTY 0.000; TULSA COUNTY 0.600; WAGONER COUNTY 0.000,True,127076000,92068000,0,6689000,35513063,7691918,,269037981,792.84,True
193960,Bend,OR,2012,87014,DESCHUTES COUNTY 0.487,True,17390000,12489000,0,674000,10512214,2958875,,44024089,724.13,True
193960,Bend,OR,2017,87014,DESCHUTES COUNTY 0.506,True,20006000,18095000,0,1156000,13144225,3967218,,56368443,868.96,True
193960,Bend,OR,2022,101886,DESCHUTES COUNTY 0.500,True,26935000,35516000,0,828000,17959475,5530990,,86769465,1011.84,True
133222,Eugene,OR,2012,163460,LANE COUNTY 0.446,True,46411000,31297000,0,4216000,18847290,4408337,,105179627,920.95,True
133222,Eugene,OR,2017,163460,LANE COUNTY 0.451,True,53447000,37245000,0,4973000,20163209,5011800,,120840010,991.64,True
133222,Eugene,OR,2022,173236,LANE COUNTY 0.471,True,67134000,49471000,0,6945000,24701964,6269773,,154521737,1059.76,True
173685,Gresham,OR,2012,110553,MULTNOMAH COUNTY 0.143,True,21398000,15559000,0,1021000,18295153,2631623,,58904776,762.6,True
173685,Gresham,OR,2017,110553,MULTNOMAH COUNTY 0.138,True,29723000,20487000,0,1003000,22374179,9241919,,82829098,1005.0,True
173685,Gresham,OR,2022,110031,MULTNOMAH COUNTY 0.140,True,26922000,26160000,0,1194000,31034508,6714795,,92025303,993.69,True
211253,Hillsboro,OR,2012,102347,WASHINGTON COUNTY 0.176,True,24937000,16884000,0,402000,7592761,2418745,,52234505,730.46,True
211253,Hillsboro,OR,2017,102347,WASHINGTON COUNTY 0.182,True,30736000,20785000,0,526000,10080973,2114010,,64241983,841.97,True
211253,Hillsboro,OR,2022,110985,WASHINGTON COUNTY 0.179,True,40093000,28968000,0,497000,13705935,3771993,,87035928,931.73,True
211254,Portland,OR,2012,632309,CLACKAMAS COUNTY 0.002; MULTNOMAH COUNTY 0.792; WASHINGTON COUNTY 0.003,True,172980000,96689000,0,9128000,101429177,14629693,,394855869,893.77,True
211254,Portland,OR,2017,632309,CLACKAMAS COUNTY 0.002; MULTNOMAH COUNTY 0.799; WASHINGTON COUNTY 0.003,True,205958000,115792000,0,11861000,130051474,53682266,,517344740,1097.5,True
211254,Portland,OR,2022,656751,CLACKAMAS COUNTY 0.002; MULTNOMAH COUNTY 0.796; WASHINGTON COUNTY 0.003,True,214482000,146972000,0,16575000,176652015,38248940,,592929955,1072.66,True
205218,Salem,OR,2012,164549,MARION COUNTY 0.415; POLK COUNTY 0.322,True,33461000,25287000,0,1627000,16555900,5325253,,82256153,715.46,True
205218,Salem,OR,2017,164549,MARION COUNTY 0.418; POLK COUNTY 0.325,True,41053000,28865000,0,3849000,20534963,6402105,,100704068,820.93,True
205218,Salem,OR,2022,175891,MARION COUNTY 0.429; POLK COUNTY 0.336,True,51415000,40527000,0,3878000,27730930,8740426,,132291356,893.61,True
174015,Allentown,PA,2012,120207,LEHIGH COUNTY 0.335,True,32273000,19073000,0,581000,18685237,10634243,,81246480,967.36,True
174015,Allentown,PA,2017,120207,LEHIGH COUNTY 0.331,True,33232000,17324000,0,621000,18177066,13605069,,82959134,925.74,True
174015,Allentown,PA,2022,121470,LEHIGH COUNTY 0.332,True,40156000,21815000,0,1201000,17249139,10580150,,91001289,890.09,True
133602,Philadelphia,PA,2012,1567442,,False,610112000,199311000,276216000,268957000,0,0,,1354596000,1236.89,True
133602,Philadelphia,PA,2017,1567442,,False,673356000,255215000,372653000,339570000,0,0,,1640794000,1404.16,True
133602,Philadelphia,PA,2022,1578487,,False,783933000,344950000,324299000,374734000,0,0,,1827916000,1375.86,True
133470,Pittsburgh,PA,2012,304391,ALLEGHENY COUNTY 0.249,True,77243000,51539000,0,2839000,22100221,21848349,,175569570,825.53,True
133470,Pittsburgh,PA,2017,304391,ALLEGHENY COUNTY 0.247,True,94372000,68804000,0,5347000,25349256,23663803,,217536059,958.64,True
133470,Pittsburgh,PA,2022,299226,ALLEGHENY COUNTY 0.246,True,130559000,90470000,0,589000,23130239,31959221,,276707460,1098.7,True
112811,Providence,RI,2012,179207,,False,82196000,63077000,0,8251000,0,0,,153524000,1226.13,True
112811,Providence,RI,2017,179207,,False,94872000,72596000,0,18386000,0,0,,185854000,1391.14,True
112811,Providence,RI,2022,179270,,False,90777000,85446000,0,14827000,0,0,,191050000,1266.19,True
174889,Charleston,SC,2012,132609,BERKELEY COUNTY 0.044; CHARLESTON COUNTY 0.320,True,40002000,21780000,0,2860000,175684,5464209,,70281893,758.55,True
174889,Charleston,SC,2017,132609,BERKELEY COUNTY 0.043; CHARLESTON COUNTY 0.314,True,49085000,28955000,0,2489000,11549802,9045713,,101124516,1022.91,True
174889,Charleston,SC,2022,139714,BERKELEY COUNTY 0.064; CHARLESTON COUNTY 0.330,True,60972000,38632000,0,6398000,17480772,8088399,,131571171,1118.87,True
174959,Columbia,SC,2012,133803,LEXINGTON COUNTY 0.002; RICHLAND COUNTY 0.334,True,33402000,21971000,0,2964000,6475813,4930390,,69743203,746.02,True
174959,Columbia,SC,2017,133803,LEXINGTON COUNTY 0.002; RICHLAND COUNTY 0.324,True,43924000,24255000,0,4318000,7251181,6494936,,86243117,864.6,True
174959,Columbia,SC,2022,132130,LEXINGTON COUNTY 0.002; RICHLAND COUNTY 0.330,True,54037000,54127000,0,4331000,7287640,7589694,,127372334,1145.33,True
174894,North Charleston,SC,2012,108304,CHARLESTON COUNTY 0.224; DORCHESTER COUNTY 0.142,True,29893000,17369000,0,2709000,646963,4009439,,54627402,721.91,True
174894,North Charleston,SC,2017,108304,CHARLESTON COUNTY 0.220; DORCHESTER COUNTY 0.142,True,36382000,22219000,0,2200000,8202486,6881502,,75884988,939.87,True
174894,North Charleston,SC,2022,118752,CHARLESTON COUNTY 0.214; DORCHESTER COUNTY 0.175,True,41418000,27159000,0,2372000,12003343,6613186,,89565529,896.1,True
184196,Sioux Falls,SD,2012,171544,LINCOLN COUNTY 0.470; MINNEHAHA COUNTY 0.784,True,27855000,21496000,0,1320000,11320078,5735915,,67726992,565.07,True
184196,Sioux Falls,SD,2017,171544,LINCOLN COUNTY 0.477; MINNEHAHA COUNTY 0.795,True,29637000,22031000,0,1483000,13742731,7985564,,74879295,585.52,True
184196,Sioux Falls,SD,2022,187809,LINCOLN COUNTY 0.545; MINNEHAHA COUNTY 0.801,True,42916000,37918000,0,1975000,17501825,11857276,,112168102,709.6,True
191559,Chattanooga,TN,2012,176588,HAMILTON COUNTY 0.503,True,54878000,38529000,0,5275000,11038916,7664586,,117385501,951.41,True
191559,Chattanooga,TN,2017,176588,HAMILTON COUNTY 0.497,True,70754000,40810000,0,6536000,14886243,11261152,,144247395,1095.73,True
191559,Chattanooga,TN,2022,184742,HAMILTON COUNTY 0.492,True,86022000,57031000,0,6393000,12836773,17827046,,180109819,1158.32,True
184266,Clarksville,TN,2012,149176,MONTGOMERY COUNTY 0.772,True,23498000,13905000,0,432000,11603184,4003600,,53441784,512.74,True
184266,Clarksville,TN,2017,149176,MONTGOMERY COUNTY 0.765,True,27577000,17023000,0,406000,12753353,4989278,,62748631,564.24,True
184266,Clarksville,TN,2022,161247,MONTGOMERY COUNTY 0.752,True,33828000,22459000,0,847000,15208917,6119084,,78462001,578.13,True
175780,Knoxville,TN,2012,185291,KNOX COUNTY 0.411,True,49820000,33668000,0,2573000,11932744,8774234,,106767978,824.71,True
175780,Knoxville,TN,2017,185291,KNOX COUNTY 0.405,True,33203000,23548000,0,2168000,5409966,10817097,,75146062,544.01,True
175780,Knoxville,TN,2022,190223,KNOX COUNTY 0.396,True,66083000,47987000,0,3340000,5288643,9789094,,132487737,827.5,True
175826,Memphis,TN,2012,655770,SHELBY COUNTY 0.701,True,224986000,157673000,0,21559000,42058662,50074913,,496351576,1083.31,True
175826,Memphis,TN,2017,655770,SHELBY COUNTY 0.696,True,253043000,171852000,0,22036000,39325446,52460606,,538717053,1101.96,True
175826,Memphis,TN,2022,649705,SHELBY COUNTY 0.673,True,290805000,215210000,432000,22271000,39342582,58423610,,626484191,1145.65,True
209519,Murfreesboro,TN,2012,126118,RUTHERFORD COUNTY 0.416,True,22881000,14344000,0,1170000,9045690,2830262,,50270952,570.5,True
209519,Murfreesboro,TN,2017,126118,RUTHERFORD COUNTY 0.430,True,68058000,21787000,0,1727000,9785146,22108888,,123466034,1313.18,True
209519,Murfreesboro,TN,2022,150757,RUTHERFORD COUNTY 0.449,True,39478000,26156000,0,1886000,12726677,6089835,,86336512,680.42,True
175728,Nashville-Davidson County Metropolitan Government,TN,2012,678889,,False,193910000,108609000,63217000,53575000,0,0,,419311000,884.0,True
175728,Nashville-Davidson County Metropolitan Government,TN,2017,678889,,False,213301000,128227000,76371000,124387000,0,0,,542286000,1071.48,True
175728,Nashville-Davidson County Metropolitan Government,TN,2022,694176,,False,273023000,162314000,92390000,101472000,0,0,,629199000,1076.9,True
176386,Abilene,TX,2012,121721,JONES COUNTY 0.283; TAYLOR COUNTY 0.852,True,21921000,16483000,0,1443000,7072000,6400475,,53319475,626.95,True
176386,Abilene,TX,2017,121721,JONES COUNTY 0.284; TAYLOR COUNTY 0.853,True,26405000,19939000,0,1455000,11894990,8769377,,68463367,754.48,True
176386,Abilene,TX,2022,124407,JONES COUNTY 0.283; TAYLOR COUNTY 0.837,True,32776000,26032000,0,2578000,20023624,11841527,,93251150,890.57,True
209555,Allen,TX,2012,98143,COLLIN COUNTY 0.108,True,18815000,16328000,0,1942000,4346887,5362074,,46793961,682.41,True
209555,Allen,TX,2017,98143,COLLIN COUNTY 0.104,True,19033000,13917000,0,604000,3787829,3312306,,40654135,555.65,True
209555,Allen,TX,2022,109379,COLLIN COUNTY 0.096,True,35754000,24685000,0,1079000,4112061,4040894,,69670955,756.79,True
194809,Amarillo,TX,2012,198645,POTTER COUNTY 0.872; RANDALL COUNTY 0.707,True,36368000,24224000,0,2731000,24659478,15632311,,103614789,746.55,True
194809,Amarillo,TX,2017,198645,POTTER COUNTY 0.871; RANDALL COUNTY 0.708,True,46659000,30450000,0,4088000,24854531,20576803,,126628334,855.08,True
194809,Amarillo,TX,2022,199654,POTTER COUNTY 0.862; RANDALL COUNTY 0.699,True,49477000,35582000,0,3220000,29092713,20407344,,137779058,819.9,True
194811,Arlington,TX,2012,388125,TARRANT COUNTY 0.200,True,84658000,39053000,0,7673000,17619312,24312244,,173315556,639.12,True
194811,Arlington,TX,2017,388125,TARRANT COUNTY 0.193,True,99373000,48460000,0,8604000,22727180,22298807,,201462987,696.27,True
194811,Arlington,TX,2022,398864,TARRANT COUNTY 0.183,True,107408000,49575000,0,7780000,30499592,22898414,,218161006,649.85,True
176394,Austin,TX,2012,931830,TRAVIS COUNTY 0.739; WILLIAMSON COUNTY 0.096,True,269199000,127792000,0,27120000,117057717,90018195,,631186912,969.47,True
176394,Austin,TX,2017,931830,TRAVIS COUNTY 0.733; WILLIAMSON COUNTY 0.095,True,347610000,167989000,0,37956000,134409387,102808510,,790772897,1138.34,True
176394,Austin,TX,2022,995484,HAYS COUNTY 0.004; TRAVIS COUNTY 0.685; WILLIAMSON COUNTY 0.097,True,445407000,239018000,0,48649000,143928324,148865945,,1025868269,1224.38,True
194812,Beaumont,TX,2012,118129,JEFFERSON COUNTY 0.465,True,38161000,23668000,0,2935000,16272659,7972598,,89009258,1078.43,True
194812,Beaumont,TX,2017,118129,JEFFERSON COUNTY 0.465,True,38122000,27465000,0,3854000,17969712,9083581,,96494293,1095.72,True
194812,Beaumont,TX,2022,115473,JEFFERSON COUNTY 0.446,True,43696000,31912000,0,3164000,20977219,9191592,,108940811,1120.9,True
176022,Brownsville,TX,2012,183887,CAMERON COUNTY 0.432,True,32092000,19730000,581000,2974000,12767272,9177921,,77322194,601.82,True
176022,Brownsville,TX,2017,183887,CAMERON COUNTY 0.432,True,36020000,21738000,578000,3124000,16153904,9097451,,86711355,632.53,True
176022,Brownsville,TX,2022,183428,CAMERON COUNTY 0.444,True,38311000,24400000,608000,2813000,17596042,13914090,,97642132,632.45,True
135130,Carrollton,TX,2012,133168,COLLIN COUNTY 0.000; DALLAS COUNTY 0.021; DENTON COUNTY 0.104,True,20845000,16666000,0,2258000,6184391,5789379,,51742770,556.11,True
135130,Carrollton,TX,2017,133168,COLLIN COUNTY 0.000; DALLAS COUNTY 0.021; DENTON COUNTY 0.096,True,29370000,26248000,0,2282000,9122626,7054113,,74076740,746.17,True
135130,Carrollton,TX,2022,139892,COLLIN COUNTY 0.001; DALLAS COUNTY 0.019; DENTON COUNTY 0.084,True,29386000,31870000,0,2444000,8919635,8139860,,80759494,685.9,True
194814,College Station,TX,2012,107889,BRAZOS COUNTY 0.488,True,13897000,12578000,1624000,2127000,7852221,8069945,,46148165,612.2,True
194814,College Station,TX,2017,107889,BRAZOS COUNTY 0.511,True,15473000,13339000,0,2051000,9843563,12953645,,53660208,667.16,True
194814,College Station,TX,2022,119260,BRAZOS COUNTY 0.514,True,17806000,15203000,0,2479000,11801897,12015095,,59304992,590.82,True
187683,Conroe,TX,2012,68602,MONTGOMERY COUNTY 0.144,True,14062000,8405000,0,1272000,6566757,4182322,,34488080,719.53,True
187683,Conroe,TX,2017,68602,MONTGOMERY COUNTY 0.148,True,30981000,15472000,0,5741000,10341352,5608434,,68143786,1332.43,True
187683,Conroe,TX,2022,96214,MONTGOMERY COUNTY 0.149,True,23868000,21377000,0,1943000,11238773,7564251,,65991025,814.9,True
176325,Corpus Christi,TX,2012,324074,NUECES COUNTY 0.898,True,73552000,46697000,1171000,5934000,16511090,20172440,,164037530,724.46,True
176325,Corpus Christi,TX,2017,324074,NUECES COUNTY 0.901,True,85271000,55235000,1610000,6403000,53969474,21643848,,224132322,927.72,True
176325,Corpus Christi,TX,2022,327248,NUECES COUNTY 0.899; SAN PATRICIO COUNTY 0.000,True,85607000,67340000,1571000,6476000,79272070,30334397,,270600467,982.45,True
187649,Dallas,TX,2012,1300092,COLLIN COUNTY 0.057; DALLAS COUNTY 0.475; DENTON COUNTY 0.039,True,355359000,189559000,1201000,23130000,59212324,55202434,,683663758,752.63,True
187649,Dallas,TX,2017,1300092,COLLIN COUNTY 0.053; DALLAS COUNTY 0.481; DENTON COUNTY 0.037,True,410867000,216085000,1656000,30198000,85526022,69200054,,813532076,839.37,True
187649,Dallas,TX,2022,1343266,COLLIN COUNTY 0.046; DALLAS COUNTY 0.467; DENTON COUNTY 0.030,True,593912000,386707000,3580000,41422000,105600618,77191648,,1208413266,1068.84,True
209562,Denton,TX,2012,131044,DENTON COUNTY 0.175,True,21904000,20905000,0,3231000,6240341,5911985,,58192326,635.57,True
209562,Denton,TX,2017,131044,DENTON COUNTY 0.162,True,30110000,25568000,0,4527000,9320715,6987451,,76513166,783.2,True
209562,Denton,TX,2022,147515,DENTON COUNTY 0.154,True,60658000,36821000,0,3625000,8474700,9216983,,118795683,956.8,True
113634,Edinburg,TX,2012,84497,HIDALGO COUNTY 0.107,True,12619000,3108000,0,1186000,6123957,2996828,,26033784,440.97,True
113634,Edinburg,TX,2017,84497,HIDALGO COUNTY 0.111,True,15416000,3795000,0,1455000,7145805,3610572,,31422377,498.83,True
113634,Edinburg,TX,2022,102374,HIDALGO COUNTY 0.117,True,19786000,4871000,0,1867000,8062782,7854761,,42441543,492.56,True
176118,El Paso,TX,2012,681124,EL PASO COUNTY 0.811,True,116718000,85039000,0,8699000,75309795,42872795,,328638590,690.57,True
176118,El Paso,TX,2017,681124,EL PASO COUNTY 0.814,True,119609000,97691000,0,6780000,78174537,55736785,,357991322,705.02,True
176118,El Paso,TX,2022,681534,EL PASO COUNTY 0.782,True,147397000,157349000,0,9952000,66800556,59811791,,441310347,769.33,True
176375,Fort Worth,TX,2012,833319,DENTON COUNTY 0.012; PARKER COUNTY 0.000; TARRANT COUNTY 0.411,True,234711000,107720000,0,20239000,36665542,50414352,,449749894,772.46,True
176375,Fort Worth,TX,2017,833319,DENTON COUNTY 0.011; PARKER COUNTY 0.000; TARRANT COUNTY 0.421,True,284917000,135743000,0,24287000,50163318,49073147,,544183466,875.97,True
176375,Fort Worth,TX,2022,927720,DENTON COUNTY 0.019; PARKER COUNTY 0.009; TARRANT COUNTY 0.435,True,361883000,186944000,0,20681000,73516812,55566634,,698591446,894.67,True
194820,Frisco,TX,2012,154407,COLLIN COUNTY 0.096; DENTON COUNTY 0.069,True,19018000,22945000,0,1306000,6318651,7092680,,56680331,525.39,True
194820,Frisco,TX,2017,154407,COLLIN COUNTY 0.113; DENTON COUNTY 0.081,True,30513000,32900000,0,2017000,8782109,7095766,,81307875,706.35,True
194820,Frisco,TX,2022,209980,COLLIN COUNTY 0.113; DENTON COUNTY 0.091,True,48291000,49770000,0,5259000,9828747,10185108,,123333855,697.85,True
212231,Garland,TX,2012,236897,COLLIN COUNTY 0.000; DALLAS COUNTY 0.095,True,45834000,27956000,0,3867000,11118029,10226381,,99001410,598.13,True
212231,Garland,TX,2017,236897,COLLIN COUNTY 0.000; DALLAS COUNTY 0.091,True,48024000,30574000,0,4512000,15400686,12461541,,110972227,628.36,True
212231,Garland,TX,2022,238139,COLLIN COUNTY 0.000; DALLAS COUNTY 0.094,True,66853000,39676000,0,5513000,20629145,14862823,,147533968,736.07,True
194823,Grand Prairie,TX,2012,187809,DALLAS COUNTY 0.051; ELLIS COUNTY 0.000; TARRANT COUNTY 0.029,True,34977000,24743000,2630000,2941000,8623063,9126253,,83040316,632.83,True
194823,Grand Prairie,TX,2017,187809,DALLAS COUNTY 0.051; ELLIS COUNTY 0.000; TARRANT COUNTY 0.029,True,51622000,33159000,2922000,2723000,12093387,10379081,,112898468,806.36,True
194823,Grand Prairie,TX,2022,195272,DALLAS COUNTY 0.049; ELLIS COUNTY 0.000; TARRANT COUNTY 0.034,True,69921000,46315000,0,4125000,16417548,11999930,,148778478,905.23,True
176169,Houston,TX,2012,2296224,FORT BEND COUNTY 0.062; HARRIS COUNTY 0.497; MONTGOMERY COUNTY 0.011,True,594622000,351688000,22311000,40230000,130399991,110898457,,1250149448,779.22,True
176169,Houston,TX,2017,2296224,FORT BEND COUNTY 0.054; HARRIS COUNTY 0.487; MONTGOMERY COUNTY 0.010,True,729848000,400048000,0,49076000,189126771,137387540,,1505486312,879.46,True
176169,Houston,TX,2022,2316120,FORT BEND COUNTY 0.048; HARRIS COUNTY 0.471; MONTGOMERY COUNTY 0.009,True,980472000,517026000,0,59910000,204604901,177372080,,1939384981,994.86,True
176079,Irving,TX,2012,236607,DALLAS COUNTY 0.092,True,53454000,33767000,0,4678000,10739513,9872712,,112511226,680.59,True
176079,Irving,TX,2017,236607,DALLAS COUNTY 0.092,True,57616000,41141000,0,5173000,15558617,12588385,,132077002,748.78,True
176079,Irving,TX,2022,240916,DALLAS COUNTY 0.098,True,76376000,55347000,15000,5732000,21347217,15378584,,174195801,859.07,True
175981,Killeen,TX,2012,140806,BELL COUNTY 0.413,True,24333000,15980000,0,1749000,10545856,6583879,,59191735,601.66,True
175981,Killeen,TX,2017,140806,BELL COUNTY 0.418,True,29279000,24687000,0,1793000,12932237,8079827,,76771064,731.36,True
175981,Killeen,TX,2022,153991,BELL COUNTY 0.411,True,31321000,24469000,0,2844000,16561700,9601200,,84796900,654.25,True
135293,Laredo,TX,2012,255473,WEBB COUNTY 0.943,True,52646000,38209000,3435000,2210000,21291806,19458712,,137250518,768.92,True
135293,Laredo,TX,2017,255473,WEBB COUNTY 0.948,True,67043000,49320000,4653000,2229000,22905970,27356408,,173507377,911.02,True
135293,Laredo,TX,2022,263640,WEBB COUNTY 0.957,True,85890000,63212000,5963000,2847000,26199201,27507918,,211619119,953.68,True
176142,League,TX,2012,98312,GALVESTON COUNTY 0.288; HARRIS COUNTY 0.000,True,15153000,1565000,0,1685000,8395112,4977077,,31775189,462.59,True
176142,League,TX,2017,98312,GALVESTON COUNTY 0.306; HARRIS COUNTY 0.000,True,18620000,2385000,0,1327000,10472770,5680960,,38485730,525.11,True
176142,League,TX,2022,108477,GALVESTON COUNTY 0.316; HARRIS COUNTY 0.001,True,24114000,3926000,0,1407000,12045400,8231633,,49724032,544.61,True
202617,Lewisville,TX,2012,104039,DALLAS COUNTY 0.000; DENTON COUNTY 0.139,True,21735000,17437000,894000,1554000,5031694,4765459,,51417153,707.34,True
202617,Lewisville,TX,2017,104039,DALLAS COUNTY 0.000; DENTON COUNTY 0.126,True,25042000,19382000,0,2050000,7309919,5484562,,59268480,764.16,True
202617,Lewisville,TX,2022,112232,DALLAS COUNTY 0.001; DENTON COUNTY 0.133,True,32072000,24845000,0,2627000,7432721,8041971,,75018692,794.16,True
212233,Lubbock,TX,2012,249042,LUBBOCK COUNTY 0.827,True,50302000,34832000,0,3432000,20941465,16016055,,125523520,721.38,True
212233,Lubbock,TX,2017,249042,LUBBOCK COUNTY 0.833,True,53586000,48931000,0,8595000,6777900,20810219,,138700119,747.07,True
212233,Lubbock,TX,2022,262611,LUBBOCK COUNTY 0.831,True,75019000,47669000,0,16345000,7095474,23089173,,169217647,765.58,True
205460,Mcallen,TX,2012,140269,HIDALGO COUNTY 0.169,True,33209000,15402000,0,3564000,9674535,4734343,,66583878,679.39,True
205460,Mcallen,TX,2017,140269,HIDALGO COUNTY 0.166,True,34107000,17867000,0,3069000,10651950,5382127,,71077077,679.71,True
205460,Mcallen,TX,2022,143751,HIDALGO COUNTY 0.163,True,43441000,22830000,0,3920000,11198592,10909666,,92299258,762.86,True
187646,Mckinney,TX,2012,162898,COLLIN COUNTY 0.172,True,20150000,18149000,0,2300000,6945861,8568023,,56112884,493.02,True
187646,Mckinney,TX,2017,162898,COLLIN COUNTY 0.187,True,27271000,25608000,0,3693000,6815053,5959494,,69346547,571.04,True
187646,Mckinney,TX,2022,208272,COLLIN COUNTY 0.179,True,40076000,51713000,0,4459000,7651644,7519219,,111418863,635.6,True
135132,Mesquite,TX,2012,144788,DALLAS COUNTY 0.058; KAUFMAN COUNTY 0.001,True,30482000,24365000,0,1671000,6826210,6269771,,69613981,688.14,True
135132,Mesquite,TX,2017,144788,DALLAS COUNTY 0.055; KAUFMAN COUNTY 0.001,True,40185000,27905000,0,1945000,9317207,7545376,,86897583,805.06,True
135132,Mesquite,TX,2022,138916,DALLAS COUNTY 0.057; KAUFMAN COUNTY 0.001,True,43852000,33018000,0,3121000,12411098,8925432,,101327530,866.63,True
194825,Midland,TX,2012,132950,MIDLAND COUNTY 0.813,True,21416000,18783000,0,2252000,15587726,10458761,,68497487,737.4,True
194825,Midland,TX,2017,132950,MIDLAND COUNTY 0.824,True,27398000,25102000,0,3334000,11017974,14156198,,81008172,817.33,True
194825,Midland,TX,2022,147069,MARTIN COUNTY 0.010; MIDLAND COUNTY 0.782,True,35444000,28750000,0,3480000,11737190,17845171,,97256360,785.7,True
176060,New Braunfels,TX,2012,70543,COMAL COUNTY 0.438; GUADALUPE COUNTY 0.076,True,13968000,11511000,0,1088000,4947009,3317506,,34831516,706.7,True
176060,New Braunfels,TX,2017,70543,COMAL COUNTY 0.463; GUADALUPE COUNTY 0.086,True,15216000,17463000,0,1483000,6201415,10778453,,51141868,972.47,True
176060,New Braunfels,TX,2022,95534,COMAL COUNTY 0.438; GUADALUPE COUNTY 0.130,True,20794000,21214000,0,2021000,9480096,11180267,,64689363,804.51,True
176107,Odessa,TX,2012,118968,ECTOR COUNTY 0.720; MIDLAND COUNTY 0.012,True,17322000,13197000,0,2049000,9303117,6122434,,47993551,577.39,True
176107,Odessa,TX,2017,118968,ECTOR COUNTY 0.729; MIDLAND COUNTY 0.012,True,23623000,18402000,0,2830000,12926311,8916071,,66697382,752.03,True
176107,Odessa,TX,2022,125413,ECTOR COUNTY 0.677; MIDLAND COUNTY 0.023,True,31844000,27281000,0,4406000,17003572,9286850,,89821422,850.93,True
205455,Pasadena,TX,2012,153784,HARRIS COUNTY 0.036,True,42921000,4299000,0,1831000,9167790,7772914,,65991704,614.18,True
205455,Pasadena,TX,2017,153784,HARRIS COUNTY 0.033,True,53606000,5641000,0,4636000,12578347,9136769,,85598116,746.63,True
205455,Pasadena,TX,2022,149440,HARRIS COUNTY 0.031,True,54593000,4693000,0,9654000,13176035,11442359,,93558394,743.83,True
135095,Pearland,TX,2012,108821,BRAZORIA COUNTY 0.290; FORT BEND COUNTY 0.001; HARRIS COUNTY 0.001,True,15472000,5435000,949000,1353000,7590799,5379156,,36178956,475.84,True
135095,Pearland,TX,2017,108821,BRAZORIA COUNTY 0.313; FORT BEND COUNTY 0.001; HARRIS COUNTY 0.001,True,21747000,14673000,1158000,2227000,9316192,7067384,,56188575,692.61,True
135095,Pearland,TX,2022,123562,BRAZORIA COUNTY 0.291; FORT BEND COUNTY 0.007; HARRIS COUNTY 0.002,True,30911000,19074000,0,1729000,10319016,7769127,,69802143,671.18,True
176053,Plano,TX,2012,283558,COLLIN COUNTY 0.319; DENTON COUNTY 0.008,True,55144000,46340000,0,3872000,13192456,16192414,,134740870,680.1,True
176053,Plano,TX,2017,283558,COLLIN COUNTY 0.290; DENTON COUNTY 0.007,True,64948000,52792000,0,7292000,10956883,9529450,,145518333,688.38,True
176053,Plano,TX,2022,291296,COLLIN COUNTY 0.245; DENTON COUNTY 0.006,True,86737000,71636000,0,11113000,10790221,10636678,,190912898,778.68,True
212234,Richardson,TX,2012,110815,COLLIN COUNTY 0.036; DALLAS COUNTY 0.030,True,23914000,16531000,0,1844000,4957752,5011376,,52258128,674.95,True
212234,Richardson,TX,2017,110815,COLLIN COUNTY 0.034; DALLAS COUNTY 0.032,True,26591000,20365000,0,1755000,6611633,5430678,,60753311,735.4,True
212234,Richardson,TX,2022,121112,COLLIN COUNTY 0.037; DALLAS COUNTY 0.029,True,30764000,24997000,0,1476000,7945672,6137918,,71320590,699.66,True
135298,Round Rock,TX,2012,115997,TRAVIS COUNTY 0.001; WILLIAMSON COUNTY 0.230,True,23328000,13664000,0,1591000,6729448,4412720,,49725167,613.54,True
135298,Round Rock,TX,2017,115997,TRAVIS COUNTY 0.001; WILLIAMSON COUNTY 0.223,True,24770000,15773000,0,1868000,7319361,5434031,,55164392,637.92,True
135298,Round Rock,TX,2022,137575,TRAVIS COUNTY 0.001; WILLIAMSON COUNTY 0.186,True,31611000,20030000,0,2388000,5029669,7440268,,66498937,574.29,True
135285,San Angelo,TX,2012,100450,TOM GREEN COUNTY 0.846,True,15576000,17964000,0,2638000,6304138,10418364,,52900502,753.74,True
135285,San Angelo,TX,2017,100450,TOM GREEN COUNTY 0.848,True,20202000,17645000,0,3783000,10221645,11440002,,63291647,845.18,True
135285,San Angelo,TX,2022,101612,TOM GREEN COUNTY 0.834,True,23161000,20169000,0,3076000,9796329,12447139,,68649468,802.69,True
175988,San Antonio,TX,2012,1469845,BEXAR COUNTY 0.773; MEDINA COUNTY 0.001,True,308881000,226022000,0,20684000,76965398,70877090,,703429488,684.96,True
175988,San Antonio,TX,2017,1469845,BEXAR COUNTY 0.772; MEDINA COUNTY 0.001,True,389142000,269015000,0,25927000,73952352,105197931,,863234282,787.79,True
175988,San Antonio,TX,2022,1567118,BEXAR COUNTY 0.715; MEDINA COUNTY 0.000,True,492530000,342986000,0,27460000,71858928,110674757,,1045509685,792.65,True
176132,Sugar Land,TX,2012,88156,FORT BEND COUNTY 0.178,True,16398000,14479000,304000,802000,7873329,7947238,,47803567,776.11,True
176132,Sugar Land,TX,2017,88156,FORT BEND COUNTY 0.155,True,21864000,14385000,388000,1877000,8303541,6412526,,53230067,809.95,True
176132,Sugar Land,TX,2022,117875,FORT BEND COUNTY 0.123,True,29484000,18187000,0,2112000,7604475,6147390,,63534864,640.4,True
135275,Tyler,TX,2012,103700,SMITH COUNTY 0.461,True,22245000,14892000,0,3086000,12361004,5879963,,58463967,806.91,True
135275,Tyler,TX,2017,103700,SMITH COUNTY 0.461,True,27658000,18104000,0,2785000,13529571,6576695,,68653266,888.05,True
135275,Tyler,TX,2022,108222,SMITH COUNTY 0.452,True,31959000,21643000,0,3838000,15363606,7449035,,80252640,881.05,True
176286,Waco,TX,2012,132356,MCLENNAN COUNTY 0.533,True,35640000,20027000,0,2567000,20555164,6168893,,84958056,918.7,True
176286,Waco,TX,2017,132356,MCLENNAN COUNTY 0.544,True,41704000,23365000,0,2722000,23943414,6323669,,98058083,993.79,True
176286,Waco,TX,2022,141377,MCLENNAN COUNTY 0.538,True,45884000,32390000,0,2600000,26023232,6994746,,113891978,957.13,True
135295,Wichita Falls,TX,2012,104710,WICHITA COUNTY 0.794,True,20085000,12751000,0,1552000,12188235,5244071,,51820307,708.31,True
135295,Wichita Falls,TX,2017,104710,WICHITA COUNTY 0.792,True,23609000,15913000,0,1598000,13789162,6582451,,61491613,787.74,True
135295,Wichita Falls,TX,2022,105405,CLAY COUNTY 0.000; WICHITA COUNTY 0.789,True,28637000,19428000,0,1933000,14842267,7420043,,72260310,814.51,True
176517,Provo,UT,2012,115264,UTAH COUNTY 0.214,True,15167000,8311000,0,2534000,5362498,2235016,,33609514,417.33,True
176517,Provo,UT,2017,115264,UTAH COUNTY 0.194,True,15070000,9514000,0,2712000,4283818,2422813,,34002631,395.71,True
176517,Provo,UT,2022,116295,UTAH COUNTY 0.162,True,18071000,10804000,0,2887000,3954156,3017598,,38733754,395.72,True
176492,Salt Lake,UT,2012,192672,SALT LAKE COUNTY 0.179,True,56894000,35529000,0,9049000,14244295,9647718,,125364012,931.25,True
176492,Salt Lake,UT,2017,192672,SALT LAKE COUNTY 0.177,True,75487000,36319000,0,12848000,13998365,12467227,,151119592,1052.1,True
176492,Salt Lake,UT,2022,204087,SALT LAKE COUNTY 0.175,True,64582000,44278000,0,12894000,15117694,11731459,,148603152,865.11,True
184202,St George,UT,2012,80202,WASHINGTON COUNTY 0.520,True,12636000,3987000,0,1073000,4126776,3425276,,25248051,450.56,True
184202,St George,UT,2017,80202,WASHINGTON COUNTY 0.510,True,13236000,6732000,0,1471000,4341257,2400430,,28180687,471.33,True
184202,St George,UT,2022,92378,WASHINGTON COUNTY 0.519,True,17346000,10561000,0,1549000,0,3924856,,33380856,429.33,True
114311,West Jordan,UT,2012,111946,SALT LAKE COUNTY 0.102,True,13176000,8603000,0,1938000,8095407,5483052,,37295459,476.83,True
114311,West Jordan,UT,2017,111946,SALT LAKE COUNTY 0.100,True,18006000,10684000,0,2002000,7938226,7069945,,45700171,547.6,True
114311,West Jordan,UT,2022,116530,SALT LAKE COUNTY 0.098,True,17505000,10942000,0,2341000,8490969,6589064,,45868033,467.66,True
176495,West Valley,UT,2012,136208,SALT LAKE COUNTY 0.125,True,20200000,8040000,0,4623000,9921192,6719663,,49503855,520.18,True
176495,West Valley,UT,2017,136208,SALT LAKE COUNTY 0.120,True,24167000,9215000,0,4241000,9498004,8459115,,55580120,547.36,True
176495,West Valley,UT,2022,133894,SALT LAKE COUNTY 0.115,True,33022000,14736000,0,5033000,9957083,7726782,,70474865,625.36,True
209712,Alexandria,VA,2012,153511,,False,67015000,45356000,24099000,17996000,0,0,,154466000,1440.15,True
209712,Alexandria,VA,2017,153511,,False,94303000,52273000,4341000,15827000,0,0,,166744000,1457.02,True
209712,Alexandria,VA,2022,158726,,False,76440000,56399000,19022000,12836000,0,0,,164697000,1232.81,True
114563,Chesapeake,VA,2012,235429,,False,39635000,39160000,44548000,8528000,0,0,,131871000,801.68,True
114563,Chesapeake,VA,2017,235429,,False,62922000,44656000,57316000,9802000,0,0,,174696000,995.36,True
114563,Chesapeake,VA,2022,247011,,False,83430000,57878000,56904000,10228000,0,0,,208440000,1002.59,True
136056,Hampton,VA,2012,136454,,False,26899000,18915000,8419000,4290000,0,0,,58523000,613.84,True
136056,Hampton,VA,2017,136454,,False,30829000,23500000,16992000,5255000,0,0,,76576000,752.77,True
136056,Hampton,VA,2022,135464,,False,32544000,25530000,23162000,6626000,0,0,,87862000,770.61,True
176784,Newport News,VA,2012,182385,,False,46150000,30222000,31076000,8580000,0,0,,116028000,910.52,True
176784,Newport News,VA,2017,182385,,False,50974000,34973000,29787000,9236000,0,0,,124970000,919.12,True
176784,Newport News,VA,2022,179062,,False,76767000,41948000,36088000,11463000,0,0,,166266000,1103.21,True
136057,Norfolk,VA,2012,246393,,False,68217000,40619000,36302000,13390000,0,0,,158528000,920.86,True
136057,Norfolk,VA,2017,246393,,False,73616000,44075000,42246000,25071000,0,0,,185008000,1007.2,True
136057,Norfolk,VA,2022,242803,,False,89867000,41111000,36661000,13003000,0,0,,180642000,883.94,True
194178,Richmond,VA,2012,220289,,False,92065000,47130000,64062000,15953000,0,0,,219210000,1424.24,True
194178,Richmond,VA,2017,220289,,False,103295000,45823000,35455000,21997000,0,0,,206570000,1257.85,True
194178,Richmond,VA,2022,232226,,False,117876000,85640000,46553000,25297000,0,0,,275366000,1408.83,True
202751,Virginia Beach,VA,2012,452745,,False,89260000,47591000,42430000,16678000,0,0,,195959000,619.48,True
202751,Virginia Beach,VA,2017,452745,,False,97551000,55117000,52106000,18213000,0,0,,222987000,660.66,True
202751,Virginia Beach,VA,2022,451231,,False,115978000,84383000,49543000,21891000,0,0,,271795000,715.65,True
114624,Bellevue,WA,2012,139820,KING COUNTY 0.066,True,28555000,15749000,1840000,3139000,9810213,12129523,,71222736,729.06,True
114624,Bellevue,WA,2017,139820,KING COUNTY 0.066,True,38209000,25571000,2207000,3931000,11622837,15881683,,97422519,934.64,True
114624,Bellevue,WA,2022,148073,KING COUNTY 0.067,True,48618000,35981000,3048000,3832000,13672586,17398547,,122550133,983.32,True
176873,Everett,WA,2012,108010,SNOHOMISH COUNTY 0.143,True,26241000,18762000,0,6767000,6979594,6537227,,65286821,865.12,True
176873,Everett,WA,2017,108010,SNOHOMISH COUNTY 0.137,True,33079000,23914000,98000,6215000,7515522,8676838,,79498359,987.3,True
176873,Everett,WA,2022,112482,SNOHOMISH COUNTY 0.133,True,37740000,25013000,0,2073000,8844583,8233494,,81904077,865.13,True
205590,Kent,WA,2012,126952,KING COUNTY 0.062,True,21975000,2242000,4117000,10537000,9265383,11455885,,59592268,671.84,True
205590,Kent,WA,2017,126952,KING COUNTY 0.060,True,29761000,2532000,4278000,6257000,10536664,14397513,,67762177,715.98,True
205590,Kent,WA,2022,130676,KING COUNTY 0.059,True,41353000,4847000,5364000,4685000,12174181,15491806,,83914988,762.96,True
136110,Renton,WA,2012,100242,KING COUNTY 0.048,True,19240000,19492000,28720000,3545000,7126320,8811110,,86934431,1241.24,True
136110,Renton,WA,2017,100242,KING COUNTY 0.046,True,25562000,13272000,28883000,4348000,8159180,11148871,,91373050,1222.71,True
136110,Renton,WA,2022,101494,KING COUNTY 0.046,True,36122000,0,30286000,3485000,9428700,11998146,,91319846,1069.01,True
184255,Seattle,WA,2012,684451,KING COUNTY 0.316,True,174096000,128764000,1000,27125000,47235558,58402890,,435624448,910.93,True
184255,Seattle,WA,2017,684451,KING COUNTY 0.331,True,214965000,191403000,0,57655000,58297879,79659419,,601980298,1179.76,True
184255,Seattle,WA,2022,769714,KING COUNTY 0.331,True,269267000,241863000,0,63483000,67862982,86356541,,728832523,1125.01,True
205599,Spokane,WA,2012,213272,SPOKANE COUNTY 0.440,True,42570000,37478000,1068000,9759000,16167730,15175901,,122218631,820.2,True
205599,Spokane,WA,2017,213272,SPOKANE COUNTY 0.430,True,56947000,47368000,1145000,10540000,18686692,16920275,,151606967,953.54,True
205599,Spokane,WA,2022,222050,SPOKANE COUNTY 0.420,True,71882000,66728000,654000,7755000,17911571,13518357,,178448927,954.82,True
213591,Spokane Valley,WA,2012,94919,SPOKANE COUNTY 0.191,True,171000,0,0,431000,7002973,6573367,,14178340,213.79,True
213591,Spokane Valley,WA,2017,94919,SPOKANE COUNTY 0.193,True,451000,0,0,488000,8386084,7593364,,16918448,239.09,True
213591,Spokane Valley,WA,2022,102893,SPOKANE COUNTY 0.194,True,25134000,0,2069000,1078000,8286712,6254210,,42821923,494.47,True
176868,Tacoma,WA,2012,207948,PIERCE COUNTY 0.247,True,57863000,44521000,2000,9209000,15352235,17092965,,144040200,991.39,True
176868,Tacoma,WA,2017,207948,PIERCE COUNTY 0.243,True,85595000,72028000,0,11401000,16062064,21334082,,206420146,1331.53,True
176868,Tacoma,WA,2022,219945,PIERCE COUNTY 0.238,True,90580000,95120000,0,3767000,19518034,14836566,,223821600,1209.05,True
176816,Vancouver,WA,2012,172860,CLARK COUNTY 0.390,True,24849000,27493000,58000,3517000,13404507,9993372,,79314878,656.71,True
176816,Vancouver,WA,2017,172860,CLARK COUNTY 0.380,True,36292000,38608000,22000,5696000,15540324,11723489,,107881814,837.16,True
176816,Vancouver,WA,2022,186192,CLARK COUNTY 0.377,True,58175000,55558000,0,2766000,16984504,10043995,,143527498,915.87,True
177090,Green Bay,WI,2012,105207,BROWN COUNTY 0.414,True,26235000,21932000,0,972000,7247394,3461806,,59848200,814.18,True
177090,Green Bay,WI,2017,105207,BROWN COUNTY 0.401,True,26764000,22999000,0,1083000,7243582,3552812,,61642394,785.94,True
177090,Green Bay,WI,2022,103836,BROWN COUNTY 0.391,True,28713000,28378000,0,1135000,9115872,4099954,,71441826,817.45,True
209777,Madison,WI,2012,248951,DANE COUNTY 0.477,True,67929000,44118000,0,2585000,17067234,12015417,,143714651,826.23,True
209777,Madison,WI,2017,248951,DANE COUNTY 0.476,True,73348000,52238000,0,2737000,18293035,14389518,,161005553,867.53,True
209777,Madison,WI,2022,263094,DANE COUNTY 0.486,True,83281000,64586000,0,3136000,22392268,18168357,,191563626,865.09,True
136562,Milwaukee,WI,2012,600155,MILWAUKEE COUNTY 0.627,True,256575000,112584000,5546000,14470000,91749709,34946806,,515871515,1230.25,True
136562,Milwaukee,WI,2017,600155,MILWAUKEE COUNTY 0.625,True,315980000,110894000,6332000,20129000,75746846,45684180,,574766026,1284.64,True
136562,Milwaukee,WI,2022,589067,MILWAUKEE COUNTY 0.612,True,310739000,133030000,9600000,16620000,98233039,43647833,,611869872,1234.11,True
