pid,city,state,year,full_census_year,population,population_year,police_sworn_ft,police_sworn_pt,police_other_ft,police_other_pt,fire_firefighters_ft,fire_firefighters_pt,fire_other_ft,fire_other_pt,city_total_ft,city_total_pt,police_sworn_march_payroll_usd,police_other_march_payroll_usd,fire_firefighters_march_payroll_usd,fire_other_march_payroll_usd,police_flag_class,fire_flag_class,police_flags,fire_flags,sworn_per_1k,firefighters_per_1k,police_civilian_share,police_fire_share_of_city_ft,sworn_pay_annualized_usd,firefighter_pay_annualized_usd,sworn_pay_annualized_real_usd,firefighter_pay_annualized_real_usd,real_dollar_base_year
194463,Anchorage Municipality,AK,2012,True,291826,2010,382,0,142,0,336,0,51,0,9421,1590,3322551,755871,3039807,375244,reported,reported,R,R,1.309,1.151,0.271,0.0967,104373,108565,146355,152233,2025
194463,Anchorage Municipality,AK,2013,False,291826,2010,322,0,139,0,359,0,50,0,9120,1407,2994422,779279,3204681,386866,prorated,prorated,RT,RT,1.103,1.23,0.3015,0.0954,111593,107120,154220,148038,2025
194463,Anchorage Municipality,AK,2014,False,291826,2010,327,0,127,0,361,0,46,0,8492,1721,3050739,895291,3683628,444458,imputed,prorated,ATV,RT,1.121,1.237,0.2797,0.1014,111954,122447,152249,166519,2025
194463,Anchorage Municipality,AK,2015,False,291826,2010,359,0,141,0,328,0,59,0,8908,1432,3348926,950325,3272500,481384,reported,reported,R,R,1.23,1.124,0.282,0.0996,111942,119726,152052,162625,2025
194463,Anchorage Municipality,AK,2016,False,291826,2010,366,0,145,0,313,0,56,0,8976,1405,3738454,898818,3489001,447204,reported,reported,R,R,1.254,1.073,0.2838,0.098,122572,133764,164417,179430,2025
194463,Anchorage Municipality,AK,2017,True,298695,2010,400,0,143,0,330,0,50,0,8920,1497,3857261,912206,3265451,408937,reported,reported,R,R,1.339,1.105,0.2634,0.1035,115718,118744,151985,155960,2025
194463,Anchorage Municipality,AK,2018,False,298695,2010,408,0,146,0,337,0,51,0,8917,1345,4080888,965092,3454768,432645,imputed,imputed,G,G,1.366,1.128,0.2635,0.1056,120026,123018,153885,157721,2025
194463,Anchorage Municipality,AK,2019,False,294356,2010,428,0,142,0,335,0,69,1,8842,1187,4506149,1075707,3739240,659862,reported,reported,R,R,1.454,1.138,0.2491,0.1102,126341,133943,159098,168671,2025
194463,Anchorage Municipality,AK,2020,False,288000,2010,431,0,150,0,347,0,64,1,8952,1300,4283937,1140747,4008205,669733,reported,reported,R,R,1.497,1.205,0.2582,0.1108,119274,138612,148369,172424,2025
194463,Anchorage Municipality,AK,2021,False,288000,2020,431,0,157,0,346,0,67,1,8453,1064,4242338,1164525,3673812,613858,reported,reported,R,V,1.497,1.201,0.267,0.1184,118116,127415,140335,151383,2025
194463,Anchorage Municipality,AK,2022,True,287095,2020,420,0,153,0,341,0,70,0,8662,1285,4335516,1190103,3653884,651684,prorated,reported,T,R,1.463,1.188,0.267,0.1136,123872,128582,136269,141450,2025
194463,Anchorage Municipality,AK,2023,False,288121,2020,406,0,151,0,350,0,68,0,8553,1203,4443117,1156289,3726311,680286,reported,reported,R,R,1.409,1.215,0.2711,0.114,131324,127759,138755,134988,2025
194463,Anchorage Municipality,AK,2024,False,287145,2020,386,0,151,0,356,0,80,0,8571,1203,5106683,1321946,3724723,792588,reported,reported,R,R,1.344,1.24,0.2812,0.1135,158757,125552,162934,128856,2025
194463,Anchorage Municipality,AK,2025,False,286075,2020,367,0,165,0,399,0,37,0,8528,1191,4489790,1397600,4452247,390948,reported,reported,R,R,1.283,1.395,0.3102,0.1135,146805,133902,146805,133902,2025
225038,Birmingham,AL,2012,True,212237,2010,810,0,194,0,636,0,116,0,4528,257,4310816,716626,3007786,438860,imputed,imputed,G,G,3.816,2.997,0.1932,0.3878,63864,56751,89552,79578,2025
225038,Birmingham,AL,2013,False,212237,2010,812,0,195,0,638,0,116,0,4551,254,4384038,728798,3058875,446314,imputed,imputed,G,G,3.826,3.006,0.1936,0.3869,64789,57534,89537,79511,2025
225038,Birmingham,AL,2014,False,212237,2010,800,0,191,0,632,0,63,0,4693,270,4413979,733774,3286128,251042,prorated,reported,T,CR,3.769,2.978,0.1927,0.3593,66210,62395,90041,84852,2025
225038,Birmingham,AL,2015,False,212237,2010,818,0,195,0,646,0,64,0,4799,259,4602740,765153,3426657,261778,imputed,imputed,G,G,3.854,3.044,0.1925,0.359,67522,63653,91716,86461,2025
225038,Birmingham,AL,2016,False,212237,2010,823,0,196,0,650,0,64,0,4805,277,4752435,790038,3538102,270292,imputed,imputed,G,G,3.878,3.063,0.1923,0.3607,69294,65319,92950,87618,2025
225038,Birmingham,AL,2017,True,212461,2010,886,0,242,0,580,0,60,0,4417,180,4843586,2437175,5760289,370880,imputed,imputed,G,G,4.17,2.73,0.2145,0.4003,65602,119178,86162,156530,2025
225038,Birmingham,AL,2018,False,212461,2010,894,0,245,0,586,0,61,0,4473,183,4966971,2499259,5907026,380328,imputed,imputed,G,G,4.208,2.758,0.2151,0.3993,66671,120963,85479,155086,2025
225038,Birmingham,AL,2019,False,210710,2010,907,0,248,0,594,0,62,0,4531,171,4961681,1248299,2950368,379923,imputed,imputed,G,G,4.304,2.819,0.2147,0.3997,65645,59603,82665,75057,2025
225038,Birmingham,AL,2020,False,209403,2010,881,0,136,0,577,0,60,0,4304,180,5113440,748907,3040608,391543,prorated,reported,RT,R,4.207,2.755,0.1337,0.3843,69650,63236,86640,78661,2025
225038,Birmingham,AL,2021,False,209403,2020,885,0,79,0,600,0,29,0,4049,108,4945137,451766,4099827,206026,reported,reported,R,R,4.226,2.865,0.082,0.3934,67053,81997,79667,97422,2025
225038,Birmingham,AL,2022,True,206950,2020,782,0,113,0,627,0,24,0,3959,121,4632459,539757,4273930,198678,reported,reported,R,R,3.779,3.03,0.1263,0.3905,71086,81798,78200,89984,2025
225038,Birmingham,AL,2023,False,197575,2020,785,0,113,0,630,0,24,0,3976,149,4963326,578307,4579187,212868,imputed,imputed,G,G,3.973,3.189,0.1258,0.3903,75872,87223,80165,92158,2025
225038,Birmingham,AL,2024,False,196910,2020,807,0,116,0,648,0,25,0,4068,163,5289946,616364,4880529,226876,imputed,imputed,G,G,4.098,3.291,0.1257,0.3923,78661,90380,80731,92758,2025
225038,Birmingham,AL,2025,False,196644,2020,815,0,117,0,655,0,25,0,4104,177,5623183,655192,5187976,241167,imputed,imputed,G,G,4.145,3.331,0.1255,0.3928,82795,95047,82795,95047,2025
207520,Huntsville,AL,2012,True,180105,2010,382,18,92,78,340,0,23,1,2474,306,1819031,325336,1624092,93252,reported,reported,R,R,2.121,1.888,0.1941,0.3383,57142,57321,80126,80377,2025
207520,Huntsville,AL,2013,False,180105,2010,400,16,92,81,365,0,22,1,2520,301,1915059,330548,1716020,95273,reported,reported,R,R,2.221,2.027,0.187,0.3488,57452,56417,79398,77967,2025
207520,Huntsville,AL,2014,False,180105,2010,401,13,112,78,354,0,23,1,2516,285,1954771,396922,1752818,95677,reported,reported,R,R,2.226,1.966,0.2183,0.3537,58497,59418,79551,80804,2025
207520,Huntsville,AL,2015,False,180105,2010,405,14,101,75,363,0,23,1,2571,286,2040254,371650,1791200,96959,reported,reported,R,R,2.249,2.015,0.1996,0.3469,60452,59213,82113,80430,2025
207520,Huntsville,AL,2016,False,180105,2010,413,14,104,77,377,0,25,1,2595,289,2065413,378665,1851413,104920,reported,reported,R,R,2.293,2.093,0.2012,0.3541,60012,58931,80499,79049,2025
207520,Huntsville,AL,2017,True,190582,2010,390,18,127,76,364,0,25,1,2526,295,2246922,459963,1979494,111498,reported,reported,R,R,2.046,1.91,0.2456,0.3587,69136,65258,90804,85710,2025
207520,Huntsville,AL,2018,False,190582,2010,405,23,122,78,372,0,26,1,2704,295,2210915,441646,1963833,120253,reported,reported,R,R,2.125,1.952,0.2315,0.3421,65509,63349,83989,81219,2025
207520,Huntsville,AL,2019,False,194585,2010,434,26,114,77,359,0,26,3,2742,333,2378293,445482,1938965,122055,reported,reported,R,R,2.23,1.845,0.208,0.3403,65759,64812,82809,81616,2025
207520,Huntsville,AL,2020,False,200574,2010,422,30,127,75,362,2,29,1,2784,328,2452495,416924,1881995,122812,reported,reported,R,R,2.104,1.805,0.2313,0.3376,69739,62387,86750,77605,2025
207520,Huntsville,AL,2021,False,200574,2020,436,32,110,77,380,2,26,1,2804,292,2551417,439433,2105733,128482,reported,reported,R,R,2.174,1.895,0.2015,0.3395,70222,66497,83432,79006,2025
207520,Huntsville,AL,2022,True,202964,2020,428,36,101,81,376,1,51,2,2829,291,2536351,434426,2131741,203131,reported,reported,R,R,2.109,1.853,0.1909,0.3379,71113,68034,78230,74843,2025
207520,Huntsville,AL,2023,False,216963,2020,420,38,113,74,393,1,50,3,2960,322,2978631,521162,2610837,251193,reported,reported,R,R,1.936,1.811,0.212,0.3297,85104,79720,89919,84231,2025
207520,Huntsville,AL,2024,False,221933,2020,433,34,130,74,401,2,50,2,3089,328,3233713,618948,2208443,252594,reported,reported,R,R,1.951,1.807,0.2309,0.3283,89618,66088,91976,67827,2025
207520,Huntsville,AL,2025,False,225564,2020,426,37,129,75,433,2,51,2,3184,320,3242598,643514,2418644,274950,reported,reported,R,R,1.889,1.92,0.2324,0.3263,91341,67029,91341,67029,2025
160683,Mobile,AL,2012,True,195111,2010,551,0,163,90,501,0,47,1,2744,300,1977791,437259,1951273,124983,reported,reported,R,R,2.824,2.568,0.2283,0.4599,43073,46737,60398,65536,2025
160683,Mobile,AL,2013,False,195111,2010,537,0,157,86,480,0,33,1,2662,284,2042382,419352,2145193,114896,reported,reported,R,R,2.752,2.46,0.2262,0.4534,45640,53630,63074,74116,2025
160683,Mobile,AL,2014,False,195111,2010,513,0,158,87,483,0,34,2,2754,293,1865700,414067,2038161,100084,reported,reported,R,R,2.629,2.476,0.2355,0.4314,43642,50638,59350,68864,2025
160683,Mobile,AL,2015,False,195111,2010,496,0,152,81,448,0,36,2,2650,295,1867754,438466,1997605,113166,reported,reported,R,R,2.542,2.296,0.2346,0.4272,45188,53507,61379,72679,2025
160683,Mobile,AL,2016,False,195111,2010,482,0,150,80,452,0,34,0,2618,269,1810544,438302,1986830,121396,reported,reported,R,R,2.47,2.317,0.2373,0.427,45076,52748,60464,70756,2025
160683,Mobile,AL,2017,True,194288,2010,485,0,146,78,454,0,35,0,2575,262,2459939,448896,1941231,121429,reported,reported,R,R,2.496,2.337,0.2314,0.435,60864,51310,79939,67391,2025
160683,Mobile,AL,2018,False,194288,2010,466,0,136,76,450,0,30,0,2496,258,2125004,433464,1947923,101988,reported,reported,R,R,2.399,2.316,0.2259,0.4335,54721,51945,70158,66598,2025
160683,Mobile,AL,2019,False,190265,2010,499,0,138,68,436,0,31,0,2524,251,2157330,454794,2027796,104415,reported,reported,R,R,2.623,2.292,0.2166,0.4374,51880,55811,65331,70282,2025
160683,Mobile,AL,2020,False,188720,2010,501,0,142,67,438,0,32,0,2493,255,2779666,492207,2061741,108210,reported,reported,R,R,2.655,2.321,0.2208,0.4465,66579,56486,82820,70265,2025
160683,Mobile,AL,2021,False,188720,2020,484,0,141,51,447,0,28,0,2481,199,2211389,478806,2123498,100936,reported,reported,R,R,2.565,2.369,0.2256,0.4434,54828,57007,65142,67731,2025
160683,Mobile,AL,2022,True,187746,2020,421,0,130,50,470,0,30,0,2314,190,2116315,502282,2312042,117849,reported,reported,R,R,2.242,2.503,0.2359,0.4542,60323,59031,66360,64939,2025
160683,Mobile,AL,2023,False,184952,2020,428,0,128,49,456,0,29,0,2365,216,2441458,540788,2245901,130169,reported,reported,R,R,2.314,2.466,0.2302,0.4402,68452,59103,72325,62447,2025
160683,Mobile,AL,2024,False,183289,2020,461,0,178,52,469,0,33,0,2523,231,2659021,852172,2615353,151289,reported,reported,R,R,2.515,2.559,0.2786,0.4522,69215,66917,71036,68678,2025
160683,Mobile,AL,2025,False,182595,2020,474,2,142,58,481,0,30,2,2502,249,3058141,633350,2901509,132403,reported,reported,R,R,2.596,2.634,0.2305,0.4504,77421,72387,77421,72387,2025
100091,Montgomery,AL,2012,True,205764,2010,531,0,141,68,422,0,9,0,2814,137,2150638,421764,1715374,28575,reported,reported,R,R,2.581,2.051,0.2098,0.392,48602,48778,68151,68398,2025
100091,Montgomery,AL,2013,False,205764,2010,537,0,115,69,419,0,7,0,2758,96,2322996,349317,1802052,20881,reported,reported,R,R,2.61,2.036,0.1764,0.3909,51911,51610,71740,71324,2025
100091,Montgomery,AL,2014,False,205764,2010,504,0,109,63,451,0,7,0,2788,104,2097807,327370,1816053,22207,reported,reported,R,R,2.449,2.192,0.1778,0.3841,49948,48321,67925,65713,2025
100091,Montgomery,AL,2015,False,205764,2010,496,0,64,53,419,0,7,0,2566,101,2032112,219927,1739933,21897,reported,reported,R,R,2.411,2.036,0.1143,0.3843,49164,49831,66780,67686,2025
100091,Montgomery,AL,2016,False,205764,2010,498,0,58,47,408,0,7,0,2556,112,2086265,153131,1817521,22510,reported,reported,R,R,2.42,1.983,0.1043,0.3799,50271,53456,67433,71705,2025
100091,Montgomery,AL,2017,True,200602,2010,505,0,108,47,412,0,7,0,2628,120,2163942,209631,1958622,22076,reported,reported,R,R,2.517,2.054,0.1762,0.3927,51420,57047,67536,74926,2025
100091,Montgomery,AL,2018,False,200602,2010,485,0,97,45,381,0,7,0,2557,121,2074325,184862,1892721,22260,reported,reported,R,R,2.418,1.899,0.1667,0.3794,51324,59613,65802,76430,2025
100091,Montgomery,AL,2019,False,199518,2010,459,0,51,46,413,0,7,0,2523,104,2116676,144580,2003300,22293,reported,reported,R,R,2.301,2.07,0.1,0.3686,55338,58207,69686,73299,2025
100091,Montgomery,AL,2020,False,198525,2010,463,0,51,47,416,0,7,0,2540,109,2183821,149166,2066848,23000,imputed,imputed,G,G,2.332,2.095,0.0992,0.3689,56600,59621,70406,74164,2025
100091,Montgomery,AL,2021,False,198525,2020,465,0,51,47,417,0,7,0,2551,105,2250347,153710,2129810,23701,imputed,imputed,G,G,2.342,2.1,0.0988,0.3685,58073,61289,68997,72818,2025
100091,Montgomery,AL,2022,True,196268,2020,467,0,51,47,418,0,7,0,2557,105,2398926,163858,2270431,25265,imputed,imputed,G,G,2.379,2.13,0.0985,0.3688,61643,65180,67812,71703,2025
100091,Montgomery,AL,2023,False,198665,2020,469,0,51,54,420,0,7,0,2566,121,2570265,175561,2432593,27070,imputed,imputed,G,G,2.361,2.114,0.0981,0.3691,65764,69503,69485,73436,2025
100091,Montgomery,AL,2024,False,196986,2020,482,0,52,63,432,0,7,0,2636,141,2739406,187114,2592674,28851,imputed,imputed,G,G,2.447,2.193,0.0974,0.3691,68201,72019,69996,73914,2025
100091,Montgomery,AL,2025,False,195287,2020,487,0,53,69,436,0,7,0,2665,154,2911973,198901,2755998,30668,imputed,imputed,G,G,2.494,2.233,0.0981,0.3689,71753,75853,71753,75853,2025
160723,Tuscaloosa,AL,2012,True,90468,2010,285,0,73,26,241,0,5,0,1276,51,1184802,236196,1029738,20110,reported,reported,R,R,3.15,2.664,0.2039,0.4734,49886,51273,69952,71896,2025
160723,Tuscaloosa,AL,2013,False,90468,2010,286,0,72,26,243,0,5,0,1294,59,1239036,243201,1087554,16789,reported,reported,R,R,3.161,2.686,0.2011,0.4683,51988,53706,71847,74221,2025
160723,Tuscaloosa,AL,2014,False,90468,2010,287,0,75,24,245,0,4,0,1302,40,1259335,254667,1116596,14362,reported,reported,R,R,3.172,2.708,0.2072,0.4693,52655,54690,71607,74374,2025
160723,Tuscaloosa,AL,2015,False,90468,2010,283,0,74,1,245,0,4,0,1296,30,1270900,258239,1135003,12245,reported,reported,R,R,3.128,2.708,0.2073,0.4676,53890,55592,73199,75511,2025
160723,Tuscaloosa,AL,2016,False,90468,2010,283,0,74,1,245,0,5,0,1309,48,1288741,260515,1158844,17066,reported,reported,R,R,3.128,2.708,0.2073,0.4637,54646,56760,73302,76137,2025
160723,Tuscaloosa,AL,2017,True,98332,2010,277,0,76,22,244,0,4,0,1280,38,1269855,271190,1163058,14521,reported,reported,R,R,2.817,2.481,0.2153,0.4695,55012,57200,72253,75127,2025
160723,Tuscaloosa,AL,2018,False,98332,2010,267,0,77,22,244,0,5,0,1270,63,1254555,285501,1197490,17748,reported,reported,R,R,2.715,2.481,0.2238,0.4669,56384,58893,72290,75506,2025
160723,Tuscaloosa,AL,2019,False,100287,2010,284,0,89,18,245,0,5,0,1291,129,1359483,330719,1253797,18449,reported,reported,R,R,2.832,2.443,0.2386,0.4826,57443,61410,72337,77332,2025
160723,Tuscaloosa,AL,2020,False,101129,2010,276,0,84,13,244,0,6,0,1296,30,1372184,324442,1300809,23569,reported,reported,R,R,2.729,2.413,0.2333,0.4707,59660,63974,74213,79579,2025
160723,Tuscaloosa,AL,2021,False,101129,2020,274,0,72,12,245,0,18,1,1310,46,1362184,283090,1310383,76205,reported,reported,R,R,2.709,2.423,0.2081,0.4649,59658,64182,70880,76255,2025
160723,Tuscaloosa,AL,2022,True,102819,2020,275,0,72,12,246,0,18,1,1312,46,1452122,301781,1396900,81236,imputed,imputed,G,G,2.675,2.393,0.2075,0.4657,63365,68141,69706,74960,2025
160723,Tuscaloosa,AL,2023,False,100618,2020,257,0,67,10,255,0,19,0,1289,32,1355776,349311,1751844,95901,reported,reported,CR,R,2.554,2.534,0.2068,0.4639,63305,82440,66887,87105,2025
160723,Tuscaloosa,AL,2024,False,110602,2020,264,0,69,12,262,0,20,0,1325,36,1444996,372299,1867128,102211,imputed,imputed,G,G,2.387,2.369,0.2072,0.4642,65682,85517,67410,87767,2025
160723,Tuscaloosa,AL,2025,False,111338,2020,267,0,70,13,265,0,20,0,1339,39,1536023,395753,1984746,108651,imputed,imputed,G,G,2.398,2.38,0.2077,0.4645,69035,89875,69035,89875,2025
100435,Little Rock,AR,2012,True,193524,2010,500,0,135,34,400,0,6,0,2629,434,2733243,428119,2211239,21866,reported,reported,CR,R,2.584,2.067,0.2126,0.396,65598,66337,91983,93020,2025
100435,Little Rock,AR,2013,False,193524,2010,518,0,144,37,411,0,6,0,2680,465,3051842,456334,2465778,23298,reported,reported,CR,R,2.677,2.124,0.2175,0.4026,70699,71994,97705,99495,2025
100435,Little Rock,AR,2014,False,193524,2010,547,0,136,39,412,0,6,0,2770,508,3079602,471579,2118826,23961,reported,reported,CR,R,2.827,2.129,0.1991,0.3975,67560,61713,91876,83925,2025
100435,Little Rock,AR,2015,False,193524,2010,542,0,118,38,419,0,5,2,2759,495,3027686,399581,2642254,20259,reported,reported,R,R,2.801,2.165,0.1788,0.3929,67034,75673,91053,102788,2025
100435,Little Rock,AR,2016,False,193524,2010,546,0,107,36,405,0,6,2,2776,442,3139496,398881,2202402,24674,reported,reported,R,R,2.821,2.093,0.1639,0.3833,69000,65256,92556,87534,2025
100435,Little Rock,AR,2017,True,197992,2010,569,0,127,33,409,0,7,2,2958,449,3183180,459688,2445544,29001,imputed,imputed,X,X,2.874,2.066,0.1825,0.3759,67132,71752,88172,94240,2025
100435,Little Rock,AR,2018,False,197992,2010,569,0,127,33,409,0,7,2,2945,459,3276371,473146,2517137,29848,reported,reported,R,R,2.874,2.066,0.1825,0.3776,69097,73852,88589,94685,2025
100435,Little Rock,AR,2019,False,198606,2010,584,0,124,32,428,0,7,1,2957,543,3513062,470952,2793465,29897,reported,reported,R,R,2.94,2.155,0.1751,0.3865,72186,78321,90902,98628,2025
100435,Little Rock,AR,2020,False,197312,2010,585,0,131,29,408,0,6,1,2917,515,3510524,530423,2638589,26168,reported,reported,R,R,2.965,2.068,0.183,0.3874,72011,77606,89577,96537,2025
100435,Little Rock,AR,2021,False,197312,2020,552,0,91,19,408,0,6,1,2834,357,3281686,317839,2676196,26142,prorated,reported,RT,R,2.798,2.068,0.1415,0.373,71341,78712,84761,93519,2025
100435,Little Rock,AR,2022,True,197866,2020,534,0,91,23,402,0,7,0,2766,352,3419978,350247,2753887,31895,reported,reported,R,R,2.699,2.032,0.1456,0.3738,76853,82206,84544,90433,2025
100435,Little Rock,AR,2023,False,201998,2020,521,0,89,19,434,0,7,8,2864,430,3571667,369465,2912366,33431,reported,reported,R,R,2.579,2.149,0.1459,0.367,82265,80526,86920,85082,2025
100435,Little Rock,AR,2024,False,202864,2020,521,0,96,30,422,0,6,8,2845,542,4016434,409007,3031514,29377,prorated,reported,RT,R,2.568,2.08,0.1556,0.3673,92509,86204,94943,88472,2025
100435,Little Rock,AR,2025,False,203842,2020,511,0,79,31,422,0,7,6,2967,439,4053218,360109,3072020,35700,reported,reported,R,R,2.507,2.07,0.1339,0.3434,95183,87356,95183,87356,2025
160830,Buckeye,AZ,2012,True,50876,2010,57,0,17,1,81,57,4,0,343,105,272096,78171,400488,32868,imputed,imputed,G,G,1.12,1.592,0.2297,0.4636,57283,59332,80324,83197,2025
160830,Buckeye,AZ,2017,True,62138,2010,61,0,18,1,86,85,4,0,362,156,328171,94281,483022,39642,imputed,imputed,G,G,0.982,1.384,0.2278,0.4669,64558,67398,84791,88521,2025
160830,Buckeye,AZ,2022,True,85224,2020,112,0,33,0,103,0,2,0,559,77,843634,242369,821976,12438,prorated,reported,T,R,1.314,1.209,0.2276,0.4472,90389,95764,99435,105348,2025
160830,Buckeye,AZ,2023,False,101315,2020,115,0,48,0,119,0,2,0,690,10,1139273,303384,1099317,11621,imputed,imputed,X,X,1.135,1.175,0.2945,0.4116,118881,110855,125608,117128,2025
160830,Buckeye,AZ,2024,False,105567,2020,120,0,50,0,124,0,2,0,721,10,1233249,328410,1189997,12579,reported,reported,R,R,1.137,1.175,0.2941,0.4105,123325,115161,126570,118191,2025
160830,Buckeye,AZ,2025,False,108909,2020,132,0,47,0,126,0,9,0,822,275,1364937,332074,1492575,63467,reported,reported,R,R,1.212,1.157,0.2626,0.382,124085,142150,124085,142150,2025
100249,Chandler,AZ,2012,True,236123,2010,315,0,154,1,206,0,19,3,1517,273,2353719,752191,1379684,97579,reported,reported,R,R,1.334,0.872,0.3284,0.4575,89665,80370,125731,112697,2025
100249,Chandler,AZ,2013,False,236123,2010,317,0,154,1,203,0,20,4,1512,266,2352964,756267,1429438,102703,reported,reported,R,R,1.343,0.86,0.327,0.459,89071,84499,123095,116776,2025
100249,Chandler,AZ,2014,False,236123,2010,319,0,153,1,201,0,19,6,1513,296,2381436,823141,1487761,100799,reported,reported,R,R,1.351,0.851,0.3242,0.4574,89584,88822,121827,120791,2025
100249,Chandler,AZ,2015,False,236123,2010,321,0,157,1,206,0,20,8,1569,283,2496264,782646,1541668,114284,reported,reported,R,R,1.359,0.872,0.3285,0.4487,93318,89806,126755,121985,2025
100249,Chandler,AZ,2016,False,236123,2010,342,0,159,1,199,0,20,6,1593,348,2664127,819279,1627113,116494,reported,reported,R,R,1.448,0.843,0.3174,0.452,93478,98117,125390,131613,2025
100249,Chandler,AZ,2017,True,260828,2010,333,0,166,1,203,0,19,7,1607,326,2804656,887404,1672348,118004,reported,reported,R,R,1.277,0.778,0.3327,0.4487,101069,98858,132745,129841,2025
100249,Chandler,AZ,2018,False,260828,2010,337,0,165,1,219,0,19,6,1645,306,2603925,922781,1882714,113732,reported,reported,R,R,1.292,0.84,0.3287,0.4498,92721,103162,118877,132263,2025
100249,Chandler,AZ,2019,False,253458,2010,334,0,154,2,216,0,20,6,1633,331,2882593,923455,1800292,120107,reported,reported,R,R,1.318,0.852,0.3156,0.4434,103566,100016,130418,125948,2025
100249,Chandler,AZ,2020,False,261165,2010,323,0,162,4,211,0,20,7,1590,354,2642270,932670,1809846,118701,reported,reported,R,R,1.237,0.808,0.334,0.4503,98165,102930,122110,128038,2025
100249,Chandler,AZ,2021,False,261165,2020,321,0,161,3,209,0,20,6,1579,307,2695975,951627,1846632,121115,imputed,imputed,G,G,1.229,0.8,0.334,0.4503,100784,106027,119743,125972,2025
100249,Chandler,AZ,2022,True,265398,2020,331,0,148,8,223,0,19,6,1609,286,3145596,912113,1875558,124428,reported,reported,R,R,1.247,0.84,0.309,0.4481,114040,100927,125453,111027,2025
100249,Chandler,AZ,2023,False,279458,2020,319,0,143,8,219,0,19,5,1564,286,3096278,897813,1936364,128462,prorated,prorated,T,T,1.141,0.784,0.3095,0.4476,116474,106102,123064,112106,2025
100249,Chandler,AZ,2024,False,280711,2020,338,0,167,6,242,0,22,10,1739,368,3718169,1536094,2266941,159103,reported,imputed,R,RX,1.204,0.862,0.3307,0.4422,132006,112410,135479,115368,2025
100249,Chandler,AZ,2025,False,280167,2020,333,0,178,8,231,0,25,8,1743,346,3728301,1282100,2103899,193281,reported,reported,CR,R,1.189,0.825,0.3483,0.44,134353,109293,134353,109293,2025
160831,Gilbert,AZ,2012,True,208453,2010,224,0,110,2,177,0,15,0,1079,107,1398919,446307,1055864,88164,reported,reported,R,R,1.075,0.849,0.3293,0.4875,74942,71584,105086,100377,2025
160831,Gilbert,AZ,2013,False,208453,2010,220,0,109,1,175,0,18,0,1078,117,1631612,521219,1156716,104908,reported,reported,R,R,1.055,0.84,0.3313,0.4842,88997,79318,122992,109616,2025
160831,Gilbert,AZ,2014,False,208453,2010,225,0,110,2,172,0,23,0,1115,133,1622188,523453,1134824,177258,reported,reported,R,R,1.079,0.825,0.3284,0.4753,86517,79174,117657,107671,2025
160831,Gilbert,AZ,2015,False,208453,2010,222,0,112,2,180,0,18,0,1129,135,1625173,553585,1239167,109388,reported,reported,R,R,1.065,0.864,0.3353,0.4712,87847,82611,119324,112212,2025
160831,Gilbert,AZ,2016,False,208453,2010,225,0,112,3,178,0,18,0,1148,144,1747672,578064,1197045,107154,reported,reported,R,R,1.079,0.854,0.3323,0.4643,93209,80700,125030,108250,2025
160831,Gilbert,AZ,2017,True,247542,2010,225,0,112,3,178,0,18,0,1148,148,1796635,594259,1230582,110156,imputed,imputed,G,G,0.909,0.719,0.3323,0.4643,95821,82961,125852,108962,2025
160831,Gilbert,AZ,2018,False,247542,2010,228,0,113,3,180,0,18,0,1162,148,1845031,610267,1263730,113123,imputed,imputed,G,G,0.921,0.727,0.3314,0.4639,97107,84249,124500,108015,2025
160831,Gilbert,AZ,2019,False,242354,2010,231,0,115,3,182,0,18,0,1178,147,1913230,632825,1310442,117304,imputed,imputed,G,G,0.953,0.751,0.3324,0.4635,99389,86403,125158,108805,2025
160831,Gilbert,AZ,2020,False,254114,2010,284,0,124,2,189,0,27,0,1332,124,2009730,692830,1533380,164353,reported,reported,R,R,1.118,0.744,0.3039,0.4685,84918,97357,105632,121105,2025
160831,Gilbert,AZ,2021,False,254114,2020,283,0,132,1,186,0,28,2,1346,123,2149868,749948,1665313,175301,reported,reported,R,R,1.114,0.732,0.3181,0.4673,91160,107440,108308,127651,2025
160831,Gilbert,AZ,2022,True,257658,2020,311,0,134,1,198,0,59,7,1421,157,2477046,788377,1900223,321331,reported,reported,R,R,1.207,0.768,0.3011,0.494,95577,115165,105142,126690,2025
160831,Gilbert,AZ,2023,False,273136,2020,329,0,150,1,223,0,56,4,1530,168,2899279,916287,2021304,336390,reported,reported,R,R,1.205,0.816,0.3132,0.4954,105749,108770,111733,114925,2025
160831,Gilbert,AZ,2024,False,275346,2020,318,0,161,3,216,0,63,2,1562,209,3080191,1023255,2176734,416148,reported,reported,R,R,1.155,0.784,0.3361,0.4853,116234,120930,119292,124112,2025
160831,Gilbert,AZ,2025,False,275411,2020,304,0,158,3,225,0,65,1,1575,82,3124576,1090728,2161834,433376,reported,reported,R,R,1.104,0.817,0.342,0.4775,123339,115298,123339,115298,2025
207535,Glendale,AZ,2012,True,226721,2010,396,0,126,4,231,0,40,0,1735,53,2505024,533619,1663664,200962,reported,reported,R,R,1.747,1.019,0.2414,0.4571,75910,86424,106443,121186,2025
207535,Glendale,AZ,2013,False,226721,2010,380,0,111,5,213,0,52,0,1567,45,2359648,500561,1365057,335946,reported,reported,R,R,1.676,0.939,0.2261,0.4825,74515,76905,102979,106282,2025
207535,Glendale,AZ,2014,False,226721,2010,383,0,112,5,214,0,52,0,1575,47,2425226,514473,1402993,345282,imputed,imputed,G,G,1.689,0.944,0.2263,0.4832,75986,78673,103335,106989,2025
207535,Glendale,AZ,2015,False,226721,2010,388,0,113,5,217,0,53,0,1596,47,2515386,533599,1455150,358118,imputed,imputed,G,G,1.711,0.957,0.2255,0.4831,77795,80469,105670,109302,2025
207535,Glendale,AZ,2016,False,226721,2010,395,0,115,5,221,0,54,0,1626,49,2684991,569578,1553266,382265,imputed,imputed,G,G,1.742,0.975,0.2255,0.4828,81569,84340,109416,113133,2025
207535,Glendale,AZ,2017,True,240126,2010,402,62,111,46,229,0,39,0,1675,556,3363778,571959,1957634,257295,imputed,imputed,G,G,1.674,0.954,0.2164,0.4663,100411,102583,131881,134734,2025
207535,Glendale,AZ,2018,False,240126,2010,405,63,112,46,230,0,39,0,1688,560,3451437,586864,2008649,264000,imputed,imputed,G,G,1.687,0.958,0.2166,0.4656,102265,104799,131113,134362,2025
207535,Glendale,AZ,2019,False,246709,2010,408,63,113,46,232,0,40,0,1699,567,3600555,612220,2095432,275407,imputed,imputed,G,G,1.654,0.94,0.2169,0.4667,105899,108384,133356,136485,2025
207535,Glendale,AZ,2020,False,252381,2010,413,64,114,47,235,0,40,0,1718,574,3674051,624716,2138205,281028,reported,reported,R,R,1.636,0.931,0.2163,0.4668,106752,109185,132792,135819,2025
207535,Glendale,AZ,2021,False,252381,2020,410,61,123,42,249,0,38,0,1760,376,3458077,662840,2072625,282817,reported,reported,R,R,1.625,0.987,0.2308,0.4659,101212,99886,120251,118676,2025
207535,Glendale,AZ,2022,True,255307,2020,413,65,124,44,251,0,38,0,1769,398,3704945,710159,2220585,303007,imputed,imputed,G,G,1.618,0.983,0.2309,0.4669,107650,106163,118423,116787,2025
207535,Glendale,AZ,2023,False,249630,2020,421,68,127,46,256,0,39,0,1806,414,4098010,785500,2456172,335154,imputed,imputed,G,G,1.686,1.026,0.2318,0.4668,116808,115133,123417,121648,2025
207535,Glendale,AZ,2024,False,252136,2020,433,71,131,48,263,0,40,0,1855,430,4501942,862925,2698273,368189,imputed,imputed,G,G,1.717,1.043,0.2323,0.4674,124765,123115,128048,126354,2025
207535,Glendale,AZ,2025,False,253855,2020,445,66,135,45,270,0,41,0,1904,400,4738115,908194,2839826,387504,imputed,imputed,G,G,1.753,1.064,0.2328,0.468,127769,126214,127769,126214,2025
122748,Goodyear,AZ,2012,True,65275,2010,92,0,16,0,88,0,0,0,479,7,489604,69920,683395,0,reported,reported,R,CR,1.409,1.348,0.1481,0.4092,63861,93190,89548,130674,2025
122748,Goodyear,AZ,2013,False,65275,2010,92,0,16,0,88,0,0,0,479,7,498693,71218,696082,0,imputed,imputed,G,G,1.409,1.348,0.1481,0.4092,65047,94920,89894,131178,2025
122748,Goodyear,AZ,2014,False,65275,2010,106,0,19,0,103,0,0,0,470,1,657552,93906,701751,0,prorated,reported,T,R,1.624,1.578,0.152,0.4851,74440,81757,101233,111183,2025
122748,Goodyear,AZ,2015,False,65275,2010,107,0,19,0,104,0,0,0,474,1,681997,97397,727839,0,imputed,imputed,G,G,1.639,1.593,0.1508,0.4852,76486,83981,103892,114072,2025
122748,Goodyear,AZ,2016,False,65275,2010,109,0,19,0,106,0,0,0,482,1,727982,103964,776915,0,imputed,imputed,G,G,1.67,1.624,0.1484,0.4855,80145,87953,107506,117979,2025
122748,Goodyear,AZ,2017,True,79003,2010,109,0,19,0,106,0,0,0,482,1,748377,106877,798681,0,imputed,imputed,G,G,1.38,1.342,0.1484,0.4855,82390,90417,108212,118755,2025
122748,Goodyear,AZ,2018,False,79003,2010,110,0,19,0,107,0,0,0,486,1,768536,109756,820195,0,imputed,imputed,G,G,1.392,1.354,0.1473,0.4856,83840,91984,107491,117932,2025
122748,Goodyear,AZ,2019,False,79858,2010,111,0,19,0,108,0,0,0,491,1,796944,113813,850512,0,imputed,imputed,G,G,1.39,1.352,0.1462,0.4847,86156,94501,108494,119003,2025
122748,Goodyear,AZ,2020,False,86840,2010,112,0,19,0,109,0,0,0,493,1,821071,117259,876261,0,imputed,imputed,G,G,1.29,1.255,0.145,0.4868,87972,96469,109431,120001,2025
122748,Goodyear,AZ,2021,False,86840,2020,135,0,49,5,135,0,22,1,774,397,1130294,269106,1056267,114975,,,,,1.555,1.555,0.2663,0.4406,100471,93890,119371,111552,2025
122748,Goodyear,AZ,2022,True,90622,2020,135,0,49,5,135,0,22,1,774,397,1199036,285473,1120506,121967,,,,,1.49,1.49,0.2663,0.4406,106581,99601,117247,109569,2025
122748,Goodyear,AZ,2023,False,101733,2020,138,0,50,5,138,0,22,1,790,405,1301123,309778,1215907,132352,reported,reported,R,R,1.356,1.356,0.266,0.4405,113141,105731,119543,111714,2025
122748,Goodyear,AZ,2024,False,105406,2020,142,0,51,5,142,0,23,1,814,422,1429372,340311,1335757,145397,imputed,imputed,G,G,1.347,1.347,0.2642,0.4398,120792,112881,123970,115851,2025
122748,Goodyear,AZ,2025,False,111805,2020,157,0,55,2,157,0,20,2,901,307,1709555,475671,1644406,145627,reported,reported,R,R,1.404,1.404,0.2594,0.4317,130667,125687,130667,125687,2025
100250,Mesa,AZ,2012,True,439041,2010,765,0,532,24,356,0,122,2,3528,193,4813213,2654579,2570171,740253,imputed,imputed,G,G,1.742,0.811,0.4102,0.5031,75501,86635,105870,121482,2025
100250,Mesa,AZ,2013,False,439041,2010,766,0,533,25,356,0,122,2,3530,200,4898609,2701677,2615771,753387,imputed,imputed,G,G,1.745,0.811,0.4103,0.5034,76741,88172,106055,121852,2025
100250,Mesa,AZ,2014,False,439041,2010,713,0,479,13,369,0,126,4,3485,254,4856526,2552013,2809831,731675,reported,reported,R,R,1.624,0.84,0.4018,0.4841,81737,91377,111156,124266,2025
100250,Mesa,AZ,2015,False,439041,2010,739,0,485,14,392,0,139,4,3566,192,4852288,2902858,2694336,798711,reported,reported,R,R,1.683,0.893,0.3962,0.4921,78792,82480,107024,112034,2025
100250,Mesa,AZ,2016,False,439041,2010,724,0,463,15,413,0,123,8,3561,363,5210294,2543010,3012943,765076,reported,reported,R,R,1.649,0.941,0.3901,0.4839,86358,87543,115840,117429,2025
100250,Mesa,AZ,2017,True,471825,2010,821,0,406,20,425,0,106,9,3599,315,5954726,2069407,3155747,548501,reported,reported,R,R,1.74,0.901,0.3309,0.4885,87036,89103,114314,117029,2025
100250,Mesa,AZ,2018,False,471825,2010,783,0,397,18,413,0,105,9,3578,328,5972236,2050801,3421029,544524,reported,reported,R,R,1.66,0.875,0.3364,0.4746,91529,99400,117349,127440,2025
100250,Mesa,AZ,2019,False,496401,2010,790,0,432,21,426,0,115,9,3661,344,5983640,2217990,3492571,599755,reported,reported,R,R,1.591,0.858,0.3535,0.4816,90891,98382,114457,123890,2025
100250,Mesa,AZ,2020,False,518012,2010,805,0,436,20,442,0,126,7,3752,331,6091179,2283117,3725432,666079,reported,reported,R,R,1.554,0.853,0.3513,0.4821,90800,101143,112949,125815,2025
100250,Mesa,AZ,2021,False,518012,2020,832,0,416,20,459,0,165,6,3710,219,6449672,2395740,3719666,838639,reported,reported,R,R,1.606,0.886,0.3333,0.5046,93024,97246,110523,115539,2025
100250,Mesa,AZ,2022,True,528159,2020,848,0,459,20,466,0,179,9,3882,369,7087605,2626395,4033056,1172542,reported,reported,R,R,1.606,0.882,0.3512,0.5028,100296,103856,110333,114250,2025
100250,Mesa,AZ,2023,False,509475,2020,844,0,490,20,492,0,203,9,4059,436,7302486,3027132,4196508,1148222,reported,reported,R,R,1.657,0.966,0.3673,0.4999,103827,102354,109702,108146,2025
100250,Mesa,AZ,2024,False,512498,2020,866,0,522,18,514,0,219,6,4243,460,8287615,3354200,4922632,1382788,reported,reported,R,R,1.69,1.003,0.3761,0.4999,114840,114925,117862,117949,2025
100250,Mesa,AZ,2025,False,511648,2020,894,0,557,21,524,0,275,9,4415,432,8201203,3597340,4869199,1681429,reported,reported,R,R,1.747,1.024,0.3839,0.5096,110083,111508,110083,111508,2025
160832,Peoria,AZ,2012,True,154065,2010,178,0,82,0,140,0,21,0,1030,376,1196556,480137,910705,126090,reported,reported,R,R,1.155,0.909,0.3154,0.4087,80667,78060,113113,109458,2025
160832,Peoria,AZ,2013,False,154065,2010,164,0,95,0,145,0,21,0,1040,374,1122155,579984,902391,134669,reported,reported,R,R,1.064,0.941,0.3668,0.4087,82109,74681,113473,103208,2025
160832,Peoria,AZ,2014,False,154065,2010,172,1,83,0,166,0,3,0,1036,439,1182096,514635,1093658,19003,reported,reported,R,CR,1.116,1.077,0.3255,0.4093,82472,79060,112156,107516,2025
160832,Peoria,AZ,2015,False,154065,2010,171,1,85,0,164,0,2,0,1047,433,1144108,483881,1131068,18286,reported,reported,R,R,1.11,1.064,0.332,0.4031,80288,82761,109056,112415,2025
160832,Peoria,AZ,2016,False,154065,2010,178,1,83,0,168,0,4,0,1068,442,1299024,529949,1203391,25458,reported,reported,R,R,1.155,1.09,0.318,0.4054,87575,85956,117472,115301,2025
160832,Peoria,AZ,2017,True,171237,2010,169,0,81,3,192,0,4,0,1112,470,1310160,558334,1411713,25633,reported,reported,R,R,0.987,1.121,0.324,0.4011,93029,88232,122185,115885,2025
160832,Peoria,AZ,2018,False,171237,2010,224,0,47,3,191,0,8,0,1126,501,1746179,242777,1420409,52766,reported,reported,R,R,1.308,1.115,0.1734,0.4174,93545,89240,119934,114414,2025
160832,Peoria,AZ,2019,False,168181,2010,198,0,87,2,199,0,7,0,1189,457,1470093,641397,1478913,52952,reported,reported,R,R,1.177,1.183,0.3053,0.413,89097,89181,112198,112304,2025
160832,Peoria,AZ,2020,False,175961,2010,203,0,84,1,212,0,8,0,1224,478,1441465,575141,1685005,57921,reported,reported,R,R,1.154,1.205,0.2927,0.4142,85210,95378,105995,118644,2025
160832,Peoria,AZ,2021,False,175961,2020,208,0,90,0,214,0,7,0,1222,273,1610198,637061,1768313,45034,reported,reported,R,R,1.182,1.216,0.302,0.4247,92896,99158,110371,117811,2025
160832,Peoria,AZ,2022,True,179872,2020,210,0,85,0,209,1,7,0,1217,300,1716985,630315,1798408,44177,reported,reported,R,R,1.167,1.162,0.2881,0.4199,98113,103258,107932,113592,2025
160832,Peoria,AZ,2023,False,194917,2020,217,0,90,0,227,0,11,0,1331,365,1775328,749182,2035386,103577,reported,reported,R,R,1.113,1.165,0.2932,0.4095,98175,107597,103730,113685,2025
160832,Peoria,AZ,2024,False,197866,2020,215,0,88,2,240,0,8,0,1302,380,2015202,765440,2199902,72960,reported,reported,R,R,1.087,1.213,0.2904,0.4232,112476,109995,115436,112889,2025
160832,Peoria,AZ,2025,False,198750,2020,226,0,105,1,250,0,8,0,1355,377,2340706,991997,2263488,78896,reported,reported,R,R,1.137,1.258,0.3172,0.4347,124285,108647,124285,108647,2025
207536,Phoenix,AZ,2012,True,1445632,2010,3039,0,1036,23,1585,0,320,32,13010,908,20429741,4356207,10117106,1457422,reported,reported,R,R,2.102,1.096,0.2542,0.4596,80670,76596,113118,107405,2025
207536,Phoenix,AZ,2013,False,1445632,2010,2958,0,1026,18,1598,0,311,33,12816,1013,20388743,4320383,10600380,1490415,reported,reported,R,R,2.046,1.105,0.2575,0.4598,82713,79602,114308,110009,2025
207536,Phoenix,AZ,2014,False,1445632,2010,2861,0,974,15,1569,0,310,35,12366,982,19827919,4215900,10706822,1507276,reported,reported,R,R,1.979,1.085,0.254,0.4621,83165,81888,113098,111361,2025
207536,Phoenix,AZ,2015,False,1445632,2010,2899,0,987,15,1590,0,314,34,12531,956,20565037,4372629,11104856,1563310,imputed,imputed,G,G,2.005,1.1,0.254,0.4621,85126,83810,115628,113840,2025
207536,Phoenix,AZ,2016,False,1445632,2010,2955,0,1006,16,1621,0,320,35,12774,993,21951673,4667462,11853622,1668719,imputed,imputed,G,G,2.044,1.121,0.254,0.462,89144,87750,119577,117707,2025
207536,Phoenix,AZ,2017,True,1563025,2010,2878,0,922,12,1626,0,292,31,12357,960,28401106,5801723,16620936,2197236,reported,reported,R,R,1.841,1.04,0.2426,0.4627,118420,122664,155534,161108,2025
207536,Phoenix,AZ,2018,False,1563025,2010,2931,0,946,34,1654,0,304,31,12562,1000,28891958,6012399,16601570,2095635,reported,reported,R,R,1.875,1.058,0.244,0.4645,118288,120447,151656,154424,2025
207536,Phoenix,AZ,2019,False,1626078,2010,3011,0,939,22,1678,30,304,30,12719,1040,31854719,6442266,18087686,2277405,reported,reported,R,R,1.852,1.032,0.2377,0.4664,126953,129352,159869,162890,2025
207536,Phoenix,AZ,2020,False,1680992,2010,3059,0,952,18,1671,0,320,34,12813,959,30797118,6583576,17585348,2411922,reported,reported,C,C,1.82,0.994,0.2373,0.4684,120812,126286,150282,157091,2025
207536,Phoenix,AZ,2021,False,1680992,2020,2939,0,919,14,1683,0,334,24,12572,732,31138236,6677688,19876686,2499455,reported,reported,R,R,1.748,1.001,0.2382,0.4673,127138,141723,151054,168383,2025
207536,Phoenix,AZ,2022,True,1708127,2020,2729,0,951,17,1677,0,343,22,12379,640,33443017,6848035,20346558,2663106,reported,reported,R,R,1.598,0.982,0.2584,0.4605,147056,145593,161773,160163,2025
207536,Phoenix,AZ,2023,False,1624569,2020,2662,0,980,21,1731,0,339,16,12504,821,38053480,8991644,21448648,3184309,reported,reported,R,R,1.639,1.066,0.2691,0.4568,171541,148691,181247,157104,2025
207536,Phoenix,AZ,2024,False,1644409,2020,2618,0,1056,18,1779,0,431,24,13147,854,38922060,8939603,23931300,3990865,reported,prorated,R,T,1.592,1.082,0.2874,0.4476,178405,161425,183099,165673,2025
207536,Phoenix,AZ,2025,False,1650070,2020,2594,0,1131,28,1843,0,446,23,13407,855,39754150,9814292,24678190,4115418,reported,reported,R,R,1.572,1.117,0.3036,0.4486,183905,160683,183905,160683,2025
189585,Scottsdale,AZ,2012,True,217385,2010,474,4,203,4,254,0,6,0,2236,423,3065404,983280,1656462,31697,imputed,imputed,G,G,2.18,1.168,0.2999,0.4191,77605,78258,108820,109736,2025
189585,Scottsdale,AZ,2013,False,217385,2010,467,3,183,3,246,0,2,0,2171,394,3214819,955016,1696672,10304,reported,reported,R,R,2.148,1.132,0.2815,0.4136,82608,82764,114163,114379,2025
189585,Scottsdale,AZ,2014,False,217385,2010,501,8,154,0,250,0,11,0,2177,418,3327653,816051,1604770,46480,reported,reported,CR,CR,2.305,1.15,0.2351,0.4208,79704,77029,108391,104754,2025
189585,Scottsdale,AZ,2015,False,217385,2010,508,7,111,0,257,0,12,0,2189,405,3430549,626816,1757645,102754,reported,reported,R,R,2.337,1.182,0.1793,0.4057,81037,82069,110074,111475,2025
189585,Scottsdale,AZ,2016,False,217385,2010,510,5,114,0,267,0,10,0,2180,415,3443363,635613,1843594,80664,reported,reported,R,R,2.346,1.228,0.1827,0.4133,81020,82858,108679,111145,2025
189585,Scottsdale,AZ,2017,True,236839,2010,439,4,159,4,271,0,10,0,2155,412,3195910,911843,2029865,82070,reported,reported,R,R,1.854,1.144,0.2659,0.4079,87360,89883,114739,118053,2025
189585,Scottsdale,AZ,2018,False,236839,2010,441,3,154,4,283,0,13,0,2205,418,3283553,919881,2086676,119180,reported,reported,R,R,1.862,1.195,0.2588,0.4041,89348,88481,114553,113441,2025
189585,Scottsdale,AZ,2019,False,249950,2010,454,4,151,7,290,0,11,0,2239,460,3565038,935684,2164139,107136,reported,reported,R,R,1.816,1.16,0.2496,0.4046,94230,89551,118662,112770,2025
189585,Scottsdale,AZ,2020,False,258069,2010,437,5,150,6,289,0,11,0,2130,404,3484356,946634,2262190,106416,reported,reported,R,R,1.693,1.12,0.2555,0.4164,95680,93932,119019,116845,2025
189585,Scottsdale,AZ,2021,False,258069,2020,395,3,141,2,300,0,13,0,2018,314,3169369,925442,2205198,134407,,,,,1.531,1.162,0.2631,0.4207,96285,88208,114397,104801,2025
189585,Scottsdale,AZ,2022,True,262647,2020,381,3,139,1,283,0,13,0,1903,307,3362306,946895,2138238,138633,,,,,1.451,1.077,0.2673,0.4288,105899,90667,116497,99741,2025
189585,Scottsdale,AZ,2023,False,242753,2020,404,3,144,2,307,0,13,0,2014,320,3648377,1065311,2538484,154721,reported,reported,R,R,1.664,1.265,0.2628,0.431,108368,99224,114500,104838,2025
189585,Scottsdale,AZ,2024,False,243050,2020,409,3,149,1,304,0,14,0,2042,330,4043935,1138856,2571716,166738,reported,reported,R,R,1.683,1.251,0.267,0.429,118648,101515,121770,104186,2025
189585,Scottsdale,AZ,2025,False,244394,2020,420,3,153,1,312,0,14,0,2097,307,4256081,1198602,2706630,175484,imputed,imputed,G,G,1.719,1.277,0.267,0.4287,121602,104101,121602,104101,2025
100251,Surprise,AZ,2012,True,117517,2010,143,0,34,0,102,0,15,0,678,87,915367,146862,843855,104040,imputed,imputed,G,G,1.217,0.868,0.1921,0.4336,76814,99277,107711,139209,2025
100251,Surprise,AZ,2013,False,117517,2010,149,0,16,0,107,0,10,0,624,158,837620,105008,714383,74738,reported,reported,R,R,1.268,0.911,0.097,0.4519,67459,80118,93227,110722,2025
100251,Surprise,AZ,2014,False,117517,2010,154,0,17,0,105,0,12,0,654,170,1059091,117638,796310,90405,reported,reported,CR,CR,1.31,0.893,0.0994,0.4404,82527,91007,112230,123763,2025
100251,Surprise,AZ,2015,False,117517,2010,129,0,45,0,114,0,6,0,702,173,1052612,209500,867356,49343,reported,reported,R,R,1.098,0.97,0.2586,0.4188,97917,91301,133002,124015,2025
100251,Surprise,AZ,2016,False,117517,2010,132,0,48,0,113,0,8,1,733,205,981177,274822,853054,64301,reported,reported,R,R,1.123,0.962,0.2667,0.4106,89198,90590,119649,121517,2025
100251,Surprise,AZ,2017,True,128422,2010,136,0,50,1,128,0,13,2,775,215,1062932,250254,1015124,113965,reported,reported,R,CR,1.059,0.997,0.2688,0.4219,93788,95168,123182,124995,2025
100251,Surprise,AZ,2018,False,128422,2010,144,0,47,2,122,0,15,1,780,200,1131431,213900,1008660,61686,reported,reported,R,CR,1.121,0.95,0.2461,0.4205,94286,99212,120884,127199,2025
100251,Surprise,AZ,2019,False,134085,2010,144,0,53,2,128,0,19,0,829,220,1228253,261536,1063528,75250,reported,reported,R,R,1.074,0.955,0.269,0.415,102354,99706,128892,125557,2025
100251,Surprise,AZ,2020,False,141664,2010,149,0,52,1,141,0,21,0,861,207,1186859,266565,1106846,89482,reported,reported,R,R,1.052,0.995,0.2587,0.4216,95586,94200,118902,117178,2025
100251,Surprise,AZ,2021,False,141664,2020,148,0,54,1,171,0,11,0,859,191,1261733,268617,1333066,66453,reported,reported,R,R,1.045,1.207,0.2673,0.447,102303,93548,121548,111146,2025
100251,Surprise,AZ,2022,True,143148,2020,150,0,53,1,168,0,41,0,909,226,1296144,282607,1352127,218397,reported,reported,R,R,1.048,1.174,0.2611,0.4532,103692,96580,114069,106245,2025
100251,Surprise,AZ,2023,False,149191,2020,153,0,54,1,171,0,42,0,927,236,1433653,312589,1495577,241568,imputed,imputed,G,G,1.026,1.146,0.2609,0.4531,112443,104953,118805,110892,2025
100251,Surprise,AZ,2024,False,154198,2020,157,0,56,1,176,0,43,0,953,246,1574966,343400,1642993,265378,imputed,imputed,G,G,1.018,1.141,0.2629,0.4533,120380,112022,123548,114970,2025
100251,Surprise,AZ,2025,False,158285,2020,161,0,58,1,181,0,44,0,979,230,1657590,361416,1729187,279299,imputed,imputed,G,G,1.017,1.144,0.2648,0.4535,123547,114642,123547,114642,2025
160833,Tempe,AZ,2012,True,161719,2010,316,4,130,14,157,2,23,2,1524,659,2175299,664819,1110132,124246,reported,reported,R,R,1.954,0.971,0.2915,0.4108,82606,84851,115832,118980,2025
160833,Tempe,AZ,2013,False,161719,2010,321,0,140,19,153,0,26,2,1540,752,2422189,744030,1193448,148152,reported,reported,R,R,1.985,0.946,0.3037,0.4156,90549,93604,125137,129359,2025
160833,Tempe,AZ,2014,False,161719,2010,342,3,117,16,156,0,27,2,1483,643,2700904,598037,1213672,146484,reported,reported,R,R,2.115,0.965,0.2549,0.4329,94769,93359,128879,126961,2025
160833,Tempe,AZ,2015,False,161719,2010,338,0,106,15,155,0,46,7,1526,633,2722881,572563,1296502,224803,reported,reported,R,R,2.09,0.958,0.2387,0.4227,96670,100374,131308,136339,2025
160833,Tempe,AZ,2016,False,161719,2010,336,1,120,17,157,0,29,4,1535,671,2577535,624976,1327289,154263,reported,reported,R,R,2.078,0.971,0.2632,0.4182,92055,101449,123482,136083,2025
160833,Tempe,AZ,2017,True,175826,2010,355,1,106,16,155,0,27,2,1582,644,2673400,588911,1368437,147297,reported,reported,R,R,2.019,0.882,0.2299,0.4064,90368,105944,118690,139148,2025
160833,Tempe,AZ,2018,False,175826,2010,350,0,110,15,156,0,35,5,1596,637,2721043,591573,1311719,187200,reported,reported,R,R,1.991,0.887,0.2391,0.4079,93293,100901,119610,129365,2025
160833,Tempe,AZ,2019,False,185038,2010,352,0,123,15,171,0,48,6,1639,643,2884229,699232,1431974,237726,reported,reported,R,R,1.902,0.924,0.2589,0.4234,98326,100489,123820,126543,2025
160833,Tempe,AZ,2020,False,195805,2010,349,4,116,15,168,0,44,0,1668,624,2940432,676079,1473738,219717,reported,reported,R,R,1.782,0.858,0.2495,0.4059,101104,105267,125766,130945,2025
160833,Tempe,AZ,2021,False,195805,2020,340,0,117,7,164,0,50,0,1657,286,3201771,667729,1510754,262747,reported,reported,R,R,1.736,0.838,0.256,0.4049,113004,110543,134262,131338,2025
160833,Tempe,AZ,2022,True,200402,2020,328,3,112,14,166,0,60,0,1631,468,3188578,694841,1621809,331816,reported,reported,CR,R,1.637,0.828,0.2545,0.4083,116655,117239,128329,128972,2025
160833,Tempe,AZ,2023,False,184118,2020,333,0,115,14,174,0,53,0,1739,454,3395286,756183,1999225,335002,reported,reported,R,R,1.809,0.945,0.2567,0.3882,122353,137878,129276,145680,2025
160833,Tempe,AZ,2024,False,185950,2020,345,0,112,16,175,0,65,0,1830,521,3677142,720012,1956385,433803,reported,reported,R,R,1.855,0.941,0.2451,0.3809,127901,134152,131266,137682,2025
160833,Tempe,AZ,2025,False,189834,2020,354,0,115,15,180,0,67,0,1880,486,3870047,757784,2059018,456561,imputed,imputed,G,G,1.865,0.948,0.2452,0.3809,131188,137268,131188,137268,2025
160840,Tucson,AZ,2012,True,520116,2010,861,0,358,17,605,0,113,0,4471,492,5006806,1669906,3606677,481426,reported,reported,R,R,1.655,1.163,0.2937,0.4332,69781,71537,97849,100311,2025
160840,Tucson,AZ,2013,False,520116,2010,894,1,362,21,618,0,122,0,4568,498,5231122,1708165,3482108,490142,reported,reported,R,R,1.719,1.188,0.2882,0.437,70216,67614,97037,93442,2025
160840,Tucson,AZ,2014,False,520116,2010,900,1,364,22,622,0,123,0,4591,529,5376500,1755637,3578880,503763,imputed,imputed,G,G,1.73,1.196,0.288,0.4376,71687,69046,97489,93897,2025
160840,Tucson,AZ,2015,False,520116,2010,912,1,369,21,630,0,125,0,4636,519,5576376,1820904,3711928,522491,imputed,imputed,G,G,1.753,1.211,0.2881,0.4392,73373,70703,99663,96037,2025
160840,Tucson,AZ,2016,False,520116,2010,930,1,376,22,642,0,127,0,4723,538,5952374,1943682,3962212,557721,imputed,imputed,G,G,1.788,1.234,0.2879,0.4393,76805,74060,103025,99343,2025
160840,Tucson,AZ,2017,True,531641,2010,928,1,375,23,641,0,127,0,4705,543,6119138,1998137,4073219,573346,imputed,imputed,G,G,1.746,1.206,0.2878,0.4402,79127,76254,103926,100153,2025
160840,Tucson,AZ,2018,False,531641,2010,940,1,380,23,649,0,129,0,4772,541,6283970,2051961,4182940,588790,imputed,imputed,G,G,1.768,1.221,0.2879,0.4396,80221,77342,102851,99160,2025
160840,Tucson,AZ,2019,False,535677,2010,921,1,372,23,679,0,135,0,4509,773,5272916,1721813,4356601,613235,prorated,prorated,T,T,1.719,1.268,0.2877,0.4673,68702,76994,86515,96957,2025
160840,Tucson,AZ,2020,False,548073,2010,1030,14,372,23,530,1,135,0,4256,374,6443390,1780582,3991474,634167,imputed,imputed,RX,RX,1.879,0.967,0.2653,0.4857,75069,90373,93381,112418,2025
160840,Tucson,AZ,2021,False,548073,2020,1064,13,372,23,532,2,136,0,4506,225,6420604,1846900,3951121,627757,imputed,prorated,RX,T,1.941,0.971,0.2591,0.4669,72413,89123,86035,105888,2025
160840,Tucson,AZ,2022,True,542629,2020,1074,13,375,24,537,2,137,0,4534,238,6878964,1978748,4233185,672569,imputed,imputed,G,G,1.979,0.99,0.2588,0.4682,76860,94596,84552,104063,2025
160840,Tucson,AZ,2023,False,543242,2020,1113,0,336,12,682,0,22,0,4705,488,7082340,1624065,5421781,85740,reported,reported,CR,CR,2.049,1.255,0.2319,0.4576,76359,95398,80680,100796,2025
160840,Tucson,AZ,2024,False,546574,2020,1244,0,375,13,687,3,16,0,4952,196,8383638,1922469,5781303,72658,imputed,reported,TX,CR,2.276,1.257,0.2316,0.4689,80871,100983,82999,103640,2025
160840,Tucson,AZ,2025,False,547239,2020,1228,0,371,13,671,0,22,0,4972,183,8161689,1871574,5638028,98888,prorated,reported,T,CR,2.244,1.226,0.232,0.461,79756,100829,79756,100829,2025
183836,Anaheim,CA,2012,True,336265,2010,341,0,148,101,189,0,60,16,1705,1020,3632148,953339,2260823,500858,reported,reported,CR,R,1.014,0.562,0.3027,0.4328,127818,143544,179230,201281,2025
183836,Anaheim,CA,2013,False,336265,2010,328,0,150,91,181,0,63,18,1676,1028,3653087,1095246,2283387,498697,reported,reported,CR,R,0.975,0.538,0.3138,0.4308,133650,151385,184702,209212,2025
183836,Anaheim,CA,2014,False,336265,2010,347,0,146,99,182,0,62,20,1684,1064,3919410,1056872,2290789,534564,reported,reported,CR,R,1.032,0.541,0.2961,0.4376,135542,151041,184327,205404,2025
183836,Anaheim,CA,2015,False,336265,2010,353,0,153,99,169,0,62,20,1695,1043,4178153,1164511,2505730,576784,reported,reported,CR,R,1.05,0.503,0.3024,0.4348,142034,177922,192926,241674,2025
183836,Anaheim,CA,2016,False,336265,2010,352,0,151,94,181,0,69,18,1726,1049,4376777,1293747,2427781,666646,reported,reported,R,R,1.047,0.538,0.3002,0.4363,149208,160958,200146,215907,2025
183836,Anaheim,CA,2017,True,350742,2010,361,0,151,99,174,0,71,28,1744,1094,5161064,1340650,2552522,681334,reported,reported,R,R,1.029,0.496,0.2949,0.4341,171559,176036,225327,231207,2025
183836,Anaheim,CA,2018,False,350742,2010,367,0,153,105,180,0,69,22,1737,1135,4875932,1315766,2594195,711118,reported,reported,R,R,1.046,0.513,0.2942,0.4427,159431,172946,204406,221733,2025
183836,Anaheim,CA,2019,False,352497,2010,370,0,146,111,182,0,69,17,1738,1094,5481573,1266711,2586075,703025,reported,reported,CR,R,1.05,0.516,0.2829,0.4413,177781,170510,223876,214719,2025
183836,Anaheim,CA,2020,False,350365,2010,415,0,164,109,242,0,25,18,1871,1136,5710554,1319626,3222200,227836,prorated,reported,T,R,1.184,0.691,0.2832,0.4522,165124,159779,205403,198754,2025
183836,Anaheim,CA,2021,False,350365,2020,368,0,174,90,197,0,65,18,1736,638,5131707,1694912,2780022,730205,reported,reported,CR,R,1.05,0.562,0.321,0.4631,167338,169341,198816,201196,2025
183836,Anaheim,CA,2022,True,353676,2020,361,1,178,84,187,0,85,22,1738,885,5170324,1809995,3091962,832056,reported,reported,CR,R,1.021,0.529,0.3302,0.4666,171867,198415,189067,218272,2025
183836,Anaheim,CA,2023,False,345940,2020,391,0,181,80,202,0,105,47,1921,1251,5884965,1946922,3199762,1115650,reported,reported,CR,R,1.13,0.584,0.3164,0.4576,180613,190085,190833,200841,2025
183836,Anaheim,CA,2024,False,344461,2020,412,0,180,87,206,0,117,40,2020,1350,7331500,2078008,3511498,1251787,reported,reported,CR,R,1.196,0.598,0.3041,0.453,213539,204553,219158,209935,2025
183836,Anaheim,CA,2025,False,340512,2020,396,0,188,90,211,0,112,39,2068,1496,7366816,2203710,3831883,1291039,reported,reported,CR,R,1.163,0.62,0.3219,0.4386,223237,217927,223237,217927,2025
123096,Antioch,CA,2012,True,102372,2010,91,0,21,7,0,0,0,0,241,118,961782,124762,0,0,reported,,R,,0.889,0.0,0.1875,0.4647,126828,,177842,,2025
123096,Antioch,CA,2013,False,102372,2010,86,2,25,5,0,0,0,0,240,87,1013175,157635,0,0,reported,,R,,0.84,0.0,0.2252,0.4625,141373,,195375,,2025
123096,Antioch,CA,2017,True,110542,2010,106,0,24,3,0,0,0,0,278,76,1404579,184895,0,0,reported,,R,,0.959,0.0,0.1846,0.4676,159009,,208844,,2025
123096,Antioch,CA,2022,True,111605,2020,106,0,40,10,0,0,0,0,314,82,1485175,361938,0,0,imputed,,CRX,,0.95,0.0,0.274,0.465,168133,,184959,,2025
183825,Bakersfield,CA,2012,True,347483,2010,363,6,118,0,166,0,19,0,1394,97,2690754,507479,1472394,96220,reported,reported,R,R,1.045,0.478,0.2453,0.4778,88951,106438,124730,149250,2025
183825,Bakersfield,CA,2013,False,347483,2010,339,0,155,6,163,0,19,1,1403,110,2826609,665183,1437216,96499,reported,reported,CR,C,0.976,0.469,0.3138,0.4818,100057,105807,138277,146224,2025
183825,Bakersfield,CA,2014,False,347483,2010,351,0,182,7,174,0,20,1,1470,135,3031448,763012,1582216,97661,reported,reported,R,R,1.01,0.501,0.3415,0.4946,103639,109118,140941,148392,2025
183825,Bakersfield,CA,2015,False,347483,2010,369,0,176,12,184,0,19,0,1512,116,3199893,767257,1893952,96492,reported,reported,R,R,1.062,0.53,0.3229,0.4947,104062,123519,141349,167777,2025
183825,Bakersfield,CA,2016,False,347483,2010,390,0,144,14,169,0,21,0,1483,108,3194411,607385,1697739,104694,reported,reported,R,R,1.122,0.486,0.2697,0.4882,98290,120550,131845,161705,2025
183825,Bakersfield,CA,2017,True,373640,2010,379,0,142,13,174,0,21,1,1449,110,3425958,624843,1684365,99678,reported,reported,R,R,1.014,0.466,0.2726,0.4941,108474,116163,142471,152570,2025
183825,Bakersfield,CA,2018,False,373640,2010,410,0,132,11,176,0,20,0,1475,127,3500927,599795,1729191,107063,reported,reported,R,R,1.097,0.471,0.2435,0.5003,102466,117899,131371,151158,2025
183825,Bakersfield,CA,2019,False,380874,2010,408,0,132,10,176,0,21,1,1471,104,3781595,658351,1742627,126684,prorated,reported,RT,R,1.071,0.462,0.2444,0.501,111223,118815,140061,149621,2025
183825,Bakersfield,CA,2020,False,384145,2010,414,0,166,36,194,0,20,2,1582,127,3989662,775055,2043338,115415,reported,reported,R,R,1.078,0.505,0.2862,0.5019,115642,126392,143851,157223,2025
183825,Bakersfield,CA,2021,False,384145,2020,374,0,169,8,162,0,22,0,1378,68,4065378,789676,1889871,125791,reported,reported,R,R,0.974,0.422,0.3112,0.5276,130440,139990,154977,166324,2025
183825,Bakersfield,CA,2022,True,385725,2020,426,0,191,19,138,0,21,0,1434,52,4765240,923062,1719371,119436,reported,reported,R,R,1.104,0.358,0.3096,0.5411,134232,149511,147666,164474,2025
183825,Bakersfield,CA,2023,False,407615,2020,426,0,192,19,171,0,21,0,1480,117,5560528,969842,2252183,159072,imputed,reported,RX,R,1.045,0.42,0.3107,0.5473,156635,158048,165498,166991,2025
183825,Bakersfield,CA,2024,False,410647,2020,447,0,196,0,155,0,24,0,1557,130,5479252,1103030,2065418,177919,reported,reported,R,R,1.089,0.377,0.3048,0.5279,147094,159903,150964,164110,2025
183825,Bakersfield,CA,2025,False,413381,2020,443,0,208,0,185,0,24,0,1631,119,5907838,1244339,2917325,184803,reported,reported,R,R,1.072,0.448,0.3195,0.5273,160032,189232,160032,189232,2025
123092,Berkeley,CA,2012,True,112580,2010,320,28,206,31,123,1,8,1,1496,435,3460335,1745366,1719395,71473,reported,reported,CR,R,2.842,1.093,0.3916,0.4392,129763,167746,181957,235218,2025
123092,Berkeley,CA,2013,False,112580,2010,326,34,234,31,134,0,9,0,1505,432,3978193,2149504,1586364,82478,reported,reported,CR,R,2.896,1.19,0.4179,0.4671,146437,142062,202374,196328,2025
123092,Berkeley,CA,2014,False,112580,2010,321,32,253,30,129,0,10,0,1517,441,3940290,2315135,1535915,92285,reported,reported,CR,R,2.851,1.146,0.4408,0.47,147301,142876,200318,194301,2025
123092,Berkeley,CA,2015,False,112580,2010,355,33,204,32,130,1,9,0,1501,447,4200834,1936561,1533752,77062,reported,reported,CR,R,3.153,1.155,0.3649,0.465,142000,141577,192880,192306,2025
123092,Berkeley,CA,2016,False,112580,2010,365,30,191,24,130,1,9,0,1505,381,4340049,1874960,1747379,69515,reported,reported,CR,R,3.242,1.155,0.3435,0.4618,142687,161297,191399,216362,2025
123092,Berkeley,CA,2017,True,120972,2010,328,26,192,29,136,1,10,1,1513,381,4426344,1852580,1756642,85115,reported,reported,R,R,2.711,1.124,0.3692,0.4402,161939,154998,212692,203576,2025
123092,Berkeley,CA,2018,False,120972,2010,323,25,187,29,133,1,10,0,1535,374,4328505,1776917,1640625,92900,imputed,reported,RX,R,2.67,1.099,0.3667,0.4254,160811,148026,206175,189783,2025
123092,Berkeley,CA,2019,False,122324,2010,324,25,191,27,143,0,9,5,1537,372,4562581,1871399,1929768,83169,imputed,reported,GR,R,2.649,1.169,0.3709,0.434,168984,161939,212798,203926,2025
123092,Berkeley,CA,2020,False,121363,2010,333,23,195,29,134,0,12,0,1547,251,4917721,1969955,1969299,120885,imputed,reported,GR,R,2.744,1.104,0.3693,0.4357,177215,176355,220443,219373,2025
123092,Berkeley,CA,2021,False,121363,2020,333,21,195,27,134,0,12,0,1547,231,5088869,2038516,2037836,125092,imputed,imputed,G,G,2.744,1.104,0.3693,0.4357,183383,182493,217880,216822,2025
123092,Berkeley,CA,2022,True,122726,2020,341,21,200,28,139,0,12,0,1599,241,5194570,2062891,2021276,124075,imputed,prorated,GT,T,2.779,1.133,0.3697,0.4328,182800,174499,201094,191962,2025
123092,Berkeley,CA,2023,False,117145,2020,328,15,190,20,148,0,13,0,1649,239,5160669,2048214,2209068,135603,imputed,prorated,TX,T,2.8,1.263,0.3668,0.4118,188805,179114,199488,189249,2025
123092,Berkeley,CA,2024,False,118950,2020,347,16,201,21,158,0,14,0,1755,255,5563837,2200117,2357129,144691,imputed,prorated,TX,T,2.917,1.328,0.3668,0.4103,192409,179022,197472,183733,2025
123092,Berkeley,CA,2025,False,118962,2020,351,16,203,21,160,0,14,0,1775,257,5977911,2367289,2561407,155265,imputed,imputed,CTX,TX,2.951,1.345,0.3664,0.4101,204373,192106,204373,192106,2025
184443,Burbank,CA,2012,True,103340,2010,153,0,71,28,117,0,13,0,1186,264,1746866,429760,1398817,82270,reported,reported,CR,R,1.481,1.132,0.317,0.2985,137009,143468,192118,201175,2025
184443,Burbank,CA,2013,False,103340,2010,152,0,74,30,121,0,13,1,1170,266,1893395,455325,1665745,84252,reported,reported,R,R,1.471,1.171,0.3274,0.3077,149479,165198,206578,228301,2025
184443,Burbank,CA,2014,False,103340,2010,143,0,74,28,117,0,12,0,1163,316,1908125,471379,1616282,78488,reported,reported,R,R,1.384,1.132,0.341,0.2975,160122,165773,217754,225439,2025
184443,Burbank,CA,2015,False,103340,2010,143,1,76,29,113,0,24,0,1157,318,1863778,477090,1641355,150175,reported,reported,R,R,1.384,1.093,0.347,0.3077,156401,174303,212441,236758,2025
184443,Burbank,CA,2016,False,103340,2010,141,1,79,26,116,1,14,0,1162,336,1929329,513156,1569251,94510,reported,reported,R,R,1.364,1.123,0.3591,0.3012,164198,162336,220254,217756,2025
184443,Burbank,CA,2017,True,105319,2010,143,1,81,28,115,0,16,0,1167,291,2011873,534274,1555556,111848,reported,reported,R,R,1.358,1.092,0.3616,0.3042,168829,162319,221742,213191,2025
184443,Burbank,CA,2018,False,105319,2010,148,0,73,36,108,0,23,0,1159,323,2049421,455815,1717017,158151,reported,reported,R,R,1.405,1.025,0.3303,0.3037,166169,190780,213044,244598,2025
184443,Burbank,CA,2019,False,104834,2010,145,0,67,29,112,0,14,2,1131,270,2064678,453360,1600450,100772,reported,reported,R,R,1.383,1.068,0.316,0.2989,170870,171477,215173,215937,2025
184443,Burbank,CA,2020,False,102511,2010,137,0,65,32,106,0,13,1,1133,282,2034200,468634,1697449,95378,reported,reported,R,R,1.336,1.034,0.3218,0.2833,178178,192164,221641,239039,2025
184443,Burbank,CA,2021,False,102511,2020,142,0,79,26,105,0,34,0,1163,232,2084267,566297,1800372,235647,reported,reported,R,R,1.385,1.024,0.3575,0.3095,176135,205757,209268,244463,2025
184443,Burbank,CA,2022,True,101866,2020,147,0,74,29,115,0,13,0,1126,247,2207831,531340,1763648,110805,reported,reported,R,R,1.443,1.129,0.3348,0.3099,180231,184033,198268,202450,2025
184443,Burbank,CA,2023,False,105401,2020,141,0,39,56,110,0,36,0,1117,293,2286890,288490,2253379,412969,reported,reported,R,CR,1.338,1.044,0.2167,0.2919,194629,245823,205642,259732,2025
184443,Burbank,CA,2024,False,103920,2020,141,0,40,52,122,0,16,0,1153,305,2608989,320719,2116177,146978,reported,reported,R,R,1.357,1.174,0.221,0.2767,222042,208149,227885,213626,2025
184443,Burbank,CA,2025,False,102755,2020,144,0,40,56,128,0,18,0,1191,316,2729554,339463,2330091,159486,reported,reported,R,R,1.401,1.246,0.2174,0.2771,227463,218446,227463,218446,2025
161254,Carlsbad,CA,2012,True,105328,2010,133,0,18,6,73,0,9,4,644,315,1109719,97047,657496,64398,imputed,imputed,G,G,1.263,0.693,0.1192,0.3618,100125,108082,140398,151556,2025
161254,Carlsbad,CA,2013,False,105328,2010,108,25,25,2,82,2,6,2,642,304,983415,141838,788948,39562,reported,reported,R,CR,1.025,0.779,0.188,0.3442,109268,115456,151007,159558,2025
161254,Carlsbad,CA,2014,False,105328,2010,115,1,17,6,78,0,8,3,624,345,1038219,104711,750204,53805,reported,reported,R,R,1.092,0.741,0.1288,0.3494,108336,115416,147329,156957,2025
161254,Carlsbad,CA,2015,False,105328,2010,115,1,17,6,78,0,8,3,624,362,1040802,104971,752070,53939,imputed,imputed,G,G,1.092,0.741,0.1288,0.3494,108605,115703,147519,157161,2025
161254,Carlsbad,CA,2016,False,105328,2010,117,6,16,3,81,0,6,2,656,386,571184,73200,834420,31336,reported,reported,R,R,1.111,0.769,0.1203,0.3354,58583,123618,78583,165820,2025
161254,Carlsbad,CA,2017,True,113453,2010,107,2,29,10,81,0,5,2,648,393,525468,120886,996234,40546,reported,reported,C,R,0.943,0.714,0.2132,0.3426,58931,147590,77401,193846,2025
161254,Carlsbad,CA,2018,False,113453,2010,109,1,29,6,83,0,7,3,666,383,522860,203059,907541,46209,reported,reported,CR,R,0.961,0.732,0.2101,0.3423,57563,131211,73801,168225,2025
161254,Carlsbad,CA,2019,False,115330,2010,116,0,28,7,84,3,7,4,678,449,1211493,174580,908381,52057,reported,reported,R,R,1.006,0.728,0.1944,0.3466,125327,129769,157821,163415,2025
161254,Carlsbad,CA,2020,False,115382,2010,121,0,56,5,87,0,7,9,724,449,1398657,378889,1049184,52132,reported,reported,R,R,1.049,0.754,0.3164,0.3743,138710,144715,172546,180015,2025
161254,Carlsbad,CA,2021,False,115382,2020,117,0,50,3,84,0,14,9,719,349,1479782,352721,1242322,108364,reported,reported,R,R,1.014,0.728,0.2994,0.3686,151773,177475,180323,210860,2025
161254,Carlsbad,CA,2022,True,115599,2020,113,0,49,5,87,0,17,13,712,367,1493874,379389,1200702,141671,reported,reported,R,R,0.978,0.753,0.3025,0.3736,158641,165614,174517,182188,2025
161254,Carlsbad,CA,2023,False,115302,2020,125,0,54,10,100,0,24,13,789,402,1650303,419116,1388531,155051,prorated,reported,T,R,1.084,0.867,0.3017,0.384,158429,166624,167393,176052,2025
161254,Carlsbad,CA,2024,False,114160,2020,147,0,34,6,98,12,23,4,781,391,1974852,250261,1412419,174148,reported,reported,R,R,1.288,0.858,0.1878,0.3867,161212,172949,165454,177500,2025
161254,Carlsbad,CA,2025,False,113495,2020,127,0,57,7,111,27,11,0,772,388,1785312,486301,1533877,129468,reported,reported,R,R,1.119,0.978,0.3098,0.3964,168691,165825,168691,165825,2025
161130,Chico,CA,2012,True,86187,2010,87,0,61,7,63,0,4,2,382,33,753944,318126,622569,41478,reported,reported,R,R,1.009,0.731,0.4122,0.5628,103992,118585,145820,166283,2025
161130,Chico,CA,2014,False,86187,2010,87,0,43,5,58,0,1,1,316,13,687866,203705,580045,5246,reported,reported,CR,R,1.009,0.673,0.3308,0.5981,94878,120009,129027,163203,2025
161130,Chico,CA,2015,False,86187,2010,75,0,50,11,71,0,2,1,327,29,668030,232555,648544,8399,reported,reported,R,R,0.87,0.824,0.4,0.6055,106885,109613,145183,148889,2025
161130,Chico,CA,2016,False,86187,2010,91,0,41,15,67,0,2,3,339,35,782717,192769,621466,8556,reported,reported,R,R,1.056,0.777,0.3106,0.5929,103215,111307,138452,149306,2025
161130,Chico,CA,2017,True,90316,2010,89,1,46,13,60,0,2,1,339,32,837031,249614,573706,9493,reported,reported,R,R,0.985,0.664,0.3407,0.5811,112858,114741,148229,150702,2025
161130,Chico,CA,2018,False,90316,2010,91,2,44,9,57,2,2,1,342,29,765798,223184,587584,9968,reported,reported,R,R,1.008,0.631,0.3259,0.5673,100984,123702,129471,158598,2025
161130,Chico,CA,2022,True,102867,2020,106,0,43,11,62,3,2,0,371,25,987174,215745,633927,10441,reported,reported,CR,R,1.03,0.603,0.2886,0.5741,111756,122696,122940,134975,2025
211212,Chula Vista,CA,2012,True,243916,2010,212,0,145,18,119,0,18,3,1029,200,1871734,806746,1117329,137124,reported,reported,R,R,0.869,0.488,0.4062,0.4801,105947,112672,148562,157992,2025
211212,Chula Vista,CA,2013,False,243916,2010,204,0,102,22,105,0,19,5,917,205,1774404,604637,1150394,110007,reported,reported,R,R,0.836,0.43,0.3333,0.4689,104377,131474,144247,181695,2025
211212,Chula Vista,CA,2014,False,243916,2010,193,0,162,26,120,0,16,6,1053,224,1776218,1076787,1203626,128158,reported,reported,R,R,0.791,0.492,0.4563,0.4663,110438,120363,150187,163685,2025
211212,Chula Vista,CA,2015,False,243916,2010,203,0,125,25,123,0,11,8,925,244,1862214,766767,1172150,84858,reported,reported,R,R,0.832,0.504,0.3811,0.4995,110082,114356,149526,155331,2025
211212,Chula Vista,CA,2016,False,243916,2010,208,0,125,20,120,0,14,14,895,286,1905902,795409,1160002,104479,reported,reported,R,R,0.853,0.492,0.3754,0.5218,109956,116000,147494,155601,2025
211212,Chula Vista,CA,2017,True,265757,2010,216,0,126,12,124,0,13,4,935,260,1905820,809257,1240808,103088,reported,reported,R,R,0.813,0.467,0.3684,0.5123,105879,120078,139063,157712,2025
211212,Chula Vista,CA,2018,False,265757,2010,208,11,99,0,119,3,31,0,889,264,1919033,657054,1306907,193405,reported,reported,R,R,0.783,0.448,0.3225,0.5141,110713,131789,141945,168966,2025
211212,Chula Vista,CA,2019,False,270471,2010,215,0,141,10,133,0,12,6,1003,265,2265757,973747,1587921,57267,reported,reported,R,CR,0.795,0.492,0.3961,0.4995,126461,143271,159249,180418,2025
211212,Chula Vista,CA,2020,False,274492,2010,234,0,149,12,135,0,33,2,1053,278,2377982,1018740,1816413,206386,reported,reported,R,R,0.852,0.492,0.389,0.5233,121948,161459,151695,200844,2025
211212,Chula Vista,CA,2021,False,274492,2020,213,0,135,11,123,0,30,2,961,254,2439433,1045065,1863352,211719,prorated,prorated,T,T,0.776,0.448,0.3879,0.5213,137433,181790,163286,215987,2025
211212,Chula Vista,CA,2022,True,272979,2020,253,0,143,25,234,0,17,23,1123,274,2713515,1067028,2530160,157525,,,,,0.927,0.857,0.3611,0.5761,128704,129752,141584,142737,2025
211212,Chula Vista,CA,2023,False,277220,2020,254,0,131,27,238,0,33,34,1031,306,2941619,993818,2840566,265311,imputed,imputed,X,X,0.916,0.859,0.3403,0.6363,138974,143222,146838,151326,2025
211212,Chula Vista,CA,2024,False,279170,2020,269,0,152,27,249,0,18,24,1204,281,3185030,1252440,2969814,184897,reported,reported,R,R,0.964,0.892,0.361,0.5714,142083,143124,145822,146890,2025
211212,Chula Vista,CA,2025,False,274333,2020,269,0,138,29,252,0,35,36,1090,323,3410066,1152082,3292920,307561,reported,reported,R,R,0.981,0.919,0.3391,0.6367,152122,156806,152122,156806,2025
203966,Clovis,CA,2012,True,95631,2010,96,0,39,36,56,0,6,1,459,120,739806,177312,433890,46360,reported,reported,R,R,1.004,0.586,0.2889,0.4292,92476,92976,129672,130373,2025
203966,Clovis,CA,2013,False,95631,2010,83,8,44,20,55,2,7,0,471,115,620618,231382,474314,60834,reported,reported,R,R,0.868,0.575,0.3465,0.4013,89728,103487,124003,143017,2025
203966,Clovis,CA,2014,False,95631,2010,111,7,20,18,63,0,3,0,490,112,830708,99980,538584,20660,reported,reported,R,R,1.161,0.659,0.1527,0.402,89806,102587,122129,139511,2025
203966,Clovis,CA,2015,False,95631,2010,110,7,20,19,62,0,3,0,487,116,858000,103265,556279,21339,imputed,imputed,G,G,1.15,0.648,0.1538,0.4004,93600,107667,127138,146245,2025
203966,Clovis,CA,2016,False,95631,2010,120,13,25,19,65,1,3,2,595,140,867406,126082,547394,22738,reported,reported,R,R,1.255,0.68,0.1724,0.358,86741,101057,116354,135557,2025
203966,Clovis,CA,2017,True,104180,2010,123,8,23,23,57,0,3,2,505,127,1059584,142074,549534,23034,reported,reported,R,R,1.181,0.547,0.1575,0.4079,103374,115691,135772,151950,2025
203966,Clovis,CA,2018,False,104180,2010,92,0,37,1,41,0,3,0,545,75,944793,63519,431997,21053,reported,reported,R,R,0.883,0.394,0.2868,0.3174,123234,126438,157998,162106,2025
203966,Clovis,CA,2019,False,109691,2010,104,0,27,12,41,0,4,1,494,73,1043261,133519,428629,23538,reported,reported,R,R,0.948,0.374,0.2061,0.3563,120376,125452,151587,157979,2025
203966,Clovis,CA,2020,False,114584,2010,100,0,35,19,57,0,5,2,532,116,1042749,223140,726414,39803,reported,reported,R,R,0.873,0.497,0.2593,0.3703,125130,152929,155653,190233,2025
203966,Clovis,CA,2021,False,114584,2020,102,0,32,22,55,0,5,1,528,94,1078313,214797,630315,39787,reported,reported,R,R,0.89,0.48,0.2388,0.3674,126860,137523,150724,163393,2025
203966,Clovis,CA,2022,True,117662,2020,103,0,55,21,67,0,6,1,547,105,1069584,402358,715320,48974,reported,reported,R,R,0.875,0.569,0.3481,0.4223,124612,128117,137083,140939,2025
161132,Concord,CA,2012,True,122067,2010,145,0,52,16,0,0,0,0,361,172,1446374,256857,0,0,reported,,CR,,1.188,0.0,0.264,0.5457,119700,,167847,,2025
161132,Concord,CA,2013,False,122067,2010,143,0,51,16,0,0,0,0,357,168,1420785,252313,0,0,imputed,imputed,G,G,1.171,0.0,0.2629,0.5434,119227,,164770,,2025
161132,Concord,CA,2017,True,128667,2010,151,0,54,18,0,0,0,0,378,188,1633541,290096,0,0,imputed,,G,,1.174,0.0,0.2634,0.5423,129818,,170504,,2025
161132,Concord,CA,2022,True,128544,2020,165,0,59,18,0,0,0,0,409,193,2070474,367689,0,0,imputed,,G,,1.284,0.0,0.2634,0.5477,150580,,165650,,2025
207593,Corona,CA,2012,True,152374,2010,149,0,61,36,100,0,5,1,603,170,1238040,319054,1069099,22324,reported,reported,R,R,0.978,0.656,0.2905,0.5224,99708,128292,139813,179895,2025
207593,Corona,CA,2013,False,152374,2010,144,0,59,38,99,0,5,5,619,207,1258230,309954,1091805,23328,reported,reported,R,R,0.945,0.65,0.2906,0.496,104852,132340,144904,182892,2025
207593,Corona,CA,2014,False,152374,2010,151,0,63,40,97,0,5,6,597,201,1438117,358652,1144077,25371,reported,reported,R,R,0.991,0.637,0.2944,0.5293,114287,141535,155422,192477,2025
207593,Corona,CA,2015,False,152374,2010,157,0,60,35,96,0,7,2,590,187,1469048,316433,1174402,25812,reported,reported,R,R,1.03,0.63,0.2765,0.5424,112284,146800,152517,199400,2025
207593,Corona,CA,2016,False,152374,2010,157,0,62,34,97,0,6,2,581,185,1519877,352220,1271485,27577,reported,reported,R,R,1.03,0.637,0.2831,0.5542,116169,157297,155828,210997,2025
207593,Corona,CA,2017,True,164226,2010,157,0,63,30,100,0,6,3,591,164,1600324,366436,1260205,29304,reported,reported,R,R,0.956,0.609,0.2864,0.5516,122318,151225,160654,198620,2025
207593,Corona,CA,2018,False,164226,2010,151,0,66,24,97,0,6,3,578,183,1528940,374252,1255312,33701,reported,reported,R,R,0.919,0.591,0.3041,0.5536,121505,155296,155781,199104,2025
207593,Corona,CA,2019,False,167836,2010,145,0,57,28,90,0,5,5,553,181,1529042,353447,1222326,22637,reported,reported,R,R,0.864,0.536,0.2822,0.5371,126541,162977,159350,205233,2025
207593,Corona,CA,2020,False,169868,2010,145,0,68,19,90,0,6,5,572,176,1617080,406636,1288351,26118,reported,reported,R,R,0.854,0.53,0.3192,0.5402,133827,171780,166472,213682,2025
207593,Corona,CA,2021,False,169868,2020,146,0,70,27,96,0,7,2,595,162,1711129,417738,1435712,34448,reported,reported,R,R,0.859,0.565,0.3241,0.5361,140641,179464,167097,213224,2025
207593,Corona,CA,2022,True,170996,2020,148,0,74,22,98,0,5,12,628,173,1749514,500833,1567987,33953,imputed,reported,RX,R,0.866,0.573,0.3333,0.5175,141852,191998,156048,211213,2025
211207,Costa Mesa,CA,2012,True,109960,2010,132,6,51,12,98,7,4,6,431,138,1492832,317630,1173589,27402,reported,reported,R,R,1.2,0.891,0.2787,0.6613,135712,143705,190299,201507,2025
211207,Costa Mesa,CA,2013,False,109960,2010,120,9,54,13,74,1,5,5,403,147,1361371,328363,1053756,40135,reported,reported,R,R,1.091,0.673,0.3103,0.6278,136137,170879,188139,236152,2025
211207,Costa Mesa,CA,2014,False,109960,2010,110,7,55,19,74,0,5,3,392,181,1317137,378836,1083009,32780,reported,reported,R,R,1.0,0.673,0.3333,0.6224,143688,175623,195405,238834,2025
211207,Costa Mesa,CA,2015,False,109960,2010,106,4,46,20,73,0,5,3,401,195,1359115,302545,1065160,33186,reported,reported,R,R,0.964,0.664,0.3026,0.5736,153862,175095,208993,237834,2025
211207,Costa Mesa,CA,2016,False,109960,2010,109,3,46,22,70,0,23,5,406,221,1283730,289668,998993,206228,reported,reported,R,R,0.991,0.637,0.2968,0.6108,141328,171256,189576,229721,2025
211207,Costa Mesa,CA,2017,True,113204,2010,116,4,40,28,80,0,5,6,402,233,1493782,252305,1035150,34937,reported,reported,R,R,1.025,0.707,0.2564,0.5995,154529,155272,202960,203936,2025
211207,Costa Mesa,CA,2018,False,113204,2010,126,3,58,33,82,0,5,7,429,233,1710436,400023,1092627,36739,reported,reported,R,R,1.113,0.724,0.3152,0.6317,162899,159897,208852,205003,2025
211207,Costa Mesa,CA,2022,True,112366,2020,136,3,71,32,77,0,13,1,487,160,1616629,512732,978363,137675,reported,reported,R,R,1.21,0.685,0.343,0.6099,142644,152472,156919,167731,2025
211207,Costa Mesa,CA,2023,False,110750,2020,133,3,54,35,81,0,11,4,499,165,1761584,381267,1150873,122304,reported,reported,R,R,1.201,0.731,0.2888,0.5591,158940,170500,167933,180147,2025
211207,Costa Mesa,CA,2024,False,109521,2020,136,6,65,30,82,0,9,1,527,213,2018213,486565,1272008,80660,reported,reported,R,R,1.242,0.749,0.3234,0.5541,178078,186148,182764,191046,2025
211207,Costa Mesa,CA,2025,False,108354,2020,128,7,86,23,89,0,9,1,564,223,2020583,675188,1686825,84961,reported,reported,R,R,1.181,0.821,0.4019,0.5532,189430,227437,189430,227437,2025
211215,Daly,CA,2012,True,101123,2010,106,0,27,26,79,0,3,2,493,176,1017823,151984,828220,14446,reported,reported,R,R,1.048,0.781,0.203,0.4361,115225,125806,161572,176409,2025
211215,Daly,CA,2013,False,101123,2010,108,0,29,25,81,2,3,1,490,179,1035067,156893,812584,14524,reported,reported,R,R,1.068,0.801,0.2117,0.451,115007,120383,158938,166367,2025
211215,Daly,CA,2014,False,101123,2010,101,0,27,26,84,3,0,0,455,188,1071256,153390,831788,0,reported,reported,R,CR,0.999,0.831,0.2109,0.4659,127278,118827,173088,161596,2025
211215,Daly,CA,2015,False,101123,2010,111,0,27,9,75,0,2,2,460,197,1009336,150301,830634,9114,reported,reported,R,R,1.098,0.742,0.1957,0.4674,109117,132901,148215,180521,2025
211215,Daly,CA,2016,False,101123,2010,107,0,27,10,82,1,0,0,461,198,1038876,156191,1016570,0,reported,reported,R,CR,1.058,0.811,0.2015,0.4685,116509,148766,156284,199553,2025
211215,Daly,CA,2017,True,106562,2010,107,0,27,10,82,1,0,0,461,199,1088043,163583,1064681,0,imputed,imputed,G,G,1.004,0.77,0.2015,0.4685,122024,155807,160268,204638,2025
211215,Daly,CA,2018,False,106562,2010,95,0,0,0,60,1,27,14,420,160,1038048,0,805618,191620,reported,reported,R,R,0.891,0.563,0.0,0.4333,131122,161124,168111,206576,2025
211215,Daly,CA,2019,False,107074,2010,94,0,26,8,56,7,3,0,410,145,1099897,171522,758256,17248,reported,reported,R,R,0.878,0.523,0.2167,0.4366,140412,162483,176818,204611,2025
211215,Daly,CA,2020,False,106280,2010,95,0,26,8,57,7,3,0,414,150,1144682,178506,789131,17950,imputed,imputed,G,G,0.894,0.536,0.2149,0.4372,144591,166133,179861,206658,2025
211215,Daly,CA,2021,False,106280,2020,93,0,27,7,61,2,3,0,405,87,1164056,185234,909142,17926,reported,reported,R,R,0.875,0.574,0.225,0.4543,150201,178848,178456,212492,2025
211215,Daly,CA,2022,True,105868,2020,96,0,24,11,70,3,3,0,434,144,1331514,173162,971866,18479,reported,reported,R,CR,0.907,0.661,0.2,0.4447,166439,166606,183096,183279,2025
183829,Downey,CA,2012,True,111772,2010,115,0,46,20,65,0,12,6,392,286,1180885,226725,784360,76887,reported,reported,R,R,1.029,0.582,0.2857,0.6071,123223,144805,172787,203050,2025
183829,Downey,CA,2013,False,111772,2010,114,0,45,19,64,0,12,6,389,279,1160143,222743,770583,75536,imputed,imputed,G,G,1.02,0.573,0.283,0.6041,122120,144484,168768,199675,2025
183829,Downey,CA,2017,True,114219,2010,120,0,48,21,68,0,13,7,412,309,1333869,256098,885974,86847,imputed,imputed,G,G,1.051,0.595,0.2857,0.6044,133387,156348,175192,205349,2025
183829,Downey,CA,2022,True,109202,2020,120,0,41,21,66,0,37,2,393,206,1484774,239966,1077159,252947,reported,reported,R,CR,1.099,0.604,0.2547,0.6718,148477,195847,163336,215447,2025
183842,El Cajon,CA,2012,True,99478,2010,120,0,52,0,45,0,3,0,428,63,882497,218207,371170,11386,reported,reported,R,R,1.206,0.452,0.3023,0.514,88250,98979,123747,138791,2025
183842,El Cajon,CA,2013,False,99478,2010,120,0,45,0,44,0,3,3,427,73,738303,276994,280080,15013,reported,reported,R,R,1.206,0.442,0.2727,0.4965,73830,76385,102032,105563,2025
183842,El Cajon,CA,2017,True,103679,2010,121,0,54,2,52,0,2,0,372,84,1032289,268336,484335,11393,reported,reported,R,R,1.167,0.502,0.3086,0.6156,102376,111770,134462,146800,2025
183842,El Cajon,CA,2022,True,102401,2020,126,0,43,1,55,0,3,0,362,70,1572146,343540,782821,21673,reported,reported,R,R,1.23,0.537,0.2544,0.6271,149728,170797,164712,187890,2025
183842,El Cajon,CA,2023,False,105432,2020,133,0,41,0,53,0,5,0,377,79,1626612,400587,761550,65653,reported,reported,R,CR,1.261,0.503,0.2356,0.6154,146762,172426,155066,182182,2025
183842,El Cajon,CA,2024,False,104414,2020,148,0,33,2,55,0,4,0,386,81,1975628,359259,840067,34671,reported,reported,R,R,1.417,0.527,0.1823,0.6218,160186,183287,164401,188110,2025
183842,El Cajon,CA,2025,False,102991,2020,141,0,30,3,55,0,4,0,378,76,1986284,363808,901246,39078,reported,reported,R,R,1.369,0.534,0.1754,0.6085,169045,196635,169045,196635,2025
161169,El Monte,CA,2012,True,113475,2010,125,0,46,24,0,0,0,0,264,146,1184736,240626,0,0,reported,,R,,1.102,0.0,0.269,0.6477,113735,,159482,,2025
161169,El Monte,CA,2013,False,113475,2010,118,0,44,18,0,0,0,0,247,159,1116744,228522,0,0,reported,,R,,1.04,0.0,0.2716,0.6559,113567,,156948,,2025
161169,El Monte,CA,2017,True,116732,2010,110,0,41,28,0,0,0,0,268,227,1296036,267786,0,0,reported,,R,,0.942,0.0,0.2715,0.5634,141386,,185698,,2025
161169,El Monte,CA,2019,False,116109,2010,118,0,42,7,0,0,0,0,295,141,1472573,304878,0,0,reported,,R,,1.016,0.0,0.2625,0.5424,149753,,188581,,2025
161169,El Monte,CA,2020,False,115487,2010,120,0,40,6,0,0,0,0,311,102,1571641,298316,0,0,reported,,R,,1.039,0.0,0.25,0.5145,157164,,195501,,2025
161169,El Monte,CA,2021,False,115487,2020,115,0,37,5,0,0,0,0,304,78,1570342,292764,0,0,reported,,CR,,0.996,0.0,0.2434,0.5,163862,,194687,,2025
161169,El Monte,CA,2022,True,112344,2020,108,0,38,3,0,0,0,0,285,69,1487462,299474,0,0,imputed,,RX,,0.961,0.0,0.2603,0.5123,165274,,181814,,2025
200728,Elk Grove,CA,2012,True,153015,2010,128,12,69,3,0,0,0,0,276,23,1126443,377516,0,0,reported,,R,,0.837,0.0,0.3503,0.7138,105604,,148081,,2025
200728,Elk Grove,CA,2013,False,153015,2010,127,12,69,3,0,0,0,0,275,23,1132012,379382,0,0,imputed,imputed,G,G,0.83,0.0,0.352,0.7127,106962,,147820,,2025
200728,Elk Grove,CA,2017,True,166913,2010,138,13,89,0,0,0,0,0,323,15,1522071,656029,0,0,reported,,R,,0.827,0.0,0.3921,0.7028,132354,,173835,,2025
200728,Elk Grove,CA,2022,True,177302,2020,142,13,80,0,0,0,0,0,370,20,1791765,605713,0,0,prorated,,T,,0.801,0.0,0.3604,0.6,151417,,166570,,2025
161255,Escondido,CA,2012,True,143911,2010,152,0,53,59,89,0,13,3,734,384,1006673,230022,602369,58985,reported,reported,R,CR,1.056,0.618,0.2585,0.4183,79474,81218,111441,113886,2025
161255,Escondido,CA,2013,False,143911,2010,144,0,58,58,100,0,3,7,730,369,970513,299949,655638,13451,reported,reported,R,R,1.001,0.695,0.2871,0.4178,80876,78677,111769,108730,2025
161255,Escondido,CA,2014,False,143911,2010,156,0,28,54,120,0,2,6,718,354,1184846,113921,750321,11392,reported,reported,R,R,1.084,0.834,0.1522,0.4262,91142,75032,123946,102038,2025
161255,Escondido,CA,2015,False,143911,2010,159,0,53,40,108,0,4,7,761,272,1267581,249105,777083,16885,reported,reported,R,R,1.105,0.75,0.25,0.4258,95666,86343,129944,117281,2025
161255,Escondido,CA,2016,False,143911,2010,151,0,56,23,104,0,8,3,761,274,1227607,282675,748087,54498,reported,reported,R,R,1.049,0.723,0.2705,0.4192,97558,86318,130863,115786,2025
161255,Escondido,CA,2017,True,151451,2010,157,0,55,30,110,0,7,1,771,266,1281979,284509,789556,41983,reported,reported,C,C,1.037,0.726,0.2594,0.4267,97986,86133,128696,113128,2025
161255,Escondido,CA,2018,False,151451,2010,155,2,55,31,105,0,10,1,746,233,1299273,285810,763631,87501,reported,reported,C,C,1.023,0.693,0.2619,0.4357,100589,87272,128965,111891,2025
161255,Escondido,CA,2019,False,151969,2010,158,0,52,38,104,0,6,1,751,238,1379756,273904,816063,27893,reported,reported,R,R,1.04,0.684,0.2476,0.4261,104792,94161,131962,118575,2025
161255,Escondido,CA,2020,False,151625,2010,182,0,29,32,105,0,10,5,748,227,1842937,155768,1162159,66561,reported,reported,R,R,1.2,0.692,0.1374,0.4358,121512,132818,151153,165216,2025
161255,Escondido,CA,2021,False,151625,2020,147,0,59,29,112,1,5,2,745,193,1396194,334066,905445,27337,reported,reported,R,R,0.969,0.739,0.2864,0.4336,113975,97012,135415,115261,2025
161255,Escondido,CA,2022,True,149943,2020,147,3,57,31,103,0,12,1,755,191,1397360,333377,872682,67454,reported,reported,R,R,0.98,0.687,0.2794,0.4225,114070,101672,125486,111847,2025
161255,Escondido,CA,2023,False,150665,2020,149,2,55,27,109,8,11,1,754,224,1486311,321946,961183,65764,reported,reported,R,R,0.989,0.723,0.2696,0.4297,119703,105818,126476,111806,2025
161255,Escondido,CA,2024,False,150270,2020,152,0,50,33,110,10,10,0,755,238,1588676,313839,1033602,68309,reported,reported,R,R,1.012,0.732,0.2475,0.4265,125422,112757,128722,115724,2025
161255,Escondido,CA,2025,False,148122,2020,163,0,50,33,113,9,6,0,779,240,1670725,330067,1084231,36376,reported,reported,R,R,1.1,0.763,0.2347,0.4262,122998,115140,122998,115140,2025
100750,Fairfield,CA,2012,True,105321,2010,114,0,62,32,59,0,2,2,500,353,935376,278783,507324,9663,reported,reported,R,R,1.082,0.56,0.3523,0.474,98461,103185,138065,144689,2025
100750,Fairfield,CA,2013,False,105321,2010,112,0,70,18,57,0,4,0,496,288,923291,301923,500986,22215,reported,reported,R,CR,1.063,0.541,0.3846,0.4899,98924,105471,136711,145759,2025
100750,Fairfield,CA,2017,True,112970,2010,118,0,74,20,60,0,4,0,524,319,1061686,347179,576081,25545,imputed,imputed,G,G,1.045,0.531,0.3854,0.4885,107968,115216,141806,151326,2025
100750,Fairfield,CA,2019,False,116266,2010,119,0,66,5,64,0,2,0,536,204,1215616,352944,640606,15372,reported,reported,CR,CR,1.024,0.55,0.3568,0.4683,122583,120114,154366,151257,2025
100750,Fairfield,CA,2020,False,117133,2010,121,0,70,3,62,0,2,0,543,211,1251590,387679,672532,15988,reported,reported,R,CR,1.033,0.529,0.3665,0.4696,124125,130167,154403,161919,2025
100750,Fairfield,CA,2021,False,117133,2020,117,0,70,2,59,0,3,1,542,156,1266290,415763,692666,22154,reported,reported,R,CR,0.999,0.504,0.3743,0.4594,129876,140881,154307,167383,2025
100750,Fairfield,CA,2022,True,117580,2020,118,0,55,2,71,0,2,0,537,125,1283256,319619,771661,16555,reported,reported,R,CR,1.004,0.604,0.3179,0.4581,130501,130422,143561,143474,2025
100750,Fairfield,CA,2023,False,119705,2020,125,0,65,10,73,0,5,1,545,132,1421504,394993,642869,73105,imputed,reported,RX,CR,1.044,0.61,0.3421,0.4917,136464,105677,144186,111657,2025
100750,Fairfield,CA,2024,False,119338,2020,131,0,68,10,76,0,5,1,570,134,1549976,430692,700970,79712,imputed,imputed,G,G,1.098,0.637,0.3417,0.4912,141983,110679,145719,113591,2025
100750,Fairfield,CA,2025,False,120768,2020,132,0,69,10,77,0,5,1,575,137,1670889,464289,755653,85930,imputed,imputed,G,G,1.093,0.638,0.3433,0.4922,151899,117764,151899,117764,2025
161245,Fontana,CA,2012,True,196069,2010,175,0,87,7,0,0,0,0,520,475,1587224,403292,0,0,reported,,R,,0.893,0.0,0.3321,0.5038,108838,,152616,,2025
161245,Fontana,CA,2013,False,196069,2010,171,0,88,10,0,0,0,0,508,461,1577172,419126,0,0,reported,,R,,0.872,0.0,0.3398,0.5098,110679,,152957,,2025
161245,Fontana,CA,2014,False,196069,2010,176,0,97,15,0,0,0,0,524,490,1878551,546326,0,0,reported,,R,,0.898,0.0,0.3553,0.521,128083,,174183,,2025
161245,Fontana,CA,2015,False,196069,2010,184,0,96,19,0,0,0,0,535,484,2026331,535481,0,0,reported,,R,,0.938,0.0,0.3429,0.5234,132152,,179504,,2025
161245,Fontana,CA,2016,False,196069,2010,182,0,97,13,0,0,0,0,539,482,2092952,572774,0,0,reported,,R,,0.928,0.0,0.3477,0.5176,137997,,185108,,2025
161245,Fontana,CA,2017,True,207460,2010,183,0,90,12,0,0,0,0,533,499,2154451,565030,0,0,reported,,R,,0.882,0.0,0.3297,0.5122,141275,,185552,,2025
161245,Fontana,CA,2018,False,207460,2010,184,0,98,10,0,0,0,0,545,488,2281246,630385,0,0,reported,,R,,0.887,0.0,0.3475,0.5174,148777,,190746,,2025
161245,Fontana,CA,2022,True,216173,2020,189,0,101,9,0,0,0,0,558,450,2639747,729450,0,0,imputed,,G,,0.874,0.0,0.3483,0.5197,167603,,184376,,2025
207577,Fremont,CA,2012,True,214089,2010,209,8,26,3,127,1,1,0,819,194,1914230,229161,1426527,13288,reported,reported,CR,R,0.976,0.593,0.1106,0.4432,109908,134790,154116,189006,2025
207577,Fremont,CA,2013,False,214089,2010,210,3,29,0,120,1,1,0,819,185,1900376,224898,1461058,14641,reported,reported,CR,R,0.981,0.561,0.1213,0.4396,108593,146106,150074,201916,2025
207577,Fremont,CA,2014,False,214089,2010,207,7,28,7,125,0,1,0,834,167,2132997,253954,1521458,13616,reported,reported,CR,R,0.967,0.584,0.1191,0.4329,123652,146060,168157,198631,2025
207577,Fremont,CA,2015,False,214089,2010,215,7,24,22,130,0,1,0,811,250,2217627,266142,1744963,12478,reported,reported,CR,R,1.004,0.607,0.1004,0.4562,123775,161074,168125,218789,2025
207577,Fremont,CA,2016,False,214089,2010,286,9,33,0,179,0,1,0,1012,73,2448322,294812,1932943,13822,prorated,prorated,T,T,1.336,0.836,0.1034,0.4931,102727,129583,137797,173821,2025
207577,Fremont,CA,2017,True,232206,2010,228,7,26,23,128,0,34,0,851,238,2680933,317971,1674700,452476,prorated,reported,T,R,0.982,0.551,0.1024,0.4888,141102,157003,185325,206209,2025
207577,Fremont,CA,2018,False,232206,2010,191,0,73,27,122,0,34,0,870,237,2561887,794634,1800890,481709,reported,reported,CR,R,0.823,0.525,0.2765,0.4828,160956,177137,206361,227106,2025
207577,Fremont,CA,2019,False,234962,2010,177,0,88,19,115,0,31,2,873,239,2486855,911416,1883979,421173,reported,reported,CR,R,0.753,0.489,0.3321,0.4708,168600,196589,212314,247560,2025
207577,Fremont,CA,2020,False,241110,2010,197,5,77,17,126,0,32,1,897,255,3096546,943337,1798828,450129,reported,reported,CR,R,0.817,0.523,0.281,0.4816,188622,171317,234633,213107,2025
207577,Fremont,CA,2021,False,241110,2020,215,2,71,17,116,0,34,0,898,98,3184314,815784,1977076,483578,reported,reported,CR,R,0.892,0.481,0.2483,0.4855,177729,204525,211162,242999,2025
207577,Fremont,CA,2022,True,234569,2020,190,0,70,19,119,0,35,0,868,158,2936719,810480,2158329,522428,reported,reported,CR,R,0.81,0.507,0.2692,0.477,185477,217647,204039,239428,2025
207577,Fremont,CA,2023,False,227514,2020,189,0,68,16,122,0,31,2,875,193,3067913,879592,2075158,475381,reported,reported,CR,R,0.831,0.536,0.2646,0.4686,194788,204114,205810,215663,2025
207577,Fremont,CA,2024,False,223871,2020,180,0,72,22,132,0,33,0,896,206,3258963,954495,2434674,482581,reported,reported,CR,R,0.804,0.59,0.2857,0.4654,217264,221334,222981,227158,2025
207577,Fremont,CA,2025,False,226208,2020,170,1,82,29,122,0,36,2,895,236,3781583,1198325,2409032,591731,reported,reported,CR,R,0.752,0.539,0.3254,0.4581,266935,236954,266935,236954,2025
189636,Fresno,CA,2012,True,494665,2010,760,0,200,27,310,0,40,1,3034,286,6315212,878981,2286764,194343,reported,reported,R,R,1.536,0.627,0.2083,0.4318,99714,88520,139822,124125,2025
189636,Fresno,CA,2013,False,494665,2010,725,0,195,30,306,0,39,1,2927,308,6109256,875418,2433633,215701,reported,reported,R,R,1.466,0.619,0.212,0.4322,101119,95437,139745,131892,2025
189636,Fresno,CA,2014,False,494665,2010,722,0,202,31,290,0,39,1,2952,412,6020165,947787,2630733,216504,reported,reported,R,R,1.46,0.586,0.2186,0.4245,100058,108858,136071,148039,2025
189636,Fresno,CA,2015,False,494665,2010,707,0,252,29,286,0,38,2,3008,357,5815496,1037532,2775574,208165,reported,reported,R,R,1.429,0.578,0.2628,0.4265,98707,116458,134075,158186,2025
189636,Fresno,CA,2016,False,494665,2010,735,0,254,35,293,0,44,2,3043,313,6210872,1054543,2985229,226453,reported,reported,R,R,1.486,0.592,0.2568,0.4358,101402,122262,136020,164001,2025
189636,Fresno,CA,2017,True,520052,2010,759,0,261,36,314,0,48,1,3232,408,6361377,1156566,2987652,264220,reported,reported,R,R,1.459,0.604,0.2559,0.4276,100575,114178,132096,149962,2025
189636,Fresno,CA,2018,False,520052,2010,798,0,261,37,310,0,50,2,3303,434,6521380,1161679,3030727,276911,reported,reported,R,R,1.534,0.596,0.2465,0.4296,98066,117318,125730,150413,2025
189636,Fresno,CA,2019,False,527438,2010,816,0,242,39,301,0,47,3,3361,457,6779877,1197903,3064124,266886,reported,reported,R,R,1.547,0.571,0.2287,0.4183,99704,122158,125555,153831,2025
189636,Fresno,CA,2020,False,531576,2010,804,0,259,8,293,0,46,1,3439,380,7048953,1312291,3077052,268221,reported,reported,R,R,1.512,0.551,0.2437,0.4077,105208,126023,130871,156764,2025
189636,Fresno,CA,2021,False,531576,2020,780,0,248,5,287,0,45,2,3400,242,7106218,1281347,3193526,278163,reported,reported,R,R,1.467,0.54,0.2412,0.4,109326,133527,129892,158645,2025
189636,Fresno,CA,2022,True,530267,2020,775,0,326,3,343,0,49,2,3628,336,6782771,1658139,3602687,293812,reported,reported,CR,R,1.462,0.647,0.2961,0.4115,105024,126042,115534,138656,2025
189636,Fresno,CA,2023,False,544510,2020,832,0,350,2,333,0,53,2,3744,416,8266300,1820854,3968048,312278,reported,reported,R,R,1.528,0.612,0.2961,0.4188,119225,142993,125971,151084,2025
189636,Fresno,CA,2024,False,545567,2020,846,0,375,1,358,0,49,3,4213,423,8944495,2111929,4848975,313138,reported,reported,R,R,1.551,0.656,0.3071,0.3864,126872,162535,130210,166812,2025
189636,Fresno,CA,2025,False,545716,2020,846,0,356,1,341,0,49,3,4300,364,9402052,2054419,4589740,329648,reported,reported,R,R,1.55,0.625,0.2962,0.3702,133362,161516,133362,161516,2025
161218,Fullerton,CA,2012,True,135161,2010,142,0,63,29,74,0,12,5,597,175,1292917,302788,677087,78868,reported,reported,CR,R,1.051,0.547,0.3073,0.4874,109261,109798,153209,153962,2025
161218,Fullerton,CA,2013,False,135161,2010,141,0,59,30,78,0,11,4,582,162,1247489,306409,705938,75604,reported,reported,CR,R,1.043,0.577,0.295,0.4966,106169,108606,146724,150092,2025
161218,Fullerton,CA,2017,True,140847,2010,149,0,62,33,82,0,12,4,613,178,1434480,352337,811753,86936,imputed,imputed,G,G,1.058,0.582,0.2938,0.4976,115529,118793,151737,156024,2025
161218,Fullerton,CA,2022,True,139921,2020,121,12,40,2,67,1,1,3,468,83,1481698,271237,908995,8928,reported,reported,R,CR,0.865,0.479,0.2484,0.4893,146945,162805,161651,179098,2025
161218,Fullerton,CA,2023,False,141874,2020,102,8,57,6,65,6,2,0,459,96,1271584,543500,995490,17473,reported,reported,R,CR,0.719,0.458,0.3585,0.4924,149598,183783,158063,194182,2025
161218,Fullerton,CA,2024,False,140541,2020,107,8,70,7,75,5,5,0,513,86,1472201,713627,1065192,34321,reported,reported,R,R,0.761,0.534,0.3955,0.501,165107,170431,169451,174915,2025
161218,Fullerton,CA,2025,False,139250,2020,109,1,73,6,82,6,3,0,555,81,1587224,769140,1196536,17704,reported,reported,R,R,0.783,0.589,0.4011,0.4811,174740,175103,174740,175103,2025
193114,Garden Grove,CA,2012,True,170883,2010,161,12,62,25,83,0,7,7,584,231,1510360,373614,905450,86935,reported,reported,R,R,0.942,0.486,0.278,0.536,112573,130908,157853,183563,2025
193114,Garden Grove,CA,2013,False,170883,2010,160,21,60,31,76,0,4,2,562,260,1322962,375302,898683,35663,reported,reported,CR,CR,0.936,0.445,0.2727,0.5338,99222,141897,137123,196099,2025
193114,Garden Grove,CA,2017,True,175393,2010,159,0,66,35,87,0,2,3,594,143,1778897,458346,811425,20323,reported,reported,R,CR,0.907,0.496,0.2933,0.5286,134256,111921,176333,146998,2025
193114,Garden Grove,CA,2019,False,174226,2010,150,1,76,24,79,0,2,2,571,130,1462863,686792,942238,11499,prorated,reported,T,CR,0.861,0.453,0.3363,0.5377,117029,143125,147372,180234,2025
193114,Garden Grove,CA,2020,False,171644,2010,157,1,80,25,0,0,0,0,514,121,1548581,727034,0,0,reported,,R,,0.915,0.0,0.3376,0.4611,118363,,147235,,2025
193114,Garden Grove,CA,2021,False,171644,2020,154,1,83,27,0,0,0,0,507,110,1669006,755642,0,0,reported,,R,,0.897,0.0,0.3502,0.4675,130052,,154516,,2025
193114,Garden Grove,CA,2022,True,171366,2020,148,2,92,21,0,0,0,0,510,106,1617799,844796,0,0,imputed,,RX,,0.864,0.0,0.3833,0.4706,131173,,144300,,2025
161170,Glendale,CA,2012,True,191719,2010,249,8,92,6,188,4,15,1,1628,335,2281390,461250,2275861,107077,reported,imputed,R,G,1.299,0.981,0.2698,0.3342,109947,145268,154171,203699,2025
161170,Glendale,CA,2013,False,191719,2010,254,5,70,19,153,0,18,0,1466,402,2157736,503150,1997872,92288,reported,reported,C,R,1.325,0.798,0.216,0.3377,101940,156696,140880,216551,2025
161170,Glendale,CA,2014,False,191719,2010,257,5,71,21,155,0,18,0,1481,437,2209982,515333,2046247,94523,imputed,imputed,G,G,1.341,0.808,0.2165,0.3383,103190,158419,140331,215438,2025
161170,Glendale,CA,2015,False,191719,2010,233,9,78,23,156,0,18,0,1468,454,2552262,482900,2117555,97817,reported,imputed,R,G,1.215,0.814,0.2508,0.3304,131447,162889,178546,221254,2025
161170,Glendale,CA,2016,False,191719,2010,236,9,79,23,158,0,18,0,1487,449,2659064,503108,2206167,101910,imputed,imputed,G,G,1.231,0.824,0.2508,0.3302,135207,167557,181365,224759,2025
161170,Glendale,CA,2017,True,201020,2010,236,5,90,27,159,0,18,0,1508,435,2210901,435211,2264670,104612,reported,imputed,R,G,1.174,0.791,0.2761,0.3336,112419,170918,147652,224485,2025
161170,Glendale,CA,2018,False,201020,2010,244,0,75,36,163,0,18,0,1530,450,2143850,669576,2366663,109323,reported,imputed,CR,G,1.214,0.811,0.2351,0.3268,105435,174233,135178,223383,2025
161170,Glendale,CA,2019,False,203054,2010,230,0,97,30,165,0,18,0,1554,443,1465856,733394,2486616,114864,reported,imputed,C,G,1.133,0.813,0.2966,0.3282,76479,180845,96308,227734,2025
161170,Glendale,CA,2020,False,199303,2010,233,0,98,30,167,0,18,0,1574,439,1569406,785202,2662273,122978,imputed,imputed,G,G,1.169,0.838,0.2961,0.3278,80828,191301,100544,237965,2025
161170,Glendale,CA,2021,False,199303,2020,233,0,98,28,167,0,18,0,1574,403,1624025,812529,2754927,127258,imputed,imputed,G,G,1.169,0.838,0.2961,0.3278,83641,197959,99375,235198,2025
161170,Glendale,CA,2022,True,197747,2020,236,0,99,29,169,0,18,0,1591,414,1695405,848242,2876014,132851,imputed,imputed,G,G,1.193,0.855,0.2955,0.3281,86207,204214,94834,224651,2025
161170,Glendale,CA,2023,False,192366,2020,241,0,101,30,172,0,18,0,1623,420,1816462,908809,3081371,142337,imputed,imputed,G,G,1.253,0.894,0.2953,0.3278,90446,214979,95564,227143,2025
161170,Glendale,CA,2024,False,189221,2020,245,0,103,30,180,0,19,0,1689,440,1955812,978528,3344923,154512,imputed,imputed,X,G,1.295,0.951,0.296,0.3239,95795,222995,98316,228863,2025
161170,Glendale,CA,2025,False,187050,2020,248,0,104,31,182,0,19,0,1709,452,2108385,1054863,3605861,166566,imputed,imputed,G,G,1.326,0.973,0.2955,0.3236,102019,237749,102019,237749,2025
161123,Hayward,CA,2012,True,144186,2010,184,0,93,5,119,0,10,0,731,55,1959940,585931,1516744,72894,reported,reported,R,R,1.276,0.825,0.3357,0.5554,127822,152949,179236,214469,2025
161123,Hayward,CA,2013,False,144186,2010,204,2,77,0,115,0,11,1,736,58,2276047,512264,1491789,82998,reported,reported,CR,R,1.415,0.798,0.274,0.553,133885,155665,185027,215127,2025
161123,Hayward,CA,2014,False,144186,2010,188,4,97,10,121,2,9,1,740,59,2128316,638983,1579131,76962,reported,reported,CR,R,1.304,0.839,0.3404,0.5608,135850,156608,184746,212975,2025
161123,Hayward,CA,2015,False,144186,2010,207,0,71,0,123,0,9,0,742,22,2279676,510659,1553065,78607,reported,reported,CR,R,1.436,0.853,0.2554,0.5526,132155,151519,179508,205810,2025
161123,Hayward,CA,2016,False,144186,2010,212,0,81,16,121,0,9,0,776,44,2397945,620589,1949417,90223,reported,reported,CR,R,1.47,0.839,0.2765,0.5451,135733,193331,182071,259332,2025
161123,Hayward,CA,2017,True,158289,2010,205,0,101,13,115,1,9,0,796,47,2593989,802125,1646740,91202,reported,reported,CR,R,1.295,0.727,0.3301,0.5402,151843,171834,199432,225688,2025
161123,Hayward,CA,2018,False,158289,2010,191,0,86,18,133,0,9,0,805,67,2347699,738091,1835060,97499,reported,reported,R,R,1.207,0.84,0.3105,0.5205,147499,165569,189108,212275,2025
161123,Hayward,CA,2019,False,160500,2010,214,0,87,18,135,0,9,0,816,67,2627153,775501,1928069,102441,imputed,imputed,G,G,1.333,0.841,0.289,0.5453,147317,171384,185513,215820,2025
161123,Hayward,CA,2020,False,159203,2010,209,1,83,13,127,0,7,1,801,69,2615570,716492,1955392,87808,reported,reported,CR,R,1.313,0.798,0.2842,0.5318,150176,184761,186809,229830,2025
161123,Hayward,CA,2021,False,159203,2020,200,1,79,10,124,1,8,1,781,47,2551688,725836,2065147,98135,reported,reported,CR,R,1.256,0.779,0.2832,0.5262,153101,199853,181901,237448,2025
161123,Hayward,CA,2022,True,157966,2020,195,1,82,10,123,0,8,1,786,47,2790688,771787,2254616,103977,reported,reported,CR,R,1.234,0.779,0.296,0.5191,171735,219963,188922,241976,2025
161123,Hayward,CA,2023,False,159827,2020,165,0,103,12,119,0,23,0,795,61,2614104,1031289,2481563,281878,reported,reported,CR,R,1.032,0.745,0.3843,0.5157,190117,250242,200874,264401,2025
161123,Hayward,CA,2024,False,156754,2020,173,0,108,12,125,0,24,0,832,62,2850361,1124494,2705842,307354,imputed,imputed,G,G,1.104,0.797,0.3843,0.5168,197713,259761,202915,266596,2025
161123,Hayward,CA,2025,False,155675,2020,177,2,77,12,133,0,10,0,752,43,3297143,953334,3182080,149535,reported,reported,CR,R,1.137,0.854,0.3031,0.5279,223535,287105,223535,287105,2025
100709,Huntington Beach,CA,2012,True,189992,2010,202,0,118,17,120,0,39,18,938,367,1846349,724087,1550060,196790,reported,reported,R,R,1.063,0.632,0.3688,0.5107,109684,155006,153802,217354,2025
100709,Huntington Beach,CA,2013,False,189992,2010,177,1,124,13,134,10,19,2,856,318,1593952,917355,1590033,127026,reported,reported,R,R,0.932,0.705,0.412,0.5304,108065,142391,149344,196782,2025
100709,Huntington Beach,CA,2014,False,189992,2010,207,3,111,16,123,0,23,30,861,369,2017763,715252,1447884,142000,reported,reported,R,R,1.09,0.647,0.3491,0.5389,116972,141257,159073,192099,2025
100709,Huntington Beach,CA,2015,False,189992,2010,208,3,112,16,124,0,23,31,864,379,2088078,740177,1498340,146948,imputed,imputed,G,G,1.095,0.653,0.35,0.5405,120466,145001,163630,196957,2025
100709,Huntington Beach,CA,2016,False,189992,2010,221,6,101,20,119,0,51,5,903,388,2236457,676692,1562393,231785,reported,reported,R,R,1.163,0.626,0.3137,0.5449,121437,157552,162894,211339,2025
100709,Huntington Beach,CA,2017,True,201899,2010,228,11,93,22,112,0,54,9,896,359,2361522,641268,1505590,286458,reported,reported,R,R,1.129,0.555,0.2897,0.5435,124291,161313,163245,211870,2025
100709,Huntington Beach,CA,2018,False,201899,2010,217,9,111,17,109,0,66,33,906,351,2272617,777033,1344224,409780,reported,reported,R,R,1.075,0.54,0.3384,0.5552,125675,147988,161127,189735,2025
100709,Huntington Beach,CA,2019,False,201874,2010,213,8,117,16,109,0,63,41,892,359,2623061,911407,1523460,418790,reported,reported,R,R,1.055,0.54,0.3545,0.5628,147778,167720,186093,211206,2025
100709,Huntington Beach,CA,2020,False,199223,2010,214,11,115,18,98,0,80,29,901,353,2107668,802951,1327646,602505,reported,reported,R,R,1.074,0.492,0.3495,0.5627,118187,162569,147016,202225,2025
100709,Huntington Beach,CA,2021,False,199223,2020,217,10,106,16,115,0,59,42,839,359,2335806,771504,1622091,367766,reported,reported,R,R,1.089,0.577,0.3282,0.5924,129169,169262,153467,201102,2025
100709,Huntington Beach,CA,2022,True,198246,2020,220,8,89,20,121,0,40,89,850,362,2461931,718153,1601298,437525,reported,reported,R,R,1.11,0.61,0.288,0.5529,134287,158806,147726,174699,2025
100709,Huntington Beach,CA,2023,False,196652,2020,217,9,85,14,119,1,38,107,856,372,2725212,724111,1722500,417586,reported,reported,R,R,1.103,0.605,0.2815,0.5362,150703,173697,159230,183525,2025
100709,Huntington Beach,CA,2024,False,194310,2020,213,11,89,15,122,0,42,129,858,417,2823542,718607,1733865,502554,reported,reported,R,R,1.096,0.628,0.2947,0.5431,159073,170544,163259,175031,2025
100709,Huntington Beach,CA,2025,False,192129,2020,215,14,87,17,127,2,43,128,852,436,2783999,726543,1914310,439224,reported,reported,R,R,1.119,0.661,0.2881,0.554,155386,180880,155386,180880,2025
123110,Inglewood,CA,2012,True,109673,2010,193,0,54,40,0,0,0,0,612,154,1602383,217636,0,0,reported,,CR,,1.76,0.0,0.2186,0.4036,99630,,139704,,2025
123110,Inglewood,CA,2013,False,109673,2010,182,0,40,40,0,0,0,0,593,169,1487666,155695,0,0,reported,,CR,,1.659,0.0,0.1802,0.3744,98088,,135556,,2025
123110,Inglewood,CA,2014,False,109673,2010,183,0,40,41,0,0,0,0,594,172,1506373,157653,0,0,imputed,imputed,G,G,1.669,0.0,0.1794,0.3754,98779,,134332,,2025
123110,Inglewood,CA,2015,False,109673,2010,174,1,27,52,0,0,0,0,506,188,1749277,141378,0,0,reported,,CR,,1.587,0.0,0.1343,0.3972,120640,,163867,,2025
123110,Inglewood,CA,2016,False,109673,2010,163,30,27,41,0,0,0,0,455,163,222733,134885,0,0,reported,,CR,,1.486,0.0,0.1421,0.4176,16398,,21996,,2025
123110,Inglewood,CA,2017,True,111666,2010,163,30,27,41,0,0,0,0,455,163,233274,141269,0,0,imputed,,G,,1.46,0.0,0.1421,0.4176,17174,,22556,,2025
123110,Inglewood,CA,2018,False,111666,2010,158,29,51,35,0,0,0,0,612,144,337368,249001,0,0,prorated,,RT,,1.415,0.0,0.244,0.3415,25623,,32851,,2025
123110,Inglewood,CA,2022,True,107203,2020,150,27,29,32,0,0,0,0,516,158,330772,180380,0,0,prorated,,RT,,1.399,0.0,0.162,0.3469,26462,,29110,,2025
123110,Inglewood,CA,2023,False,105181,2020,153,28,30,33,0,0,0,0,525,161,354390,193258,0,0,imputed,,G,,1.455,0.0,0.1639,0.3486,27795,,29368,,2025
123110,Inglewood,CA,2024,False,103621,2020,176,10,34,30,0,0,0,0,615,135,456947,286506,0,0,reported,,CR,,1.698,0.0,0.1619,0.3415,31155,,31975,,2025
123110,Inglewood,CA,2025,False,102865,2020,178,10,34,31,0,0,0,0,622,137,492593,308855,0,0,imputed,,G,,1.73,0.0,0.1604,0.3408,33209,,33209,,2025
161229,Irvine,CA,2012,True,212375,2010,192,0,78,89,0,0,0,0,699,507,1769657,459870,0,0,reported,,R,,0.904,0.0,0.2889,0.3863,110604,,155092,,2025
161229,Irvine,CA,2013,False,212375,2010,202,0,79,83,0,0,0,0,701,555,2394688,608932,0,0,reported,,R,,0.951,0.0,0.2811,0.4009,142259,,196600,,2025
161229,Irvine,CA,2014,False,212375,2010,205,0,84,97,0,0,0,0,700,569,2939444,685992,0,0,reported,,R,,0.965,0.0,0.2907,0.4129,172065,,233995,,2025
161229,Irvine,CA,2015,False,212375,2010,199,0,87,96,0,0,0,0,721,556,2840727,684130,0,0,reported,,R,,0.937,0.0,0.3042,0.3967,171300,,232679,,2025
161229,Irvine,CA,2016,False,212375,2010,205,0,86,108,0,0,0,0,736,640,3198782,738234,0,0,reported,,R,,0.965,0.0,0.2955,0.3954,187246,,251170,,2025
161229,Irvine,CA,2017,True,256927,2010,218,0,78,107,0,0,0,0,763,612,3594499,705146,0,0,reported,,R,,0.848,0.0,0.2635,0.3879,197862,,259874,,2025
161229,Irvine,CA,2018,False,256927,2010,222,0,80,120,0,0,0,0,783,665,3733733,741846,0,0,reported,,R,,0.864,0.0,0.2649,0.3857,201823,,258756,,2025
161229,Irvine,CA,2019,False,277453,2010,229,0,82,134,0,0,0,0,804,672,4095935,827062,0,0,reported,,R,,0.825,0.0,0.2637,0.3868,214634,,270284,,2025
161229,Irvine,CA,2020,False,287401,2010,231,0,79,136,0,0,0,0,794,663,4032496,811232,0,0,reported,,R,,0.804,0.0,0.2548,0.3904,209480,,260579,,2025
161229,Irvine,CA,2021,False,287401,2020,222,0,84,115,0,0,0,0,781,537,4172560,864869,0,0,reported,,R,,0.772,0.0,0.2745,0.3918,225544,,267972,,2025
161229,Irvine,CA,2022,True,283700,2020,235,0,86,115,0,0,0,0,821,592,4219755,852263,0,0,reported,,R,,0.828,0.0,0.2679,0.391,215477,,237041,,2025
161229,Irvine,CA,2023,False,309031,2020,244,0,94,114,0,0,0,0,889,597,5262859,1115083,0,0,reported,,R,,0.79,0.0,0.2781,0.3802,258829,,273474,,2025
161229,Irvine,CA,2024,False,313685,2020,253,0,93,117,0,0,0,0,954,674,5709744,1206883,0,0,reported,,R,,0.807,0.0,0.2688,0.3627,270818,,277944,,2025
161229,Irvine,CA,2025,False,314621,2020,237,0,112,131,0,0,0,0,989,710,5095298,1277410,0,0,reported,,R,,0.753,0.0,0.3209,0.3529,257990,,257990,,2025
228280,Jurupa Valley,CA,2012,True,148672,2010,0,0,0,0,0,0,0,0,0,10,0,0,0,0,,,,,0.0,0.0,,,,,,,2025
228280,Jurupa Valley,CA,2013,False,148672,2010,0,0,0,0,0,0,0,0,0,5,0,0,0,0,,,,,0.0,0.0,,,,,,,2025
228280,Jurupa Valley,CA,2017,True,100314,2010,0,0,0,0,0,0,0,0,12,2,0,0,0,0,,,,,0.0,0.0,,0.0,,,,,2025
228280,Jurupa Valley,CA,2022,True,109745,2020,0,0,0,0,0,0,0,0,63,8,0,0,0,0,,,,,0.0,0.0,,0.0,,,,,2025
184451,Lancaster,CA,2012,True,156633,2010,0,0,13,1,0,0,0,0,261,201,0,52904,0,0,reported,,R,,0.0,0.0,1.0,0.0498,,,,,2025
184451,Lancaster,CA,2013,False,156633,2010,0,0,14,1,0,0,0,0,263,190,0,66400,0,0,reported,,R,,0.0,0.0,1.0,0.0532,,,,,2025
184451,Lancaster,CA,2017,True,161103,2010,0,0,12,1,0,0,0,0,283,269,0,79274,0,0,reported,,R,,0.0,0.0,1.0,0.0424,,,,,2025
184451,Lancaster,CA,2022,True,155822,2020,0,0,13,1,0,0,0,0,307,282,0,100475,0,0,imputed,,G,,0.0,0.0,1.0,0.0423,,,,,2025
161173,Long Beach,CA,2012,True,462257,2010,883,0,271,105,351,0,97,15,5332,955,8759655,1411220,4709981,626388,reported,reported,CR,R,1.91,0.759,0.2348,0.3005,119044,161025,166927,225794,2025
161173,Long Beach,CA,2013,False,462257,2010,850,0,250,106,347,0,94,28,4762,907,8718493,1428672,4492106,588340,reported,reported,CR,R,1.839,0.751,0.2273,0.3236,123085,155347,170102,214687,2025
161173,Long Beach,CA,2014,False,462257,2010,865,0,233,104,363,0,88,41,4770,1011,8405960,1336667,4358728,616537,reported,reported,CR,R,1.871,0.785,0.2122,0.3247,116614,144090,158586,195951,2025
161173,Long Beach,CA,2015,False,462257,2010,851,0,238,88,369,0,98,50,4778,928,9048335,1370470,4492998,628634,reported,reported,CR,R,1.841,0.798,0.2185,0.3257,127591,146114,173308,198468,2025
161173,Long Beach,CA,2016,False,462257,2010,850,0,243,75,350,0,121,41,4863,918,8738189,1374201,4784066,779515,reported,reported,CR,R,1.839,0.757,0.2223,0.3216,123363,164025,165478,220022,2025
161173,Long Beach,CA,2017,True,474140,2010,846,0,223,71,345,0,131,48,5008,877,9042315,1246034,4782986,756657,reported,reported,CR,R,1.784,0.728,0.2086,0.3085,128260,166365,168458,218505,2025
161173,Long Beach,CA,2018,False,474140,2010,790,0,257,72,367,0,111,40,5048,884,10379991,1455381,5647467,810650,reported,reported,R,R,1.666,0.774,0.2455,0.3021,157671,184658,202149,236749,2025
161173,Long Beach,CA,2019,False,469450,2010,786,0,261,80,389,0,89,43,5289,877,9626933,1561204,5330813,693583,reported,reported,R,R,1.674,0.829,0.2493,0.2883,146976,164447,185084,207084,2025
161173,Long Beach,CA,2020,False,462628,2010,835,0,284,84,397,0,84,56,5235,948,10678834,1802688,5981942,704353,reported,reported,CR,R,1.805,0.858,0.2538,0.3056,153468,180814,190904,224920,2025
161173,Long Beach,CA,2021,False,462628,2020,795,0,250,41,400,0,92,77,5096,977,9241069,1448429,5740117,670565,reported,reported,CR,R,1.718,0.865,0.2392,0.3016,139488,172204,165728,204598,2025
161173,Long Beach,CA,2022,True,454681,2020,771,0,201,39,374,0,106,79,5218,941,10316041,1357105,6279976,857214,reported,reported,CR,R,1.696,0.823,0.2068,0.2783,160561,201497,176629,221662,2025
161173,Long Beach,CA,2023,False,456062,2020,770,0,184,33,388,0,90,70,6181,914,13423593,1386931,7259255,931851,reported,reported,CR,R,1.688,0.851,0.1929,0.2317,209199,224513,221036,237217,2025
161173,Long Beach,CA,2024,False,451307,2020,708,0,258,49,380,0,134,98,6901,960,11882654,1967310,7772832,1154731,imputed,imputed,X,X,1.569,0.842,0.2671,0.2145,201401,245458,206700,251917,2025
161173,Long Beach,CA,2025,False,449468,2020,715,0,261,49,384,0,135,99,7034,968,12658485,2095757,8280328,1230124,reported,reported,C,R,1.591,0.854,0.2674,0.2125,212450,258760,212450,258760,2025
161174,Los Angeles,CA,2012,True,3792621,2010,10074,0,2824,10,3375,1,301,8,49604,5826,82434131,17117199,40167043,1879415,reported,reported,R,R,2.656,0.89,0.2189,0.3341,98194,142816,137690,200261,2025
161174,Los Angeles,CA,2013,False,3792621,2010,9880,93,2913,1,3250,1,295,1,48673,7627,85834446,18604734,40228426,1989142,reported,reported,R,R,2.605,0.857,0.2277,0.3357,104252,148536,144075,205274,2025
161174,Los Angeles,CA,2014,False,3792621,2010,9979,101,2942,1,3282,1,298,1,49156,8290,87924122,19057673,41207805,2037568,imputed,imputed,G,G,2.631,0.865,0.2277,0.3357,105731,150668,143786,204897,2025
161174,Los Angeles,CA,2015,False,3792621,2010,10030,104,2957,1,3299,1,300,1,49680,8528,90988119,19721798,42643823,2108574,imputed,imputed,G,G,2.645,0.87,0.2277,0.3339,108859,155115,147864,210695,2025
161174,Los Angeles,CA,2016,False,3792621,2010,10264,99,2696,1,3246,1,296,2,49343,8297,95325292,19050147,43469735,2257591,prorated,reported,RT,R,2.706,0.856,0.208,0.3344,111448,160701,149495,215563,2025
161174,Los Angeles,CA,2017,True,3971883,2010,9905,123,2851,0,3231,2,347,21,48780,8210,96371206,19980268,43290000,2717467,reported,reported,R,CR,2.494,0.813,0.2235,0.3349,116755,160780,153347,211170,2025
161174,Los Angeles,CA,2018,False,3971883,2010,10164,127,2926,0,3316,2,356,22,50713,8480,100711416,20880107,45239625,2839852,imputed,imputed,GX,G,2.559,0.835,0.2235,0.3305,118904,163714,152446,209897,2025
161174,Los Angeles,CA,2019,False,3999759,2010,10316,126,2970,0,3365,2,361,22,51561,8447,105575877,21938401,47532564,2983788,imputed,imputed,GX,G,2.579,0.841,0.2235,0.3299,122810,169507,154652,213456,2025
161174,Los Angeles,CA,2020,False,3979576,2010,10457,125,3011,0,3411,2,366,22,52267,8357,112853654,23488154,50890317,3194566,imputed,imputed,GX,G,2.628,0.857,0.2236,0.3299,129506,179034,161097,222706,2025
161174,Los Angeles,CA,2021,False,3979576,2020,10533,6,2671,134,3505,3,376,4,51798,9293,117329185,19462467,59156418,3119735,reported,reported,R,R,2.647,0.881,0.2023,0.3298,133670,202533,158815,240632,2025
161174,Los Angeles,CA,2022,True,3970219,2020,10252,0,2618,147,3756,3,362,6,51702,10704,124961172,20019476,60576828,3140469,reported,reported,R,R,2.582,0.946,0.2034,0.3286,146267,193536,160905,212904,2025
161174,Los Angeles,CA,2023,False,3849297,2020,10055,3,2403,172,3678,1,359,16,51831,11350,128883639,20315071,60602071,3208736,reported,reported,R,R,2.612,0.955,0.1929,0.3182,153814,197723,162517,208911,2025
161174,Los Angeles,CA,2024,False,3822238,2020,8979,5,2295,158,3430,4,335,23,49886,11158,125547429,20729381,65551526,3585031,reported,reported,R,R,2.349,0.897,0.2036,0.3015,167788,229335,172203,235369,2025
161174,Los Angeles,CA,2025,False,3820914,2020,9076,5,2320,162,3467,4,339,24,50427,11466,135341421,22346486,70665220,3864700,imputed,imputed,G,G,2.375,0.907,0.2036,0.3015,178944,244587,178944,244587,2025
207610,Modesto,CA,2012,True,201165,2010,241,35,75,31,137,3,2,0,1059,217,1494077,380833,1095495,15772,imputed,imputed,G,G,1.198,0.681,0.2373,0.4297,74394,95956,104317,134552,2025
207610,Modesto,CA,2013,False,201165,2010,207,20,76,55,140,2,6,2,1030,255,1920574,327891,1318313,25583,reported,reported,R,R,1.029,0.696,0.2686,0.4165,111338,112998,153867,156162,2025
207610,Modesto,CA,2014,False,201165,2010,211,23,75,47,146,1,7,2,1054,248,1958305,338259,1422442,28936,reported,reported,R,R,1.049,0.726,0.2622,0.4165,111373,116913,151459,158993,2025
207610,Modesto,CA,2015,False,201165,2010,189,17,103,53,132,0,6,4,1045,259,1901544,450981,1327358,30590,reported,reported,R,R,0.94,0.656,0.3527,0.4115,120733,120669,163993,163906,2025
207610,Modesto,CA,2016,False,201165,2010,220,20,52,70,131,1,9,3,1049,364,2195531,365751,1353912,87562,reported,reported,R,R,1.094,0.651,0.1912,0.3928,119756,124022,160640,166362,2025
207610,Modesto,CA,2017,True,211266,2010,206,20,55,56,137,1,10,2,1048,375,1968839,345754,1403264,91508,reported,reported,R,R,0.975,0.648,0.2107,0.3893,114690,122914,150635,161436,2025
207610,Modesto,CA,2018,False,211266,2010,235,27,61,49,130,2,10,3,1072,280,2701721,447179,1455900,85319,reported,reported,R,R,1.112,0.615,0.2061,0.4067,137960,134391,176878,172302,2025
207610,Modesto,CA,2019,False,214221,2010,226,28,64,37,128,3,8,3,1095,253,2520893,489951,1486514,68758,reported,reported,R,R,1.055,0.598,0.2207,0.389,133853,139361,168558,175494,2025
207610,Modesto,CA,2020,False,215196,2010,232,29,65,45,145,3,9,5,1112,436,1965255,807763,1385317,66219,reported,reported,CR,C,1.078,0.674,0.2189,0.4056,101651,114647,126447,142613,2025
207610,Modesto,CA,2021,False,215196,2020,215,28,62,41,148,3,8,7,1076,387,2004377,727784,1530564,60071,reported,reported,CR,C,0.999,0.688,0.2238,0.4024,111872,124100,132917,147445,2025
207610,Modesto,CA,2022,True,215666,2020,197,26,63,50,184,2,8,8,1074,383,1665218,795462,1754062,72730,reported,reported,CR,C,0.913,0.853,0.2423,0.4209,101435,114395,111586,125843,2025
207610,Modesto,CA,2023,False,218771,2020,196,21,70,42,207,1,9,10,1143,362,2328111,924237,2063499,85561,imputed,imputed,RX,CX,0.896,0.946,0.2632,0.4217,142537,119623,150602,126392,2025
207610,Modesto,CA,2024,False,218069,2020,209,28,88,41,206,1,16,7,1215,402,2624774,1152425,2215140,160097,imputed,reported,RX,C,0.958,0.945,0.2963,0.4272,150705,129037,154670,132432,2025
207610,Modesto,CA,2025,False,218915,2020,218,21,95,29,211,1,19,6,1302,229,2937882,1335014,3160998,238203,imputed,reported,RX,R,0.996,0.964,0.3035,0.4171,161718,179772,161718,179772,2025
161238,Moreno Valley,CA,2012,True,193365,2010,0,0,5,39,5,4,2,0,285,139,0,19656,29753,8343,reported,reported,R,R,0.0,0.026,1.0,0.0421,,71407,,100129,2025
161238,Moreno Valley,CA,2013,False,193365,2010,0,0,5,43,6,1,2,0,285,141,0,20012,35614,9060,reported,reported,R,R,0.0,0.031,1.0,0.0456,,71228,,98436,2025
161238,Moreno Valley,CA,2017,True,204198,2010,0,0,5,45,6,1,2,0,298,160,0,22588,40198,10226,imputed,imputed,G,G,0.0,0.029,1.0,0.0436,,80396,,105593,2025
161238,Moreno Valley,CA,2022,True,212349,2020,0,0,5,46,0,0,6,0,321,171,0,23238,0,28688,imputed,reported,X,R,0.0,0.0,1.0,0.0343,,,,,2025
100719,Murrieta,CA,2012,True,103466,2010,88,6,44,1,49,0,5,0,321,31,899808,174050,435681,22696,reported,reported,CR,CR,0.851,0.474,0.3333,0.5794,122701,106697,172055,149613,2025
100719,Murrieta,CA,2013,False,103466,2010,84,0,21,6,48,0,5,1,280,32,779638,90995,453589,26258,reported,reported,R,R,0.812,0.464,0.2,0.5643,111377,113397,153921,156713,2025
100719,Murrieta,CA,2017,True,109830,2010,89,0,22,7,51,0,5,1,295,35,896501,104635,521578,30193,imputed,imputed,G,G,0.81,0.464,0.1982,0.5661,120877,122724,158761,161187,2025
100719,Murrieta,CA,2022,True,116522,2020,126,0,31,8,66,0,6,1,357,41,1125072,131314,615257,50766,prorated,reported,T,R,1.081,0.566,0.1975,0.6415,107150,111865,117873,123060,2025
123117,Norwalk,CA,2012,True,105549,2010,0,0,13,28,0,0,0,0,224,180,0,80011,0,0,reported,,R,,0.0,0.0,1.0,0.058,,,,,2025
123117,Norwalk,CA,2013,False,105549,2010,0,0,15,26,0,0,0,0,223,166,0,81796,0,0,reported,reported,C,C,0.0,0.0,1.0,0.0673,,,,,2025
123117,Norwalk,CA,2017,True,107140,2010,0,0,12,21,0,0,0,0,238,173,0,73736,0,0,reported,,C,,0.0,0.0,1.0,0.0504,,,,,2025
123117,Norwalk,CA,2019,False,106084,2010,0,0,18,35,0,0,0,0,233,200,0,119363,0,0,reported,,R,,0.0,0.0,1.0,0.0773,,,,,2025
123117,Norwalk,CA,2020,False,103949,2010,0,0,22,32,0,0,0,0,238,211,0,98305,0,0,reported,,R,,0.0,0.0,1.0,0.0924,,,,,2025
123117,Norwalk,CA,2021,False,103949,2020,0,0,20,30,0,0,0,0,221,147,0,121181,0,0,reported,,R,,0.0,0.0,1.0,0.0905,,,,,2025
123117,Norwalk,CA,2022,True,102635,2020,0,0,24,26,0,0,0,0,246,154,0,165879,0,0,reported,,R,,0.0,0.0,1.0,0.0976,,,,,2025
123117,Norwalk,CA,2023,False,100373,2020,0,0,28,36,0,0,0,0,259,192,0,195175,0,0,reported,,R,,0.0,0.0,1.0,0.1081,,,,,2025
123117,Norwalk,CA,2024,False,98537,2020,0,0,31,44,0,0,0,0,264,239,0,228184,0,0,reported,,R,,0.0,0.0,1.0,0.1174,,,,,2025
123117,Norwalk,CA,2025,False,98078,2020,0,0,33,49,0,0,0,0,269,249,0,259603,0,0,reported,,R,,0.0,0.0,1.0,0.1227,,,,,2025
123093,Oakland,CA,2012,True,390724,2010,654,0,297,132,420,0,65,18,3420,1148,7565105,1631508,5646444,468295,reported,reported,R,R,1.674,1.075,0.3123,0.4199,138809,161327,194642,226217,2025
123093,Oakland,CA,2013,False,390724,2010,609,0,333,111,402,0,64,15,3385,1112,7604718,2021526,4960573,464176,reported,reported,R,R,1.559,1.029,0.3535,0.416,149847,148077,207086,204640,2025
123093,Oakland,CA,2014,False,390724,2010,624,0,312,138,451,0,12,20,3462,1184,7563650,1916181,5325745,71889,reported,reported,R,R,1.597,1.154,0.3333,0.4041,145455,141705,197808,192708,2025
123093,Oakland,CA,2015,False,390724,2010,690,0,372,115,432,0,66,9,3565,1127,8875721,2371764,6048302,486631,reported,reported,R,R,1.766,1.106,0.3503,0.4376,154360,168008,209669,228207,2025
123093,Oakland,CA,2016,False,390724,2010,735,0,396,121,418,0,71,13,3707,1081,8784908,2696159,6385920,538218,reported,reported,R,R,1.881,1.07,0.3501,0.437,143427,183328,192392,245914,2025
123093,Oakland,CA,2017,True,419267,2010,759,0,333,112,440,0,94,12,3659,950,9262525,2312753,6130527,641758,reported,reported,R,R,1.81,1.049,0.3049,0.4444,146443,167196,192340,219597,2025
123093,Oakland,CA,2018,False,419267,2010,733,0,332,86,450,0,80,6,3712,956,9560903,2457811,6263087,605432,reported,reported,R,R,1.748,1.073,0.3117,0.4297,156522,167016,200676,214130,2025
123093,Oakland,CA,2019,False,425195,2010,737,0,348,91,436,0,82,4,3792,990,11044707,2633049,6420950,701490,reported,reported,R,R,1.733,1.025,0.3207,0.4227,179832,176723,226458,222543,2025
123093,Oakland,CA,2020,False,433031,2010,748,0,319,95,436,0,83,11,3840,991,11682848,2638403,7021555,718064,reported,reported,R,R,1.727,1.007,0.299,0.413,187425,193254,233144,240395,2025
123093,Oakland,CA,2021,False,433031,2020,717,0,300,9,426,0,86,6,3774,333,11343219,2669507,6728685,742129,reported,reported,R,R,1.656,0.984,0.295,0.4051,189845,189540,225557,225195,2025
123093,Oakland,CA,2022,True,424891,2020,724,0,332,10,404,0,94,9,3742,679,11548315,3251513,8344903,878257,imputed,reported,RX,R,1.704,0.951,0.3144,0.4153,191409,247868,210565,272674,2025
123093,Oakland,CA,2023,False,433823,2020,707,0,326,11,418,0,101,9,3861,752,11792507,3228010,8136245,952568,imputed,reported,RX,R,1.63,0.964,0.3156,0.402,200156,233576,211481,246792,2025
123093,Oakland,CA,2024,False,430553,2020,706,0,263,11,432,0,81,4,3882,781,14571094,2981314,8756289,806419,reported,imputed,R,RX,1.64,1.003,0.2714,0.3818,247667,243230,254184,249630,2025
123093,Oakland,CA,2025,False,436504,2020,675,0,265,2,433,0,100,1,3893,714,12601934,2923521,7584958,971850,reported,reported,R,R,1.546,0.992,0.2819,0.3784,224034,210207,224034,210207,2025
161256,Oceanside,CA,2012,True,167086,2010,221,0,66,0,103,0,7,0,950,0,1866262,319072,904044,58736,reported,reported,R,R,1.323,0.616,0.23,0.4179,101335,105326,142095,147691,2025
161256,Oceanside,CA,2013,False,167086,2010,227,0,61,0,97,0,7,0,945,0,1913644,292740,927954,65021,reported,reported,R,R,1.359,0.581,0.2118,0.4148,101162,114798,139804,158649,2025
161256,Oceanside,CA,2014,False,167086,2010,225,0,64,0,106,0,15,0,972,0,1460705,319309,992779,98848,reported,reported,CR,R,1.347,0.634,0.2215,0.4218,77904,112390,105944,152842,2025
161256,Oceanside,CA,2015,False,167086,2010,234,0,61,0,109,0,16,0,1007,2,2017969,308441,1022050,111689,reported,reported,R,R,1.4,0.652,0.2068,0.4171,103486,112519,140566,152836,2025
161256,Oceanside,CA,2016,False,167086,2010,231,0,64,0,128,0,0,0,985,0,2176483,365605,1120090,0,reported,reported,R,R,1.383,0.766,0.2169,0.4294,113064,105008,151663,140857,2025
161256,Oceanside,CA,2017,True,175691,2010,233,0,64,0,115,0,6,0,1010,0,2596611,340024,1316672,59815,reported,reported,R,R,1.326,0.655,0.2155,0.4139,133731,137392,175644,180452,2025
161256,Oceanside,CA,2018,False,175691,2010,238,0,63,0,111,0,6,0,999,0,2325250,351257,1245330,57213,reported,reported,R,R,1.355,0.632,0.2093,0.4184,117239,134630,150312,172608,2025
161256,Oceanside,CA,2019,False,176193,2010,209,0,78,4,122,0,6,0,931,93,1974175,674201,1149037,68937,prorated,reported,RT,R,1.186,0.692,0.2718,0.4458,113350,113020,142739,142323,2025
161256,Oceanside,CA,2020,False,175742,2010,213,0,80,4,124,0,6,0,948,94,2222930,759154,1293821,77624,prorated,prorated,T,T,1.212,0.706,0.273,0.4462,125235,125208,155784,155750,2025
161256,Oceanside,CA,2021,False,175742,2020,210,0,79,4,122,0,6,0,933,93,1958246,668761,1139766,68381,prorated,prorated,T,T,1.195,0.694,0.2734,0.4469,111900,112108,132950,133197,2025
161256,Oceanside,CA,2022,True,174648,2020,225,0,85,4,131,0,6,0,999,99,2112795,721541,1229718,73778,prorated,prorated,T,T,1.288,0.75,0.2742,0.4474,112682,112646,123959,123919,2025
161256,Oceanside,CA,2023,False,172982,2020,252,0,26,0,142,0,82,0,1154,0,3053224,219742,1495190,1335790,reported,prorated,R,RT,1.457,0.821,0.0935,0.435,145392,126354,153619,133504,2025
161256,Oceanside,CA,2024,False,172199,2020,246,0,29,0,108,0,60,0,1155,0,3217145,233633,1441665,588081,reported,reported,R,R,1.429,0.627,0.1055,0.3835,156934,160185,161063,164400,2025
161256,Oceanside,CA,2025,False,170020,2020,258,0,37,0,107,0,65,0,1173,0,3156197,293219,1546275,593641,reported,reported,R,R,1.517,0.629,0.1254,0.3981,146800,173414,146800,173414,2025
161246,Ontario,CA,2012,True,163924,2010,215,0,120,16,130,0,15,0,963,164,2252787,714443,1641730,84715,imputed,imputed,G,G,1.312,0.793,0.3582,0.4984,125737,151544,176312,212499,2025
161246,Ontario,CA,2013,False,163924,2010,220,0,125,13,132,0,16,0,972,155,2089936,657591,1515831,88259,reported,reported,R,R,1.342,0.805,0.3623,0.5072,113997,137803,157542,190442,2025
161246,Ontario,CA,2014,False,163924,2010,226,0,116,15,134,0,14,0,981,177,2551406,762011,1843765,84581,reported,reported,R,R,1.379,0.817,0.3392,0.4995,135473,165113,184233,224541,2025
161246,Ontario,CA,2015,False,163924,2010,227,0,121,16,134,0,18,0,1006,181,2580143,805796,1882099,123077,reported,reported,R,R,1.385,0.817,0.3477,0.497,136395,168546,185267,228938,2025
161246,Ontario,CA,2016,False,163924,2010,207,0,121,20,129,0,45,0,1103,169,2835807,686048,1947360,318425,reported,reported,R,R,1.263,0.787,0.3689,0.4551,164395,181150,220518,242993,2025
161246,Ontario,CA,2017,True,171214,2010,265,0,120,11,135,4,30,0,1203,169,3260195,839879,2057973,225678,reported,reported,R,R,1.548,0.788,0.3117,0.4572,147631,182931,193900,240263,2025
161246,Ontario,CA,2018,False,171214,2010,277,13,111,8,147,0,35,4,1243,163,3962201,893232,2129600,129871,reported,reported,R,R,1.618,0.859,0.2861,0.4586,171648,173845,220069,222886,2025
161246,Ontario,CA,2019,False,175841,2010,245,0,120,11,134,0,58,5,1249,182,3412336,795353,2033777,358594,reported,reported,C,CR,1.393,0.762,0.3288,0.446,167135,182129,210469,229351,2025
161246,Ontario,CA,2020,False,185010,2010,248,0,111,13,166,0,51,2,1153,179,3246019,733581,2438726,333568,reported,reported,CR,CR,1.34,0.897,0.3092,0.4996,157065,176293,195378,219296,2025
161246,Ontario,CA,2021,False,185010,2020,217,0,72,18,136,0,38,5,1071,184,3052641,609706,2502462,339051,reported,reported,R,CR,1.173,0.735,0.2491,0.4323,168810,220805,200565,262341,2025
161246,Ontario,CA,2022,True,183393,2020,224,0,73,16,142,0,37,13,1127,320,3411448,626063,2947660,366063,reported,reported,R,R,1.221,0.774,0.2458,0.4224,182756,249098,201046,274027,2025
161246,Ontario,CA,2023,False,177963,2020,238,0,77,17,183,0,20,11,1236,325,3399591,623886,3443675,162299,prorated,reported,T,R,1.337,1.028,0.2444,0.4191,171408,225815,181107,238592,2025
161246,Ontario,CA,2024,False,179061,2020,254,0,81,16,191,0,49,6,1403,375,4634872,792246,4213612,482551,reported,reported,R,R,1.419,1.067,0.2418,0.4098,218970,264730,224732,271696,2025
161246,Ontario,CA,2025,False,182457,2020,270,0,86,21,193,0,50,10,1432,473,5114879,896887,4572385,576652,reported,reported,R,R,1.48,1.058,0.2416,0.4183,227328,284293,227328,284293,2025
161220,Orange,CA,2012,True,136416,2010,152,6,64,55,112,0,8,2,592,156,1617080,413595,1296405,53770,reported,reported,R,R,1.114,0.821,0.2963,0.5676,127664,138901,179014,194771,2025
161220,Orange,CA,2013,False,136416,2010,150,6,63,53,111,0,8,2,587,152,1588471,406278,1273469,52819,imputed,imputed,G,G,1.1,0.814,0.2958,0.5656,127078,137672,175620,190261,2025
161220,Orange,CA,2014,False,136416,2010,146,0,65,54,116,1,8,2,590,136,1624920,400859,1394334,52352,reported,reported,R,R,1.07,0.85,0.3081,0.5678,133555,144241,181625,196157,2025
161220,Orange,CA,2015,False,136416,2010,142,0,64,58,116,0,10,1,582,147,1504326,410628,1311214,68160,reported,reported,R,R,1.041,0.85,0.3107,0.5704,127126,135643,172677,184245,2025
161220,Orange,CA,2016,False,136416,2010,140,0,70,53,115,0,10,1,580,133,1608291,420898,1231269,74489,reported,reported,R,R,1.026,0.843,0.3333,0.5776,137854,128480,184916,172342,2025
161220,Orange,CA,2017,True,140992,2010,147,0,68,55,117,0,8,1,590,123,1633204,434334,1462317,61161,reported,reported,R,R,1.043,0.83,0.3163,0.5763,133323,149981,175108,196987,2025
161220,Orange,CA,2018,False,140992,2010,146,0,69,49,114,0,11,1,587,128,1629609,479294,1274841,85542,reported,reported,R,R,1.036,0.809,0.3209,0.5792,133940,134194,171724,172049,2025
161220,Orange,CA,2019,False,140560,2010,152,0,65,46,112,0,10,1,585,117,1692928,441937,1282382,77451,reported,reported,R,R,1.081,0.797,0.2995,0.5795,133652,137398,168305,173022,2025
161220,Orange,CA,2020,False,138669,2010,147,0,79,45,113,0,11,1,612,121,1846991,566194,1571458,86459,reported,reported,R,R,1.06,0.815,0.3496,0.5719,150775,166880,187554,207587,2025
161220,Orange,CA,2021,False,138669,2020,152,0,64,34,115,0,11,1,594,85,1901432,473550,1648549,95300,reported,reported,CR,R,1.096,0.829,0.2963,0.5758,150113,172023,178351,204383,2025
161220,Orange,CA,2022,True,138192,2020,148,0,73,30,113,0,12,1,601,99,1828484,555584,1680973,102785,reported,reported,R,R,1.071,0.818,0.3303,0.5757,148255,178510,163092,196375,2025
161220,Orange,CA,2023,False,137264,2020,153,0,82,28,113,0,24,2,632,102,2007325,655339,1742035,177667,reported,reported,R,R,1.115,0.823,0.3489,0.5886,157437,184995,166345,195463,2025
161220,Orange,CA,2024,False,136178,2020,160,0,73,25,113,0,26,0,651,102,2231637,574742,1766491,186146,reported,reported,R,R,1.175,0.83,0.3133,0.5714,167373,187592,171777,192528,2025
161220,Orange,CA,2025,False,138337,2020,153,0,70,7,113,0,26,8,617,66,2378333,560943,1929645,201885,reported,reported,R,R,1.106,0.817,0.3139,0.5867,186536,204918,186536,204918,2025
161299,Oxnard,CA,2012,True,197899,2010,218,0,136,43,83,0,14,1,1000,513,2023696,818112,865195,115984,reported,reported,C,R,1.102,0.419,0.3842,0.451,111396,125088,156203,175402,2025
161299,Oxnard,CA,2013,False,197899,2010,236,0,80,23,101,0,11,1,1189,346,2327432,399127,1060076,95209,reported,reported,R,R,1.193,0.51,0.2532,0.36,118344,125950,163550,174061,2025
161299,Oxnard,CA,2014,False,197899,2010,240,0,103,13,100,0,12,1,1129,380,2364959,512525,1047238,110455,reported,reported,R,R,1.213,0.505,0.3003,0.403,118248,125669,160808,170900,2025
161299,Oxnard,CA,2015,False,197899,2010,237,0,125,37,111,0,11,2,1075,513,2409163,662621,1257345,104605,reported,reported,C,R,1.198,0.561,0.3453,0.4502,121983,135929,165691,184634,2025
161299,Oxnard,CA,2016,False,197899,2010,233,0,110,31,113,0,11,2,1026,333,2164867,568257,1404479,92061,reported,reported,R,R,1.177,0.571,0.3207,0.4552,111495,149148,149558,200066,2025
161299,Oxnard,CA,2017,True,207254,2010,229,0,99,27,114,0,12,1,1033,316,2152419,502517,1408992,95055,reported,reported,R,R,1.105,0.55,0.3018,0.4395,112791,148315,148141,194798,2025
161299,Oxnard,CA,2018,False,207254,2010,232,0,97,21,117,0,8,3,1297,326,2404300,527159,1368761,61185,reported,reported,R,R,1.119,0.565,0.2948,0.35,124360,140386,159441,179988,2025
161299,Oxnard,CA,2019,False,210037,2010,244,0,89,2,113,0,9,2,1370,337,2669285,409312,1480279,59518,reported,reported,C,R,1.162,0.538,0.2673,0.3321,131276,157198,165313,197956,2025
161299,Oxnard,CA,2020,False,208881,2010,466,0,185,14,130,0,11,1,1545,264,5475509,1116570,1516248,102247,imputed,imputed,G,G,2.231,0.622,0.2842,0.5126,141000,139961,175394,174102,2025
161299,Oxnard,CA,2021,False,208881,2020,462,0,183,14,127,0,11,1,1521,259,5592926,1136474,1526649,102948,imputed,,G,,2.212,0.608,0.2837,0.5148,145271,144250,172598,171385,2025
161299,Oxnard,CA,2022,True,207945,2020,463,0,183,14,126,0,11,1,1514,257,5831902,1184650,1589782,107206,imputed,reported,GR,R,2.227,0.606,0.2833,0.5172,151151,151408,166278,166560,2025
161299,Oxnard,CA,2023,False,201879,2020,481,0,194,19,142,0,14,2,1616,322,6493027,1311838,2143477,135521,imputed,reported,GR,R,2.383,0.703,0.2874,0.5142,161988,181139,171154,191388,2025
161299,Oxnard,CA,2024,False,200415,2020,494,0,196,14,133,0,15,7,1666,499,6726227,1333607,2025506,144353,imputed,reported,GR,R,2.465,0.664,0.2841,0.503,163390,182752,167689,187561,2025
161299,Oxnard,CA,2025,False,198488,2020,499,0,198,14,134,0,15,7,1683,511,7250942,1437642,2183516,155613,imputed,imputed,G,G,2.514,0.675,0.2841,0.5027,174371,195539,174371,195539,2025
183832,Palmdale,CA,2012,True,152750,2010,0,0,21,36,0,0,0,0,210,198,0,72197,0,0,reported,,R,,0.0,0.0,1.0,0.1,,,,,2025
183832,Palmdale,CA,2013,False,152750,2010,0,0,14,35,0,0,0,0,188,159,0,75106,0,0,reported,,R,,0.0,0.0,1.0,0.0745,,,,,2025
183832,Palmdale,CA,2017,True,158351,2010,0,0,3,47,0,0,0,0,173,201,0,12380,0,0,reported,,R,,0.0,0.0,1.0,0.0173,,,,,2025
183832,Palmdale,CA,2022,True,150498,2020,0,0,0,0,0,0,0,0,224,180,0,0,0,0,,,,,0.0,0.0,,0.0,,,,,2025
207582,Pasadena,CA,2012,True,137122,2010,260,0,72,32,147,0,15,0,1543,263,2294226,411660,1665949,113841,reported,reported,CR,R,1.896,1.072,0.2169,0.3202,105887,135996,148478,190697,2025
207582,Pasadena,CA,2013,False,137122,2010,252,1,67,26,137,0,24,1,1642,265,2366004,375479,1526923,146664,reported,reported,CR,R,1.838,0.999,0.21,0.2923,112667,133745,155704,184834,2025
207582,Pasadena,CA,2014,False,137122,2010,156,0,22,14,227,0,68,34,1640,293,1802063,156087,2259464,404519,reported,reported,CR,R,1.138,1.655,0.1236,0.2884,138620,119443,188513,162433,2025
207582,Pasadena,CA,2015,False,137122,2010,251,0,61,28,142,0,20,1,1591,330,2586864,359075,1745781,138384,reported,reported,CR,R,1.83,1.036,0.1955,0.2979,123675,147531,167989,200393,2025
207582,Pasadena,CA,2016,False,137122,2010,223,0,60,38,151,0,20,2,1664,318,2562482,388784,1987226,190232,reported,reported,R,R,1.626,1.101,0.212,0.2728,137891,157925,184966,211839,2025
207582,Pasadena,CA,2017,True,142250,2010,261,0,59,36,149,0,20,2,1693,335,2832277,365375,1799665,168348,reported,reported,R,R,1.835,1.047,0.1844,0.2888,130220,144939,171032,190364,2025
207582,Pasadena,CA,2018,False,142250,2010,224,0,59,35,138,0,20,4,1670,307,2884592,382252,2078977,189514,reported,reported,R,R,1.575,0.97,0.2085,0.2641,154532,180781,198125,231778,2025
207582,Pasadena,CA,2019,False,142647,2010,250,0,64,40,142,0,19,20,1665,334,3111557,421039,2115985,183112,reported,reported,CR,R,1.753,0.995,0.2038,0.2853,149355,178816,188079,225179,2025
207582,Pasadena,CA,2020,False,141029,2010,215,0,118,21,145,0,20,1,1696,292,2634314,1059190,2216967,178562,reported,reported,CR,R,1.525,1.028,0.3544,0.2936,147031,183473,182896,228228,2025
207582,Pasadena,CA,2021,False,141029,2020,219,0,106,22,140,0,19,3,1713,264,2717977,973419,2363541,167175,reported,reported,CR,R,1.553,0.993,0.3262,0.2825,148930,202589,176946,240699,2025
207582,Pasadena,CA,2022,True,141045,2020,220,0,108,25,149,0,21,2,1689,255,2821691,1057545,2163289,213851,reported,reported,CR,R,1.56,1.056,0.3293,0.2948,153910,174225,169313,191661,2025
207582,Pasadena,CA,2023,False,135732,2020,215,0,108,21,150,0,21,10,1728,271,2893260,1073465,2232605,228094,reported,reported,CR,R,1.584,1.105,0.3344,0.2859,161484,178608,170621,188714,2025
207582,Pasadena,CA,2024,False,134211,2020,224,0,105,24,158,0,24,9,1773,278,3342521,1109793,2363518,241561,reported,reported,CR,R,1.669,1.177,0.3191,0.2882,179064,179508,183776,184231,2025
207582,Pasadena,CA,2025,False,133560,2020,219,0,111,27,162,0,26,4,1829,306,3277471,1193787,2758991,337105,reported,reported,CR,R,1.64,1.213,0.3364,0.2832,179587,204370,179587,204370,2025
161179,Pomona,CA,2012,True,149058,2010,151,0,96,40,0,0,0,0,542,154,1088963,422968,0,0,imputed,imputed,G,G,1.013,0.0,0.3887,0.4557,86540,,121349,,2025
161179,Pomona,CA,2013,False,149058,2010,149,0,95,39,0,0,0,0,536,151,1069836,415539,0,0,imputed,imputed,G,G,1.0,0.0,0.3893,0.4552,86161,,119073,,2025
161179,Pomona,CA,2017,True,153266,2010,154,0,98,41,0,0,0,0,554,158,1207379,468963,0,0,imputed,,G,,1.005,0.0,0.3889,0.4549,94081,,123567,,2025
161179,Pomona,CA,2019,False,152939,2010,154,0,95,27,0,0,0,0,491,196,1910785,587981,0,0,reported,,CR,,1.007,0.0,0.3815,0.5071,148892,,187496,,2025
161179,Pomona,CA,2020,False,151691,2010,169,0,78,22,0,0,0,0,501,170,1889986,468948,0,0,reported,,CR,,1.114,0.0,0.3158,0.493,134200,,166936,,2025
161179,Pomona,CA,2021,False,151691,2020,172,0,65,26,0,0,0,0,492,119,2323193,420300,0,0,reported,,CR,,1.134,0.0,0.2743,0.4817,162083,,192573,,2025
161179,Pomona,CA,2022,True,149212,2020,172,0,65,26,0,0,0,0,491,118,2323193,420300,0,0,reported,,CR,,1.153,0.0,0.2743,0.4827,162083,,178304,,2025
161179,Pomona,CA,2023,False,148338,2020,175,0,66,27,0,0,0,0,499,120,2489076,450310,0,0,imputed,,G,,1.18,0.0,0.2739,0.483,170679,,180337,,2025
161179,Pomona,CA,2024,False,146017,2020,183,0,69,28,0,0,0,0,522,122,2714035,491009,0,0,imputed,,G,,1.253,0.0,0.2738,0.4828,177970,,182653,,2025
161179,Pomona,CA,2025,False,145502,2020,185,0,70,29,0,0,0,0,527,124,2925758,529312,0,0,imputed,,G,,1.271,0.0,0.2745,0.4839,189779,,189779,,2025
161251,Rancho Cucamonga,CA,2012,True,165269,2010,0,0,0,0,92,0,21,6,484,345,0,0,1031297,115880,,reported,,R,0.0,0.557,,0.2335,,134517,,188623,2025
161251,Rancho Cucamonga,CA,2013,False,165269,2010,0,0,0,0,92,0,20,7,467,301,0,0,1020891,115099,,reported,,R,0.0,0.557,,0.2398,,133160,,184025,2025
161251,Rancho Cucamonga,CA,2014,False,165269,2010,0,0,0,0,90,0,19,6,465,324,0,0,1000887,111446,imputed,reported,G,R,0.0,0.545,,0.2344,,133452,,181485,2025
161251,Rancho Cucamonga,CA,2015,False,165269,2010,0,0,0,0,90,0,19,7,466,334,0,0,1035766,113345,,imputed,,GR,0.0,0.545,,0.2339,,138102,,187586,2025
161251,Rancho Cucamonga,CA,2016,False,165269,2010,0,0,0,0,88,0,23,6,461,365,0,0,1089570,169953,,reported,,R,0.0,0.532,,0.2408,,148578,,199301,2025
161251,Rancho Cucamonga,CA,2017,True,175236,2010,0,0,0,0,88,0,23,5,463,352,0,0,1195734,177043,,imputed,,X,0.0,0.502,,0.2397,,163055,,214158,2025
161251,Rancho Cucamonga,CA,2018,False,175236,2010,0,0,0,0,88,0,23,5,473,363,0,0,1240605,183686,,reported,,R,0.0,0.502,,0.2347,,169173,,216896,2025
161251,Rancho Cucamonga,CA,2022,True,178849,2020,0,0,0,0,90,0,23,4,483,334,0,0,1435568,212552,,imputed,,G,0.0,0.503,,0.234,,191409,,210565,2025
161251,Rancho Cucamonga,CA,2023,False,175142,2020,0,0,0,0,106,0,22,2,505,338,0,0,1740097,142622,,imputed,,X,0.0,0.605,,0.2535,,196992,,208138,2025
161251,Rancho Cucamonga,CA,2024,False,176336,2020,0,0,0,0,111,0,23,2,527,345,0,0,1893570,155201,,imputed,,X,0.0,0.629,,0.2543,,204710,,210096,2025
161251,Rancho Cucamonga,CA,2025,False,174405,2020,0,0,0,0,112,0,23,2,533,353,0,0,2017203,165334,,reported,,R,0.0,0.642,,0.2533,,216129,,216129,2025
123146,Rialto,CA,2012,True,99171,2010,95,0,31,11,51,0,3,0,300,58,726175,142547,603694,13702,reported,reported,R,CR,0.958,0.514,0.246,0.6,91727,142046,128622,199181,2025
123146,Rialto,CA,2013,False,99171,2010,94,0,21,9,55,0,5,0,293,82,763177,84553,619619,21434,reported,reported,R,R,0.948,0.555,0.1826,0.5973,97427,135190,134643,186831,2025
123146,Rialto,CA,2017,True,103132,2010,102,0,28,13,55,0,19,0,324,96,1040537,187687,726505,125900,reported,reported,R,R,0.989,0.533,0.2154,0.6296,122416,158510,160782,208189,2025
123146,Rialto,CA,2022,True,104132,2020,111,0,30,13,60,0,20,0,349,99,1318855,237887,920826,159575,imputed,imputed,G,G,1.066,0.576,0.2128,0.6332,142579,184165,156848,202596,2025
161135,Richmond,CA,2012,True,103701,2010,184,0,90,25,80,0,6,0,773,136,1503227,559501,629546,35574,imputed,imputed,G,G,1.774,0.771,0.3285,0.4657,98037,94432,137470,132415,2025
161135,Richmond,CA,2013,False,103701,2010,182,0,89,24,79,0,6,0,765,132,1476823,549673,618488,34949,imputed,imputed,G,G,1.755,0.762,0.3284,0.4654,97373,93948,134568,129835,2025
161135,Richmond,CA,2014,False,103701,2010,188,0,85,22,88,0,5,0,735,162,2562664,605146,1199274,39556,reported,reported,CR,R,1.813,0.849,0.3114,0.498,163574,163537,222448,222398,2025
161135,Richmond,CA,2015,False,103701,2010,179,8,84,20,90,0,4,0,703,123,2511508,569838,1239320,28730,reported,reported,CR,R,1.726,0.868,0.3194,0.5078,168369,165243,228698,224452,2025
161135,Richmond,CA,2016,False,103701,2010,172,0,87,24,90,0,6,0,700,130,2325666,652254,1214688,61754,reported,reported,CR,R,1.659,0.868,0.3359,0.5071,162256,161958,217649,217249,2025
161135,Richmond,CA,2017,True,109708,2010,169,0,66,22,91,0,4,0,692,121,2354358,483024,1176008,34504,reported,reported,CR,R,1.54,0.829,0.2809,0.4769,167173,155078,219567,203681,2025
161135,Richmond,CA,2018,False,109708,2010,163,0,61,22,89,0,5,0,672,140,3002372,493406,1208626,39250,reported,reported,C,C,1.486,0.811,0.2723,0.4732,221034,162961,283387,208931,2025
161135,Richmond,CA,2022,True,110038,2020,168,0,62,20,91,0,5,0,686,127,3474200,570944,1398564,45417,imputed,imputed,G,G,1.527,0.827,0.2696,0.4752,248157,184426,272992,202883,2025
161135,Richmond,CA,2023,False,115639,2020,171,0,63,20,93,0,5,0,700,128,3722268,611712,1498426,48661,imputed,imputed,G,G,1.479,0.804,0.2692,0.4743,261212,193345,275992,204285,2025
161135,Richmond,CA,2024,False,114301,2020,179,0,66,20,97,0,5,0,732,130,4058678,666998,1633850,53059,imputed,imputed,G,G,1.566,0.849,0.2694,0.474,272090,202126,279249,207444,2025
161135,Richmond,CA,2025,False,114106,2020,181,0,67,21,98,0,5,0,739,134,4375296,719030,1761308,57197,imputed,imputed,G,G,1.586,0.859,0.2702,0.475,290075,215670,290075,215670,2025
207594,Riverside,CA,2012,True,303871,2010,366,0,144,19,227,0,9,0,2060,386,3348024,799315,2275502,79322,reported,reported,R,CR,1.204,0.747,0.2824,0.3621,109771,120291,153924,168675,2025
207594,Riverside,CA,2013,False,303871,2010,363,0,167,25,223,1,9,0,2055,379,2946748,869774,1916724,78280,reported,reported,R,R,1.195,0.734,0.3151,0.3708,97413,103142,134623,142541,2025
207594,Riverside,CA,2014,False,303871,2010,373,0,171,42,244,1,10,0,2178,582,2951782,871260,2013079,82216,prorated,prorated,T,T,1.227,0.803,0.3143,0.3664,94963,99004,129142,134638,2025
207594,Riverside,CA,2015,False,303871,2010,375,0,172,43,245,1,10,0,2188,599,3054646,901622,2083231,85081,imputed,imputed,G,G,1.234,0.806,0.3144,0.3665,97749,102036,132774,138597,2025
207594,Riverside,CA,2016,False,303871,2010,379,0,174,42,248,1,10,0,2214,590,3182471,939351,2170406,88641,imputed,imputed,G,G,1.247,0.816,0.3146,0.3663,100764,105020,135164,140873,2025
207594,Riverside,CA,2017,True,322424,2010,362,0,117,19,223,0,8,0,2071,238,6184310,707044,2212924,66827,reported,reported,CR,R,1.123,0.692,0.2443,0.3428,205005,119081,269256,156402,2025
207594,Riverside,CA,2018,False,322424,2010,359,0,140,21,222,0,12,0,2101,242,4965040,968190,3463448,80330,reported,reported,R,R,1.113,0.689,0.2806,0.3489,165962,187213,212779,240025,2025
207594,Riverside,CA,2019,False,327728,2010,364,0,142,21,225,0,12,0,2133,241,5216690,1017262,3638990,84401,imputed,imputed,G,G,1.111,0.687,0.2806,0.3483,171979,194079,216569,244399,2025
207594,Riverside,CA,2020,False,331360,2010,369,0,144,21,228,0,12,0,2163,239,5585203,1089123,3896052,90363,imputed,imputed,G,G,1.114,0.688,0.2807,0.3481,181633,205055,225939,255074,2025
207594,Riverside,CA,2021,False,331360,2020,369,0,144,19,228,0,12,0,2163,220,5779583,1127027,4031645,93508,imputed,imputed,G,G,1.114,0.688,0.2807,0.3481,187954,212192,223311,252108,2025
207594,Riverside,CA,2022,True,330786,2020,374,0,146,19,231,0,12,0,2184,226,6033613,1176563,4208848,97617,imputed,imputed,G,G,1.131,0.698,0.2808,0.3494,193592,218641,212966,240522,2025
207594,Riverside,CA,2023,False,317261,2020,381,0,149,19,236,0,12,0,2226,229,6464432,1260573,4509373,104587,imputed,imputed,G,G,1.201,0.744,0.2811,0.3495,203604,229290,215125,242264,2025
207594,Riverside,CA,2024,False,320764,2020,399,0,156,19,247,0,13,0,2332,233,7048674,1374501,4916921,114039,imputed,imputed,G,G,1.244,0.77,0.2811,0.3495,211990,238879,217568,245165,2025
207594,Riverside,CA,2025,False,318858,2020,403,0,158,20,250,0,13,0,2359,239,7598543,1481726,5300491,122935,imputed,imputed,G,G,1.264,0.784,0.2816,0.3493,226259,254424,226259,254424,2025
123137,Roseville,CA,2012,True,118788,2010,139,2,43,32,100,0,9,1,974,517,1115613,253724,1132669,82174,reported,reported,CR,R,1.17,0.842,0.2363,0.2988,96312,135920,135051,190591,2025
123137,Roseville,CA,2013,False,118788,2010,137,2,42,31,99,0,9,1,963,504,1095876,249235,1112630,80721,imputed,imputed,G,G,1.153,0.833,0.2346,0.298,95989,134864,132655,186380,2025
123137,Roseville,CA,2014,False,118788,2010,137,2,42,32,99,0,9,1,963,514,1109513,252336,1126476,81725,imputed,imputed,G,G,1.153,0.833,0.2346,0.298,97184,136543,132163,185688,2025
123137,Roseville,CA,2015,False,118788,2010,106,9,80,8,110,0,9,0,1052,497,856468,612706,1235129,65428,reported,reported,CR,CR,0.892,0.926,0.4301,0.2899,96959,134741,131701,183020,2025
123137,Roseville,CA,2016,False,118788,2010,126,0,59,24,106,0,7,0,1074,686,1264342,408609,1363048,62950,reported,reported,R,R,1.061,0.892,0.3189,0.2775,120414,154307,161522,206986,2025
123137,Roseville,CA,2017,True,130269,2010,122,0,64,25,98,0,12,3,1079,490,1329391,418839,1365497,123198,reported,reported,R,R,0.937,0.752,0.3441,0.2743,130760,167204,171741,219607,2025
123137,Roseville,CA,2018,False,130269,2010,103,5,78,19,109,3,9,0,1073,532,971775,661934,1391516,84433,reported,reported,R,R,0.791,0.837,0.4309,0.2787,113217,153194,145155,196409,2025
123137,Roseville,CA,2019,False,135329,2010,119,4,67,17,106,2,7,0,1083,485,1236922,504155,1442189,65104,reported,reported,R,R,0.879,0.783,0.3602,0.2761,124732,163267,157072,205598,2025
123137,Roseville,CA,2020,False,141500,2010,125,0,64,11,99,0,14,2,1077,507,1331483,426748,1372793,134498,reported,reported,R,CR,0.883,0.7,0.3386,0.2804,127822,166399,159002,206989,2025
123137,Roseville,CA,2021,False,141500,2020,136,0,58,25,114,0,6,2,1039,382,1532229,412197,1409814,43623,reported,reported,R,R,0.961,0.806,0.299,0.3022,135197,148401,160629,176317,2025
123137,Roseville,CA,2022,True,144725,2020,133,0,60,28,109,0,24,5,1157,393,1559701,457361,1603809,195780,reported,reported,R,CR,0.919,0.753,0.3109,0.2818,140725,176566,154808,194236,2025
123137,Roseville,CA,2023,False,151901,2020,143,1,60,25,117,0,23,5,1212,419,1821280,497637,1641669,98354,reported,reported,R,R,0.941,0.77,0.2956,0.283,152835,168376,161483,177903,2025
123137,Roseville,CA,2024,False,154817,2020,145,1,61,27,122,0,24,6,1261,450,1736822,509595,1859868,101279,reported,reported,R,R,0.937,0.788,0.2961,0.2791,143737,182938,147519,187752,2025
123137,Roseville,CA,2025,False,159135,2020,154,0,61,28,126,0,25,5,1274,459,2093236,520185,1953342,112926,reported,reported,R,R,0.968,0.792,0.2837,0.2873,163109,186033,163109,186033,2025
161241,Sacramento,CA,2012,True,466488,2010,658,3,244,12,512,0,41,0,3378,510,5472222,1393649,4700357,196620,reported,imputed,R,AT,1.411,1.098,0.2705,0.4307,99797,110165,139938,154476,2025
161241,Sacramento,CA,2013,False,466488,2010,625,0,296,75,531,1,36,2,3538,721,5552347,1978813,5262186,195337,reported,prorated,R,T,1.34,1.138,0.3214,0.4206,106605,118919,147326,164344,2025
161241,Sacramento,CA,2014,False,466488,2010,625,0,244,111,514,0,35,3,3549,625,5596105,1397341,5318805,197439,reported,reported,R,CR,1.34,1.102,0.2808,0.3995,107445,124174,146117,168867,2025
161241,Sacramento,CA,2015,False,466488,2010,631,0,296,85,535,0,36,3,3779,640,7346008,1849639,5653404,209861,reported,prorated,C,T,1.353,1.147,0.3193,0.3964,139702,126805,189759,172241,2025
161241,Sacramento,CA,2016,False,466488,2010,641,8,296,130,531,0,36,0,3747,718,7634374,1952750,5781028,214598,reported,imputed,CR,TX,1.374,1.138,0.3159,0.4014,142921,130645,191713,175246,2025
161241,Sacramento,CA,2017,True,490712,2010,652,6,292,137,536,0,36,0,3983,650,8747731,2244269,5934329,220289,reported,imputed,R,G,1.329,1.092,0.3093,0.3806,161001,132858,211460,174497,2025
161241,Sacramento,CA,2018,False,490712,2010,649,11,269,128,583,0,39,0,3766,695,8657780,1982880,5839874,179003,reported,reported,R,R,1.323,1.188,0.293,0.4089,160082,120203,205240,154112,2025
161241,Sacramento,CA,2019,False,501901,2010,667,45,329,39,613,0,39,0,3894,685,9283005,1916949,7255519,222011,reported,reported,C,R,1.329,1.221,0.3303,0.4232,167011,142033,210313,178859,2025
161241,Sacramento,CA,2020,False,513624,2010,675,68,302,59,625,0,45,0,3938,716,7477404,2403326,8020369,258458,reported,reported,CR,R,1.314,1.217,0.3091,0.4182,132932,153991,165358,191554,2025
161241,Sacramento,CA,2021,False,513624,2020,700,31,330,26,617,0,43,0,4046,469,8816910,2059079,8237617,262813,reported,reported,C,R,1.363,1.201,0.3204,0.4177,151147,160213,179580,190351,2025
161241,Sacramento,CA,2022,True,512838,2020,692,38,294,32,624,0,47,0,3998,538,9297285,1983557,8372012,297279,reported,reported,C,R,1.349,1.217,0.2982,0.4145,161225,161000,177360,177112,2025
161241,Sacramento,CA,2023,False,525041,2020,673,0,287,62,626,0,47,0,3947,612,9632550,2083411,9729835,290608,reported,reported,R,R,1.282,1.192,0.299,0.4137,171754,186514,181472,197068,2025
161241,Sacramento,CA,2024,False,528001,2020,668,1,287,87,623,0,52,0,4029,761,9774221,2187581,10060794,358048,reported,reported,R,R,1.265,1.18,0.3005,0.4046,175585,193787,180205,198886,2025
161241,Sacramento,CA,2025,False,526384,2020,644,0,285,64,657,0,50,19,4026,773,10191127,2352314,10662371,322954,reported,reported,R,R,1.223,1.248,0.3068,0.4064,189897,194747,189897,194747,2025
161212,Salinas,CA,2012,True,150441,2010,144,4,50,12,89,2,5,0,501,131,1288517,205647,716501,25927,reported,reported,R,R,0.957,0.592,0.2577,0.5749,107376,96607,150566,135465,2025
161212,Salinas,CA,2013,False,150441,2010,148,4,49,15,89,1,5,3,504,137,1290319,205851,727580,25924,reported,reported,R,R,0.984,0.592,0.2487,0.5774,104620,98101,144583,135574,2025
161212,Salinas,CA,2014,False,150441,2010,138,9,45,12,83,0,4,4,467,160,1223116,191770,662012,21795,reported,reported,R,R,0.917,0.552,0.2459,0.5782,106358,95713,144639,130162,2025
161212,Salinas,CA,2015,False,150441,2010,136,9,44,11,80,0,4,3,455,168,1233266,194844,664244,22659,reported,reported,R,R,0.904,0.532,0.2444,0.5802,108818,99637,147809,135338,2025
161212,Salinas,CA,2016,False,150441,2010,137,9,44,7,80,0,4,3,491,140,1242403,195776,670156,22696,reported,reported,R,R,0.911,0.532,0.2431,0.5397,108824,100523,145975,134841,2025
161212,Salinas,CA,2017,True,157380,2010,138,9,44,7,81,0,4,3,494,137,1275349,200968,687927,23298,imputed,imputed,G,G,0.877,0.515,0.2418,0.5405,110900,101915,145657,133856,2025
161212,Salinas,CA,2018,False,157380,2010,149,10,48,8,87,0,4,3,533,152,1765007,278127,952050,32243,prorated,prorated,T,T,0.947,0.553,0.2437,0.5403,142148,131317,182247,168361,2025
161212,Salinas,CA,2022,True,154868,2020,153,9,49,7,89,0,4,2,544,136,2042381,321835,1101666,37310,imputed,imputed,G,G,0.988,0.575,0.2426,0.5423,160187,148539,176218,163404,2025
193115,San Bernardino,CA,2012,True,209924,2010,338,43,93,16,153,0,25,1,1340,306,2719662,398613,1839042,118635,imputed,imputed,G,G,1.61,0.729,0.2158,0.4545,96556,144239,135393,202256,2025
193115,San Bernardino,CA,2013,False,209924,2010,362,10,0,0,141,2,0,0,1132,170,2333074,0,1083026,0,reported,reported,CR,CR,1.724,0.672,0.0,0.4443,77339,92172,106881,127380,2025
193115,San Bernardino,CA,2014,False,209924,2010,230,1,135,11,117,0,25,1,1067,165,2067091,595127,1101372,127116,reported,reported,R,R,1.096,0.557,0.3699,0.4752,107848,112961,146665,153618,2025
193115,San Bernardino,CA,2015,False,209924,2010,271,8,81,12,112,0,21,1,1057,178,2205227,342836,1017517,101355,reported,reported,R,R,1.291,0.534,0.2301,0.4588,97648,109020,132636,148083,2025
193115,San Bernardino,CA,2016,False,209924,2010,243,0,139,36,141,2,20,0,1097,169,2483280,532624,1142722,108756,reported,imputed,R,RX,1.158,0.672,0.3639,0.495,122631,97253,164496,130454,2025
193115,San Bernardino,CA,2017,True,216108,2010,245,0,140,35,142,2,20,0,1106,163,2549132,546748,1173025,111640,imputed,imputed,G,G,1.134,0.657,0.3636,0.4946,124855,99129,163986,130197,2025
193115,San Bernardino,CA,2018,False,216108,2010,251,0,144,36,146,2,21,0,1130,169,2663936,571372,1225854,116668,imputed,imputed,G,G,1.161,0.676,0.3646,0.4973,127359,100755,163286,129177,2025
193115,San Bernardino,CA,2019,False,216995,2010,255,0,146,36,148,2,21,0,1147,169,2798956,600332,1287986,122581,imputed,imputed,G,G,1.175,0.682,0.3641,0.4969,131716,104431,165867,131508,2025
193115,San Bernardino,CA,2020,False,215784,2010,258,0,148,36,0,0,0,0,991,166,2996677,642740,0,0,imputed,,G,,1.196,0.0,0.3645,0.4097,139380,,173379,,2025
193115,San Bernardino,CA,2021,False,215784,2020,258,0,148,33,0,0,0,0,1001,148,3097895,664450,0,0,imputed,,G,,1.196,0.0,0.3645,0.4056,144088,,171193,,2025
193115,San Bernardino,CA,2022,True,217491,2020,262,0,106,14,0,0,0,0,990,159,2945968,525251,0,0,reported,,R,,1.205,0.0,0.288,0.3717,134930,,148433,,2025
193115,San Bernardino,CA,2023,False,222203,2020,267,0,108,14,0,0,0,0,1013,162,3156319,562756,0,0,imputed,,G,,1.202,0.0,0.288,0.3702,141857,,149884,,2025
193115,San Bernardino,CA,2024,False,220328,2020,280,0,113,14,0,0,0,0,1061,165,3441580,613616,0,0,imputed,,G,,1.271,0.0,0.2875,0.3704,147496,,151377,,2025
193115,San Bernardino,CA,2025,False,223728,2020,284,0,115,15,0,0,0,0,1080,173,3845042,690305,0,0,prorated,,T,,1.269,0.0,0.2882,0.3694,162467,,162467,,2025
161300,San Buenaventura,CA,2012,True,106433,2010,121,0,36,22,69,0,31,3,588,205,1038971,183406,678507,193813,imputed,imputed,G,G,1.137,0.648,0.2293,0.4371,103038,118001,144483,165464,2025
161300,San Buenaventura,CA,2013,False,106433,2010,120,0,36,21,68,0,31,3,582,200,1020722,180185,666589,190409,imputed,imputed,G,G,1.127,0.639,0.2308,0.4381,102072,117633,141062,162567,2025
161300,San Buenaventura,CA,2017,True,109708,2010,127,0,38,23,72,0,33,3,614,220,1173570,207167,766407,218922,imputed,imputed,G,G,1.158,0.656,0.2303,0.4397,110889,127734,145643,167767,2025
161300,San Buenaventura,CA,2019,False,110790,2010,130,0,39,22,74,0,34,3,629,214,1257378,221961,821139,234556,imputed,imputed,G,G,1.173,0.668,0.2308,0.4404,116066,133158,146159,167683,2025
161300,San Buenaventura,CA,2020,False,109106,2010,132,0,39,23,75,0,34,3,637,221,1308576,230999,854574,244107,imputed,imputed,G,G,1.21,0.687,0.2281,0.4396,118961,136732,147979,170085,2025
161300,San Buenaventura,CA,2021,False,109106,2020,132,0,39,21,75,0,34,3,637,203,1354118,239038,884315,252603,imputed,imputed,G,G,1.21,0.687,0.2281,0.4396,123102,141490,146259,168106,2025
161300,San Buenaventura,CA,2022,True,107110,2020,133,0,39,21,76,0,34,3,640,209,1413635,249544,923183,263705,imputed,imputed,G,G,1.242,0.71,0.2267,0.4406,127546,145766,140310,160354,2025
207598,San Diego,CA,2012,True,1307402,2010,1821,0,474,139,790,3,125,4,9059,1307,15184708,2642611,7878995,766694,reported,reported,R,R,1.393,0.604,0.2065,0.3543,100064,119681,140312,167820,2025
207598,San Diego,CA,2013,False,1307402,2010,1831,0,459,147,801,0,114,6,8891,1347,15286344,2622481,8520916,703769,reported,reported,R,R,1.4,0.613,0.2004,0.3605,100184,127654,138453,176416,2025
207598,San Diego,CA,2014,False,1307402,2010,1880,0,477,151,823,1,109,9,9101,1542,16899329,2711078,8400201,705091,reported,reported,R,R,1.438,0.629,0.2024,0.3614,107868,122482,146692,166566,2025
207598,San Diego,CA,2015,False,1307402,2010,1868,0,481,133,835,1,120,10,9278,1571,17059499,2810073,8852770,779342,reported,reported,R,R,1.429,0.639,0.2048,0.3561,109590,127225,148857,172811,2025
207598,San Diego,CA,2016,False,1307402,2010,1875,9,489,155,856,1,121,9,9650,1528,16736597,2999762,8925296,807344,reported,reported,R,R,1.434,0.655,0.2069,0.3462,107114,125121,143682,167836,2025
207598,San Diego,CA,2017,True,1394928,2010,1849,8,511,155,923,0,225,42,10085,1532,16609355,3060068,8954016,1791359,reported,reported,R,CR,1.326,0.662,0.2165,0.3478,107795,116412,141579,152897,2025
207598,San Diego,CA,2018,False,1394928,2010,1806,9,529,176,915,0,245,58,10004,1593,17371525,3585724,10739937,1932994,reported,reported,R,CR,1.295,0.656,0.2266,0.3494,115425,140852,147986,180586,2025
207598,San Diego,CA,2019,False,1419516,2010,1841,13,521,164,927,0,232,70,10062,1551,19491673,3590865,10886137,1939309,reported,reported,R,CR,1.297,0.653,0.2206,0.3499,127051,140921,159992,177459,2025
207598,San Diego,CA,2020,False,1423851,2010,1908,15,508,113,945,2,245,58,10231,1467,21697842,3661083,11385183,2149452,reported,reported,R,CR,1.34,0.664,0.2103,0.3525,136464,144574,169752,179840,2025
207598,San Diego,CA,2021,False,1423851,2020,1914,14,482,128,1002,4,242,65,9953,989,21907132,3559994,15564858,2110681,reported,reported,R,CR,1.344,0.704,0.2012,0.3657,137349,186405,163186,221470,2025
207598,San Diego,CA,2022,True,1422420,2020,1895,14,471,124,938,1,250,82,10009,1099,23159773,3686521,13120127,2343530,reported,reported,R,CR,1.332,0.659,0.1991,0.3551,146658,167848,161335,184646,2025
207598,San Diego,CA,2023,False,1381611,2020,1833,15,479,101,968,0,257,86,10518,1292,24163409,3999204,14328327,2754259,reported,reported,R,CR,1.327,0.701,0.2072,0.3363,158189,177624,167140,187675,2025
207598,San Diego,CA,2024,False,1381162,2020,1849,12,523,117,983,2,274,104,11243,1703,26011514,4818163,14954325,3099393,reported,reported,R,CR,1.339,0.712,0.2205,0.3228,168815,182555,173257,187359,2025
207598,San Diego,CA,2025,False,1388320,2020,1842,11,520,110,1005,1,278,103,11586,1652,25828934,5164482,16452251,3477379,reported,reported,R,CR,1.327,0.724,0.2202,0.3146,168267,196445,168267,196445,2025
161258,San Francisco And County,CA,2012,True,805235,2010,2634,0,535,0,1504,0,110,0,26228,3443,25676857,3638071,15299107,668108,reported,prorated,R,T,3.271,1.868,0.1688,0.1824,116979,122067,164031,171166,2025
161258,San Francisco And County,CA,2013,False,805235,2010,2593,469,469,0,1618,0,101,0,26584,5267,27848037,2893250,18182597,867182,prorated,prorated,T,T,3.22,2.009,0.1532,0.1798,128876,134852,178105,186363,2025
161258,San Francisco And County,CA,2014,False,805235,2010,2251,38,328,0,1391,4,86,5,26991,4909,25219918,2161986,17207956,781332,prorated,prorated,T,T,2.795,1.727,0.1272,0.1503,134446,148451,182836,201882,2025
161258,San Francisco And County,CA,2015,False,805235,2010,2314,39,337,0,1428,5,88,5,27747,5076,25271483,2166406,17013648,772509,prorated,prorated,T,T,2.874,1.773,0.1271,0.1502,131053,142972,178011,194201,2025
161258,San Francisco And County,CA,2016,False,805235,2010,2479,42,361,0,1530,5,95,6,28805,5194,28288438,2425036,18787329,853044,prorated,prorated,T,T,3.079,1.9,0.1271,0.155,136935,147352,183683,197657,2025
161258,San Francisco And County,CA,2017,True,864816,2010,2916,49,364,0,1757,6,96,6,29983,4972,30561902,2572557,20418534,904937,prorated,prorated,T,T,3.372,2.032,0.111,0.1712,125769,139455,165186,183162,2025
161258,San Francisco And County,CA,2018,False,864816,2010,3018,51,377,0,1819,6,99,6,30768,5149,21560701,1814878,21140787,638412,prorated,imputed,T,TX,3.49,2.103,0.111,0.1727,85728,139466,109911,178809,2025
161258,San Francisco And County,CA,2019,False,884363,2010,2985,47,345,0,1814,0,90,5,30771,5320,33589288,1435660,21727806,505016,prorated,prorated,CT,CT,3.375,2.051,0.1036,0.1701,135032,143734,170043,181001,2025
161258,San Francisco And County,CA,2020,False,881549,2010,2986,47,345,0,1815,0,90,5,30780,5321,28625906,2447035,18517157,860782,prorated,prorated,T,T,3.387,2.059,0.1036,0.1701,115040,122427,143102,152291,2025
161258,San Francisco And County,CA,2021,False,881549,2020,2875,45,332,0,1747,0,87,5,29632,5123,24763356,2116852,16018600,744635,prorated,prorated,T,T,3.261,1.982,0.1035,0.1701,103360,110030,122803,130728,2025
161258,San Francisco And County,CA,2022,True,866606,2020,2817,44,325,0,1711,0,85,5,29031,5021,30184550,2580273,19525393,907651,prorated,prorated,T,T,3.251,1.974,0.1034,0.1701,128582,136940,141450,150645,2025
161258,San Francisco And County,CA,2023,False,815201,2020,2878,45,332,0,1748,0,87,5,29659,5128,32514025,2779404,21032253,977699,prorated,prorated,T,T,3.53,2.144,0.1034,0.1701,135569,144386,143240,152556,2025
161258,San Francisco And County,CA,2024,False,808437,2020,3012,46,347,0,1830,0,91,5,31034,5248,35452574,3030601,22933104,1066061,imputed,imputed,G,G,3.726,2.264,0.1033,0.1701,141245,150381,144962,154338,2025
161258,San Francisco And County,CA,2025,False,808988,2020,3045,47,351,0,1850,0,92,5,31373,5391,38218240,3267019,24722122,1149225,imputed,imputed,G,G,3.764,2.287,0.1034,0.1701,150614,160360,150614,160360,2025
100745,San Jose,CA,2012,True,945942,2010,1046,0,306,172,609,5,101,5,4673,1340,10720668,1949685,6198494,747153,prorated,prorated,T,T,1.106,0.644,0.2263,0.4413,122990,122138,172460,171265,2025
100745,San Jose,CA,2013,False,945942,2010,1100,0,297,178,666,1,94,3,4675,1338,11681440,1771793,6353348,828304,reported,reported,R,R,1.163,0.704,0.2126,0.4614,127434,114475,176112,158203,2025
100745,San Jose,CA,2014,False,945942,2010,921,0,249,194,651,4,83,1,4299,1368,8904952,1350666,5111386,610682,prorated,reported,T,R,0.974,0.688,0.2128,0.4429,116025,94219,157785,128131,2025
100745,San Jose,CA,2015,False,945942,2010,953,0,367,242,622,0,107,5,4329,1370,10585267,2334471,5273709,800393,reported,reported,R,R,1.007,0.658,0.278,0.4733,133288,101744,181047,138200,2025
100745,San Jose,CA,2016,False,945942,2010,997,0,299,272,641,0,138,12,4117,2176,8843481,1922855,4919744,1263024,reported,reported,R,CR,1.054,0.678,0.2307,0.504,106441,92101,142779,123543,2025
100745,San Jose,CA,2017,True,1026908,2010,1184,5,378,245,617,0,138,4,5435,1558,7486303,2619058,3253799,1288559,imputed,imputed,G,G,1.153,0.601,0.242,0.4263,75875,63283,99655,83117,2025
100745,San Jose,CA,2018,False,1026908,2010,1192,5,380,246,622,0,139,4,5474,1567,7639345,2672599,3320316,1314901,imputed,imputed,G,G,1.161,0.606,0.2417,0.4262,76906,64058,98601,82128,2025
100745,San Jose,CA,2019,False,1035317,2010,1072,0,465,256,655,0,115,5,5204,1538,7319625,3242420,3974615,1060678,reported,reported,CR,CR,1.035,0.633,0.3025,0.4433,81936,72817,103180,91697,2025
100745,San Jose,CA,2020,False,1021795,2010,1210,5,386,250,631,0,141,4,5555,1591,8305782,2905750,3609972,1429610,reported,reported,CR,CR,1.184,0.618,0.2419,0.4263,82371,68652,102464,85398,2025
100745,San Jose,CA,2021,False,1021795,2020,1222,6,413,250,630,0,141,6,5572,1308,8152952,3329152,4172386,1504912,reported,reported,CR,CR,1.196,0.617,0.2526,0.4318,80062,79474,95123,94424,2025
100745,San Jose,CA,2022,True,1013616,2020,1222,6,413,250,630,0,141,6,5572,1308,9820224,3700864,4667642,1451482,prorated,prorated,T,T,1.206,0.622,0.2526,0.4318,96434,88907,106085,97805,2025
100745,San Jose,CA,2023,False,983489,2020,1076,0,474,216,650,0,112,8,5703,1434,20012068,4361642,11231180,1279474,reported,reported,R,R,1.094,0.661,0.3058,0.4054,223183,207345,235811,219077,2025
100745,San Jose,CA,2024,False,971233,2020,1066,0,475,227,645,0,127,9,5932,1546,21043597,4721995,11738952,1450357,reported,reported,R,R,1.098,0.664,0.3082,0.3899,236889,218399,243122,224146,2025
100745,San Jose,CA,2025,False,969655,2020,1050,0,516,247,671,0,133,9,6096,1440,22438329,5264345,12871534,1566189,reported,reported,R,R,1.083,0.692,0.3295,0.3888,256438,230191,256438,230191,2025
123157,San Mateo,CA,2012,True,97207,2010,102,0,34,32,75,0,3,8,524,253,1075912,306922,986694,22810,imputed,imputed,G,G,1.049,0.772,0.25,0.4084,126578,157871,177491,221371,2025
123157,San Mateo,CA,2013,False,97207,2010,101,0,34,33,75,0,3,8,523,258,1087727,310293,997530,23060,imputed,imputed,G,G,1.039,0.772,0.2519,0.4073,129235,159605,178601,220572,2025
123157,San Mateo,CA,2014,False,97207,2010,104,0,35,32,77,0,3,8,539,252,1118757,319145,1025987,23718,imputed,imputed,G,G,1.07,0.792,0.2518,0.4063,129087,159894,175549,217444,2025
123157,San Mateo,CA,2015,False,97207,2010,103,0,35,33,76,0,3,8,536,260,1155513,329630,1059695,24497,imputed,imputed,G,G,1.06,0.782,0.2536,0.4049,134623,167320,182860,227273,2025
123157,San Mateo,CA,2016,False,97207,2010,105,0,36,32,78,0,3,8,550,253,1217594,347340,1116628,25813,imputed,imputed,G,G,1.08,0.802,0.2553,0.4036,139154,171789,186660,230436,2025
123157,San Mateo,CA,2017,True,103536,2010,108,4,33,27,71,1,13,6,425,219,1319154,343066,957081,133318,reported,reported,R,R,1.043,0.686,0.234,0.5294,146573,161760,192510,212457,2025
123157,San Mateo,CA,2018,False,103536,2010,108,4,33,26,71,1,13,6,425,213,1363940,354713,989574,137844,imputed,imputed,G,G,1.043,0.686,0.234,0.5294,151549,167252,194300,214433,2025
123157,San Mateo,CA,2019,False,104748,2010,108,4,33,24,71,1,13,6,425,199,1408500,366302,1021904,142347,imputed,imputed,G,G,1.031,0.678,0.234,0.5294,156500,172716,197077,217497,2025
123157,San Mateo,CA,2020,False,104430,2010,109,4,18,24,71,1,13,6,360,43,1583664,179935,1052969,146674,reported,imputed,R,X,1.044,0.68,0.1417,0.5861,174348,177967,216877,221379,2025
123157,San Mateo,CA,2021,False,104430,2020,109,4,18,22,71,1,13,6,360,41,1638780,186197,1089615,151779,imputed,imputed,G,G,1.044,0.68,0.1417,0.5861,180416,184160,214355,218803,2025
123157,San Mateo,CA,2022,True,102398,2020,110,4,18,22,71,1,13,6,361,41,1710808,194379,1137506,158450,imputed,imputed,G,G,1.074,0.693,0.1406,0.5873,186634,192255,205312,211495,2025
123157,San Mateo,CA,2023,False,102200,2020,112,4,18,22,72,1,13,6,367,41,1832966,208258,1218728,169764,imputed,imputed,G,G,1.096,0.705,0.1385,0.5858,196389,203121,207501,214614,2025
123157,San Mateo,CA,2024,False,100984,2020,117,4,19,23,75,1,14,6,382,42,1998625,227079,1328874,185107,imputed,imputed,G,G,1.159,0.743,0.1397,0.589,204987,212620,210381,218215,2025
123157,San Mateo,CA,2025,False,101327,2020,118,4,19,24,76,1,14,6,385,43,2154538,244794,1432540,199547,imputed,imputed,G,G,1.165,0.75,0.1387,0.5896,219106,226191,219106,226191,2025
100711,Santa Ana,CA,2012,True,324528,2010,444,0,161,78,183,0,21,4,1257,451,4068114,1037974,2695248,152980,prorated,prorated,T,T,1.368,0.564,0.2661,0.6436,109949,176738,154174,247827,2025
100711,Santa Ana,CA,2013,False,324528,2010,442,0,160,79,182,0,21,4,1253,459,4088756,1043241,2708924,153756,imputed,imputed,G,G,1.362,0.561,0.2658,0.6425,111007,178610,153410,246836,2025
100711,Santa Ana,CA,2014,False,324528,2010,408,0,148,62,0,0,0,0,1035,401,4145194,1057642,0,0,prorated,reported,T,CR,1.257,0.0,0.2662,0.5372,121917,,165798,,2025
100711,Santa Ana,CA,2015,False,324528,2010,307,0,111,56,0,0,0,0,927,421,3223576,822492,0,0,prorated,,T,,0.946,0.0,0.2656,0.4509,126003,,171151,,2025
100711,Santa Ana,CA,2016,False,324528,2010,390,0,93,89,0,0,0,0,958,495,4333654,726480,0,0,prorated,,T,,1.202,0.0,0.1925,0.5042,133343,,178865,,2025
100711,Santa Ana,CA,2017,True,335400,2010,448,0,91,73,0,0,0,0,926,430,4793028,741368,0,0,reported,,CR,,1.336,0.0,0.1688,0.5821,128385,,168622,,2025
100711,Santa Ana,CA,2018,False,335400,2010,300,0,156,50,0,0,0,0,975,470,3748979,1364952,0,0,reported,,R,,0.894,0.0,0.3421,0.4677,149959,,192262,,2025
100711,Santa Ana,CA,2019,False,334136,2010,399,4,132,57,0,0,0,0,984,468,5165412,1052482,0,0,reported,,CR,,1.194,0.0,0.2486,0.5396,155351,,195630,,2025
100711,Santa Ana,CA,2020,False,332318,2010,426,4,164,52,0,0,0,0,1102,409,5431567,1182364,0,0,reported,,CR,,1.282,0.0,0.278,0.5354,153002,,190324,,2025
100711,Santa Ana,CA,2021,False,332318,2020,429,4,167,46,0,0,0,0,1101,257,5664882,1233152,0,0,prorated,,CT,,1.291,0.0,0.2802,0.5413,158458,,188266,,2025
100711,Santa Ana,CA,2022,True,331301,2020,435,4,145,37,0,0,0,0,1126,351,5965652,1136897,0,0,reported,,CR,,1.313,0.0,0.25,0.5151,164570,,181040,,2025
100711,Santa Ana,CA,2023,False,309441,2020,444,4,148,38,0,0,0,0,1148,382,6677311,1272519,0,0,prorated,,T,,1.435,0.0,0.25,0.5157,180468,,190679,,2025
100711,Santa Ana,CA,2024,False,308189,2020,412,9,185,66,0,0,0,0,1176,444,6427064,1567070,0,0,reported,,CR,,1.337,0.0,0.3099,0.5077,187196,,192122,,2025
100711,Santa Ana,CA,2025,False,310539,2020,399,5,176,49,0,0,0,0,1212,413,6047960,1584287,0,0,reported,,R,,1.285,0.0,0.3061,0.4744,181894,,181894,,2025
161280,Santa Clara,CA,2012,True,116468,2010,130,0,46,47,122,0,10,7,844,324,1583223,304272,1532129,61710,reported,reported,R,R,1.116,1.047,0.2614,0.3649,146144,150701,204927,211317,2025
161280,Santa Clara,CA,2013,False,116468,2010,135,0,43,45,124,0,10,6,837,325,1662028,333699,1608385,62984,reported,reported,R,R,1.159,1.065,0.2416,0.3728,147736,155650,204169,215106,2025
161280,Santa Clara,CA,2014,False,116468,2010,144,0,45,45,129,0,10,7,848,325,1865069,321001,1568027,65875,reported,reported,R,R,1.236,1.108,0.2381,0.3868,155422,145863,211362,198363,2025
161280,Santa Clara,CA,2015,False,116468,2010,142,0,49,51,127,0,9,3,871,356,1961264,347371,1626032,110480,reported,reported,R,R,1.219,1.09,0.2565,0.3754,165741,153641,225128,208692,2025
161280,Santa Clara,CA,2016,False,116468,2010,176,0,8,56,134,0,9,10,877,383,2369680,57957,1861178,57700,reported,reported,R,R,1.511,1.151,0.0435,0.3729,161569,166673,216727,223574,2025
161280,Santa Clara,CA,2017,True,126215,2010,140,51,46,66,141,0,13,6,932,470,2275192,408246,2153021,104933,reported,reported,R,R,1.109,1.117,0.2473,0.3648,195016,183236,256136,240664,2025
161280,Santa Clara,CA,2018,False,126215,2010,142,82,54,80,143,0,13,4,970,492,2516753,522983,2073794,117419,reported,reported,R,R,1.125,1.133,0.2755,0.3629,212683,174025,272680,223117,2025
161280,Santa Clara,CA,2019,False,127134,2010,148,18,52,65,147,0,18,2,1017,413,2369808,452086,2560715,158452,reported,reported,R,R,1.164,1.156,0.26,0.3589,192147,209038,241966,263237,2025
161280,Santa Clara,CA,2020,False,130365,2010,147,12,72,53,138,0,15,4,1010,430,2640826,759144,2474305,143333,reported,reported,R,R,1.128,1.059,0.3288,0.3683,215578,215157,268164,267640,2025
161280,Santa Clara,CA,2021,False,130365,2020,140,13,62,53,136,0,14,0,968,273,2548010,666214,2574360,136017,reported,reported,R,R,1.074,1.043,0.3069,0.3636,218401,227149,259485,269879,2025
161280,Santa Clara,CA,2022,True,131055,2020,140,17,60,50,131,0,15,0,950,265,2569185,674419,2643461,133754,reported,reported,CR,R,1.068,1.0,0.3,0.3642,220216,242149,242255,266383,2025
161280,Santa Clara,CA,2023,False,127151,2020,141,8,63,54,135,2,15,0,960,302,3012353,680119,2978845,143187,reported,reported,R,R,1.109,1.062,0.3088,0.3688,256370,264786,270876,279768,2025
161280,Santa Clara,CA,2024,False,126930,2020,140,8,63,57,151,2,18,0,1007,322,3296302,695092,3200089,157602,reported,reported,R,R,1.103,1.19,0.3103,0.3694,282540,254312,289974,261004,2025
161280,Santa Clara,CA,2025,False,131062,2020,137,20,67,55,146,1,15,1,1004,355,3134881,802487,3063269,162337,reported,reported,R,R,1.045,1.114,0.3284,0.3635,274588,251776,274588,251776,2025
137232,Santa Clarita,CA,2012,True,176320,2010,0,0,0,0,0,0,0,0,333,242,0,0,0,0,,,,,0.0,0.0,,0.0,,,,,2025
137232,Santa Clarita,CA,2013,False,176320,2010,0,0,0,0,0,0,0,0,350,245,0,0,0,0,,,,,0.0,0.0,,0.0,,,,,2025
137232,Santa Clarita,CA,2014,False,176320,2010,0,0,0,0,0,0,0,0,332,280,0,0,0,0,,,,,0.0,0.0,,0.0,,,,,2025
137232,Santa Clarita,CA,2015,False,176320,2010,0,0,0,0,0,0,0,0,354,294,0,0,0,0,,,,,0.0,0.0,,0.0,,,,,2025
137232,Santa Clarita,CA,2016,False,176320,2010,0,0,0,0,0,0,0,0,367,323,0,0,0,0,,,,,0.0,0.0,,0.0,,,,,2025
137232,Santa Clarita,CA,2017,True,182371,2010,0,0,0,0,0,0,0,0,379,312,0,0,0,0,,,,,0.0,0.0,,0.0,,,,,2025
137232,Santa Clarita,CA,2018,False,182371,2010,0,0,0,0,0,0,0,0,275,309,0,0,0,0,,,,,0.0,0.0,,0.0,,,,,2025
137232,Santa Clarita,CA,2022,True,209990,2020,0,0,0,0,0,0,0,0,442,315,0,0,0,0,,,,,0.0,0.0,,0.0,,,,,2025
161273,Santa Maria,CA,2012,True,99553,2010,99,3,42,5,47,0,2,0,424,144,827554,224115,395556,8388,reported,reported,R,R,0.994,0.472,0.2979,0.4481,100310,100993,140657,141615,2025
161273,Santa Maria,CA,2013,False,99553,2010,90,8,44,2,54,0,2,0,420,158,824299,241769,465367,7696,reported,reported,R,R,0.904,0.542,0.3284,0.4524,109907,103415,151890,142918,2025
161273,Santa Maria,CA,2014,False,99553,2010,95,8,54,3,58,1,2,0,439,174,892455,312294,469344,8164,reported,reported,R,R,0.954,0.583,0.3624,0.4761,112731,97106,153306,132057,2025
161273,Santa Maria,CA,2015,False,99553,2010,115,9,46,0,51,1,2,0,441,171,1027081,279837,574871,8494,reported,reported,R,R,1.155,0.512,0.2857,0.4853,107174,135264,145576,183731,2025
161273,Santa Maria,CA,2016,False,99553,2010,108,8,49,5,51,3,2,0,439,235,1034780,312637,495617,8944,reported,reported,R,R,1.085,0.512,0.3121,0.4784,114976,116616,154228,156428,2025
161273,Santa Maria,CA,2017,True,105093,2010,116,9,53,6,56,3,2,0,492,234,1208055,337096,671792,9524,reported,reported,R,R,1.104,0.533,0.3136,0.4614,124971,143955,164138,189072,2025
161273,Santa Maria,CA,2018,False,105093,2010,121,0,43,3,52,1,2,0,488,223,1075888,275656,584614,10015,reported,reported,R,R,1.151,0.495,0.2622,0.4467,106700,134911,136800,172969,2025
161273,Santa Maria,CA,2022,True,105851,2020,110,0,38,2,57,1,2,0,472,173,1243541,314062,810338,14383,reported,reported,R,R,1.039,0.538,0.2568,0.4386,135659,170597,149235,187670,2025
161287,Santa Rosa,CA,2012,True,167815,2010,162,0,69,7,115,0,9,3,1108,274,1495143,426879,1295156,62485,reported,reported,R,R,0.965,0.685,0.2987,0.3204,110751,135147,155298,189507,2025
161287,Santa Rosa,CA,2013,False,167815,2010,160,0,68,7,127,0,6,3,1097,261,1509879,424510,1445833,36208,reported,reported,R,R,0.953,0.757,0.2982,0.3291,113241,136614,156497,188798,2025
161287,Santa Rosa,CA,2014,False,167815,2010,158,0,69,8,133,0,7,3,1109,250,1627972,413000,1439941,41660,reported,reported,R,R,0.942,0.793,0.304,0.3309,123643,129919,168145,176680,2025
161287,Santa Rosa,CA,2015,False,167815,2010,168,0,71,6,133,0,9,2,1139,230,1761763,439793,1390233,55198,reported,reported,R,R,1.001,0.793,0.2971,0.3345,125840,125435,170930,170380,2025
161287,Santa Rosa,CA,2016,False,167815,2010,170,0,75,6,130,0,9,2,1143,221,1800799,480128,1607476,56943,reported,reported,R,R,1.013,0.775,0.3061,0.336,127115,148382,170511,199038,2025
161287,Santa Rosa,CA,2017,True,174972,2010,175,0,75,5,131,0,9,1,1169,228,1930184,498079,1557717,59536,reported,reported,R,R,1.0,0.749,0.3,0.3336,132355,142692,173836,187413,2025
161287,Santa Rosa,CA,2018,False,174972,2010,166,0,77,5,126,0,9,1,1152,223,1896281,529341,1695273,62569,reported,reported,R,R,0.949,0.72,0.3169,0.3281,137081,161455,175751,207001,2025
161287,Santa Rosa,CA,2019,False,175269,2010,169,0,73,4,132,0,8,0,1138,203,1974895,519595,1634508,60069,reported,reported,R,R,0.964,0.753,0.3017,0.3357,140229,148592,176587,187118,2025
161287,Santa Rosa,CA,2020,False,176753,2010,167,0,73,5,136,0,9,0,1133,197,1934050,539619,1837184,69983,reported,reported,R,R,0.945,0.769,0.3042,0.3398,138974,162104,172874,201646,2025
161287,Santa Rosa,CA,2021,False,176753,2020,173,0,72,4,129,0,10,0,1108,201,1978856,525815,1804320,73627,reported,reported,R,R,0.979,0.73,0.2939,0.3466,137262,167844,163083,199418,2025
161287,Santa Rosa,CA,2022,True,174613,2020,165,0,74,9,126,0,7,0,1092,166,2051401,559621,1805635,52091,reported,reported,R,CR,0.945,0.722,0.3096,0.3407,149193,171965,164124,189175,2025
161287,Santa Rosa,CA,2023,False,176938,2020,173,0,73,10,138,0,12,0,1135,222,2140554,541320,2013758,92373,reported,reported,R,R,0.978,0.78,0.2967,0.3489,148478,175109,156879,185017,2025
161287,Santa Rosa,CA,2024,False,177181,2020,180,0,72,7,140,0,13,0,1148,232,2305342,580497,2332732,102227,reported,reported,R,R,1.016,0.79,0.2857,0.3528,153689,199948,157733,205209,2025
161287,Santa Rosa,CA,2025,False,175845,2020,182,0,72,9,145,0,13,0,1164,226,2639455,633405,2996234,118433,reported,reported,R,R,1.035,0.825,0.2835,0.354,174030,247964,174030,247964,2025
161302,Simi Valley,CA,2012,True,124237,2010,122,0,45,24,0,0,0,0,582,42,807608,258680,0,0,reported,,R,,0.982,0.0,0.2695,0.2869,79437,,111389,,2025
161302,Simi Valley,CA,2013,False,124237,2010,116,0,51,23,0,0,0,0,572,37,765776,293149,0,0,reported,,R,,0.934,0.0,0.3054,0.292,79218,,109478,,2025
161302,Simi Valley,CA,2014,False,124237,2010,107,0,54,23,0,0,0,0,559,38,717096,319116,0,0,reported,,R,,0.861,0.0,0.3354,0.288,80422,,109368,,2025
161302,Simi Valley,CA,2015,False,124237,2010,107,0,54,24,0,0,0,0,559,39,718880,319910,0,0,imputed,,G,,0.861,0.0,0.3354,0.288,80622,,109510,,2025
161302,Simi Valley,CA,2016,False,124237,2010,107,0,54,25,0,0,0,0,559,40,736608,327799,0,0,imputed,,G,,0.861,0.0,0.3354,0.288,82610,,110812,,2025
161302,Simi Valley,CA,2017,True,126788,2010,107,0,54,25,0,0,0,0,550,40,771470,343313,0,0,imputed,,G,,0.844,0.0,0.3354,0.2927,86520,,113636,,2025
161302,Simi Valley,CA,2018,False,126788,2010,107,0,54,24,0,0,0,0,550,39,797662,354969,0,0,imputed,,G,,0.844,0.0,0.3354,0.2927,89457,,114692,,2025
161302,Simi Valley,CA,2019,False,126878,2010,107,0,54,22,0,0,0,0,550,36,823722,366566,0,0,imputed,,G,,0.843,0.0,0.3354,0.2927,92380,,116332,,2025
161302,Simi Valley,CA,2020,False,125613,2010,108,0,55,23,0,0,0,0,517,37,857262,381492,0,0,imputed,,G,,0.86,0.0,0.3374,0.3153,95251,,118486,,2025
161302,Simi Valley,CA,2021,False,125613,2020,108,0,55,21,0,0,0,0,517,35,887097,394769,0,0,imputed,,G,,0.86,0.0,0.3374,0.3153,98566,,117108,,2025
161302,Simi Valley,CA,2022,True,125168,2020,109,0,55,21,0,0,0,0,519,35,926087,412120,0,0,imputed,,G,,0.871,0.0,0.3354,0.316,101955,,112158,,2025
211214,Stockton,CA,2012,True,291707,2010,319,0,179,17,178,0,33,0,1346,173,2257860,1162400,1784418,245566,reported,imputed,C,AR,1.094,0.61,0.3594,0.5267,84935,120298,119098,168685,2025
211214,Stockton,CA,2013,False,291707,2010,333,0,188,42,187,0,10,0,1390,204,2491050,1085708,1586714,90000,reported,reported,C,CR,1.142,0.641,0.3608,0.5165,89768,101821,124058,140715,2025
211214,Stockton,CA,2014,False,291707,2010,351,2,176,54,168,0,25,14,1308,311,2764696,1044764,1209600,223066,reported,reported,C,CR,1.203,0.576,0.334,0.5505,94520,86400,128540,117497,2025
211214,Stockton,CA,2015,False,291707,2010,368,5,192,53,161,1,24,16,1353,309,3477158,999068,1638356,196334,reported,reported,C,R,1.262,0.552,0.3429,0.5506,113386,122113,154014,165868,2025
211214,Stockton,CA,2016,False,291707,2010,242,11,126,111,172,0,27,12,1151,341,1490434,628236,1628296,189306,prorated,reported,CT,R,0.83,0.59,0.3424,0.4926,73906,113602,99137,152385,2025
211214,Stockton,CA,2017,True,305658,2010,432,5,200,59,185,12,24,0,1506,234,3881430,1089328,1806388,165470,reported,reported,R,R,1.413,0.605,0.3165,0.5584,107818,117171,141609,153894,2025
211214,Stockton,CA,2018,False,305658,2010,467,3,215,51,171,0,27,13,1569,247,3943225,1095131,1719808,190918,reported,reported,R,R,1.528,0.559,0.3152,0.5609,101325,120688,129908,154733,2025
211214,Stockton,CA,2019,False,310496,2010,467,3,203,53,188,16,28,0,1576,305,4003544,1117780,1754196,194736,reported,prorated,R,T,1.504,0.605,0.303,0.5622,102875,111970,129548,141001,2025
211214,Stockton,CA,2020,False,312697,2010,458,2,201,51,171,0,32,13,1519,298,3920202,1101480,1915090,246572,reported,reported,C,R,1.465,0.547,0.305,0.5675,102713,134392,127768,167174,2025
211214,Stockton,CA,2021,False,312697,2020,460,2,192,50,178,8,38,4,1579,184,4093794,1075366,1856360,338872,reported,reported,R,R,1.471,0.569,0.2945,0.5497,106795,125148,126885,148690,2025
211214,Stockton,CA,2022,True,312716,2020,410,2,186,46,179,6,44,7,1548,254,4112530,1083302,1700678,345368,reported,reported,R,R,1.311,0.572,0.3121,0.5291,120367,114012,132413,125422,2025
211214,Stockton,CA,2023,False,322120,2020,370,3,171,48,182,6,45,7,1511,260,4264726,1181060,1822112,370028,reported,imputed,CR,G,1.149,0.565,0.3161,0.5083,138315,120139,146141,126937,2025
211214,Stockton,CA,2024,False,321819,2020,343,2,176,53,190,6,47,7,1534,268,4188567,994455,1986790,403470,imputed,imputed,CRX,G,1.066,0.59,0.3391,0.4928,146539,125481,150395,128783,2025
211214,Stockton,CA,2025,False,319543,2020,340,0,201,20,192,6,48,7,1569,238,5178592,1490247,2141780,434944,reported,imputed,R,G,1.064,0.601,0.3715,0.4978,182774,133861,182774,133861,2025
161281,Sunnyvale,CA,2012,True,140081,2010,112,0,61,57,89,0,6,0,787,275,1517539,462093,1282348,61338,reported,reported,R,R,0.8,0.635,0.3526,0.3405,162593,172901,227992,242447,2025
161281,Sunnyvale,CA,2013,False,140081,2010,144,0,34,57,53,0,25,3,753,287,1860249,266942,853829,242506,reported,reported,R,CR,1.028,0.378,0.191,0.34,155021,193320,214237,267165,2025
161281,Sunnyvale,CA,2014,False,140081,2010,149,0,58,61,53,0,13,0,777,267,1923506,439584,856003,119292,reported,reported,R,R,1.064,0.378,0.2802,0.3514,154913,193812,210670,263570,2025
161281,Sunnyvale,CA,2015,False,140081,2010,151,0,26,50,50,0,46,0,783,272,2179459,186175,876760,362731,reported,reported,CR,R,1.078,0.357,0.1469,0.3487,173202,210422,235262,285819,2025
161281,Sunnyvale,CA,2016,False,140081,2010,149,4,31,39,46,2,42,1,784,285,2273343,236776,796521,361267,reported,reported,R,R,1.064,0.328,0.1722,0.3418,183088,207788,245592,278725,2025
161281,Sunnyvale,CA,2017,True,151754,2010,195,0,47,17,31,0,34,0,772,212,3186351,347508,323091,309655,reported,prorated,R,RT,1.285,0.204,0.1942,0.3977,196083,125067,257537,164264,2025
161281,Sunnyvale,CA,2018,False,151754,2010,123,0,76,25,37,0,41,0,822,239,1864078,762306,314515,301435,reported,prorated,R,T,0.811,0.244,0.3819,0.337,181861,102005,233163,130780,2025
161281,Sunnyvale,CA,2022,True,151746,2020,103,0,76,12,48,1,53,0,820,188,1341808,611323,432478,414492,reported,prorated,C,T,0.679,0.316,0.4246,0.3415,156327,108120,171972,118940,2025
161281,Sunnyvale,CA,2023,False,152258,2020,115,13,79,0,94,1,0,0,824,219,1596108,1455142,1960990,0,reported,reported,C,R,0.755,0.617,0.4072,0.3495,166550,250339,175974,264504,2025
161281,Sunnyvale,CA,2024,False,153091,2020,152,10,43,2,100,2,0,0,857,237,2702857,549074,1935881,0,reported,reported,R,R,0.993,0.653,0.2205,0.3442,213383,232306,218998,238419,2025
161281,Sunnyvale,CA,2025,False,151967,2020,145,2,59,10,99,0,1,0,907,317,2728417,767810,2025165,8405,reported,reported,R,R,0.954,0.651,0.2892,0.3352,225800,245475,225800,245475,2025
137234,Temecula,CA,2012,True,100097,2010,0,0,0,6,0,0,2,0,151,114,0,0,0,8257,reported,reported,R,R,0.0,0.0,,0.0132,,,,,2025
137234,Temecula,CA,2013,False,100097,2010,0,0,0,0,0,0,2,0,147,104,0,0,0,10228,reported,reported,CR,R,0.0,0.0,,0.0136,,,,,2025
137234,Temecula,CA,2017,True,112011,2010,0,0,0,0,0,0,2,0,154,117,0,0,0,11760,,imputed,,G,0.0,0.0,,0.013,,,,,2025
137234,Temecula,CA,2022,True,113878,2020,0,0,0,0,0,0,2,0,166,121,0,0,0,14905,,imputed,,G,0.0,0.0,,0.012,,,,,2025
201369,Thousand Oaks,CA,2012,True,126683,2010,0,0,2,36,0,0,0,0,361,200,0,18897,0,0,reported,,R,,0.0,0.0,1.0,0.0055,,,,,2025
201369,Thousand Oaks,CA,2013,False,126683,2010,0,0,1,34,0,0,0,0,344,206,0,8956,0,0,reported,,R,,0.0,0.0,1.0,0.0029,,,,,2025
201369,Thousand Oaks,CA,2014,False,126683,2010,0,0,1,28,0,0,0,0,347,190,0,9269,0,0,reported,,R,,0.0,0.0,1.0,0.0029,,,,,2025
201369,Thousand Oaks,CA,2015,False,126683,2010,0,0,1,30,0,0,0,0,332,202,0,9641,0,0,reported,,R,,0.0,0.0,1.0,0.003,,,,,2025
201369,Thousand Oaks,CA,2016,False,126683,2010,0,0,1,27,0,0,0,0,343,208,0,9834,0,0,reported,,R,,0.0,0.0,1.0,0.0029,,,,,2025
201369,Thousand Oaks,CA,2017,True,129339,2010,0,0,1,26,0,0,0,0,341,176,0,10020,0,0,reported,,R,,0.0,0.0,1.0,0.0029,,,,,2025
201369,Thousand Oaks,CA,2018,False,129339,2010,0,0,1,28,0,0,0,0,348,172,0,10250,0,0,reported,,R,,0.0,0.0,1.0,0.0029,,,,,2025
201369,Thousand Oaks,CA,2022,True,126310,2020,0,0,1,26,0,0,0,0,355,156,0,11860,0,0,imputed,,G,,0.0,0.0,1.0,0.0028,,,,,2025
207583,Torrance,CA,2012,True,145438,2010,208,5,99,39,140,0,13,1,1167,462,2474706,591863,1737078,92810,reported,reported,R,R,1.43,0.963,0.3225,0.3942,142772,148892,200199,208780,2025
207583,Torrance,CA,2013,False,145438,2010,208,11,97,34,139,0,17,1,1174,475,2489021,604984,1757418,118360,reported,reported,R,R,1.43,0.956,0.318,0.3927,143597,151720,198449,209675,2025
207583,Torrance,CA,2014,False,145438,2010,212,4,104,43,134,0,17,1,1181,499,2572969,642938,1820991,120335,reported,reported,R,R,1.458,0.921,0.3291,0.3954,145640,163074,198059,221768,2025
207583,Torrance,CA,2015,False,145438,2010,210,2,99,42,136,0,17,0,1169,464,2597565,652136,1784973,121846,reported,reported,R,R,1.444,0.935,0.3204,0.3952,148432,157498,201617,213931,2025
207583,Torrance,CA,2016,False,145438,2010,204,4,101,37,141,0,16,5,1165,482,2732249,677915,1945310,109091,reported,reported,R,R,1.403,0.969,0.3311,0.3966,160721,165558,215590,222078,2025
207583,Torrance,CA,2017,True,148475,2010,200,4,98,40,129,0,18,1,1164,489,2805781,671296,1957601,128238,reported,reported,R,R,1.347,0.869,0.3289,0.3823,168347,182102,221109,239175,2025
207583,Torrance,CA,2018,False,148475,2010,210,6,104,41,131,0,19,1,1208,502,2709190,698645,1825836,149597,reported,reported,R,R,1.414,0.882,0.3312,0.3841,154811,167252,198482,214433,2025
207583,Torrance,CA,2019,False,146758,2010,210,10,105,45,141,0,21,2,1242,544,2982264,697879,2011114,163665,reported,reported,R,R,1.431,0.961,0.3333,0.3841,170415,171159,214600,215537,2025
207583,Torrance,CA,2020,False,143592,2010,205,3,105,45,129,5,17,4,1208,499,2896618,758683,2218433,136285,reported,reported,R,R,1.428,0.898,0.3387,0.3775,169558,206366,210918,256705,2025
207583,Torrance,CA,2021,False,143592,2020,197,4,100,36,124,9,17,3,1143,252,2824530,704488,2042612,136848,reported,reported,R,R,1.372,0.864,0.3367,0.3832,172053,197672,204418,234857,2025
207583,Torrance,CA,2022,True,141553,2020,199,6,96,32,133,6,42,0,1119,314,2918166,818088,2263395,262035,reported,reported,R,R,1.406,0.94,0.3254,0.42,175970,204216,193581,224653,2025
207583,Torrance,CA,2023,False,143600,2020,168,5,94,28,123,13,46,0,1061,314,3007016,703416,2564622,296140,reported,reported,R,R,1.17,0.857,0.3588,0.4062,214787,250207,226940,264365,2025
207583,Torrance,CA,2024,False,141126,2020,178,3,92,23,129,9,53,5,1191,378,3167982,739023,3053642,401116,imputed,imputed,X,X,1.261,0.914,0.3407,0.3795,213572,284060,219192,291534,2025
207583,Torrance,CA,2025,False,139224,2020,180,3,93,23,130,9,54,5,1204,380,3374823,787275,3253017,427305,reported,reported,R,R,1.293,0.934,0.3407,0.3796,224988,300278,224988,300278,2025
161286,Vacaville,CA,2012,True,92428,2010,89,0,56,46,67,3,2,0,479,235,868854,333608,805174,10016,reported,reported,R,R,0.963,0.725,0.3862,0.4468,117149,144210,164270,202215,2025
161286,Vacaville,CA,2013,False,92428,2010,88,0,56,47,67,3,2,0,478,239,878396,337272,814016,10126,imputed,imputed,G,G,0.952,0.725,0.3889,0.4456,119781,145794,165536,201485,2025
161286,Vacaville,CA,2014,False,92428,2010,90,0,41,41,78,0,5,3,472,283,948532,329162,739318,20708,reported,reported,R,R,0.974,0.844,0.313,0.4534,126471,113741,171991,154679,2025
161286,Vacaville,CA,2015,False,92428,2010,89,0,41,42,77,0,5,3,468,291,979695,339976,763608,21388,imputed,imputed,G,G,0.963,0.833,0.3154,0.453,132094,119004,179425,161645,2025
161286,Vacaville,CA,2016,False,92428,2010,98,0,50,43,83,0,9,0,495,227,1055880,326562,885544,40224,reported,reported,R,R,1.06,0.898,0.3378,0.4848,129291,128030,173430,171738,2025
161286,Vacaville,CA,2017,True,96803,2010,98,0,50,43,83,0,9,0,495,228,1105852,342017,927454,42128,imputed,imputed,G,G,1.012,0.857,0.3378,0.4848,135410,134090,177849,176115,2025
161286,Vacaville,CA,2018,False,96803,2010,98,0,50,42,83,0,9,0,495,223,1143396,353629,958942,43558,imputed,imputed,G,G,1.012,0.857,0.3378,0.4848,140008,138642,179504,177752,2025
161286,Vacaville,CA,2022,True,101332,2020,90,0,42,36,85,0,9,0,522,220,966297,293393,1026484,46626,prorated,prorated,T,T,0.888,0.839,0.3182,0.433,128840,144915,141734,159418,2025
207608,Vallejo,CA,2012,True,115942,2010,90,0,31,11,65,0,4,0,529,13,775883,130628,491517,23266,reported,imputed,R,G,0.776,0.561,0.2562,0.3592,103451,90742,145062,127241,2025
207608,Vallejo,CA,2013,False,115942,2010,176,0,62,20,72,0,2,0,557,21,2005804,285358,788284,14973,reported,reported,CR,R,1.518,0.621,0.2605,0.5601,136759,131381,188999,181567,2025
207608,Vallejo,CA,2017,True,121253,2010,196,0,72,18,77,0,5,0,672,33,2698373,490912,975360,37470,reported,reported,R,R,1.616,0.635,0.2687,0.5208,165207,152004,216984,199644,2025
207608,Vallejo,CA,2019,False,122105,2010,201,0,74,18,79,0,5,0,693,32,2891073,525970,1045014,40146,imputed,imputed,G,G,1.646,0.647,0.2691,0.518,172601,158736,217352,199893,2025
207608,Vallejo,CA,2020,False,121692,2010,203,0,75,18,80,0,5,0,701,34,3008791,547386,1087565,41781,imputed,imputed,G,G,1.668,0.657,0.2698,0.5178,177860,163135,221246,202929,2025
207608,Vallejo,CA,2021,False,121692,2020,203,0,75,16,80,0,5,0,703,30,3113505,566437,1125415,43235,imputed,imputed,G,G,1.668,0.657,0.2698,0.5164,184050,168812,218672,200568,2025
207608,Vallejo,CA,2022,True,120747,2020,205,0,75,16,81,0,5,0,703,22,3250352,591333,1174880,45135,imputed,imputed,G,G,1.698,0.671,0.2679,0.5206,190265,174056,209306,191475,2025
207608,Vallejo,CA,2023,False,124886,2020,209,0,77,16,83,0,5,0,721,30,3482438,633556,1258770,48358,imputed,imputed,G,G,1.674,0.665,0.2692,0.5187,199949,181991,211263,192289,2025
207608,Vallejo,CA,2024,False,123564,2020,218,0,81,16,87,0,5,0,749,33,3797173,690816,1372535,52728,imputed,imputed,G,G,1.764,0.704,0.2709,0.522,209019,189315,214519,194296,2025
207608,Vallejo,CA,2025,False,122807,2020,220,0,81,16,88,0,5,0,750,29,4093392,744707,1479607,56841,imputed,imputed,G,G,1.791,0.717,0.2691,0.5253,223276,201765,223276,201765,2025
161252,Victorville,CA,2012,True,115903,2010,0,0,0,0,0,0,0,0,290,71,0,0,0,0,,,,,0.0,0.0,,0.0,,,,,2025
161252,Victorville,CA,2013,False,115903,2010,0,0,0,0,0,0,0,0,275,34,0,0,0,0,,,,,0.0,0.0,,0.0,,,,,2025
161252,Victorville,CA,2014,False,115903,2010,0,0,0,0,0,0,0,0,297,30,0,0,0,0,,,,,0.0,0.0,,0.0,,,,,2025
161252,Victorville,CA,2015,False,115903,2010,0,0,0,0,0,0,0,0,328,71,0,0,0,0,,,,,0.0,0.0,,0.0,,,,,2025
161252,Victorville,CA,2016,False,115903,2010,0,0,0,0,0,0,0,0,328,62,0,0,0,0,,,,,0.0,0.0,,0.0,,,,,2025
161252,Victorville,CA,2017,True,122225,2010,0,0,0,0,0,0,0,0,333,69,0,0,0,0,,,,,0.0,0.0,,0.0,,,,,2025
161252,Victorville,CA,2018,False,122225,2010,0,0,0,0,0,0,0,0,341,58,0,0,0,0,,,,,0.0,0.0,,0.0,,,,,2025
161252,Victorville,CA,2022,True,124982,2020,0,0,0,0,50,0,9,0,396,53,0,0,704229,90812,,reported,,R,0.0,0.4,,0.149,,169015,,185929,2025
123165,Visalia,CA,2012,True,124442,2010,136,0,61,15,66,0,6,2,543,166,972946,273192,492400,28635,reported,reported,R,R,1.093,0.53,0.3096,0.4954,85848,89527,120378,125537,2025
123165,Visalia,CA,2013,False,124442,2010,141,2,57,13,71,0,6,3,550,160,1046854,246868,531508,27945,reported,reported,R,R,1.133,0.571,0.2879,0.5,89094,89832,123127,124146,2025
123165,Visalia,CA,2017,True,130104,2010,136,0,69,15,72,0,6,2,586,177,1070313,318312,627250,33626,reported,reported,R,R,1.045,0.553,0.3366,0.4829,94439,104542,124037,137306,2025
123165,Visalia,CA,2019,False,133010,2010,145,0,68,14,70,0,4,2,604,181,1205185,356814,705414,23474,reported,reported,R,R,1.09,0.526,0.3192,0.4752,99739,120928,125599,152282,2025
123165,Visalia,CA,2020,False,134605,2010,147,0,70,13,68,0,6,0,610,187,1311426,368528,695075,35090,reported,reported,R,R,1.092,0.505,0.3226,0.477,107055,122660,133169,152581,2025
123165,Visalia,CA,2021,False,134605,2020,148,0,68,4,72,0,9,0,597,54,1299952,376023,731520,55328,reported,reported,R,R,1.1,0.535,0.3148,0.4975,105402,121920,125229,144855,2025
123165,Visalia,CA,2022,True,135007,2020,145,0,68,8,76,0,11,0,598,141,1330496,403328,739536,69932,reported,reported,R,R,1.074,0.563,0.3192,0.5017,110110,116769,121129,128455,2025
211981,Vista,CA,2012,True,93834,2010,0,0,0,0,75,0,6,1,261,86,0,0,633607,34857,,reported,,CR,0.0,0.799,,0.3103,,101377,,142154,2025
211981,Vista,CA,2013,False,93834,2010,0,0,0,0,74,0,6,1,261,71,0,0,670477,49693,,reported,,R,0.0,0.789,,0.3065,,108726,,150258,2025
211981,Vista,CA,2017,True,100890,2010,0,0,0,0,78,0,7,2,277,85,0,0,759338,61190,,reported,,R,0.0,0.773,,0.3069,,116821,,153434,2025
211981,Vista,CA,2022,True,100636,2020,0,0,0,0,81,0,5,1,278,50,0,0,973730,35970,,reported,,R,0.0,0.805,,0.3094,,144256,,158693,2025
211981,Vista,CA,2023,False,98655,2020,0,0,0,0,84,0,6,0,290,46,0,0,1014775,49352,,reported,,R,0.0,0.851,,0.3103,,144968,,153171,2025
211981,Vista,CA,2024,False,97766,2020,0,0,0,0,85,0,20,7,306,70,0,0,1079536,166321,,reported,,R,0.0,0.869,,0.3431,,152405,,156415,2025
211981,Vista,CA,2025,False,98344,2020,0,0,0,0,83,0,26,1,330,75,0,0,1103859,237854,,reported,,R,0.0,0.844,,0.3303,,159594,,159594,2025
100689,West Covina,CA,2012,True,106098,2010,96,0,63,48,62,0,3,1,382,114,872200,333382,701457,13294,imputed,imputed,G,G,0.905,0.584,0.3962,0.5864,109025,135766,152878,190375,2025
100689,West Covina,CA,2013,False,106098,2010,95,0,62,47,61,0,3,1,378,112,856880,327526,689136,13060,imputed,imputed,G,G,0.895,0.575,0.3949,0.5847,108237,135568,149582,187353,2025
100689,West Covina,CA,2014,False,106098,2010,95,0,62,48,61,0,3,1,378,114,867543,331602,697712,13223,imputed,imputed,G,G,0.895,0.575,0.3949,0.5847,109584,137255,149026,186656,2025
100689,West Covina,CA,2015,False,106098,2010,93,9,51,13,72,0,3,3,324,91,1093330,284633,892180,14927,reported,reported,CR,R,0.877,0.679,0.3542,0.6759,141075,148697,191624,201977,2025
100689,West Covina,CA,2016,False,106098,2010,90,5,57,15,76,0,2,3,289,83,1050811,301663,791266,8611,reported,reported,R,R,0.848,0.716,0.3878,0.7785,140108,124937,187939,167589,2025
100689,West Covina,CA,2017,True,108484,2010,111,0,44,26,69,0,7,3,352,96,939156,219706,854021,34182,reported,reported,CR,R,1.023,0.636,0.2839,0.6562,101530,148525,133350,195074,2025
100689,West Covina,CA,2018,False,108484,2010,97,6,49,19,64,0,3,3,329,91,1270027,259930,984295,15528,reported,reported,R,R,0.894,0.59,0.3356,0.6474,157117,184555,201439,236617,2025
100689,West Covina,CA,2022,True,103656,2020,99,3,40,11,66,0,2,2,282,69,1336410,257732,939982,10004,reported,reported,CR,R,0.955,0.637,0.2878,0.734,161989,170906,178200,188010,2025
100689,West Covina,CA,2023,False,107017,2020,98,8,39,2,68,2,3,0,291,67,1345303,257730,985694,14532,reported,reported,CR,CR,0.916,0.635,0.2847,0.7148,164731,173946,174052,183788,2025
100689,West Covina,CA,2024,False,105013,2020,98,7,36,8,71,0,3,0,293,92,1460096,294044,1084345,15688,reported,reported,CR,R,0.933,0.676,0.2687,0.7099,178787,183270,183491,188092,2025
100689,West Covina,CA,2025,False,105617,2020,95,4,37,6,65,2,3,0,282,95,1523592,249701,1045721,18731,reported,reported,CR,R,0.899,0.615,0.2803,0.7092,192454,193056,192454,193056,2025
161374,Arvada,CO,2012,True,106433,2010,162,0,64,0,0,0,0,0,643,26,1004486,290610,0,0,reported,,R,,1.522,0.0,0.2832,0.3515,74406,,104334,,2025
161374,Arvada,CO,2013,False,106433,2010,167,0,58,2,0,0,0,0,561,18,1073068,269096,0,0,reported,,R,,1.569,0.0,0.2578,0.4011,77107,,106561,,2025
161374,Arvada,CO,2014,False,106433,2010,159,0,64,6,0,0,0,0,529,14,1037420,309605,0,0,reported,,CR,,1.494,0.0,0.287,0.4216,78296,,106477,,2025
161374,Arvada,CO,2015,False,106433,2010,164,0,63,0,0,0,0,0,568,484,1070260,275081,0,0,reported,,CR,,1.541,0.0,0.2775,0.3996,78312,,106372,,2025
161374,Arvada,CO,2016,False,106433,2010,164,0,54,0,0,0,0,0,564,221,1009338,260826,0,0,reported,,R,,1.541,0.0,0.2477,0.3865,73854,,99067,,2025
161374,Arvada,CO,2017,True,115368,2010,155,0,57,0,0,0,0,0,405,1,1117295,287565,0,0,reported,,R,,1.344,0.0,0.2689,0.5235,86500,,113610,,2025
161374,Arvada,CO,2018,False,115368,2010,163,0,62,2,0,0,0,0,654,18,1180868,302179,0,0,reported,,R,,1.413,0.0,0.2756,0.344,86935,,111459,,2025
161374,Arvada,CO,2019,False,118807,2010,163,0,58,0,0,0,0,0,517,13,1254592,298868,0,0,reported,,R,,1.372,0.0,0.2624,0.4275,92363,,116311,,2025
161374,Arvada,CO,2020,False,121272,2010,183,0,50,0,0,0,0,0,499,115,1395510,249386,0,0,reported,,R,,1.509,0.0,0.2146,0.4669,91509,,113831,,2025
161374,Arvada,CO,2021,False,121272,2020,208,0,57,0,0,0,0,0,569,130,1645229,294889,0,0,imputed,,TX,,1.715,0.0,0.2151,0.4657,94917,,112772,,2025
161374,Arvada,CO,2022,True,121936,2020,188,3,65,0,0,0,0,0,650,14,1561947,417686,0,0,,,,,1.542,0.0,0.2569,0.3892,99699,,109677,,2025
161374,Arvada,CO,2023,False,123436,2020,197,3,68,0,0,0,0,0,679,14,1715985,458878,0,0,imputed,,X,,1.596,0.0,0.2566,0.3903,104527,,110441,,2025
161374,Arvada,CO,2024,False,121581,2020,208,3,72,0,0,0,0,0,719,14,1840197,492094,0,0,prorated,,RT,,1.711,0.0,0.2571,0.3894,106165,,108958,,2025
161374,Arvada,CO,2025,False,121414,2020,217,4,71,0,0,0,0,0,737,16,1956968,488145,0,0,prorated,,RT,,1.787,0.0,0.2465,0.3908,108219,,108219,,2025
194644,Aurora,CO,2012,True,325078,2010,659,0,204,5,301,0,17,0,2557,39,4285387,838284,1983606,67356,reported,reported,R,R,2.027,0.926,0.2364,0.4619,78034,79081,109421,110890,2025
194644,Aurora,CO,2013,False,325078,2010,669,0,191,3,316,0,15,0,2603,34,4456680,822888,2250538,63597,reported,reported,R,R,2.058,0.972,0.2221,0.4575,79940,85463,110476,118109,2025
194644,Aurora,CO,2014,False,325078,2010,666,0,118,3,320,0,17,0,2629,24,4535557,509957,2098541,72582,imputed,reported,AR,R,2.049,0.984,0.1505,0.4264,81722,78695,111136,107019,2025
194644,Aurora,CO,2015,False,325078,2010,672,0,195,3,319,0,17,0,2687,24,5007603,903754,2387866,78519,reported,reported,R,R,2.067,0.981,0.2249,0.4477,89421,89826,121462,122012,2025
194644,Aurora,CO,2016,False,325078,2010,684,0,195,3,345,0,15,0,2736,24,5047825,898827,2338478,67890,reported,reported,R,R,2.104,1.061,0.2218,0.4529,88558,81338,118791,109106,2025
194644,Aurora,CO,2017,True,359407,2010,685,0,208,3,360,0,16,0,2876,25,5401746,987332,2467855,80711,reported,reported,R,R,1.906,1.002,0.2329,0.4412,94629,82262,124287,108044,2025
194644,Aurora,CO,2018,False,359407,2010,744,0,204,1,377,0,15,1,2941,25,5782468,991880,2539110,83839,reported,reported,R,R,2.07,1.049,0.2152,0.4556,93266,80820,119576,103619,2025
194644,Aurora,CO,2019,False,366623,2010,745,0,212,1,424,0,18,1,3017,46,6057754,1074531,2948399,107191,reported,reported,R,R,2.032,1.157,0.2215,0.4637,97575,83445,122874,105080,2025
194644,Aurora,CO,2020,False,379289,2010,777,0,232,3,415,0,19,1,3475,55,7279568,1293393,3233068,114583,reported,reported,R,R,2.049,1.094,0.2299,0.4153,112426,93486,139850,116290,2025
194644,Aurora,CO,2021,False,379289,2020,749,0,212,3,447,0,16,0,3108,25,6667498,1139522,3577190,103744,reported,reported,R,R,1.975,1.179,0.2206,0.4582,106822,96032,126917,114097,2025
194644,Aurora,CO,2022,True,387377,2020,719,0,221,2,423,1,22,1,3444,57,6300832,1453408,3526483,157797,reported,reported,R,R,1.856,1.092,0.2351,0.4021,105160,100042,115684,110054,2025
194644,Aurora,CO,2023,False,389347,2020,702,0,212,2,443,0,18,1,3150,31,6830874,1436963,4861526,116607,reported,reported,R,R,1.803,1.138,0.2319,0.4365,116767,131689,123374,139140,2025
194644,Aurora,CO,2024,False,393537,2020,673,0,259,34,452,0,21,0,3196,664,4803080,1456276,3550930,153297,reported,reported,R,R,1.71,1.149,0.2779,0.4396,85642,94272,87895,96753,2025
194644,Aurora,CO,2025,False,395052,2020,685,0,287,31,455,0,20,3,3357,697,5073003,1299992,3554501,157169,reported,imputed,C,CX,1.734,1.152,0.2953,0.431,88870,93745,88870,93745,2025
161337,Boulder,CO,2012,True,97385,2010,158,0,69,11,89,0,7,0,1033,149,1108015,328122,646399,51179,reported,reported,R,R,1.622,0.914,0.304,0.3127,84153,87155,118002,122211,2025
161337,Boulder,CO,2013,False,97385,2010,163,0,72,14,96,0,7,0,1035,146,1201631,363933,701320,53331,reported,reported,R,R,1.674,0.986,0.3064,0.3266,88464,87665,122256,121152,2025
161337,Boulder,CO,2014,False,97385,2010,162,0,72,13,93,0,8,0,981,130,1143183,359589,674241,73078,reported,reported,R,R,1.664,0.955,0.3077,0.3415,84680,86999,115158,118312,2025
161337,Boulder,CO,2015,False,97385,2010,163,0,72,13,93,0,8,0,983,126,1187780,373617,700544,75929,imputed,imputed,G,G,1.674,0.955,0.3064,0.3418,87444,90393,118776,122782,2025
161337,Boulder,CO,2016,False,97385,2010,167,0,74,14,95,0,8,0,1006,131,1282556,403429,756442,81988,imputed,imputed,G,G,1.715,0.976,0.3071,0.3419,92160,95551,123623,128171,2025
161337,Boulder,CO,2017,True,107349,2010,170,0,75,13,97,0,8,0,1024,126,1370227,431006,808150,87592,imputed,imputed,G,G,1.584,0.904,0.3061,0.3418,96722,99977,127036,131311,2025
161337,Boulder,CO,2018,False,107349,2010,175,0,77,13,100,0,8,0,1053,128,1449608,455975,854968,92666,imputed,imputed,G,G,1.63,0.932,0.3056,0.3419,99402,102596,127443,131538,2025
161337,Boulder,CO,2019,False,107125,2010,267,0,117,20,152,0,12,0,1600,197,1746798,549456,1030248,111664,prorated,prorated,T,T,2.492,1.419,0.3047,0.3425,78508,81335,98863,102423,2025
161337,Boulder,CO,2020,False,105673,2010,276,0,121,20,157,0,12,0,1654,197,1901315,598059,1121381,121541,imputed,imputed,G,G,2.612,1.486,0.3048,0.3422,82666,85711,102831,106619,2025
161337,Boulder,CO,2021,False,105673,2020,279,0,122,17,159,0,12,0,1672,166,1959909,616490,1155940,125287,imputed,imputed,G,G,2.64,1.505,0.3042,0.3421,84297,87241,100154,103652,2025
161337,Boulder,CO,2022,True,107645,2020,277,0,121,19,157,0,11,0,1640,182,2078381,653755,1225814,132860,imputed,imputed,G,G,2.573,1.458,0.304,0.3451,90038,93693,99049,103070,2025
161337,Boulder,CO,2023,False,104175,2020,284,0,124,18,161,0,11,0,1680,174,2260860,711154,1333439,144525,imputed,imputed,G,G,2.726,1.545,0.3039,0.3452,95529,99387,100934,105011,2025
161337,Boulder,CO,2024,False,105485,2020,292,0,128,22,166,0,11,0,1729,213,2407157,757172,1419724,153877,imputed,imputed,G,G,2.768,1.574,0.3048,0.3453,98924,102631,101527,105331,2025
161337,Boulder,CO,2025,False,105898,2020,297,0,130,21,169,0,11,0,1757,206,2608943,820644,1538736,166776,imputed,imputed,G,G,2.805,1.596,0.3044,0.3455,105412,109259,105412,109259,2025
212209,Centennial,CO,2012,True,100377,2010,0,0,0,0,0,0,0,0,51,15,0,0,0,0,,,,,0.0,0.0,,0.0,,,,,2025
212209,Centennial,CO,2013,False,100377,2010,0,0,0,0,0,0,0,0,45,14,0,0,0,0,,,,,0.0,0.0,,0.0,,,,,2025
212209,Centennial,CO,2017,True,109741,2010,0,0,0,0,0,0,0,0,72,3,0,0,0,0,,,,,0.0,0.0,,0.0,,,,,2025
212209,Centennial,CO,2022,True,110156,2020,0,0,0,0,0,0,0,0,80,3,0,0,0,0,,,,,0.0,0.0,,0.0,,,,,2025
161362,Colorado Springs,CO,2012,True,416427,2010,587,0,267,20,392,0,57,0,6353,1135,3900267,1168127,2434849,296230,imputed,imputed,G,G,1.41,0.941,0.3126,0.2051,79733,74536,111804,104516,2025
161362,Colorado Springs,CO,2013,False,416427,2010,597,0,292,34,413,0,61,10,6419,1079,3932520,1243449,2739586,316006,reported,reported,R,R,1.434,0.992,0.3285,0.2123,79046,79601,109240,110007,2025
161362,Colorado Springs,CO,2014,False,416427,2010,627,0,282,49,410,0,52,10,6135,1002,4356729,1209011,2687189,301989,reported,reported,R,R,1.506,0.985,0.3102,0.2235,83382,78649,113393,106957,2025
161362,Colorado Springs,CO,2015,False,416427,2010,635,0,289,46,426,0,57,6,6109,990,4373892,1261381,3124138,337798,reported,reported,R,R,1.525,1.023,0.3128,0.2303,82656,88004,112273,119537,2025
161362,Colorado Springs,CO,2016,False,416427,2010,620,0,329,71,413,0,65,8,6179,1022,4473595,1470518,2951001,398261,reported,reported,R,R,1.489,0.992,0.3467,0.2309,86586,85743,116146,115015,2025
161362,Colorado Springs,CO,2017,True,456568,2010,632,0,336,68,421,0,66,8,3941,239,4779394,1571037,3152721,425485,imputed,imputed,G,G,1.384,0.922,0.3471,0.3692,90748,89864,119189,118028,2025
161362,Colorado Springs,CO,2018,False,456568,2010,720,0,326,73,454,0,73,4,4260,279,5293469,1556134,3641785,443437,reported,reported,R,R,1.577,0.994,0.3117,0.3692,88224,96259,113112,123413,2025
161362,Colorado Springs,CO,2019,False,464474,2010,725,0,431,76,448,0,79,3,4386,267,5737664,1739421,3875190,484838,reported,reported,R,R,1.561,0.965,0.3728,0.3837,94968,103800,119591,130713,2025
161362,Colorado Springs,CO,2020,False,478221,2010,758,0,304,67,468,0,75,3,4334,272,6116045,1548552,3900697,483452,reported,reported,R,R,1.585,0.979,0.2863,0.3703,96824,100018,120442,124415,2025
161362,Colorado Springs,CO,2021,False,478221,2020,710,0,304,72,454,0,79,3,4357,267,5870005,1563591,3975732,499228,reported,reported,R,R,1.485,0.949,0.2998,0.3551,99211,105085,117874,124853,2025
161362,Colorado Springs,CO,2022,True,482131,2020,723,0,299,37,469,0,90,2,4433,239,6413574,1816707,4380216,613345,reported,reported,R,R,1.5,0.973,0.2926,0.3566,106449,112074,117102,123290,2025
161362,Colorado Springs,CO,2023,False,483956,2020,732,0,325,34,495,0,101,1,4631,244,6631743,2086998,4459079,739299,reported,reported,R,R,1.513,1.023,0.3075,0.3569,108717,108099,114869,114216,2025
161362,Colorado Springs,CO,2024,False,486248,2020,763,0,309,36,493,0,112,1,4778,205,7065677,2094519,4565312,860783,reported,reported,R,R,1.569,1.014,0.2882,0.351,111125,111123,114049,114047,2025
161362,Colorado Springs,CO,2025,False,488664,2020,778,0,353,34,507,0,117,0,4901,194,7500912,2395127,4940810,896926,reported,reported,R,R,1.592,1.038,0.3121,0.3581,115695,116942,115695,116942,2025
194647,Denver And County,CO,2012,True,600158,2010,1410,0,546,52,924,0,13,0,11670,1354,10657862,2304188,6746546,50169,reported,reported,R,R,2.349,1.54,0.2791,0.2479,90705,87617,127189,122859,2025
194647,Denver And County,CO,2013,False,600158,2010,1371,0,571,58,940,0,26,0,11530,1567,10944637,2696125,6959877,156556,reported,reported,R,R,2.284,1.566,0.294,0.2522,95796,88849,132389,122788,2025
194647,Denver And County,CO,2014,False,600158,2010,1427,0,646,63,934,0,29,0,11677,1824,11029448,3218761,7248792,174360,reported,reported,R,R,2.378,1.556,0.3116,0.26,92749,93132,126132,126652,2025
194647,Denver And County,CO,2015,False,600158,2010,1462,0,654,56,948,0,33,0,11963,1786,11798706,3302005,7335634,190367,reported,reported,R,CR,2.436,1.58,0.3091,0.2589,96843,92856,131543,126127,2025
194647,Denver And County,CO,2016,False,600158,2010,1488,0,659,59,968,0,32,0,12362,1673,12369175,3565826,8036314,198143,reported,reported,R,R,2.479,1.613,0.3069,0.2546,99751,99624,133805,133635,2025
194647,Denver And County,CO,2017,True,682545,2010,1799,0,747,74,1137,0,0,0,13353,1727,14374007,4763947,8631726,0,reported,reported,R,R,2.636,1.666,0.2934,0.2758,95880,91100,125930,119652,2025
194647,Denver And County,CO,2018,False,682545,2010,1798,0,683,105,1053,0,0,0,13222,1856,15110436,4415409,9351459,0,reported,reported,R,R,2.634,1.543,0.2753,0.2673,100848,106569,129297,136632,2025
194647,Denver And County,CO,2019,False,704621,2010,1619,0,585,95,1018,0,41,0,13078,1990,14481955,3435133,9285581,263097,reported,reported,R,R,2.298,1.445,0.2654,0.2495,107340,109457,135171,137837,2025
194647,Denver And County,CO,2020,False,727211,2010,1588,0,651,100,1088,0,33,0,13472,2059,14769987,3980216,10098758,202375,reported,reported,R,R,2.184,1.496,0.2908,0.2494,111612,111383,138838,138553,2025
194647,Denver And County,CO,2021,False,727211,2020,1411,0,736,128,1063,0,32,0,12828,1009,12829369,4821946,9601714,192415,reported,prorated,R,T,1.94,1.462,0.3428,0.2527,109109,108392,129634,128782,2025
194647,Denver And County,CO,2022,True,735538,2020,1419,0,715,90,1046,0,61,0,13229,1532,14066955,4960675,10665281,458358,reported,reported,R,R,1.929,1.422,0.3351,0.245,118959,122355,130864,134600,2025
194647,Denver And County,CO,2023,False,711463,2020,1389,0,803,89,1080,0,61,5,13522,1973,14368895,5957770,11111455,453387,reported,reported,R,R,1.952,1.518,0.3663,0.2465,124137,123461,131161,130447,2025
194647,Denver And County,CO,2024,False,713252,2020,1444,0,782,100,1105,0,53,0,14059,1985,15614279,5883034,11661884,433692,reported,reported,R,R,2.025,1.549,0.3513,0.2407,129759,126645,133173,129977,2025
194647,Denver And County,CO,2025,False,716577,2020,1511,0,583,80,1102,0,49,1,14080,1788,17604426,4691654,11725904,414236,reported,reported,R,R,2.109,1.538,0.2784,0.2305,139810,127687,139810,127687,2025
101409,Fort Collins,CO,2012,True,143986,2010,185,0,96,24,0,0,0,0,1202,563,1263130,530317,0,0,reported,,R,,1.285,0.0,0.3416,0.2338,81933,,114889,,2025
101409,Fort Collins,CO,2013,False,143986,2010,192,0,100,12,0,0,0,0,1202,553,1370428,525086,0,0,reported,,R,,1.333,0.0,0.3425,0.2429,85652,,118370,,2025
101409,Fort Collins,CO,2014,False,143986,2010,197,0,112,24,0,0,0,0,1284,665,1468069,584470,0,0,reported,,R,,1.368,0.0,0.3625,0.2407,89426,,121613,,2025
101409,Fort Collins,CO,2015,False,143986,2010,196,0,107,24,0,0,0,0,1279,661,1428899,589257,0,0,reported,,R,,1.361,0.0,0.3531,0.2369,87484,,118831,,2025
101409,Fort Collins,CO,2016,False,143986,2010,217,0,113,14,0,0,0,0,1356,635,1607711,616001,0,0,prorated,,T,,1.507,0.0,0.3424,0.2434,88906,,119258,,2025
101409,Fort Collins,CO,2017,True,161175,2010,200,2,109,17,0,0,0,0,1437,631,1596586,581618,0,0,reported,,R,,1.241,0.0,0.3528,0.215,95795,,125818,,2025
101409,Fort Collins,CO,2018,False,161175,2010,211,2,110,17,0,0,0,0,1487,1002,1728773,622126,0,0,reported,,R,,1.309,0.0,0.3427,0.2159,98319,,126054,,2025
101409,Fort Collins,CO,2019,False,165080,2010,208,0,113,13,0,0,0,0,1556,1021,1791107,668708,0,0,prorated,,RT,,1.26,0.0,0.352,0.2063,103333,,130125,,2025
101409,Fort Collins,CO,2020,False,170243,2010,218,0,117,15,0,0,0,0,1626,973,1903362,734868,0,0,prorated,,RT,,1.281,0.0,0.3493,0.206,104772,,130329,,2025
101409,Fort Collins,CO,2021,False,170243,2020,220,0,111,12,0,0,0,0,1600,797,1912687,673479,0,0,prorated,,RT,,1.292,0.0,0.3353,0.2069,104328,,123953,,2025
101409,Fort Collins,CO,2022,True,168234,2020,225,0,108,10,0,0,0,0,1618,636,2105626,724601,0,0,prorated,,RT,,1.337,0.0,0.3243,0.2058,112300,,123539,,2025
101409,Fort Collins,CO,2023,False,168538,2020,227,1,111,11,0,0,0,0,1714,717,2234914,797634,0,0,prorated,,RT,,1.347,0.0,0.3284,0.1972,118145,,124830,,2025
101409,Fort Collins,CO,2024,False,169249,2020,236,2,118,11,0,0,0,0,1798,857,2615565,887295,0,0,prorated,,RT,,1.394,0.0,0.3333,0.1969,132995,,136494,,2025
101409,Fort Collins,CO,2025,False,170376,2020,247,1,127,14,0,0,0,0,1898,991,2832249,1000157,0,0,prorated,,RT,,1.45,0.0,0.3396,0.197,137599,,137599,,2025
207635,Greeley,CO,2012,True,92889,2010,140,0,96,29,98,0,4,0,788,315,927619,441132,706880,29606,imputed,imputed,G,G,1.507,1.055,0.4068,0.4289,79510,86557,111491,121373,2025
207635,Greeley,CO,2013,False,92889,2010,141,0,40,24,100,0,6,0,813,329,974151,155230,661955,27285,reported,reported,R,R,1.518,1.077,0.221,0.353,82906,79435,114575,109778,2025
207635,Greeley,CO,2014,False,92889,2010,144,0,42,21,103,0,4,0,778,322,1029601,161661,738863,12779,reported,reported,R,R,1.55,1.109,0.2258,0.3766,85800,86081,116681,117064,2025
207635,Greeley,CO,2015,False,92889,2010,147,0,45,23,103,0,4,0,757,327,1057122,170872,702267,15287,reported,reported,R,R,1.583,1.109,0.2344,0.395,86296,81818,117217,111134,2025
207635,Greeley,CO,2016,False,92889,2010,163,0,50,24,114,0,4,0,838,340,1225271,198052,813971,17719,prorated,prorated,T,T,1.755,1.227,0.2347,0.395,90204,85681,120999,114932,2025
207635,Greeley,CO,2017,True,100883,2010,159,1,41,24,97,0,12,0,838,329,1120041,220862,696630,92845,reported,reported,R,R,1.576,0.962,0.205,0.3687,84531,86181,111024,113191,2025
207635,Greeley,CO,2018,False,100883,2010,155,0,52,20,100,0,13,0,864,307,1121246,227978,730112,105112,reported,reported,R,R,1.536,0.991,0.2512,0.3704,86806,87613,111294,112328,2025
207635,Greeley,CO,2019,False,105448,2010,151,0,63,21,103,0,18,0,878,334,1088009,404453,776061,162106,reported,reported,R,R,1.432,0.977,0.2944,0.3815,86464,90415,108882,113858,2025
207635,Greeley,CO,2020,False,108649,2010,158,0,67,18,110,0,24,0,940,333,1182566,412544,827828,242170,reported,reported,R,R,1.454,1.012,0.2978,0.3819,89815,90309,111724,112338,2025
207635,Greeley,CO,2021,False,108649,2020,134,10,82,4,121,0,10,0,912,112,1008571,561729,924279,86646,reported,reported,R,R,1.233,1.114,0.3796,0.3805,90320,91664,107310,108907,2025
207635,Greeley,CO,2022,True,108958,2020,133,11,81,4,120,0,9,0,898,127,1069535,595685,980149,91882,imputed,imputed,G,G,1.221,1.101,0.3785,0.382,96499,98015,106156,107824,2025
207635,Greeley,CO,2023,False,109323,2020,136,10,83,4,123,0,9,0,919,120,1163439,647986,1066205,99948,imputed,imputed,G,G,1.244,1.125,0.379,0.3819,102656,104020,108465,109906,2025
207635,Greeley,CO,2024,False,109209,2020,140,12,85,5,127,0,9,0,945,146,1238722,689916,1135198,106416,imputed,imputed,G,G,1.282,1.163,0.3778,0.382,106176,107263,108970,110085,2025
207635,Greeley,CO,2025,False,112609,2020,142,11,86,5,129,0,9,0,959,141,1342561,747751,1230359,115338,imputed,imputed,G,G,1.261,1.146,0.3772,0.3816,113456,114452,113456,114452,2025
161376,Lakewood,CO,2012,True,142980,2010,255,0,129,14,0,0,0,0,832,512,1798241,596170,0,0,reported,,R,,1.783,0.0,0.3359,0.4615,84623,,118661,,2025
161376,Lakewood,CO,2013,False,142980,2010,261,0,140,15,0,0,0,0,855,483,1882613,653790,0,0,reported,,R,,1.825,0.0,0.3491,0.469,86557,,119620,,2025
161376,Lakewood,CO,2014,False,142980,2010,264,0,142,14,0,0,0,0,864,462,1898509,659310,0,0,imputed,imputed,G,G,1.846,0.0,0.3498,0.4699,86296,,117356,,2025
161376,Lakewood,CO,2015,False,142980,2010,265,0,143,13,0,0,0,0,867,447,1972572,685030,0,0,imputed,,G,,1.853,0.0,0.3505,0.4706,89324,,121330,,2025
161376,Lakewood,CO,2016,False,142980,2010,271,0,146,14,0,0,0,0,886,465,2129969,739690,0,0,imputed,,G,,1.895,0.0,0.3501,0.4707,94316,,126515,,2025
161376,Lakewood,CO,2017,True,152597,2010,276,0,149,13,0,0,0,0,903,448,2275566,790252,0,0,imputed,,G,,1.809,0.0,0.3506,0.4707,98938,,129946,,2025
161376,Lakewood,CO,2018,False,152597,2010,284,0,153,13,0,0,0,0,929,458,2407396,836034,0,0,imputed,,G,,1.861,0.0,0.3501,0.4704,101721,,130416,,2025
161376,Lakewood,CO,2019,False,154958,2010,285,0,153,13,0,0,0,0,930,472,2484362,862763,0,0,imputed,,G,,1.839,0.0,0.3493,0.471,104605,,131727,,2025
161376,Lakewood,CO,2020,False,157935,2010,295,0,158,13,0,0,0,0,959,468,2704121,939080,0,0,imputed,,G,,1.868,0.0,0.3488,0.4724,109998,,136830,,2025
161376,Lakewood,CO,2021,False,157935,2020,225,0,121,0,0,0,0,0,789,26,1709083,593526,0,0,,,,,1.425,0.0,0.3497,0.4385,91151,,108298,,2025
161376,Lakewood,CO,2022,True,157429,2020,231,0,124,0,0,0,0,0,808,26,1846311,641182,0,0,,,,,1.467,0.0,0.3493,0.4394,95912,,105511,,2025
161376,Lakewood,CO,2023,False,156605,2020,240,0,129,0,0,0,0,0,838,30,2016902,700424,0,0,prorated,,T,,1.533,0.0,0.3496,0.4403,100845,,106551,,2025
161376,Lakewood,CO,2024,False,156120,2020,304,0,85,0,0,0,0,0,855,34,2748489,630892,0,0,reported,,R,,1.947,0.0,0.2185,0.455,108493,,111348,,2025
161376,Lakewood,CO,2025,False,155961,2020,309,0,86,0,0,0,0,0,867,33,2978887,683778,0,0,imputed,,G,,1.981,0.0,0.2177,0.4556,115685,,115685,,2025
194651,Longmont,CO,2012,True,86270,2010,136,0,55,36,88,0,5,1,784,359,965387,252468,628191,28374,reported,reported,R,R,1.576,1.02,0.288,0.3622,85181,85662,119443,120118,2025
194651,Longmont,CO,2013,False,86270,2010,142,0,61,37,83,0,3,0,787,332,999256,279985,571774,16233,reported,reported,R,R,1.646,0.962,0.3005,0.3672,84444,82666,116700,114243,2025
194651,Longmont,CO,2014,False,86270,2010,140,0,59,40,82,0,3,0,825,349,1050513,287193,597848,16162,reported,reported,R,R,1.623,0.951,0.2965,0.3442,90044,87490,122453,118980,2025
194651,Longmont,CO,2015,False,86270,2010,141,0,59,39,82,0,3,0,826,337,1091495,298397,621171,16792,imputed,imputed,G,G,1.634,0.951,0.295,0.345,92893,90903,126178,123475,2025
194651,Longmont,CO,2016,False,86270,2010,144,0,60,41,84,0,3,0,845,351,1178588,322207,670736,18132,imputed,imputed,G,G,1.669,0.974,0.2941,0.3444,98216,95819,131746,128531,2025
194651,Longmont,CO,2017,True,92088,2010,147,0,61,39,86,0,3,0,860,316,1259152,344232,716585,19371,imputed,imputed,G,G,1.596,0.934,0.2933,0.3453,102788,99989,135003,131327,2025
194651,Longmont,CO,2018,False,92088,2010,151,0,63,40,89,0,3,0,885,324,1332098,364174,758099,20493,imputed,imputed,G,G,1.64,0.966,0.2944,0.3458,105862,102216,135725,131051,2025
194651,Longmont,CO,2019,False,94341,2010,161,0,67,43,95,0,3,0,937,343,1307974,357579,744370,20122,prorated,prorated,T,T,1.707,1.007,0.2939,0.3479,97489,94026,122766,118405,2025
194651,Longmont,CO,2020,False,97261,2010,167,0,69,43,98,0,3,0,968,342,1423673,389209,810215,21902,imputed,imputed,G,G,1.717,1.008,0.2924,0.3481,102300,99210,127254,123410,2025
194651,Longmont,CO,2021,False,97261,2020,169,0,70,37,99,0,3,0,978,297,1467548,401204,835184,22577,imputed,imputed,G,G,1.738,1.018,0.2929,0.3487,104205,101234,123807,120277,2025
194651,Longmont,CO,2022,True,98445,2020,167,0,69,42,98,0,2,0,958,338,1556258,425456,885669,23941,imputed,imputed,G,G,1.696,0.995,0.2924,0.3507,111827,108449,123018,119302,2025
194651,Longmont,CO,2023,False,100758,2020,171,0,71,40,100,0,2,0,982,319,1692895,462810,963430,26043,imputed,imputed,G,G,1.697,0.992,0.2934,0.3503,118800,115612,125522,122154,2025
194651,Longmont,CO,2024,False,98687,2020,176,0,73,49,103,0,2,0,1009,391,1802440,492758,1025772,27728,imputed,imputed,G,G,1.783,1.044,0.2932,0.3508,122894,119507,126128,122652,2025
194651,Longmont,CO,2025,False,98630,2020,179,0,74,47,105,0,2,0,1024,374,1953534,534065,1111760,30052,imputed,imputed,G,G,1.815,1.065,0.2925,0.3516,130963,127058,130963,127058,2025
194654,Pueblo,CO,2012,True,106595,2010,194,0,50,19,135,0,1,1,800,170,1213604,183795,764680,3732,imputed,imputed,G,G,1.82,1.266,0.2049,0.475,75068,67972,105262,95312,2025
194654,Pueblo,CO,2013,False,106595,2010,194,0,50,19,135,0,1,1,795,171,1256286,190259,791573,3863,imputed,imputed,G,G,1.82,1.266,0.2049,0.478,77708,70362,107391,97239,2025
194654,Pueblo,CO,2014,False,106595,2010,196,0,51,18,137,0,1,1,803,165,1266730,191841,798154,3895,imputed,imputed,G,G,1.839,1.285,0.2065,0.4795,77555,69911,105469,95074,2025
194654,Pueblo,CO,2015,False,106595,2010,197,0,51,17,138,0,1,1,802,156,1316147,199325,829291,4047,imputed,imputed,G,G,1.848,1.295,0.2056,0.4825,80171,72112,108897,97951,2025
194654,Pueblo,CO,2016,False,106595,2010,202,0,52,18,141,0,1,1,820,161,1421166,215230,895462,4370,imputed,imputed,G,G,1.895,1.323,0.2047,0.4829,84426,76210,113248,102227,2025
194654,Pueblo,CO,2017,True,109412,2010,206,0,53,17,144,0,1,1,835,152,1518312,229942,956673,4669,imputed,imputed,G,G,1.883,1.316,0.2046,0.4838,88445,79723,116165,104709,2025
194654,Pueblo,CO,2018,False,109412,2010,212,0,55,17,148,0,1,1,862,156,1606272,243263,1012096,4939,imputed,imputed,G,G,1.938,1.353,0.206,0.4826,90921,82062,116569,105211,2025
194654,Pueblo,CO,2019,False,111127,2010,212,0,55,18,148,0,1,1,853,159,1657626,251040,1044453,5097,imputed,imputed,G,G,1.908,1.332,0.206,0.4877,93828,84685,118155,106642,2025
194654,Pueblo,CO,2020,False,112361,2010,207,0,63,30,141,0,4,1,888,153,1428949,380901,970160,24919,reported,reported,R,R,1.842,1.255,0.2333,0.4673,82838,82567,103045,102708,2025
194654,Pueblo,CO,2021,False,112361,2020,200,0,63,40,140,0,4,1,891,133,1341805,325194,943231,27638,reported,reported,R,R,1.78,1.246,0.2395,0.4568,80508,80848,95653,96057,2025
194654,Pueblo,CO,2022,True,112751,2020,198,0,62,26,136,0,5,1,860,146,1367222,319055,989047,38361,reported,reported,R,R,1.756,1.206,0.2385,0.4663,82862,87269,91155,96003,2025
194654,Pueblo,CO,2023,False,112368,2020,203,0,63,25,139,0,5,1,884,137,1487262,347068,1075884,41729,imputed,imputed,G,G,1.807,1.237,0.2368,0.4638,87917,92882,92892,98138,2025
194654,Pueblo,CO,2024,False,111456,2020,174,0,80,31,152,0,7,1,940,171,1443632,455533,1256413,55731,reported,reported,R,R,1.561,1.364,0.315,0.4394,99561,99190,102181,101800,2025
194654,Pueblo,CO,2025,False,111077,2020,177,0,81,30,154,0,7,1,956,159,1564648,493720,1361735,60402,imputed,imputed,G,G,1.593,1.386,0.314,0.4383,106078,106109,106078,106109,2025
161328,Thornton,CO,2012,True,118772,2010,170,0,39,0,67,0,4,0,771,254,1193428,131531,454953,31797,imputed,imputed,G,G,1.431,0.564,0.1866,0.3632,84242,81484,118126,114259,2025
161328,Thornton,CO,2013,False,118772,2010,170,0,39,0,67,0,4,0,771,256,1235400,136157,470953,32915,imputed,imputed,G,G,1.431,0.564,0.1866,0.3632,87205,84350,120516,116570,2025
161328,Thornton,CO,2014,False,118772,2010,172,0,39,0,68,0,4,0,779,245,1245671,137289,474868,33189,imputed,imputed,G,G,1.448,0.573,0.1848,0.3633,86907,83800,118187,113962,2025
161328,Thornton,CO,2015,False,118772,2010,173,0,39,0,68,0,4,0,780,236,1294266,142645,493393,34484,imputed,imputed,G,G,1.457,0.573,0.184,0.3641,89776,87069,121944,118267,2025
161328,Thornton,CO,2016,False,118772,2010,177,0,40,0,70,0,4,0,798,245,1397539,154027,532762,37236,imputed,imputed,G,G,1.49,0.589,0.1843,0.3647,94748,91331,127094,122510,2025
161328,Thornton,CO,2017,True,133451,2010,181,0,41,0,71,0,4,0,815,236,1493070,164556,569180,39781,imputed,imputed,G,G,1.356,0.532,0.1847,0.3644,98988,96199,130012,126349,2025
161328,Thornton,CO,2018,False,133451,2010,186,0,42,0,73,0,4,0,839,242,1579568,174089,602154,42086,imputed,imputed,G,G,1.394,0.547,0.1842,0.3635,101908,98984,130656,126907,2025
161328,Thornton,CO,2019,False,136978,2010,186,0,42,0,73,0,4,0,839,250,1630068,179655,621405,43432,imputed,imputed,G,G,1.358,0.533,0.1842,0.3635,105166,102149,132433,128634,2025
161328,Thornton,CO,2020,False,141464,2010,192,0,43,0,76,0,4,0,866,249,1774259,195547,676373,47274,imputed,imputed,G,G,1.357,0.537,0.183,0.3637,110891,106796,137941,132847,2025
161328,Thornton,CO,2021,False,141464,2020,194,0,43,0,77,0,4,0,874,217,1828938,201573,697217,48731,imputed,imputed,G,G,1.371,0.544,0.1814,0.3638,113130,108657,134411,129097,2025
161328,Thornton,CO,2022,True,148113,2020,192,0,42,0,76,0,3,0,858,249,1939493,213757,739362,51676,imputed,imputed,G,G,1.296,0.513,0.1795,0.3648,121218,116741,133349,128424,2025
161328,Thornton,CO,2023,False,142610,2020,197,0,43,0,78,0,3,0,880,235,2109778,232525,804277,56213,imputed,imputed,G,G,1.381,0.547,0.1792,0.3648,128514,123735,135786,130736,2025
161328,Thornton,CO,2024,False,143282,2020,203,0,44,0,80,0,3,0,906,288,2246299,247571,856321,59850,imputed,imputed,G,G,1.417,0.558,0.1781,0.3642,132786,128448,136280,131828,2025
161328,Thornton,CO,2025,False,144922,2020,206,0,45,0,81,0,3,0,920,276,2434601,268324,928104,64867,imputed,imputed,G,G,1.421,0.559,0.1793,0.3641,141821,137497,141821,137497,2025
211654,Westminster,CO,2012,True,106114,2010,183,0,65,14,127,0,5,2,825,366,1148557,316116,822155,22710,reported,reported,R,R,1.725,1.197,0.2621,0.4606,75315,77684,105609,108931,2025
211654,Westminster,CO,2013,False,106114,2010,182,0,64,13,129,0,5,2,815,408,1287782,328062,868094,23116,reported,reported,R,R,1.715,1.216,0.2602,0.4663,84909,80753,117343,111599,2025
211654,Westminster,CO,2014,False,106114,2010,172,0,63,10,127,0,5,2,802,402,1155505,337707,871519,23529,reported,reported,R,R,1.621,1.197,0.2681,0.4576,80617,82348,109633,111987,2025
211654,Westminster,CO,2015,False,106114,2010,181,0,65,9,127,0,5,1,820,420,1259820,346540,850259,23465,reported,reported,R,R,1.706,1.197,0.2642,0.461,83524,80339,113452,109125,2025
211654,Westminster,CO,2016,False,106114,2010,176,0,63,9,129,0,4,0,845,408,1239497,357499,905021,18399,reported,reported,R,R,1.659,1.216,0.2636,0.4402,84511,84188,113362,112929,2025
211654,Westminster,CO,2017,True,113130,2010,176,0,67,8,129,0,5,1,849,428,1313069,382932,931887,25296,reported,reported,R,R,1.556,1.14,0.2757,0.4441,89527,86687,117586,113856,2025
211654,Westminster,CO,2018,False,113130,2010,191,0,63,11,137,0,5,0,954,419,1468171,349101,1045097,24700,reported,reported,R,R,1.688,1.211,0.248,0.4151,92241,91541,118262,117364,2025
211654,Westminster,CO,2019,False,112812,2010,193,0,67,12,137,0,6,0,937,403,1502931,386535,1137627,31605,reported,reported,R,R,1.711,1.214,0.2577,0.4301,93446,99646,117674,125482,2025
211654,Westminster,CO,2020,False,113166,2010,213,0,48,17,131,0,7,0,963,408,1708178,279237,1028445,39067,reported,reported,R,R,1.882,1.158,0.1839,0.4143,96235,94209,119710,117189,2025
211654,Westminster,CO,2021,False,113166,2020,215,0,48,15,132,0,7,0,971,355,1760820,287842,1060140,40271,imputed,imputed,G,G,1.9,1.166,0.1825,0.414,98278,96376,116765,114506,2025
211654,Westminster,CO,2022,True,115046,2020,173,1,68,9,129,0,5,0,915,315,1687040,564106,1131618,30106,reported,reported,R,R,1.504,1.121,0.2822,0.4098,117020,105267,128731,115802,2025
211654,Westminster,CO,2023,False,114561,2020,178,1,65,9,145,0,6,1,980,357,1799742,478874,1494046,39363,reported,reported,R,R,1.554,1.266,0.2675,0.402,121331,123645,128196,130641,2025
211654,Westminster,CO,2024,False,114533,2020,185,0,81,7,148,0,6,0,1040,401,1905480,624970,1415728,41989,reported,reported,R,R,1.615,1.292,0.3045,0.4038,123599,114789,126851,117809,2025
211654,Westminster,CO,2025,False,114875,2020,187,0,84,8,140,0,14,0,1042,433,2097534,662599,1851588,95597,reported,reported,R,R,1.628,1.219,0.31,0.4079,134601,158708,134601,158708,2025
124038,Bridgeport,CT,2012,True,144229,2010,407,0,44,0,284,0,6,0,4121,344,2770222,159078,1311493,32697,imputed,imputed,G,G,2.822,1.969,0.0976,0.1798,81677,55415,114530,77704,2025
124038,Bridgeport,CT,2013,False,144229,2010,430,0,46,0,300,0,6,0,4239,428,3042522,174715,1440407,35912,prorated,prorated,T,T,2.981,2.08,0.0966,0.1845,84908,57616,117342,79624,2025
124038,Bridgeport,CT,2014,False,144229,2010,430,0,46,0,300,0,6,0,4226,381,3012671,173001,1426275,35560,imputed,imputed,G,G,2.981,2.08,0.0966,0.185,84075,57051,114336,77585,2025
124038,Bridgeport,CT,2015,False,144229,2010,434,0,46,0,303,0,6,0,4320,323,3121399,179245,1477750,36843,imputed,imputed,G,G,3.009,2.101,0.0958,0.1826,86306,58525,117230,79495,2025
124038,Bridgeport,CT,2016,False,144229,2010,446,0,47,0,311,0,6,0,4408,333,3221958,185020,1525357,38030,imputed,imputed,G,G,3.092,2.156,0.0953,0.1838,86689,58856,116284,78949,2025
124038,Bridgeport,CT,2017,True,147629,2010,393,0,51,83,280,0,18,0,4119,404,5076077,237686,2263097,146931,reported,reported,R,R,2.662,1.897,0.1149,0.1801,154995,96990,203572,127388,2025
124038,Bridgeport,CT,2018,False,147629,2010,423,0,130,1,300,0,4,0,3904,559,3301119,304442,2394025,16620,reported,reported,R,R,2.865,2.032,0.2351,0.2195,93649,95761,120067,122775,2025
124038,Bridgeport,CT,2019,False,146579,2010,380,0,42,92,291,0,4,0,3847,554,2807765,192023,2426913,18642,prorated,reported,RT,R,2.592,1.985,0.0995,0.1864,88666,100079,111655,126027,2025
124038,Bridgeport,CT,2020,False,144399,2010,386,0,40,88,303,0,3,0,3882,314,3262034,177218,2510141,13582,reported,reported,R,R,2.673,2.098,0.0939,0.1886,101410,99412,126147,123662,2025
124038,Bridgeport,CT,2021,False,144399,2020,371,0,44,82,292,0,4,0,3786,206,3729662,203756,2460911,19902,reported,reported,R,R,2.569,2.022,0.106,0.1878,120636,101133,143329,120157,2025
124038,Bridgeport,CT,2022,True,143525,2020,335,0,46,78,281,0,4,0,3752,256,3391076,216001,2442579,20641,reported,reported,R,CR,2.334,1.958,0.1207,0.1775,121471,104309,133627,114748,2025
124038,Bridgeport,CT,2023,False,148333,2020,285,0,46,75,280,0,4,0,3746,303,3499546,175830,2538842,17648,reported,reported,CR,CR,1.921,1.888,0.139,0.1642,147349,108808,155686,114965,2025
124038,Bridgeport,CT,2024,False,148377,2020,282,0,41,74,276,0,4,0,3808,375,3658121,214798,2717623,22423,reported,reported,R,R,1.901,1.86,0.1269,0.1584,155665,118158,159761,121267,2025
124038,Bridgeport,CT,2025,False,148028,2020,308,0,48,79,276,0,5,1,3842,342,3786565,282205,2734518,29063,reported,reported,R,R,2.081,1.865,0.1348,0.1658,147529,118892,147529,118892,2025
161441,Hartford,CT,2012,True,124775,2010,439,0,47,36,348,0,19,0,4595,1049,2045089,115817,1466012,61723,imputed,imputed,G,G,3.518,2.789,0.0967,0.1856,55902,50552,78387,70885,2025
161441,Hartford,CT,2013,False,124775,2010,429,0,46,37,340,0,19,0,4716,768,2074878,117504,1487366,62622,imputed,imputed,G,G,3.438,2.725,0.0968,0.1768,58039,52495,80209,72547,2025
161441,Hartford,CT,2014,False,124775,2010,429,0,46,36,340,0,19,0,5148,697,2054521,116351,1472773,62008,imputed,imputed,G,G,3.438,2.725,0.0968,0.162,57469,51980,78153,70689,2025
161441,Hartford,CT,2015,False,124775,2010,433,0,46,35,343,0,19,0,5260,704,2128669,120550,1525926,64246,imputed,imputed,G,G,3.47,2.749,0.096,0.1599,58993,53385,80131,72513,2025
161441,Hartford,CT,2016,False,124775,2010,436,0,44,29,332,0,18,0,5076,706,1851119,128973,1320492,63468,reported,imputed,CR,ACR,3.494,2.661,0.0917,0.1635,50948,47729,68341,64023,2025
161441,Hartford,CT,2017,True,124006,2010,410,0,61,41,287,0,13,0,4666,701,1846989,286959,1268118,47173,prorated,reported,CT,C,3.306,2.314,0.1295,0.1652,54058,53022,71000,69640,2025
161441,Hartford,CT,2018,False,124006,2010,410,0,27,59,360,0,8,1,4711,722,3154511,107378,1248728,25074,reported,reported,R,C,3.306,2.903,0.0618,0.1709,92327,41624,118372,53366,2025
161441,Hartford,CT,2019,False,123400,2010,424,0,34,61,354,0,8,5,4830,728,3509824,155004,1171980,25073,reported,reported,R,C,3.436,2.869,0.0742,0.1698,99335,39728,125090,50029,2025
161441,Hartford,CT,2020,False,122105,2010,456,1,19,45,365,0,19,0,4987,788,3548866,115307,1187994,81371,imputed,imputed,G,G,3.734,2.989,0.04,0.1722,93391,39057,116172,48584,2025
161441,Hartford,CT,2021,False,122105,2020,424,1,17,42,340,0,18,0,4427,704,3514723,114198,1176564,80588,reported,reported,R,C,3.472,2.784,0.0385,0.1805,99473,41526,118185,49338,2025
161441,Hartford,CT,2022,True,121535,2020,430,1,17,45,345,0,18,0,4506,735,3672446,119319,1229363,84204,imputed,imputed,G,G,3.538,2.839,0.038,0.1798,102487,42760,112744,47039,2025
161441,Hartford,CT,2023,False,120576,2020,430,1,17,49,345,0,18,0,4411,746,3766615,122381,1260887,86363,imputed,imputed,G,G,3.566,2.861,0.038,0.1836,105115,43857,111063,46339,2025
161441,Hartford,CT,2024,False,120686,2020,444,1,17,52,356,0,19,0,4509,793,4008072,130227,1341717,91899,imputed,imputed,G,G,3.679,2.95,0.0369,0.1854,108326,45226,111176,46416,2025
161441,Hartford,CT,2025,False,119669,2020,450,1,17,55,361,0,19,0,4538,812,4214169,136925,1410708,96624,imputed,imputed,G,G,3.76,3.017,0.0364,0.1866,112378,46893,112378,46893,2025
161447,New Haven,CT,2012,True,129779,2010,398,0,56,2,285,0,66,1,4421,1029,2945399,236858,2049003,333268,reported,reported,R,R,3.067,2.196,0.1233,0.1821,88806,86274,124526,120976,2025
161447,New Haven,CT,2013,False,129779,2010,385,0,50,55,241,0,19,1,4515,1900,2730447,219076,2093349,119778,reported,reported,R,R,2.967,1.857,0.1149,0.1539,85105,104233,117614,144048,2025
161447,New Haven,CT,2014,False,129779,2010,383,0,48,54,241,0,18,1,5356,1447,2902344,213776,2034269,104226,reported,reported,R,R,2.951,1.857,0.1114,0.1288,90935,101291,123665,137748,2025
161447,New Haven,CT,2015,False,129779,2010,426,0,34,54,292,0,24,4,5406,1515,2875870,234931,1852666,109532,prorated,reported,RT,CR,3.283,2.25,0.0739,0.1435,81010,76137,110037,103418,2025
161447,New Haven,CT,2016,False,129779,2010,432,0,56,8,319,0,16,2,5566,1589,3259632,238673,1979585,117654,reported,reported,R,R,3.329,2.458,0.1148,0.1479,90545,74467,121456,99889,2025
161447,New Haven,CT,2017,True,130322,2010,448,0,56,8,318,0,16,1,5514,1546,3263901,240901,2049016,111556,reported,reported,R,R,3.438,2.44,0.1111,0.152,87426,77321,114826,101554,2025
161447,New Haven,CT,2018,False,130322,2010,405,0,55,7,329,0,22,2,5447,1348,3010747,249966,2399449,174596,reported,reported,R,R,3.108,2.525,0.1196,0.1489,89207,87518,114372,112206,2025
161447,New Haven,CT,2019,False,131014,2010,395,0,55,43,298,0,23,2,5507,1353,3787925,256281,2245379,172763,reported,reported,R,R,3.015,2.275,0.1222,0.14,115076,90418,144913,113861,2025
161447,New Haven,CT,2020,False,130250,2010,342,0,54,41,316,0,17,0,5505,1388,3547255,298858,2462277,171975,reported,imputed,R,RX,2.626,2.426,0.1364,0.1324,124465,93504,154826,116313,2025
161447,New Haven,CT,2021,False,130250,2020,331,0,54,35,293,0,17,1,5443,1053,3252681,236274,2547421,135971,reported,reported,R,R,2.541,2.25,0.1403,0.1277,117922,104331,140105,123957,2025
161447,New Haven,CT,2022,True,130801,2020,336,0,50,36,313,0,21,0,5598,1140,3330263,272875,2744752,169412,imputed,imputed,RX,RX,2.569,2.393,0.1295,0.1286,118938,105230,130841,115761,2025
161447,New Haven,CT,2023,False,135081,2020,346,0,35,38,273,0,26,0,5641,1236,3586097,197798,2503387,227325,imputed,imputed,RX,CRX,2.561,2.021,0.0919,0.1205,124373,110039,131410,116265,2025
161447,New Haven,CT,2024,False,138915,2020,325,0,54,45,263,0,26,0,5710,1336,3935661,320099,2607690,243006,reported,reported,R,R,2.34,1.893,0.1425,0.117,145317,118982,149141,122113,2025
161447,New Haven,CT,2025,False,135319,2020,331,0,48,46,281,0,32,0,5776,1347,4182541,311513,2706130,288744,reported,reported,R,R,2.446,2.077,0.1266,0.1198,151633,115564,151633,115564,2025
225767,Stamford,CT,2012,True,122643,2010,270,0,45,87,260,0,3,0,3255,273,2601943,281736,2068901,17644,imputed,imputed,G,G,2.202,2.12,0.1429,0.1776,115642,95488,162156,133896,2025
225767,Stamford,CT,2013,False,122643,2010,264,0,44,88,254,0,3,0,3335,519,2639843,285840,2099037,17901,imputed,imputed,G,G,2.153,2.071,0.1429,0.1694,119993,99167,165828,137047,2025
225767,Stamford,CT,2014,False,122643,2010,264,0,44,84,254,0,3,0,3304,557,2613943,283036,2078443,17725,imputed,imputed,G,G,2.153,2.071,0.1429,0.171,118816,98194,161581,133536,2025
225767,Stamford,CT,2015,False,122643,2010,267,0,44,81,256,0,3,0,3305,587,2708281,293251,2153455,18365,imputed,imputed,G,G,2.177,2.087,0.1415,0.1725,121720,100943,165334,137112,2025
225767,Stamford,CT,2016,False,122643,2010,274,0,45,85,263,0,3,0,3396,626,2795531,302698,2222831,18957,imputed,imputed,G,G,2.234,2.144,0.1411,0.1723,122432,101422,164229,136046,2025
225767,Stamford,CT,2017,True,128874,2010,262,0,38,73,255,0,31,0,2909,659,1823168,91228,1778895,204184,prorated,reported,RT,R,2.033,1.979,0.1267,0.2014,83504,83713,109675,109949,2025
225767,Stamford,CT,2018,False,128874,2010,265,0,38,87,258,0,31,0,2875,559,1906238,95385,1859948,213487,imputed,imputed,G,G,2.056,2.002,0.1254,0.2059,86320,86509,110670,110913,2025
225767,Stamford,CT,2019,False,130824,2010,264,0,38,92,257,0,31,0,3077,500,1937682,96958,1890628,217009,imputed,imputed,G,G,2.018,1.964,0.1258,0.1917,88076,88278,110912,111166,2025
225767,Stamford,CT,2020,False,129638,2010,294,82,0,0,253,0,3,0,3446,422,3024376,0,2441137,34503,imputed,imputed,G,G,2.268,1.952,0.0,0.1596,123444,115785,153556,144029,2025
225767,Stamford,CT,2021,False,129638,2020,272,76,0,0,234,0,3,0,3276,349,2991717,0,2414776,34130,,,,,2.098,1.805,0.0,0.1554,131988,123835,156817,147130,2025
225767,Stamford,CT,2022,True,131397,2020,280,78,0,0,241,0,3,0,3368,358,3112489,0,2512258,35508,reported,reported,R,R,2.131,1.834,0.0,0.1556,133392,125092,146741,137611,2025
225767,Stamford,CT,2023,False,136309,2020,271,78,0,0,231,0,5,0,3359,412,2993958,0,2609992,49374,reported,reported,R,R,1.988,1.695,0.0,0.1509,132574,135584,140075,143256,2025
225767,Stamford,CT,2024,False,136188,2020,280,83,0,0,239,0,5,0,3460,443,3185883,0,2777303,52541,imputed,imputed,G,G,2.056,1.755,0.0,0.1514,136538,139446,140131,143115,2025
225767,Stamford,CT,2025,False,136226,2020,284,89,0,0,242,0,5,0,3415,456,3349701,0,2920111,55242,imputed,imputed,G,G,2.085,1.776,0.0,0.1555,141537,144799,141537,144799,2025
101696,Waterbury,CT,2012,True,110366,2010,286,0,63,76,234,0,10,0,3584,663,2030013,180533,1341600,42084,reported,reported,R,CR,2.591,2.12,0.1805,0.1655,85175,68800,119435,96473,2025
101696,Waterbury,CT,2013,False,110366,2010,270,0,74,11,229,0,7,0,3792,748,1808815,178341,1328350,23013,reported,reported,R,R,2.446,2.075,0.2151,0.153,80392,69608,111101,96197,2025
101696,Waterbury,CT,2014,False,110366,2010,228,0,55,78,226,0,10,0,3803,815,1964906,191237,1346317,52220,reported,reported,R,R,2.066,2.048,0.1943,0.1365,103416,71486,140638,97216,2025
101696,Waterbury,CT,2015,False,110366,2010,264,0,63,69,224,0,10,0,3831,815,1895265,233315,1364735,50379,reported,reported,R,R,2.392,2.03,0.1927,0.1464,86148,73111,117016,99308,2025
101696,Waterbury,CT,2016,False,110366,2010,279,0,54,80,223,0,6,1,3842,849,1961826,211210,1476825,32548,reported,reported,R,R,2.528,2.021,0.1622,0.1463,84380,79470,113186,106600,2025
101696,Waterbury,CT,2017,True,108802,2010,266,0,38,72,219,0,7,1,3794,807,2035872,158760,1305113,32196,reported,reported,R,R,2.445,2.013,0.125,0.1397,91844,71513,120629,93926,2025
101696,Waterbury,CT,2018,False,108802,2010,271,0,43,72,210,0,8,1,3758,601,2183706,138614,1426394,45311,reported,reported,R,R,2.491,1.93,0.1369,0.1416,96695,81508,123972,104501,2025
101696,Waterbury,CT,2019,False,108629,2010,291,0,43,71,219,0,7,1,3703,779,2271563,181357,1489050,40927,reported,reported,R,R,2.679,2.016,0.1287,0.1512,93673,81592,117960,102747,2025
101696,Waterbury,CT,2020,False,107568,2010,289,0,51,76,207,0,9,1,3638,829,2401707,227277,1537954,53541,reported,reported,R,R,2.687,1.924,0.15,0.1528,99725,89157,124051,110905,2025
101696,Waterbury,CT,2021,False,107568,2020,283,0,51,65,217,0,9,1,3522,570,2442145,222576,1663650,63094,reported,reported,R,R,2.631,2.017,0.1527,0.159,103554,91999,123034,109305,2025
101696,Waterbury,CT,2022,True,106826,2020,312,0,56,65,224,0,7,0,3479,536,2715597,246502,1732112,42122,imputed,imputed,TX,RX,2.921,2.097,0.1522,0.1722,104446,92792,114899,102078,2025
101696,Waterbury,CT,2023,False,113811,2020,291,0,34,62,215,0,7,0,3428,564,2621382,184273,1591199,44383,reported,reported,CR,R,2.557,1.889,0.1046,0.1596,108098,88811,114215,93836,2025
101696,Waterbury,CT,2024,False,115016,2020,270,0,56,66,226,0,8,0,3441,569,2677510,276381,1652273,49267,reported,reported,R,R,2.347,1.965,0.1718,0.1627,119000,87731,122131,90039,2025
101696,Waterbury,CT,2025,False,114990,2020,316,0,63,62,215,0,7,1,3230,530,3362690,444004,1664802,53300,imputed,reported,CRX,R,2.748,1.87,0.1662,0.1861,127697,92919,127697,92919,2025
124214,Washington Dc,DC,2012,True,601723,2010,3797,0,589,0,1759,0,94,0,31488,3225,27256112,3394684,10674990,651314,reported,reported,CR,R,6.31,2.923,0.1343,0.1981,86140,72825,120788,102117,2025
124214,Washington Dc,DC,2013,False,601723,2010,3903,0,574,2,1744,0,96,0,31841,3630,27509377,3350823,11012569,583170,reported,reported,R,R,6.486,2.898,0.1282,0.1984,84579,75775,116887,104720,2025
124214,Washington Dc,DC,2014,False,601723,2010,3960,0,631,0,1726,0,106,0,32959,3462,27978738,3969041,11017143,652092,reported,reported,CR,R,6.581,2.868,0.1374,0.1949,84784,76597,115300,104166,2025
124214,Washington Dc,DC,2015,False,601723,2010,3939,0,537,1,1700,0,131,0,32348,3429,30662286,3575006,11752685,858197,reported,imputed,R,RX,6.546,2.825,0.12,0.195,93411,82960,126881,112686,2025
124214,Washington Dc,DC,2016,False,601723,2010,3766,0,583,1,1693,0,130,0,32459,3781,28821515,3826286,12782181,881828,reported,reported,R,CR,6.259,2.814,0.1341,0.1901,91837,90600,123189,121530,2025
124214,Washington Dc,DC,2017,True,672228,2010,4206,0,605,1,1756,0,127,1,37753,3131,34394152,4767638,13685645,944546,prorated,reported,CRT,R,6.257,2.612,0.1258,0.1773,98129,93524,128884,122835,2025
124214,Washington Dc,DC,2018,False,672228,2010,3823,0,747,3,1781,0,134,1,38014,3248,29701680,5021852,14131452,1057691,reported,reported,R,R,5.687,2.649,0.1635,0.1706,93230,95215,119530,122075,2025
124214,Washington Dc,DC,2019,False,701547,2010,4474,1,314,0,1827,0,202,4,36911,3551,34641387,2484204,14659995,1492243,reported,prorated,R,T,6.377,2.604,0.0656,0.1847,92914,96289,117004,121255,2025
124214,Washington Dc,DC,2020,False,705749,2010,4484,1,305,0,1831,0,200,0,36883,3206,36917475,2583793,15262934,1534084,reported,reported,R,R,6.354,2.594,0.0637,0.1849,98798,100030,122898,124430,2025
124214,Washington Dc,DC,2021,False,705749,2020,4291,1,317,2,1859,0,200,0,37455,2653,37749815,2657453,16982039,1625771,reported,reported,R,R,6.08,2.634,0.0688,0.178,105569,109620,125428,130241,2025
124214,Washington Dc,DC,2022,True,712816,2020,4092,0,311,0,1852,0,206,0,36717,2630,43567112,2738218,17254928,1710565,reported,reported,R,R,5.741,2.598,0.0706,0.176,127763,111803,140549,122992,2025
124214,Washington Dc,DC,2023,False,670050,2020,3979,18,306,1,1838,0,210,0,37539,2535,40666436,2883016,18521893,1936511,reported,reported,R,R,5.938,2.743,0.0714,0.1687,122643,120926,129583,127768,2025
124214,Washington Dc,DC,2024,False,671803,2020,3978,13,328,0,1994,0,163,0,38690,2653,44819447,2941809,19554546,1443703,reported,reported,R,R,5.921,2.968,0.0762,0.167,135202,117680,138760,120776,2025
124214,Washington Dc,DC,2025,False,678972,2020,3907,21,316,0,1972,0,212,0,38646,2745,44804097,2937183,20352189,1937283,reported,reported,R,R,5.754,2.904,0.0748,0.1658,137612,123847,137612,123847,2025
161649,Cape Coral,FL,2012,True,154305,2010,225,0,73,21,193,0,5,2,1180,398,1155120,169869,976420,25232,reported,reported,R,R,1.458,1.251,0.245,0.4203,61606,60710,86386,85129,2025
161649,Cape Coral,FL,2013,False,154305,2010,306,0,24,19,192,0,5,2,1236,367,1134892,83594,994513,25231,reported,imputed,CR,AR,1.983,1.244,0.0727,0.4264,44506,62157,61507,85900,2025
161649,Cape Coral,FL,2014,False,154305,2010,254,0,43,22,254,0,9,2,1259,388,1233508,201644,1129786,44813,reported,imputed,R,AR,1.646,1.646,0.1448,0.4448,58276,53376,79251,72587,2025
161649,Cape Coral,FL,2015,False,154305,2010,257,0,36,17,192,0,7,1,1262,372,1170934,239562,917174,42276,reported,reported,R,CR,1.666,1.244,0.1229,0.3899,54674,57323,74264,77863,2025
161649,Cape Coral,FL,2016,False,154305,2010,204,0,29,14,153,0,6,1,1004,296,1151491,235585,901945,41575,prorated,prorated,T,T,1.322,0.992,0.1245,0.3904,67735,70741,90859,94891,2025
161649,Cape Coral,FL,2017,True,175229,2010,231,0,78,0,195,0,14,0,1290,291,1480934,368459,1330684,87566,reported,reported,R,R,1.318,1.113,0.2524,0.4016,76932,81888,101043,107552,2025
161649,Cape Coral,FL,2018,False,175229,2010,242,0,85,6,198,0,14,1,1374,347,1518231,410791,1434555,82809,reported,reported,R,R,1.381,1.13,0.2599,0.3923,75284,86943,96521,111469,2025
161649,Cape Coral,FL,2019,False,183365,2010,251,2,76,5,199,0,16,1,1355,353,1615356,398166,1458170,126437,reported,reported,R,R,1.369,1.085,0.2324,0.4,77228,87930,97251,110728,2025
161649,Cape Coral,FL,2020,False,194495,2010,254,2,77,5,201,0,16,1,1371,362,1696836,418250,1531722,132815,imputed,imputed,G,G,1.306,1.033,0.2326,0.3997,80165,91446,99720,113753,2025
161649,Cape Coral,FL,2021,False,194495,2020,252,2,76,5,199,0,16,1,1358,343,1734771,427601,1565966,135784,imputed,imputed,G,G,1.296,1.023,0.2317,0.3999,82608,94430,98148,112194,2025
161649,Cape Coral,FL,2022,True,200972,2020,251,1,75,4,198,0,15,1,1343,320,1828093,450604,1650207,143088,imputed,imputed,G,G,1.249,0.985,0.2301,0.4013,87399,100013,96146,110022,2025
161649,Cape Coral,FL,2023,False,204510,2020,256,1,76,4,202,0,15,1,1366,344,1993774,491442,1799766,156056,imputed,imputed,G,G,1.252,0.988,0.2289,0.4019,93458,106917,98746,112967,2025
161649,Cape Coral,FL,2024,False,216992,2020,264,1,78,5,209,0,15,1,1410,401,2190112,539837,1976999,171424,imputed,imputed,G,G,1.217,0.963,0.2281,0.4014,99551,113512,102170,116499,2025
161649,Cape Coral,FL,2025,False,224455,2020,269,1,80,5,213,0,15,1,1438,393,2345653,578176,2117405,183599,imputed,imputed,G,G,1.198,0.949,0.2292,0.4013,104639,119290,104639,119290,2025
207684,Clearwater,FL,2012,True,107685,2010,199,0,131,104,179,0,10,0,1515,262,1297543,583531,922303,64613,reported,reported,R,R,1.848,1.662,0.397,0.3426,78244,61830,109716,86700,2025
207684,Clearwater,FL,2013,False,107685,2010,228,0,83,106,176,0,12,0,1529,280,1605577,300750,1079214,74154,reported,reported,R,R,2.117,1.634,0.2669,0.3264,84504,73583,116783,101691,2025
207684,Clearwater,FL,2014,False,107685,2010,230,0,47,99,176,0,9,0,1518,280,1593285,162037,1019059,61398,reported,reported,R,R,2.136,1.634,0.1697,0.3043,83128,69481,113048,94489,2025
207684,Clearwater,FL,2015,False,107685,2010,227,0,46,99,174,0,10,0,1511,268,1598314,162440,1068054,68550,reported,reported,R,R,2.108,1.616,0.1685,0.3024,84492,73659,114766,100052,2025
207684,Clearwater,FL,2016,False,107685,2010,225,0,50,95,182,0,12,0,1570,271,1623576,182632,1108060,86242,reported,reported,R,R,2.089,1.69,0.1818,0.2987,86591,73059,116152,98001,2025
207684,Clearwater,FL,2017,True,113003,2010,229,0,83,86,180,0,10,0,1559,258,1670386,295891,1216112,65178,reported,reported,CR,R,2.026,1.593,0.266,0.322,87531,81074,114964,106483,2025
207684,Clearwater,FL,2018,False,113003,2010,235,0,87,80,169,0,15,0,1578,288,1731296,323677,1172641,120630,reported,reported,CR,R,2.08,1.496,0.2702,0.3207,88407,83264,113346,106752,2025
207684,Clearwater,FL,2019,False,115513,2010,239,3,90,80,172,0,17,0,1603,300,1433336,321849,956986,117685,reported,reported,CR,R,2.069,1.489,0.2736,0.3231,71967,66766,90626,84077,2025
207684,Clearwater,FL,2020,False,116946,2010,242,3,84,79,93,0,17,0,1615,512,1529166,314451,571709,157597,reported,reported,R,R,2.069,0.795,0.2577,0.27,75826,73769,94322,91764,2025
207684,Clearwater,FL,2021,False,116946,2020,237,0,89,72,95,0,21,0,1596,229,1823351,227505,759467,174182,reported,reported,R,R,2.027,0.812,0.273,0.2769,92322,95933,109689,113979,2025
207684,Clearwater,FL,2022,True,116552,2020,233,3,80,63,99,0,9,0,1470,294,1950396,334716,979170,87980,reported,reported,R,R,1.999,0.849,0.2556,0.2864,100450,118687,110503,130565,2025
207684,Clearwater,FL,2023,False,116674,2020,286,0,73,54,183,0,7,0,1749,250,2210781,386974,1699717,47895,reported,reported,R,R,2.451,1.568,0.2033,0.3139,92760,111457,98009,117764,2025
207684,Clearwater,FL,2024,False,117027,2020,237,0,103,61,184,0,28,16,1729,262,2080867,579825,1406630,226844,reported,reported,R,R,2.025,1.572,0.3029,0.3193,105360,91737,108132,94151,2025
207684,Clearwater,FL,2025,False,116850,2020,240,0,105,76,190,0,8,0,1758,278,1715256,444260,1180562,34139,reported,reported,R,R,2.054,1.626,0.3043,0.3089,85763,74562,85763,74562,2025
161595,Coral Springs,FL,2012,True,121096,2010,196,7,95,4,164,9,2,9,772,154,1430734,370508,1088512,5861,reported,reported,R,R,1.619,1.354,0.3265,0.592,87596,79647,122830,111683,2025
161595,Coral Springs,FL,2013,False,121096,2010,198,7,95,5,168,9,4,9,782,163,1464871,369605,1123443,13047,reported,reported,R,R,1.635,1.387,0.3242,0.5946,88780,80246,122693,110899,2025
161595,Coral Springs,FL,2014,False,121096,2010,204,9,93,5,169,20,2,11,802,178,1586447,362166,1206863,5888,reported,reported,R,R,1.685,1.396,0.3131,0.5835,93320,85694,126908,116537,2025
161595,Coral Springs,FL,2015,False,121096,2010,200,7,90,5,168,28,3,12,799,182,1574643,376291,1231597,9955,reported,reported,R,R,1.652,1.387,0.3103,0.577,94479,87971,128332,119492,2025
161595,Coral Springs,FL,2016,False,121096,2010,199,13,95,6,176,32,3,11,816,195,1640146,408671,1298145,10091,reported,reported,R,R,1.643,1.453,0.3231,0.5797,98903,88510,132667,118726,2025
161595,Coral Springs,FL,2017,True,129485,2010,187,14,112,5,174,41,4,12,824,205,1574311,507676,1372727,13270,reported,reported,R,R,1.444,1.344,0.3746,0.5789,101025,94671,132687,124342,2025
161595,Coral Springs,FL,2018,False,129485,2010,179,17,119,6,179,53,5,11,829,222,1633377,569218,1430809,15028,reported,reported,R,R,1.382,1.382,0.3993,0.5814,109500,95920,140389,122979,2025
161595,Coral Springs,FL,2019,False,133037,2010,219,13,87,10,174,65,11,13,842,241,1912618,376564,1455501,47155,reported,reported,R,R,1.646,1.308,0.2843,0.5831,104801,100379,131973,126405,2025
161595,Coral Springs,FL,2020,False,133759,2010,215,15,87,6,186,64,10,11,855,262,1887842,406740,1577497,43420,reported,reported,R,R,1.607,1.391,0.2881,0.5825,105368,101774,131071,126600,2025
161595,Coral Springs,FL,2021,False,133759,2020,213,14,92,6,191,60,10,13,866,257,1964937,429890,1737178,50289,reported,reported,R,R,1.592,1.428,0.3016,0.5843,110701,109142,131525,129673,2025
161595,Coral Springs,FL,2022,True,133519,2020,217,17,102,6,190,62,11,11,882,247,2009298,515007,1818283,55311,reported,reported,R,R,1.625,1.423,0.3197,0.5896,111113,114839,122233,126332,2025
161595,Coral Springs,FL,2023,False,132822,2020,217,1,104,18,194,54,7,5,885,217,2078101,639284,1827871,43823,reported,reported,R,R,1.634,1.461,0.324,0.5898,114918,113064,121420,119462,2025
161595,Coral Springs,FL,2024,False,133369,2020,217,3,105,23,194,68,6,2,901,261,2118786,740222,1861517,31908,reported,reported,R,R,1.627,1.455,0.3261,0.5794,117168,115145,120251,118175,2025
161595,Coral Springs,FL,2025,False,134906,2020,219,2,105,15,201,73,6,5,943,256,2327398,788476,2109904,38305,reported,reported,R,R,1.623,1.49,0.3241,0.5631,127529,125964,127529,125964,2025
161594,Davie,FL,2012,True,91992,2010,167,0,63,1,132,0,10,0,590,41,1495391,318988,1343031,59195,reported,reported,R,R,1.815,1.435,0.2739,0.6305,107453,122094,150674,171204,2025
161594,Davie,FL,2013,False,91992,2010,171,0,65,3,146,0,8,0,602,39,1614039,327621,1300559,38526,reported,reported,R,R,1.859,1.587,0.2754,0.6478,113266,106895,156532,147727,2025
161594,Davie,FL,2014,False,91992,2010,178,0,60,2,146,0,7,0,601,35,1611706,315697,1377569,35415,reported,reported,R,R,1.935,1.587,0.2521,0.6506,108654,113225,147761,153977,2025
161594,Davie,FL,2015,False,91992,2010,175,0,62,3,139,0,5,0,597,41,1767715,336261,1450091,28799,reported,reported,R,R,1.902,1.511,0.2616,0.6382,121215,125188,164648,170044,2025
161594,Davie,FL,2016,False,91992,2010,179,0,61,4,143,0,9,0,617,40,1968868,336140,1328405,57182,reported,reported,R,R,1.946,1.554,0.2542,0.6353,131991,111475,177051,149531,2025
161594,Davie,FL,2017,True,100882,2010,185,0,58,2,149,0,11,0,645,37,1650732,269574,1116241,48821,reported,reported,R,R,1.834,1.477,0.2387,0.6248,107075,89899,140633,118074,2025
161594,Davie,FL,2018,False,100882,2010,184,0,60,4,161,0,16,0,673,40,1689748,283774,1211234,93272,reported,reported,R,R,1.824,1.596,0.2459,0.6256,110201,90278,141288,115745,2025
161594,Davie,FL,2019,False,105149,2010,191,0,61,1,165,0,15,1,677,36,1765187,286684,1298276,91497,reported,reported,R,R,1.816,1.569,0.2421,0.6381,110902,94420,139656,118901,2025
161594,Davie,FL,2020,False,106306,2010,189,0,71,3,165,0,16,1,695,43,2084918,432417,1806288,125674,reported,reported,R,R,1.778,1.552,0.2731,0.6345,132376,131366,164667,163410,2025
161594,Davie,FL,2021,False,106306,2020,199,0,65,4,166,0,15,0,701,40,2173311,395303,2001975,124567,reported,reported,R,R,1.872,1.562,0.2462,0.6348,131054,144721,155707,171945,2025
161594,Davie,FL,2022,True,106621,2020,201,0,59,2,158,0,17,0,685,37,2351744,385431,1927354,137472,reported,reported,R,R,1.885,1.482,0.2269,0.635,140403,146381,154454,161030,2025
161594,Davie,FL,2023,False,104882,2020,191,3,64,4,167,0,14,1,692,48,2295322,431028,2033858,126441,reported,reported,R,R,1.821,1.592,0.251,0.6301,144209,146145,152369,154414,2025
161594,Davie,FL,2024,False,106513,2020,199,3,74,2,169,0,16,0,721,48,2466282,515401,2371627,159577,reported,reported,R,R,1.868,1.587,0.2711,0.6352,148721,168400,152634,172831,2025
161594,Davie,FL,2025,False,107799,2020,193,5,79,3,170,0,15,0,725,46,2421233,553826,2135501,154217,reported,reported,R,R,1.79,1.577,0.2904,0.6303,150543,150741,150543,150741,2025
161585,Fort Lauderdale,FL,2012,True,165521,2010,505,23,150,13,301,58,149,29,2186,521,3663035,658958,2240107,1103337,reported,reported,C,R,3.051,1.819,0.229,0.5055,87042,89307,122053,125229,2025
161585,Fort Lauderdale,FL,2013,False,165521,2010,402,23,129,13,276,33,137,16,2166,478,2916491,564546,2055714,1012515,imputed,imputed,ACR,AR,2.429,1.667,0.2429,0.4358,87059,89379,120314,123520,2025
161585,Fort Lauderdale,FL,2014,False,165521,2010,502,17,129,21,283,44,140,21,2164,422,4044393,561840,2128929,1048577,reported,reported,C,R,3.033,1.71,0.2044,0.4871,96679,90273,131476,122764,2025
161585,Fort Lauderdale,FL,2015,False,165521,2010,523,0,164,21,294,24,146,11,2273,395,4642480,727703,2180299,1073880,imputed,prorated,CX,T,3.16,1.776,0.2387,0.4958,106520,88992,144687,120879,2025
161585,Fort Lauderdale,FL,2016,False,165521,2010,523,0,164,32,275,43,136,20,2161,404,4642480,700206,2116919,1042661,reported,prorated,C,T,3.16,1.661,0.2387,0.5081,106520,92375,142885,123911,2025
161585,Fort Lauderdale,FL,2017,True,178590,2010,505,0,110,26,374,22,92,29,2348,414,4378921,503407,2784971,615773,reported,reported,R,R,2.828,2.094,0.1789,0.4604,104054,89357,136666,117362,2025
161585,Fort Lauderdale,FL,2018,False,178590,2010,493,0,131,17,211,22,64,25,2066,390,4661760,320988,1456424,680215,reported,reported,CR,CR,2.761,1.181,0.2099,0.4351,113471,82830,145481,106196,2025
161585,Fort Lauderdale,FL,2019,False,180072,2010,501,0,153,23,369,0,99,26,2518,394,4982300,756194,3256887,720954,reported,reported,R,R,2.782,2.049,0.2339,0.4456,119337,105915,150278,133376,2025
161585,Fort Lauderdale,FL,2020,False,182437,2010,501,0,179,11,369,10,98,0,2532,377,4823821,924464,3231743,782624,reported,reported,R,R,2.746,2.023,0.2632,0.453,115541,105097,143725,130733,2025
161585,Fort Lauderdale,FL,2021,False,182437,2020,488,0,204,7,369,10,98,0,2668,288,4834931,1145891,3352110,811773,reported,imputed,CR,X,2.675,2.023,0.2948,0.4344,118892,109012,141257,129519,2025
161585,Fort Lauderdale,FL,2022,True,184245,2020,515,0,107,11,368,25,97,29,2326,393,4411292,540034,2825563,642229,reported,reported,R,R,2.795,1.997,0.172,0.4673,102787,92138,113074,101359,2025
161585,Fort Lauderdale,FL,2023,False,181668,2020,532,0,155,9,392,45,98,30,2486,427,5435360,661330,3955965,544003,reported,reported,R,R,2.928,2.158,0.2256,0.4735,122602,121101,129539,127953,2025
161585,Fort Lauderdale,FL,2024,False,183146,2020,612,0,158,12,412,47,101,28,2626,462,5863203,691865,4263972,590420,reported,reported,R,R,3.342,2.25,0.2052,0.4886,114965,124193,117990,127461,2025
161585,Fort Lauderdale,FL,2025,False,184255,2020,545,0,162,8,425,48,105,36,2547,455,6879042,1145988,4843790,658660,reported,imputed,R,TX,2.958,2.307,0.2291,0.4857,151465,136766,151465,136766,2025
161572,Gainesville,FL,2012,True,124354,2010,317,0,62,14,152,0,8,2,2060,117,1590437,182464,871833,28221,reported,reported,R,R,2.549,1.222,0.1636,0.2617,60206,68829,84423,96514,2025
161572,Gainesville,FL,2013,False,124354,2010,316,0,62,14,151,0,8,2,2052,116,1586249,181983,869536,28146,imputed,imputed,G,G,2.541,1.214,0.164,0.2617,60237,69102,83247,95498,2025
161572,Gainesville,FL,2014,False,124354,2010,288,0,70,33,148,0,10,2,2033,152,1495320,252163,813223,58039,reported,reported,R,R,2.316,1.19,0.1955,0.2538,62305,65937,84730,89669,2025
161572,Gainesville,FL,2015,False,124354,2010,275,26,80,8,139,2,22,0,1991,162,1341873,365193,745056,145173,reported,reported,R,R,2.211,1.118,0.2254,0.2592,58554,64321,79535,87368,2025
161572,Gainesville,FL,2016,False,124354,2010,284,0,69,31,165,0,6,1,2022,132,1470605,238879,1064987,25816,reported,reported,R,R,2.284,1.327,0.1955,0.2591,62138,77454,83351,103896,2025
161572,Gainesville,FL,2017,True,130128,2010,277,0,70,37,150,0,25,3,2085,157,1506713,248308,786906,168365,reported,reported,R,R,2.129,1.153,0.2017,0.2504,65273,62952,85730,82682,2025
161572,Gainesville,FL,2018,False,130128,2010,262,30,49,5,125,1,18,0,1924,171,1450849,249962,760999,185500,reported,reported,R,R,2.013,0.961,0.1576,0.236,66451,73056,85196,93665,2025
161572,Gainesville,FL,2019,False,132249,2010,245,0,66,23,162,0,22,0,2190,159,1325892,429466,878611,181127,reported,reported,CR,R,1.853,1.225,0.2122,0.226,64942,65082,81780,81956,2025
161572,Gainesville,FL,2020,False,133997,2010,248,0,67,24,164,0,22,0,2215,163,1392772,451129,922929,190263,imputed,imputed,G,G,1.851,1.224,0.2127,0.2262,67392,67531,83831,84004,2025
161572,Gainesville,FL,2021,False,133997,2020,246,0,66,23,163,0,22,0,2199,154,1423909,461215,943562,194517,imputed,imputed,G,G,1.836,1.216,0.2115,0.226,69459,69465,82525,82532,2025
161572,Gainesville,FL,2022,True,135004,2020,245,0,65,21,162,0,21,0,2178,143,1500508,486026,994321,204981,imputed,imputed,G,G,1.815,1.2,0.2097,0.2264,73494,73653,80849,81024,2025
161572,Gainesville,FL,2023,False,140398,2020,250,0,66,23,165,0,21,0,2216,155,1636500,530075,1084437,223558,imputed,imputed,G,G,1.781,1.175,0.2089,0.2265,78552,78868,82997,83331,2025
161572,Gainesville,FL,2024,False,145214,2020,258,0,68,27,170,0,22,0,2288,180,1797656,582275,1191228,245573,imputed,imputed,G,G,1.777,1.171,0.2086,0.2264,83612,84087,85812,86300,2025
161572,Gainesville,FL,2025,False,145812,2020,263,0,69,26,173,0,22,0,2332,176,1925325,623628,1275829,263014,imputed,imputed,G,G,1.804,1.186,0.2078,0.226,87848,88497,87848,88497,2025
161604,Hialeah,FL,2012,True,224669,2010,312,0,123,47,254,0,51,0,1404,416,1947419,501075,1678265,263919,imputed,imputed,G,G,1.389,1.131,0.2828,0.5271,74901,79288,105028,111180,2025
161604,Hialeah,FL,2013,False,224669,2010,331,42,123,46,274,0,83,0,1373,448,1531781,503261,1586547,332005,imputed,reported,ARX,CR,1.473,1.22,0.2709,0.5907,55533,69484,76746,96026,2025
161604,Hialeah,FL,2014,False,224669,2010,331,42,123,46,274,0,83,0,1373,446,1587453,521552,1644209,344072,imputed,imputed,G,G,1.473,1.22,0.2709,0.5907,57551,72009,78265,97927,2025
161604,Hialeah,FL,2015,False,224669,2010,332,41,123,44,275,0,83,0,1375,430,1622889,533194,1680912,351753,imputed,imputed,G,G,1.478,1.224,0.2703,0.5913,58659,73349,79677,99631,2025
161604,Hialeah,FL,2016,False,224669,2010,251,0,93,41,225,0,68,0,1196,264,1686061,553948,1939407,405845,prorated,prorated,T,T,1.117,1.001,0.2703,0.5326,80608,103435,108127,138747,2025
161604,Hialeah,FL,2017,True,237069,2010,240,0,89,46,244,0,41,0,1094,303,1617190,531322,1960557,250431,prorated,reported,T,R,1.012,1.029,0.2705,0.5612,80860,96421,106202,126640,2025
161604,Hialeah,FL,2018,False,237069,2010,244,0,90,43,249,1,40,10,1077,310,1629444,535348,2049999,227064,prorated,reported,T,R,1.029,1.05,0.2695,0.5785,80137,98795,102743,126665,2025
161604,Hialeah,FL,2019,False,239673,2010,248,0,92,43,263,2,38,11,1116,289,1973566,648409,2008603,271279,prorated,reported,T,R,1.035,1.097,0.2706,0.5744,95495,91647,120255,115409,2025
161604,Hialeah,FL,2020,False,233339,2010,240,0,89,38,247,2,35,10,1099,268,1846453,606648,1910572,259955,prorated,reported,T,R,1.029,1.059,0.2705,0.556,92323,92821,114843,115463,2025
161604,Hialeah,FL,2021,False,233339,2020,253,0,94,40,249,2,36,8,1130,189,1920384,630936,2322790,246370,prorated,reported,T,R,1.084,1.067,0.2709,0.5593,91085,111942,108219,133000,2025
161604,Hialeah,FL,2022,True,232027,2020,260,0,96,39,242,2,35,8,1116,208,2015299,662120,3094416,301840,prorated,reported,T,R,1.121,1.043,0.2697,0.5672,93014,153442,102323,168798,2025
161604,Hialeah,FL,2023,False,220490,2020,264,0,98,42,239,2,33,8,1095,208,2102847,690749,2384972,275041,prorated,reported,T,R,1.197,1.084,0.2707,0.579,95584,119748,100992,126524,2025
161604,Hialeah,FL,2024,False,220292,2020,263,0,98,42,245,2,35,8,1149,260,2329214,765107,2562309,304416,prorated,reported,T,R,1.194,1.112,0.2715,0.5579,106276,125501,109072,128803,2025
161604,Hialeah,FL,2025,False,221300,2020,272,0,101,36,243,2,34,8,1216,190,2350300,772033,2548678,299686,prorated,reported,T,R,1.229,1.098,0.2708,0.5345,103690,125861,103690,125861,2025
161586,Hollywood,FL,2012,True,140768,2010,300,0,150,13,216,0,37,37,1213,174,1923098,644025,1463789,177854,reported,reported,R,R,2.131,1.534,0.3333,0.5796,76924,81322,107865,114032,2025
161586,Hollywood,FL,2013,False,140768,2010,287,0,144,13,207,0,39,35,1188,184,1752461,599088,1258269,183178,reported,reported,R,R,2.039,1.471,0.3341,0.5699,73274,72943,101264,100806,2025
161586,Hollywood,FL,2014,False,140768,2010,287,0,144,13,207,0,39,35,1188,183,1816388,620942,1304169,189859,imputed,imputed,G,G,2.039,1.471,0.3341,0.5699,75947,75604,103282,102816,2025
161586,Hollywood,FL,2015,False,140768,2010,288,0,144,13,207,0,39,34,1189,178,1856935,634803,1333282,194097,imputed,imputed,G,G,2.046,1.471,0.3333,0.5702,77372,77292,105095,104987,2025
161586,Hollywood,FL,2016,False,140768,2010,289,0,144,13,208,0,39,35,1191,182,1926562,658606,1383275,201375,imputed,imputed,G,G,2.053,1.478,0.3326,0.5709,79996,79804,107306,107048,2025
161586,Hollywood,FL,2017,True,149728,2010,298,0,149,13,215,0,40,34,1228,177,2014829,688781,1446651,210601,imputed,imputed,G,G,1.99,1.436,0.3333,0.5717,81134,80743,106562,106049,2025
161586,Hollywood,FL,2018,False,149728,2010,309,0,88,8,225,0,37,35,1190,189,2610157,463842,1867930,203490,reported,reported,R,R,2.064,1.503,0.2217,0.5538,101365,99623,129960,127726,2025
161586,Hollywood,FL,2019,False,153627,2010,303,0,81,11,231,0,38,37,1188,192,2485581,397352,1900614,199611,reported,reported,R,R,1.972,1.504,0.2109,0.5497,98439,98733,123962,124332,2025
161586,Hollywood,FL,2020,False,154817,2010,323,0,86,12,247,0,41,39,1269,203,2743458,438577,2097801,220321,imputed,imputed,TX,TX,2.086,1.595,0.2103,0.5493,101924,101917,126786,126778,2025
161586,Hollywood,FL,2021,False,154817,2020,317,0,114,22,234,0,39,43,1243,192,2644562,570137,2215196,203613,reported,reported,R,R,2.048,1.511,0.2645,0.5664,100110,113600,118942,134970,2025
161586,Hollywood,FL,2022,True,154611,2020,315,0,113,20,233,0,38,40,1226,178,2786825,600807,2334362,214567,imputed,imputed,G,G,2.037,1.507,0.264,0.5701,106165,120225,116790,132257,2025
161586,Hollywood,FL,2023,False,152131,2020,324,1,131,34,255,0,31,42,1277,219,2945767,777414,2339646,212743,reported,reported,CR,R,2.13,1.676,0.2879,0.5803,109102,110101,115275,116331,2025
161586,Hollywood,FL,2024,False,152650,2020,313,13,126,2,294,0,11,23,1275,179,3003160,792559,3143144,102874,prorated,reported,T,R,2.05,1.926,0.287,0.5835,115137,128292,118167,131668,2025
161586,Hollywood,FL,2025,False,153859,2020,319,13,129,2,300,0,11,23,1301,176,3216445,848846,3366370,110181,imputed,imputed,G,G,2.073,1.95,0.2879,0.5834,120995,134655,120995,134655,2025
101942,Jacksonville,FL,2012,True,821784,2010,1607,0,630,416,1167,0,85,0,9974,579,9271077,2162538,5994200,331412,reported,reported,R,R,1.956,1.42,0.2816,0.3498,69230,61637,97076,86429,2025
101942,Jacksonville,FL,2013,False,821784,2010,1577,0,408,303,1036,0,89,0,9273,527,8983376,1308835,5052642,345519,reported,imputed,R,ACR,1.919,1.261,0.2055,0.3354,68358,58525,94470,80881,2025
101942,Jacksonville,FL,2014,False,821784,2010,1570,0,537,324,1169,0,62,0,9342,546,9125355,1923045,5613549,240173,reported,reported,C,R,1.91,1.423,0.2549,0.3573,69748,57624,94852,78364,2025
101942,Jacksonville,FL,2015,False,821784,2010,1598,0,539,320,1226,0,70,0,9788,581,9069152,1939927,5910301,257229,reported,reported,C,R,1.945,1.492,0.2522,0.3507,68104,57850,92506,78578,2025
101942,Jacksonville,FL,2016,False,821784,2010,1584,0,539,0,1209,0,86,0,9667,9,7738774,2083840,5808136,342140,reported,reported,CR,R,1.928,1.471,0.2539,0.3536,58627,57649,78642,77330,2025
101942,Jacksonville,FL,2017,True,868031,2010,1635,0,556,0,1248,0,89,0,9082,9,8093332,2179313,6074240,357815,imputed,imputed,G,G,1.884,1.438,0.2538,0.3885,59401,58406,78018,76711,2025
101942,Jacksonville,FL,2018,False,868031,2010,1667,0,567,0,1272,0,91,0,9248,9,8623732,2322135,6472318,381265,imputed,imputed,G,G,1.92,1.465,0.2538,0.3889,62078,61060,79590,78285,2025
101942,Jacksonville,FL,2019,False,892062,2010,1756,0,670,318,1580,1,107,3,9586,425,9412326,2843349,8329079,465724,imputed,imputed,G,G,1.968,1.771,0.2762,0.4291,64321,63259,80998,79661,2025
101942,Jacksonville,FL,2020,False,911507,2010,1795,0,685,325,1615,1,110,3,9719,433,9795920,2959228,8668526,484704,imputed,imputed,G,G,1.969,1.772,0.2762,0.4327,65488,64410,81463,80122,2025
101942,Jacksonville,FL,2021,False,911507,2020,1765,0,674,320,1588,1,108,3,9519,425,10117672,3056426,8953248,500625,imputed,imputed,RX,RX,1.936,1.742,0.2763,0.4344,68789,67657,81729,80384,2025
101942,Jacksonville,FL,2022,True,920570,2020,1761,0,672,304,1584,1,107,2,9581,402,10661956,3220847,9434892,527556,imputed,imputed,G,G,1.913,1.721,0.2762,0.4304,72654,71476,79925,78629,2025
101942,Jacksonville,FL,2023,False,954614,2020,1764,300,565,64,1618,10,121,2,11465,942,14095139,3999732,14563283,1156507,imputed,imputed,X,X,1.848,1.695,0.2426,0.3548,95885,108010,101310,114122,2025
101942,Jacksonville,FL,2024,False,971319,2020,1820,310,583,66,1669,11,125,2,11924,975,15222738,4319707,15728332,1249026,imputed,imputed,X,X,1.874,1.718,0.2426,0.352,100370,113086,103011,116062,2025
101942,Jacksonville,FL,2025,False,985843,2020,1870,318,599,68,1715,11,128,2,12216,998,16514140,4686164,17062626,1354986,reported,reported,R,R,1.897,1.74,0.2426,0.353,105973,119389,105973,119389,2025
184767,Lakeland,FL,2012,True,97422,2010,269,11,69,5,151,1,7,0,2025,275,1552932,324756,690742,39394,reported,reported,R,R,2.761,1.55,0.2041,0.2449,69276,54893,97141,76972,2025
184767,Lakeland,FL,2013,False,97422,2010,270,10,59,6,138,1,7,0,2006,295,1493808,266827,715636,40129,reported,reported,R,R,2.771,1.417,0.1793,0.2363,66391,62229,91751,86000,2025
184767,Lakeland,FL,2014,False,97422,2010,256,10,61,4,151,0,8,0,1996,277,1397137,282981,892107,46854,reported,reported,R,R,2.628,1.55,0.1924,0.2385,65491,70896,89063,96413,2025
184767,Lakeland,FL,2015,False,97422,2010,261,7,62,5,159,0,8,1,1994,222,1430889,303565,952971,50984,reported,reported,R,R,2.679,1.632,0.192,0.2457,65788,71922,89361,97693,2025
184767,Lakeland,FL,2016,False,97422,2010,276,9,65,5,161,0,7,1,2032,209,1546411,331702,1132140,44306,reported,reported,R,R,2.833,1.653,0.1906,0.2505,67235,84383,90188,113191,2025
184767,Lakeland,FL,2017,True,104401,2010,285,9,67,5,166,0,7,1,2096,204,1617261,346899,1184010,46336,imputed,imputed,G,G,2.73,1.59,0.1903,0.2505,68095,85591,89437,112416,2025
184767,Lakeland,FL,2018,False,104401,2010,167,5,88,4,159,0,6,0,1601,128,1093219,370373,1040573,34034,reported,reported,R,R,1.6,1.523,0.3451,0.2623,78555,78534,100715,100688,2025
184767,Lakeland,FL,2019,False,108054,2010,191,5,93,5,162,0,7,0,1773,135,1281894,432789,1119598,37247,reported,reported,R,R,1.768,1.499,0.3275,0.2555,80538,82933,101420,104436,2025
184767,Lakeland,FL,2020,False,112136,2010,222,6,102,6,163,0,9,0,1958,177,1514784,475294,1130016,49525,reported,reported,R,R,1.98,1.454,0.3148,0.2533,81880,83191,101853,103484,2025
184767,Lakeland,FL,2021,False,112136,2020,231,6,119,6,166,0,10,0,1962,146,1468245,528073,1160732,52648,reported,reported,R,R,2.06,1.48,0.34,0.2681,76272,83908,90620,99692,2025
184767,Lakeland,FL,2022,True,115283,2020,241,0,105,1,171,0,9,1,1892,31,1722505,511857,1282785,48122,reported,reported,R,R,2.091,1.483,0.3035,0.278,85768,90020,94351,99029,2025
184767,Lakeland,FL,2023,False,115425,2020,238,0,107,1,180,0,8,0,1884,32,1854258,524674,1339898,48121,reported,reported,R,R,2.062,1.559,0.3101,0.2829,93492,89327,98782,94381,2025
184767,Lakeland,FL,2024,False,120071,2020,240,6,110,5,178,0,9,1,1923,161,1949815,587425,1415906,61291,reported,reported,R,R,1.999,1.482,0.3143,0.2793,97491,95454,100056,97966,2025
184767,Lakeland,FL,2025,False,122264,2020,250,5,104,5,191,0,7,1,1985,181,2331282,588513,1548019,41659,reported,reported,R,R,2.045,1.562,0.2938,0.2781,111902,97258,111902,97258,2025
194757,Miami,FL,2012,True,399457,2010,1234,0,243,0,652,1,89,0,3724,395,5891236,1299161,4478262,606845,reported,reported,R,R,3.089,1.632,0.1645,0.5956,57289,82422,80332,115574,2025
194757,Miami,FL,2013,False,399457,2010,988,40,414,2,705,1,69,0,3646,446,4884668,2281051,5307000,471779,reported,reported,R,R,2.473,1.765,0.2953,0.5968,59328,90332,81990,124837,2025
194757,Miami,FL,2014,False,399457,2010,988,40,414,2,705,1,69,0,3646,442,5062853,2364260,5500591,488989,imputed,imputed,G,G,2.473,1.765,0.2953,0.5968,61492,93627,83624,127326,2025
194757,Miami,FL,2015,False,399457,2010,990,39,415,2,706,1,69,0,3652,428,5175869,2417037,5623379,499905,imputed,imputed,G,G,2.478,1.767,0.2954,0.5969,62738,95582,85218,129830,2025
194757,Miami,FL,2016,False,399457,2010,993,40,416,2,708,1,69,0,3662,437,5369943,2507666,5834233,518649,imputed,imputed,G,G,2.486,1.772,0.2952,0.5969,64894,98885,87048,132643,2025
194757,Miami,FL,2017,True,441003,2010,1025,39,429,2,731,1,71,0,3778,425,5615971,2622557,6101533,542411,imputed,imputed,G,G,2.324,1.658,0.295,0.5971,65748,100162,86354,131554,2025
194757,Miami,FL,2018,False,441003,2010,1320,0,367,53,741,0,84,1,4235,706,9281803,1694675,6387118,489891,reported,reported,R,R,2.993,1.68,0.2175,0.5932,84380,103435,108183,132613,2025
194757,Miami,FL,2019,False,463347,2010,1331,0,370,54,747,0,85,1,4269,716,9632172,1758645,6628218,508383,imputed,imputed,G,G,2.873,1.612,0.2175,0.5933,86842,106477,109358,134084,2025
194757,Miami,FL,2020,False,467963,2010,1347,0,374,56,756,0,86,1,4318,737,10118030,1847353,6962553,534026,imputed,imputed,G,G,2.878,1.616,0.2173,0.5936,90138,110517,112125,137476,2025
194757,Miami,FL,2021,False,467963,2020,1359,0,380,25,776,0,94,1,4274,373,11209588,1936536,8755827,623956,reported,reported,R,R,2.904,1.658,0.2185,0.6104,98981,135399,117601,160869,2025
194757,Miami,FL,2022,True,471525,2020,1356,0,379,23,774,0,93,1,4257,352,11812612,2040712,9226851,657521,imputed,imputed,G,G,2.876,1.641,0.2184,0.6112,104536,143052,114998,157368,2025
194757,Miami,FL,2023,False,439890,2020,1310,0,374,25,773,0,115,0,4337,424,11990988,1449842,8678609,1254248,prorated,reported,RT,R,2.978,1.757,0.2221,0.593,109841,134726,116056,142349,2025
194757,Miami,FL,2024,False,449514,2020,1361,0,261,26,790,0,90,0,4124,474,13589612,1643345,9662571,987232,prorated,reported,T,R,3.028,1.757,0.1609,0.6067,119820,146773,122973,150635,2025
194757,Miami,FL,2025,False,455924,2020,1438,0,276,27,827,1,63,0,4380,571,16510607,1996234,10747571,743259,prorated,reported,T,R,3.154,1.814,0.161,0.5945,137780,155950,137780,155950,2025
214783,Miami Gardens,FL,2012,True,107167,2010,196,0,57,51,0,0,0,0,465,94,1428896,229493,0,0,reported,,R,,1.829,0.0,0.2253,0.5441,87483,,122671,,2025
214783,Miami Gardens,FL,2013,False,107167,2010,206,0,63,47,0,0,0,0,477,89,1520710,277653,0,0,reported,,R,,1.922,0.0,0.2342,0.5639,88585,,122423,,2025
214783,Miami Gardens,FL,2017,True,113187,2010,199,0,45,48,0,0,0,0,442,70,1738777,247601,0,0,reported,,R,,1.758,0.0,0.1844,0.552,104851,,137712,,2025
214783,Miami Gardens,FL,2019,False,113750,2010,206,0,46,49,0,0,0,0,456,71,1909862,271963,0,0,imputed,,G,,1.811,0.0,0.1825,0.5526,111254,,140100,,2025
214783,Miami Gardens,FL,2020,False,110001,2010,206,0,65,50,0,0,0,0,501,98,1838783,350898,0,0,reported,,R,,1.873,0.0,0.2399,0.5409,107114,,133242,,2025
214783,Miami Gardens,FL,2021,False,110001,2020,210,0,49,38,0,0,0,0,490,76,1836421,277183,0,0,reported,,R,,1.909,0.0,0.1892,0.5286,104938,,124678,,2025
214783,Miami Gardens,FL,2022,True,109131,2020,197,0,59,31,0,0,0,0,476,65,1985110,368806,0,0,reported,,R,,1.805,0.0,0.2305,0.5378,120920,,133021,,2025
214783,Miami Gardens,FL,2023,False,110867,2020,211,0,54,33,0,0,0,0,478,80,2633550,386729,0,0,reported,,R,,1.903,0.0,0.2038,0.5544,149775,,158250,,2025
214783,Miami Gardens,FL,2024,False,110497,2020,203,0,50,43,0,0,0,0,482,95,2488851,413057,0,0,reported,,R,,1.837,0.0,0.1976,0.5249,147124,,150995,,2025
214783,Miami Gardens,FL,2025,False,110717,2020,192,0,58,41,0,0,0,0,486,105,2558669,415845,0,0,reported,,R,,1.734,0.0,0.232,0.5144,159917,,159917,,2025
101927,Miramar,FL,2012,True,122041,2010,182,0,65,0,114,0,31,0,728,84,1068546,360799,859839,194708,reported,reported,R,R,1.491,0.934,0.2632,0.5385,70454,90509,98793,126914,2025
101927,Miramar,FL,2013,False,122041,2010,181,0,76,0,113,0,19,3,788,149,1216188,451307,863199,140871,reported,reported,CR,CR,1.483,0.926,0.2957,0.4937,80631,91667,111431,126682,2025
101927,Miramar,FL,2014,False,122041,2010,195,0,66,1,130,0,9,1,771,125,1629666,309688,1194098,41113,reported,reported,R,R,1.598,1.065,0.2529,0.5188,100287,110224,136383,149896,2025
101927,Miramar,FL,2015,False,122041,2010,204,1,62,1,129,0,11,2,906,171,1945150,314072,1379868,50871,reported,reported,R,R,1.672,1.057,0.2331,0.4481,114421,128360,155419,174353,2025
101927,Miramar,FL,2016,False,122041,2010,212,0,47,0,135,0,14,0,751,150,1721747,224923,1493638,70317,reported,reported,R,R,1.737,1.106,0.1815,0.5433,97457,132768,130728,178094,2025
101927,Miramar,FL,2017,True,137132,2010,206,0,80,0,135,0,12,0,790,124,1649404,394274,1255772,62786,reported,reported,R,R,1.502,0.984,0.2797,0.5481,96082,111624,126195,146608,2025
101927,Miramar,FL,2018,False,137132,2010,211,0,78,1,149,0,12,0,869,123,1736131,410604,1391995,65479,reported,reported,R,R,1.539,1.087,0.2699,0.5178,98737,112107,126590,143732,2025
101927,Miramar,FL,2019,False,140328,2010,226,1,71,0,149,0,11,0,973,165,1828134,369327,1555396,69026,reported,reported,R,R,1.611,1.062,0.2391,0.4697,97069,125267,122237,157746,2025
101927,Miramar,FL,2020,False,141191,2010,219,0,58,1,144,0,13,0,989,234,1816768,400460,1469013,72952,reported,reported,R,R,1.551,1.02,0.2094,0.4388,99549,122418,123832,152280,2025
101927,Miramar,FL,2021,False,141191,2020,206,0,74,1,142,0,13,0,920,245,1976257,480316,1520873,79305,reported,reported,R,R,1.459,1.006,0.2643,0.4728,115122,128524,136778,152701,2025
101927,Miramar,FL,2022,True,141150,2020,208,0,82,1,140,0,17,2,957,122,1945549,441232,1485905,146353,reported,reported,R,R,1.474,0.992,0.2828,0.4671,112243,127363,123476,140109,2025
101927,Miramar,FL,2023,False,135077,2020,215,0,77,1,168,0,13,0,1007,142,2169004,442901,1728582,83669,reported,reported,R,R,1.592,1.244,0.2637,0.4697,121061,123470,127911,130456,2025
101927,Miramar,FL,2024,False,137228,2020,220,0,71,2,161,0,12,3,1000,191,2212583,448865,1788654,93024,reported,reported,R,R,1.603,1.173,0.244,0.464,120686,133316,123862,136824,2025
101927,Miramar,FL,2025,False,138319,2020,240,0,76,1,160,0,13,0,1049,191,2277052,545489,2177402,80020,reported,reported,R,R,1.735,1.157,0.2405,0.4662,113853,163305,113853,163305,2025
161665,Orlando,FL,2012,True,238300,2010,737,0,225,6,488,0,72,0,2765,31,4433989,743594,3588947,238463,imputed,imputed,G,G,3.093,2.048,0.2339,0.5505,72195,88253,101234,123751,2025
161665,Orlando,FL,2013,False,238300,2010,734,0,224,6,486,0,72,0,2754,31,4422882,741731,3579957,237866,imputed,imputed,G,G,3.08,2.039,0.2338,0.5505,72309,88394,99930,122159,2025
161665,Orlando,FL,2014,False,238300,2010,728,0,223,6,482,0,72,0,2731,30,5131403,860553,4153445,275971,prorated,prorated,T,T,3.055,2.023,0.2345,0.5511,84584,103405,115028,140623,2025
161665,Orlando,FL,2015,False,238300,2010,729,0,223,6,483,0,72,0,2734,29,5245950,879763,4246161,282131,imputed,imputed,G,G,3.059,2.027,0.2342,0.5512,86353,105495,117294,143295,2025
161665,Orlando,FL,2016,False,238300,2010,722,0,221,6,503,0,68,9,2836,86,5335535,894787,3997882,460656,prorated,reported,T,R,3.03,2.111,0.2344,0.5339,88679,95377,118953,127938,2025
161665,Orlando,FL,2017,True,270934,2010,778,7,218,6,475,0,71,7,3059,144,5326278,808416,3976226,613964,prorated,reported,T,R,2.872,1.753,0.2189,0.5041,82153,100452,107901,131935,2025
161665,Orlando,FL,2018,False,270934,2010,720,11,206,156,489,0,73,7,2957,303,5835310,957168,4151636,549511,reported,reported,CR,R,2.657,1.805,0.2225,0.5032,97255,101881,124690,130621,2025
161665,Orlando,FL,2019,False,280257,2010,726,11,208,158,493,0,74,7,2984,307,6055581,993299,4308352,570254,imputed,imputed,G,G,2.59,1.759,0.2227,0.503,100092,104869,126044,132059,2025
161665,Orlando,FL,2020,False,287442,2010,735,11,210,162,499,0,75,7,3018,313,6361032,1043402,4525670,599018,imputed,imputed,G,G,2.557,1.736,0.2222,0.5033,103854,108834,129187,135382,2025
161665,Orlando,FL,2021,False,287442,2020,729,10,208,153,495,0,74,7,2993,295,6503242,1066729,4626848,612410,imputed,imputed,G,G,2.536,1.722,0.222,0.5032,107049,112166,127186,133266,2025
161665,Orlando,FL,2022,True,289457,2020,715,29,213,78,486,8,100,1,3167,935,6467296,1138291,4495739,562702,,,,,2.47,1.679,0.2295,0.4781,108542,111006,119405,122115,2025
161665,Orlando,FL,2023,False,309154,2020,728,29,216,80,495,8,102,1,3222,951,7015278,1234739,4876668,610380,imputed,imputed,X,X,2.355,1.601,0.2288,0.4783,115636,118222,122179,124911,2025
161665,Orlando,FL,2024,False,316081,2020,750,30,223,82,510,8,105,1,3321,979,7524689,1324399,5230785,654702,reported,reported,R,R,2.373,1.614,0.2292,0.4782,120395,123077,123563,126315,2025
161665,Orlando,FL,2025,False,320742,2020,820,24,242,65,531,0,115,5,3494,1023,9064445,1447735,5573956,716234,reported,reported,R,R,2.557,1.656,0.2279,0.4888,132650,125965,132650,125965,2025
184735,Palm Bay,FL,2012,True,103190,2010,158,0,75,34,123,0,14,1,702,80,693331,265214,587472,60220,reported,reported,R,R,1.531,1.192,0.3219,0.5271,52658,57314,73838,80367,2025
184735,Palm Bay,FL,2013,False,103190,2010,151,0,77,33,117,0,16,0,698,79,645199,271946,589088,74246,reported,reported,R,R,1.463,1.134,0.3377,0.5172,51274,60419,70860,83498,2025
184735,Palm Bay,FL,2014,False,103190,2010,159,0,77,32,120,0,12,0,719,67,653635,317055,619535,61714,reported,reported,R,R,1.541,1.163,0.3263,0.5118,49331,61954,67086,84253,2025
184735,Palm Bay,FL,2015,False,103190,2010,155,0,71,30,123,0,10,0,711,63,722497,255436,618388,39505,reported,reported,R,R,1.502,1.192,0.3142,0.5049,55935,60331,75977,81948,2025
184735,Palm Bay,FL,2016,False,103190,2010,146,0,74,30,126,0,10,0,732,69,609491,254906,761736,35189,reported,reported,R,R,1.415,1.221,0.3364,0.4863,50095,72546,67197,97312,2025
184735,Palm Bay,FL,2017,True,107888,2010,156,0,62,34,116,0,12,0,739,77,673541,217416,659397,44591,reported,reported,R,R,1.446,1.075,0.2844,0.4682,51811,68213,68049,89592,2025
184735,Palm Bay,FL,2018,False,107888,2010,153,0,65,38,125,0,10,1,746,78,676059,230441,607961,41259,reported,reported,R,R,1.418,1.159,0.2982,0.4732,53024,58364,67982,74828,2025
184735,Palm Bay,FL,2019,False,111657,2010,153,0,62,38,116,0,12,0,745,78,747020,231842,612868,70346,reported,reported,R,CR,1.37,1.039,0.2884,0.4604,58590,63400,73781,79838,2025
184735,Palm Bay,FL,2020,False,115552,2010,155,0,63,34,120,0,11,0,758,73,745227,285968,639143,72781,reported,reported,R,R,1.341,1.038,0.289,0.4604,57695,63914,71769,79505,2025
184735,Palm Bay,FL,2021,False,115552,2020,144,0,76,35,120,0,6,0,743,73,806350,291123,747348,49255,reported,reported,R,CR,1.246,1.038,0.3455,0.4657,67196,74735,79836,88794,2025
184735,Palm Bay,FL,2022,True,116932,2020,156,0,66,37,122,0,9,0,759,71,862119,273150,716096,54126,reported,reported,R,R,1.334,1.043,0.2973,0.4651,66317,70436,72954,77485,2025
161593,Pembroke Pines,FL,2012,True,154750,2010,229,0,56,1,224,0,43,3,750,108,1496855,222235,1486831,164178,reported,reported,R,R,1.48,1.447,0.1965,0.736,78438,79652,109988,111690,2025
161593,Pembroke Pines,FL,2013,False,154750,2010,228,0,58,2,209,0,41,3,730,99,1673968,223322,1414739,163880,reported,reported,R,R,1.473,1.351,0.2028,0.7342,88104,81229,121758,112257,2025
161593,Pembroke Pines,FL,2014,False,154750,2010,234,0,68,3,209,0,7,3,672,103,1487787,264824,1409194,31817,reported,reported,CR,R,1.512,1.351,0.2252,0.7708,76297,80911,103758,110033,2025
161593,Pembroke Pines,FL,2015,False,154750,2010,208,21,77,6,209,0,5,3,640,111,1421321,295295,1392582,18027,reported,reported,R,R,1.344,1.351,0.2702,0.7797,81999,79957,111380,108607,2025
161593,Pembroke Pines,FL,2016,False,154750,2010,210,25,83,5,202,0,5,2,629,107,1383291,315751,1381876,18027,reported,reported,R,R,1.357,1.305,0.2833,0.7949,79045,82092,106030,110117,2025
161593,Pembroke Pines,FL,2017,True,166611,2010,211,25,82,5,204,0,5,1,592,99,1377946,323983,1369549,19260,reported,reported,R,R,1.266,1.224,0.2799,0.848,78367,80562,102928,105811,2025
161593,Pembroke Pines,FL,2018,False,166611,2010,209,26,89,3,206,0,4,0,599,97,1502959,349392,1382045,15425,reported,reported,R,R,1.254,1.236,0.2987,0.8481,86294,80507,110637,103218,2025
161593,Pembroke Pines,FL,2019,False,170712,2010,220,30,92,5,200,0,3,0,602,102,1676101,386098,1505252,12152,reported,reported,R,R,1.289,1.172,0.2949,0.8555,91424,90315,115128,113732,2025
161593,Pembroke Pines,FL,2020,False,173591,2010,230,23,95,5,211,0,3,0,628,79,1814844,403133,1633135,12749,reported,reported,R,R,1.325,1.216,0.2923,0.8583,94688,92880,117785,115536,2025
161593,Pembroke Pines,FL,2021,False,173591,2020,228,23,99,5,208,0,3,0,627,60,1927808,429487,1561341,12986,reported,reported,R,R,1.313,1.198,0.3028,0.8581,101464,90077,120551,107022,2025
161593,Pembroke Pines,FL,2022,True,174414,2020,235,16,96,3,215,0,3,0,636,61,2087805,453232,1602705,13582,reported,reported,R,R,1.347,1.233,0.29,0.8632,106611,89453,117280,98405,2025
161593,Pembroke Pines,FL,2023,False,169391,2020,239,17,98,3,219,0,3,0,647,66,2277023,494308,1747959,14814,imputed,imputed,G,G,1.411,1.293,0.2908,0.864,114328,95779,120797,101198,2025
161593,Pembroke Pines,FL,2024,False,169876,2020,247,20,101,4,226,0,3,0,668,78,2501255,542985,1920091,16273,imputed,imputed,G,G,1.454,1.33,0.2902,0.8638,121518,101952,124715,104635,2025
161593,Pembroke Pines,FL,2025,False,171119,2020,252,20,103,4,231,0,3,0,681,77,2678894,581547,2056456,17429,imputed,imputed,G,G,1.473,1.35,0.2901,0.8649,127566,106829,127566,106829,2025
161588,Pompano Beach,FL,2012,True,99845,2010,0,0,0,0,181,0,29,25,682,191,0,0,1048721,133837,,reported,,CR,0.0,1.813,,0.3079,,69528,,97494,2025
161588,Pompano Beach,FL,2013,False,99845,2010,0,0,0,0,186,0,29,29,684,190,0,0,1073499,135360,,reported,,CR,0.0,1.863,,0.3143,,69258,,95713,2025
161588,Pompano Beach,FL,2014,False,99845,2010,0,0,0,0,182,0,29,35,676,198,0,0,1044550,140008,,reported,,CR,0.0,1.823,,0.3121,,68871,,93659,2025
161588,Pompano Beach,FL,2015,False,99845,2010,0,0,0,0,172,0,18,1,675,205,0,0,1040643,135832,,reported,,R,0.0,1.723,,0.2815,,72603,,98618,2025
161588,Pompano Beach,FL,2016,False,99845,2010,0,0,0,0,182,0,11,1,692,187,0,0,1140445,81483,,reported,,R,0.0,1.823,,0.2789,,75194,,100864,2025
161588,Pompano Beach,FL,2017,True,107762,2010,0,0,0,0,180,0,21,2,702,207,0,0,1132742,162317,,reported,,R,0.0,1.67,,0.2863,,75516,,99183,2025
161588,Pompano Beach,FL,2018,False,107762,2010,0,0,0,0,184,0,21,2,715,214,0,0,1206977,172955,,imputed,,G,0.0,1.707,,0.2867,,78716,,100921,2025
161588,Pompano Beach,FL,2019,False,110473,2010,0,0,0,0,207,0,12,0,729,218,0,0,1362752,98603,,reported,,R,0.0,1.874,,0.3004,,79000,,99483,2025
161588,Pompano Beach,FL,2020,False,112118,2010,0,0,0,0,207,0,16,3,768,216,0,0,1477637,116254,,reported,,R,0.0,1.846,,0.2904,,85660,,106555,2025
161588,Pompano Beach,FL,2021,False,112118,2020,0,0,0,0,205,0,16,3,762,204,0,0,1510672,118854,,imputed,,G,0.0,1.828,,0.29,,88430,,105065,2025
161588,Pompano Beach,FL,2022,True,112360,2020,0,0,0,0,221,0,27,29,808,199,0,0,1632799,156240,,reported,,CR,0.0,1.967,,0.3069,,88659,,97532,2025
161588,Pompano Beach,FL,2023,False,111348,2020,0,0,0,0,207,0,29,27,770,209,0,0,1637227,176357,,reported,,CR,0.0,1.859,,0.3065,,94912,,100282,2025
161588,Pompano Beach,FL,2024,False,112302,2020,0,0,0,0,220,4,29,16,767,217,0,0,1822618,184663,,reported,,CR,0.0,1.959,,0.3246,,99416,,102032,2025
161588,Pompano Beach,FL,2025,False,113619,2020,0,0,0,0,224,0,24,14,777,245,0,0,1927901,166864,,reported,,CR,0.0,1.972,,0.3192,,103280,,103280,2025
161710,Port St Lucie,FL,2012,True,164603,2010,198,1,59,64,0,0,0,0,881,147,1599195,245482,0,0,reported,,R,,1.203,0.0,0.2296,0.2917,96921,,135905,,2025
161710,Port St Lucie,FL,2013,False,164603,2010,202,1,50,55,0,0,0,0,829,142,1315614,200130,0,0,reported,,R,,1.227,0.0,0.1984,0.304,78155,,108009,,2025
161710,Port St Lucie,FL,2014,False,164603,2010,212,1,52,58,0,0,0,0,889,129,1420832,216136,0,0,prorated,,T,,1.288,0.0,0.197,0.297,80424,,109371,,2025
161710,Port St Lucie,FL,2015,False,164603,2010,219,0,52,57,0,0,0,0,926,106,1435851,200667,0,0,reported,,R,,1.33,0.0,0.1919,0.2927,78677,,106868,,2025
161710,Port St Lucie,FL,2016,False,164603,2010,227,0,50,42,0,0,0,0,919,109,1453876,197714,0,0,reported,,R,,1.379,0.0,0.1805,0.3014,76857,,103095,,2025
161710,Port St Lucie,FL,2017,True,179413,2010,227,0,53,37,0,0,0,0,946,94,1567271,212113,0,0,reported,,R,,1.265,0.0,0.1893,0.296,82851,,108817,,2025
161710,Port St Lucie,FL,2018,False,179413,2010,239,2,46,38,0,0,0,0,970,95,1650263,188159,0,0,reported,,C,,1.332,0.0,0.1614,0.2938,82858,,106232,,2025
161710,Port St Lucie,FL,2019,False,189344,2010,227,0,60,47,0,0,0,0,964,103,1610882,253733,0,0,reported,,R,,1.199,0.0,0.2091,0.2977,85157,,107236,,2025
161710,Port St Lucie,FL,2020,False,201846,2010,239,0,66,42,0,0,0,0,1049,90,1964823,334924,0,0,reported,,R,,1.184,0.0,0.2164,0.2908,98652,,122716,,2025
161710,Port St Lucie,FL,2021,False,201846,2020,237,0,66,40,0,0,0,0,1042,86,2008749,342413,0,0,imputed,,G,,1.174,0.0,0.2178,0.2908,101709,,120842,,2025
161710,Port St Lucie,FL,2022,True,209715,2020,259,0,119,1,0,0,0,0,1177,59,2157808,449161,0,0,reported,,R,,1.235,0.0,0.3148,0.3212,99976,,109981,,2025
161710,Port St Lucie,FL,2023,False,217523,2020,270,0,122,1,0,0,0,0,1253,55,2272822,490809,0,0,reported,,R,,1.241,0.0,0.3112,0.3128,101014,,106730,,2025
161710,Port St Lucie,FL,2024,False,231790,2020,286,0,127,0,0,0,0,0,1314,43,2571018,538234,0,0,reported,,R,,1.234,0.0,0.3075,0.3143,107875,,110713,,2025
161710,Port St Lucie,FL,2025,False,245021,2020,302,0,142,0,0,0,0,0,1369,36,3311922,615005,0,0,reported,,R,,1.233,0.0,0.3198,0.3243,131600,,131600,,2025
161693,St Petersburg,FL,2012,True,244769,2010,459,0,281,18,330,1,0,0,2644,513,2596230,1507145,1903351,0,reported,reported,C,CR,1.875,1.348,0.3797,0.4047,67875,69213,95176,97052,2025
161693,St Petersburg,FL,2013,False,244769,2010,467,0,286,15,327,1,0,0,2608,511,2653100,1540160,1904060,0,prorated,reported,T,R,1.908,1.336,0.3798,0.4141,68174,69874,94215,96565,2025
161693,St Petersburg,FL,2014,False,244769,2010,454,0,283,15,333,1,0,0,2616,505,2674952,1556858,1916573,0,reported,reported,R,R,1.855,1.36,0.384,0.409,70704,69066,96152,93925,2025
161693,St Petersburg,FL,2015,False,244769,2010,452,0,277,16,336,1,0,0,2642,530,2677647,1524414,1964200,0,reported,reported,R,R,1.847,1.373,0.38,0.4031,71088,70150,96560,95286,2025
161693,St Petersburg,FL,2016,False,244769,2010,453,0,278,16,337,1,0,0,2650,540,2778048,1581573,2037849,0,imputed,imputed,G,G,1.851,1.377,0.3803,0.403,73591,72564,98714,97337,2025
161693,St Petersburg,FL,2017,True,257083,2010,471,0,289,106,382,0,0,0,2868,557,3020372,1790463,2263126,0,reported,reported,R,R,1.832,1.486,0.3803,0.3982,76952,71093,101070,93374,2025
161693,St Petersburg,FL,2018,False,257083,2010,529,0,269,5,429,0,0,0,3175,172,4395300,1266868,3293340,0,prorated,prorated,RT,T,2.058,1.669,0.3371,0.3865,99704,92121,127830,118108,2025
161693,St Petersburg,FL,2019,False,263255,2010,479,0,298,104,385,0,0,0,2902,560,3425427,1932560,2564030,0,reported,reported,R,R,1.82,1.462,0.3835,0.4004,85814,79918,108064,100639,2025
161693,St Petersburg,FL,2020,False,265351,2010,473,0,296,100,377,0,0,0,2930,563,3475904,1999190,2728051,0,reported,reported,R,R,1.783,1.421,0.3849,0.3911,88184,86835,109695,108017,2025
161693,St Petersburg,FL,2021,False,265351,2020,467,0,306,99,375,0,0,0,2944,545,3424853,2131272,3071168,0,reported,reported,R,R,1.76,1.413,0.3959,0.3899,88005,98277,104560,116764,2025
161693,St Petersburg,FL,2022,True,267802,2020,461,0,303,103,376,1,0,0,2949,524,3825396,2198803,3164365,0,reported,reported,R,R,1.721,1.404,0.3966,0.3866,99576,100990,109541,111097,2025
161693,St Petersburg,FL,2023,False,258201,2020,466,0,300,106,378,0,0,0,3003,577,3936821,2312974,3163118,0,reported,reported,R,R,1.805,1.464,0.3916,0.381,101377,100416,107113,106098,2025
161693,St Petersburg,FL,2024,False,261256,2020,482,0,310,99,374,0,19,0,3247,582,3788069,2225579,2712639,114599,prorated,reported,T,R,1.845,1.432,0.3914,0.365,94309,87037,96791,89327,2025
161693,St Petersburg,FL,2025,False,263553,2020,437,0,281,102,367,0,19,0,3144,572,3710705,2180126,2809600,118696,prorated,prorated,T,T,1.658,1.393,0.3914,0.3511,101896,91867,101896,91867,2025
161650,Tallahassee,FL,2012,True,181376,2010,347,0,130,79,259,0,16,0,2799,754,2009365,583017,1317611,86798,reported,reported,R,R,1.913,1.428,0.2725,0.2687,69488,61048,97438,85603,2025
161650,Tallahassee,FL,2013,False,181376,2010,359,0,121,78,262,0,14,0,2736,697,1920596,593737,1304591,63004,reported,prorated,R,T,1.979,1.445,0.2521,0.2763,64198,59752,88721,82576,2025
161650,Tallahassee,FL,2014,False,181376,2010,329,12,85,58,260,0,14,0,2774,732,1912286,438344,1261806,60937,reported,prorated,R,T,1.814,1.433,0.2053,0.248,69749,58237,94853,79198,2025
161650,Tallahassee,FL,2015,False,181376,2010,331,18,85,48,265,0,14,0,2788,688,1975863,458860,988152,47720,reported,prorated,R,T,1.825,1.461,0.2043,0.2493,71632,44747,97299,60780,2025
161650,Tallahassee,FL,2016,False,181376,2010,329,12,90,41,274,0,14,0,2795,706,2089460,509009,1445366,69801,reported,prorated,R,T,1.814,1.511,0.2148,0.253,76211,63301,102229,84911,2025
161650,Tallahassee,FL,2017,True,189907,2010,344,12,96,47,276,0,14,0,2841,766,2157779,571202,1695003,81856,reported,prorated,R,T,1.811,1.453,0.2182,0.257,75271,73696,98862,96793,2025
161650,Tallahassee,FL,2018,False,189907,2010,345,10,99,42,255,1,29,0,2723,751,2129766,588964,1524191,194178,reported,reported,R,C,1.817,1.343,0.223,0.2674,74079,71727,94976,91961,2025
161650,Tallahassee,FL,2019,False,191049,2010,396,14,38,36,275,1,11,1,2664,750,2614013,188440,1698193,88904,reported,reported,R,R,2.073,1.439,0.0876,0.2703,79213,74103,99751,93316,2025
161650,Tallahassee,FL,2020,False,194500,2010,384,69,37,47,277,0,13,1,2725,904,2588043,184728,1705119,103455,reported,reported,R,R,1.974,1.424,0.0879,0.2609,80876,73868,100604,91887,2025
161650,Tallahassee,FL,2021,False,194500,2020,381,65,37,44,275,0,13,1,2706,852,2645903,188859,1743239,105768,imputed,imputed,G,G,1.959,1.414,0.0885,0.2609,83336,76069,99013,90379,2025
161650,Tallahassee,FL,2022,True,196326,2020,380,61,36,41,274,0,12,1,2685,802,2788240,199018,1837016,111456,imputed,imputed,G,G,1.936,1.396,0.0865,0.2615,88050,80453,96862,88504,2025
161650,Tallahassee,FL,2023,False,197102,2020,387,66,37,44,279,0,12,1,2734,867,3040938,217055,2003506,121558,imputed,imputed,G,G,1.963,1.416,0.0873,0.2615,94293,86172,99628,91048,2025
161650,Tallahassee,FL,2024,False,201731,2020,400,77,38,51,288,0,12,1,2821,1014,3340396,238430,2200803,133528,imputed,imputed,G,G,1.983,1.428,0.0868,0.2616,100212,91700,102849,94113,2025
161650,Tallahassee,FL,2025,False,202221,2020,371,71,35,48,267,0,11,1,2616,943,3295413,235219,2171165,131730,prorated,prorated,T,T,1.835,1.32,0.0862,0.2615,106590,97580,106590,97580,2025
161633,Tampa,FL,2012,True,335709,2010,969,38,269,5,602,3,64,1,4079,274,6927687,1033859,3489150,366265,reported,reported,CR,CR,2.886,1.793,0.2173,0.4668,85792,69551,120300,97526,2025
161633,Tampa,FL,2013,False,335709,2010,962,38,257,5,614,3,65,1,4070,269,6742593,1006150,3654417,383611,reported,reported,CR,CR,2.866,1.829,0.2108,0.4663,84107,71422,116235,98704,2025
161633,Tampa,FL,2014,False,335709,2010,951,40,249,5,608,4,64,1,4011,268,6725574,995434,3628577,380901,reported,reported,R,R,2.833,1.811,0.2075,0.4667,84865,71617,115410,97394,2025
161633,Tampa,FL,2015,False,335709,2010,939,40,251,7,606,2,64,1,3937,214,6777689,1045840,3746168,393246,prorated,prorated,RT,T,2.797,1.805,0.2109,0.4724,86616,74182,117652,100762,2025
161633,Tampa,FL,2016,False,335709,2010,916,39,246,7,597,2,63,1,3942,197,7058824,1061947,3848276,403965,prorated,prorated,RT,T,2.729,1.778,0.2117,0.4622,92474,77352,124044,103759,2025
161633,Tampa,FL,2017,True,369075,2010,964,1,252,5,606,2,64,1,3996,161,7432188,1465622,4166954,437419,reported,prorated,C,T,2.612,1.642,0.2072,0.472,92517,82514,121513,108375,2025
161633,Tampa,FL,2018,False,369075,2010,958,0,269,5,628,2,66,1,4209,151,7688640,1266868,4148867,435521,reported,prorated,R,T,2.596,1.702,0.2192,0.4564,96309,79278,123477,101642,2025
161633,Tampa,FL,2019,False,385430,2010,933,0,271,4,643,0,68,1,4139,123,7693565,1310866,4627622,485777,reported,prorated,R,T,2.421,1.668,0.2251,0.4627,98953,86363,124609,108755,2025
161633,Tampa,FL,2020,False,399700,2010,938,0,251,4,648,0,68,5,4176,118,8131933,1302512,4904235,514815,reported,prorated,R,T,2.347,1.621,0.2111,0.4562,104033,90819,129410,112973,2025
161633,Tampa,FL,2021,False,399700,2020,923,0,273,3,652,0,72,10,4279,124,8837963,1358938,4972309,565416,reported,reported,R,R,2.309,1.631,0.2283,0.4487,114903,91515,136518,108730,2025
161633,Tampa,FL,2022,True,407599,2020,937,0,234,2,666,0,69,8,4294,104,9337329,1269305,5787390,575006,reported,reported,R,R,2.299,1.634,0.1998,0.4439,119582,104277,131549,114713,2025
161633,Tampa,FL,2023,False,387050,2020,965,0,239,4,701,0,77,8,4417,98,10243509,1452608,6144604,691115,reported,reported,R,R,2.493,1.811,0.1985,0.4487,127380,105186,134588,111138,2025
161633,Tampa,FL,2024,False,398173,2020,966,0,255,1,716,0,82,10,4527,98,11067824,1608558,6422549,779105,reported,reported,R,R,2.426,1.798,0.2088,0.446,137488,107640,141106,110472,2025
161633,Tampa,FL,2025,False,403364,2020,950,0,284,10,723,0,83,10,4615,111,11514770,1828057,7156003,795908,reported,reported,R,R,2.355,1.792,0.2301,0.442,145450,118772,145450,118772,2025
161679,West Palm Beach,FL,2012,True,99919,2010,302,0,52,27,159,0,9,0,1290,193,2020883,239398,1377702,61316,reported,reported,R,CR,3.022,1.591,0.1469,0.4047,80300,103978,112599,145801,2025
161679,West Palm Beach,FL,2013,False,99919,2010,217,0,91,27,177,1,14,0,1322,145,1422063,618921,1318444,107096,reported,reported,R,R,2.172,1.771,0.2955,0.3775,78639,89386,108678,123530,2025
161679,West Palm Beach,FL,2014,False,99919,2010,250,0,108,27,176,0,22,0,1324,149,1790321,589760,1291046,173416,reported,reported,R,CR,2.502,1.761,0.3017,0.4199,85935,88026,116865,119709,2025
161679,West Palm Beach,FL,2015,False,99919,2010,281,0,90,26,176,0,31,1,1324,161,1740812,371713,1027445,185793,reported,reported,R,R,2.812,1.761,0.2426,0.4366,74341,70053,100978,95154,2025
161679,West Palm Beach,FL,2016,False,99919,2010,289,0,92,19,181,0,33,0,1361,117,1813336,387199,1070250,199081,prorated,prorated,T,T,2.892,1.811,0.2415,0.4372,75294,70956,100999,95180,2025
161679,West Palm Beach,FL,2017,True,106779,2010,298,0,95,18,187,0,34,0,1404,114,1896415,404939,1119284,208202,imputed,imputed,G,G,2.791,1.751,0.2417,0.4373,76366,71826,100300,94337,2025
161679,West Palm Beach,FL,2018,False,106779,2010,321,0,102,21,201,0,37,0,1510,129,2401652,507676,1403547,261080,prorated,prorated,T,T,3.006,1.882,0.2411,0.4377,89781,83794,115108,107432,2025
161679,West Palm Beach,FL,2019,False,110222,2010,330,0,105,22,207,0,38,0,1553,133,2573238,543947,1503824,279733,prorated,prorated,T,T,2.994,1.878,0.2414,0.4379,93572,87178,117833,109781,2025
161679,West Palm Beach,FL,2020,False,111955,2010,334,0,106,23,209,0,38,0,1569,137,2703035,571384,1579679,293843,imputed,imputed,G,G,2.983,1.867,0.2409,0.4379,97115,90699,120804,112823,2025
161679,West Palm Beach,FL,2021,False,111955,2020,331,0,105,22,207,0,38,0,1557,130,2763465,584158,1614995,300412,imputed,imputed,G,G,2.957,1.849,0.2408,0.4374,100186,93623,119032,111235,2025
161679,West Palm Beach,FL,2022,True,112782,2020,330,0,104,20,206,0,37,0,1540,120,2912127,615583,1701874,316572,imputed,imputed,G,G,2.926,1.827,0.2396,0.4396,105896,99138,116494,109059,2025
161679,West Palm Beach,FL,2023,False,117286,2020,336,0,106,22,210,0,38,0,1569,129,3176054,671373,1856115,345263,imputed,imputed,G,G,2.865,1.79,0.2398,0.4398,113430,106064,119848,112065,2025
161679,West Palm Beach,FL,2024,False,120932,2020,347,0,109,26,217,0,39,0,1618,150,3488818,737487,2038897,379263,imputed,imputed,G,G,2.869,1.794,0.239,0.44,120651,112750,123826,115717,2025
161679,West Palm Beach,FL,2025,False,124130,2020,354,0,111,25,221,0,40,0,1651,147,3736593,789863,2183699,406198,imputed,imputed,G,G,2.852,1.78,0.2387,0.4397,126664,118572,126664,118572,2025
161834,Athens-Clarke County Unified Government,GA,2012,True,115452,2010,231,0,65,36,187,0,4,0,1614,259,924296,215411,728532,14693,imputed,imputed,G,G,2.001,1.62,0.2196,0.3017,48015,46751,67328,65556,2025
161834,Athens-Clarke County Unified Government,GA,2013,False,115452,2010,229,0,64,39,186,0,4,0,1500,261,932805,217394,735238,14828,imputed,imputed,G,G,1.984,1.611,0.2184,0.322,48881,47435,67553,65554,2025
161834,Athens-Clarke County Unified Government,GA,2014,False,115452,2010,225,0,63,41,183,0,4,0,1471,277,946798,220655,746267,15050,imputed,imputed,G,G,1.949,1.585,0.2188,0.3229,50496,48936,68671,66549,2025
161834,Athens-Clarke County Unified Government,GA,2015,False,115452,2010,272,0,48,29,173,0,2,1,1475,289,1261614,222793,709650,12661,reported,reported,R,R,2.356,1.498,0.15,0.3356,55659,49224,75602,66862,2025
161834,Athens-Clarke County Unified Government,GA,2016,False,115452,2010,232,1,62,27,184,0,5,1,1627,461,1053121,221363,780540,17128,reported,reported,R,R,2.009,1.594,0.2109,0.2969,54472,50905,73068,68283,2025
161834,Athens-Clarke County Unified Government,GA,2017,True,123912,2010,174,0,143,28,161,1,8,0,1554,398,709602,609766,641925,46848,imputed,imputed,G,G,1.404,1.299,0.4511,0.3127,48938,47845,64276,62840,2025
161834,Athens-Clarke County Unified Government,GA,2018,False,123912,2010,177,0,144,28,163,1,9,0,1580,403,740062,635940,669480,48859,imputed,imputed,G,G,1.428,1.315,0.4486,0.312,50174,49287,64328,63191,2025
161834,Athens-Clarke County Unified Government,GA,2019,False,123912,2010,181,0,148,29,167,1,9,0,1622,421,778352,668843,704119,51387,imputed,imputed,G,G,1.461,1.348,0.4498,0.3113,51603,50595,64982,63713,2025
161834,Athens-Clarke County Unified Government,GA,2020,False,123912,2010,186,0,152,30,172,1,9,0,1667,432,827882,711404,748925,54657,reported,reported,R,R,1.501,1.388,0.4497,0.3113,53412,52251,66441,64997,2025
161834,Athens-Clarke County Unified Government,GA,2021,False,123912,2020,170,0,154,23,171,1,9,0,1602,272,780273,766577,755064,57780,reported,reported,R,R,1.372,1.38,0.4753,0.3146,55078,52987,65439,62955,2025
161834,Athens-Clarke County Unified Government,GA,2022,True,127795,2020,166,0,158,25,155,1,8,0,1574,323,809565,786567,728321,51185,reported,reported,R,R,1.299,1.213,0.4877,0.3094,58523,56386,64380,62029,2025
161834,Athens-Clarke County Unified Government,GA,2023,False,128711,2020,168,0,160,27,157,1,8,0,1602,359,872752,847959,785168,55180,imputed,imputed,G,G,1.305,1.22,0.4878,0.3077,62339,60013,65866,63409,2025
161834,Athens-Clarke County Unified Government,GA,2024,False,128561,2020,175,0,167,30,164,1,8,0,1671,397,970076,942518,872725,61334,imputed,imputed,G,G,1.361,1.276,0.4883,0.3076,66519,63858,68269,65538,2025
161834,Athens-Clarke County Unified Government,GA,2025,False,128628,2020,181,0,173,30,169,1,8,0,1751,479,1056321,1026313,950316,66787,imputed,imputed,G,G,1.407,1.314,0.4887,0.3033,70032,67478,70032,67478,2025
194678,Atlanta,GA,2012,True,420003,2010,1759,0,500,0,898,0,74,0,7426,69,7571512,1968970,3965217,338131,reported,reported,R,R,4.188,2.138,0.2213,0.4351,51653,52987,72429,74300,2025
194678,Atlanta,GA,2013,False,420003,2010,1969,0,403,0,955,0,81,1,7620,88,8003949,1530022,4246828,387151,reported,reported,C,R,4.688,2.274,0.1699,0.4472,48780,53363,67413,73747,2025
194678,Atlanta,GA,2014,False,420003,2010,1992,0,416,0,1013,0,76,0,7846,96,8549452,1579390,4512300,397641,reported,reported,C,R,4.743,2.412,0.1728,0.4457,51503,53453,70040,72692,2025
194678,Atlanta,GA,2015,False,420003,2010,2005,0,419,0,1020,0,76,0,7896,96,8725653,1611941,4605297,405836,imputed,imputed,G,G,4.774,2.429,0.1729,0.4458,52223,54180,70935,73593,2025
194678,Atlanta,GA,2016,False,420003,2010,1903,0,420,0,927,0,102,0,8193,94,9050545,1972694,4075395,512691,reported,reported,R,R,4.531,2.207,0.1808,0.4091,57071,52756,76554,70766,2025
194678,Atlanta,GA,2017,True,463878,2010,1473,0,604,9,848,0,103,0,7596,110,7295067,2856500,4192808,542566,imputed,imputed,G,G,3.175,1.828,0.2908,0.3986,59430,59332,78056,77927,2025
194678,Atlanta,GA,2018,False,463878,2010,1491,0,611,9,858,0,104,0,7694,112,7608211,2979117,4372786,565856,imputed,imputed,G,G,3.214,1.85,0.2907,0.3982,61233,61158,78507,78410,2025
194678,Atlanta,GA,2019,False,486290,2010,1487,0,652,11,886,0,130,0,7884,103,7790071,3262671,4636045,723404,reported,reported,R,CR,3.058,1.822,0.3048,0.4002,62865,62791,79164,79071,2025
194678,Atlanta,GA,2020,False,506811,2010,1571,0,644,10,904,0,110,0,8011,121,8511045,3332635,4891686,633004,imputed,imputed,CX,CX,3.1,1.784,0.2907,0.4031,65011,64934,80869,80773,2025
194678,Atlanta,GA,2021,False,506811,2020,1487,0,630,10,851,0,112,0,8235,108,11565478,3381612,6568950,422490,imputed,reported,CX,C,2.934,1.679,0.2976,0.374,93333,92629,110890,110054,2025
194678,Atlanta,GA,2022,True,512550,2020,1483,0,612,7,885,0,121,0,7984,102,10581624,4435793,6079052,443972,reported,reported,R,CR,2.893,1.727,0.2921,0.3884,85623,82428,94192,90677,2025
194678,Atlanta,GA,2023,False,496461,2020,1463,0,623,0,890,0,153,1,8677,83,11268346,4817242,6473255,532454,imputed,imputed,X,X,2.947,1.793,0.2987,0.3606,92427,87280,97657,92219,2025
194678,Atlanta,GA,2024,False,499127,2020,1535,0,654,0,933,0,160,1,9101,87,12317324,5265683,7075855,582021,imputed,imputed,X,X,3.075,1.869,0.2988,0.3606,96292,91008,98826,93403,2025
194678,Atlanta,GA,2025,False,510823,2020,1571,0,669,0,955,0,164,1,9313,89,13650333,5835548,7841621,645008,reported,reported,R,CR,3.075,1.87,0.2987,0.3607,104267,98533,104267,98533,2025
194679,Augusta-Richmond County Consolidated Government,GA,2012,True,195844,2010,444,0,38,82,275,0,26,0,2465,221,1474056,90637,935787,111631,imputed,imputed,G,G,2.267,1.404,0.0788,0.3176,39839,40834,55863,57259,2025
194679,Augusta-Richmond County Consolidated Government,GA,2013,False,195844,2010,480,0,42,74,298,0,28,0,2493,342,1622584,99768,978560,116734,prorated,prorated,T,T,2.451,1.522,0.0805,0.3402,40565,39405,56060,54457,2025
194679,Augusta-Richmond County Consolidated Government,GA,2014,False,195844,2010,471,0,41,77,292,0,27,0,2446,356,1645598,101183,992439,118390,imputed,imputed,G,G,2.405,1.491,0.0801,0.3397,41926,40785,57016,55465,2025
194679,Augusta-Richmond County Consolidated Government,GA,2015,False,195844,2010,474,0,41,77,294,0,27,0,2459,357,1679513,103268,1012893,120830,imputed,imputed,G,G,2.42,1.501,0.0796,0.34,42519,41343,57754,56157,2025
194679,Augusta-Richmond County Consolidated Government,GA,2016,False,195844,2010,477,0,41,81,296,0,27,0,2471,377,1745307,107313,1052572,125563,imputed,imputed,G,G,2.436,1.511,0.0792,0.3403,43907,42672,58896,57240,2025
194679,Augusta-Richmond County Consolidated Government,GA,2017,True,197182,2010,483,0,42,80,300,0,27,0,2503,330,1807426,111132,1090035,130032,imputed,imputed,G,G,2.45,1.521,0.08,0.3404,44905,43601,58979,57266,2025
194679,Augusta-Richmond County Consolidated Government,GA,2018,False,197182,2010,490,0,43,82,304,0,27,0,2539,337,1877638,115449,1132379,135083,imputed,imputed,G,G,2.485,1.542,0.0807,0.3403,45983,44699,58955,57308,2025
194679,Augusta-Richmond County Consolidated Government,GA,2019,False,197182,2010,499,0,44,84,310,0,28,0,2590,344,1998117,122857,1205039,143751,imputed,imputed,G,G,2.531,1.572,0.081,0.3402,48051,46647,60510,58741,2025
194679,Augusta-Richmond County Consolidated Government,GA,2020,False,197888,2010,506,0,45,85,314,0,28,0,2625,348,2111954,129856,1273693,151941,imputed,imputed,G,G,2.557,1.587,0.0817,0.3402,50086,48676,62304,60550,2025
194679,Augusta-Richmond County Consolidated Government,GA,2021,False,197888,2020,484,0,43,81,300,0,27,0,2513,332,2079862,127883,1254339,149632,imputed,imputed,G,G,2.446,1.516,0.0816,0.3398,51567,50174,61267,59612,2025
194679,Augusta-Richmond County Consolidated Government,GA,2022,True,197468,2020,480,0,42,87,298,0,26,0,2485,353,2170683,133467,1309112,156166,imputed,imputed,G,G,2.431,1.509,0.0805,0.3404,54267,52716,59698,57992,2025
194679,Augusta-Richmond County Consolidated Government,GA,2023,False,201196,2020,485,0,42,92,301,0,26,0,2508,374,2340109,143884,1411291,168355,imputed,imputed,G,G,2.411,1.496,0.0797,0.3405,57900,56264,61176,59448,2025
194679,Augusta-Richmond County Consolidated Government,GA,2024,False,202096,2020,507,0,44,102,314,0,27,0,2617,414,2601063,159929,1568669,187129,imputed,imputed,G,G,2.509,1.554,0.0799,0.3408,61564,59949,63184,61526,2025
194679,Augusta-Richmond County Consolidated Government,GA,2025,False,200884,2020,524,0,45,102,324,0,28,0,2707,414,2832311,174148,1708132,203766,imputed,imputed,G,G,2.608,1.613,0.0791,0.3402,64862,63264,64862,63264,2025
161944,Columbus Consolidated Government,GA,2012,True,189885,2010,749,0,154,64,361,0,7,0,2885,472,2689221,412964,1393171,17579,reported,reported,CR,R,3.944,1.901,0.1705,0.4406,43085,46310,60415,64937,2025
161944,Columbus Consolidated Government,GA,2013,False,189885,2010,748,0,154,65,360,0,7,0,2851,425,2816239,432469,1458974,18409,prorated,prorated,T,T,3.939,1.896,0.1707,0.4451,45180,48632,62438,67209,2025
161944,Columbus Consolidated Government,GA,2014,False,189885,2010,761,0,117,45,371,0,8,0,2859,411,2881627,310401,1556762,20810,reported,reported,R,R,4.008,1.954,0.1333,0.4397,45440,50353,61795,68476,2025
161944,Columbus Consolidated Government,GA,2015,False,189885,2010,785,1,139,49,358,0,8,0,2724,442,2963697,336261,1402245,20914,reported,reported,R,R,4.134,1.885,0.1504,0.4736,45305,47003,61538,63845,2025
161944,Columbus Consolidated Government,GA,2016,False,189885,2010,727,2,125,63,366,0,8,0,2925,514,2851889,333126,1456433,21018,reported,reported,R,R,3.829,1.927,0.1467,0.4191,47074,47752,63145,64054,2025
161944,Columbus Consolidated Government,GA,2017,True,200579,2010,736,2,127,62,371,0,8,0,2963,436,2953393,344983,1508270,21766,imputed,imputed,G,G,3.669,1.85,0.1472,0.4192,48153,48785,63245,64075,2025
161944,Columbus Consolidated Government,GA,2018,False,200579,2010,747,2,129,63,376,0,8,0,2736,441,3068121,358384,1566861,22612,imputed,imputed,G,G,3.724,1.875,0.1473,0.4605,49287,50006,63191,64112,2025
161944,Columbus Consolidated Government,GA,2019,False,194058,2010,761,2,131,64,383,0,8,0,2704,415,3264988,381380,1667399,24063,imputed,imputed,G,G,3.922,1.974,0.1469,0.4745,51485,52242,64834,65787,2025
161944,Columbus Consolidated Government,GA,2020,False,195769,2010,771,2,133,65,388,0,8,0,2739,421,3451001,403108,1762394,25434,imputed,imputed,G,G,3.938,1.982,0.1471,0.4746,53712,54507,66814,67803,2025
161944,Columbus Consolidated Government,GA,2021,False,195769,2020,738,2,127,62,371,0,8,0,2630,401,3398561,396983,1735614,25048,imputed,imputed,G,G,3.77,1.895,0.1468,0.473,55261,56138,65656,66698,2025
161944,Columbus Consolidated Government,GA,2022,True,196442,2020,733,2,126,67,368,0,7,0,2606,430,3546967,414318,1811403,26141,imputed,imputed,G,G,3.731,1.873,0.1467,0.4735,58068,59067,63879,64978,2025
161944,Columbus Consolidated Government,GA,2023,False,205617,2020,740,2,127,71,372,0,7,0,2626,457,3823815,446656,1952787,28181,imputed,imputed,G,G,3.599,1.809,0.1465,0.4745,62008,62993,65517,66557,2025
161944,Columbus Consolidated Government,GA,2024,False,202616,2020,773,2,133,78,389,0,7,0,2745,503,4250222,496464,2170549,31324,imputed,imputed,G,G,3.815,1.92,0.1468,0.4743,65980,66958,67716,68720,2025
161944,Columbus Consolidated Government,GA,2025,False,201877,2020,799,2,137,78,402,0,7,0,2813,504,4628089,540602,2363522,34109,imputed,imputed,G,G,3.958,1.991,0.1464,0.4781,69508,70553,69508,70553,2025
102163,Macon-Bibb County,GA,2012,True,91351,2010,280,0,87,13,381,0,6,0,1156,26,920410,223541,1179154,13819,reported,reported,CR,R,3.065,4.171,0.2371,0.6522,39446,37139,55312,52077,2025
102163,Macon-Bibb County,GA,2013,False,91351,2010,299,0,41,0,369,0,6,0,971,19,782766,181280,1151778,14663,reported,reported,R,R,3.273,4.039,0.1206,0.7364,31415,37456,43415,51764,2025
102163,Macon-Bibb County,GA,2014,False,91351,2010,396,0,64,0,384,0,7,0,2015,148,1356494,194202,1231287,27931,reported,reported,C,C,4.335,4.204,0.1391,0.4223,41106,38478,55901,52327,2025
102163,Macon-Bibb County,GA,2015,False,91351,2010,428,0,43,0,406,0,8,0,1803,115,1545062,161266,1257661,27931,prorated,reported,RT,R,4.685,4.444,0.0913,0.4908,43319,37172,58841,50491,2025
102163,Macon-Bibb County,GA,2016,False,91351,2010,374,0,38,0,359,0,8,0,1649,118,1371008,143100,1219826,29614,prorated,reported,T,R,4.094,3.93,0.0922,0.4724,43990,40774,59008,54694,2025
102163,Macon-Bibb County,GA,2017,True,153515,2010,365,0,3,1,398,0,0,0,1649,136,1470166,12314,1386493,0,reported,reported,R,R,2.378,2.593,0.0082,0.4645,48334,41804,63482,54906,2025
102163,Macon-Bibb County,GA,2018,False,153515,2010,406,0,3,1,398,0,0,0,1608,204,1518497,12315,1454766,0,prorated,reported,RT,R,2.645,2.593,0.0073,0.5019,44882,43862,57543,56235,2025
102163,Macon-Bibb County,GA,2019,False,152663,2010,265,0,25,0,372,0,8,0,1356,148,990652,87847,1477546,34492,reported,reported,C,R,1.736,2.437,0.0862,0.4941,44860,47663,56491,60021,2025
102163,Macon-Bibb County,GA,2020,False,153159,2010,336,0,85,0,344,0,7,0,1636,128,887814,301899,1787941,36533,imputed,imputed,G,G,2.194,2.246,0.2019,0.4719,31708,62370,39443,77584,2025
102163,Macon-Bibb County,GA,2021,False,153159,2020,205,0,125,0,337,0,7,0,1571,206,1159739,530479,1902594,38876,,,,,1.338,2.2,0.3788,0.429,67887,67748,80657,80492,2025
102163,Macon-Bibb County,GA,2022,True,152737,2020,202,63,123,0,333,0,7,0,1568,274,1194955,546585,1960365,40056,prorated,reported,CRT,R,1.323,2.18,0.3785,0.4241,70987,70644,78091,77714,2025
102163,Macon-Bibb County,GA,2023,False,156762,2020,211,64,133,12,352,0,14,0,1598,423,1165724,533216,2054722,68406,reported,reported,R,R,1.346,2.245,0.3866,0.4443,66297,70047,70048,74010,2025
102163,Macon-Bibb County,GA,2024,False,156197,2020,201,52,119,5,338,0,11,0,1578,459,1132984,481764,1802094,52859,reported,reported,R,R,1.287,2.164,0.3719,0.424,67641,63980,69421,65663,2025
102163,Macon-Bibb County,GA,2025,False,156512,2020,233,82,93,2,347,0,12,0,1584,427,1182158,477338,2146803,63295,reported,reported,R,R,1.489,2.217,0.2853,0.4324,60884,74241,60884,74241,2025
216510,Sandy Springs,GA,2012,True,93853,2010,143,8,16,0,85,50,1,0,261,58,809421,53544,415398,4210,imputed,imputed,ACR,ACR,1.524,0.906,0.1006,0.9387,67923,58644,95243,82232,2025
216510,Sandy Springs,GA,2013,False,93853,2010,126,8,16,2,83,40,1,1,271,69,653535,58163,390182,3820,reported,reported,R,R,1.343,0.884,0.1127,0.8339,62241,56412,86016,77961,2025
216510,Sandy Springs,GA,2014,False,93853,2010,127,10,17,1,84,36,1,1,245,81,694061,67607,403241,3857,reported,reported,R,R,1.353,0.895,0.1181,0.9347,65581,57606,89185,78340,2025
216510,Sandy Springs,GA,2015,False,93853,2010,127,12,18,0,85,37,2,3,248,91,721990,73353,412579,11080,reported,reported,R,R,1.353,0.906,0.1241,0.9355,68220,58246,92664,79116,2025
216510,Sandy Springs,GA,2016,False,93853,2010,127,13,15,0,106,5,2,1,266,59,737353,63351,504219,11745,reported,reported,R,R,1.353,1.129,0.1056,0.9398,69671,57081,93456,76568,2025
216510,Sandy Springs,GA,2017,True,105330,2010,128,13,20,1,97,0,9,5,271,64,778647,85536,474767,50295,reported,reported,R,R,1.215,0.921,0.1351,0.9373,72998,58734,95876,77142,2025
216510,Sandy Springs,GA,2018,False,105330,2010,142,23,19,1,104,0,10,5,292,70,858065,90394,532221,52512,reported,reported,R,R,1.348,0.987,0.118,0.9418,72513,61410,92969,78733,2025
216510,Sandy Springs,GA,2019,False,106739,2010,138,10,20,4,102,0,10,5,295,76,825696,84854,532111,53874,reported,reported,R,R,1.293,0.956,0.1266,0.9153,71800,62601,90416,78832,2025
216510,Sandy Springs,GA,2020,False,109452,2010,140,10,20,4,103,0,10,5,298,77,872738,89688,562426,56943,imputed,imputed,G,G,1.279,0.941,0.125,0.9161,74806,65525,93053,81509,2025
216510,Sandy Springs,GA,2021,False,109452,2020,134,10,19,4,99,0,10,5,286,74,859476,88325,553880,56078,imputed,imputed,G,G,1.224,0.905,0.1242,0.9161,76968,67137,91447,79766,2025
216510,Sandy Springs,GA,2022,True,109928,2020,163,13,17,0,107,0,2,4,399,30,1140556,75071,708894,12145,reported,reported,R,R,1.483,0.973,0.0944,0.7243,83967,79502,92370,87458,2025
216510,Sandy Springs,GA,2023,False,107180,2020,169,0,19,0,126,0,15,3,437,28,1239730,123743,675368,151058,imputed,reported,RX,R,1.577,1.176,0.1011,0.7529,88028,64321,93009,67960,2025
216510,Sandy Springs,GA,2024,False,107763,2020,161,13,17,0,114,0,5,0,400,45,1301150,83282,811018,51039,reported,reported,R,R,1.494,1.058,0.0955,0.7425,96980,85370,99532,87616,2025
216510,Sandy Springs,GA,2025,False,105793,2020,154,9,23,0,108,0,10,0,402,41,1325806,122226,814405,86154,reported,reported,R,R,1.456,1.021,0.1299,0.7338,103310,90489,103310,90489,2025
124438,Savannah,GA,2012,True,136286,2010,533,0,251,0,300,0,7,0,2491,99,2517016,917511,1153344,19774,reported,reported,R,R,3.911,2.201,0.3202,0.438,56668,46134,79461,64690,2025
124438,Savannah,GA,2013,False,136286,2010,595,0,232,8,299,0,18,0,2631,135,2454868,711003,1108903,69832,reported,reported,R,R,4.366,2.194,0.2805,0.4348,49510,44504,68422,61504,2025
124438,Savannah,GA,2014,False,136286,2010,629,2,136,0,306,0,21,0,2468,84,2430411,427384,1123633,95600,reported,reported,R,R,4.615,2.245,0.1778,0.4425,46367,44064,63056,59924,2025
124438,Savannah,GA,2015,False,136286,2010,580,1,156,0,306,0,20,0,2489,140,2855764,534816,1360242,95484,reported,reported,R,R,4.256,2.245,0.212,0.4267,59085,53343,80256,72456,2025
124438,Savannah,GA,2016,False,136286,2010,616,2,168,0,329,0,23,0,2545,114,2774595,588358,1484240,105170,reported,reported,R,R,4.52,2.414,0.2143,0.4464,54051,54136,72503,72617,2025
124438,Savannah,GA,2017,True,145674,2010,653,11,165,1,348,0,23,0,2609,107,2921221,607755,1500143,108416,reported,reported,R,R,4.483,2.389,0.2017,0.4557,53682,51729,70506,67941,2025
124438,Savannah,GA,2018,False,145674,2010,606,10,153,1,323,0,21,0,2431,108,2590958,531092,1330542,96160,prorated,prorated,T,T,4.16,2.217,0.2016,0.4537,51306,49432,65779,63377,2025
124438,Savannah,GA,2019,False,146444,2010,531,6,57,1,323,0,21,0,2269,108,2531704,237287,1505267,106470,reported,reported,R,R,3.626,2.206,0.0969,0.4108,57214,55923,72048,70423,2025
124438,Savannah,GA,2020,False,144464,2010,498,4,80,2,304,0,16,0,2311,117,2664316,279079,1787281,75703,reported,reported,R,R,3.447,2.104,0.1384,0.3886,64200,70551,79860,87761,2025
124438,Savannah,GA,2021,False,144464,2020,480,3,86,2,312,0,16,0,2267,94,2524131,305248,1604299,75825,reported,reported,R,R,3.323,2.16,0.1519,0.3944,63103,61704,74973,73311,2025
124438,Savannah,GA,2022,True,143632,2020,474,0,73,8,319,0,17,0,2233,83,2568565,294695,1871771,89767,reported,reported,R,R,3.3,2.221,0.1335,0.3954,65027,70411,71535,77458,2025
124438,Savannah,GA,2023,False,147088,2020,414,0,82,5,309,0,15,0,2248,75,2668281,329716,1738225,81951,reported,reported,R,R,2.815,2.101,0.1653,0.3648,77341,67504,81717,71324,2025
124438,Savannah,GA,2024,False,148004,2020,456,5,58,1,287,0,24,0,2254,78,2548293,283364,1680228,164472,reported,reported,R,R,3.081,1.939,0.1128,0.366,67060,70253,68825,72102,2025
124438,Savannah,GA,2025,False,147748,2020,403,0,104,5,304,0,21,0,2420,68,3101959,491156,2323906,143461,reported,reported,R,R,2.728,2.058,0.2051,0.3438,92366,91733,92366,91733,2025
247337,South Fulton,GA,2018,False,95158,2010,107,0,11,0,146,0,10,0,313,21,485219,41434,644909,45260,imputed,reported,X,R,1.124,1.534,0.0932,0.8754,54417,53006,69768,67959,2025
247337,South Fulton,GA,2019,False,95158,2010,107,0,11,0,130,0,7,0,352,25,500068,41434,600946,37576,reported,reported,R,R,1.124,1.366,0.0932,0.7244,56082,55472,70623,69855,2025
247337,South Fulton,GA,2020,False,99155,2010,108,0,11,0,132,0,7,0,356,25,528558,43795,635183,39717,imputed,imputed,G,G,1.089,1.331,0.0924,0.7247,58729,57744,73055,71830,2025
247337,South Fulton,GA,2021,False,99155,2020,103,0,11,0,126,0,7,0,341,25,520526,43130,625531,39113,imputed,imputed,G,G,1.039,1.271,0.0965,0.7243,60644,59574,72052,70781,2025
247337,South Fulton,GA,2022,True,102567,2020,102,0,10,0,125,0,6,0,333,25,543255,45013,652846,40820,imputed,imputed,G,G,0.994,1.219,0.0893,0.7297,63912,62673,70308,68945,2025
247337,South Fulton,GA,2023,False,108575,2020,219,0,0,0,175,0,0,0,588,9,1600224,0,1409648,0,imputed,imputed,X,X,2.017,1.612,0.0,0.6701,87684,96662,92645,102131,2025
247337,South Fulton,GA,2024,False,111158,2020,230,0,0,0,184,0,0,0,617,10,1749190,0,1540873,0,imputed,imputed,X,X,2.069,1.655,0.0,0.671,91262,100492,93663,103136,2025
247337,South Fulton,GA,2025,False,110920,2020,235,0,0,0,188,0,0,0,631,10,1938491,0,1707630,0,reported,reported,R,R,2.119,1.695,0.0,0.6704,98987,108998,98987,108998,2025
183701,Honolulu And County,HI,2012,True,953207,2010,2032,0,530,80,1026,0,56,3,8879,939,14969936,1965410,6509720,209904,reported,reported,R,R,2.132,1.076,0.2069,0.4104,88405,76137,123964,106761,2025
183701,Honolulu And County,HI,2013,False,953207,2010,2038,0,534,79,1040,0,57,4,8928,931,13673520,2040898,5886246,218630,reported,reported,R,R,2.138,1.091,0.2076,0.411,80511,67918,111265,93862,2025
183701,Honolulu And County,HI,2014,False,953207,2010,2192,0,586,110,1070,0,60,7,9928,2008,14047286,2117166,6113708,235236,reported,reported,R,R,2.3,1.123,0.2109,0.3936,76901,68565,104580,93243,2025
183701,Honolulu And County,HI,2015,False,953207,2010,2175,1,602,84,1057,0,67,7,10016,2001,14955630,2266670,7144344,253998,reported,reported,R,R,2.282,1.109,0.2168,0.3895,82514,81109,112080,110171,2025
183701,Honolulu And County,HI,2016,False,953207,2010,2193,0,602,64,1070,0,65,6,10164,2068,17629784,2382820,7976294,256010,reported,reported,R,R,2.301,1.123,0.2154,0.3867,96469,89454,129403,119993,2025
183701,Honolulu And County,HI,2017,True,998714,2010,2164,0,600,56,1095,0,64,9,10207,2058,17087838,2505460,9152690,294724,reported,reported,R,R,2.167,1.096,0.2171,0.3843,94757,100303,124455,131739,2025
183701,Honolulu And County,HI,2018,False,998714,2010,2123,6,594,53,1094,0,63,9,10126,2055,16158154,2529110,8507726,288616,imputed,reported,RX,R,2.126,1.095,0.2186,0.3826,91332,93321,117096,119646,2025
183701,Honolulu And County,HI,2019,False,998714,2010,2098,6,587,52,1095,0,63,9,10021,2032,16586624,2596175,8764057,297312,imputed,imputed,G,G,2.101,1.096,0.2186,0.3835,94871,96044,119469,120946,2025
183701,Honolulu And County,HI,2020,False,998714,2010,2130,6,596,48,1112,0,64,8,10174,1865,17801732,2786366,9406097,319093,imputed,imputed,G,G,2.133,1.113,0.2186,0.3835,100291,101505,124755,126265,2025
183701,Honolulu And County,HI,2021,False,998714,2020,2315,4,648,33,1209,0,70,6,11059,1293,18957249,2967230,10016650,339805,imputed,imputed,G,G,2.318,1.211,0.2187,0.3836,98267,99421,116752,118123,2025
183701,Honolulu And County,HI,2022,True,963826,2020,2461,4,648,33,1102,0,70,6,10697,1282,21126602,2993892,9348994,342859,imputed,imputed,CX,RX,2.553,1.143,0.2084,0.4002,103015,101804,113324,111992,2025
183701,Honolulu And County,HI,2023,False,963826,2020,2338,4,616,32,1047,0,67,6,10164,1261,25614072,3629820,11334800,415684,imputed,imputed,G,G,2.426,1.086,0.2085,0.4002,131467,129912,138906,137263,2025
183701,Honolulu And County,HI,2024,False,995638,2020,2405,5,634,37,1077,0,69,7,10454,1468,27544648,3903406,12189124,447014,imputed,imputed,G,G,2.416,1.082,0.2086,0.4003,137437,135812,141053,139386,2025
183701,Honolulu And County,HI,2025,False,989408,2020,2466,5,650,40,1104,0,71,8,10717,1599,29413472,4168240,13016120,477342,imputed,imputed,G,G,2.492,1.116,0.2086,0.4004,143131,141480,143131,141480,2025
164470,Cedar Rapids,IA,2012,True,126326,2010,201,0,54,0,144,0,5,0,1257,126,1171182,215419,798514,22382,reported,reported,R,R,1.591,1.14,0.2118,0.3214,69921,66543,98045,93308,2025
164470,Cedar Rapids,IA,2013,False,126326,2010,202,0,52,0,143,0,5,1,1251,113,1184534,220612,804251,22948,reported,reported,R,R,1.599,1.132,0.2047,0.3213,70368,67490,97247,93270,2025
164470,Cedar Rapids,IA,2014,False,126326,2010,202,0,57,0,143,0,5,1,1256,152,1235574,245850,788339,23580,reported,reported,R,R,1.599,1.132,0.2201,0.324,73400,66154,99818,89964,2025
164470,Cedar Rapids,IA,2015,False,126326,2010,206,0,57,0,142,0,5,5,1242,157,1303842,254151,813491,24158,reported,reported,R,R,1.631,1.124,0.2167,0.3301,75952,68746,103167,93379,2025
164470,Cedar Rapids,IA,2016,False,126326,2010,210,0,55,0,143,0,4,0,1253,150,1328833,254871,833136,20743,reported,reported,R,R,1.662,1.132,0.2075,0.3288,75933,69914,101856,93782,2025
164470,Cedar Rapids,IA,2017,True,130405,2010,213,0,54,0,140,0,5,1,1240,170,1406038,267745,834166,26379,reported,reported,R,R,1.633,1.074,0.2022,0.3323,79213,71500,104039,93909,2025
164470,Cedar Rapids,IA,2018,False,130405,2010,207,0,56,0,143,0,5,2,1254,178,1408574,261667,910908,26700,reported,reported,R,R,1.587,1.097,0.2129,0.3278,81656,76440,104691,98003,2025
164470,Cedar Rapids,IA,2019,False,132228,2010,211,0,57,0,138,0,5,1,1263,189,1427519,280898,900114,27707,reported,reported,R,R,1.596,1.044,0.2127,0.3254,81186,78271,102236,98565,2025
164470,Cedar Rapids,IA,2020,False,133562,2010,217,0,55,0,143,0,5,1,1275,194,1538634,277849,900825,26611,reported,reported,R,R,1.625,1.071,0.2022,0.3294,85086,75594,105841,94034,2025
164470,Cedar Rapids,IA,2021,False,133562,2020,213,0,55,0,138,0,5,0,1254,97,1639256,287961,950690,24955,reported,reported,R,R,1.595,1.033,0.2052,0.3278,92352,82669,109725,98220,2025
164470,Cedar Rapids,IA,2022,True,134027,2020,219,0,56,0,141,0,5,0,1298,136,1683269,294965,1051325,25630,reported,reported,R,R,1.634,1.052,0.2036,0.3243,92234,89474,101464,98428,2025
164470,Cedar Rapids,IA,2023,False,136467,2020,219,0,56,1,141,0,5,0,1304,131,1775078,323016,1056593,26970,reported,reported,R,R,1.605,1.033,0.2036,0.3229,97265,89923,102769,95011,2025
164470,Cedar Rapids,IA,2024,False,136429,2020,221,0,57,0,149,0,5,0,1298,130,1827505,330502,1152770,28270,reported,reported,R,R,1.62,1.092,0.205,0.3328,99231,92841,101842,95284,2025
164470,Cedar Rapids,IA,2025,False,135958,2020,221,0,57,0,140,0,5,0,1336,137,1935822,346115,1221015,29636,reported,reported,R,R,1.626,1.03,0.205,0.3166,105113,104658,105113,104658,2025
208060,Davenport,IA,2012,True,99685,2010,169,0,27,32,143,0,12,0,800,240,990003,102302,808445,64051,imputed,imputed,G,G,1.695,1.435,0.1378,0.4387,70296,67842,98571,95130,2025
208060,Davenport,IA,2013,False,99685,2010,161,0,26,22,136,0,2,1,782,253,970142,101248,771792,11426,reported,reported,R,R,1.615,1.364,0.139,0.4156,72309,68099,99930,94112,2025
208060,Davenport,IA,2014,False,99685,2010,166,0,27,21,136,0,1,1,767,272,1009247,109180,797307,4318,reported,reported,R,R,1.665,1.364,0.1399,0.4302,72958,70351,99217,95672,2025
208060,Davenport,IA,2015,False,99685,2010,165,0,23,21,141,0,0,1,766,243,1035661,93919,837117,0,reported,reported,R,R,1.655,1.414,0.1223,0.4295,75321,71244,102309,96772,2025
208060,Davenport,IA,2016,False,99685,2010,164,0,23,23,138,0,3,0,759,270,1036580,101169,827164,19864,reported,reported,R,R,1.645,1.384,0.123,0.4321,75847,71927,101740,96482,2025
208060,Davenport,IA,2017,True,102582,2010,156,0,23,23,134,0,1,0,752,307,1031955,103965,851118,4648,reported,reported,R,R,1.521,1.306,0.1285,0.4176,79381,76220,104260,100108,2025
208060,Davenport,IA,2018,False,102582,2010,158,0,23,21,136,0,1,0,752,258,1070222,100385,899383,4741,reported,reported,R,R,1.54,1.326,0.1271,0.4229,81283,79357,104213,101743,2025
208060,Davenport,IA,2019,False,102320,2010,169,0,20,21,132,0,1,0,769,225,1149394,90343,939544,4836,reported,reported,R,R,1.652,1.29,0.1058,0.4187,81614,85413,102775,107559,2025
208060,Davenport,IA,2020,False,101590,2010,166,0,23,19,135,0,1,0,768,255,1171986,109381,911714,4887,reported,reported,R,R,1.634,1.329,0.1217,0.4232,84722,81041,105388,100809,2025
208060,Davenport,IA,2021,False,101590,2020,165,0,21,0,132,0,1,0,775,177,1199979,100896,972333,4936,reported,reported,R,R,1.624,1.299,0.1129,0.4116,87271,88394,103688,105022,2025
208060,Davenport,IA,2022,True,101799,2020,160,0,24,0,132,0,2,0,764,250,1183850,141218,971354,9721,reported,reported,R,R,1.572,1.297,0.1304,0.4162,88789,88305,97675,97142,2025
208060,Davenport,IA,2023,False,101009,2020,158,0,27,1,134,0,2,0,776,223,1204264,135244,983043,10168,reported,reported,R,R,1.564,1.327,0.1459,0.4137,91463,88034,96638,93015,2025
208060,Davenport,IA,2024,False,100486,2020,163,0,23,1,135,0,2,0,764,226,1376710,136768,998811,11466,reported,reported,R,R,1.622,1.343,0.1237,0.4228,101353,88783,104020,91119,2025
208060,Davenport,IA,2025,False,100354,2020,153,0,27,2,135,0,2,0,770,207,1170381,148510,1022575,11917,reported,reported,R,R,1.525,1.345,0.15,0.4117,91795,90896,91795,90896,2025
208056,Des Moines,IA,2012,True,203433,2010,345,43,103,61,285,0,12,4,1861,235,2024845,393930,1562610,72177,reported,reported,R,R,1.696,1.401,0.2299,0.4003,70429,65794,98757,92258,2025
208056,Des Moines,IA,2013,False,203433,2010,330,39,103,61,265,0,8,4,1863,252,1992744,444213,1493009,51086,reported,reported,R,R,1.622,1.303,0.2379,0.379,72463,67608,100143,93433,2025
208056,Des Moines,IA,2014,False,203433,2010,326,37,113,57,278,0,8,0,1828,199,2195506,518090,1612151,46305,prorated,reported,CRT,CR,1.602,1.367,0.2574,0.3966,80816,69589,109904,94636,2025
208056,Des Moines,IA,2015,False,203433,2010,353,38,96,58,263,0,12,0,1826,217,2256654,458167,1578697,80529,reported,reported,R,R,1.735,1.293,0.2138,0.3965,76713,72032,104200,97842,2025
208056,Des Moines,IA,2016,False,203433,2010,353,38,96,58,263,0,12,0,1825,216,2391841,485614,1673270,85354,prorated,prorated,T,T,1.735,1.293,0.2138,0.3967,81309,76347,109067,102411,2025
208056,Des Moines,IA,2017,True,210330,2010,348,0,98,56,278,0,13,0,1846,161,2562181,490730,1909976,99805,reported,reported,R,R,1.655,1.322,0.2197,0.3992,88351,82445,116041,108284,2025
208056,Des Moines,IA,2018,False,210330,2010,360,4,96,12,286,0,10,0,1884,134,2759175,491083,2001696,76761,reported,reported,R,R,1.712,1.36,0.2105,0.3992,91972,83987,117917,107679,2025
208056,Des Moines,IA,2019,False,217521,2010,360,0,93,5,272,0,11,0,1779,102,2965045,481633,2021079,85486,reported,reported,R,R,1.655,1.25,0.2053,0.4137,98835,89165,124461,112283,2025
208056,Des Moines,IA,2020,False,214237,2010,355,0,94,15,277,0,11,0,1891,129,2910822,492808,2125962,94912,reported,reported,R,R,1.657,1.293,0.2094,0.3897,98394,92099,122395,114565,2025
208056,Des Moines,IA,2021,False,214237,2020,320,0,90,15,288,0,11,0,1830,107,2771068,495852,2294662,93297,reported,reported,R,R,1.494,1.344,0.2195,0.3874,103915,95611,123463,113597,2025
208056,Des Moines,IA,2022,True,212312,2020,358,0,97,17,291,0,13,0,1949,138,3291494,579939,2445282,123365,reported,reported,R,R,1.686,1.371,0.2132,0.3894,110329,100836,121370,110927,2025
208056,Des Moines,IA,2023,False,212031,2020,374,0,94,17,301,0,14,0,2004,141,3404261,583808,2614513,147790,reported,reported,R,R,1.764,1.42,0.2009,0.3907,109228,104233,115408,110131,2025
208056,Des Moines,IA,2024,False,211034,2020,364,0,96,17,295,0,17,0,2016,133,3446095,630839,2726820,174964,reported,reported,R,R,1.725,1.398,0.2087,0.3829,113608,110921,116597,113840,2025
208056,Des Moines,IA,2025,False,210381,2020,367,0,105,16,290,0,11,0,2030,138,3623559,729505,2795702,136203,reported,reported,R,R,1.744,1.378,0.2225,0.3808,118481,115684,118481,115684,2025
162035,Boise,ID,2012,True,205671,2010,304,7,57,14,239,0,39,1,1467,307,1897564,250122,1497924,266222,imputed,imputed,G,G,1.478,1.162,0.1579,0.4356,74904,75210,105032,105462,2025
162035,Boise,ID,2013,False,205671,2010,301,7,56,14,236,0,39,1,1452,306,1966011,259144,1551955,275825,imputed,imputed,G,G,1.464,1.147,0.1569,0.4353,78379,78913,108319,109057,2025
162035,Boise,ID,2014,False,205671,2010,266,8,83,3,252,1,30,0,1499,349,1723793,360999,1705151,183542,reported,reported,R,R,1.293,1.225,0.2378,0.4209,77765,81198,105755,110423,2025
162035,Boise,ID,2015,False,205671,2010,281,9,88,3,266,1,32,0,1583,377,1788529,374556,1769187,190435,imputed,imputed,G,G,1.366,1.293,0.2385,0.4214,76378,79813,103745,108411,2025
162035,Boise,ID,2016,False,205671,2010,294,9,92,3,278,1,33,0,1656,367,1868094,391219,1847892,198907,imputed,imputed,G,G,1.429,1.352,0.2383,0.4209,76249,79765,102280,106996,2025
162035,Boise,ID,2017,True,218281,2010,260,8,98,11,270,1,20,0,1688,365,1849022,470208,2030476,146400,reported,reported,R,R,1.191,1.237,0.2737,0.3839,85339,90243,112085,118526,2025
162035,Boise,ID,2018,False,218281,2010,254,0,101,19,266,1,22,0,1784,423,1813084,500615,2089792,169538,reported,reported,R,R,1.164,1.219,0.2845,0.3604,85658,94276,109822,120871,2025
162035,Boise,ID,2019,False,226570,2010,293,0,87,14,260,0,28,1,1690,398,2163973,400294,2208704,195459,reported,reported,R,R,1.293,1.148,0.2289,0.3953,88627,101940,111606,128371,2025
162035,Boise,ID,2020,False,228959,2010,281,0,83,13,267,0,17,0,1738,422,2155780,398780,2161044,85747,prorated,reported,T,R,1.227,1.166,0.228,0.3728,92062,97126,114519,120818,2025
162035,Boise,ID,2021,False,228959,2020,277,0,101,9,280,0,22,1,1722,203,2191345,571359,2316205,147932,reported,reported,R,R,1.21,1.223,0.2672,0.3949,94932,99266,112790,117939,2025
162035,Boise,ID,2022,True,229776,2020,273,1,99,10,277,1,24,1,1669,317,1780124,464139,2271822,152926,prorated,reported,T,CR,1.188,1.206,0.2661,0.4032,78247,98418,86078,108267,2025
162035,Boise,ID,2023,False,237446,2020,302,0,82,10,280,1,19,2,1717,313,2871466,456606,2739834,136487,reported,reported,CR,R,1.272,1.179,0.2135,0.3978,114098,117421,120554,124065,2025
162035,Boise,ID,2024,False,236634,2020,327,1,97,9,266,0,54,2,2025,371,3110315,461150,2662134,431342,imputed,imputed,X,X,1.382,1.124,0.2288,0.3674,114140,120096,117143,123256,2025
162035,Boise,ID,2025,False,235421,2020,323,1,96,9,263,0,53,2,2000,367,3234974,479632,2768831,448630,reported,reported,R,R,1.372,1.117,0.2291,0.3675,120185,126334,120185,126334,2025
162037,Meridian,ID,2012,True,75092,2010,86,1,25,3,62,11,3,0,334,38,486060,77592,408569,9203,reported,reported,R,R,1.145,0.826,0.2252,0.5269,67822,79078,95102,110885,2025
162037,Meridian,ID,2013,False,75092,2010,85,1,24,2,67,6,3,0,333,32,474352,73313,422784,9197,reported,reported,R,R,1.132,0.892,0.2202,0.5375,66967,75723,92547,104648,2025
162037,Meridian,ID,2014,False,75092,2010,89,1,22,1,67,1,4,0,342,28,489835,70632,429229,11969,reported,reported,R,R,1.185,0.892,0.1982,0.5322,66045,76877,89816,104547,2025
162037,Meridian,ID,2015,False,75092,2010,85,0,23,1,65,0,4,1,359,30,512872,71574,446848,12064,reported,reported,R,R,1.132,0.866,0.213,0.493,72405,82495,98349,112054,2025
162037,Meridian,ID,2016,False,75092,2010,93,0,24,1,65,0,4,0,375,33,565009,78840,429772,12398,reported,reported,R,R,1.238,0.866,0.2051,0.496,72904,79343,97793,106430,2025
162037,Meridian,ID,2017,True,90739,2010,101,0,24,1,71,0,4,1,405,28,616727,86161,462469,13522,reported,reported,R,R,1.113,0.782,0.192,0.4938,73274,78164,96239,102661,2025
162037,Meridian,ID,2018,False,90739,2010,105,0,26,1,84,0,4,0,426,29,665009,89847,545956,14175,reported,reported,R,R,1.157,0.926,0.1985,0.5141,76001,77994,97440,99996,2025
162037,Meridian,ID,2019,False,99926,2010,109,0,29,1,85,0,5,1,468,35,693362,107965,496626,16888,reported,reported,R,R,1.091,0.851,0.2101,0.4872,76333,70112,96124,88290,2025
162037,Meridian,ID,2020,False,114161,2010,109,0,29,1,85,0,5,1,468,35,719258,111997,515174,17519,imputed,imputed,G,G,0.955,0.745,0.2101,0.4872,79184,72730,98499,90471,2025
162037,Meridian,ID,2021,False,114161,2020,128,0,27,0,80,0,11,0,487,33,909433,103243,596006,38981,reported,reported,R,CR,1.121,0.701,0.1742,0.5051,85259,89401,101297,106218,2025
162037,Meridian,ID,2022,True,121182,2020,126,0,38,0,86,0,6,0,506,35,963780,146557,675128,24166,imputed,reported,RX,R,1.04,0.71,0.2317,0.5059,91789,94204,100975,103632,2025
162037,Meridian,ID,2023,False,125963,2020,141,0,36,0,91,0,19,0,566,40,1074725,213049,656970,50898,reported,reported,R,CR,1.119,0.722,0.2034,0.5071,91466,86633,96641,91535,2025
162037,Meridian,ID,2024,False,129736,2020,129,0,41,0,105,0,19,0,580,50,1193004,208413,904061,58797,reported,reported,R,CR,0.994,0.809,0.2412,0.5069,110977,103321,113897,106040,2025
162037,Meridian,ID,2025,False,134801,2020,137,0,43,0,126,0,20,0,624,22,1276495,222067,1025934,63723,reported,reported,R,CR,1.016,0.935,0.2389,0.5224,111810,97708,111810,97708,2025
162062,Nampa,ID,2012,True,81557,2010,114,0,47,1,86,0,0,0,524,116,672614,181368,521048,0,reported,reported,R,R,1.398,1.054,0.2919,0.4714,70801,72704,99279,101948,2025
162062,Nampa,ID,2013,False,81557,2010,134,0,22,0,85,0,0,0,510,127,803500,79031,501998,0,reported,reported,R,R,1.643,1.042,0.141,0.4725,71955,70870,99441,97941,2025
162062,Nampa,ID,2014,False,81557,2010,144,0,24,0,89,0,0,0,523,139,858986,84488,546295,0,prorated,reported,T,R,1.766,1.091,0.1429,0.4914,71582,73658,97346,100169,2025
162062,Nampa,ID,2015,False,81557,2010,110,0,22,0,84,0,0,0,482,139,787881,82068,536041,0,imputed,reported,RX,R,1.349,1.03,0.1667,0.4481,85951,76577,116748,104015,2025
162062,Nampa,ID,2016,False,81557,2010,113,0,48,0,86,0,0,0,517,140,769637,223472,551875,0,reported,reported,R,R,1.386,1.054,0.2981,0.4778,81731,77006,109633,103295,2025
162062,Nampa,ID,2017,True,89839,2010,113,0,55,0,84,0,0,0,543,133,835957,256244,548197,0,reported,reported,R,R,1.258,0.935,0.3274,0.4641,88774,78314,116597,102858,2025
162062,Nampa,ID,2018,False,89839,2010,118,0,53,0,87,0,0,0,551,119,798545,217908,571385,0,reported,reported,R,R,1.313,0.968,0.3099,0.4682,81208,78812,104116,101044,2025
162062,Nampa,ID,2019,False,93590,2010,124,0,56,0,92,0,0,0,581,120,853804,232987,610924,0,imputed,imputed,G,G,1.325,0.983,0.3111,0.4682,82626,79686,104049,100347,2025
162062,Nampa,ID,2020,False,99277,2010,133,0,45,0,92,0,4,0,600,148,941738,214770,660214,28786,reported,reported,R,CR,1.34,0.927,0.2528,0.4567,84969,86115,105696,107121,2025
162062,Nampa,ID,2021,False,99277,2020,158,0,20,0,86,0,9,0,610,124,1058722,110065,619395,68294,reported,reported,CR,R,1.592,0.866,0.1124,0.4475,80409,86427,95535,102685,2025
162062,Nampa,ID,2022,True,103215,2020,152,0,44,2,0,0,0,0,547,136,1051789,202254,0,0,reported,,R,,1.473,0.0,0.2245,0.3583,83036,,91346,,2025
162062,Nampa,ID,2023,False,106186,2020,160,1,37,3,0,0,0,0,559,159,1238714,192955,0,0,reported,,R,,1.507,0.0,0.1878,0.3524,92904,,98161,,2025
162062,Nampa,ID,2024,False,110951,2020,166,1,39,3,0,0,0,0,602,141,1391132,216697,0,0,prorated,,T,,1.496,0.0,0.1902,0.3405,100564,,103210,,2025
162062,Nampa,ID,2025,False,114268,2020,166,1,39,3,0,0,0,0,602,141,1425021,221976,0,0,imputed,,G,,1.453,0.0,0.1902,0.3405,103014,,103014,,2025
189929,Aurora,IL,2012,True,197899,2010,265,0,107,61,192,0,5,1,1239,185,2156534,421007,1536347,29561,imputed,imputed,G,G,1.339,0.97,0.2876,0.4592,97654,96022,136933,134645,2025
189929,Aurora,IL,2013,False,197899,2010,265,0,107,62,192,0,5,1,1239,189,2262777,441748,1612036,31017,imputed,imputed,G,G,1.339,0.97,0.2876,0.4592,102465,100752,141605,139238,2025
189929,Aurora,IL,2014,False,197899,2010,265,0,107,66,192,0,5,1,1239,202,2296764,448383,1636249,31483,imputed,imputed,G,G,1.339,0.97,0.2876,0.4592,104004,102266,141438,139074,2025
189929,Aurora,IL,2015,False,197899,2010,267,0,108,65,194,0,5,1,1250,201,2346360,458065,1671582,32163,imputed,imputed,G,G,1.349,0.98,0.288,0.4592,105454,103397,143239,140445,2025
189929,Aurora,IL,2016,False,197899,2010,267,0,108,62,194,0,5,1,1250,192,2443344,476999,1740675,33492,imputed,imputed,G,G,1.349,0.98,0.288,0.4592,109813,107671,147302,144429,2025
189929,Aurora,IL,2017,True,200661,2010,300,0,36,30,206,0,5,3,1015,131,2972804,224976,2223564,31816,imputed,imputed,G,G,1.495,1.027,0.1071,0.5389,118912,129528,156180,170123,2025
189929,Aurora,IL,2018,False,200661,2010,298,0,36,30,205,0,5,3,1011,131,3019191,228487,2258260,32313,imputed,imputed,G,G,1.485,1.022,0.1078,0.5381,121578,132191,155875,169481,2025
189929,Aurora,IL,2019,False,200965,2010,299,0,36,30,206,0,5,3,1013,131,3099485,234563,2318317,33172,imputed,imputed,G,G,1.488,1.025,0.1075,0.539,124394,135048,156647,170063,2025
189929,Aurora,IL,2020,False,197757,2010,298,0,36,30,205,0,5,3,1011,131,3131357,236975,2342156,33513,reported,reported,R,R,1.507,1.037,0.1078,0.5381,126095,137102,156853,170545,2025
189929,Aurora,IL,2021,False,197757,2020,288,0,35,27,198,0,5,3,978,119,3126149,236581,2338261,33458,imputed,imputed,G,G,1.456,1.001,0.1084,0.5378,130256,141713,154759,168371,2025
189929,Aurora,IL,2022,True,196383,2020,289,0,35,27,199,0,5,3,980,119,3262086,246869,2439939,34913,imputed,imputed,G,G,1.472,1.013,0.108,0.5388,135450,147132,149005,161857,2025
189929,Aurora,IL,2023,False,179266,2020,296,0,36,30,204,0,5,3,1005,131,3413758,258347,2553386,36536,imputed,imputed,G,G,1.651,1.138,0.1084,0.5383,138396,150199,146227,158698,2025
189929,Aurora,IL,2024,False,177866,2020,305,0,37,33,210,0,5,3,1035,142,3662090,277140,2739131,39193,imputed,imputed,G,G,1.715,1.181,0.1082,0.5382,144082,156522,147873,160641,2025
189929,Aurora,IL,2025,False,177563,2020,312,0,38,33,215,0,5,3,1059,141,3874260,293196,2897829,41463,imputed,imputed,G,G,1.757,1.211,0.1086,0.5382,149010,161739,149010,161739,2025
162236,Chicago,IL,2012,True,2695598,2010,12036,0,683,856,3383,0,1670,0,32712,856,82870786,3375570,23836053,13537903,reported,imputed,R,G,4.465,1.255,0.0537,0.5433,82623,84550,115856,118558,2025
162236,Chicago,IL,2013,False,2695598,2010,11804,0,683,793,3097,0,1701,0,31073,793,79809108,3417172,21736181,14224851,reported,reported,R,R,4.379,1.149,0.0547,0.5563,81134,84222,112126,116394,2025
162236,Chicago,IL,2014,False,2695598,2010,12061,0,750,730,3034,0,1841,0,31419,730,81040634,4402926,23067460,15829237,reported,reported,R,R,4.474,1.126,0.0585,0.5629,80631,91236,109652,124074,2025
162236,Chicago,IL,2015,False,2695598,2010,11983,0,754,735,2946,0,1850,0,31403,735,80176388,4900113,22691400,16290770,reported,reported,CR,R,4.445,1.093,0.0592,0.5583,80290,92429,109059,125547,2025
162236,Chicago,IL,2016,False,2695598,2010,11831,0,716,756,2943,0,1848,0,31193,756,86416072,4884610,23629321,16964129,reported,imputed,R,G,4.389,1.092,0.0571,0.5558,87650,96348,117573,129240,2025
162236,Chicago,IL,2017,True,2720546,2010,12195,0,663,0,3779,0,816,0,30444,2129,90185128,4087334,29884772,5999854,reported,imputed,R,G,4.483,1.389,0.0516,0.5733,88743,94897,116556,124639,2025
162236,Chicago,IL,2018,False,2720546,2010,13118,13,708,11,3816,0,824,0,31585,2174,97176539,4038759,30848839,6193406,imputed,imputed,X,G,4.822,1.403,0.0512,0.5846,88895,97009,113972,124375,2025
162236,Chicago,IL,2019,False,2716450,2010,13118,13,708,11,3805,0,822,0,31534,2168,100152345,4162437,31586612,6341526,reported,reported,R,R,4.829,1.401,0.0512,0.5852,91617,99616,115371,125444,2025
162236,Chicago,IL,2020,False,2693976,2010,12896,12,908,10,3873,0,853,0,31082,1846,99171288,5887564,32189637,6665768,reported,reported,R,R,4.787,1.438,0.0658,0.5962,92281,99736,114791,124065,2025
162236,Chicago,IL,2021,False,2693976,2020,12191,7,622,3,3953,0,832,0,30062,996,95032959,3897760,35754288,7237745,reported,reported,R,R,4.525,1.467,0.0485,0.5854,93544,108538,111141,128955,2025
162236,Chicago,IL,2022,True,2677643,2020,11596,5,576,0,3946,0,849,0,29512,870,100811773,3769360,36067023,7337711,reported,reported,R,R,4.331,1.474,0.0473,0.5749,104324,109682,114764,120659,2025
162236,Chicago,IL,2023,False,2696555,2020,11758,6,618,0,3905,0,836,0,30203,736,103548518,4190049,35968251,7306511,reported,reported,R,R,4.36,1.448,0.0499,0.5667,105680,110530,111660,116784,2025
162236,Chicago,IL,2024,False,2665039,2020,11474,35,665,0,3952,0,875,0,30564,1015,107802144,4868639,37062483,7735552,reported,reported,R,R,4.305,1.483,0.0548,0.5551,112744,112538,115711,115499,2025
162236,Chicago,IL,2025,False,2664452,2020,11460,13,703,17,3968,0,893,0,31014,1008,113292733,5211967,36609086,7873759,reported,reported,R,R,4.301,1.489,0.0578,0.5489,118631,110713,118631,110713,2025
102716,Elgin,IL,2012,True,108188,2010,173,0,53,48,129,0,3,1,605,272,1391656,291371,1081158,15814,reported,reported,R,R,1.599,1.192,0.2345,0.5917,96531,100573,135358,141026,2025
102716,Elgin,IL,2013,False,108188,2010,173,0,53,49,129,0,3,1,605,277,1460029,305687,1134276,16591,imputed,imputed,G,G,1.599,1.192,0.2345,0.5917,101274,105514,139959,145819,2025
102716,Elgin,IL,2014,False,108188,2010,173,0,53,52,129,0,3,1,605,295,1481959,310278,1151313,16840,imputed,imputed,G,G,1.599,1.192,0.2345,0.5917,102795,107099,139793,145647,2025
102716,Elgin,IL,2015,False,108188,2010,175,0,53,52,130,0,3,1,609,293,1513960,316978,1176174,17204,imputed,imputed,G,G,1.618,1.202,0.2325,0.5928,103814,108570,141012,147472,2025
102716,Elgin,IL,2016,False,108188,2010,175,0,53,50,130,0,3,1,609,281,1576538,330080,1224790,17915,imputed,imputed,G,G,1.618,1.202,0.2325,0.5928,108105,113058,145011,151655,2025
102716,Elgin,IL,2017,True,112111,2010,176,0,53,49,131,0,3,1,611,273,1612775,337667,1252942,18327,imputed,imputed,G,G,1.57,1.168,0.2314,0.5941,109962,114773,144425,150744,2025
102716,Elgin,IL,2018,False,112111,2010,234,0,71,67,174,0,4,1,815,374,1853685,388106,1440102,21064,prorated,prorated,T,T,2.087,1.552,0.2328,0.5926,95061,99317,121877,127334,2025
102716,Elgin,IL,2019,False,112456,2010,191,0,54,20,132,0,6,1,662,265,1772043,420772,1246541,28391,reported,reported,R,CR,1.698,1.174,0.2204,0.5785,111333,113322,140199,142704,2025
102716,Elgin,IL,2020,False,110849,2010,204,0,65,22,142,0,8,1,730,252,1643717,414445,1322030,34192,imputed,imputed,G,G,1.84,1.281,0.2416,0.574,96689,111721,120274,138973,2025
102716,Elgin,IL,2021,False,110849,2020,194,0,62,21,135,0,7,1,691,240,1652277,416603,1328915,34370,,,,,1.75,1.218,0.2422,0.576,102203,118126,121429,140347,2025
102716,Elgin,IL,2022,True,110196,2020,188,0,60,20,131,0,7,1,629,274,1684230,424660,1354614,35035,reported,reported,CR,CR,1.706,1.189,0.2419,0.6137,107504,124087,118263,136505,2025
102716,Elgin,IL,2023,False,113911,2020,187,0,61,19,135,2,2,0,682,263,2012666,501056,1499521,10961,reported,reported,R,R,1.642,1.185,0.246,0.5645,129155,133291,136463,140833,2025
102716,Elgin,IL,2024,False,113177,2020,191,0,60,10,134,0,7,1,698,289,2226004,513458,1537110,33980,reported,reported,R,CR,1.688,1.184,0.239,0.5616,139854,137652,143534,141274,2025
102716,Elgin,IL,2025,False,113310,2020,210,0,55,8,138,0,2,0,730,328,2524185,507640,1639900,12304,reported,reported,R,CR,1.853,1.218,0.2075,0.5548,144239,142600,144239,142600,2025
162690,Joliet,IL,2012,True,147433,2010,255,0,68,46,203,0,3,2,862,180,2188314,390553,1707046,14183,imputed,imputed,G,G,1.73,1.377,0.2105,0.6137,102979,100909,144400,141497,2025
162690,Joliet,IL,2013,False,147433,2010,255,0,68,47,203,0,3,2,862,180,2296122,409794,1791145,14882,imputed,imputed,G,G,1.73,1.377,0.2105,0.6137,108053,105880,149328,146325,2025
162690,Joliet,IL,2014,False,147433,2010,252,0,68,39,198,0,5,2,817,152,2061425,388553,1710364,39472,reported,reported,R,R,1.709,1.343,0.2125,0.6401,98163,103658,133494,140967,2025
162690,Joliet,IL,2015,False,147433,2010,254,0,69,39,200,0,5,2,821,148,2105939,396943,1747298,40324,imputed,imputed,G,G,1.723,1.357,0.2136,0.6431,99493,104838,135143,142403,2025
162690,Joliet,IL,2016,False,147433,2010,254,0,69,37,200,0,5,2,821,141,2192985,413350,1819520,41991,imputed,imputed,G,G,1.723,1.357,0.2136,0.6431,103606,109171,138976,146441,2025
162690,Joliet,IL,2017,True,147861,2010,255,0,69,36,201,0,5,2,824,139,2243390,422851,1861341,42956,imputed,imputed,G,G,1.725,1.359,0.213,0.6432,105571,111125,138658,145953,2025
162690,Joliet,IL,2018,False,147861,2010,255,0,69,36,201,0,5,2,825,146,2274258,428669,1886952,43547,imputed,imputed,G,G,1.725,1.359,0.213,0.6424,107024,112654,137215,144433,2025
162690,Joliet,IL,2019,False,148462,2010,250,0,68,35,197,0,5,2,807,140,2299567,433439,1907951,44032,imputed,imputed,G,G,1.684,1.327,0.2138,0.6444,110379,116220,138998,146353,2025
162690,Joliet,IL,2020,False,147344,2010,250,0,68,34,197,0,5,2,805,140,2309191,435253,1915936,44216,imputed,imputed,G,G,1.697,1.337,0.2138,0.646,110841,116707,137879,145175,2025
162690,Joliet,IL,2021,False,147344,2020,241,0,66,30,190,0,5,2,777,124,2305351,434529,1912750,44142,imputed,imputed,G,G,1.636,1.289,0.215,0.6461,114789,120805,136382,143530,2025
162690,Joliet,IL,2022,True,146673,2020,242,0,66,30,191,0,5,2,781,119,2405597,453424,1995924,46061,imputed,imputed,G,G,1.65,1.302,0.2143,0.6453,119286,125398,131224,137947,2025
162690,Joliet,IL,2023,False,150372,2020,209,0,110,28,151,0,59,0,897,111,1699845,972010,1309717,659700,imputed,imputed,X,X,1.39,1.004,0.3448,0.5897,97599,104083,103121,109972,2025
162690,Joliet,IL,2024,False,150033,2020,215,0,113,29,156,0,61,0,927,111,1816799,1038887,1399828,705089,imputed,imputed,X,X,1.433,1.04,0.3445,0.5879,101403,107679,104071,110512,2025
162690,Joliet,IL,2025,False,150489,2020,218,0,115,29,158,0,62,0,940,111,1930174,1103717,1487183,749089,reported,reported,R,R,1.449,1.05,0.3453,0.5883,106248,112951,106248,112951,2025
162299,Naperville,IL,2012,True,141853,2010,164,0,94,17,182,0,15,0,989,268,1450094,438792,1338157,115672,reported,reported,R,R,1.156,1.283,0.3643,0.4601,106104,88230,148782,123719,2025
162299,Naperville,IL,2013,False,141853,2010,164,0,94,17,182,0,15,0,989,273,1521337,460350,1403901,121355,imputed,imputed,G,G,1.156,1.283,0.3643,0.4601,111317,92565,153838,127923,2025
162299,Naperville,IL,2014,False,141853,2010,205,0,60,20,178,0,15,0,956,227,1585420,214958,1399628,115661,reported,reported,R,R,1.445,1.255,0.2264,0.4791,92805,94357,126208,128318,2025
162299,Naperville,IL,2015,False,141853,2010,157,0,103,23,181,0,15,0,980,235,1362813,592262,1401656,113522,reported,reported,R,R,1.107,1.276,0.3962,0.4653,104164,92927,141487,126224,2025
162299,Naperville,IL,2016,False,141853,2010,165,4,92,19,182,0,14,0,991,238,1612166,493981,1456528,117069,reported,reported,R,R,1.163,1.283,0.358,0.4571,117248,96035,157275,128820,2025
162299,Naperville,IL,2017,True,147100,2010,163,1,97,7,190,0,12,0,995,213,1530262,530893,1173725,88979,reported,reported,R,CR,1.108,1.292,0.3731,0.4643,112657,74130,147965,97363,2025
162299,Naperville,IL,2018,False,147100,2010,174,4,107,5,167,0,9,0,979,197,1656985,641909,1416626,76222,reported,reported,R,R,1.183,1.135,0.3808,0.4668,114275,101793,146511,130508,2025
162299,Naperville,IL,2019,False,147682,2010,194,4,58,4,182,0,16,0,972,190,1796958,364499,1598603,135696,reported,reported,R,R,1.314,1.232,0.2302,0.463,111152,105402,139971,132730,2025
162299,Naperville,IL,2020,False,148449,2010,201,4,60,4,196,0,0,0,1035,174,1878029,380941,1794617,0,prorated,reported,T,R,1.354,1.32,0.2299,0.4415,112121,109875,139471,136677,2025
162299,Naperville,IL,2021,False,148449,2020,194,4,58,4,189,0,0,0,999,155,1874907,380308,1791632,0,imputed,imputed,G,G,1.307,1.273,0.2302,0.4414,115974,113754,137790,135153,2025
162299,Naperville,IL,2022,True,147986,2020,195,4,58,4,190,0,0,0,1001,157,1956434,396844,1869539,0,imputed,imputed,G,G,1.318,1.284,0.2292,0.4426,120396,118076,132445,129893,2025
162299,Naperville,IL,2023,False,149104,2020,200,4,59,4,195,0,0,0,1026,176,2047399,415296,1956465,0,imputed,imputed,G,G,1.341,1.308,0.2278,0.4425,122844,120398,129795,127210,2025
162299,Naperville,IL,2024,False,149936,2020,206,4,61,4,201,0,0,0,1057,192,2196337,445505,2098786,0,imputed,imputed,G,G,1.374,1.341,0.2285,0.4428,127942,125301,131308,128598,2025
162299,Naperville,IL,2025,False,150245,2020,210,4,62,4,205,0,0,0,1079,190,2323585,471317,2220384,0,imputed,imputed,G,G,1.398,1.364,0.2279,0.4421,132776,129974,132776,129974,2025
193205,Peoria,IL,2012,True,115007,2010,212,0,35,0,194,0,7,0,813,47,1679845,151730,1274879,33249,imputed,imputed,G,G,1.843,1.687,0.1417,0.551,95086,78858,133332,110577,2025
193205,Peoria,IL,2013,False,115007,2010,214,0,25,0,205,0,4,0,719,75,1864308,112391,1353070,18142,reported,reported,R,R,1.861,1.783,0.1046,0.6231,104541,79204,144474,109459,2025
193205,Peoria,IL,2014,False,115007,2010,202,0,38,0,196,0,9,0,719,80,1657282,236022,1338402,46208,reported,reported,R,CR,1.756,1.704,0.1583,0.6189,98452,81943,133887,111436,2025
193205,Peoria,IL,2015,False,115007,2010,223,0,29,0,201,0,7,0,767,42,1869619,143094,1496471,30818,reported,reported,R,R,1.939,1.748,0.1151,0.5997,100607,89342,136656,121354,2025
193205,Peoria,IL,2016,False,115007,2010,213,0,26,0,195,0,7,0,728,59,1985718,126715,1550726,36715,reported,reported,R,R,1.852,1.696,0.1088,0.6058,111871,95429,150063,128008,2025
193205,Peoria,IL,2017,True,115070,2010,222,0,29,10,206,0,7,3,754,96,2212563,144861,1526113,38416,reported,reported,R,R,1.929,1.79,0.1155,0.6154,119598,88900,157081,116762,2025
193205,Peoria,IL,2018,False,115070,2010,212,0,26,4,199,0,7,0,720,89,1978556,129226,2002568,38163,reported,reported,R,R,1.842,1.729,0.1092,0.6167,111994,120758,143587,154823,2025
193205,Peoria,IL,2019,False,112883,2010,211,0,20,4,189,0,6,0,706,78,1865624,93252,1439844,33334,reported,reported,R,R,1.869,1.674,0.0866,0.6034,106102,91419,133612,115122,2025
193205,Peoria,IL,2020,False,110417,2010,216,0,21,7,181,0,6,0,704,78,1865602,92699,1478717,37437,reported,reported,R,R,1.956,1.639,0.0886,0.6023,103645,98036,128927,121950,2025
193205,Peoria,IL,2021,False,110417,2020,204,0,21,0,117,0,61,0,641,67,1496741,86429,846299,442396,,,,,1.848,1.06,0.0933,0.6287,88044,86800,104606,103128,2025
193205,Peoria,IL,2022,True,109428,2020,197,0,20,0,113,0,59,0,620,64,1525686,88101,862665,450951,reported,reported,R,R,1.8,1.033,0.0922,0.6274,92935,91610,102236,100778,2025
193205,Peoria,IL,2023,False,111666,2020,222,0,24,0,127,0,67,0,712,82,1688816,96262,942579,499168,prorated,prorated,T,T,1.988,1.137,0.0976,0.618,91287,89063,96452,94102,2025
193205,Peoria,IL,2024,False,111021,2020,229,0,25,0,131,0,68,0,733,87,1811671,103263,1011148,535481,imputed,imputed,G,G,2.063,1.18,0.0984,0.618,94935,92624,97433,95061,2025
193205,Peoria,IL,2025,False,110460,2020,234,0,25,0,134,0,69,0,746,87,1916633,109245,1069731,566506,imputed,imputed,G,G,2.118,1.213,0.0965,0.6193,98289,95797,98289,95797,2025
102882,Rockford,IL,2012,True,152871,2010,274,0,30,7,254,0,57,2,1058,52,1890460,129974,1890816,336614,reported,reported,R,R,1.792,1.662,0.0987,0.5813,82794,89330,116096,125261,2025
102882,Rockford,IL,2013,False,152871,2010,274,0,30,7,254,0,57,2,1058,53,1983339,136359,1983712,353151,imputed,imputed,G,G,1.792,1.662,0.0987,0.5813,86862,93719,120042,129518,2025
102882,Rockford,IL,2014,False,152871,2010,274,0,30,7,254,0,57,2,1058,56,2013129,138407,2013507,358455,imputed,imputed,G,G,1.792,1.662,0.0987,0.5813,88166,95126,119899,129364,2025
102882,Rockford,IL,2015,False,152871,2010,276,0,30,7,256,0,58,2,1067,56,2056601,141396,2056987,366195,imputed,imputed,G,G,1.805,1.675,0.098,0.5811,89417,96421,121456,130970,2025
102882,Rockford,IL,2016,False,152871,2010,276,0,30,7,256,0,58,2,1067,54,2141608,147240,2142010,381331,imputed,imputed,G,G,1.805,1.675,0.098,0.5811,93113,100407,124901,134685,2025
102882,Rockford,IL,2017,True,148276,2010,277,0,30,7,257,0,58,2,1070,53,2190833,150624,2191244,390096,imputed,imputed,G,G,1.868,1.733,0.0977,0.5813,94910,102315,124656,134382,2025
102882,Rockford,IL,2018,False,148276,2010,335,0,33,6,273,0,60,0,1096,89,896097,134897,2233893,336939,reported,reported,CR,R,2.259,1.841,0.0897,0.6396,32099,98193,41154,125893,2025
102882,Rockford,IL,2019,False,147051,2010,308,0,37,5,272,0,60,0,1046,42,2298327,155647,2066564,367806,reported,reported,R,R,2.095,1.85,0.1072,0.6472,89545,91172,112762,114811,2025
102882,Rockford,IL,2020,False,145609,2010,299,0,35,3,279,0,53,0,1142,35,2419217,164369,2285337,382730,reported,reported,R,R,2.053,1.916,0.1048,0.5832,97092,98294,120776,122271,2025
102882,Rockford,IL,2021,False,145609,2020,295,0,37,5,270,1,53,1,1092,10,2467903,169043,2291730,366188,reported,reported,R,R,2.026,1.854,0.1114,0.5998,100389,101855,119273,121015,2025
102882,Rockford,IL,2022,True,144835,2020,280,0,40,2,261,1,56,1,1053,22,2624580,180562,2264229,379152,reported,reported,R,R,1.933,1.802,0.125,0.6049,112482,104102,123739,114520,2025
102882,Rockford,IL,2023,False,147711,2020,279,0,41,1,266,0,61,0,1089,20,2678943,203442,2564851,405403,reported,reported,R,R,1.889,1.801,0.1281,0.5941,115223,115708,121743,122255,2025
102882,Rockford,IL,2024,False,146713,2020,279,0,41,1,270,0,60,0,1095,18,2752178,227770,2659136,428390,reported,reported,R,R,1.902,1.84,0.1281,0.5936,118373,118184,121488,121294,2025
102882,Rockford,IL,2025,False,146120,2020,259,0,60,2,285,0,54,0,1097,18,2735937,440807,2964251,402785,reported,reported,R,R,1.773,1.95,0.1881,0.5998,126762,124811,126762,124811,2025
162629,Springfield,IL,2012,True,116250,2010,254,0,48,0,185,0,11,0,1614,0,1396992,231181,1218749,57587,imputed,imputed,G,G,2.185,1.591,0.1589,0.3086,66000,79054,92547,110852,2025
162629,Springfield,IL,2013,False,116250,2010,254,0,48,0,185,0,11,0,1614,0,1465816,242570,1278791,60424,imputed,imputed,G,G,2.185,1.591,0.1589,0.3086,69251,82949,95704,114634,2025
162629,Springfield,IL,2014,False,116250,2010,240,0,31,0,212,0,9,0,1414,0,1589937,115756,1427632,48867,reported,reported,R,R,2.065,1.824,0.1144,0.3479,79497,80809,108110,109894,2025
162629,Springfield,IL,2015,False,116250,2010,242,0,31,0,214,0,9,0,1425,0,1624270,118256,1458460,49922,imputed,imputed,G,G,2.082,1.841,0.1136,0.3481,80542,81783,109401,111087,2025
162629,Springfield,IL,2016,False,116250,2010,242,0,31,0,214,0,9,0,1424,0,1691407,123144,1518744,51985,imputed,imputed,G,G,2.082,1.841,0.1136,0.3483,83871,85163,112504,114237,2025
162629,Springfield,IL,2017,True,116565,2010,243,0,31,0,215,0,9,0,1431,0,1730284,125974,1553652,53180,imputed,imputed,G,G,2.085,1.844,0.1131,0.348,85446,86715,112226,113892,2025
162629,Springfield,IL,2018,False,116565,2010,243,0,31,0,215,0,9,0,1430,0,1754092,127707,1575030,53912,imputed,imputed,G,G,2.085,1.844,0.1131,0.3483,86622,87909,111058,112708,2025
162629,Springfield,IL,2019,False,114868,2010,238,0,30,0,211,0,9,0,1401,0,1773613,129128,1592558,54512,imputed,imputed,G,G,2.072,1.837,0.1119,0.3483,89426,90572,112612,114055,2025
162629,Springfield,IL,2020,False,114230,2010,238,0,30,0,211,0,9,0,1401,0,1781036,129668,1599223,54740,imputed,imputed,G,G,2.084,1.847,0.1119,0.3483,89800,90951,111705,113137,2025
162629,Springfield,IL,2021,False,114230,2020,230,0,29,0,204,0,9,0,1353,0,1778074,129452,1596564,54649,imputed,imputed,G,G,2.013,1.786,0.112,0.3489,92769,93916,110220,111583,2025
162629,Springfield,IL,2022,True,113671,2020,237,0,25,1,213,0,6,0,1271,22,2007643,114167,1624795,32090,,,,,2.085,1.874,0.0954,0.3784,101653,91538,111826,100699,2025
162629,Springfield,IL,2023,False,113394,2020,242,0,25,1,217,0,6,0,1295,23,2097231,119262,1697299,33522,imputed,imputed,X,X,2.134,1.914,0.0936,0.3784,103995,93860,109879,99171,2025
162629,Springfield,IL,2024,False,113273,2020,249,0,26,1,223,0,6,0,1331,23,2242908,127546,1815196,35851,reported,reported,R,R,2.198,1.969,0.0945,0.3787,108092,97679,110936,100249,2025
162629,Springfield,IL,2025,False,112544,2020,254,0,27,1,228,0,6,0,1359,23,2372855,134936,1920364,37929,imputed,imputed,G,G,2.257,2.026,0.0961,0.379,112103,101072,112103,101072,2025
126027,Carmel,IN,2012,True,79191,2010,111,0,33,13,154,0,14,6,522,53,615921,163771,1080321,53907,reported,reported,R,R,1.402,1.945,0.2292,0.5977,66586,84181,93369,118041,2025
126027,Carmel,IN,2013,False,79191,2010,109,0,17,2,151,0,9,2,511,32,605323,80625,990103,50907,imputed,reported,ACR,CR,1.376,1.907,0.1349,0.5597,66641,78684,92097,108740,2025
126027,Carmel,IN,2014,False,79191,2010,114,0,22,2,151,1,8,1,508,27,661184,91543,1158862,39589,reported,reported,R,R,1.44,1.907,0.1618,0.5807,69598,92095,94648,125242,2025
126027,Carmel,IN,2015,False,79191,2010,113,0,23,1,148,0,8,2,525,50,670999,107059,1069210,40180,reported,reported,R,R,1.427,1.869,0.1691,0.5562,71257,86693,96789,117756,2025
126027,Carmel,IN,2016,False,79191,2010,113,0,23,1,148,0,8,2,525,50,686133,109474,1093325,41086,imputed,imputed,G,G,1.427,1.869,0.1691,0.5562,72864,88648,97739,118912,2025
126027,Carmel,IN,2017,True,88713,2010,112,0,23,1,147,0,8,2,523,50,709222,113158,1130116,42469,imputed,imputed,G,G,1.262,1.657,0.1704,0.5545,75988,92254,99803,121167,2025
126027,Carmel,IN,2018,False,88713,2010,136,2,0,0,148,4,0,0,494,40,915742,0,1379234,0,reported,reported,R,R,1.533,1.668,0.0,0.5749,80801,111830,103595,143377,2025
126027,Carmel,IN,2019,False,92198,2010,115,0,25,2,149,0,9,3,561,41,843408,135749,1397427,51737,reported,reported,R,R,1.247,1.616,0.1786,0.5312,88008,112544,110826,141724,2025
126027,Carmel,IN,2020,False,101068,2010,123,0,28,3,160,0,10,6,592,82,947680,155924,1357855,54722,reported,reported,R,R,1.217,1.583,0.1854,0.5422,92457,101839,115010,126681,2025
126027,Carmel,IN,2021,False,101068,2020,128,0,26,4,166,0,12,3,581,36,1147319,157709,1397093,63353,reported,reported,R,R,1.266,1.642,0.1688,0.5714,107561,100995,127795,119993,2025
126027,Carmel,IN,2022,True,101643,2020,132,0,26,3,169,0,10,4,636,43,1017132,157894,1695592,65733,reported,reported,R,R,1.299,1.663,0.1646,0.5299,92467,120397,101721,132446,2025
126027,Carmel,IN,2023,False,100777,2020,134,0,27,5,166,0,12,1,661,42,1086849,176446,1794340,68115,reported,reported,R,R,1.33,1.647,0.1677,0.5129,97330,129711,102837,137050,2025
126027,Carmel,IN,2024,False,101964,2020,137,0,28,5,170,0,12,1,675,45,1178957,191398,1946408,73886,imputed,imputed,G,G,1.344,1.667,0.1697,0.5141,103266,137394,105983,141009,2025
126027,Carmel,IN,2025,False,102296,2020,147,0,34,7,173,0,12,4,678,72,1508370,232279,2215534,89629,reported,reported,R,R,1.437,1.691,0.1878,0.5398,123132,153679,123132,153679,2025
163681,Evansville,IN,2012,True,117429,2010,272,0,69,69,265,0,7,5,1148,254,1361354,246647,1251426,16077,imputed,imputed,G,G,2.316,2.257,0.2023,0.534,60060,56668,84218,79461,2025
163681,Evansville,IN,2013,False,117429,2010,288,0,37,59,276,0,4,5,1219,231,1547354,121447,1285285,15457,reported,reported,R,C,2.453,2.35,0.1138,0.4963,64473,55882,89101,77228,2025
163681,Evansville,IN,2014,False,117429,2010,286,0,27,53,269,0,8,6,1185,208,1563222,87936,1276376,27335,reported,reported,R,R,2.436,2.291,0.0863,0.4979,65590,56939,89197,77433,2025
163681,Evansville,IN,2015,False,117429,2010,285,0,31,54,268,0,8,6,1216,227,1547299,101603,1334957,27989,reported,reported,R,R,2.427,2.282,0.0981,0.4868,65149,59774,88493,81192,2025
163681,Evansville,IN,2016,False,117429,2010,285,0,32,48,270,0,7,6,1222,199,1606670,103713,1392363,23848,reported,reported,R,R,2.427,2.299,0.1009,0.4861,67649,61883,90744,83009,2025
163681,Evansville,IN,2017,True,119943,2010,278,0,32,47,271,0,7,6,1221,199,1592696,105943,1338443,24565,reported,reported,R,R,2.318,2.259,0.1032,0.4816,68749,59267,90296,77842,2025
163681,Evansville,IN,2018,False,119943,2010,282,0,30,46,273,0,8,1,1224,197,1710277,104807,1367441,28121,reported,reported,R,R,2.351,2.276,0.0962,0.4845,72778,60107,93308,77063,2025
163681,Evansville,IN,2019,False,118930,2010,279,0,30,39,271,0,9,0,1239,201,1691351,107251,1513035,31204,reported,reported,R,R,2.346,2.279,0.0971,0.4754,72746,66998,91607,84369,2025
163681,Evansville,IN,2020,False,117979,2010,281,0,28,42,265,0,11,5,1199,188,1764226,99849,1577792,47005,reported,reported,R,R,2.382,2.246,0.0906,0.4879,75341,71447,93719,88875,2025
163681,Evansville,IN,2021,False,117979,2020,269,0,25,37,264,0,8,11,1173,121,1859448,93941,1944236,33331,reported,reported,R,R,2.28,2.238,0.085,0.4825,82949,88374,98553,104998,2025
163681,Evansville,IN,2022,True,118407,2020,267,0,63,37,261,0,9,11,1172,148,1854945,304847,1553691,34779,,,,,2.255,2.204,0.1909,0.5119,83368,71434,91711,78583,2025
163681,Evansville,IN,2023,False,116486,2020,276,0,65,38,269,0,9,11,1203,149,1986447,326459,1663836,37244,reported,reported,R,R,2.369,2.309,0.1906,0.5145,86367,74223,91254,78423,2025
163681,Evansville,IN,2024,False,115749,2020,277,0,27,39,272,0,9,5,1217,144,2250777,112988,1877872,38075,reported,reported,R,R,2.393,2.35,0.0888,0.4807,97507,82847,100073,85027,2025
163681,Evansville,IN,2025,False,115332,2020,267,0,30,27,267,0,9,0,1233,108,2290495,135683,1964029,41852,reported,reported,R,R,2.315,2.315,0.101,0.4647,102944,88271,102944,88271,2025
103799,Fishers,IN,2012,True,76794,2010,93,0,7,1,114,0,7,0,399,31,523424,21262,593484,23024,reported,reported,R,R,1.211,1.484,0.07,0.5539,67539,62472,94705,87600,2025
103799,Fishers,IN,2013,False,76794,2010,91,0,7,1,112,0,7,0,391,32,527126,21412,597681,23187,imputed,imputed,G,G,1.185,1.458,0.0714,0.555,69511,64037,96063,88498,2025
103799,Fishers,IN,2014,False,76794,2010,90,0,20,0,129,0,8,0,414,31,534593,109831,783434,30393,reported,prorated,R,T,1.172,1.68,0.1818,0.5966,71279,72878,96934,99109,2025
103799,Fishers,IN,2015,False,76794,2010,99,0,9,0,131,0,3,0,378,25,584193,31507,693083,10423,reported,reported,R,R,1.289,1.706,0.0833,0.6402,70811,63489,96183,86238,2025
103799,Fishers,IN,2016,False,76794,2010,94,0,8,0,132,1,3,1,408,32,604978,32628,810929,10436,prorated,reported,T,R,1.224,1.719,0.0784,0.5809,77231,73721,103597,98889,2025
103799,Fishers,IN,2017,True,88658,2010,94,0,8,0,131,1,3,1,407,32,625336,33726,838217,10787,imputed,imputed,G,G,1.06,1.478,0.0784,0.5799,79830,76783,104850,100848,2025
103799,Fishers,IN,2018,False,88658,2010,95,0,23,1,125,0,5,1,427,51,544347,141914,829956,28974,reported,reported,R,R,1.072,1.41,0.1949,0.5808,68760,79676,88157,102152,2025
103799,Fishers,IN,2019,False,91832,2010,92,0,33,1,132,0,12,3,471,50,607928,226269,894281,78299,reported,reported,R,R,1.002,1.437,0.264,0.5711,79295,81298,99854,102377,2025
103799,Fishers,IN,2020,False,95310,2010,117,0,11,2,144,0,5,2,466,56,830851,90936,1046104,19738,reported,reported,CR,R,1.228,1.511,0.0859,0.5944,85215,87175,106002,108440,2025
103799,Fishers,IN,2021,False,95310,2020,117,0,15,1,143,0,3,2,478,105,880697,132136,1136374,12768,reported,reported,CR,R,1.228,1.5,0.1136,0.5816,90328,95360,107320,113298,2025
103799,Fishers,IN,2022,True,97020,2020,115,0,17,1,132,0,8,1,482,87,926949,81177,997227,61623,reported,reported,R,R,1.185,1.361,0.1288,0.5643,96725,90657,106405,99730,2025
103799,Fishers,IN,2023,False,101171,2020,116,0,17,1,133,0,8,1,484,100,992910,86953,1068187,66008,imputed,imputed,G,G,1.147,1.315,0.1278,0.5661,102715,96378,108527,101831,2025
103799,Fishers,IN,2024,False,101966,2020,123,0,19,1,138,0,7,1,510,67,1069287,106573,1164185,59966,reported,reported,R,R,1.206,1.353,0.1338,0.5627,104321,101233,107066,103897,2025
103799,Fishers,IN,2025,False,104094,2020,126,0,20,4,151,0,8,1,545,82,1162442,114285,1488194,53312,reported,reported,R,R,1.21,1.451,0.137,0.5596,110709,118267,110709,118267,2025
163465,Fort Wayne,IN,2012,True,253691,2010,446,0,153,40,348,0,13,0,1933,170,2337429,583307,1631782,53214,reported,reported,R,R,1.758,1.372,0.2554,0.4966,62890,56268,88186,78901,2025
163465,Fort Wayne,IN,2013,False,253691,2010,433,0,146,39,340,0,13,0,1902,168,2278700,560988,1635531,53437,reported,reported,R,R,1.707,1.34,0.2522,0.49,63151,57725,87274,79775,2025
163465,Fort Wayne,IN,2014,False,253691,2010,427,0,163,40,337,0,35,0,1927,145,2330166,633419,1656574,132330,reported,reported,R,R,1.683,1.328,0.2763,0.4992,65485,58988,89055,80219,2025
163465,Fort Wayne,IN,2015,False,253691,2010,432,0,166,37,348,0,11,1,1952,164,2424782,660973,1747944,47545,reported,reported,R,R,1.703,1.372,0.2776,0.4903,67355,60274,91489,81871,2025
163465,Fort Wayne,IN,2016,False,253691,2010,443,0,142,55,337,0,26,0,1953,188,2474821,586378,1732333,104065,reported,reported,R,R,1.746,1.328,0.2427,0.4854,67038,61685,89924,82744,2025
163465,Fort Wayne,IN,2017,True,260326,2010,436,0,163,51,359,0,11,1,1848,122,2548377,699209,1830743,51123,reported,reported,R,R,1.675,1.379,0.2721,0.5244,70139,61195,92121,80374,2025
163465,Fort Wayne,IN,2018,False,260326,2010,454,0,165,49,347,0,10,1,1857,122,2580379,702658,1935896,46432,reported,reported,R,R,1.744,1.333,0.2666,0.5256,68204,66947,87444,85832,2025
163465,Fort Wayne,IN,2019,False,265904,2010,464,0,163,44,349,0,21,1,2031,138,2828630,714368,1921265,88208,reported,reported,R,R,1.745,1.313,0.26,0.4909,73154,66061,92121,83189,2025
163465,Fort Wayne,IN,2020,False,270402,2010,465,0,161,40,356,0,9,1,2025,130,2892488,721924,1994144,43838,reported,reported,R,R,1.72,1.317,0.2572,0.4894,74645,67218,92853,83615,2025
163465,Fort Wayne,IN,2021,False,270402,2020,460,0,142,42,338,0,11,0,1984,117,3080597,690116,2166102,55855,reported,reported,R,R,1.701,1.25,0.2359,0.4793,80363,76903,95480,91369,2025
163465,Fort Wayne,IN,2022,True,272398,2020,455,0,185,47,341,0,8,0,2017,129,3073366,906841,2204156,40972,imputed,imputed,RX,RX,1.67,1.252,0.2891,0.4903,81056,77566,89168,85329,2025
163465,Fort Wayne,IN,2023,False,265974,2020,474,0,193,49,322,0,8,0,2011,169,3584089,1057536,2301039,45704,prorated,reported,T,R,1.782,1.211,0.2894,0.4958,90736,85753,95870,90605,2025
163465,Fort Wayne,IN,2024,False,267927,2020,490,0,150,36,354,0,8,0,2048,201,3859760,860490,2629861,51629,reported,reported,R,R,1.829,1.321,0.2344,0.4893,94525,89148,97012,91494,2025
163465,Fort Wayne,IN,2025,False,269994,2020,493,0,179,36,358,0,32,0,2142,200,4445528,1074937,2750139,211124,reported,reported,R,R,1.826,1.326,0.2664,0.4958,108208,92183,108208,92183,2025
207957,Indianapolis,IN,2012,True,820445,2010,1611,0,292,26,1199,0,59,2,11631,1523,7049197,925833,5194289,176392,imputed,imputed,G,G,1.964,1.461,0.1534,0.2718,52508,51986,73628,72896,2025
207957,Indianapolis,IN,2013,False,820445,2010,1519,0,800,12,1015,0,201,2,12284,1298,8697670,2409892,5681963,606877,imputed,imputed,X,X,1.851,1.237,0.345,0.2878,68711,67176,94958,92836,2025
207957,Indianapolis,IN,2014,False,820445,2010,1519,0,791,12,1015,0,201,2,13579,1427,8752216,2407950,5677385,604906,prorated,reported,RT,CR,1.851,1.237,0.3424,0.2597,69142,67122,94028,91281,2025
207957,Indianapolis,IN,2015,False,820445,2010,1350,0,703,59,1032,0,204,1,13695,1685,8818712,2426245,7285214,776215,prorated,prorated,T,T,1.645,1.258,0.3424,0.2402,78389,84712,106477,115065,2025
207957,Indianapolis,IN,2016,False,820445,2010,1235,0,643,58,1151,0,228,2,12895,1830,7095230,1952073,6911177,736362,prorated,prorated,T,T,1.505,1.403,0.3424,0.2526,68942,72054,92478,96653,2025
207957,Indianapolis,IN,2017,True,853173,2010,1201,0,625,0,1034,0,205,0,13326,1513,6001448,1968524,6068225,646548,prorated,prorated,T,T,1.408,1.212,0.3423,0.23,59965,70424,78759,92496,2025
207957,Indianapolis,IN,2018,False,853173,2010,1382,0,443,5,1271,0,149,0,13780,1498,8480082,1552580,7584393,514710,reported,reported,CR,CR,1.62,1.49,0.2427,0.2355,73633,71607,94404,91807,2025
207957,Indianapolis,IN,2019,False,853173,2010,1393,0,673,6,1281,0,150,0,14101,1688,8924397,3263902,7981778,541678,imputed,imputed,GX,G,1.633,1.501,0.3258,0.248,76879,74771,96812,94157,2025
207957,Indianapolis,IN,2020,False,876384,2010,1388,2,673,60,1125,0,202,1,14459,1711,9672906,3375637,8718196,1219294,reported,reported,R,R,1.584,1.284,0.3265,0.2343,83627,92994,104026,115678,2025
207957,Indianapolis,IN,2021,False,876384,2020,1449,30,736,37,1108,2,184,2,13495,1651,10522667,3744229,8029555,1088531,reported,reported,CR,R,1.653,1.264,0.3368,0.2577,87144,86963,103537,103322,2025
207957,Indianapolis,IN,2022,True,877903,2020,1398,17,651,25,1135,0,118,2,13068,1583,10670290,3740595,9467139,792018,reported,reported,CR,R,1.592,1.293,0.3177,0.2527,91590,100093,100756,110110,2025
207957,Indianapolis,IN,2023,False,882039,2020,1407,20,655,29,1142,0,119,2,13476,1726,11429574,4006772,10140809,848377,imputed,imputed,G,G,1.595,1.295,0.3177,0.2466,97480,106558,102996,112587,2025
207957,Indianapolis,IN,2024,False,880621,2020,1628,3,707,61,1126,0,181,0,14392,2109,13523171,3231611,8859401,1211429,reported,reported,R,R,1.849,1.279,0.3028,0.2531,99679,94416,102302,96900,2025
207957,Indianapolis,IN,2025,False,879293,2020,1575,5,713,52,1152,2,180,0,14365,1714,14717327,4307500,9651073,1301383,reported,reported,R,R,1.791,1.31,0.3116,0.252,112132,100532,112132,100532,2025
126081,South Bend,IN,2012,True,101168,2010,262,0,68,23,255,0,0,3,1225,182,1327077,214770,1304759,0,reported,reported,R,R,2.59,2.521,0.2061,0.4776,60782,61400,85230,86097,2025
126081,South Bend,IN,2013,False,101168,2010,253,0,70,27,242,0,6,1,1197,188,1293344,233271,1255661,18268,reported,reported,R,R,2.501,2.392,0.2167,0.477,61344,62264,84776,86048,2025
126081,South Bend,IN,2014,False,101168,2010,248,0,69,28,254,0,6,1,1189,159,1472602,245954,1362089,18077,reported,reported,CR,R,2.451,2.511,0.2177,0.4853,71255,64351,96901,87512,2025
126081,South Bend,IN,2015,False,101168,2010,256,0,46,27,257,0,3,0,1191,140,1352791,151468,1389438,9719,reported,reported,R,R,2.53,2.54,0.1523,0.4719,63412,64876,86133,88122,2025
126081,South Bend,IN,2016,False,101168,2010,255,0,45,25,251,0,7,0,1179,170,1412181,146880,1385997,20732,reported,reported,R,R,2.521,2.481,0.15,0.4733,66456,66263,89143,88885,2025
126081,South Bend,IN,2017,True,101516,2010,234,0,49,27,259,0,8,0,1182,149,1399460,169519,1379245,26253,reported,reported,R,R,2.305,2.551,0.1731,0.4653,71767,63903,94259,83931,2025
126081,South Bend,IN,2018,False,101516,2010,236,0,51,25,256,0,7,1,1198,155,1485615,186804,1481911,21459,reported,reported,R,R,2.325,2.522,0.1777,0.4591,75540,69465,96849,89061,2025
126081,South Bend,IN,2019,False,102245,2010,238,0,49,24,258,0,7,1,1222,162,1504306,182041,1687640,21939,reported,reported,R,R,2.328,2.523,0.1707,0.4517,75847,78495,95512,98847,2025
126081,South Bend,IN,2020,False,102026,2010,225,0,50,22,254,0,8,1,1206,195,1456995,202973,1539567,27830,reported,reported,R,R,2.205,2.49,0.1818,0.4453,77706,72735,96661,90477,2025
126081,South Bend,IN,2021,False,102026,2020,226,0,50,23,255,0,8,1,1206,196,1495779,208375,1580548,28571,imputed,imputed,G,G,2.215,2.499,0.1812,0.4469,79422,74379,94362,88371,2025
126081,South Bend,IN,2022,True,101868,2020,228,0,50,24,257,0,8,1,1206,202,1589454,221424,1679531,30360,imputed,imputed,G,G,2.238,2.523,0.1799,0.4502,83655,78422,92027,86270,2025
126081,South Bend,IN,2023,False,103353,2020,229,0,50,28,259,0,8,1,1214,231,1702558,237181,1799045,32521,imputed,imputed,G,G,2.216,2.506,0.1792,0.4498,89217,83353,94265,88069,2025
126081,South Bend,IN,2024,False,103110,2020,234,0,51,30,265,0,8,1,1244,243,1846847,257282,1951512,35278,imputed,imputed,G,G,2.269,2.57,0.1789,0.4486,94710,88370,97202,90695,2025
126081,South Bend,IN,2025,False,103395,2020,240,0,52,33,272,0,8,1,1268,268,1986084,276679,2098638,37937,imputed,imputed,G,G,2.321,2.631,0.1781,0.4511,99304,92587,99304,92587,2025
204523,Olathe,KS,2012,True,125872,2010,162,0,22,2,116,4,0,0,782,102,804415,80886,731959,0,reported,reported,R,R,1.287,0.922,0.1196,0.3836,59586,75720,83553,106177,2025
204523,Olathe,KS,2013,False,125872,2010,167,0,24,1,119,4,0,0,820,140,882953,94342,677952,0,reported,reported,R,R,1.327,0.945,0.1257,0.378,63446,68365,87681,94479,2025
204523,Olathe,KS,2014,False,125872,2010,161,0,26,2,116,5,0,0,822,126,895506,114952,718522,0,reported,reported,R,R,1.279,0.922,0.139,0.3686,66746,74330,90769,101083,2025
204523,Olathe,KS,2015,False,125872,2010,167,0,25,1,121,7,0,0,832,218,895526,106235,717739,0,reported,reported,R,R,1.327,0.961,0.1302,0.3762,64349,71181,87406,96686,2025
204523,Olathe,KS,2016,False,125872,2010,167,0,25,3,124,8,0,0,845,236,878246,108551,702794,0,reported,reported,R,R,1.327,0.985,0.1302,0.374,63107,68012,84651,91231,2025
204523,Olathe,KS,2017,True,134305,2010,152,0,32,0,100,1,41,1,691,12,1044709,229929,686094,164271,reported,reported,R,CR,1.132,0.745,0.1739,0.4703,82477,82331,108326,108134,2025
204523,Olathe,KS,2018,False,134305,2010,170,0,30,0,122,0,35,0,878,8,1082788,199044,771756,160848,reported,reported,R,R,1.266,0.908,0.15,0.4066,76432,75910,97993,97324,2025
204523,Olathe,KS,2019,False,137472,2010,190,1,15,1,141,0,27,0,839,75,1198627,76146,985772,149685,reported,reported,R,R,1.382,1.026,0.0732,0.4446,75703,83895,95331,105647,2025
204523,Olathe,KS,2020,False,140545,2010,195,0,16,1,145,0,21,0,846,73,1254933,80266,968783,114049,reported,reported,R,CR,1.387,1.032,0.0758,0.4456,77227,80175,96065,99732,2025
204523,Olathe,KS,2021,False,140545,2020,190,0,16,6,124,0,20,9,826,288,1325742,84794,790507,168438,prorated,reported,T,R,1.352,0.882,0.0777,0.4237,83731,76501,99482,90892,2025
204523,Olathe,KS,2022,True,141665,2020,196,0,16,0,140,0,8,0,859,68,1330451,85403,1036870,52131,reported,reported,R,R,1.384,0.988,0.0755,0.4191,81456,88875,89608,97769,2025
204523,Olathe,KS,2023,False,143014,2020,189,1,15,0,155,0,8,0,899,83,1505206,87673,1291581,53776,reported,reported,R,R,1.322,1.084,0.0735,0.4082,95569,99993,100977,105651,2025
204523,Olathe,KS,2024,False,145616,2020,200,1,16,0,164,0,8,0,952,88,1687509,124135,1447823,56973,imputed,imputed,TX,TX,1.373,1.126,0.0741,0.4076,101251,105938,103915,108726,2025
204523,Olathe,KS,2025,False,147461,2020,213,1,20,6,151,8,20,7,1053,355,2188598,186937,1573142,111032,reported,reported,R,CR,1.444,1.024,0.0858,0.3837,123301,125018,123301,125018,2025
208111,Overland Park,KS,2012,True,173372,2010,238,0,31,50,131,0,17,1,780,353,1331751,137563,782402,85474,reported,reported,R,R,1.373,0.756,0.1152,0.5346,67147,71670,94155,100498,2025
208111,Overland Park,KS,2013,False,173372,2010,249,0,37,54,131,0,18,0,793,330,1396664,159572,786047,88788,reported,reported,R,R,1.436,0.756,0.1294,0.5485,67309,72004,93020,99508,2025
208111,Overland Park,KS,2014,False,173372,2010,250,0,37,52,132,0,18,0,795,320,1465555,167442,824819,93168,imputed,imputed,G,G,1.442,0.761,0.1289,0.5497,70347,74984,95667,101973,2025
208111,Overland Park,KS,2015,False,173372,2010,247,0,37,55,130,0,18,0,787,340,1491471,170403,839405,94816,imputed,imputed,G,G,1.425,0.75,0.1303,0.5489,72460,77484,98423,105247,2025
208111,Overland Park,KS,2016,False,173372,2010,316,0,47,68,166,0,23,0,1007,418,954849,109093,537392,60700,prorated,prorated,T,T,1.823,0.957,0.1295,0.5482,36260,38848,48639,52110,2025
208111,Overland Park,KS,2017,True,186515,2010,254,0,62,9,150,0,11,1,899,377,697763,118820,514357,26299,imputed,imputed,G,G,1.362,0.804,0.1962,0.5306,32965,41149,43297,54045,2025
208111,Overland Park,KS,2018,False,186515,2010,256,0,62,9,151,0,11,1,907,380,719126,122458,530105,27104,imputed,imputed,G,G,1.373,0.81,0.195,0.5292,33709,42128,43218,54012,2025
208111,Overland Park,KS,2019,False,191278,2010,257,0,66,8,124,0,11,1,887,160,736970,133932,718883,25511,imputed,imputed,G,G,1.344,0.648,0.2043,0.5163,34411,69569,43333,87607,2025
208111,Overland Park,KS,2020,False,195494,2010,260,0,63,9,153,0,11,1,920,385,754098,128413,1230888,28422,reported,reported,C,CR,1.33,0.783,0.195,0.5293,34805,96540,43295,120089,2025
208111,Overland Park,KS,2021,False,195494,2020,255,0,66,8,123,0,11,1,883,159,761684,138423,742990,26367,reported,reported,C,CR,1.304,0.629,0.2056,0.5153,35844,72487,42587,86123,2025
208111,Overland Park,KS,2022,True,197381,2020,249,0,64,9,120,0,10,1,856,185,772645,140415,753683,26746,imputed,imputed,G,G,1.262,0.608,0.2045,0.5175,37236,75368,40962,82911,2025
208111,Overland Park,KS,2023,False,197106,2020,254,0,65,9,122,0,10,1,872,190,836926,152097,816387,28971,imputed,imputed,G,G,1.289,0.619,0.2038,0.5172,39540,80300,41777,84844,2025
208111,Overland Park,KS,2024,False,197726,2020,257,0,66,10,123,0,10,1,880,203,884042,160660,862347,30602,imputed,imputed,G,G,1.3,0.622,0.2043,0.5182,41278,84131,42364,86345,2025
208111,Overland Park,KS,2025,False,197089,2020,260,0,67,11,124,0,10,1,888,224,951914,172995,928554,32951,imputed,imputed,G,G,1.319,0.629,0.2049,0.5191,43934,89860,43934,89860,2025
164885,Topeka,KS,2012,True,127473,2010,258,0,72,1,228,0,13,0,1056,14,1137693,156140,1056881,61706,reported,reported,R,R,2.024,1.789,0.2182,0.5407,52916,55625,74200,77999,2025
164885,Topeka,KS,2013,False,127473,2010,305,0,61,2,242,0,3,0,1151,29,1444763,179155,1270832,13120,reported,reported,R,R,2.393,1.898,0.1667,0.5308,56843,63016,78556,87087,2025
164885,Topeka,KS,2014,False,127473,2010,291,0,90,1,233,0,4,0,1180,16,1557316,200439,1414873,16499,reported,reported,R,R,2.283,1.828,0.2362,0.5237,64219,72869,87333,99096,2025
164885,Topeka,KS,2015,False,127473,2010,257,0,75,1,238,0,4,0,1124,16,1371323,168202,1500896,16891,imputed,reported,AR,R,2.016,1.867,0.2259,0.5107,64031,75675,86974,102790,2025
164885,Topeka,KS,2016,False,127473,2010,261,0,76,1,242,0,4,0,1143,16,1369611,167992,1499023,16870,imputed,imputed,G,G,2.047,1.898,0.2255,0.5101,62971,74332,84469,99708,2025
164885,Topeka,KS,2017,True,127265,2010,272,0,49,4,235,0,7,0,1182,35,1599939,162790,1417068,34439,reported,reported,R,R,2.137,1.847,0.1526,0.4763,70586,72361,92708,95040,2025
164885,Topeka,KS,2018,False,127265,2010,264,0,49,1,227,0,8,0,1182,24,1626145,169547,1593770,59208,reported,reported,R,R,2.074,1.784,0.1565,0.4636,73916,84252,94767,108019,2025
164885,Topeka,KS,2019,False,126587,2010,277,0,50,0,232,0,9,0,1204,20,1827649,174017,1701856,65190,reported,reported,R,R,2.188,1.833,0.1529,0.4718,79176,88027,99705,110850,2025
164885,Topeka,KS,2020,False,125310,2010,284,0,34,0,229,0,2,0,1209,13,1744469,124093,1928108,21456,reported,reported,R,R,2.266,1.827,0.1069,0.4541,73710,101036,91690,125682,2025
164885,Topeka,KS,2021,False,125310,2020,272,0,32,0,227,0,2,0,1136,16,1740316,114791,1465694,20907,reported,reported,R,R,2.171,1.812,0.1053,0.4692,76779,77482,91222,92057,2025
164885,Topeka,KS,2022,True,124558,2020,271,0,39,0,228,0,4,0,1102,22,1719317,147125,1510825,39402,reported,reported,R,R,2.176,1.83,0.1258,0.4918,76132,79517,83751,87475,2025
164885,Topeka,KS,2023,False,125963,2020,265,0,43,0,228,0,8,0,1117,9,1777956,180264,1520602,82137,reported,reported,R,R,2.104,1.81,0.1396,0.487,80511,80032,85067,84560,2025
164885,Topeka,KS,2024,False,125449,2020,265,0,46,0,238,0,8,0,1137,3,1907001,203389,1640262,80406,reported,reported,R,R,2.112,1.897,0.1479,0.4899,86355,82702,88627,84878,2025
164885,Topeka,KS,2025,False,125475,2020,263,0,34,0,230,0,8,0,1137,2,2305873,167441,1686783,94367,reported,reported,R,R,2.096,1.833,0.1145,0.4705,105211,88006,105211,88006,2025
201810,Wichita,KS,2012,True,382368,2010,588,0,233,3,438,0,0,0,2809,96,2863665,865088,2289881,0,reported,reported,R,R,1.538,1.145,0.2838,0.4482,58442,62736,81949,87970,2025
201810,Wichita,KS,2013,False,382368,2010,585,0,219,3,439,0,0,0,2749,396,3147697,847803,2167515,0,reported,reported,R,R,1.53,1.148,0.2724,0.4522,64568,59249,89232,81881,2025
201810,Wichita,KS,2014,False,382368,2010,588,0,220,3,441,0,0,0,2762,384,3302957,889620,2274428,0,imputed,imputed,G,G,1.538,1.153,0.2723,0.4522,67407,61889,91668,84164,2025
201810,Wichita,KS,2015,False,382368,2010,561,0,242,0,449,0,0,0,2782,388,3166792,945106,2282528,0,reported,reported,CR,R,1.467,1.174,0.3014,0.45,67739,61003,92011,82861,2025
201810,Wichita,KS,2016,False,382368,2010,572,0,216,24,426,0,12,0,2784,454,3322879,889069,2454385,42807,reported,reported,R,R,1.496,1.114,0.2741,0.4404,69711,69138,93510,92741,2025
201810,Wichita,KS,2017,True,389965,2010,574,0,217,23,427,0,12,0,2790,444,3492364,934416,2579572,44990,imputed,imputed,G,G,1.472,1.095,0.2743,0.4409,73011,72494,95893,95214,2025
201810,Wichita,KS,2018,False,389965,2010,622,0,185,0,442,0,35,0,2899,296,4652225,1005434,2143905,209020,reported,reported,R,R,1.595,1.133,0.2292,0.4429,89754,58206,115073,74626,2025
201810,Wichita,KS,2019,False,390591,2010,602,0,199,2,416,0,45,0,2892,334,3446917,1083669,2017139,217520,prorated,reported,T,R,1.541,1.065,0.2484,0.4364,68709,58187,86524,73274,2025
201810,Wichita,KS,2020,False,389938,2010,628,0,208,5,436,0,19,0,2887,324,3585850,1127348,2412298,117727,prorated,reported,T,R,1.611,1.118,0.2488,0.4472,68519,66394,85233,82590,2025
201810,Wichita,KS,2021,False,389938,2020,640,0,204,31,417,4,27,0,2748,343,3028169,922199,1875504,174198,reported,reported,CR,R,1.641,1.069,0.2417,0.4687,56778,53971,67459,64124,2025
201810,Wichita,KS,2022,True,391731,2020,665,0,155,3,420,0,34,0,2674,313,4600241,660495,1952021,187395,prorated,reported,T,R,1.698,1.072,0.189,0.4764,83012,55772,91320,61353,2025
201810,Wichita,KS,2023,False,395699,2020,648,0,151,6,486,0,28,2,2765,318,4687492,675649,3321564,272667,reported,imputed,R,RX,1.638,1.228,0.189,0.4749,86805,82014,91717,86655,2025
201810,Wichita,KS,2024,False,396192,2020,647,1,169,0,477,0,30,1,2804,337,5424575,761599,3354488,289916,reported,reported,R,R,1.633,1.204,0.2071,0.4718,100610,84390,103257,86611,2025
201810,Wichita,KS,2025,False,396119,2020,658,0,170,0,483,0,29,2,2876,347,5804072,806824,3549409,302607,reported,reported,R,R,1.661,1.219,0.2053,0.4659,105849,88184,105849,88184,2025
164911,Wyandotte County And Kansas Unified Government,KS,2012,True,145786,2010,427,0,70,60,416,0,30,0,2625,109,2090461,342705,2036647,146874,reported,reported,R,R,2.929,2.853,0.1408,0.3592,58748,58749,82378,82379,2025
164911,Wyandotte County And Kansas Unified Government,KS,2013,False,145786,2010,443,0,106,60,417,0,21,0,2577,170,2599439,406195,3061912,86647,reported,reported,R,R,3.039,2.86,0.1931,0.383,70414,88113,97311,121771,2025
164911,Wyandotte County And Kansas Unified Government,KS,2014,False,145786,2010,440,0,104,55,427,0,20,0,2536,161,2581837,398532,3135340,76725,reported,reported,R,R,3.018,2.929,0.1912,0.3908,70414,88113,95758,119827,2025
164911,Wyandotte County And Kansas Unified Government,KS,2015,False,145786,2010,440,0,104,55,427,0,20,0,2522,166,2581837,398532,3135340,76725,reported,reported,R,R,3.018,2.929,0.1912,0.3929,70414,88113,95644,119685,2025
164911,Wyandotte County And Kansas Unified Government,KS,2016,False,145786,2010,429,0,104,55,442,0,20,0,2535,153,2592809,410487,3245527,77334,reported,reported,R,R,2.943,3.032,0.1951,0.3925,72526,88114,97286,118195,2025
164911,Wyandotte County And Kansas Unified Government,KS,2017,True,151306,2010,420,0,101,55,442,0,20,0,2621,111,2570704,413994,3463059,87796,reported,reported,R,R,2.776,2.921,0.1939,0.375,73449,94020,96469,123487,2025
164911,Wyandotte County And Kansas Unified Government,KS,2018,False,151306,2010,391,0,57,24,444,0,20,0,2746,93,2277202,283247,3609182,119439,reported,imputed,R,RX,2.584,2.934,0.1272,0.3321,69889,97545,89604,125062,2025
164911,Wyandotte County And Kansas Unified Government,KS,2019,False,152938,2010,387,0,57,24,454,0,20,0,2760,93,2261727,292098,2873268,128307,reported,reported,R,R,2.53,2.969,0.1284,0.3326,70131,75945,88314,95636,2025
164911,Wyandotte County And Kansas Unified Government,KS,2020,False,152960,2010,355,0,50,12,465,0,20,0,2730,109,2259291,288333,3245091,133355,reported,reported,R,R,2.321,3.04,0.1235,0.326,76370,83744,94999,104172,2025
164911,Wyandotte County And Kansas Unified Government,KS,2021,False,152960,2020,308,0,42,18,398,0,11,0,2157,30,2148922,176353,2573803,55017,reported,reported,R,R,2.014,2.602,0.12,0.3519,83724,77602,99474,92200,2025
164911,Wyandotte County And Kansas Unified Government,KS,2022,True,152727,2020,305,0,45,15,425,0,11,0,2153,29,2217310,180786,2768666,57018,reported,reported,R,R,1.997,2.783,0.1286,0.3651,87238,78174,95969,85997,2025
164911,Wyandotte County And Kansas Unified Government,KS,2023,False,154545,2020,308,0,42,14,435,0,11,0,2164,23,2411892,188000,3002583,59299,reported,reported,R,R,1.993,2.815,0.12,0.3678,93970,82830,99287,87517,2025
164911,Wyandotte County And Kansas Unified Government,KS,2024,False,153345,2020,321,0,179,21,340,0,35,0,2484,56,2680891,1211061,3087290,263500,reported,imputed,R,RX,2.093,2.217,0.358,0.3523,100220,108963,102857,111830,2025
164911,Wyandotte County And Kansas Unified Government,KS,2025,False,152933,2020,317,0,177,21,376,0,36,0,2629,43,2776300,1254160,3000190,290834,prorated,reported,T,R,2.073,2.459,0.3583,0.3446,105097,95751,105097,95751,2025
165831,Lexington-Fayette Urban County Government,KY,2012,True,295803,2010,529,0,106,49,483,0,17,0,3446,428,3354747,454573,2858705,76984,reported,reported,CR,R,1.788,1.633,0.1669,0.3294,76100,71024,106710,99592,2025
165831,Lexington-Fayette Urban County Government,KY,2013,False,295803,2010,555,0,106,49,495,0,18,0,3437,484,3339724,461767,2881691,93181,reported,reported,R,R,1.876,1.673,0.1604,0.3416,72210,69859,99793,96544,2025
165831,Lexington-Fayette Urban County Government,KY,2014,False,295803,2010,542,0,121,56,531,0,18,0,3460,539,3216161,520091,3119083,88093,reported,reported,R,R,1.832,1.795,0.1825,0.3503,71207,70488,96836,95858,2025
165831,Lexington-Fayette Urban County Government,KY,2015,False,295803,2010,527,0,82,59,542,0,17,0,3236,545,2954876,318981,3091063,81900,reported,reported,R,R,1.782,1.832,0.1346,0.3609,67284,68437,91393,92959,2025
165831,Lexington-Fayette Urban County Government,KY,2016,False,295803,2010,556,0,89,59,535,0,21,0,3361,540,3042782,388614,3333884,95736,reported,reported,R,R,1.88,1.809,0.138,0.3573,65672,74779,88092,100308,2025
165831,Lexington-Fayette Urban County Government,KY,2017,True,314488,2010,601,0,96,60,558,0,30,0,3530,539,3818290,434624,3778805,144420,reported,reported,R,R,1.911,1.774,0.1377,0.364,76239,81265,100133,106734,2025
165831,Lexington-Fayette Urban County Government,KY,2018,False,314488,2010,521,0,185,61,542,0,56,0,3516,529,3225236,1063134,3537784,227815,reported,imputed,R,RX,1.657,1.723,0.262,0.3709,74286,78327,95242,100423,2025
165831,Lexington-Fayette Urban County Government,KY,2019,False,321959,2010,555,0,141,63,566,0,63,0,3541,555,3539897,902959,3956129,278358,reported,reported,R,R,1.724,1.758,0.2026,0.3742,76538,83876,96383,105623,2025
165831,Lexington-Fayette Urban County Government,KY,2020,False,323152,2010,580,0,140,63,575,0,63,0,3563,522,3615672,879594,4169874,287859,reported,imputed,R,RX,1.795,1.779,0.1944,0.3811,74807,87023,93055,108251,2025
165831,Lexington-Fayette Urban County Government,KY,2021,False,323152,2020,525,0,137,55,568,0,28,0,3403,238,3252392,859781,4147621,140780,reported,reported,R,R,1.625,1.758,0.2069,0.3697,74340,87626,88324,104110,2025
165831,Lexington-Fayette Urban County Government,KY,2022,True,324735,2020,548,0,92,61,558,0,27,0,3398,337,3853143,484552,4011958,145711,reported,reported,R,R,1.688,1.718,0.1437,0.3605,84375,86279,92819,94914,2025
165831,Lexington-Fayette Urban County Government,KY,2023,False,321793,2020,539,0,96,68,599,0,30,0,3356,419,4510261,509899,4915170,213794,reported,reported,R,R,1.675,1.861,0.1512,0.3766,100414,98468,106096,104040,2025
165831,Lexington-Fayette Urban County Government,KY,2024,False,320347,2020,545,0,105,70,598,0,32,0,3564,449,4726229,644940,5185795,195032,reported,reported,R,R,1.701,1.867,0.1615,0.3591,104064,104063,106802,106801,2025
165831,Lexington-Fayette Urban County Government,KY,2025,False,320154,2020,549,0,116,82,628,0,34,0,3689,478,4800430,694887,5561382,214059,reported,reported,R,R,1.715,1.962,0.1744,0.3597,104927,106268,104927,106268,2025
165866,Louisville-Jefferson County Metro Government,KY,2012,True,741096,2010,1533,68,54,0,475,0,48,0,7744,610,7174518,189765,2629278,173107,reported,imputed,R,ARX,2.069,0.641,0.034,0.2725,56161,66424,78750,93142,2025
165866,Louisville-Jefferson County Metro Government,KY,2013,False,741096,2010,1539,71,65,0,638,0,64,0,7886,567,7210481,219485,3481055,229187,reported,prorated,R,T,2.077,0.861,0.0405,0.2924,56222,65474,77698,90484,2025
165866,Louisville-Jefferson County Metro Government,KY,2014,False,741096,2010,1547,67,50,0,441,0,45,0,7596,482,7426829,162958,2662338,175283,reported,prorated,R,T,2.087,0.595,0.0313,0.2742,57610,72445,78345,98520,2025
165866,Louisville-Jefferson County Metro Government,KY,2015,False,741096,2010,1542,68,50,0,440,0,45,0,7583,503,7559414,165867,2709866,178412,imputed,imputed,G,G,2.081,0.594,0.0314,0.2739,58828,73905,79907,100386,2025
165866,Louisville-Jefferson County Metro Government,KY,2016,False,741096,2010,1556,76,50,0,444,0,45,0,7623,556,7742303,169880,2775427,182728,imputed,imputed,G,G,2.1,0.599,0.0311,0.2748,59709,75012,80093,100620,2025
165866,Louisville-Jefferson County Metro Government,KY,2017,True,763623,2010,1459,64,297,60,415,0,82,0,8146,541,6858952,1003181,1919584,435284,prorated,reported,RT,R,1.911,0.543,0.1691,0.2766,56414,55506,74095,72902,2025
165866,Louisville-Jefferson County Metro Government,KY,2018,False,763623,2010,1425,69,385,13,433,0,35,0,8227,493,7989862,1147930,2754308,204132,reported,reported,C,R,1.866,0.567,0.2127,0.2769,67283,76332,86263,97865,2025
165866,Louisville-Jefferson County Metro Government,KY,2019,False,771158,2010,1390,70,383,12,433,0,17,0,8091,473,7270466,973268,2711150,122543,prorated,imputed,T,RX,1.802,0.561,0.216,0.2747,62767,75136,79041,94617,2025
165866,Louisville-Jefferson County Metro Government,KY,2020,False,766757,2010,1375,70,353,13,432,0,17,0,7996,436,7787187,964942,2896872,126727,reported,reported,C,R,1.793,0.563,0.2043,0.2723,67961,80469,84539,100098,2025
165866,Louisville-Jefferson County Metro Government,KY,2021,False,766757,2020,1459,16,350,49,431,0,46,0,8178,683,7841233,1277378,2336515,430368,reported,reported,R,CR,1.903,0.562,0.1935,0.2795,64493,65054,76625,77292,2025
165866,Louisville-Jefferson County Metro Government,KY,2022,True,767452,2020,1271,13,345,43,440,0,41,0,7905,440,7801717,1450732,2633379,211203,reported,reported,R,R,1.656,0.573,0.2135,0.2653,73659,71819,81031,79006,2025
165866,Louisville-Jefferson County Metro Government,KY,2023,False,777874,2020,1344,17,391,47,482,0,42,0,8619,482,8472680,1748207,2858164,213207,reported,reported,R,R,1.728,0.62,0.2254,0.2621,75649,71158,79929,75184,2025
165866,Louisville-Jefferson County Metro Government,KY,2024,False,773399,2020,1270,16,369,41,426,0,37,0,7614,385,9900115,2055625,3240403,241720,prorated,prorated,T,T,1.642,0.551,0.2251,0.2761,93544,91279,96005,93681,2025
165866,Louisville-Jefferson County Metro Government,KY,2025,False,772144,2020,1283,18,371,44,429,0,37,0,7666,438,11407779,2360182,3585513,267464,prorated,prorated,T,T,1.662,0.556,0.2243,0.2765,106698,100294,106698,100294,2025
166054,Baton Rouge-East Baton Rouge-Parish,LA,2012,True,229493,2010,755,0,394,233,684,0,13,0,6578,1651,2768666,1491879,3749650,60194,imputed,imputed,G,G,3.29,2.98,0.3429,0.2806,44005,65783,61705,92243,2025
166054,Baton Rouge-East Baton Rouge-Parish,LA,2013,False,229493,2010,750,0,392,259,680,0,13,0,6572,1784,2834726,1527475,3839117,61630,imputed,imputed,AX,AX,3.268,2.963,0.3433,0.2792,45356,67749,62681,93628,2025
166054,Baton Rouge-East Baton Rouge-Parish,LA,2014,False,229493,2010,749,0,392,242,679,0,13,0,6565,1665,2917158,1571893,3950756,63422,imputed,imputed,G,G,3.264,2.959,0.3436,0.2792,46737,69822,63559,94953,2025
166054,Baton Rouge-East Baton Rouge-Parish,LA,2015,False,229493,2010,742,0,388,271,673,0,13,0,6653,1851,2887140,1555718,3910102,62769,imputed,imputed,G,G,3.233,2.933,0.3434,0.273,46692,69720,63422,94702,2025
166054,Baton Rouge-East Baton Rouge-Parish,LA,2016,False,229493,2010,1106,0,260,182,762,0,28,2,6062,1566,4740340,766082,3649381,187431,reported,reported,CR,CR,4.819,3.32,0.1903,0.3557,51432,57471,68990,77091,2025
166054,Baton Rouge-East Baton Rouge-Parish,LA,2017,True,228590,2010,1116,3,232,149,755,9,30,7,5615,1247,5088267,777250,3547663,146725,reported,reported,R,R,4.882,3.303,0.1721,0.3799,54713,56387,71861,74059,2025
166054,Baton Rouge-East Baton Rouge-Parish,LA,2018,False,228590,2010,978,2,333,147,748,9,30,1,5553,1138,5240709,1784177,3729618,188179,reported,reported,R,R,4.278,3.272,0.254,0.3762,64303,59833,82443,76712,2025
166054,Baton Rouge-East Baton Rouge-Parish,LA,2019,False,228590,2010,1020,2,332,151,689,9,77,1,5545,1044,5964776,1856378,3854721,518617,imputed,reported,CRX,R,4.462,3.014,0.2456,0.382,70174,67136,88369,84543,2025
166054,Baton Rouge-East Baton Rouge-Parish,LA,2020,False,220236,2010,945,2,296,150,730,9,23,2,5415,1092,5443111,1311959,4038427,174424,imputed,reported,GR,R,4.291,3.315,0.2385,0.3682,69119,66385,85979,82578,2025
166054,Baton Rouge-East Baton Rouge-Parish,LA,2021,False,220236,2020,934,1,311,142,686,1,51,5,5349,778,5618849,1395852,3956702,381573,reported,reported,R,R,4.241,3.115,0.2498,0.3705,72191,69213,85771,82233,2025
166054,Baton Rouge-East Baton Rouge-Parish,LA,2022,True,219052,2020,985,1,243,143,695,1,47,6,5193,925,5740443,1146796,3902541,344722,imputed,reported,GR,CR,4.497,3.173,0.1979,0.3794,69934,67382,76933,74125,2025
166054,Baton Rouge-East Baton Rouge-Parish,LA,2023,False,222185,2020,999,1,246,149,709,6,29,4,5137,974,6055006,1209638,4141875,229086,imputed,imputed,G,G,4.496,3.191,0.1976,0.386,72733,70102,76848,74069,2025
166054,Baton Rouge-East Baton Rouge-Parish,LA,2024,False,221453,2020,977,1,235,138,669,16,77,4,5065,903,6491887,1208249,4331914,624650,imputed,reported,GR,R,4.412,3.021,0.1939,0.3866,79737,77702,81835,79747,2025
166054,Baton Rouge-East Baton Rouge-Parish,LA,2025,False,219573,2020,879,1,308,139,710,1,89,7,5076,866,5962593,1610018,5031832,795571,imputed,reported,GR,R,4.003,3.234,0.2595,0.3913,81401,85045,81401,85045,2025
166076,Lafayette-Parish,LA,2012,True,120623,2010,450,2,214,22,243,0,3,0,2903,308,1743438,695188,1088299,15535,reported,reported,R,R,3.731,2.015,0.3223,0.3135,46492,53743,65192,75360,2025
166076,Lafayette-Parish,LA,2013,False,120623,2010,518,5,246,51,254,0,3,0,3223,342,1668785,665422,898335,15536,prorated,imputed,T,ARX,4.294,2.106,0.322,0.3168,38659,42441,53426,58653,2025
166076,Lafayette-Parish,LA,2014,False,120623,2010,505,4,240,46,256,0,7,0,3215,263,2061051,821836,886866,32742,prorated,reported,T,CR,4.187,2.122,0.3221,0.3135,48975,41572,66602,56535,2025
166076,Lafayette-Parish,LA,2015,False,120623,2010,463,10,314,41,257,0,3,0,2934,395,2054986,700024,1145441,16939,reported,reported,CR,R,3.838,2.131,0.4041,0.3534,53261,53484,72345,72648,2025
166076,Lafayette-Parish,LA,2016,False,120623,2010,428,0,290,29,280,0,3,0,2996,287,1606026,662618,1185103,17400,imputed,imputed,AT,RX,3.548,2.321,0.4039,0.3341,45029,50790,60401,68129,2025
166076,Lafayette-Parish,LA,2017,True,127657,2010,428,0,290,29,285,0,3,0,3033,305,1653082,682033,1199848,17616,imputed,imputed,X,G,3.353,2.233,0.4039,0.3317,46348,50520,60874,66353,2025
166076,Lafayette-Parish,LA,2018,False,127657,2010,431,0,292,29,279,0,3,0,2991,312,1715115,707627,1338912,19659,imputed,imputed,X,G,3.376,2.186,0.4039,0.336,47753,57588,61224,73833,2025
166076,Lafayette-Parish,LA,2019,False,127657,2010,429,0,291,28,279,0,9,0,2832,225,1808726,746249,1379580,32386,imputed,imputed,G,G,3.361,2.186,0.4042,0.3559,50594,59337,63712,74722,2025
166076,Lafayette-Parish,LA,2020,False,126185,2010,427,0,290,29,279,0,9,0,2830,228,1852946,764493,1385207,32519,imputed,imputed,G,G,3.384,2.211,0.4045,0.3551,52073,59579,64775,74112,2025
166076,Lafayette-Parish,LA,2021,False,126185,2020,421,0,286,29,273,0,9,0,2770,212,1855897,765710,1421255,33365,imputed,reported,G,R,3.336,2.163,0.4045,0.357,52900,62473,62851,74225,2025
166076,Lafayette-Parish,LA,2022,True,126535,2020,692,0,336,58,255,0,24,0,3026,251,3596525,964661,1436155,134393,imputed,,G,,5.469,2.015,0.3268,0.4319,62367,67584,68608,74348,2025
166076,Lafayette-Parish,LA,2023,False,121771,2020,700,0,334,49,260,0,23,0,3034,184,3732439,988549,1348604,141810,imputed,reported,G,R,5.748,2.135,0.323,0.4341,63985,62243,67605,65765,2025
166076,Lafayette-Parish,LA,2024,False,121389,2020,704,0,343,60,258,0,24,0,3071,257,3980883,1067678,1589843,148775,imputed,reported,G,R,5.8,2.125,0.3276,0.4328,67856,73946,69641,75892,2025
166076,Lafayette-Parish,LA,2025,False,121467,2020,720,0,357,53,254,0,24,0,3112,272,4356237,1212157,1588983,146674,imputed,reported,G,R,5.928,2.091,0.3315,0.4354,72604,75070,72604,75070,2025
166094,New Orleans,LA,2012,True,343829,2010,1561,0,48,5,606,0,142,0,6428,273,5836732,178035,2119879,459616,reported,reported,CR,CR,4.54,1.763,0.0298,0.3667,44869,41978,62917,58863,2025
166094,New Orleans,LA,2013,False,343829,2010,1542,0,47,6,598,0,140,0,6100,310,5935189,181038,2155639,467368,imputed,imputed,G,G,4.485,1.739,0.0296,0.3815,46188,43257,63831,59781,2025
166094,New Orleans,LA,2014,False,343829,2010,1540,0,47,6,597,0,140,0,6128,304,6107780,186302,2218323,480959,imputed,imputed,G,G,4.479,1.736,0.0296,0.3792,47593,44589,64723,60638,2025
166094,New Orleans,LA,2015,False,343829,2010,1526,0,47,7,591,0,139,0,6072,342,6044930,184385,2195496,476010,imputed,imputed,G,G,4.438,1.719,0.0299,0.3793,47535,44579,64567,60552,2025
166094,New Orleans,LA,2016,False,343829,2010,1502,0,46,7,582,0,137,0,5977,345,6354785,193836,2308034,500410,imputed,imputed,G,G,4.368,1.693,0.0297,0.3793,50771,47588,68104,63834,2025
166094,New Orleans,LA,2017,True,389617,2010,1299,1,274,6,546,0,38,1,6484,255,9909460,1250734,2867303,250792,imputed,imputed,X,X,3.334,1.401,0.1742,0.3327,91542,63018,120232,82768,2025
166094,New Orleans,LA,2018,False,389617,2010,1301,1,274,6,546,0,38,1,6491,255,10299987,1299918,2980057,260654,imputed,imputed,X,X,3.339,1.401,0.174,0.3326,95004,65496,121804,83972,2025
166094,New Orleans,LA,2019,False,393292,2010,1299,1,274,6,546,0,38,1,6475,250,10608509,1339725,3071315,268636,reported,reported,R,R,3.303,1.388,0.1742,0.3331,98000,67501,123409,85002,2025
166094,New Orleans,LA,2020,False,390144,2010,1295,1,273,6,544,0,38,1,6457,260,10872859,1372479,3146403,275204,imputed,imputed,G,G,3.319,1.394,0.1741,0.333,100752,69406,125329,86336,2025
166094,New Orleans,LA,2021,False,390144,2020,1241,0,261,4,558,0,28,1,6179,195,7810342,973584,2525769,169692,prorated,reported,T,R,3.181,1.43,0.1738,0.3379,75523,54318,89730,64536,2025
166094,New Orleans,LA,2022,True,389476,2020,1127,0,235,6,571,0,18,1,6266,229,9096638,1139270,3371407,113090,prorated,reported,T,R,2.894,1.466,0.1725,0.3114,96859,70853,106552,77944,2025
166094,New Orleans,LA,2023,False,376971,2020,1119,0,233,7,602,0,19,1,6121,225,8171330,1016282,3989751,159537,prorated,reported,T,R,2.968,1.597,0.1723,0.3223,87628,79530,92586,84030,2025
166094,New Orleans,LA,2024,False,369749,2020,1171,4,244,25,602,0,29,2,6343,258,9056736,1129230,4149412,238011,prorated,reported,T,R,3.167,1.628,0.1724,0.3226,92810,82713,95252,84889,2025
166094,New Orleans,LA,2025,False,364136,2020,1256,5,263,27,649,0,31,3,6704,277,10136479,1265551,4650328,266743,prorated,prorated,T,T,3.449,1.782,0.1731,0.328,96845,85984,96845,85984,2025
127810,Shreveport,LA,2012,True,199311,2010,584,0,106,86,550,0,12,0,2670,349,2436636,203242,2622017,34568,imputed,imputed,G,G,2.93,2.76,0.1536,0.4689,50068,57208,70207,80219,2025
127810,Shreveport,LA,2013,False,199311,2010,544,0,103,93,533,0,26,0,2660,335,2324432,235752,2481306,93836,reported,reported,R,CR,2.729,2.674,0.1592,0.4534,51274,55864,70860,77203,2025
127810,Shreveport,LA,2014,False,199311,2010,543,0,103,87,532,0,26,0,2658,313,2392025,242607,2553461,96565,imputed,imputed,G,G,2.724,2.669,0.1594,0.453,52862,57597,71888,78328,2025
127810,Shreveport,LA,2015,False,199311,2010,523,0,99,83,475,0,82,0,2367,311,2320592,235363,2095882,355434,imputed,reported,ART,R,2.624,2.383,0.1592,0.4981,53245,52949,72323,71921,2025
127810,Shreveport,LA,2016,False,199311,2010,532,0,139,103,524,0,62,0,2507,298,2355421,389433,2499115,267658,reported,reported,R,R,2.669,2.629,0.2072,0.5014,53130,57232,71268,76770,2025
127810,Shreveport,LA,2017,True,197204,2010,588,0,86,100,559,0,38,0,2569,342,2521492,199616,2610962,176748,reported,reported,R,R,2.982,2.835,0.1276,0.4947,51459,56049,67587,73615,2025
127810,Shreveport,LA,2018,False,197204,2010,714,0,104,121,678,0,46,0,3115,414,3031925,240025,3139507,212528,prorated,prorated,T,T,3.621,3.438,0.1271,0.495,50957,55566,65332,71241,2025
127810,Shreveport,LA,2019,False,192036,2010,597,0,110,114,608,0,15,0,2837,242,2107161,300988,2145629,110577,imputed,imputed,G,G,3.109,3.166,0.1556,0.4688,42355,42348,53337,53328,2025
127810,Shreveport,LA,2020,False,187112,2010,605,0,111,115,616,0,15,0,2871,238,2191440,313027,2015500,115000,prorated,reported,RT,R,3.233,3.292,0.155,0.4692,43467,39263,54070,48840,2025
127810,Shreveport,LA,2021,False,187112,2020,597,0,110,114,608,0,15,0,2835,211,2194930,313526,2018710,115184,imputed,imputed,G,G,3.191,3.249,0.1556,0.4691,44119,39843,52418,47338,2025
127810,Shreveport,LA,2022,True,184786,2020,468,0,85,129,501,0,49,0,1994,662,2677761,308224,3044416,149483,prorated,reported,RT,CR,2.533,2.711,0.1537,0.5532,68661,72920,75532,80218,2025
127810,Shreveport,LA,2023,False,184021,2020,478,0,87,131,511,0,50,0,2030,675,1951367,224612,2218560,108933,prorated,prorated,T,T,2.598,2.777,0.154,0.5547,48988,52099,51760,55047,2025
127810,Shreveport,LA,2024,False,180153,2020,480,0,74,113,420,0,12,0,1824,633,2643826,236182,2398510,40952,reported,reported,R,R,2.664,2.331,0.1336,0.5406,66096,68529,67835,70332,2025
127810,Shreveport,LA,2025,False,177959,2020,524,0,79,83,523,0,14,0,2023,655,3554450,263170,3370440,45085,reported,reported,R,R,2.944,2.939,0.131,0.5635,81400,77333,81400,77333,2025
128108,Boston,MA,2012,True,617594,2010,2136,0,589,201,1436,0,141,3,18103,1956,16815711,3533801,12770034,940768,reported,reported,R,R,3.459,2.325,0.2161,0.2376,94470,106713,132468,149636,2025
128108,Boston,MA,2013,False,617594,2010,2153,0,645,193,1461,0,154,0,18629,1912,16565734,2990165,14561099,1054562,reported,reported,R,R,3.486,2.366,0.2305,0.2369,92331,119598,127600,165283,2025
128108,Boston,MA,2014,False,617594,2010,2161,0,570,196,1450,0,147,3,18726,2122,17713150,2957323,13890591,1153116,reported,reported,R,R,3.499,2.348,0.2087,0.2311,98361,114957,133763,156333,2025
128108,Boston,MA,2015,False,617594,2010,2158,0,566,190,1463,0,157,3,18726,2055,22307837,3059330,13594253,1162852,reported,reported,R,R,3.494,2.369,0.2078,0.232,124047,111504,168495,151457,2025
128108,Boston,MA,2016,False,617594,2010,2179,0,540,182,1480,0,160,0,18686,2079,24380775,3114974,13573817,1057586,reported,reported,CR,CR,3.528,2.396,0.1986,0.2333,134268,110058,180106,147631,2025
128108,Boston,MA,2017,True,667137,2010,2182,0,530,188,1480,0,156,0,18612,2181,24975949,3127043,13367306,1361022,reported,reported,R,R,3.271,2.218,0.1954,0.2336,137356,108384,180405,142353,2025
128108,Boston,MA,2018,False,667137,2010,2161,0,556,185,1510,0,152,0,19063,2072,23980584,3564283,15749023,1341031,reported,reported,R,R,3.239,2.263,0.2046,0.2297,133164,125158,170729,160464,2025
128108,Boston,MA,2019,False,685094,2010,2187,0,571,189,1503,0,151,0,19281,2058,27549417,3303320,16891240,1331753,reported,reported,R,R,3.192,2.194,0.207,0.2288,151163,134860,190356,169826,2025
128108,Boston,MA,2020,False,692600,2010,2182,0,590,185,1451,0,159,0,19394,2343,29699656,3579160,18406467,1486709,reported,reported,R,R,3.15,2.095,0.2128,0.2259,163334,152224,203176,189356,2025
128108,Boston,MA,2021,False,692600,2020,2164,0,548,190,1457,0,150,0,19608,2153,30542387,3351085,18224971,1560544,reported,reported,R,R,3.124,2.104,0.2021,0.2203,169366,150103,201226,178339,2025
128108,Boston,MA,2022,True,691531,2020,2101,0,536,167,1533,0,152,0,19878,2307,29113805,2965854,19070000,1536982,reported,reported,CR,R,3.038,2.217,0.2033,0.2174,166285,149276,182926,164215,2025
128108,Boston,MA,2023,False,654776,2020,2068,0,495,168,1534,0,137,0,20215,2437,29151889,3230960,20046730,1389934,reported,reported,CR,R,3.158,2.343,0.1931,0.2094,169160,156819,178732,165692,2025
128108,Boston,MA,2024,False,650706,2020,2193,0,518,155,1539,0,178,2,21426,3347,26989134,3402352,21719109,1589144,reported,reported,R,R,3.37,2.365,0.1911,0.2067,147683,169350,151569,173806,2025
128108,Boston,MA,2025,False,653833,2020,2189,0,548,160,1485,0,199,3,21612,2294,27545903,4009336,21349479,1774121,reported,reported,R,R,3.348,2.271,0.2002,0.2046,151005,172521,151005,172521,2025
166455,Brockton,MA,2012,True,93810,2010,186,0,6,0,185,0,2,0,2995,584,1300530,26791,1146796,8011,reported,reported,R,R,1.983,1.972,0.0312,0.1265,83905,74387,117654,104307,2025
166455,Brockton,MA,2013,False,93810,2010,183,0,7,0,185,0,2,0,2902,626,1341662,33050,1151402,9889,reported,reported,R,R,1.951,1.972,0.0368,0.1299,87978,74686,121584,103215,2025
166455,Brockton,MA,2014,False,93810,2010,187,0,7,0,189,0,2,0,3238,784,1391789,34285,1194420,10258,imputed,imputed,G,G,1.993,2.015,0.0361,0.1189,89313,75836,121459,103131,2025
166455,Brockton,MA,2015,False,93810,2010,186,0,6,0,193,0,2,0,3112,679,1559597,27318,858691,9287,reported,reported,R,CR,1.983,2.057,0.0312,0.1244,100619,53390,136672,72520,2025
166455,Brockton,MA,2016,False,93810,2010,193,0,6,0,197,0,2,0,2820,426,1851657,29125,868591,9829,reported,reported,R,CR,2.057,2.1,0.0302,0.1411,115129,52909,154433,70972,2025
166455,Brockton,MA,2017,True,95314,2010,193,0,6,0,197,0,2,0,3198,502,1949516,30664,914496,10348,imputed,imputed,G,G,2.025,2.067,0.0302,0.1245,121213,55705,159202,73163,2025
166455,Brockton,MA,2018,False,95314,2010,191,0,18,0,177,0,16,0,2698,460,1869247,99426,798344,120535,reported,reported,R,CR,2.004,1.857,0.0861,0.149,117440,54125,150569,69393,2025
166455,Brockton,MA,2019,False,95672,2010,182,0,21,0,167,0,17,0,2693,416,1911101,125504,771030,142689,reported,reported,R,CR,1.902,1.746,0.1034,0.1437,126007,55403,158678,69768,2025
166455,Brockton,MA,2020,False,95708,2010,193,0,22,0,187,0,18,0,2808,413,2001223,129801,862876,144989,reported,reported,R,CR,2.017,1.954,0.1023,0.1496,124428,55372,154780,68879,2025
166455,Brockton,MA,2021,False,95708,2020,198,0,23,0,184,0,17,0,2780,339,1980501,136579,911637,140076,reported,reported,R,CR,2.069,1.923,0.1041,0.1518,120030,59455,142609,70639,2025
166455,Brockton,MA,2022,True,95770,2020,201,0,23,0,187,0,17,0,2860,472,2087327,143942,960810,147631,imputed,imputed,G,G,2.099,1.953,0.1027,0.1497,124617,61656,137088,67826,2025
166455,Brockton,MA,2023,False,105446,2020,205,0,23,0,191,0,17,0,2909,508,2251698,155277,1036470,159258,imputed,imputed,G,G,1.944,1.811,0.1009,0.1499,131807,65119,139265,68804,2025
166455,Brockton,MA,2024,False,104826,2020,212,0,23,0,198,0,18,0,2969,556,2419922,166877,1113903,171155,imputed,imputed,G,G,2.022,1.889,0.0979,0.1519,136977,67509,140581,69285,2025
166455,Brockton,MA,2025,False,104890,2020,214,0,23,0,200,0,18,0,3028,563,2540800,175214,1169544,179703,imputed,imputed,G,G,2.04,1.907,0.097,0.1503,142475,70173,142475,70173,2025
166448,Cambridge,MA,2012,True,105162,2010,249,0,45,4,268,0,10,1,5221,1629,2246083,285493,1808969,66137,imputed,imputed,G,G,2.368,2.548,0.1531,0.1096,108245,80999,151784,113579,2025
166448,Cambridge,MA,2013,False,105162,2010,270,0,38,6,264,0,9,0,4920,2025,2550533,187666,1731650,58737,reported,reported,R,R,2.567,2.51,0.1234,0.1181,113357,78711,156658,108777,2025
166448,Cambridge,MA,2014,False,105162,2010,273,0,39,5,271,0,9,0,5175,2187,2667829,195056,2030451,79480,reported,reported,R,R,2.596,2.577,0.125,0.1144,117267,89909,159474,122269,2025
166448,Cambridge,MA,2015,False,105162,2010,267,0,54,1,275,0,12,0,4998,2048,2651957,350340,1851524,101219,reported,reported,R,R,2.539,2.615,0.1682,0.1216,119189,80794,161896,109743,2025
166448,Cambridge,MA,2016,False,105162,2010,275,0,40,4,272,0,6,0,4980,2076,2811558,208900,1985612,38010,reported,reported,R,R,2.615,2.586,0.127,0.1191,122686,87601,164570,117507,2025
166448,Cambridge,MA,2017,True,110402,2010,272,0,41,2,268,0,9,2,5748,2147,2733708,223652,1968549,67824,reported,reported,R,R,2.464,2.427,0.131,0.1026,120605,88144,158404,115769,2025
166448,Cambridge,MA,2018,False,110402,2010,272,0,41,1,272,0,7,2,5673,2001,3161057,232429,2394963,48413,reported,reported,R,R,2.464,2.464,0.131,0.1044,139458,105660,178798,135466,2025
166448,Cambridge,MA,2019,False,113630,2010,274,7,37,5,270,0,7,2,5838,1983,3524315,246738,2107420,47107,reported,reported,R,R,2.411,2.376,0.119,0.1007,154350,93663,194369,117948,2025
166448,Cambridge,MA,2020,False,118927,2010,273,0,43,3,276,0,7,1,6009,1990,3605845,266374,2598801,45982,reported,reported,R,R,2.296,2.321,0.1361,0.0997,158499,112991,197162,140553,2025
166448,Cambridge,MA,2021,False,118927,2020,262,0,47,1,269,0,6,2,6441,1647,3528550,398227,2457124,41449,reported,reported,R,R,2.203,2.262,0.1521,0.0907,161613,109611,192015,130230,2025
166448,Cambridge,MA,2022,True,119192,2020,264,16,49,4,267,0,9,3,6423,1704,3969050,414926,2448911,102610,reported,reported,R,R,2.215,2.24,0.1565,0.0917,180411,110063,198466,121078,2025
166448,Cambridge,MA,2023,False,117090,2020,265,0,43,2,282,0,8,1,6519,1777,4214454,414058,2565578,80210,reported,reported,CR,R,2.263,2.408,0.1396,0.0917,190843,109174,201641,115351,2025
166448,Cambridge,MA,2024,False,118488,2020,274,0,44,2,292,0,8,1,6705,1969,4529313,444992,2757251,86202,imputed,imputed,G,G,2.312,2.464,0.1384,0.0922,198364,113312,203583,116294,2025
166448,Cambridge,MA,2025,False,118214,2020,277,0,45,2,295,0,8,1,6773,2003,4755555,467219,2894979,90507,imputed,imputed,G,G,2.343,2.495,0.1398,0.0923,206017,117762,206017,117762,2025
166449,Lowell,MA,2012,True,106519,2010,218,28,26,0,197,0,0,0,2681,775,1339010,90515,1083220,0,reported,reported,CR,CR,2.047,1.849,0.1066,0.1645,73707,65983,103354,92523,2025
166449,Lowell,MA,2013,False,106519,2010,215,27,26,0,194,0,0,0,2639,801,1338319,90468,1082661,0,imputed,imputed,G,G,2.018,1.821,0.1079,0.1648,74697,66969,103230,92550,2025
166449,Lowell,MA,2014,False,106519,2010,238,0,71,26,194,0,5,3,2737,759,1540146,243638,1141469,20969,reported,reported,CR,R,2.234,1.821,0.2298,0.1856,77654,70606,105604,96019,2025
166449,Lowell,MA,2015,False,106519,2010,230,0,71,26,203,0,5,2,2781,725,1613413,274740,1265761,23254,reported,reported,R,R,2.159,1.906,0.2359,0.183,84178,74823,114340,101633,2025
166449,Lowell,MA,2016,False,106519,2010,233,0,68,28,203,0,5,1,2879,764,1711771,278929,1266970,23520,reported,reported,R,R,2.187,1.906,0.2259,0.1768,88160,74895,118257,100463,2025
166449,Lowell,MA,2017,True,110699,2010,237,0,65,28,207,0,4,2,2904,907,1750955,283557,1366839,20584,reported,reported,R,R,2.141,1.87,0.2152,0.1767,88656,79237,116442,104071,2025
166449,Lowell,MA,2018,False,110699,2010,228,0,69,30,204,0,5,2,2997,910,1795435,318985,1388167,25545,reported,reported,R,R,2.06,1.843,0.2323,0.1688,94497,81657,121154,104692,2025
166449,Lowell,MA,2019,False,111346,2010,235,0,71,25,204,0,6,1,2982,810,1775680,309105,1401678,27736,reported,reported,R,R,2.111,1.832,0.232,0.173,90673,82452,114182,103830,2025
166449,Lowell,MA,2020,False,110997,2010,238,0,72,27,205,0,5,2,3089,269,1850399,325261,1480826,24840,reported,reported,R,R,2.144,1.847,0.2323,0.1683,93297,86682,116055,107826,2025
166449,Lowell,MA,2021,False,110997,2020,236,0,71,22,203,0,5,2,2966,241,1875194,329619,1500670,25172,imputed,imputed,G,G,2.126,1.829,0.2313,0.1736,95349,88710,113285,105398,2025
166449,Lowell,MA,2022,True,110904,2020,230,0,61,26,190,0,4,2,3018,284,2284731,320151,1749951,24967,,,,,2.074,1.713,0.2096,0.1607,119203,110523,131132,121584,2025
166449,Lowell,MA,2023,False,113994,2020,237,0,63,27,196,0,6,0,3147,270,2389969,334897,1830557,31177,reported,reported,R,R,2.079,1.719,0.21,0.1595,121011,112075,127858,118417,2025
166449,Lowell,MA,2024,False,113608,2020,224,0,72,24,208,0,6,0,3329,285,2421851,407719,1794949,36114,reported,reported,R,R,1.972,1.831,0.2432,0.1532,129742,103555,133156,106280,2025
166449,Lowell,MA,2025,False,114296,2020,232,0,72,27,211,0,7,0,3461,319,2602355,412331,2206773,45342,reported,reported,R,R,2.03,1.846,0.2368,0.1508,134605,125504,134605,125504,2025
106055,Lynn,MA,2012,True,90329,2010,170,0,17,40,160,0,14,0,2087,2721,1260656,66036,1226723,74301,imputed,imputed,G,G,1.882,1.771,0.0909,0.173,88987,92004,124780,129011,2025
106055,Lynn,MA,2013,False,90329,2010,174,0,17,40,163,0,14,0,2166,2638,1291310,67640,1256552,76108,prorated,prorated,T,T,1.926,1.805,0.089,0.1699,89056,92507,123074,127843,2025
106055,Lynn,MA,2014,False,90329,2010,187,0,18,0,175,0,15,0,2244,2506,955283,50040,929571,56303,prorated,prorated,T,T,2.07,1.937,0.0878,0.176,61302,63742,83366,86684,2025
106055,Lynn,MA,2015,False,90329,2010,187,0,18,0,175,0,15,0,2308,2578,976290,51140,950012,57541,imputed,imputed,G,G,2.07,1.937,0.0878,0.1711,62650,65144,85098,88486,2025
106055,Lynn,MA,2016,False,90329,2010,188,0,18,0,176,0,15,0,2288,2433,1000463,52406,973534,58966,imputed,imputed,G,G,2.081,1.948,0.0874,0.1735,63859,66377,85660,89037,2025
106055,Lynn,MA,2017,True,92457,2010,188,0,18,0,176,0,15,0,2321,2947,1053337,55176,1024985,62082,imputed,imputed,G,G,2.033,1.904,0.0874,0.171,67234,69885,88306,91788,2025
106055,Lynn,MA,2018,False,92457,2010,193,0,19,0,181,0,15,0,2388,2954,1114029,58355,1084044,65659,imputed,imputed,G,G,2.087,1.958,0.0896,0.1709,69266,71870,88806,92144,2025
106055,Lynn,MA,2019,False,94063,2010,175,0,17,34,176,0,12,1,2441,434,1107097,68419,1118136,62758,reported,reported,R,R,1.86,1.871,0.0885,0.1557,75915,76237,95598,96004,2025
106055,Lynn,MA,2020,False,94299,2010,189,0,14,32,178,0,11,1,2565,442,1021938,57980,886328,53997,reported,reported,R,R,2.004,1.888,0.069,0.1528,64885,59752,80712,74327,2025
106055,Lynn,MA,2021,False,94299,2020,187,0,14,26,176,0,11,1,2415,403,1035635,58758,898203,54719,imputed,imputed,G,G,1.983,1.866,0.0697,0.1607,66458,61241,78960,72761,2025
106055,Lynn,MA,2022,True,94539,2020,190,0,14,28,179,0,11,1,2745,304,1091497,61925,946651,57669,imputed,imputed,G,G,2.01,1.893,0.0686,0.1435,68937,63463,75836,69814,2025
106055,Lynn,MA,2023,False,100843,2020,194,0,14,30,182,0,11,1,2796,328,1177446,66801,1021198,62208,imputed,imputed,G,G,1.924,1.805,0.0673,0.1434,72832,67332,76953,71142,2025
106055,Lynn,MA,2024,False,100891,2020,201,0,14,34,188,0,11,1,2777,335,1265411,71792,1097489,66854,imputed,imputed,G,G,1.992,1.863,0.0651,0.1491,75547,70052,77535,71895,2025
106055,Lynn,MA,2025,False,101241,2020,203,0,14,34,190,0,11,1,2893,341,1328620,75379,1152310,70193,imputed,imputed,G,G,2.005,1.877,0.0645,0.1445,78539,72777,78539,72777,2025
166441,New Bedford,MA,2012,True,95072,2010,272,0,33,6,226,0,5,2,2547,263,1767771,107769,1006269,17240,reported,reported,R,R,2.861,2.377,0.1082,0.2104,77990,53430,109360,74921,2025
166441,New Bedford,MA,2013,False,95072,2010,268,0,33,6,223,0,5,2,2562,264,1767029,107724,1005847,17233,imputed,imputed,G,G,2.819,2.346,0.1096,0.2065,79121,54126,109344,74801,2025
166441,New Bedford,MA,2014,False,95072,2010,274,0,34,6,228,0,5,2,2522,258,1833048,111749,1043427,17877,imputed,imputed,G,G,2.882,2.398,0.1104,0.2145,80279,54917,109173,74683,2025
166441,New Bedford,MA,2015,False,95072,2010,275,0,34,7,228,0,5,2,2557,272,1873357,114206,1066372,18270,imputed,imputed,G,G,2.893,2.398,0.11,0.212,81746,56125,111037,76235,2025
166441,New Bedford,MA,2016,False,95072,2010,270,0,31,3,218,0,5,0,2653,235,1961419,111089,1373001,19716,reported,reported,R,R,2.84,2.293,0.103,0.1975,87174,75578,116934,101380,2025
166441,New Bedford,MA,2017,True,94958,2010,262,0,33,3,210,0,4,0,2670,235,1758378,119481,1255462,15042,reported,reported,R,R,2.759,2.212,0.1119,0.1906,80536,71741,105777,94225,2025
166441,New Bedford,MA,2018,False,94958,2010,258,4,32,3,214,0,5,0,2932,275,1847312,122769,1298415,21332,reported,reported,R,R,2.717,2.254,0.1103,0.1736,85921,72808,110159,93347,2025
166441,New Bedford,MA,2019,False,95120,2010,262,2,32,4,206,0,5,0,2975,288,2023518,128460,1430812,21952,reported,reported,R,R,2.754,2.166,0.1088,0.1697,92680,83348,116710,104958,2025
166441,New Bedford,MA,2020,False,95363,2010,254,4,37,2,209,0,4,0,2984,272,2050761,150534,1368522,14692,reported,reported,R,R,2.664,2.192,0.1271,0.1689,96886,78575,120519,97742,2025
166441,New Bedford,MA,2021,False,95363,2020,254,2,22,5,196,0,6,0,3000,284,2015093,152467,1512118,24913,reported,reported,R,R,2.664,2.055,0.0797,0.1593,95201,92579,113110,109994,2025
166441,New Bedford,MA,2022,True,95517,2020,258,2,22,5,199,0,6,0,3355,262,2123786,160691,1593681,26257,imputed,imputed,G,G,2.701,2.083,0.0786,0.1446,98781,96101,108667,105718,2025
166441,New Bedford,MA,2023,False,100941,2020,263,2,22,5,203,0,6,0,3273,258,2291026,173345,1719178,28324,imputed,imputed,G,G,2.605,2.011,0.0772,0.1509,104534,101626,110449,107376,2025
166441,New Bedford,MA,2024,False,100682,2020,272,2,23,6,210,0,6,0,3459,278,2462188,186297,1847618,30440,imputed,imputed,G,G,2.702,2.086,0.078,0.1477,108626,105578,111484,108356,2025
166441,New Bedford,MA,2025,False,100695,2020,275,2,23,6,212,0,6,0,3522,265,2585176,195603,1939907,31960,imputed,imputed,G,G,2.731,2.105,0.0772,0.1465,112808,109806,112808,109806,2025
166454,Quincy,MA,2012,True,92271,2010,194,0,26,42,197,0,7,0,1934,453,1441062,119089,1340458,57509,reported,reported,R,R,2.103,2.135,0.1182,0.2192,89138,81652,124992,114495,2025
166454,Quincy,MA,2013,False,92271,2010,195,0,28,44,196,0,8,0,2132,220,1018143,131617,1378172,54202,reported,reported,R,R,2.113,2.124,0.1256,0.2003,62655,84378,86588,116609,2025
166454,Quincy,MA,2014,False,92271,2010,208,0,28,0,198,0,8,0,1987,256,1623917,137396,1523380,67026,reported,reported,R,R,2.254,2.146,0.1186,0.2224,93688,92326,127409,125556,2025
166454,Quincy,MA,2015,False,92271,2010,210,0,26,0,214,0,7,0,2102,266,1970688,134212,1633797,51584,reported,reported,CR,R,2.276,2.319,0.1102,0.2174,112611,91615,152961,124442,2025
166454,Quincy,MA,2016,False,92271,2010,206,0,28,45,198,0,6,0,2090,332,1684611,133916,1845209,50388,reported,reported,R,R,2.233,2.146,0.1197,0.2096,98133,111831,131635,150009,2025
166454,Quincy,MA,2017,True,93618,2010,208,0,28,42,216,0,6,0,2354,870,1827738,148858,2107889,43909,reported,reported,R,R,2.222,2.307,0.1186,0.1946,105446,117105,138494,153807,2025
166454,Quincy,MA,2018,False,93618,2010,217,1,29,7,211,0,5,0,2433,654,1977946,160731,1888281,35048,reported,reported,R,R,2.318,2.254,0.1179,0.1899,109380,107390,140236,137684,2025
166454,Quincy,MA,2019,False,94166,2010,211,0,33,3,206,0,4,0,2394,663,1998313,165434,1924214,28418,reported,reported,R,R,2.241,2.188,0.1352,0.1896,113648,112090,143114,141152,2025
166454,Quincy,MA,2020,False,94470,2010,206,6,31,1,236,0,4,0,2478,967,2444372,173627,2148668,32475,reported,reported,R,R,2.181,2.498,0.1308,0.1925,142391,109254,177125,135904,2025
166454,Quincy,MA,2021,False,94470,2020,216,8,32,1,234,0,0,0,2335,519,2577646,183095,1988132,0,prorated,reported,T,R,2.286,2.477,0.129,0.2064,143203,101955,170141,121134,2025
166454,Quincy,MA,2022,True,94421,2020,257,10,38,1,237,0,0,0,2420,575,2721211,193294,2388983,0,prorated,reported,T,R,2.722,2.51,0.1288,0.2198,127060,120961,139776,133066,2025
166454,Quincy,MA,2023,False,101119,2020,277,10,41,1,242,0,6,0,2439,626,3797892,269771,2646851,60072,prorated,reported,T,R,2.739,2.393,0.1289,0.2321,164530,131249,173840,138675,2025
166454,Quincy,MA,2024,False,101727,2020,228,0,35,10,240,0,7,0,2413,843,2829056,262251,2605501,91601,reported,reported,R,R,2.241,2.359,0.1331,0.2114,148898,130275,152816,133703,2025
166454,Quincy,MA,2025,False,101597,2020,228,0,36,17,277,0,7,1,2503,616,3100199,273092,2821186,92863,reported,reported,R,R,2.244,2.726,0.1364,0.2189,163168,122217,163168,122217,2025
106061,Springfield,MA,2012,True,153060,2010,447,0,85,0,231,0,20,0,6198,586,2771980,308260,1355865,100214,reported,reported,R,R,2.92,1.509,0.1598,0.1263,74416,70435,104348,98766,2025
106061,Springfield,MA,2013,False,153060,2010,424,0,82,0,223,0,20,0,5886,337,2696260,312785,1460100,99750,reported,reported,R,R,2.77,1.457,0.1621,0.1273,76309,78570,105458,108583,2025
106061,Springfield,MA,2014,False,153060,2010,428,0,90,0,214,0,21,0,5871,370,2762751,325996,1261882,104745,reported,reported,R,R,2.796,1.398,0.1737,0.1283,77460,70760,105340,96228,2025
106061,Springfield,MA,2015,False,153060,2010,436,0,92,0,206,0,19,0,5796,389,2852230,348294,1318306,111689,reported,reported,R,R,2.849,1.346,0.1742,0.1299,78502,76795,106630,104312,2025
106061,Springfield,MA,2016,False,153060,2010,439,0,101,0,232,0,20,0,5842,405,3181127,407313,1393273,107490,reported,reported,R,R,2.868,1.516,0.187,0.1356,86956,72066,116642,96669,2025
106061,Springfield,MA,2017,True,154341,2010,457,0,101,0,229,0,21,3,5267,871,3047862,411025,1508650,119775,reported,reported,R,R,2.961,1.484,0.181,0.1534,80031,79056,105113,103833,2025
106061,Springfield,MA,2018,False,154341,2010,470,0,110,1,230,0,20,2,5209,850,3102077,465713,1516192,119146,reported,reported,R,R,3.045,1.49,0.1897,0.1593,79202,79106,101544,101421,2025
106061,Springfield,MA,2019,False,154758,2010,484,0,101,2,241,0,21,3,5292,826,3338177,465319,1540102,130032,reported,reported,R,R,3.127,1.557,0.1726,0.1601,82765,76686,104224,96569,2025
106061,Springfield,MA,2020,False,153606,2010,481,0,108,6,249,0,21,3,5470,871,3562538,526424,1597700,137007,reported,reported,R,R,3.131,1.621,0.1834,0.157,88878,76998,110558,95780,2025
106061,Springfield,MA,2021,False,153606,2020,476,0,76,1,273,0,45,20,5298,761,3539961,349273,1797827,236455,reported,reported,R,R,3.099,1.777,0.1377,0.1642,89243,79025,106031,93891,2025
106061,Springfield,MA,2022,True,152646,2020,480,0,71,3,266,0,45,10,5438,1099,3553933,358515,1702684,265821,reported,reported,R,R,3.145,1.743,0.1289,0.1585,88848,76813,97740,84500,2025
106061,Springfield,MA,2023,False,154789,2020,483,0,74,1,264,0,57,2,5365,1080,3946411,367186,1802429,309314,reported,reported,R,R,3.12,1.706,0.1329,0.1637,98047,81929,103595,86565,2025
106061,Springfield,MA,2024,False,154064,2020,474,0,75,2,269,0,59,2,5901,743,4396801,388607,2165319,344778,reported,reported,R,R,3.077,1.746,0.1366,0.1486,111311,96594,114240,99136,2025
106061,Springfield,MA,2025,False,153672,2020,482,0,81,1,256,0,61,8,5944,733,4436193,448171,1949125,381118,reported,reported,R,R,3.137,1.666,0.1439,0.148,110445,91365,110445,91365,2025
106079,Worcester,MA,2012,True,181045,2010,411,0,105,0,383,0,9,0,4829,2781,3328687,394909,2469859,38812,reported,reported,R,R,2.27,2.115,0.2035,0.188,97188,77385,136280,108511,2025
106079,Worcester,MA,2013,False,181045,2010,411,0,99,0,394,0,10,0,4993,2702,3080990,399669,2582869,44821,reported,reported,R,R,2.27,2.176,0.1941,0.1831,89956,78666,124318,108715,2025
106079,Worcester,MA,2014,False,181045,2010,421,0,106,0,409,0,10,0,5133,2655,3234735,495566,2634353,47851,reported,reported,R,R,2.325,2.259,0.2011,0.1843,92201,77292,125386,105111,2025
106079,Worcester,MA,2015,False,181045,2010,430,0,103,0,389,0,10,0,5249,2740,3166088,480451,2556052,48240,reported,reported,R,R,2.375,2.149,0.1932,0.1776,88356,78850,120015,107103,2025
106079,Worcester,MA,2016,False,181045,2010,414,0,105,0,392,0,10,0,5196,2600,3611987,478786,2556180,49476,reported,reported,R,R,2.287,2.165,0.2023,0.1773,104695,78250,140437,104964,2025
106079,Worcester,MA,2017,True,184815,2010,426,0,105,87,405,0,11,0,5707,689,3312824,499995,2852607,63213,reported,reported,R,R,2.305,2.191,0.1977,0.1659,93319,84522,122566,111012,2025
106079,Worcester,MA,2018,False,184815,2010,450,0,103,86,409,0,11,0,5773,714,3446257,543935,3057238,62797,reported,reported,R,R,2.435,2.213,0.1863,0.1685,91900,89699,117825,115003,2025
106079,Worcester,MA,2019,False,185677,2010,438,0,106,91,411,0,10,0,5777,744,3617124,562765,2995999,58807,reported,reported,R,R,2.359,2.214,0.1949,0.167,99099,87474,124793,110154,2025
106079,Worcester,MA,2020,False,185428,2010,451,0,110,89,418,0,10,0,5865,746,4053556,538001,3070926,58825,reported,reported,R,R,2.432,2.254,0.1961,0.1686,107855,88161,134164,109666,2025
106079,Worcester,MA,2021,False,185428,2020,432,0,105,89,396,0,12,0,5688,377,3673748,572455,3031632,73731,reported,reported,R,R,2.33,2.136,0.1955,0.1661,102049,91868,121246,109150,2025
106079,Worcester,MA,2022,True,184570,2020,438,0,98,77,415,0,0,0,5879,1017,3772164,546751,3362402,0,reported,reported,R,R,2.373,2.248,0.1828,0.1618,103347,97226,113690,106956,2025
106079,Worcester,MA,2023,False,205918,2020,418,0,104,77,423,0,0,0,5975,1320,3720106,598424,3587099,0,reported,reported,CR,R,2.03,2.054,0.1992,0.1582,106797,101762,112840,107520,2025
106079,Worcester,MA,2024,False,205319,2020,421,0,109,76,447,0,0,0,6057,1504,3955069,690224,3863481,0,reported,reported,CR,R,2.05,2.177,0.2057,0.1613,112734,103718,115700,106447,2025
106079,Worcester,MA,2025,False,207621,2020,487,0,110,80,438,0,11,0,6380,1220,4040283,808152,4142402,80117,reported,reported,R,R,2.346,2.11,0.1843,0.1639,99555,113490,99555,113490,2025
208246,Baltimore,MD,2012,True,620961,2010,2974,0,522,315,1670,0,105,0,24892,1946,17868287,2457780,8964708,487422,prorated,reported,RT,R,4.789,2.689,0.1493,0.2118,72098,64417,101098,90327,2025
208246,Baltimore,MD,2013,False,620961,2010,3124,0,402,395,1588,0,80,0,24365,2444,19328772,1604124,9471251,388654,reported,reported,R,R,5.031,2.557,0.114,0.2132,74246,71571,102607,98910,2025
208246,Baltimore,MD,2014,False,620961,2010,2821,0,405,347,1504,0,89,0,24693,2250,18198039,1641833,10684863,450902,reported,reported,R,R,4.543,2.422,0.1255,0.1952,77411,85252,105273,115936,2025
208246,Baltimore,MD,2015,False,620961,2010,2763,0,593,358,1514,0,86,0,24598,2029,19581901,2570347,10847963,471227,reported,reported,R,R,4.45,2.438,0.1767,0.2015,85046,85981,115519,116789,2025
208246,Baltimore,MD,2016,False,620961,2010,2803,0,685,413,1532,1,87,0,24723,2192,22865283,2437151,10428030,452985,prorated,prorated,RT,T,4.514,2.467,0.1964,0.2066,97889,81682,131307,109567,2025
208246,Baltimore,MD,2017,True,621849,2010,2704,0,458,243,1551,0,193,1,24393,2569,22084679,2163029,11052986,979467,reported,reported,R,R,4.348,2.494,0.1448,0.2011,98009,85516,128726,112318,2025
208246,Baltimore,MD,2018,False,621849,2010,2699,0,481,251,1533,0,198,0,24367,2391,21998616,2285537,10780301,1036129,reported,reported,R,R,4.34,2.465,0.1513,0.2015,97808,84386,125399,108191,2025
208246,Baltimore,MD,2019,False,611648,2010,2661,0,528,236,1548,0,203,0,24627,2567,23288668,2788946,11879729,1128097,reported,reported,R,R,4.351,2.531,0.1656,0.2006,105022,92091,132252,115968,2025
208246,Baltimore,MD,2020,False,593490,2010,2610,0,539,241,1534,0,208,0,24578,2557,23180204,2933948,12302801,1253000,reported,reported,R,R,4.398,2.585,0.1712,0.199,106576,96241,132573,119717,2025
208246,Baltimore,MD,2021,False,593490,2020,2539,0,423,189,1749,0,146,0,24838,1855,21111963,3648251,12710142,920649,prorated,reported,RT,R,4.278,2.947,0.1428,0.1955,99781,87205,118551,103609,2025
208246,Baltimore,MD,2022,True,586131,2020,2550,0,424,206,1756,0,146,0,25063,2164,22247267,3844436,13393634,970156,imputed,imputed,G,G,4.351,2.996,0.1426,0.1945,104693,91528,115170,100688,2025
208246,Baltimore,MD,2023,False,576498,2020,2113,0,288,209,1438,0,164,0,23240,2674,20748019,2357194,13714828,1357182,reported,reported,R,R,3.665,2.494,0.12,0.1722,117831,114449,124498,120925,2025
208246,Baltimore,MD,2024,False,569931,2020,2486,0,356,259,1431,0,139,0,23577,2840,24985028,3499873,16222500,1082777,imputed,reported,X,R,4.362,2.511,0.1253,0.1871,120604,136038,123777,139618,2025
208246,Baltimore,MD,2025,False,565239,2020,2546,0,365,265,1552,2,75,0,24289,3002,27458038,3847248,16201186,514717,prorated,reported,RT,R,4.504,2.746,0.1254,0.1868,129417,125267,129417,125267,2025
190480,Ann Arbor,MI,2012,True,113934,2010,235,0,92,19,79,0,2,0,994,106,1578093,336228,475708,14477,reported,reported,R,R,2.063,0.693,0.2813,0.4105,80583,72259,112996,101324,2025
190480,Ann Arbor,MI,2013,False,113934,2010,116,0,28,17,84,1,2,0,680,142,763943,102752,497940,13880,reported,reported,CR,R,1.018,0.737,0.1944,0.3382,79029,71134,109217,98306,2025
190480,Ann Arbor,MI,2014,False,113934,2010,117,0,28,17,85,1,2,0,684,139,788405,106042,513884,14324,imputed,imputed,G,G,1.027,0.746,0.1931,0.3392,80862,72548,109966,98660,2025
190480,Ann Arbor,MI,2015,False,113934,2010,263,18,31,18,84,0,1,0,893,163,1801082,122736,529296,4364,reported,reported,R,R,2.308,0.737,0.1054,0.4244,82179,75614,111625,102707,2025
190480,Ann Arbor,MI,2016,False,113934,2010,263,18,31,18,86,0,1,0,887,193,1850071,126073,567444,4679,imputed,prorated,X,T,2.308,0.755,0.1054,0.4295,84414,79178,113232,106209,2025
190480,Ann Arbor,MI,2017,True,117070,2010,293,28,0,0,85,1,0,0,878,99,2029014,0,615704,0,imputed,reported,RX,R,2.503,0.726,0.0,0.4305,83100,86923,109144,114166,2025
190480,Ann Arbor,MI,2018,False,117070,2010,268,18,48,0,80,0,7,0,909,151,2007250,280342,524573,45010,imputed,reported,CX,R,2.289,0.683,0.1519,0.4433,89877,78686,115231,100883,2025
190480,Ann Arbor,MI,2019,False,121477,2010,271,11,25,22,88,0,0,0,998,115,2223442,117982,820998,0,reported,reported,R,C,2.231,0.724,0.0845,0.3848,98455,111954,123982,140981,2025
190480,Ann Arbor,MI,2020,False,119980,2010,270,11,28,22,89,0,0,0,1015,111,2111090,135909,852942,0,imputed,imputed,GR,G,2.25,0.742,0.094,0.3813,93826,115003,116713,143056,2025
190480,Ann Arbor,MI,2021,False,119980,2020,272,10,28,19,90,0,0,0,1019,98,2174067,139963,878387,0,imputed,imputed,G,G,2.267,0.75,0.0933,0.3827,95915,117118,113958,139149,2025
190480,Ann Arbor,MI,2022,True,119280,2020,259,10,27,16,90,0,0,0,1013,91,2542679,135260,911637,0,imputed,imputed,GR,G,2.171,0.755,0.0944,0.3712,117808,121552,129598,133717,2025
190480,Ann Arbor,MI,2023,False,121536,2020,257,10,31,18,92,0,0,0,1032,93,2267450,169634,990109,0,imputed,imputed,GR,G,2.115,0.757,0.1076,0.3682,105873,129145,111864,136452,2025
190480,Ann Arbor,MI,2024,False,119875,2020,262,11,28,20,94,0,0,0,1053,102,2390892,149575,1060741,0,imputed,imputed,GR,G,2.186,0.784,0.0966,0.3647,109507,135414,112388,138977,2025
190480,Ann Arbor,MI,2025,False,119381,2020,269,12,30,20,95,0,0,0,1079,105,2551073,172236,1124409,0,imputed,imputed,GR,G,2.253,0.796,0.1003,0.3652,113803,142031,113803,142031,2025
194789,Dearborn,MI,2012,True,98153,2010,156,0,10,83,95,0,3,0,652,349,919127,33762,467939,11259,imputed,imputed,AT,AT,1.589,0.968,0.0602,0.4049,70702,59108,99140,82883,2025
194789,Dearborn,MI,2013,False,98153,2010,150,0,10,82,91,0,3,0,628,347,900312,33071,458360,11029,imputed,imputed,G,G,1.528,0.927,0.0625,0.4045,72025,60443,99537,83531,2025
194789,Dearborn,MI,2014,False,98153,2010,151,0,10,80,92,0,3,0,631,339,929020,34126,472976,11381,imputed,imputed,G,G,1.538,0.937,0.0621,0.4057,73829,61693,100402,83898,2025
194789,Dearborn,MI,2015,False,98153,2010,149,0,10,79,91,0,3,0,626,336,893130,32808,454704,10941,imputed,imputed,G,G,1.518,0.927,0.0629,0.4042,71930,59961,97703,81446,2025
194789,Dearborn,MI,2016,False,98153,2010,151,0,10,82,92,0,3,0,630,348,936293,34394,476679,11470,imputed,imputed,G,G,1.538,0.937,0.0621,0.4063,74407,62176,99809,83402,2025
194789,Dearborn,MI,2017,True,95171,2010,150,0,10,78,92,0,3,0,629,331,943483,34658,480339,11558,imputed,imputed,G,G,1.576,0.967,0.0625,0.4054,75479,62653,99135,82289,2025
194789,Dearborn,MI,2018,False,95171,2010,149,0,10,81,151,0,0,0,673,302,1184592,43515,1065128,0,prorated,reported,T,R,1.566,1.587,0.0629,0.4606,95403,84646,122316,108524,2025
194789,Dearborn,MI,2019,False,94491,2010,205,0,14,111,146,0,1,9,822,366,1400822,51458,1009876,6045,prorated,imputed,T,X,2.17,1.545,0.0639,0.4453,81999,83004,103259,104525,2025
194789,Dearborn,MI,2020,False,93932,2010,210,0,42,74,146,0,1,9,773,329,1457921,208380,1044346,6251,reported,reported,R,R,2.236,1.554,0.1667,0.5162,83310,85837,103632,106775,2025
194789,Dearborn,MI,2021,False,93932,2020,206,0,41,73,143,0,1,9,758,324,1520099,217267,1088885,6518,prorated,prorated,T,T,2.193,1.522,0.166,0.5158,88549,91375,105206,108564,2025
194789,Dearborn,MI,2022,True,93367,2020,184,4,39,30,138,9,1,0,722,348,1370477,191116,1049662,4466,reported,reported,R,R,1.971,1.478,0.1749,0.5014,89379,91275,98324,100410,2025
194789,Dearborn,MI,2023,False,108420,2020,220,5,40,45,147,12,1,0,782,360,1663360,268583,1141712,4955,reported,reported,R,R,2.029,1.356,0.1538,0.5217,90729,93201,95863,98475,2025
194789,Dearborn,MI,2024,False,107710,2020,187,13,45,49,150,9,2,0,843,350,1501098,295778,1207087,9052,reported,reported,R,R,1.736,1.393,0.194,0.4555,96327,96567,98862,99108,2025
194789,Dearborn,MI,2025,False,105811,2020,188,16,37,37,150,8,2,0,800,509,1509124,243195,1293880,9986,reported,reported,R,R,1.777,1.418,0.1644,0.4713,96327,103510,96327,103510,2025
166817,Detroit,MI,2012,True,713777,2010,2894,0,406,0,1015,0,275,0,12240,304,19189527,2067153,4543141,972523,prorated,prorated,T,T,4.054,1.422,0.123,0.375,79570,53712,111575,75316,2025
166817,Detroit,MI,2013,False,713777,2010,2777,0,390,0,974,0,264,0,11745,302,18794284,2024576,4449567,952493,imputed,imputed,G,G,3.891,1.365,0.1231,0.3751,81214,54820,112237,75760,2025
166817,Detroit,MI,2014,False,713777,2010,2799,0,393,0,982,0,266,0,11581,293,19393572,2089133,4591449,982865,imputed,imputed,G,G,3.921,1.376,0.1231,0.3834,83145,56107,113071,76301,2025
166817,Detroit,MI,2015,False,713777,2010,2762,0,388,0,969,0,263,0,11429,289,18644358,2008425,4414072,944895,imputed,imputed,G,G,3.87,1.358,0.1232,0.3834,81004,54663,110029,74249,2025
166817,Detroit,MI,2016,False,713777,2010,2795,0,393,0,981,0,266,0,11566,299,19545400,2105488,4627395,990560,imputed,imputed,G,G,3.916,1.374,0.1233,0.3835,83916,56604,112564,75928,2025
166817,Detroit,MI,2017,True,677116,2010,2894,0,406,0,935,0,253,0,8795,0,13967179,1504586,3046114,651227,prorated,prorated,T,T,4.274,1.381,0.123,0.5103,57915,39095,76066,51348,2025
166817,Detroit,MI,2018,False,677116,2010,2920,0,410,0,943,0,255,0,8804,0,14637181,1576761,3192235,682466,imputed,imputed,G,G,4.312,1.393,0.1231,0.5143,60153,40622,77122,52081,2025
166817,Detroit,MI,2019,False,673104,2010,3009,0,423,0,972,0,263,0,9072,0,15210600,1638531,3317292,709202,imputed,imputed,G,G,4.47,1.444,0.1233,0.5144,60660,40954,76388,51572,2025
166817,Detroit,MI,2020,False,670031,2010,3037,0,427,0,981,0,265,0,9166,0,15802433,1702285,3446365,736797,imputed,imputed,G,G,4.533,1.464,0.1233,0.5139,62440,42157,77671,52440,2025
166817,Detroit,MI,2021,False,670031,2020,2956,0,416,0,955,0,258,0,8927,0,14731427,1586913,3212788,686861,prorated,prorated,T,T,4.412,1.425,0.1234,0.5136,59803,40370,71053,47964,2025
166817,Detroit,MI,2022,True,665369,2020,2213,0,661,0,1055,0,39,0,9061,29,7853929,2550793,3272602,138532,prorated,prorated,T,T,3.326,1.586,0.23,0.4379,42588,37224,46850,40949,2025
166817,Detroit,MI,2023,False,632464,2020,2369,0,655,44,1119,0,42,0,9782,83,19366907,2769011,8052943,340887,imputed,imputed,TX,TX,3.746,1.769,0.2166,0.4278,98102,86359,103653,91245,2025
166817,Detroit,MI,2024,False,620376,2020,2545,0,703,45,1202,0,45,0,10252,75,22092476,3150680,9162926,387873,reported,reported,CR,R,4.102,1.938,0.2164,0.4385,104169,91477,106910,93884,2025
166817,Detroit,MI,2025,False,633218,2020,2620,0,778,46,986,0,22,0,10632,92,22951793,4259342,7563836,154588,reported,reported,CR,R,4.138,1.557,0.229,0.4144,105123,92055,105123,92055,2025
185901,Grand Rapids,MI,2012,True,188040,2010,303,1,80,49,228,0,7,0,1389,232,1879594,427198,1250469,34773,reported,reported,R,R,1.611,1.213,0.2089,0.4449,74439,65814,104380,92286,2025
185901,Grand Rapids,MI,2013,False,188040,2010,287,0,80,49,216,0,7,0,1460,261,1802404,427185,1224907,36334,imputed,reported,ARX,R,1.526,1.149,0.218,0.4041,75362,68050,104149,94044,2025
185901,Grand Rapids,MI,2014,False,188040,2010,283,0,80,28,205,0,7,0,1395,266,1782793,428509,1166131,36447,imputed,imputed,ARX,AR,1.505,1.09,0.2204,0.4122,75595,68261,102803,92830,2025
185901,Grand Rapids,MI,2015,False,188040,2010,290,0,83,19,191,0,8,0,1393,208,1870153,390359,1195880,40654,reported,reported,R,R,1.542,1.016,0.2225,0.4106,77386,75134,105114,102055,2025
185901,Grand Rapids,MI,2016,False,188040,2010,293,0,71,32,201,0,7,0,1413,218,1960053,379205,1226956,31055,reported,reported,R,R,1.558,1.069,0.1951,0.4048,80275,73251,107680,98258,2025
185901,Grand Rapids,MI,2017,True,195097,2010,295,0,65,27,204,0,9,0,1431,189,2052262,339058,1256598,49748,reported,reported,R,R,1.512,1.046,0.1806,0.4004,83482,73918,109646,97085,2025
185901,Grand Rapids,MI,2018,False,195097,2010,293,0,69,32,194,0,7,1,1451,210,2069849,407620,1340611,35728,reported,reported,R,R,1.502,0.994,0.1906,0.388,84772,82924,108686,106316,2025
185901,Grand Rapids,MI,2019,False,198829,2010,305,0,58,38,191,0,11,1,1468,213,2272007,324313,1278623,73862,reported,reported,R,R,1.534,0.961,0.1598,0.3849,89390,80332,112567,101160,2025
185901,Grand Rapids,MI,2020,False,201013,2010,286,0,68,44,192,0,12,2,1474,214,2110268,393507,1325052,89823,reported,reported,R,R,1.423,0.955,0.1921,0.3786,88543,82816,110141,103017,2025
185901,Grand Rapids,MI,2021,False,201013,2020,291,0,59,32,200,0,9,1,1474,178,2300451,379722,1475715,53846,reported,reported,R,R,1.448,0.995,0.1686,0.3792,94864,88543,112709,105199,2025
185901,Grand Rapids,MI,2022,True,200031,2020,278,0,69,38,202,1,9,1,1471,210,2305431,441488,1646422,56268,reported,reported,R,R,1.39,1.01,0.1988,0.3793,99515,97807,109474,107595,2025
185901,Grand Rapids,MI,2023,False,197416,2020,272,0,74,43,208,0,9,9,1509,219,2449770,461855,1819108,60802,reported,reported,R,R,1.378,1.054,0.2139,0.3731,108078,104949,114193,110887,2025
185901,Grand Rapids,MI,2024,False,196908,2020,285,0,74,46,213,1,10,14,1570,251,2523320,499813,1878814,75246,reported,reported,R,R,1.447,1.082,0.2061,0.3707,106245,105849,109041,108634,2025
185901,Grand Rapids,MI,2025,False,196608,2020,297,0,78,40,226,0,9,2,1566,229,2756023,546564,1923785,64919,reported,reported,R,R,1.511,1.149,0.208,0.3895,111354,102148,111354,102148,2025
166690,Lansing,MI,2012,True,114297,2010,209,0,81,41,182,0,7,0,1577,111,1050336,309489,902692,28437,imputed,imputed,G,G,1.829,1.592,0.2793,0.3037,60306,59518,84563,83458,2025
166690,Lansing,MI,2013,False,114297,2010,201,0,78,41,175,0,7,0,1584,111,1028835,303154,884214,27855,imputed,imputed,G,G,1.759,1.531,0.2796,0.291,61423,60632,84886,83792,2025
166690,Lansing,MI,2014,False,114297,2010,203,0,79,40,176,0,7,0,1559,111,1061641,312821,912409,28743,imputed,imputed,G,G,1.776,1.54,0.2801,0.2983,62757,62210,85345,84601,2025
166690,Lansing,MI,2015,False,114297,2010,200,0,78,40,174,0,7,0,1655,116,1020628,300736,877161,27633,imputed,imputed,G,G,1.75,1.522,0.2806,0.2773,61238,60494,83180,82170,2025
166690,Lansing,MI,2016,False,114297,2010,202,0,79,41,176,0,7,0,1674,119,1069953,315270,919552,28968,imputed,imputed,G,G,1.767,1.54,0.2811,0.2772,63562,62697,85261,84101,2025
166690,Lansing,MI,2017,True,115056,2010,201,0,79,39,175,0,7,0,1923,118,1078169,317691,926613,29190,imputed,imputed,G,G,1.747,1.521,0.2821,0.2402,64368,63539,84542,83453,2025
166690,Lansing,MI,2018,False,115056,2010,203,0,80,42,177,0,7,0,1941,126,1129889,332931,971062,30590,imputed,imputed,G,G,1.764,1.538,0.2827,0.2406,66791,65835,85632,84407,2025
166690,Lansing,MI,2019,False,116986,2010,136,0,54,26,118,0,5,0,1560,83,726249,213995,624161,19662,imputed,imputed,G,G,1.163,1.009,0.2842,0.2006,64081,63474,80696,79931,2025
166690,Lansing,MI,2020,False,118210,2010,139,0,55,27,121,0,5,0,1548,84,793585,233836,682032,21485,prorated,prorated,T,T,1.176,1.024,0.2835,0.2067,68511,67640,85223,84139,2025
166690,Lansing,MI,2021,False,118210,2020,130,0,52,25,113,0,5,0,1498,79,744446,219357,639801,20154,prorated,prorated,T,T,1.1,0.956,0.2857,0.2003,68718,67943,81645,80724,2025
166690,Lansing,MI,2022,True,117540,2020,133,0,53,26,116,0,5,0,1550,88,849779,250394,730327,23006,prorated,prorated,T,T,1.132,0.987,0.2849,0.1981,76672,75551,84345,83112,2025
166690,Lansing,MI,2023,False,112684,2020,135,0,54,26,118,0,5,0,1595,97,959129,282615,824306,25967,prorated,prorated,T,T,1.198,1.047,0.2857,0.1956,85256,83828,90080,88571,2025
166690,Lansing,MI,2024,False,112537,2020,148,0,59,28,129,0,5,0,1673,107,1070948,315564,920406,28994,prorated,prorated,T,T,1.315,1.146,0.285,0.2038,86834,85619,89119,87872,2025
166690,Lansing,MI,2025,False,112115,2020,136,0,54,26,118,0,5,0,1608,101,862160,254043,740967,23341,prorated,prorated,T,T,1.213,1.052,0.2842,0.1947,76073,75353,76073,75353,2025
166734,Sterling Heights,MI,2012,True,129699,2010,154,0,43,40,94,0,4,0,516,195,1080864,209409,708279,15936,reported,reported,R,R,1.187,0.725,0.2183,0.5717,84223,90419,118100,126788,2025
166734,Sterling Heights,MI,2013,False,129699,2010,149,0,40,37,81,0,4,0,459,185,1047702,186047,600483,21212,reported,reported,R,R,1.149,0.625,0.2116,0.5969,84379,88960,116610,122941,2025
166734,Sterling Heights,MI,2014,False,129699,2010,150,0,40,30,78,0,8,0,481,202,1077292,187344,597284,31786,imputed,reported,RX,CR,1.157,0.601,0.2105,0.5738,86183,91890,117202,124963,2025
166734,Sterling Heights,MI,2015,False,129699,2010,147,0,26,33,81,0,8,0,449,186,1044950,129179,693791,54562,reported,reported,R,R,1.133,0.625,0.1503,0.5835,85302,102784,115867,139613,2025
166734,Sterling Heights,MI,2016,False,129699,2010,159,0,23,32,80,0,8,1,441,202,1149750,90188,559134,56035,reported,reported,R,R,1.226,0.617,0.1264,0.6122,86774,83870,116398,112502,2025
166734,Sterling Heights,MI,2017,True,132052,2010,151,0,21,30,80,0,8,1,436,187,1088337,110785,598736,56843,reported,reported,R,R,1.143,0.606,0.1221,0.5963,86490,89810,113597,117957,2025
166734,Sterling Heights,MI,2018,False,132052,2010,141,0,24,34,95,0,9,1,445,193,1077372,96523,663739,67073,reported,reported,R,R,1.068,0.719,0.1455,0.6045,91691,83841,117557,107492,2025
166734,Sterling Heights,MI,2019,False,132631,2010,160,0,12,31,99,1,3,1,478,217,1110666,54615,754817,27541,reported,reported,R,CR,1.206,0.746,0.0698,0.5732,83300,91493,104898,115215,2025
166734,Sterling Heights,MI,2020,False,132438,2010,150,0,24,27,100,0,5,2,494,242,1191196,98266,873617,14222,reported,reported,R,R,1.133,0.755,0.1379,0.5648,95296,104834,118542,130406,2025
166734,Sterling Heights,MI,2021,False,132438,2020,148,0,21,27,103,0,5,2,487,199,1170869,97510,676520,17757,reported,reported,R,CR,1.118,0.778,0.1243,0.5688,94935,78818,112794,93645,2025
166734,Sterling Heights,MI,2022,True,131709,2020,117,1,31,20,105,0,3,1,462,228,934872,161117,605492,9526,reported,prorated,R,T,0.888,0.797,0.2095,0.5541,95884,69199,105480,76124,2025
166734,Sterling Heights,MI,2023,False,133269,2020,161,1,18,22,106,0,3,1,498,210,1347835,77010,986354,15518,reported,reported,R,R,1.208,0.795,0.1006,0.5783,100460,111663,106144,117981,2025
166734,Sterling Heights,MI,2024,False,132567,2020,165,1,18,24,109,0,3,1,509,234,1443987,82504,1056719,16625,imputed,imputed,G,G,1.245,0.822,0.0984,0.5796,105017,116336,107780,119397,2025
166734,Sterling Heights,MI,2025,False,133306,2020,167,1,18,25,111,0,3,1,516,242,1530658,87455,1120145,17624,imputed,imputed,G,G,1.253,0.833,0.0973,0.5795,109987,121097,109987,121097,2025
128309,Warren,MI,2012,True,134056,2010,141,0,19,0,0,279,11,0,373,345,615096,52234,0,49574,imputed,imputed,Q,Q,1.052,0.0,0.1187,0.4584,52349,,73405,,2025
128309,Warren,MI,2013,False,134056,2010,135,0,18,0,0,277,11,0,357,343,602505,51165,0,48559,imputed,imputed,Q,Q,1.007,0.0,0.1176,0.4594,53556,,74014,,2025
128309,Warren,MI,2014,False,134056,2010,196,5,36,26,127,0,4,0,713,343,1228289,177030,691070,19778,reported,reported,R,R,1.462,0.947,0.1552,0.5091,75201,65298,102268,88800,2025
128309,Warren,MI,2015,False,134056,2010,196,10,31,27,127,0,4,0,732,334,1362510,144910,727763,19924,reported,reported,R,R,1.462,0.947,0.1366,0.4891,83419,68765,113309,93404,2025
128309,Warren,MI,2016,False,134056,2010,200,4,30,32,125,0,4,0,708,253,1473800,142031,795234,22085,reported,reported,R,R,1.492,0.932,0.1304,0.5071,88428,76342,118616,102404,2025
128309,Warren,MI,2017,True,135358,2010,197,0,33,36,128,0,4,0,732,325,1282047,172309,752722,22637,reported,reported,R,R,1.455,0.946,0.1435,0.4945,78094,70568,102569,92685,2025
128309,Warren,MI,2018,False,135358,2010,199,0,31,38,127,0,4,0,738,307,1349176,162309,763187,23024,reported,reported,R,R,1.47,0.938,0.1348,0.4892,81357,72112,104307,92454,2025
128309,Warren,MI,2019,False,135022,2010,202,0,36,38,119,0,4,0,772,263,1704041,196340,601241,24657,reported,reported,R,CR,1.496,0.881,0.1513,0.4676,101230,60629,127477,76349,2025
128309,Warren,MI,2020,False,133943,2010,198,0,35,37,117,0,4,0,757,259,1961934,226054,692233,28388,prorated,prorated,T,T,1.478,0.874,0.1502,0.4676,118905,70998,147910,88317,2025
128309,Warren,MI,2021,False,133943,2020,171,0,30,32,101,0,3,0,663,224,1766461,203532,623264,25560,prorated,prorated,T,T,1.277,0.754,0.1493,0.46,123962,74051,147281,87981,2025
128309,Warren,MI,2022,True,132877,2020,210,0,31,25,114,34,4,0,744,222,1545962,188271,1008028,27117,reported,reported,R,R,1.58,0.858,0.1286,0.4825,88341,106108,97182,116727,2025
128309,Warren,MI,2023,False,138130,2020,224,0,35,36,129,7,4,0,800,208,1791451,201690,1084641,28217,reported,reported,R,R,1.622,0.934,0.1351,0.49,95971,100897,101401,106606,2025
128309,Warren,MI,2024,False,137107,2020,221,0,38,32,138,13,5,1,814,466,1797140,248461,1171738,35107,reported,reported,R,R,1.612,1.007,0.1467,0.4939,97582,101890,100150,104571,2025
128309,Warren,MI,2025,False,136655,2020,220,0,36,36,141,6,5,1,825,230,2030817,231207,1324504,36615,reported,reported,R,R,1.61,1.032,0.1406,0.4873,110772,112724,110772,112724,2025
193551,Minneapolis,MN,2012,True,382578,2010,869,0,348,0,410,0,21,0,4848,652,5597396,1497867,2568076,114476,imputed,imputed,G,G,2.271,1.072,0.2859,0.3399,77294,75163,108384,105396,2025
193551,Minneapolis,MN,2013,False,382578,2010,865,0,347,0,408,0,21,0,4828,670,5825222,1558833,2672602,119135,imputed,imputed,G,G,2.261,1.066,0.2863,0.3399,80812,78606,111681,108632,2025
193551,Minneapolis,MN,2014,False,382578,2010,873,0,350,0,412,0,21,0,4872,665,5973997,1598645,2740860,122178,imputed,imputed,G,G,2.282,1.077,0.2862,0.3399,82117,79831,111673,108564,2025
193551,Minneapolis,MN,2015,False,382578,2010,881,0,353,0,416,0,21,0,4918,713,6047920,1618427,2774776,123690,imputed,imputed,G,G,2.303,1.087,0.2861,0.3398,82378,80042,111895,108722,2025
193551,Minneapolis,MN,2016,False,382578,2010,886,0,355,0,418,0,21,0,4944,728,6326718,1693033,2902688,129392,imputed,imputed,G,G,2.316,1.093,0.2861,0.3398,85689,83331,114942,111779,2025
193551,Minneapolis,MN,2017,True,410939,2010,883,1,148,2,436,0,29,1,3977,149,6938548,801405,2989059,180967,imputed,imputed,X,X,2.149,1.061,0.1435,0.3762,94295,82268,123848,108052,2025
193551,Minneapolis,MN,2018,False,410939,2010,883,1,148,2,436,0,29,1,3977,149,7211400,832919,3106601,188083,imputed,imputed,X,X,2.149,1.061,0.1435,0.3762,98003,85503,125649,109623,2025
193551,Minneapolis,MN,2019,False,422331,2010,883,1,148,2,436,0,29,1,3977,149,7432232,858425,3201733,193843,reported,reported,R,R,2.091,1.032,0.1435,0.3762,101004,88121,127192,110969,2025
193551,Minneapolis,MN,2020,False,429606,2010,896,1,150,15,424,0,32,0,4164,1863,7552388,892242,3270279,227644,reported,reported,R,R,2.086,0.987,0.1434,0.3607,101148,92555,125821,115132,2025
193551,Minneapolis,MN,2021,False,429606,2020,898,1,150,14,425,0,32,0,4171,1761,7785054,919730,3371026,234657,imputed,imputed,G,G,2.09,0.989,0.1431,0.3608,104032,95182,123602,113087,2025
193551,Minneapolis,MN,2022,True,433111,2020,908,1,151,16,429,0,32,0,4213,2091,8216517,970703,3557855,247661,imputed,imputed,G,G,2.096,0.991,0.1426,0.3608,108588,99520,119455,109480,2025
193551,Minneapolis,MN,2023,False,425336,2020,920,1,153,17,435,0,32,0,4268,2239,8754965,1034315,3791010,263892,imputed,imputed,G,G,2.163,1.023,0.1426,0.3608,114195,104580,120657,110497,2025
193551,Minneapolis,MN,2024,False,425096,2020,922,1,153,21,436,0,32,0,4275,2704,9307526,1099594,4030277,280548,imputed,imputed,G,G,2.169,1.026,0.1423,0.3609,121139,110925,124326,113844,2025
193551,Minneapolis,MN,2025,False,425115,2020,968,1,161,21,458,0,34,0,4490,2684,10259840,1212100,4442641,309252,imputed,imputed,G,G,2.277,1.077,0.1426,0.361,127188,116401,127188,116401,2025
167574,Rochester,MN,2012,True,106769,2010,127,1,50,8,97,0,7,0,805,360,853077,237986,605018,43079,imputed,imputed,G,G,1.189,0.909,0.2825,0.3491,80606,74848,113028,104954,2025
167574,Rochester,MN,2013,False,106769,2010,126,1,50,8,97,0,7,0,803,370,887799,247673,629644,44832,imputed,imputed,G,G,1.18,0.909,0.2841,0.3487,84552,77894,116850,107648,2025
167574,Rochester,MN,2014,False,106769,2010,127,1,50,8,98,0,7,0,809,367,910473,253999,645725,45977,imputed,imputed,G,G,1.189,0.918,0.2825,0.3486,86029,79068,116993,107526,2025
167574,Rochester,MN,2015,False,106769,2010,128,1,50,9,99,0,7,0,815,393,921739,257142,653715,46546,imputed,imputed,G,G,1.199,0.927,0.2809,0.3485,86413,79238,117376,107630,2025
167574,Rochester,MN,2016,False,106769,2010,137,6,53,1,95,0,6,0,832,253,978495,316419,729647,60798,reported,reported,R,R,1.283,0.89,0.2789,0.3498,85708,92166,114968,123631,2025
167574,Rochester,MN,2017,True,112225,2010,136,1,62,4,99,0,8,0,860,243,1038283,363072,718821,71521,reported,reported,R,R,1.212,0.882,0.3131,0.3547,91613,87130,120325,114437,2025
167574,Rochester,MN,2018,False,112225,2010,137,1,61,5,97,0,8,0,871,260,1083509,358417,735355,74010,reported,reported,R,R,1.221,0.864,0.3081,0.3479,94906,90972,121678,116635,2025
167574,Rochester,MN,2019,False,115733,2010,137,1,61,5,100,0,7,0,884,257,1132205,364408,827183,63367,reported,reported,R,R,1.184,0.864,0.3081,0.345,99171,99262,124884,124998,2025
167574,Rochester,MN,2020,False,118935,2010,121,1,81,8,100,0,8,0,904,128,970536,582476,767634,77465,reported,reported,R,R,1.017,0.841,0.401,0.3429,96252,92116,119731,114586,2025
167574,Rochester,MN,2021,False,118935,2020,137,1,66,4,97,0,8,0,890,131,1198183,439270,759472,81270,reported,reported,R,R,1.152,0.816,0.3251,0.3461,104950,93955,124692,111629,2025
167574,Rochester,MN,2022,True,119862,2020,138,0,66,6,101,0,7,0,903,137,1195464,446052,849962,71927,reported,reported,R,R,1.151,0.843,0.3235,0.3455,103953,100986,114356,111092,2025
167574,Rochester,MN,2023,False,121465,2020,147,0,60,8,101,0,7,0,923,153,1351685,388329,824917,66587,reported,reported,R,R,1.21,0.832,0.2899,0.3413,110342,98010,116585,103556,2025
167574,Rochester,MN,2024,False,121878,2020,158,0,53,11,94,0,9,0,936,165,1536819,350118,806310,102123,reported,reported,R,R,1.296,0.771,0.2512,0.3355,116720,102933,119791,105641,2025
167574,Rochester,MN,2025,False,122413,2020,151,0,67,16,105,0,9,0,990,163,1576068,513925,955266,98982,imputed,imputed,RX,CRX,1.234,0.858,0.3073,0.3354,125250,109173,125250,109173,2025
167605,St Paul,MN,2012,True,285068,2010,592,0,182,33,417,0,45,16,3236,368,4846062,724050,2940878,250581,reported,reported,CR,R,2.077,1.463,0.2351,0.382,98231,84630,137742,118671,2025
167605,St Paul,MN,2013,False,285068,2010,592,22,190,34,411,0,60,13,3313,424,4949966,694113,3026001,319026,prorated,reported,RT,R,2.077,1.442,0.243,0.3782,100337,88350,138664,122098,2025
167605,St Paul,MN,2014,False,285068,2010,597,22,192,34,415,0,61,13,3346,420,5072296,711267,3100784,326910,imputed,imputed,G,G,2.094,1.456,0.2433,0.3781,101956,89661,138652,121932,2025
167605,St Paul,MN,2015,False,285068,2010,572,12,184,18,468,27,33,1,2700,589,4420075,619810,3146349,177185,prorated,reported,T,R,2.007,1.642,0.2434,0.4656,92729,80676,125955,109583,2025
167605,St Paul,MN,2016,False,285068,2010,562,17,181,26,479,36,35,0,2729,610,4485009,628915,3246721,190555,prorated,reported,T,R,1.971,1.68,0.2436,0.4606,95765,81337,128458,109105,2025
167605,St Paul,MN,2017,True,300851,2010,641,0,112,17,414,0,96,9,3000,524,4713342,547949,2892019,683430,reported,reported,R,R,2.131,1.376,0.1487,0.421,88237,83827,115891,110099,2025
167605,St Paul,MN,2018,False,300851,2010,649,0,121,25,414,0,92,14,2898,517,4956056,597514,3045549,621825,reported,reported,R,R,2.157,1.376,0.1571,0.4403,91637,88277,117487,113179,2025
167605,St Paul,MN,2019,False,306621,2010,643,0,125,32,452,0,97,12,2988,483,5123571,651974,3646805,673152,reported,reported,R,R,2.097,1.474,0.1628,0.4408,95619,96818,120411,121921,2025
167605,St Paul,MN,2020,False,308096,2010,655,0,129,29,501,0,94,10,3058,422,5428974,675241,3704920,670280,reported,reported,R,R,2.126,1.626,0.1645,0.4509,99462,88741,123724,110388,2025
167605,St Paul,MN,2021,False,308096,2020,656,0,129,27,502,0,94,9,3061,399,5596224,696043,3819056,690930,imputed,imputed,G,G,2.129,1.629,0.1643,0.4512,102370,91292,121627,108465,2025
167605,St Paul,MN,2022,True,306717,2020,663,0,130,32,507,0,95,10,3087,466,5906377,734618,4030715,729222,imputed,imputed,G,G,2.162,1.653,0.1639,0.4519,106903,95402,117602,104950,2025
167605,St Paul,MN,2023,False,307193,2020,546,0,134,49,495,0,79,1,3041,617,5842968,766600,4160304,719406,imputed,imputed,X,X,1.777,1.611,0.1971,0.4124,128417,100856,135683,106563,2025
167605,St Paul,MN,2024,False,303176,2020,570,0,140,52,517,0,82,1,3175,645,6240797,818795,4443565,768387,imputed,imputed,X,X,1.88,1.705,0.1972,0.4123,131385,103139,134842,105853,2025
167605,St Paul,MN,2025,False,303820,2020,574,0,141,52,520,0,83,1,3198,648,6719039,881541,4784083,827270,reported,reported,R,R,1.889,1.712,0.1972,0.4121,140468,110402,140468,110402,2025
168809,Columbia,MO,2012,True,108500,2010,115,4,18,9,129,0,5,0,1255,453,515262,56493,598599,29226,reported,reported,R,R,1.06,1.189,0.1353,0.2127,53766,55684,75392,78082,2025
168809,Columbia,MO,2013,False,108500,2010,117,4,17,5,134,0,5,0,1277,430,503464,53417,653393,28153,reported,reported,R,R,1.078,1.235,0.1269,0.2138,51637,58513,71362,80864,2025
168809,Columbia,MO,2014,False,108500,2010,114,6,19,6,131,0,5,0,1310,426,503394,68875,639685,28981,reported,reported,R,R,1.051,1.207,0.1429,0.2053,52989,58597,72061,79687,2025
168809,Columbia,MO,2015,False,108500,2010,132,8,56,7,135,0,5,0,1356,414,573602,250923,692941,28691,reported,reported,R,R,1.217,1.244,0.2979,0.2419,52146,61595,70831,83665,2025
168809,Columbia,MO,2016,False,108500,2010,140,5,50,7,135,0,7,0,1355,375,604365,211730,703492,42313,reported,reported,R,R,1.29,1.244,0.2632,0.245,51803,62533,69488,83881,2025
168809,Columbia,MO,2017,True,119108,2010,151,2,40,7,134,1,7,0,1365,339,642814,165569,697281,42621,reported,reported,R,R,1.268,1.125,0.2094,0.2432,51085,62443,67096,82013,2025
168809,Columbia,MO,2018,False,119108,2010,145,3,48,10,133,0,7,0,1548,495,667501,222042,668066,43440,reported,reported,R,R,1.217,1.117,0.2487,0.2151,55241,60277,70824,77281,2025
168809,Columbia,MO,2019,False,121717,2010,143,0,48,12,127,0,14,0,1450,316,651961,216872,610977,81511,prorated,reported,T,R,1.175,1.043,0.2513,0.229,54710,57730,68895,72698,2025
168809,Columbia,MO,2020,False,123195,2010,168,6,40,2,136,0,9,0,1368,317,818965,173193,753639,59059,reported,reported,R,R,1.364,1.104,0.1923,0.258,58498,66498,72767,82719,2025
168809,Columbia,MO,2021,False,123195,2020,153,5,36,7,134,0,8,0,1345,276,783789,165753,752445,55674,prorated,reported,T,R,1.242,1.088,0.1905,0.2461,61474,67383,73038,80059,2025
168809,Columbia,MO,2022,True,124769,2020,173,6,41,0,131,0,8,0,1328,247,885752,187315,868093,64230,prorated,prorated,T,T,1.387,1.05,0.1916,0.2658,61439,79520,67588,87478,2025
168809,Columbia,MO,2023,False,126853,2020,172,6,41,0,147,1,9,0,1329,251,979531,207042,967731,71601,prorated,prorated,T,T,1.356,1.159,0.1925,0.2777,68339,78998,72206,83468,2025
168809,Columbia,MO,2024,False,128555,2020,166,6,40,0,157,1,10,0,1384,267,1048781,221927,1220771,90323,prorated,prorated,T,T,1.291,1.221,0.1942,0.2695,75815,93307,77810,95762,2025
168809,Columbia,MO,2025,False,129330,2020,184,6,44,0,167,1,11,0,1461,272,1211719,256248,1165281,86218,prorated,prorated,T,T,1.423,1.291,0.193,0.2779,79025,83733,79025,83733,2025
129515,Independence,MO,2012,True,116830,2010,204,0,79,2,145,0,10,1,1029,71,1290539,342792,897603,55243,reported,reported,R,R,1.746,1.241,0.2792,0.4257,75914,74284,106449,104163,2025
129515,Independence,MO,2013,False,116830,2010,203,0,79,2,144,0,10,1,1026,75,1315632,349457,915057,56317,imputed,imputed,G,G,1.738,1.233,0.2801,0.425,77771,76255,107478,105383,2025
129515,Independence,MO,2014,False,116830,2010,194,0,38,2,162,0,8,0,997,56,1103162,145804,920702,39895,reported,reported,R,R,1.661,1.387,0.1638,0.4032,68237,68200,92797,92747,2025
129515,Independence,MO,2015,False,116830,2010,222,0,56,3,166,0,4,0,1035,78,1286910,249867,980355,9076,reported,reported,R,R,1.9,1.421,0.2014,0.4329,69563,70869,94488,96262,2025
129515,Independence,MO,2016,False,116830,2010,215,0,53,0,164,0,4,0,1020,62,1253379,239262,976792,11486,reported,reported,R,R,1.84,1.404,0.1978,0.4275,69956,71473,93838,95873,2025
129515,Independence,MO,2017,True,117255,2010,194,0,75,5,164,0,4,0,998,71,1172090,334437,998278,11780,reported,reported,R,R,1.655,1.399,0.2788,0.4379,72500,73045,95222,95938,2025
129515,Independence,MO,2018,False,117255,2010,215,0,64,3,162,0,6,0,1030,58,1320396,293431,1018259,21877,reported,reported,R,R,1.834,1.382,0.2294,0.434,73697,75427,94487,96705,2025
129515,Independence,MO,2019,False,117306,2010,206,0,63,6,157,0,18,0,1014,58,1134646,250777,867736,120549,reported,reported,R,R,1.756,1.338,0.2342,0.4379,66096,66324,83233,83520,2025
129515,Independence,MO,2020,False,116672,2010,195,0,34,2,162,0,9,1,853,47,1114987,142488,946754,70479,reported,reported,R,R,1.671,1.389,0.1485,0.4689,68615,70130,85352,87237,2025
129515,Independence,MO,2021,False,116672,2020,191,0,33,2,159,0,9,1,836,48,1125273,143802,955486,71130,imputed,imputed,G,G,1.637,1.363,0.1473,0.4689,70698,72112,83997,85677,2025
129515,Independence,MO,2022,True,116774,2020,195,0,33,2,163,0,9,1,851,51,1219826,155884,1035772,77106,imputed,imputed,G,G,1.67,1.396,0.1447,0.47,75066,76253,82578,83884,2025
129515,Independence,MO,2023,False,122088,2020,197,0,33,2,164,0,9,1,856,52,1295565,165562,1100084,81893,imputed,imputed,G,G,1.614,1.343,0.1435,0.4708,78918,80494,83383,85049,2025
129515,Independence,MO,2024,False,121202,2020,199,0,33,2,166,0,9,1,863,54,1391413,177812,1181470,87951,imputed,imputed,G,G,1.642,1.37,0.1422,0.4716,83904,85407,86112,87654,2025
129515,Independence,MO,2025,False,120922,2020,202,0,34,2,169,0,9,1,876,57,1502453,192001,1275756,94971,imputed,imputed,G,G,1.67,1.398,0.1441,0.4726,89255,90586,89255,90586,2025
186236,Kansas,MO,2012,True,459787,2010,1364,0,588,0,660,4,658,0,6321,58,2875337,1568227,2364710,2598376,reported,imputed,R,RTX,2.967,1.435,0.3012,0.5173,25296,42995,35471,60289,2025
186236,Kansas,MO,2013,False,459787,2010,1347,0,634,0,657,4,655,0,6328,61,3125056,1676209,2410691,2648900,reported,imputed,R,G,2.93,1.429,0.32,0.5204,27840,44031,38474,60850,2025
186236,Kansas,MO,2014,False,459787,2010,1367,0,641,0,646,4,640,0,6436,65,3445854,1526947,2340008,2555463,reported,prorated,R,T,2.973,1.405,0.3192,0.5118,30249,43468,41136,59113,2025
186236,Kansas,MO,2015,False,459787,2010,1372,0,603,0,612,3,664,0,6338,58,3574703,1682498,2068107,2569118,reported,prorated,R,T,2.984,1.331,0.3053,0.5129,31266,40551,42469,55081,2025
186236,Kansas,MO,2016,False,459787,2010,1332,0,562,0,602,4,653,0,6243,64,3871776,1104696,2026306,2517189,reported,prorated,R,T,2.897,1.309,0.2967,0.5044,34881,40391,46789,54180,2025
186236,Kansas,MO,2017,True,475378,2010,1290,0,551,0,611,4,663,0,6271,66,7779459,1627316,3616708,4492874,reported,prorated,C,T,2.714,1.285,0.2993,0.4967,72367,71032,95048,93294,2025
186236,Kansas,MO,2018,False,475378,2010,1290,0,551,0,615,4,667,0,6292,64,8538394,2495024,3833591,4762295,reported,prorated,R,T,2.714,1.294,0.2993,0.4963,79427,74802,101833,95903,2025
186236,Kansas,MO,2019,False,488943,2010,1295,0,633,0,615,4,667,0,6321,65,8957381,2887101,3843865,4775061,reported,prorated,R,T,2.649,1.258,0.3283,0.5078,83003,75002,104524,94448,2025
186236,Kansas,MO,2020,False,495327,2010,1310,0,618,0,621,4,674,0,6332,76,9053149,2920202,3850519,4783327,reported,prorated,R,T,2.645,1.254,0.3205,0.509,82930,74406,103159,92556,2025
186236,Kansas,MO,2021,False,495327,2020,1259,0,546,0,613,4,666,0,6078,63,8601218,2627527,3755701,4665538,reported,prorated,R,T,2.542,1.238,0.3025,0.5074,81981,73521,97403,87351,2025
186236,Kansas,MO,2022,True,497159,2020,1132,0,552,0,589,4,640,0,5611,69,8325943,2896149,4092536,5083971,reported,prorated,R,T,2.277,1.185,0.3278,0.5192,88261,83379,97094,91723,2025
186236,Kansas,MO,2023,False,508394,2020,1023,0,539,0,586,4,636,0,5703,61,7862065,2947484,4395663,5460533,reported,prorated,R,T,2.012,1.153,0.3451,0.4882,92224,90014,97442,95107,2025
186236,Kansas,MO,2024,False,509297,2020,1089,0,539,0,635,0,690,0,6062,54,8610852,3224793,4736098,5883439,reported,prorated,R,T,2.138,1.247,0.3311,0.4871,94885,89501,97382,91856,2025
186236,Kansas,MO,2025,False,510704,2020,1089,0,539,0,655,0,710,0,6349,64,8610853,3224793,5429597,6744942,reported,prorated,R,T,2.132,1.283,0.3311,0.4714,94885,99474,94885,99474,2025
168926,Lees Summit,MO,2012,True,91364,2010,122,0,37,3,128,0,4,0,617,187,626036,134305,743356,14518,imputed,imputed,G,G,1.335,1.401,0.2327,0.4716,61577,69690,86345,97721,2025
168926,Lees Summit,MO,2013,False,91364,2010,144,1,42,4,129,0,14,0,631,177,725116,144942,804636,59189,reported,reported,R,R,1.576,1.412,0.2258,0.5214,60426,74850,83508,103442,2025
168926,Lees Summit,MO,2014,False,91364,2010,144,1,42,4,129,0,14,0,631,179,747560,149427,829541,61021,imputed,imputed,G,G,1.576,1.412,0.2258,0.5214,62297,77167,84719,104941,2025
168926,Lees Summit,MO,2015,False,91364,2010,143,1,42,4,128,0,14,0,629,196,764617,152836,848469,62413,imputed,imputed,G,G,1.565,1.401,0.227,0.5199,64164,79544,87155,108046,2025
168926,Lees Summit,MO,2016,False,91364,2010,143,1,42,4,128,0,14,0,629,211,785214,156953,871325,64094,imputed,imputed,G,G,1.565,1.401,0.227,0.5199,65892,81687,88387,109574,2025
168926,Lees Summit,MO,2017,True,95094,2010,143,1,42,4,128,0,14,0,629,212,796683,159246,884052,65030,imputed,imputed,G,G,1.504,1.346,0.227,0.5199,66855,82880,87808,108855,2025
168926,Lees Summit,MO,2018,False,95094,2010,147,1,43,5,131,0,14,0,644,242,823220,164550,913499,67196,imputed,imputed,G,G,1.546,1.378,0.2263,0.5202,67202,83679,86159,107284,2025
168926,Lees Summit,MO,2019,False,97290,2010,150,0,33,0,134,0,13,0,635,150,1024346,147316,1051624,66604,reported,reported,CR,R,1.542,1.377,0.1803,0.5197,81948,94175,103195,118592,2025
168926,Lees Summit,MO,2020,False,99357,2010,141,0,44,5,135,0,15,0,681,229,863981,189961,934019,66601,reported,reported,R,R,1.419,1.359,0.2378,0.4919,73530,83024,91466,103276,2025
168926,Lees Summit,MO,2021,False,99357,2020,139,0,35,4,133,0,15,0,659,166,844905,148067,941687,77330,reported,reported,R,R,1.399,1.339,0.2011,0.4886,72941,84964,86662,100947,2025
168926,Lees Summit,MO,2022,True,101467,2020,142,0,35,4,136,0,15,0,670,178,915899,160507,1020812,83826,imputed,imputed,G,G,1.399,1.34,0.1977,0.4896,77400,90072,85146,99086,2025
168926,Lees Summit,MO,2023,False,102781,2020,143,0,35,4,137,0,15,0,674,183,972767,170473,1084194,89032,imputed,imputed,G,G,1.391,1.333,0.1966,0.4896,81631,94966,86250,100339,2025
168926,Lees Summit,MO,2024,False,103465,2020,144,0,35,4,138,0,15,0,678,193,1044733,183086,1164404,95620,imputed,imputed,G,G,1.392,1.334,0.1955,0.4897,87061,101253,89352,103917,2025
168926,Lees Summit,MO,2025,False,104184,2020,146,0,36,4,140,0,15,0,689,206,1128108,197698,1257329,103250,imputed,imputed,G,G,1.401,1.344,0.1978,0.4891,92721,107771,92721,107771,2025
168896,Springfield,MO,2012,True,159498,2010,318,4,70,30,204,0,5,0,2513,533,1805048,224146,1081322,14971,reported,reported,R,R,1.994,1.279,0.1804,0.2376,68115,63607,95513,89191,2025
168896,Springfield,MO,2013,False,159498,2010,310,0,67,32,203,0,7,0,2499,529,1809312,219697,1081380,25009,reported,reported,R,R,1.944,1.273,0.1777,0.2349,70038,63924,96791,88342,2025
168896,Springfield,MO,2014,False,159498,2010,322,0,72,31,212,0,7,0,2586,566,1981702,259727,1231606,27222,reported,reported,R,R,2.019,1.329,0.1827,0.237,73852,69714,100433,94806,2025
168896,Springfield,MO,2015,False,159498,2010,318,0,71,4,211,0,7,1,2540,573,1921923,241355,1171087,25845,reported,reported,R,R,1.994,1.323,0.1825,0.239,72525,66602,98512,90466,2025
168896,Springfield,MO,2016,False,159498,2010,329,0,75,6,209,0,7,1,2593,605,2002410,262849,1211476,26979,reported,reported,R,R,2.063,1.31,0.1856,0.2391,73036,69558,97970,93304,2025
168896,Springfield,MO,2017,True,166810,2010,339,0,75,2,214,0,8,0,2634,545,2089951,266361,1200632,30508,reported,reported,R,R,2.032,1.283,0.1812,0.2415,73981,67325,97167,88425,2025
168896,Springfield,MO,2018,False,166810,2010,341,0,75,5,220,0,8,0,2743,466,2167413,272757,1241443,36925,reported,reported,R,R,2.044,1.319,0.1803,0.2348,76273,67715,97789,86817,2025
168896,Springfield,MO,2019,False,167376,2010,354,0,74,5,218,0,8,2,2684,548,2264098,275441,1261112,28711,reported,reported,R,R,2.115,1.302,0.1729,0.2437,76749,69419,96648,87418,2025
168896,Springfield,MO,2020,False,167882,2010,344,0,73,4,219,0,9,3,2694,556,1803806,273756,1059185,43979,reported,reported,R,R,2.049,1.304,0.1751,0.2394,62923,58038,78272,72195,2025
168896,Springfield,MO,2021,False,167882,2020,325,0,74,4,213,0,9,2,2650,494,1837293,276265,1143371,40961,reported,reported,R,R,1.936,1.269,0.1855,0.2343,67839,64415,80600,76532,2025
168896,Springfield,MO,2022,True,168090,2020,315,0,69,5,214,0,8,0,2701,489,1871021,281286,1214410,36220,reported,reported,R,R,1.874,1.273,0.1797,0.2244,71277,68098,78410,74913,2025
168896,Springfield,MO,2023,False,169724,2020,323,0,68,2,215,0,10,0,2768,549,2536184,299493,1442347,45562,reported,reported,R,R,1.903,1.267,0.1739,0.2225,94224,80503,99555,85058,2025
168896,Springfield,MO,2024,False,170067,2020,310,0,79,2,211,0,11,1,2827,534,2463956,361165,1491594,70264,reported,reported,R,R,1.823,1.241,0.2031,0.2161,95379,84830,97889,87062,2025
168896,Springfield,MO,2025,False,170188,2020,290,0,89,5,219,0,10,0,2844,524,2349122,435363,1632737,64667,reported,reported,R,R,1.704,1.287,0.2348,0.2138,97205,89465,97205,89465,2025
169159,St Louis,MO,2012,True,319294,2010,1371,0,524,1,575,0,174,0,6260,73,6339899,1991323,2894700,604888,reported,reported,R,CR,4.294,1.801,0.2765,0.4224,55491,60411,77811,84710,2025
169159,St Louis,MO,2013,False,319294,2010,1322,0,557,2,598,0,180,0,6109,81,5233781,2312488,2931801,603348,reported,prorated,R,T,4.14,1.873,0.2964,0.4349,47508,58832,65655,81305,2025
169159,St Louis,MO,2014,False,319294,2010,1394,0,533,0,589,0,156,0,6146,81,7700199,2418585,3238125,843468,prorated,reported,T,R,4.366,1.845,0.2766,0.4348,66286,65972,90144,89717,2025
169159,St Louis,MO,2015,False,319294,2010,1385,0,530,0,585,0,155,0,6106,88,7875894,2473770,3312009,862713,imputed,imputed,G,G,4.338,1.832,0.2768,0.4348,68239,67939,92690,92282,2025
169159,St Louis,MO,2016,False,319294,2010,1292,0,406,0,734,3,156,0,5769,66,6904776,1867281,3071595,887918,reported,imputed,R,RX,4.046,2.299,0.2391,0.4486,64131,50217,86025,67361,2025
169159,St Louis,MO,2017,True,315685,2010,1344,2,474,5,688,18,146,0,6416,378,9536667,2248274,4600004,1329741,reported,prorated,CR,T,4.257,2.179,0.2607,0.4133,85149,80233,111836,105379,2025
169159,St Louis,MO,2018,False,315685,2010,1383,0,461,8,561,0,216,28,6580,288,8002860,2332923,2937753,982344,imputed,reported,CRX,R,4.381,1.777,0.25,0.3983,69439,62840,89027,80567,2025
169159,St Louis,MO,2019,False,308626,2010,1316,0,340,10,578,0,160,0,5668,58,7848181,1773244,3780826,686023,reported,reported,R,R,4.264,1.873,0.2053,0.4224,71564,78495,90119,98847,2025
169159,St Louis,MO,2020,False,300576,2010,1188,0,473,66,587,0,147,34,5519,195,7223002,1748249,3676115,644224,reported,reported,R,CR,3.952,1.953,0.2848,0.434,72960,75151,90757,93483,2025
169159,St Louis,MO,2021,False,300576,2020,1331,0,530,74,658,0,165,38,6185,220,7542642,1825615,3838794,672733,prorated,prorated,T,T,4.428,2.189,0.2848,0.434,68003,70008,80795,83177,2025
169159,St Louis,MO,2022,True,297645,2020,1400,16,479,5,586,0,192,81,6339,326,8002012,1664158,3404221,827288,imputed,reported,RX,CR,4.704,1.969,0.2549,0.4192,68589,69711,75453,76687,2025
169159,St Louis,MO,2023,False,293310,2020,1417,17,485,5,593,0,194,84,6414,336,8496832,1767064,3614728,878445,imputed,imputed,G,G,4.831,2.022,0.255,0.4192,71956,73148,76027,77287,2025
169159,St Louis,MO,2024,False,286578,2020,1434,18,491,5,600,0,196,88,6489,351,9117200,1896080,3878645,942582,imputed,imputed,G,G,5.004,2.094,0.2551,0.4193,76295,77573,78303,79614,2025
169159,St Louis,MO,2025,False,281754,2020,1417,0,502,0,554,0,181,90,6429,105,11540616,2034683,4464237,1084891,imputed,prorated,RX,T,5.029,1.966,0.2616,0.4128,97733,96698,97733,96698,2025
129295,Jackson,MS,2012,True,173514,2010,442,0,167,1,327,0,9,1,1796,129,1455209,385732,1179711,21772,imputed,imputed,G,G,2.547,1.885,0.2742,0.5262,39508,43292,55399,60705,2025
129295,Jackson,MS,2013,False,173514,2010,505,0,91,55,328,0,17,1,2124,144,1443648,213001,1010232,65317,reported,reported,R,R,2.91,1.89,0.1527,0.443,34305,36960,47409,51078,2025
129295,Jackson,MS,2014,False,173514,2010,497,0,90,52,323,0,17,1,2092,138,1447374,213551,1012839,65486,imputed,imputed,G,G,2.864,1.862,0.1533,0.4431,34947,37629,47525,51173,2025
129295,Jackson,MS,2015,False,173514,2010,495,0,90,53,322,0,17,1,2086,140,1473213,217363,1030920,66655,imputed,imputed,G,G,2.853,1.856,0.1538,0.443,35714,38419,48511,52185,2025
129295,Jackson,MS,2016,False,173514,2010,499,0,91,59,325,0,17,1,2105,156,1508855,222622,1055862,68268,imputed,imputed,G,G,2.876,1.873,0.1542,0.4428,36285,38986,48672,52295,2025
129295,Jackson,MS,2017,True,170674,2010,500,0,91,56,326,0,17,1,2107,150,1588805,234418,1111809,71885,imputed,imputed,G,G,2.93,1.91,0.154,0.4433,38131,40925,50082,53751,2025
129295,Jackson,MS,2018,False,170674,2010,370,0,67,22,261,0,13,1,1580,58,1286622,189833,900348,58213,prorated,prorated,T,T,2.168,1.529,0.1533,0.45,41728,41395,53499,53072,2025
129295,Jackson,MS,2019,False,166965,2010,371,0,67,22,262,0,13,1,1582,58,1318952,194603,922971,59676,prorated,prorated,T,T,2.222,1.569,0.153,0.4507,42662,42273,53723,53233,2025
129295,Jackson,MS,2020,False,160628,2010,363,0,66,22,257,0,13,2,1552,60,1288279,190077,901508,58288,prorated,prorated,T,T,2.26,1.6,0.1538,0.4504,42588,42094,52977,52362,2025
129295,Jackson,MS,2021,False,160628,2020,337,0,61,20,239,0,12,3,1444,58,1221652,180247,854884,55273,prorated,prorated,T,T,2.098,1.488,0.1533,0.4494,43501,42923,51684,50997,2025
129295,Jackson,MS,2022,True,157821,2020,311,0,56,18,221,0,11,3,1334,54,1244518,183621,870885,56308,prorated,prorated,T,T,1.971,1.4,0.1526,0.449,48020,47288,52826,52020,2025
129295,Jackson,MS,2023,False,149761,2020,299,0,54,17,212,0,10,4,1283,54,1246647,183935,872374,56404,prorated,prorated,T,T,1.997,1.416,0.153,0.4482,50033,49380,52864,52174,2025
129295,Jackson,MS,2024,False,145995,2020,289,0,52,17,205,0,10,4,1243,53,1294264,190961,905696,58559,prorated,prorated,T,T,1.98,1.404,0.1525,0.4473,53741,53016,55155,54411,2025
129295,Jackson,MS,2025,False,143709,2020,298,0,54,17,211,0,10,4,1282,54,1302144,192123,911210,61710,prorated,prorated,T,T,2.074,1.468,0.1534,0.447,52435,51822,52435,51822,2025
108127,Billings,MT,2012,True,104170,2010,138,0,22,0,111,0,34,0,845,61,833690,76253,692403,146876,reported,reported,R,R,1.325,1.066,0.1375,0.3609,72495,74854,101654,104962,2025
108127,Billings,MT,2013,False,104170,2010,138,0,23,0,109,0,33,0,911,61,888669,79314,765583,157962,reported,reported,R,R,1.325,1.046,0.1429,0.3326,77276,84284,106794,116479,2025
108127,Billings,MT,2014,False,104170,2010,140,0,24,0,110,0,3,0,849,66,705904,74329,587584,18706,reported,reported,R,R,1.344,1.056,0.1463,0.3263,60506,64100,82284,87171,2025
108127,Billings,MT,2015,False,104170,2010,135,0,24,1,111,0,33,0,857,66,698664,76226,607019,145130,reported,reported,R,R,1.296,1.066,0.1509,0.3536,62103,65624,84355,89138,2025
108127,Billings,MT,2016,False,104170,2010,142,0,23,1,105,0,4,0,856,68,749234,79872,603998,27834,reported,reported,R,R,1.363,1.008,0.1394,0.3201,63316,69028,84931,92593,2025
108127,Billings,MT,2017,True,110263,2010,149,0,22,0,117,0,4,0,887,64,1054994,90846,871833,34567,reported,reported,R,R,1.351,1.061,0.1287,0.3292,84966,89419,111595,117444,2025
108127,Billings,MT,2018,False,110263,2010,153,0,22,2,119,0,3,0,884,78,1025994,82150,824985,22172,reported,reported,R,R,1.388,1.079,0.1257,0.336,80470,83192,103170,106660,2025
108127,Billings,MT,2019,False,109642,2010,149,0,22,0,120,0,6,0,887,71,1060984,92905,906518,45380,reported,reported,R,R,1.359,1.094,0.1287,0.3348,85448,90652,107603,114156,2025
108127,Billings,MT,2020,False,109577,2010,153,0,23,0,121,0,6,0,896,67,1201664,102829,1023430,56752,reported,reported,R,R,1.396,1.104,0.1307,0.3382,94248,101497,117238,126255,2025
108127,Billings,MT,2021,False,109577,2020,155,0,22,0,122,1,2,0,911,102,1331645,99807,1074371,12254,reported,reported,R,R,1.415,1.113,0.1243,0.3304,103095,105676,122489,125555,2025
108127,Billings,MT,2022,True,109736,2020,161,0,21,8,127,0,0,1,904,156,1402281,96894,1131361,0,prorated,prorated,RT,RT,1.467,1.157,0.1154,0.3418,104518,106900,114978,117598,2025
108127,Billings,MT,2023,False,117445,2020,168,0,43,8,133,0,42,2,971,149,1550387,201783,1154664,300009,reported,reported,R,R,1.43,1.132,0.2038,0.3975,110742,104180,117008,110075,2025
108127,Billings,MT,2024,False,119960,2020,169,0,44,7,127,0,43,2,994,139,1571471,244347,1251930,315291,reported,reported,R,R,1.409,1.059,0.2066,0.3853,111584,118293,114520,121406,2025
108127,Billings,MT,2025,False,120864,2020,168,0,51,7,140,0,46,2,1048,195,1601120,256619,1297184,289307,reported,reported,R,R,1.39,1.158,0.2329,0.3865,114366,111187,114366,111187,2025
131775,Cary,NC,2012,True,135234,2010,176,0,46,19,207,0,2,4,1115,136,925257,245954,978816,9386,reported,reported,R,R,1.301,1.531,0.2072,0.3865,63086,56743,88461,79567,2025
131775,Cary,NC,2013,False,135234,2010,187,0,39,17,215,0,11,5,1140,307,936374,248909,1000622,52662,reported,reported,R,R,1.383,1.59,0.1726,0.3965,60088,55849,83041,77182,2025
131775,Cary,NC,2014,False,135234,2010,176,0,37,15,202,0,8,5,1121,290,929123,246981,970723,51090,reported,reported,R,R,1.301,1.494,0.1737,0.3773,63349,57667,86150,78423,2025
131775,Cary,NC,2015,False,135234,2010,184,0,37,22,207,0,7,0,1169,359,978156,265360,978052,51476,imputed,reported,AR,R,1.361,1.531,0.1674,0.3721,63793,56699,86651,77015,2025
131775,Cary,NC,2016,False,135234,2010,176,0,37,21,207,0,7,0,1181,350,1061101,170659,1079586,53121,reported,reported,R,R,1.301,1.531,0.1737,0.3616,72348,62585,97047,83951,2025
131775,Cary,NC,2017,True,159769,2010,182,0,38,21,214,0,7,0,1223,354,1103917,177545,1123148,55264,imputed,imputed,G,G,1.139,1.339,0.1727,0.3606,72786,62980,95598,82719,2025
131775,Cary,NC,2018,False,159769,2010,186,0,39,21,219,0,7,0,1252,351,1164344,187264,1184627,58289,imputed,imputed,G,G,1.164,1.371,0.1733,0.3602,75119,64911,96310,83222,2025
131775,Cary,NC,2019,False,165904,2010,186,0,39,22,219,0,7,0,1252,361,1212862,195067,1233990,60718,imputed,imputed,G,G,1.121,1.32,0.1733,0.3602,78249,67616,98537,85147,2025
131775,Cary,NC,2020,False,170282,2010,190,0,40,22,224,0,7,0,1280,360,1279231,205741,1301516,64041,imputed,imputed,G,G,1.116,1.315,0.1739,0.3602,80794,69724,100502,86732,2025
131775,Cary,NC,2021,False,170282,2020,189,0,40,22,223,0,7,0,1276,354,1312126,211031,1334984,65688,imputed,imputed,G,G,1.11,1.31,0.1747,0.3597,83310,71838,98982,85352,2025
131775,Cary,NC,2022,True,173587,2020,190,0,40,24,225,0,7,0,1282,388,1410045,226779,1434609,70590,imputed,imputed,G,G,1.095,1.296,0.1739,0.3604,89055,76512,97967,84169,2025
131775,Cary,NC,2023,False,176987,2020,198,0,42,25,235,0,7,0,1339,405,1566686,251972,1593979,78432,imputed,imputed,G,G,1.119,1.328,0.175,0.36,94951,81395,100324,86001,2025
131775,Cary,NC,2024,False,180388,2020,207,0,44,28,246,0,7,0,1402,457,1719312,276519,1749263,86073,imputed,imputed,G,G,1.148,1.364,0.1753,0.3595,99670,85330,102293,87575,2025
131775,Cary,NC,2025,False,180010,2020,215,0,46,29,255,0,7,0,1453,476,1855969,298498,1888301,92914,imputed,imputed,G,G,1.194,1.417,0.1762,0.3599,103589,88861,103589,88861,2025
194726,Charlotte,NC,2012,True,731424,2010,1774,31,460,11,1076,0,76,4,6846,849,10437160,1837047,5202641,362766,reported,reported,R,R,2.425,1.471,0.2059,0.4946,70601,58022,98999,81360,2025
194726,Charlotte,NC,2013,False,731424,2010,1733,22,496,25,1077,2,84,6,6869,966,10362531,2062621,5617478,386811,reported,reported,R,R,2.369,1.472,0.2225,0.4935,71754,62590,99163,86498,2025
194726,Charlotte,NC,2014,False,731424,2010,1722,23,568,27,1067,0,80,5,7010,593,10147912,2357227,5694541,374706,reported,reported,R,R,2.354,1.459,0.248,0.4903,70717,64044,96170,87095,2025
194726,Charlotte,NC,2015,False,731424,2010,1709,20,579,29,1071,0,76,2,7156,726,11169986,2513338,5872175,372753,reported,reported,R,R,2.337,1.464,0.2531,0.48,78432,65795,106535,89370,2025
194726,Charlotte,NC,2016,False,731424,2010,1725,24,585,34,1112,0,37,0,7275,673,9416954,2118890,6154381,224453,prorated,reported,T,R,2.358,1.52,0.2532,0.4755,65509,66414,87873,89087,2025
194726,Charlotte,NC,2017,True,827097,2010,1748,38,593,53,1116,0,48,1,7538,744,9685560,2179327,6474501,290767,prorated,reported,T,R,2.113,1.349,0.2533,0.465,66491,69618,87330,91437,2025
194726,Charlotte,NC,2018,False,827097,2010,1994,57,372,49,1133,2,52,4,7769,749,10446052,1885207,6632335,322218,reported,reported,R,R,2.411,1.37,0.1572,0.4571,62865,70245,80599,90061,2025
194726,Charlotte,NC,2019,False,859035,2010,2117,98,398,30,1150,0,57,1,8238,784,11139283,1947686,7053700,371101,reported,reported,R,R,2.464,1.339,0.1583,0.4518,63142,73604,79513,92688,2025
194726,Charlotte,NC,2020,False,885708,2010,2172,114,393,34,1137,0,48,1,8449,741,12066436,2079112,6961440,380007,reported,reported,R,R,2.452,1.284,0.1532,0.4438,66665,73472,82927,91394,2025
194726,Charlotte,NC,2021,False,885708,2020,2211,135,400,33,1160,0,49,3,8430,422,12490697,2095494,7525201,320252,reported,reported,R,R,2.496,1.31,0.1532,0.4531,67792,77847,80545,92491,2025
194726,Charlotte,NC,2022,True,900350,2020,2182,148,406,19,1174,0,21,2,8295,633,12356874,2366565,8001505,122437,reported,reported,R,R,2.424,1.304,0.1569,0.4561,67957,81787,74758,89972,2025
194726,Charlotte,NC,2023,False,879709,2020,2207,161,421,24,1168,0,18,1,8564,746,13121622,2688262,8114706,117153,reported,reported,R,R,2.509,1.328,0.1602,0.4454,71345,83370,75382,88087,2025
194726,Charlotte,NC,2024,False,897720,2020,2254,160,438,30,1203,3,18,2,8976,830,13899388,2848068,9023180,125090,reported,reported,R,R,2.511,1.34,0.1627,0.4359,73999,90007,75946,92375,2025
194726,Charlotte,NC,2025,False,911311,2020,2108,188,452,51,1185,3,21,1,9031,865,14785269,3153935,8981290,144885,reported,reported,R,R,2.313,1.3,0.1766,0.417,84167,90950,84167,90950,2025
110047,Concord,NC,2012,True,79066,2010,158,0,23,11,186,0,5,0,897,59,661963,74466,744720,18795,reported,reported,R,R,1.998,2.352,0.1271,0.4147,50276,48046,70498,67371,2025
110047,Concord,NC,2013,False,79066,2010,153,0,25,11,187,0,3,0,884,78,644887,81216,735807,8721,reported,reported,R,R,1.935,2.365,0.1404,0.4163,50579,47218,69899,65255,2025
110047,Concord,NC,2014,False,79066,2010,152,0,25,12,186,0,3,0,881,86,647476,81543,738761,8756,imputed,imputed,G,G,1.922,2.352,0.1412,0.4154,51117,47662,69515,64817,2025
110047,Concord,NC,2015,False,79066,2010,160,0,25,11,187,0,2,0,894,84,684546,83306,755488,6224,reported,reported,R,R,2.024,2.365,0.1351,0.4183,51341,48481,69737,65852,2025
110047,Concord,NC,2016,False,79066,2010,160,0,28,13,187,0,3,0,908,77,676205,93401,759874,8222,reported,reported,R,R,2.024,2.365,0.1489,0.4163,50715,48762,68029,65409,2025
110047,Concord,NC,2017,True,87696,2010,166,0,26,11,188,3,3,0,956,76,707810,91815,772885,8793,reported,reported,R,R,1.893,2.144,0.1354,0.4006,51167,49333,67203,64794,2025
110047,Concord,NC,2018,False,87696,2010,176,0,27,9,185,0,19,2,978,77,900437,101317,801146,92923,reported,reported,R,R,2.007,2.11,0.133,0.4162,61393,51966,78712,66625,2025
110047,Concord,NC,2019,False,92067,2010,175,0,29,10,190,0,19,3,999,81,857183,111647,864681,103691,reported,reported,R,R,1.901,2.064,0.1422,0.4134,58778,54611,74018,68770,2025
110047,Concord,NC,2020,False,96341,2010,184,0,28,11,210,0,18,1,1059,84,955440,110858,966536,97559,reported,reported,R,R,1.91,2.18,0.1321,0.4155,62311,55231,77511,68704,2025
110047,Concord,NC,2021,False,96341,2020,186,0,29,10,211,0,19,2,1077,79,977012,128349,1012989,104164,reported,reported,R,R,1.931,2.19,0.1349,0.4132,63033,57611,74890,68448,2025
110047,Concord,NC,2022,True,98500,2020,196,0,29,11,225,0,20,2,1107,89,1045881,131305,1135880,113755,reported,reported,R,R,1.99,2.284,0.1289,0.4246,64034,60580,70442,66643,2025
110047,Concord,NC,2023,False,107697,2020,188,0,26,9,225,0,19,3,1093,88,1011181,117683,1172323,123185,reported,reported,R,R,1.746,2.089,0.1215,0.419,64543,62524,68195,66062,2025
110047,Concord,NC,2024,False,109896,2020,185,0,20,8,252,3,3,0,1155,65,1177957,93681,1553502,14557,reported,reported,R,R,1.683,2.293,0.0976,0.3983,76408,73976,78418,75923,2025
110047,Concord,NC,2025,False,110119,2020,201,0,17,2,273,3,27,0,1215,71,1241590,84701,1518266,154791,reported,reported,R,R,1.825,2.479,0.078,0.4263,74125,66737,74125,66737,2025
208963,Durham,NC,2012,True,228330,2010,490,9,130,3,265,0,22,0,2101,298,2165202,487734,1157383,90839,prorated,prorated,T,T,2.146,1.161,0.2097,0.4317,53025,52410,74353,73491,2025
208963,Durham,NC,2013,False,228330,2010,490,13,130,4,276,0,23,0,2177,199,2171631,489181,1202406,94374,prorated,prorated,T,T,2.146,1.209,0.2097,0.4221,53183,52279,73498,72249,2025
208963,Durham,NC,2014,False,228330,2010,494,11,131,4,275,0,23,0,2164,214,2229248,502160,1227779,96366,prorated,prorated,T,T,2.164,1.204,0.2096,0.4265,54152,53576,73643,72859,2025
208963,Durham,NC,2015,False,228330,2010,494,10,131,4,291,0,24,0,1959,165,2328992,524629,1298831,101944,prorated,prorated,T,T,2.164,1.274,0.2096,0.4798,56575,53560,76846,72751,2025
208963,Durham,NC,2016,False,228330,2010,488,9,129,3,296,0,24,0,2134,209,2342617,527698,1298776,101939,prorated,prorated,T,T,2.137,1.296,0.2091,0.4391,57605,52653,77271,70628,2025
208963,Durham,NC,2017,True,257636,2010,566,11,149,4,399,0,32,0,2746,332,2982311,671794,2006770,157509,prorated,prorated,T,T,2.197,1.549,0.2084,0.4173,63229,60354,83046,79270,2025
208963,Durham,NC,2018,False,257636,2010,589,11,155,4,415,0,33,0,2797,202,2495693,562178,1679330,131808,prorated,prorated,T,T,2.286,1.611,0.2083,0.4262,50846,48559,65189,62257,2025
208963,Durham,NC,2019,False,267743,2010,560,10,147,4,547,0,43,0,2906,238,2796563,629953,1675995,131546,prorated,prorated,T,T,2.092,2.043,0.2079,0.4463,59926,36768,75463,46301,2025
208963,Durham,NC,2020,False,278993,2010,532,0,113,22,399,0,12,0,2564,254,2766254,563359,1883212,59102,reported,reported,R,R,1.907,1.43,0.1752,0.4119,62397,56638,77618,70454,2025
208963,Durham,NC,2021,False,278993,2020,516,0,114,12,407,0,12,0,2536,138,2667182,554061,1946966,56867,reported,reported,R,R,1.85,1.459,0.181,0.4136,62027,57404,73695,68202,2025
208963,Durham,NC,2022,True,285897,2020,440,0,108,31,397,0,12,0,2416,200,2743721,533991,2331459,61799,reported,reported,R,R,1.539,1.389,0.1971,0.3961,74829,70472,82318,77525,2025
208963,Durham,NC,2023,False,285527,2020,541,0,113,26,378,0,8,0,2502,243,2831396,532219,1768295,42202,reported,reported,R,R,1.895,1.324,0.1728,0.4157,62804,56136,66358,59312,2025
208963,Durham,NC,2024,False,291928,2020,404,0,120,35,388,0,10,0,2500,244,2760632,650243,2530581,55897,reported,reported,R,R,1.384,1.329,0.229,0.3688,81999,78265,84157,80324,2025
208963,Durham,NC,2025,False,296186,2020,396,0,128,41,393,0,13,0,2383,289,3153431,808800,3055853,81743,reported,reported,R,R,1.337,1.327,0.2443,0.3903,95559,93308,95559,93308,2025
131717,Fayetteville,NC,2012,True,200564,2010,352,0,97,7,302,0,15,0,1932,88,1609733,299874,1079199,68123,reported,reported,R,R,1.755,1.506,0.216,0.3965,54877,42882,76950,60130,2025
131717,Fayetteville,NC,2013,False,200564,2010,379,0,105,7,306,0,25,0,2046,112,1695676,339714,1119179,114455,reported,reported,R,R,1.89,1.526,0.2169,0.3983,53689,43889,74197,60654,2025
131717,Fayetteville,NC,2014,False,200564,2010,383,0,91,7,303,0,28,0,1994,99,1776340,293459,1093802,129968,reported,reported,R,R,1.91,1.511,0.192,0.4037,55656,43319,75688,58911,2025
131717,Fayetteville,NC,2015,False,200564,2010,400,0,93,4,299,0,24,0,2041,109,1812829,319309,1128894,115174,reported,reported,R,R,1.994,1.491,0.1886,0.3998,54385,45307,73872,61541,2025
131717,Fayetteville,NC,2016,False,200564,2010,444,1,124,7,309,0,24,0,2247,205,1964773,502931,1238339,131850,reported,reported,R,R,2.214,1.541,0.2183,0.401,53102,48091,71230,64509,2025
131717,Fayetteville,NC,2017,True,201963,2010,460,1,128,7,320,0,25,0,2328,207,2044052,523224,1288306,137170,imputed,imputed,G,G,2.278,1.584,0.2177,0.4008,53323,48311,70035,63452,2025
131717,Fayetteville,NC,2018,False,201963,2010,443,0,102,3,314,0,27,0,1942,186,1981821,426463,1323853,150992,reported,reported,R,R,2.193,1.555,0.1872,0.4562,53684,50593,68828,64865,2025
131717,Fayetteville,NC,2019,False,209889,2010,425,1,104,1,294,0,25,0,1857,121,2050869,360665,1367762,148169,reported,reported,R,R,2.025,1.401,0.1966,0.4567,57907,55827,72921,70302,2025
131717,Fayetteville,NC,2020,False,211657,2010,396,2,104,1,295,0,28,0,2129,123,1847839,450065,1301287,165682,reported,reported,R,R,1.871,1.394,0.208,0.3866,55995,52934,69654,65846,2025
131717,Fayetteville,NC,2021,False,211657,2020,360,1,98,3,302,0,42,1,2106,24,1887840,374803,1338421,197100,reported,reported,R,R,1.701,1.427,0.214,0.3808,62928,53182,74766,63186,2025
131717,Fayetteville,NC,2022,True,211705,2020,365,3,104,11,305,2,45,1,2122,141,1978365,478591,1412803,237239,reported,reported,R,R,1.724,1.441,0.2217,0.386,65042,55586,71551,61149,2025
131717,Fayetteville,NC,2023,False,208778,2020,379,9,105,8,281,0,57,0,2179,144,1997804,438780,1367041,305619,reported,reported,R,R,1.815,1.346,0.2169,0.3772,63255,58379,66834,61682,2025
131717,Fayetteville,NC,2024,False,208873,2020,353,11,101,4,306,0,26,1,2161,145,1967386,429671,1580632,166357,reported,reported,R,R,1.69,1.465,0.2225,0.3637,66880,61986,68640,63617,2025
131717,Fayetteville,NC,2025,False,209749,2020,353,8,99,62,306,2,30,1,2191,241,2343318,443872,1699381,197283,reported,reported,R,R,1.683,1.459,0.219,0.3597,79660,66642,79660,66642,2025
171207,Greensboro,NC,2012,True,269666,2010,652,0,105,29,527,0,16,0,2947,387,2879222,351080,2003796,60310,reported,reported,R,R,2.418,1.954,0.1387,0.4411,52992,45627,74307,63979,2025
171207,Greensboro,NC,2013,False,269666,2010,656,0,143,30,498,0,46,0,2981,403,2723436,605362,1969662,254346,reported,reported,R,R,2.433,1.847,0.179,0.4505,49819,47462,68849,65592,2025
171207,Greensboro,NC,2014,False,269666,2010,655,0,143,25,494,0,49,0,2907,404,2723946,638450,1910712,283482,reported,reported,R,R,2.429,1.832,0.1792,0.4613,49904,46414,67866,63120,2025
171207,Greensboro,NC,2015,False,269666,2010,626,0,150,23,523,0,50,0,2969,389,2557742,658264,2100840,294006,reported,reported,R,R,2.321,1.939,0.1933,0.4544,49030,48203,66598,65475,2025
171207,Greensboro,NC,2016,False,269666,2010,638,0,153,23,533,0,51,0,3027,392,2667986,686636,2191390,306678,imputed,imputed,G,G,2.366,1.977,0.1934,0.4542,50182,49337,67314,66180,2025
171207,Greensboro,NC,2017,True,285342,2010,661,0,158,23,552,0,53,0,3134,397,2775640,714342,2279813,319053,imputed,imputed,G,G,2.317,1.935,0.1929,0.4544,50390,49561,66183,65094,2025
171207,Greensboro,NC,2018,False,285342,2010,593,0,142,21,587,0,105,0,3001,125,2669146,686934,2566884,426504,prorated,reported,T,CR,2.078,2.057,0.1932,0.4755,54013,52475,69250,67278,2025
171207,Greensboro,NC,2019,False,290222,2010,616,0,147,21,573,0,113,0,3163,154,2794628,719228,2555940,469450,prorated,reported,T,R,2.123,1.974,0.1927,0.4581,54441,53528,68556,67407,2025
171207,Greensboro,NC,2020,False,296710,2010,545,0,205,0,543,0,21,0,3036,107,2935284,1006297,2792701,153927,reported,reported,R,R,1.837,1.83,0.2733,0.4328,64630,61717,80395,76772,2025
171207,Greensboro,NC,2021,False,296710,2020,599,0,143,0,554,0,11,0,3033,71,2736765,704336,2623103,80040,prorated,reported,T,C,2.019,1.867,0.1927,0.4309,54827,56818,65141,67506,2025
171207,Greensboro,NC,2022,True,297878,2020,624,0,111,0,535,0,46,0,3002,119,3073754,511814,2591336,283268,reported,reported,R,R,2.095,1.796,0.151,0.4384,59111,58123,65027,63940,2025
171207,Greensboro,NC,2023,False,298263,2020,602,0,100,0,587,0,0,0,3208,115,3318526,458096,3239057,0,reported,reported,C,C,2.018,1.968,0.1425,0.4018,66150,66216,69893,69963,2025
171207,Greensboro,NC,2024,False,301115,2020,590,0,105,0,580,0,22,0,3039,102,3867682,526125,3420744,128418,reported,reported,R,R,1.959,1.926,0.1511,0.4268,78665,70774,80735,72636,2025
171207,Greensboro,NC,2025,False,302296,2020,660,0,123,1,580,0,25,0,3393,438,6155578,512542,4097965,110117,reported,reported,R,R,2.183,1.919,0.1571,0.4091,111920,84785,111920,84785,2025
194732,High Point,NC,2012,True,104371,2010,209,0,5,17,177,0,8,0,1391,137,917651,15381,731218,30902,imputed,imputed,G,G,2.002,1.696,0.0234,0.2868,52688,49574,73881,69514,2025
194732,High Point,NC,2013,False,104371,2010,210,0,5,19,178,0,8,0,1402,145,944983,15839,752997,31822,imputed,imputed,G,G,2.012,1.705,0.0233,0.286,53999,50764,74626,70155,2025
194732,High Point,NC,2014,False,104371,2010,209,0,5,21,177,0,8,0,1392,161,948654,15901,755922,31946,imputed,imputed,G,G,2.002,1.696,0.0234,0.2866,54468,51249,74072,69695,2025
194732,High Point,NC,2015,False,104371,2010,212,0,5,20,179,0,8,0,1410,153,1004037,16829,800053,33811,imputed,imputed,G,G,2.031,1.715,0.023,0.2865,56832,53635,77196,72853,2025
194732,High Point,NC,2016,False,104371,2010,216,0,5,20,183,0,8,0,1437,153,1047313,17554,834537,35268,imputed,imputed,G,G,2.07,1.753,0.0226,0.2867,58184,54724,78047,73406,2025
194732,High Point,NC,2017,True,110268,2010,224,0,5,20,190,0,8,0,1488,165,1089572,18262,868211,36691,imputed,imputed,G,G,2.031,1.723,0.0218,0.287,58370,54834,76664,72020,2025
194732,High Point,NC,2018,False,110268,2010,246,0,41,8,212,0,22,0,1575,193,1228925,146478,1025655,122747,reported,reported,R,R,2.231,1.923,0.1429,0.3308,59948,58056,76859,74433,2025
194732,High Point,NC,2019,False,111513,2010,287,0,48,7,211,8,22,0,1446,222,1434058,146951,1053307,126057,reported,prorated,CR,T,2.574,1.892,0.1433,0.3928,59961,59904,75508,75436,2025
194732,High Point,NC,2020,False,112791,2010,272,0,45,7,200,8,21,0,1374,214,1498959,153601,1100976,131761,prorated,prorated,T,T,2.412,1.773,0.142,0.3916,66131,66059,82262,82173,2025
194732,High Point,NC,2021,False,112791,2020,284,0,58,9,211,7,22,0,1439,184,1449139,190581,1143637,136867,reported,prorated,CR,T,2.518,1.871,0.1696,0.3996,61231,65041,72749,77276,2025
194732,High Point,NC,2022,True,113565,2020,275,0,64,7,209,4,22,0,1458,186,1563609,216998,1226442,146778,reported,prorated,CR,T,2.422,1.84,0.1888,0.3909,68230,70418,75058,77465,2025
194732,High Point,NC,2023,False,114086,2020,133,3,136,73,191,0,22,2,1376,237,530753,503039,1323992,166187,prorated,reported,T,R,1.166,1.674,0.5056,0.3503,47887,83183,50597,87890,2025
194732,High Point,NC,2024,False,115067,2020,130,9,133,66,195,0,24,1,1380,223,542000,513696,1369685,179586,prorated,reported,T,R,1.13,1.695,0.5057,0.3493,50031,84288,51347,86506,2025
194732,High Point,NC,2025,False,116926,2020,133,4,137,69,211,0,23,1,1434,213,873103,902937,1363526,169655,reported,reported,R,R,1.137,1.805,0.5074,0.3515,78776,77547,78776,77547,2025
171305,Raleigh,NC,2012,True,403892,2010,734,0,142,30,540,0,39,3,3663,688,3451048,497375,2418465,172971,reported,reported,R,R,1.817,1.337,0.1621,0.3972,56420,53744,79114,75361,2025
171305,Raleigh,NC,2013,False,403892,2010,754,0,137,9,549,0,37,1,3578,1406,3817226,521908,2540505,161434,prorated,reported,RT,R,1.867,1.359,0.1538,0.4128,60752,55530,83958,76742,2025
171305,Raleigh,NC,2014,False,403892,2010,764,0,139,0,572,4,37,0,3618,1389,3489166,477055,2540262,147560,prorated,prorated,T,RT,1.892,1.416,0.1539,0.4179,54804,53292,74529,72473,2025
171305,Raleigh,NC,2015,False,403892,2010,740,0,135,30,730,3,47,0,3887,1188,3560886,486859,2920018,169619,prorated,prorated,T,T,1.832,1.807,0.1543,0.425,57744,48000,78434,65199,2025
171305,Raleigh,NC,2016,False,403892,2010,770,49,102,5,602,2,21,3,3840,1132,3616263,471641,2824169,116868,reported,reported,R,R,1.906,1.49,0.117,0.3893,56357,56296,75597,75515,2025
171305,Raleigh,NC,2017,True,451066,2010,805,50,103,5,614,2,24,4,4209,1268,3689525,497769,2823896,118677,reported,reported,R,R,1.785,1.361,0.1134,0.3673,54999,55190,72236,72487,2025
171305,Raleigh,NC,2018,False,451066,2010,773,43,105,5,576,4,31,3,4385,1199,4018798,546295,2938523,162243,reported,reported,R,R,1.714,1.277,0.1196,0.3387,62388,61219,79987,78489,2025
171305,Raleigh,NC,2019,False,464758,2010,749,43,106,4,591,3,21,0,4020,1139,4134807,551687,3138936,131427,reported,reported,R,R,1.612,1.272,0.124,0.3649,66245,63735,83421,80260,2025
171305,Raleigh,NC,2020,False,474069,2010,737,45,110,3,577,4,23,0,4023,1216,4211173,600277,3141024,142746,reported,reported,R,R,1.555,1.217,0.1299,0.3597,68567,65325,85293,81260,2025
171305,Raleigh,NC,2021,False,474069,2020,700,40,105,0,564,4,22,1,3872,703,4201204,577073,3174638,144108,reported,reported,R,R,1.477,1.19,0.1304,0.3592,72021,67545,85569,80251,2025
171305,Raleigh,NC,2022,True,474414,2020,669,27,111,9,541,4,25,0,3700,867,3985542,638014,3316266,161478,reported,reported,R,R,1.41,1.14,0.1423,0.3638,71490,73559,78644,80921,2025
171305,Raleigh,NC,2023,False,469124,2020,578,32,103,8,574,3,27,0,3654,1088,3504714,645329,3442938,181135,prorated,reported,RT,R,1.232,1.224,0.1512,0.3508,72762,71978,76879,76051,2025
171305,Raleigh,NC,2024,False,476587,2020,688,61,118,15,571,3,28,3,3898,1260,4452891,766369,3709464,187585,reported,reported,R,R,1.444,1.198,0.1464,0.3604,77667,77957,79711,80008,2025
171305,Raleigh,NC,2025,False,482295,2020,702,23,182,31,596,2,27,3,4211,1218,4925311,1117251,4113738,203907,reported,reported,R,R,1.456,1.236,0.2059,0.3579,84193,82827,84193,82827,2025
171248,Wilmington,NC,2012,True,106476,2010,249,1,61,6,194,1,13,1,928,49,1084772,193580,760326,51642,reported,reported,R,R,2.339,1.822,0.1968,0.5571,52278,47030,73306,65947,2025
171248,Wilmington,NC,2013,False,106476,2010,251,1,62,6,198,0,14,2,951,51,1144926,200008,784659,58033,reported,reported,R,R,2.357,1.86,0.1981,0.5521,54737,47555,75646,65720,2025
171248,Wilmington,NC,2014,False,106476,2010,257,2,68,10,203,1,11,1,954,60,1224279,221103,835461,39277,reported,reported,R,R,2.414,1.907,0.2092,0.565,57165,49387,77740,67163,2025
171248,Wilmington,NC,2015,False,106476,2010,244,0,72,12,203,0,12,3,951,63,1174681,241946,893234,44999,reported,reported,R,R,2.292,1.907,0.2278,0.5584,57771,52802,78471,71722,2025
171248,Wilmington,NC,2016,False,106476,2010,249,0,73,12,207,0,12,3,968,63,1225312,252374,931734,46939,imputed,imputed,G,G,2.339,1.944,0.2267,0.5589,59051,54014,79210,72454,2025
171248,Wilmington,NC,2017,True,115933,2010,262,2,75,15,203,0,10,2,980,62,1269319,269525,906101,48424,reported,reported,R,R,2.26,1.751,0.2226,0.5612,58137,53563,76358,70350,2025
171248,Wilmington,NC,2018,False,115933,2010,268,0,72,13,206,0,12,3,996,63,1328534,261264,927234,51416,reported,reported,R,R,2.312,1.777,0.2118,0.5602,59487,54014,76268,69251,2025
171248,Wilmington,NC,2019,False,119045,2010,266,0,72,11,209,0,12,4,1000,59,1339793,271336,1016723,53404,reported,reported,R,R,2.234,1.756,0.213,0.559,60442,58376,76113,73512,2025
171248,Wilmington,NC,2020,False,123744,2010,268,0,69,10,192,0,27,3,1006,55,1382049,265956,930352,108983,reported,reported,R,R,2.166,1.552,0.2047,0.5527,61883,58147,76978,72331,2025
171248,Wilmington,NC,2021,False,123744,2020,249,0,79,9,193,0,14,4,988,51,1333401,305230,976256,68080,reported,reported,R,R,2.012,1.56,0.2409,0.5415,64260,60700,76348,72118,2025
171248,Wilmington,NC,2022,True,124794,2020,236,0,79,10,194,0,14,6,958,43,1277333,294507,934092,69766,reported,reported,R,R,1.891,1.555,0.2508,0.5459,64949,57779,71449,63561,2025
171248,Wilmington,NC,2023,False,117643,2020,247,0,84,11,194,0,29,6,1019,50,1475833,349312,1092168,124678,reported,reported,R,R,2.1,1.649,0.2538,0.5437,71700,67557,75757,71380,2025
171248,Wilmington,NC,2024,False,120324,2020,253,0,78,7,191,0,27,6,1025,50,1556123,337477,1216460,123577,reported,reported,R,R,2.103,1.587,0.2356,0.5356,73808,76427,75750,78438,2025
171248,Wilmington,NC,2025,False,122698,2020,245,0,81,12,211,0,11,5,1043,56,1575099,370355,1263905,62492,reported,reported,R,R,1.997,1.72,0.2485,0.5254,77148,71881,77148,71881,2025
194744,Winston-Salem,NC,2012,True,229617,2010,566,0,148,6,345,0,7,1,2331,247,2192114,457545,1314794,26009,reported,reported,R,R,2.465,1.503,0.2073,0.4573,46476,45732,65170,64127,2025
194744,Winston-Salem,NC,2013,False,229617,2010,540,0,178,6,329,0,25,1,2283,223,2090990,535279,1219409,92886,reported,imputed,R,AR,2.352,1.433,0.2479,0.4696,46466,44477,64215,61467,2025
194744,Winston-Salem,NC,2014,False,229617,2010,551,0,178,9,331,0,21,1,2259,175,2123128,541163,1273033,59675,reported,reported,R,R,2.4,1.442,0.2442,0.4785,46239,46152,62882,62763,2025
194744,Winston-Salem,NC,2015,False,229617,2010,541,0,188,13,324,0,33,1,2263,158,2207579,582122,1283900,93044,reported,reported,R,R,2.356,1.411,0.2579,0.4799,48967,47552,66512,64590,2025
194744,Winston-Salem,NC,2016,False,229617,2010,559,0,160,10,349,0,7,1,2249,179,2308202,517494,1435028,26335,reported,reported,R,R,2.434,1.52,0.2225,0.478,49550,49342,66466,66187,2025
194744,Winston-Salem,NC,2017,True,241218,2010,531,0,160,12,358,0,7,0,2181,65,2321382,544834,1494388,27098,reported,reported,R,R,2.201,1.484,0.2315,0.4842,52461,50091,68903,65790,2025
194744,Winston-Salem,NC,2018,False,241218,2010,529,0,154,16,350,0,26,0,2304,177,2438558,532316,1462254,136114,reported,reported,R,R,2.193,1.451,0.2255,0.4596,55317,50134,70922,64277,2025
194744,Winston-Salem,NC,2019,False,244605,2010,515,0,189,14,354,0,23,0,2266,187,2632038,691855,1647875,79113,reported,reported,R,R,2.105,1.447,0.2685,0.4771,61329,55860,77230,70343,2025
194744,Winston-Salem,NC,2020,False,247945,2010,499,0,160,21,381,0,8,0,2302,190,2590444,695151,1803026,37000,reported,reported,R,R,2.013,1.537,0.2428,0.4553,62295,56788,77491,70640,2025
194744,Winston-Salem,NC,2021,False,247945,2020,472,0,175,17,356,0,10,0,2188,263,2292510,634465,1623384,65743,reported,reported,R,R,1.904,1.436,0.2705,0.463,58284,54721,69248,65015,2025
194744,Winston-Salem,NC,2022,True,248112,2020,399,0,142,4,343,0,8,0,1986,131,2039579,537511,1666247,52727,reported,reported,R,R,1.608,1.382,0.2625,0.4491,61341,58294,67480,64128,2025
194744,Winston-Salem,NC,2023,False,250320,2020,376,0,143,27,359,0,12,0,2129,154,2163379,563252,1948041,81486,reported,reported,R,R,1.502,1.434,0.2755,0.418,69044,65116,72951,68800,2025
194744,Winston-Salem,NC,2024,False,251350,2020,370,0,177,24,350,0,20,0,2147,229,2390574,750251,2021720,152881,reported,reported,R,R,1.472,1.392,0.3236,0.4271,77532,69316,79572,71140,2025
194744,Winston-Salem,NC,2025,False,252975,2020,364,3,202,24,344,0,24,0,2088,211,2365792,1001809,1945773,179618,reported,reported,R,R,1.439,1.36,0.3569,0.4473,77993,67876,77993,67876,2025
171371,Fargo,ND,2012,True,105549,2010,145,1,19,1,109,0,3,0,763,125,804428,65946,532551,16880,reported,reported,R,R,1.374,1.033,0.1159,0.3617,66573,58629,93350,82211,2025
171371,Fargo,ND,2013,False,105549,2010,146,0,21,0,114,0,2,0,777,119,823995,74869,577163,8562,reported,reported,R,R,1.383,1.08,0.1257,0.3642,67726,60754,93596,83961,2025
171371,Fargo,ND,2014,False,105549,2010,144,0,20,3,117,0,2,0,805,114,982215,76129,586135,8802,reported,reported,R,R,1.364,1.108,0.122,0.3516,81851,60116,111311,81753,2025
171371,Fargo,ND,2015,False,105549,2010,148,0,20,2,117,0,3,0,827,105,879277,78773,615862,20099,reported,reported,R,R,1.402,1.108,0.119,0.3482,71293,63165,96838,85798,2025
171371,Fargo,ND,2016,False,105549,2010,150,0,22,2,115,0,3,0,868,322,909547,84546,639373,20693,reported,reported,R,R,1.421,1.09,0.1279,0.3341,72764,66717,97605,89494,2025
171371,Fargo,ND,2017,True,118523,2010,167,1,21,0,117,0,3,0,864,325,986878,89172,660524,21654,reported,reported,R,R,1.409,0.987,0.1117,0.3565,70913,67746,93138,88978,2025
171371,Fargo,ND,2018,False,118523,2010,169,0,24,2,118,0,3,0,901,342,1062264,111976,719698,21288,reported,reported,R,R,1.426,0.996,0.1244,0.3485,75427,73190,96705,93837,2025
171371,Fargo,ND,2019,False,122359,2010,180,0,17,0,117,0,3,0,968,355,1118956,70687,717668,22415,reported,reported,R,R,1.471,0.956,0.0863,0.3275,74597,73607,93938,92692,2025
171371,Fargo,ND,2020,False,124662,2010,184,0,23,0,116,0,3,0,910,251,1206011,99532,795801,26264,reported,reported,R,R,1.476,0.931,0.1111,0.3582,78653,82324,97839,102405,2025
171371,Fargo,ND,2021,False,124662,2020,180,0,21,0,122,0,3,0,1022,268,1229252,94630,826792,24056,reported,reported,R,R,1.444,0.979,0.1045,0.319,81950,81324,97366,96622,2025
171371,Fargo,ND,2022,True,125209,2020,168,0,23,0,121,0,3,0,1003,325,1305775,102519,898415,25265,reported,reported,R,R,1.342,0.966,0.1204,0.3141,93270,89099,102604,98016,2025
171371,Fargo,ND,2023,False,126748,2020,174,0,26,0,119,0,4,0,961,264,1366403,129757,888717,35623,reported,reported,R,R,1.373,0.939,0.13,0.3361,94235,89619,99567,94690,2025
171371,Fargo,ND,2024,False,131444,2020,176,0,34,0,122,0,5,0,1088,316,1345329,217782,897596,44164,reported,reported,R,R,1.339,0.928,0.1619,0.3097,91727,88288,94141,90611,2025
171371,Fargo,ND,2025,False,133188,2020,193,0,26,0,131,0,4,0,1038,286,1536710,155310,1018268,40161,reported,reported,R,R,1.449,0.984,0.1187,0.341,95547,93276,95547,93276,2025
169646,Lincoln,NE,2012,True,258379,2010,319,0,90,11,266,0,36,5,2406,484,1787834,365322,1627183,200152,reported,reported,R,R,1.235,1.029,0.22,0.2955,67254,73407,94305,102933,2025
169646,Lincoln,NE,2013,False,258379,2010,326,0,92,10,272,0,37,4,2443,444,1944481,397331,1769753,217689,imputed,imputed,G,G,1.262,1.053,0.2201,0.2976,71576,78077,98917,107901,2025
169646,Lincoln,NE,2014,False,258379,2010,319,0,90,10,266,0,36,4,2403,448,1891629,386531,1721650,211772,imputed,imputed,G,G,1.235,1.029,0.22,0.2959,71158,77668,96769,105623,2025
169646,Lincoln,NE,2015,False,258379,2010,317,0,130,11,264,0,47,1,2409,435,1842317,580344,1838561,257187,reported,reported,R,R,1.227,1.022,0.2908,0.3147,69741,83571,94730,113515,2025
169646,Lincoln,NE,2016,False,258379,2010,323,0,140,7,270,0,42,6,2438,443,1939072,655606,1939440,207554,reported,reported,R,R,1.25,1.045,0.3024,0.3179,72040,86197,96634,115624,2025
169646,Lincoln,NE,2017,True,277348,2010,329,0,141,9,271,0,32,3,2460,399,2016902,656379,1735661,191179,reported,reported,R,R,1.186,0.977,0.3,0.3142,73565,76856,96621,100943,2025
169646,Lincoln,NE,2018,False,277348,2010,340,0,140,10,272,0,25,3,2472,397,2181554,682974,2014415,170868,reported,reported,R,R,1.226,0.981,0.2917,0.3143,76996,88871,98716,113941,2025
169646,Lincoln,NE,2019,False,284736,2010,339,0,149,8,268,0,36,3,2497,369,2299425,734472,2242376,249375,reported,reported,R,R,1.191,0.941,0.3053,0.3172,81396,100405,102500,126438,2025
169646,Lincoln,NE,2020,False,289102,2010,347,0,143,7,276,0,23,2,2520,385,2420540,716563,1966109,155350,reported,reported,R,R,1.2,0.955,0.2918,0.3131,83707,85483,104126,106335,2025
169646,Lincoln,NE,2021,False,289102,2020,335,0,150,7,268,0,47,2,2519,276,2462942,858100,2282212,316120,reported,reported,R,R,1.159,0.927,0.3093,0.3176,88225,102189,104821,121412,2025
169646,Lincoln,NE,2022,True,290505,2020,335,0,132,0,268,0,36,0,2547,204,2518529,762265,2248743,295250,reported,reported,R,R,1.153,0.923,0.2827,0.3027,90216,100690,99245,110767,2025
169646,Lincoln,NE,2023,False,292657,2020,324,0,132,2,278,0,33,0,2552,81,2706674,751783,2132613,275953,reported,reported,R,R,1.107,0.95,0.2895,0.3005,100247,92055,105919,97264,2025
169646,Lincoln,NE,2024,False,292627,2020,332,0,132,2,280,0,38,0,2632,81,2982534,771567,2744317,343231,reported,reported,R,R,1.135,0.957,0.2845,0.2971,107802,117614,110639,120709,2025
169646,Lincoln,NE,2025,False,294757,2020,353,14,140,0,305,0,28,4,2772,414,3174119,821130,3095654,261930,prorated,reported,T,R,1.198,1.035,0.284,0.298,107902,121796,107902,121796,2025
208698,Omaha,NE,2012,True,408958,2010,773,34,149,27,623,0,0,0,2533,574,5269469,584667,3987924,0,reported,reported,R,R,1.89,1.523,0.1616,0.6099,81803,76814,114706,107711,2025
208698,Omaha,NE,2013,False,408958,2010,788,36,140,25,673,0,5,0,2589,508,5479967,542935,4950931,14176,reported,reported,R,R,1.927,1.646,0.1509,0.6203,83451,88278,115328,121999,2025
208698,Omaha,NE,2014,False,408958,2010,765,40,135,23,649,0,5,0,2533,524,5438403,511491,4703537,14940,reported,reported,R,R,1.871,1.587,0.15,0.6135,85308,86968,116012,118270,2025
208698,Omaha,NE,2015,False,408958,2010,785,41,134,26,630,0,4,0,2566,554,5549443,529755,4711734,14614,reported,reported,R,R,1.92,1.541,0.1458,0.6052,84832,89747,115228,121904,2025
208698,Omaha,NE,2016,False,408958,2010,808,40,140,29,651,0,4,0,2638,549,5716409,560748,4904800,13002,reported,reported,R,R,1.976,1.592,0.1477,0.6077,84897,90411,113880,121276,2025
208698,Omaha,NE,2017,True,443885,2010,832,37,140,29,657,0,6,0,2686,574,6090021,600408,5310322,22298,reported,reported,R,R,1.874,1.48,0.144,0.6087,87837,96992,115366,127390,2025
208698,Omaha,NE,2018,False,443885,2010,846,35,145,25,661,0,6,0,2703,547,6580417,620120,5493477,22750,reported,reported,R,R,1.906,1.489,0.1463,0.6134,93339,99730,119669,127863,2025
208698,Omaha,NE,2019,False,466893,2010,888,41,145,32,670,0,6,1,2781,572,6788497,637918,5727268,23646,reported,reported,R,R,1.902,1.435,0.1404,0.6145,91736,102578,115521,129174,2025
208698,Omaha,NE,2020,False,478192,2010,887,44,146,29,647,0,5,1,2773,572,7150098,712395,5681122,21169,reported,reported,R,R,1.855,1.353,0.1413,0.6076,96732,105369,120328,131072,2025
208698,Omaha,NE,2021,False,478192,2020,853,40,148,29,661,0,5,1,2739,491,7082329,724711,5650897,22267,reported,reported,R,R,1.784,1.382,0.1479,0.6086,99634,102588,118376,121886,2025
208698,Omaha,NE,2022,True,478393,2020,846,44,136,26,666,0,5,1,2736,501,7274287,682073,6021475,22654,reported,reported,CR,R,1.768,1.392,0.1385,0.6042,103181,108495,113507,119353,2025
208698,Omaha,NE,2023,False,487300,2020,832,48,148,26,674,0,6,0,2793,539,7110244,794541,6368394,30834,reported,reported,R,R,1.707,1.383,0.151,0.5943,102552,113384,108355,119800,2025
208698,Omaha,NE,2024,False,485153,2020,802,62,160,29,662,0,8,1,2815,605,7911520,891261,6084257,39796,reported,reported,R,R,1.653,1.365,0.1663,0.5798,118377,110289,121492,113191,2025
208698,Omaha,NE,2025,False,483335,2020,789,76,155,40,683,0,8,1,2838,654,8110154,911850,6871782,41423,reported,reported,R,R,1.632,1.413,0.1642,0.5761,123348,120734,123348,120734,2025
170001,Manchester,NH,2012,True,109565,2010,211,8,61,35,212,0,21,0,3133,464,1475866,284726,1255394,111418,reported,reported,R,R,1.926,1.935,0.2243,0.1612,83936,71060,117697,99642,2025
170001,Manchester,NH,2013,False,109565,2010,214,6,58,37,211,0,16,0,2895,540,1502011,260283,1338962,81352,reported,reported,R,R,1.953,1.926,0.2132,0.1724,84225,76149,116398,105237,2025
170001,Manchester,NH,2014,False,109565,2010,211,8,61,37,215,0,14,1,2915,524,1557498,275098,1393959,68386,reported,reported,R,R,1.926,1.962,0.2243,0.1719,88578,77802,120459,105805,2025
170001,Manchester,NH,2015,False,109565,2010,221,8,58,36,212,0,15,1,2920,547,1548003,264271,1561058,73036,reported,reported,R,R,2.017,1.935,0.2079,0.1733,84054,88362,114172,120023,2025
170001,Manchester,NH,2016,False,109565,2010,232,8,58,37,216,0,15,0,2934,571,1647433,262402,1443422,75689,reported,reported,R,R,2.117,1.971,0.2,0.1776,85212,80190,114303,107566,2025
170001,Manchester,NH,2017,True,110229,2010,231,11,55,33,211,0,15,0,2909,472,1738135,273832,1437333,82890,reported,reported,R,R,2.096,1.914,0.1923,0.176,90293,81744,118592,107363,2025
170001,Manchester,NH,2018,False,110229,2010,233,8,51,34,210,0,15,0,2882,450,1823832,257876,1449582,77717,reported,reported,R,R,2.114,1.905,0.1796,0.1766,93931,82833,120428,106200,2025
170001,Manchester,NH,2019,False,111196,2010,233,15,52,33,212,0,15,0,2882,381,1903883,265125,1467637,82978,reported,reported,R,R,2.095,1.907,0.1825,0.1777,98054,83074,123477,104613,2025
170001,Manchester,NH,2020,False,112673,2010,236,16,53,35,210,0,15,0,2883,262,1931030,279097,1514567,84750,reported,reported,R,R,2.095,1.864,0.1834,0.1783,98188,86547,122139,107658,2025
170001,Manchester,NH,2021,False,112673,2020,222,18,53,1,202,0,18,0,2793,280,1843831,278291,1554012,96556,reported,reported,R,R,1.97,1.793,0.1927,0.1772,99667,92318,118416,109684,2025
170001,Manchester,NH,2022,True,112546,2020,247,15,53,1,196,0,26,0,2784,294,2185451,292963,1394655,172874,reported,reported,R,R,2.195,1.742,0.1767,0.1875,106176,85387,116802,93932,2025
170001,Manchester,NH,2023,False,115462,2020,245,15,56,1,197,0,29,0,2865,306,2254528,321120,1492057,214529,reported,reported,R,R,2.122,1.706,0.186,0.1839,110426,90887,116674,96030,2025
170001,Manchester,NH,2024,False,115141,2020,253,15,58,1,204,0,30,0,2910,332,2380215,339020,1575238,226490,imputed,imputed,G,G,2.197,1.772,0.1865,0.1873,112896,92661,115867,95099,2025
170001,Manchester,NH,2025,False,115474,2020,256,16,59,1,206,0,30,0,3019,363,2559843,364604,1694119,243585,imputed,imputed,G,G,2.217,1.784,0.1873,0.1825,119993,98687,119993,98687,2025
204933,Elizabeth,NJ,2012,True,124969,2010,327,0,83,64,219,0,39,21,1259,250,2695276,302082,1850258,185714,reported,reported,R,R,2.617,1.752,0.2024,0.5306,98909,101384,138693,142163,2025
204933,Elizabeth,NJ,2013,False,124969,2010,323,0,88,68,203,0,42,19,1244,218,3095356,366541,2221740,217915,reported,reported,R,R,2.585,1.624,0.2141,0.5273,114998,131334,158925,181502,2025
204933,Elizabeth,NJ,2014,False,124969,2010,313,0,90,68,227,0,42,12,1309,252,2825574,344724,2031410,203694,reported,reported,R,R,2.505,1.816,0.2233,0.5134,108329,107387,147319,146038,2025
204933,Elizabeth,NJ,2015,False,124969,2010,294,0,84,70,217,0,45,17,1304,278,2936085,375197,2240153,251643,reported,reported,KR,R,2.353,1.736,0.2222,0.4908,119840,123879,162780,168266,2025
204933,Elizabeth,NJ,2016,False,124969,2010,292,0,83,70,215,0,45,17,1296,278,2920824,373247,2228510,250335,imputed,imputed,G,G,2.337,1.72,0.2213,0.49,120034,124382,161012,166845,2025
204933,Elizabeth,NJ,2017,True,129007,2010,302,0,82,85,224,0,51,10,1285,285,3005800,379061,2189856,308494,reported,reported,R,R,2.341,1.736,0.2135,0.5128,119436,117314,156868,154081,2025
204933,Elizabeth,NJ,2018,False,129007,2010,311,0,78,89,248,0,53,2,1315,303,3112978,366285,2295800,378457,reported,reported,R,R,2.411,1.922,0.2005,0.5247,120115,111087,153999,142424,2025
204933,Elizabeth,NJ,2019,False,130215,2010,336,0,85,89,256,0,69,0,1350,308,3134568,404927,2525175,448523,reported,reported,R,R,2.58,1.966,0.2019,0.5526,111949,118368,140975,149058,2025
204933,Elizabeth,NJ,2020,False,129216,2010,323,0,83,82,249,0,63,1,1317,282,2928428,370184,2364944,369910,reported,reported,R,R,2.5,1.927,0.2044,0.5452,108796,113973,135335,141775,2025
204933,Elizabeth,NJ,2021,False,129216,2020,330,0,83,82,253,0,63,1,1320,188,2837310,373146,2195226,348124,reported,reported,C,C,2.554,1.958,0.201,0.5523,103175,104121,122584,123708,2025
204933,Elizabeth,NJ,2022,True,128382,2020,344,0,90,77,273,0,63,0,1374,221,3293712,454507,2612487,392132,reported,reported,R,R,2.68,2.126,0.2074,0.5604,114897,114835,126396,126327,2025
204933,Elizabeth,NJ,2023,False,135407,2020,341,0,96,69,273,0,58,0,1367,253,3124591,445640,2441072,340984,reported,reported,R,R,2.518,2.016,0.2197,0.5618,109956,107300,116178,113371,2025
204933,Elizabeth,NJ,2024,False,134283,2020,349,0,101,62,263,0,60,1,1393,246,3310031,479926,2562085,360893,reported,reported,R,R,2.599,1.959,0.2244,0.5549,113812,116901,116807,119977,2025
204933,Elizabeth,NJ,2025,False,135829,2020,348,0,98,68,256,0,66,0,1386,266,3375591,478661,2623304,395677,reported,reported,R,R,2.562,1.885,0.2197,0.5541,116400,122967,116400,122967,2025
193734,Jersey,NJ,2012,True,247597,2010,802,0,142,188,544,0,49,4,2736,378,7464138,510019,4919392,188332,reported,reported,R,R,3.239,2.197,0.1504,0.5618,111683,108516,156605,152164,2025
193734,Jersey,NJ,2013,False,247597,2010,816,0,144,203,553,0,50,4,2767,400,7842260,535856,5168601,197872,imputed,imputed,G,G,3.296,2.233,0.15,0.5649,115327,112158,159380,155001,2025
193734,Jersey,NJ,2014,False,247597,2010,830,0,146,202,562,0,51,4,2752,387,7985406,545637,5262944,201484,imputed,imputed,G,G,3.352,2.27,0.1496,0.5774,115452,112376,157006,152823,2025
193734,Jersey,NJ,2015,False,247597,2010,840,0,148,214,569,0,52,4,2797,401,8361621,571344,5510896,210976,imputed,imputed,G,G,3.393,2.298,0.1498,0.5753,119452,116223,162253,157867,2025
193734,Jersey,NJ,2016,False,247597,2010,834,0,147,215,565,0,52,4,2776,402,8318161,568374,5482253,209879,imputed,imputed,G,G,3.368,2.282,0.1498,0.5756,119686,116437,160546,156187,2025
193734,Jersey,NJ,2017,True,264290,2010,828,0,146,223,561,0,52,4,2659,405,8416445,575090,5547029,212359,imputed,imputed,G,G,3.133,2.123,0.1499,0.5968,121977,118653,160206,155840,2025
193734,Jersey,NJ,2018,False,264290,2010,849,0,150,203,575,0,53,4,2738,375,8550922,584279,5635659,215752,imputed,imputed,G,G,3.212,2.176,0.1502,0.5942,120861,117614,154955,150792,2025
193734,Jersey,NJ,2019,False,270753,2010,866,0,153,214,586,0,54,4,2790,465,8841435,604130,5827127,223082,imputed,imputed,G,G,3.198,2.164,0.1501,0.5946,122514,119327,154279,150266,2025
193734,Jersey,NJ,2020,False,262075,2010,854,0,151,216,578,0,53,4,2786,487,8669936,592412,5714097,218755,imputed,imputed,G,G,3.259,2.205,0.1502,0.5872,121826,118632,151543,147570,2025
193734,Jersey,NJ,2021,False,262075,2020,852,0,151,176,576,0,53,3,2810,409,8778944,599860,5785941,221505,imputed,imputed,G,G,3.251,2.198,0.1505,0.5808,123647,120540,146907,143215,2025
193734,Jersey,NJ,2022,True,262664,2020,859,0,152,186,581,0,53,3,2785,395,9015647,616033,5941945,227477,imputed,imputed,G,G,3.27,2.212,0.1503,0.5907,125946,122725,138550,135007,2025
193734,Jersey,NJ,2023,False,283927,2020,859,0,152,192,581,0,53,3,2812,467,9346295,638626,6159865,235820,imputed,imputed,G,G,3.025,2.046,0.1503,0.585,130565,127226,137953,134425,2025
193734,Jersey,NJ,2024,False,286670,2020,867,0,153,205,587,0,54,3,2835,497,9808922,670237,6464768,247493,imputed,imputed,G,G,3.024,2.048,0.15,0.5859,135764,132159,139336,135636,2025
193734,Jersey,NJ,2025,False,291657,2020,878,0,155,221,594,0,55,3,2948,512,10320949,705223,6802230,260412,imputed,imputed,G,G,3.01,2.037,0.15,0.5706,141061,137419,141061,137419,2025
130835,Newark,NJ,2012,True,277140,2010,1075,0,121,128,550,0,46,0,3704,280,8466049,544681,4724770,211280,reported,reported,CR,CR,3.879,1.985,0.1012,0.4838,94505,103086,132518,144550,2025
130835,Newark,NJ,2013,False,277140,2010,1013,0,146,122,557,0,48,0,3563,283,7816831,460301,4353973,195494,reported,reported,R,R,3.655,2.01,0.126,0.4951,92598,93802,127969,129633,2025
130835,Newark,NJ,2014,False,277140,2010,1044,0,84,129,606,0,53,0,3667,249,5025862,214274,2610760,108152,reported,reported,R,R,3.767,2.187,0.0745,0.4873,57769,51698,78561,70305,2025
130835,Newark,NJ,2015,False,277140,2010,1056,0,85,137,613,0,54,0,3662,261,5262645,224369,2733760,113247,imputed,imputed,G,G,3.81,2.212,0.0745,0.4937,59803,53516,81231,72691,2025
130835,Newark,NJ,2016,False,277140,2010,1048,0,84,137,608,0,54,0,3634,261,5235292,223203,2719551,112658,imputed,imputed,G,G,3.781,2.194,0.0742,0.4937,59946,53675,80411,71999,2025
130835,Newark,NJ,2017,True,281944,2010,1040,0,83,142,603,0,54,0,3628,311,5297150,225840,2751684,113989,imputed,imputed,G,G,3.689,2.139,0.0739,0.4906,61121,54760,80277,71922,2025
130835,Newark,NJ,2018,False,281944,2010,1242,0,99,163,686,0,7,0,3976,292,4913718,209493,2568670,39955,prorated,prorated,T,T,4.405,2.433,0.0738,0.5116,47476,44933,60869,57608,2025
130835,Newark,NJ,2019,False,285154,2010,1214,0,97,159,671,0,7,0,3930,269,5223767,222712,2730749,42476,prorated,reported,T,CR,4.257,2.353,0.074,0.5061,51635,48836,65023,61498,2025
130835,Newark,NJ,2020,False,282011,2010,1197,0,96,161,662,0,7,0,3889,282,11342546,483582,5929370,41652,imputed,imputed,G,G,4.245,2.347,0.0742,0.5045,113710,107481,141447,133699,2025
130835,Newark,NJ,2021,False,282011,2020,1194,0,96,131,660,0,7,0,3863,226,11485157,489663,6003921,42176,imputed,imputed,G,G,4.234,2.34,0.0744,0.5066,115429,109162,137143,129697,2025
130835,Newark,NJ,2022,True,282520,2020,1204,0,96,139,665,0,7,0,3844,257,11794827,502864,6165800,43313,imputed,imputed,G,G,4.262,2.354,0.0738,0.513,117556,111263,129321,122398,2025
130835,Newark,NJ,2023,False,307220,2020,1204,0,96,144,665,0,7,0,3852,242,12227401,521307,6391930,44901,imputed,imputed,G,G,3.919,2.165,0.0738,0.5119,121868,115343,128764,121869,2025
130835,Newark,NJ,2024,False,305344,2020,1259,0,101,150,696,0,7,0,3904,260,12871236,548758,6728499,47266,prorated,prorated,T,T,4.123,2.279,0.0743,0.5284,122681,116009,125909,119062,2025
130835,Newark,NJ,2025,False,304960,2020,1242,0,100,148,687,0,7,0,3787,263,13144484,560408,6871341,48269,prorated,prorated,T,T,4.073,2.253,0.0745,0.5376,127000,120023,127000,120023,2025
184046,Paterson,NJ,2012,True,146199,2010,356,0,71,98,302,0,29,3,1397,213,3303942,199667,2457966,92954,reported,reported,R,R,2.435,2.066,0.1663,0.5426,111369,97668,156165,136953,2025
184046,Paterson,NJ,2013,False,146199,2010,360,0,72,92,329,0,35,3,1412,269,3105795,203781,2552999,103841,reported,reported,R,R,2.462,2.25,0.1667,0.5637,103526,93119,143071,128689,2025
184046,Paterson,NJ,2014,False,146199,2010,380,0,89,108,339,0,34,3,1483,292,3221894,233009,2618400,105168,reported,reported,R,R,2.599,2.319,0.1898,0.5678,101744,92687,138364,126047,2025
184046,Paterson,NJ,2015,False,146199,2010,392,0,81,112,325,0,33,3,1426,285,3979873,230711,2624086,99621,reported,reported,R,R,2.681,2.223,0.1712,0.5827,121833,96889,165487,131605,2025
184046,Paterson,NJ,2016,False,146199,2010,389,0,80,112,323,0,33,3,1418,285,3959187,229512,2610447,99103,imputed,imputed,G,G,2.661,2.209,0.1706,0.5818,122134,96983,163829,130092,2025
184046,Paterson,NJ,2017,True,147754,2010,386,0,79,116,321,0,33,3,1425,334,4005967,232224,2641291,100274,imputed,imputed,G,G,2.612,2.173,0.1699,0.5747,124538,98740,163569,129686,2025
184046,Paterson,NJ,2018,False,147754,2010,396,0,81,106,329,0,34,3,1446,256,4069974,235934,2683493,101876,imputed,imputed,G,G,2.68,2.227,0.1698,0.5809,123333,97878,158125,125489,2025
184046,Paterson,NJ,2019,False,148678,2010,404,0,83,112,336,0,35,3,1464,295,4208249,243950,2774663,105337,imputed,imputed,G,G,2.717,2.26,0.1704,0.5861,124997,99095,157406,124788,2025
184046,Paterson,NJ,2020,False,145233,2010,410,0,84,114,341,0,35,3,1481,297,4395148,254784,2897893,110015,prorated,prorated,T,T,2.823,2.348,0.17,0.5874,128638,101979,160017,126855,2025
184046,Paterson,NJ,2021,False,145233,2020,409,0,84,93,340,0,35,2,1486,218,4450409,257989,2934329,111399,imputed,imputed,G,G,2.816,2.341,0.1704,0.5841,130574,103565,155137,123047,2025
184046,Paterson,NJ,2022,True,144801,2020,412,0,84,98,343,0,35,2,1495,225,4570403,264944,3013446,114401,imputed,imputed,G,G,2.845,2.369,0.1694,0.5846,133119,105427,146441,115978,2025
184046,Paterson,NJ,2023,False,157794,2020,412,0,84,101,343,0,35,2,1489,236,4738022,274660,3123963,118597,imputed,imputed,G,G,2.611,2.174,0.1694,0.587,138001,109293,145810,115477,2025
184046,Paterson,NJ,2024,False,156661,2020,416,0,85,108,346,0,35,2,1503,255,4972546,288256,3278593,124467,imputed,imputed,G,G,2.655,2.209,0.1697,0.5868,143439,113708,147213,116700,2025
184046,Paterson,NJ,2025,False,156452,2020,421,0,86,117,350,0,35,2,1523,265,5232114,303302,3449735,130964,imputed,imputed,G,G,2.691,2.237,0.1696,0.5857,149134,118277,149134,118277,2025
170378,Albuquerque,NM,2012,True,545852,2010,1038,0,361,149,667,0,32,0,5903,933,7609865,2055547,4515719,186301,imputed,imputed,G,G,1.902,1.222,0.258,0.3554,87975,81242,123361,113920,2025
170378,Albuquerque,NM,2013,False,545852,2010,1039,0,361,156,668,0,32,0,5913,972,7744880,2092017,4595837,189606,imputed,imputed,G,G,1.903,1.224,0.2579,0.3551,89450,82560,123619,114097,2025
170378,Albuquerque,NM,2014,False,545852,2010,1046,0,363,165,673,0,32,0,5988,1005,7959091,2149879,4722951,194850,imputed,imputed,G,G,1.916,1.233,0.2576,0.353,91309,84213,124173,114523,2025
170378,Albuquerque,NM,2015,False,545852,2010,1060,0,368,161,682,0,32,0,6077,975,8254976,2229802,4898530,202094,imputed,imputed,G,G,1.942,1.249,0.2577,0.3525,93453,86191,126938,117074,2025
170378,Albuquerque,NM,2016,False,545852,2010,1080,0,375,167,695,0,33,0,6193,1011,8811583,2380151,5228823,215721,imputed,imputed,G,G,1.979,1.273,0.2577,0.3525,97906,90282,131330,121103,2025
170378,Albuquerque,NM,2017,True,559121,2010,854,80,609,14,526,0,220,0,6217,879,5469846,2804330,3095535,1548097,imputed,imputed,G,G,1.527,0.941,0.4163,0.3553,76860,70621,100949,92754,2025
170378,Albuquerque,NM,2018,False,559121,2010,792,100,535,7,458,0,223,0,5897,810,5035718,2262435,2968888,1427165,reported,reported,R,R,1.417,0.819,0.4032,0.3405,76299,77787,97823,99730,2025
170378,Albuquerque,NM,2019,False,558545,2010,850,115,562,6,444,0,231,0,6080,869,5771976,2713939,2810495,1760559,reported,reported,R,R,1.522,0.795,0.398,0.3433,81487,75959,102615,95653,2025
170378,Albuquerque,NM,2020,False,560513,2010,855,80,610,14,527,0,220,0,6222,872,5992986,3072538,3391595,1696158,reported,reported,R,R,1.525,0.94,0.4164,0.3555,84112,77228,104630,96066,2025
170378,Albuquerque,NM,2021,False,560513,2020,833,78,594,14,513,0,214,0,6076,857,5987033,3069486,3388226,1694473,prorated,prorated,T,T,1.486,0.915,0.4163,0.3545,86248,79257,102472,94166,2025
170378,Albuquerque,NM,2022,True,562540,2020,833,78,594,14,513,0,214,0,6079,846,6302406,3231174,3566704,1783731,prorated,prorated,T,T,1.481,0.912,0.4163,0.3543,90791,83432,99877,91782,2025
170378,Albuquerque,NM,2023,False,562599,2020,1026,10,551,0,506,0,263,0,6339,756,6749610,3634405,3342630,2172580,reported,prorated,R,T,1.824,0.899,0.3494,0.3701,78943,79272,83410,83757,2025
170378,Albuquerque,NM,2024,False,561008,2020,1127,3,460,4,542,0,259,0,6506,672,9091274,2696546,3524229,2227612,reported,reported,R,R,2.009,0.966,0.2899,0.367,96801,78027,99348,80080,2025
170378,Albuquerque,NM,2025,False,560274,2020,1259,5,472,4,511,0,265,0,6752,660,10166494,2921746,3809180,2475818,reported,reported,R,R,2.247,0.912,0.2727,0.3713,96901,89452,96901,89452,2025
208793,Las Cruces,NM,2012,True,97618,2010,179,0,69,12,133,0,4,0,1268,140,806021,190298,550642,15063,reported,reported,R,R,1.834,1.362,0.2782,0.3036,54035,49682,75769,69665,2025
208793,Las Cruces,NM,2013,False,97618,2010,179,0,69,13,133,0,4,0,1268,147,820983,193830,560863,15342,imputed,imputed,G,G,1.834,1.362,0.2782,0.3036,55038,50604,76062,69934,2025
208793,Las Cruces,NM,2014,False,97618,2010,180,0,69,14,134,0,4,0,1275,155,843690,199191,576376,15766,imputed,imputed,G,G,1.844,1.373,0.2771,0.3035,56246,51616,76490,70194,2025
208793,Las Cruces,NM,2015,False,97618,2010,195,0,79,32,116,0,16,0,1277,202,1034840,246578,580657,98735,reported,reported,R,R,1.998,1.188,0.2883,0.3179,63682,60068,86500,81591,2025
208793,Las Cruces,NM,2016,False,97618,2010,186,0,80,28,113,0,18,0,1280,219,1017145,242041,595636,110821,reported,reported,R,R,1.905,1.158,0.3008,0.3102,65622,63253,88025,84847,2025
208793,Las Cruces,NM,2017,True,101643,2010,243,0,44,30,128,0,17,0,1335,195,1223506,151803,654762,109490,reported,reported,R,R,2.391,1.259,0.1533,0.3236,60420,61384,79356,80622,2025
208793,Las Cruces,NM,2018,False,101643,2010,238,39,44,0,137,0,16,0,1368,196,1268755,159577,777593,112008,reported,reported,R,R,2.342,1.348,0.156,0.318,63971,68110,82017,87323,2025
208793,Las Cruces,NM,2019,False,101712,2010,230,37,42,4,153,0,18,0,1404,225,1269675,159639,804248,127083,prorated,reported,T,R,2.261,1.504,0.1544,0.3155,66244,63078,83420,79433,2025
208793,Las Cruces,NM,2020,False,103432,2010,138,4,99,1,158,1,19,0,1411,198,756523,461373,804067,127054,imputed,prorated,X,T,1.334,1.528,0.4177,0.2934,65785,61068,81832,75964,2025
208793,Las Cruces,NM,2021,False,103432,2020,140,4,100,1,153,0,15,0,1336,205,797162,486513,804248,110583,reported,reported,R,R,1.354,1.479,0.4167,0.3054,68328,63078,81181,74944,2025
208793,Las Cruces,NM,2022,True,105096,2020,153,26,109,3,141,0,18,0,1396,159,895875,552435,894844,142910,reported,reported,R,R,1.456,1.342,0.416,0.3016,70265,76157,77297,83779,2025
208793,Las Cruces,NM,2023,False,112914,2020,139,24,99,3,152,1,19,0,1432,197,755565,463206,958981,153153,prorated,prorated,T,T,1.231,1.346,0.416,0.2856,65229,75709,68920,79993,2025
208793,Las Cruces,NM,2024,False,113888,2020,143,24,102,3,156,1,20,0,1473,198,840762,515437,1067117,170423,imputed,imputed,G,G,1.256,1.37,0.4163,0.2858,70553,82086,72409,84246,2025
208793,Las Cruces,NM,2025,False,114892,2020,140,24,101,3,159,1,20,0,1495,201,844839,531843,1141292,182269,imputed,imputed,G,G,1.219,1.384,0.4191,0.2809,72415,86135,72415,86135,2025
170404,Rio Rancho,NM,2012,True,87521,2010,121,0,51,19,97,0,0,0,594,71,525694,169422,475823,0,reported,reported,R,R,1.383,1.108,0.2965,0.4529,52135,58865,73105,82542,2025
170404,Rio Rancho,NM,2013,False,87521,2010,121,0,51,20,97,0,0,0,594,74,534952,172406,484203,0,imputed,imputed,G,G,1.383,1.108,0.2965,0.4529,53053,59901,73318,82782,2025
170404,Rio Rancho,NM,2014,False,87521,2010,122,0,51,21,98,0,0,0,597,78,549748,177174,497595,0,imputed,imputed,G,G,1.394,1.12,0.2948,0.4539,54074,60930,73537,82860,2025
170404,Rio Rancho,NM,2015,False,87521,2010,131,0,79,19,89,0,17,0,619,68,622573,248219,426288,95735,reported,reported,R,CR,1.497,1.017,0.3762,0.5105,57030,57477,77465,78072,2025
170404,Rio Rancho,NM,2016,False,87521,2010,127,0,81,18,89,0,14,0,619,59,600238,263595,548406,93476,reported,reported,R,R,1.451,1.017,0.3894,0.5024,56715,73942,76077,99185,2025
170404,Rio Rancho,NM,2017,True,94171,2010,134,0,78,17,86,0,16,0,631,59,739587,256124,547786,116345,reported,reported,R,R,1.423,0.913,0.3679,0.4976,66232,76435,86990,100390,2025
170404,Rio Rancho,NM,2018,False,94171,2010,123,0,94,0,93,0,12,0,631,51,690669,262141,574152,82091,reported,reported,R,R,1.306,0.988,0.4332,0.5103,67382,74084,86390,94983,2025
170404,Rio Rancho,NM,2019,False,96159,2010,122,0,91,0,97,0,11,0,623,42,714500,272643,696644,80922,reported,reported,R,R,1.269,1.009,0.4272,0.5152,70279,86183,88501,108528,2025
170404,Rio Rancho,NM,2020,False,99178,2010,132,0,74,18,98,0,21,0,626,68,762066,273999,628525,124887,reported,reported,R,R,1.331,0.988,0.3592,0.5192,69279,76962,86178,95735,2025
170404,Rio Rancho,NM,2021,False,99178,2020,137,0,59,17,92,0,19,0,611,54,819182,216267,579155,113400,reported,reported,R,R,1.381,0.928,0.301,0.5025,71753,75542,85251,89752,2025
170404,Rio Rancho,NM,2022,True,99885,2020,135,0,51,17,102,0,16,0,607,50,869327,216498,761591,129311,reported,reported,R,R,1.352,1.021,0.2742,0.5008,77274,89599,85007,98566,2025
170404,Rio Rancho,NM,2023,False,105834,2020,140,0,60,14,97,0,19,0,625,51,994297,288723,622946,159663,reported,reported,R,R,1.323,0.917,0.3,0.5056,85225,77065,90047,81426,2025
170404,Rio Rancho,NM,2024,False,108082,2020,140,0,54,13,96,0,42,0,664,53,1072124,292616,605170,277428,reported,reported,R,R,1.295,0.888,0.2784,0.5,91896,75646,94314,77636,2025
170404,Rio Rancho,NM,2025,False,110660,2020,140,0,57,15,104,0,42,0,696,53,1195097,340854,711801,325599,reported,reported,R,R,1.265,0.94,0.2893,0.4928,102437,82131,102437,82131,2025
169987,Henderson,NV,2012,True,257729,2010,326,0,124,183,197,0,24,8,1834,884,2586106,591008,1792830,222562,reported,reported,CR,R,1.265,0.764,0.2756,0.3659,95194,109208,133484,153134,2025
169987,Henderson,NV,2013,False,257729,2010,319,0,125,184,190,0,24,7,1813,937,2618418,812399,1717280,225627,reported,reported,R,R,1.238,0.737,0.2815,0.3629,98498,108460,136123,149890,2025
169987,Henderson,NV,2014,False,257729,2010,317,0,129,179,204,0,28,9,1844,989,2660276,794187,1794143,262229,reported,reported,CR,R,1.23,0.792,0.2892,0.3677,100704,105538,136950,143524,2025
169987,Henderson,NV,2015,False,257729,2010,332,0,133,13,199,0,27,9,1872,771,2921150,872573,1890376,258606,reported,reported,R,R,1.288,0.772,0.286,0.3691,105584,113993,143416,154838,2025
169987,Henderson,NV,2016,False,257729,2010,346,0,136,14,208,0,32,9,1916,753,3219098,909363,1890595,299148,reported,reported,R,R,1.342,0.807,0.2822,0.3768,111645,109073,149759,146309,2025
169987,Henderson,NV,2017,True,285667,2010,348,0,140,19,215,0,32,9,1948,778,3365856,963538,2345524,364122,imputed,reported,RX,R,1.218,0.753,0.2869,0.3773,116064,130913,152440,171942,2025
169987,Henderson,NV,2018,False,285667,2010,370,0,134,19,231,0,30,19,1992,830,3311181,927839,2320738,281728,reported,reported,R,R,1.295,0.809,0.2659,0.384,107390,120558,137684,154567,2025
169987,Henderson,NV,2019,False,302539,2010,358,0,137,14,237,0,33,32,2026,829,3162175,976482,2403459,256154,reported,reported,R,CR,1.183,0.783,0.2768,0.3776,105995,121694,133477,153246,2025
169987,Henderson,NV,2020,False,320189,2010,352,0,124,21,247,0,37,13,2065,800,3080636,893263,2456475,349591,reported,reported,R,R,1.099,0.771,0.2605,0.368,105022,119343,130640,148454,2025
169987,Henderson,NV,2021,False,320189,2020,364,0,137,16,257,0,25,20,2087,849,3304142,992899,2701628,252703,reported,reported,R,R,1.137,0.803,0.2735,0.3752,108928,126146,129419,149876,2025
169987,Henderson,NV,2022,True,329172,2020,353,0,141,16,266,0,27,9,2117,728,3365260,1048971,2734313,269884,reported,reported,R,R,1.072,0.808,0.2854,0.3718,114400,123352,125849,135697,2025
169987,Henderson,NV,2023,False,322178,2020,379,0,140,15,291,0,27,10,2206,792,3925678,1126881,3282955,292354,reported,reported,CR,R,1.176,0.903,0.2697,0.3794,124296,135380,131329,143040,2025
169987,Henderson,NV,2024,False,331415,2020,407,0,157,17,336,0,28,10,2367,861,4209481,1299427,3703408,305383,reported,reported,R,R,1.228,1.014,0.2784,0.3921,124112,132265,127378,135745,2025
169987,Henderson,NV,2025,False,337305,2020,388,0,159,17,320,0,32,11,2391,815,4517271,1412153,3608573,396160,imputed,reported,RX,R,1.15,0.949,0.2907,0.376,139709,135321,139709,135321,2025
169988,Las Vegas,NV,2012,True,583756,2010,47,0,0,0,529,0,88,6,2332,602,380206,0,4833788,653068,reported,reported,R,R,0.081,0.906,0.0,0.2847,97074,109651,136120,153756,2025
169988,Las Vegas,NV,2013,False,583756,2010,50,0,0,0,537,1,89,8,2346,620,385548,0,5221460,681432,reported,reported,R,R,0.086,0.92,0.0,0.2882,92532,116681,127878,161251,2025
169988,Las Vegas,NV,2014,False,583756,2010,55,0,0,0,557,1,93,9,2414,611,389302,0,5379341,710323,reported,reported,R,R,0.094,0.954,0.0,0.292,84939,115892,115511,157604,2025
169988,Las Vegas,NV,2015,False,583756,2010,53,0,0,0,579,1,96,8,2470,597,395071,0,5360542,820220,reported,reported,R,R,0.091,0.992,0.0,0.2947,89450,111099,121501,150907,2025
169988,Las Vegas,NV,2016,False,583756,2010,56,0,0,0,590,0,102,8,2554,606,426987,0,5899428,787269,reported,reported,R,R,0.096,1.011,0.0,0.2929,91497,119988,122733,160951,2025
169988,Las Vegas,NV,2017,True,623747,2010,62,0,0,0,596,0,102,10,2601,640,489122,0,5848356,793941,reported,reported,R,R,0.099,0.956,0.0,0.2922,94669,117752,124339,154657,2025
169988,Las Vegas,NV,2018,False,623747,2010,72,0,0,0,623,0,103,18,2714,664,576813,0,5980648,839779,reported,reported,R,R,0.115,0.999,0.0,0.294,96136,115197,123255,147693,2025
169988,Las Vegas,NV,2019,False,641676,2010,82,0,0,0,624,0,109,18,2719,712,602253,0,6223642,924320,reported,reported,R,R,0.128,0.972,0.0,0.2997,88135,119685,110986,150717,2025
169988,Las Vegas,NV,2020,False,651319,2010,95,0,0,0,626,0,112,21,2694,732,645316,0,6064636,951432,reported,reported,R,R,0.146,0.961,0.0,0.3092,81514,116255,101398,144613,2025
169988,Las Vegas,NV,2021,False,651319,2020,89,0,0,0,615,0,115,17,2591,446,606457,0,5975795,937351,reported,reported,R,R,0.137,0.944,0.0,0.3161,81769,116601,97151,138535,2025
169988,Las Vegas,NV,2022,True,662368,2020,91,0,0,0,578,0,165,15,2605,652,613058,0,6251287,1172757,reported,reported,R,R,0.137,0.873,0.0,0.3202,80843,129785,88934,142773,2025
169988,Las Vegas,NV,2023,False,646790,2020,93,0,0,0,594,0,188,8,2749,700,729731,0,6494710,1341921,reported,reported,R,R,0.144,0.918,0.0,0.3183,94159,131206,99487,138630,2025
169988,Las Vegas,NV,2024,False,656274,2020,97,0,0,0,599,0,166,6,2814,715,762436,0,6817989,1349262,reported,reported,R,R,0.148,0.913,0.0,0.3063,94322,136587,96804,140181,2025
169988,Las Vegas,NV,2025,False,660929,2020,109,0,0,0,609,0,154,15,2797,755,1098923,0,6862809,1328301,reported,reported,R,R,0.165,0.921,0.0,0.3118,120982,135228,120982,135228,2025
208734,North Las Vegas,NV,2012,True,216961,2010,307,0,73,103,160,0,15,0,1237,435,2500843,459839,1599492,125951,reported,reported,R,R,1.415,0.737,0.1921,0.4487,97753,119962,137072,168214,2025
208734,North Las Vegas,NV,2013,False,216961,2010,299,0,65,98,155,0,13,0,1075,379,2498154,442922,1322157,98871,reported,reported,R,R,1.378,0.714,0.1786,0.4949,100260,102361,138558,141461,2025
208734,North Las Vegas,NV,2014,False,216961,2010,293,0,76,109,153,0,14,0,1012,394,2434140,459176,1371839,118566,reported,reported,R,R,1.35,0.705,0.206,0.5296,99692,107595,135574,146321,2025
208734,North Las Vegas,NV,2015,False,216961,2010,312,0,54,104,143,0,13,0,979,418,2564637,351456,1473452,106257,reported,reported,R,R,1.438,0.659,0.1475,0.5332,98640,123646,133984,167950,2025
208734,North Las Vegas,NV,2016,False,216961,2010,334,0,57,92,150,0,4,0,987,354,2784785,365652,1413472,38199,reported,reported,R,R,1.539,0.691,0.1458,0.5522,100052,113078,134209,151682,2025
208734,North Las Vegas,NV,2017,True,234807,2010,312,0,56,0,161,0,12,1,1047,242,2570713,416259,1617928,101273,reported,reported,R,R,1.329,0.686,0.1522,0.5167,98874,120591,129862,158385,2025
208734,North Las Vegas,NV,2018,False,234807,2010,322,0,53,0,165,0,12,0,1078,230,2645663,336704,1491075,100643,prorated,reported,RT,R,1.371,0.703,0.1413,0.5121,98596,108442,126409,139033,2025
208734,North Las Vegas,NV,2019,False,242975,2010,309,0,88,0,161,0,13,1,1051,198,2854657,569450,1534073,116370,reported,reported,R,R,1.272,0.663,0.2217,0.5433,110860,114341,139603,143987,2025
208734,North Las Vegas,NV,2020,False,251974,2010,347,4,100,0,160,0,36,4,1198,195,2850397,673169,1470857,316032,reported,reported,R,R,1.377,0.635,0.2237,0.5367,98573,110314,122618,137223,2025
208734,North Las Vegas,NV,2021,False,251974,2020,321,0,78,0,178,8,6,0,1193,212,2665513,477520,1612295,28507,reported,reported,R,CR,1.274,0.706,0.1955,0.4887,99645,108694,118390,129141,2025
208734,North Las Vegas,NV,2022,True,260098,2020,319,0,77,0,177,8,5,0,1175,213,2760676,494567,1669855,29524,imputed,imputed,G,G,1.226,0.681,0.1944,0.4919,103850,113211,114243,124541,2025
208734,North Las Vegas,NV,2023,False,274133,2020,329,0,80,0,183,8,6,0,1227,219,3190785,571622,1930018,34125,prorated,prorated,T,T,1.2,0.668,0.1956,0.4874,116381,126559,122966,133720,2025
208734,North Las Vegas,NV,2024,False,280543,2020,336,0,82,0,187,9,6,0,1254,247,3366341,603072,2036206,36003,imputed,imputed,G,G,1.198,0.667,0.1962,0.4872,120226,130666,123389,134104,2025
208734,North Las Vegas,NV,2025,False,284771,2020,341,0,83,0,190,9,6,0,1272,249,3574836,640422,2162319,38233,imputed,imputed,G,G,1.197,0.667,0.1958,0.4874,125801,136568,125801,136568,2025
169993,Reno,NV,2012,True,225221,2010,287,0,56,14,255,0,9,0,1056,309,2269676,284441,2064487,54385,reported,reported,R,R,1.274,1.132,0.1633,0.5748,94899,97152,133070,136229,2025
169993,Reno,NV,2013,False,225221,2010,287,0,56,15,255,0,9,0,1056,323,2309647,289450,2100845,55343,imputed,imputed,G,G,1.274,1.132,0.1633,0.5748,96571,98863,133460,136627,2025
169993,Reno,NV,2014,False,225221,2010,289,0,56,16,257,0,9,0,1061,342,2373528,297456,2158951,56874,imputed,imputed,G,G,1.283,1.141,0.1623,0.5759,98555,100807,134027,137090,2025
169993,Reno,NV,2015,False,225221,2010,293,0,57,16,260,0,9,0,1076,333,2461766,308514,2239212,58988,imputed,imputed,G,G,1.301,1.154,0.1629,0.5753,100823,103348,136949,140379,2025
169993,Reno,NV,2016,False,225221,2010,300,0,58,15,266,0,9,0,1101,322,2496718,312894,2271005,59826,prorated,prorated,T,T,1.332,1.181,0.162,0.5749,99869,102451,133963,137427,2025
169993,Reno,NV,2017,True,241445,2010,299,0,58,16,265,0,9,0,1099,333,2566667,321660,2334630,61502,imputed,imputed,G,G,1.238,1.098,0.1625,0.5742,103010,105719,135294,138852,2025
169993,Reno,NV,2018,False,241445,2010,303,0,59,16,268,0,9,0,1114,333,2635806,330325,2397518,63159,imputed,imputed,G,G,1.255,1.11,0.163,0.5736,104388,107352,133835,137635,2025
169993,Reno,NV,2019,False,248853,2010,341,0,51,6,251,0,7,2,1178,330,2910065,327621,2413432,39804,reported,reported,R,R,1.37,1.009,0.1301,0.5518,102407,115383,128959,145299,2025
169993,Reno,NV,2020,False,255601,2010,346,0,53,4,227,0,31,1,1195,351,3318349,369374,2127884,262940,reported,reported,R,R,1.354,0.888,0.1328,0.5498,115087,112487,143160,139926,2025
169993,Reno,NV,2021,False,255601,2020,346,0,52,8,228,0,33,0,1217,269,3168514,358322,2296049,285954,reported,reported,R,R,1.354,0.892,0.1307,0.5415,109891,120845,130563,143578,2025
169993,Reno,NV,2022,True,259290,2020,330,0,51,8,268,0,26,0,1229,265,3170912,354459,2605914,218136,imputed,reported,RX,R,1.273,1.034,0.1339,0.5492,115306,116683,126845,128360,2025
169993,Reno,NV,2023,False,268851,2020,412,5,58,4,284,0,27,0,1350,362,4080982,418972,2887690,236878,imputed,imputed,TX,RX,1.532,1.056,0.1234,0.5785,118864,122015,125590,128919,2025
169993,Reno,NV,2024,False,273448,2020,415,5,58,0,282,0,27,0,1412,329,4401064,451831,3214963,263725,imputed,imputed,X,X,1.518,1.031,0.1226,0.5538,127260,136807,130609,140407,2025
169993,Reno,NV,2025,False,274915,2020,421,5,59,0,286,0,27,0,1431,333,4727628,485357,3453517,283294,reported,prorated,R,T,1.531,1.04,0.1229,0.5542,134754,144903,134754,144903,2025
108910,Sparks,NV,2012,True,90264,2010,105,0,40,0,85,0,3,0,436,165,733580,174209,637601,12785,reported,reported,R,R,1.163,0.942,0.2759,0.5344,83838,90014,117560,126220,2025
108910,Sparks,NV,2013,False,90264,2010,100,1,47,1,87,0,3,0,456,177,697742,250315,682581,12983,reported,reported,R,R,1.108,0.964,0.3197,0.5197,83729,94149,115712,130112,2025
108910,Sparks,NV,2014,False,90264,2010,99,1,46,1,86,0,3,0,443,166,767033,277118,758439,14754,reported,reported,R,R,1.097,0.953,0.3172,0.5282,92974,105829,126438,143919,2025
108910,Sparks,NV,2015,False,90264,2010,105,1,39,1,82,0,3,0,448,155,753245,220831,812813,14754,reported,reported,R,R,1.163,0.908,0.2708,0.5112,86085,118948,116930,161568,2025
108910,Sparks,NV,2016,False,90264,2010,102,0,36,1,84,0,3,0,468,162,783676,163762,682954,16171,reported,reported,R,R,1.13,0.931,0.2609,0.4808,92197,97565,123672,130873,2025
108910,Sparks,NV,2017,True,96094,2010,104,0,6,1,82,0,3,0,434,171,835085,34027,763557,15427,reported,reported,R,R,1.082,0.853,0.0545,0.4493,96356,111740,126555,146760,2025
108910,Sparks,NV,2018,False,96094,2010,103,1,50,0,84,0,3,0,483,174,850231,304845,726149,16219,reported,reported,R,R,1.072,0.874,0.3268,0.4969,99056,103736,126999,132999,2025
108910,Sparks,NV,2019,False,100888,2010,106,0,54,0,86,0,3,0,486,168,922430,351242,797923,16974,reported,reported,R,R,1.051,0.852,0.3375,0.5123,104426,111338,131501,140205,2025
108910,Sparks,NV,2020,False,105006,2010,108,0,57,0,88,0,4,0,503,138,1012475,380529,875621,25346,reported,reported,R,R,1.029,0.838,0.3455,0.5109,112497,119403,139938,148529,2025
108910,Sparks,NV,2021,False,105006,2020,112,0,56,0,87,0,4,0,502,100,1021382,376431,839867,33962,reported,reported,R,R,1.067,0.829,0.3333,0.5159,109434,115844,130020,137636,2025
108910,Sparks,NV,2022,True,106900,2020,119,0,55,0,85,0,3,0,508,109,1405684,401280,938910,19180,reported,reported,R,R,1.113,0.795,0.3161,0.5157,141750,132552,155936,145817,2025
108910,Sparks,NV,2023,False,109796,2020,106,0,72,3,85,0,3,0,519,115,1296076,666564,965881,19976,reported,reported,R,R,0.965,0.774,0.4045,0.5125,146726,136360,155028,144076,2025
108910,Sparks,NV,2024,False,109226,2020,106,0,74,5,94,0,4,0,539,166,1348527,734114,1181412,27534,reported,reported,R,R,0.97,0.861,0.4111,0.5158,152663,150819,156680,154787,2025
108910,Sparks,NV,2025,False,110323,2020,100,0,80,2,98,0,3,0,556,147,1241175,762830,1171946,19587,reported,reported,R,CR,0.906,0.888,0.4444,0.5054,148941,143504,148941,143504,2025
170440,Albany,NY,2012,True,97856,2010,339,0,115,51,236,0,28,1,1401,150,2191138,385051,1465122,99018,reported,reported,R,R,3.464,2.412,0.2533,0.5125,77562,74498,108760,104463,2025
170440,Albany,NY,2013,False,97856,2010,332,0,119,52,238,0,7,1,1374,112,2383077,401059,1388230,30139,reported,reported,R,R,3.393,2.432,0.2639,0.5066,86135,69995,119037,96732,2025
170440,Albany,NY,2014,False,97856,2010,333,0,119,51,238,0,7,1,1351,111,2421238,407481,1410461,30622,imputed,imputed,G,G,3.403,2.432,0.2633,0.5159,87252,71116,118656,96712,2025
170440,Albany,NY,2015,False,97856,2010,328,0,117,55,235,0,7,1,1329,118,2446498,411732,1425176,30941,imputed,imputed,G,G,3.352,2.401,0.2629,0.5169,89506,72775,121577,98851,2025
170440,Albany,NY,2016,False,97856,2010,276,0,99,43,238,0,3,0,1207,91,3161686,532093,1407041,8064,prorated,reported,T,R,2.82,2.432,0.264,0.5104,137465,70943,184394,95162,2025
170440,Albany,NY,2017,True,98469,2010,272,0,98,43,234,0,3,0,1190,100,3305396,556278,1470996,8431,imputed,imputed,G,G,2.762,2.376,0.2649,0.5101,145826,75436,191529,99078,2025
170440,Albany,NY,2018,False,98469,2010,325,0,77,47,252,0,6,1,1259,116,2431030,318802,1534704,29430,reported,reported,R,R,3.301,2.559,0.1915,0.5242,89761,73081,115082,93697,2025
170440,Albany,NY,2019,False,98251,2010,328,0,78,44,254,0,6,1,1271,105,2479076,325103,1565036,30012,imputed,imputed,G,G,3.338,2.585,0.1921,0.524,90698,73939,114214,93110,2025
170440,Albany,NY,2020,False,96460,2010,288,0,81,54,246,0,6,1,1287,101,2333481,367807,1556198,28837,reported,reported,R,R,2.986,2.55,0.2195,0.4825,97228,75912,120945,94429,2025
170440,Albany,NY,2021,False,96460,2020,299,2,81,45,240,0,3,1,1273,91,2341443,359352,1573391,9680,prorated,reported,T,R,3.1,2.488,0.2132,0.4894,93971,78670,111648,93469,2025
170440,Albany,NY,2022,True,95429,2020,282,2,77,42,263,0,4,0,1295,100,2625487,402947,1788308,12075,prorated,reported,T,R,2.955,2.756,0.2145,0.4834,111723,81596,122904,89762,2025
170440,Albany,NY,2023,False,98617,2020,286,2,78,43,254,0,6,1,1408,91,2542188,390163,1748303,36581,reported,reported,R,R,2.9,2.576,0.2143,0.4432,106665,82597,112700,87271,2025
170440,Albany,NY,2024,False,100826,2020,268,1,73,51,257,1,6,1,1347,135,2795172,389533,1784010,28625,reported,reported,R,R,2.658,2.549,0.2141,0.4484,125157,83300,128450,85492,2025
170440,Albany,NY,2025,False,101228,2020,261,1,73,47,253,1,3,1,1331,121,2993705,413753,2385454,16688,reported,reported,R,R,2.578,2.499,0.2186,0.4433,137642,113144,137642,113144,2025
186634,Buffalo,NY,2012,True,261310,2010,754,0,142,0,670,0,37,0,8381,1455,5252062,718035,4053914,220720,reported,reported,R,R,2.885,2.564,0.1585,0.1913,83587,72607,117208,101812,2025
186634,Buffalo,NY,2013,False,261310,2010,718,0,135,0,638,0,35,0,8609,1611,5216988,713241,4026842,219247,imputed,imputed,G,G,2.748,2.442,0.1583,0.1773,87192,75740,120498,104672,2025
186634,Buffalo,NY,2014,False,261310,2010,748,0,173,0,622,0,35,0,8209,1658,4071792,505426,3100837,96908,reported,reported,R,R,2.863,2.38,0.1878,0.1922,65323,59823,88834,81355,2025
186634,Buffalo,NY,2015,False,261310,2010,738,0,171,0,613,0,35,0,8473,1766,4114272,510699,3133187,97919,imputed,imputed,G,G,2.824,2.346,0.1881,0.1838,66899,61335,90870,83312,2025
186634,Buffalo,NY,2016,False,261310,2010,709,0,182,0,666,0,38,0,8339,1796,5692581,879601,4284286,133893,reported,prorated,R,T,2.713,2.549,0.2043,0.1913,96348,77194,129240,103547,2025
186634,Buffalo,NY,2017,True,258071,2010,789,0,185,0,581,0,123,0,8586,1797,5834895,901591,3761265,615780,reported,reported,R,R,3.057,2.251,0.1899,0.1954,88744,77685,116557,102032,2025
186634,Buffalo,NY,2018,False,258071,2010,786,0,186,0,672,0,37,0,9460,1803,5987090,924593,4350378,185234,reported,reported,R,R,3.046,2.604,0.1914,0.1777,91406,77685,117191,99600,2025
186634,Buffalo,NY,2019,False,258612,2010,758,0,188,105,693,0,42,0,9517,1640,6127996,936470,4632715,217146,reported,reported,CR,R,2.931,2.68,0.1987,0.1766,97013,80220,122166,101019,2025
186634,Buffalo,NY,2020,False,255284,2010,741,0,175,106,741,0,44,0,9575,1593,6000987,919531,4690785,197452,reported,reported,R,R,2.903,2.903,0.191,0.1777,97182,75964,120888,94494,2025
186634,Buffalo,NY,2021,False,255284,2020,726,0,186,107,715,0,39,0,9165,1327,5563125,861869,4280380,190679,reported,reported,CR,R,2.844,2.801,0.2039,0.1818,91952,71839,109249,85353,2025
186634,Buffalo,NY,2022,True,254479,2020,728,0,185,107,714,0,39,0,8353,1022,5611596,869005,4282973,190679,reported,reported,CR,R,2.861,2.806,0.2026,0.1994,92499,71983,101756,79187,2025
186634,Buffalo,NY,2023,False,276807,2020,743,0,189,110,728,0,40,0,8424,1031,6001226,929342,4580354,203918,imputed,imputed,G,G,2.684,2.63,0.2028,0.2018,96924,75500,102408,79772,2025
186634,Buffalo,NY,2024,False,276486,2020,760,0,188,116,686,0,40,0,8666,1075,7237305,1184092,5252930,291349,reported,reported,R,R,2.749,2.481,0.1983,0.1932,114273,91888,117280,94306,2025
186634,Buffalo,NY,2025,False,274678,2020,765,0,189,118,690,0,40,0,8658,1556,7598638,1243209,5515190,305895,imputed,imputed,G,G,2.785,2.512,0.1981,0.1945,119194,95916,119194,95916,2025
194805,New York,NY,2012,True,8175133,2010,46122,2194,3558,171,14094,26,1428,3,387700,32241,337484252,26060555,116974536,11852046,reported,reported,R,R,5.642,1.724,0.0716,0.1682,87806,99595,123124,139655,2025
194805,New York,NY,2013,False,8175133,2010,46233,2107,3566,164,14034,30,1422,4,389369,32380,339148052,26182516,123543522,12517626,reported,reported,R,R,5.655,1.717,0.0716,0.1676,88028,105638,121653,145990,2025
194805,New York,NY,2014,False,8175133,2010,46194,2170,3563,169,14221,51,1441,6,395910,33163,336241110,25955366,124804317,12645372,reported,reported,R,R,5.651,1.74,0.0716,0.1652,87347,105313,118785,143218,2025
194805,New York,NY,2015,False,8175133,2010,46633,2250,3594,175,14609,44,1481,5,399259,34530,347524200,26804469,124425847,12607025,reported,reported,R,R,5.704,1.787,0.0716,0.1661,89428,102205,121471,138826,2025
194805,New York,NY,2016,False,8175133,2010,47733,2352,3675,183,15004,42,1521,5,408133,34627,347706294,26783163,128969158,13067361,reported,reported,R,CR,5.839,1.835,0.0715,0.1664,87413,103148,117255,138362,2025
194805,New York,NY,2017,True,8550405,2010,36329,2135,14832,872,10996,24,6236,14,430531,35307,249043200,101736685,85053661,48204810,prorated,prorated,T,T,4.249,1.286,0.2899,0.1589,82263,92820,108045,121911,2025
194805,New York,NY,2018,False,8550405,2010,36699,2149,15275,894,11345,18,5958,10,437194,36608,268736368,109781545,89187960,46811505,prorated,prorated,T,T,4.292,1.327,0.2939,0.1585,87873,94337,112662,120949,2025
194805,New York,NY,2019,False,8622698,2010,36699,2166,15275,901,11134,21,6033,11,440457,36193,277395185,113318762,100326345,54334121,imputed,prorated,X,T,4.256,1.291,0.2939,0.157,90704,108130,114221,136166,2025
194805,New York,NY,2020,False,8336817,2010,36255,2091,15668,905,11106,22,6400,12,440900,39373,286581907,117071631,99972845,57577346,imputed,prorated,TX,T,4.349,1.332,0.3018,0.1575,94855,108020,117993,134369,2025
194805,New York,NY,2021,False,8336817,2020,34875,1698,15071,734,10847,19,6251,10,426185,30198,261931681,107001762,90810283,52300353,prorated,prorated,T,T,4.183,1.301,0.3017,0.1573,90127,100463,107081,119361,2025
194805,New York,NY,2022,True,8253213,2020,34244,1593,14799,688,10782,23,6214,12,419310,37514,293796218,120018750,106091614,61101328,prorated,prorated,T,T,4.149,1.306,0.3018,0.1575,102954,118076,113257,129893,2025
194805,New York,NY,2023,False,8467513,2020,33401,1655,14435,716,10729,23,6183,13,418437,35716,301198551,123042678,112035304,64524476,prorated,prorated,T,T,3.945,1.267,0.3018,0.1547,108212,125307,114335,132397,2025
194805,New York,NY,2024,False,8335897,2020,32910,1710,14222,739,10838,80,6245,43,423875,36969,333226659,136126487,121514427,69983787,prorated,prorated,T,T,3.948,1.3,0.3017,0.1515,121505,134543,124702,138083,2025
194805,New York,NY,2025,False,8258035,2020,32497,1663,14044,719,11063,76,6375,42,426918,37347,301504977,123167857,113138562,65159876,prorated,prorated,T,T,3.935,1.34,0.3018,0.1499,111335,122721,111335,122721,2025
131239,Rochester,NY,2012,True,210565,2010,716,0,346,173,468,0,30,1,8095,2136,4521401,1392398,2932084,187118,reported,reported,R,CR,3.4,2.223,0.3258,0.1927,75778,75182,106258,105422,2025
131239,Rochester,NY,2013,False,210565,2010,728,0,361,167,536,0,30,1,8220,2281,4334836,1553001,3334836,186777,reported,reported,CR,R,3.457,2.546,0.3315,0.2013,71453,74661,98747,103180,2025
131239,Rochester,NY,2014,False,210565,2010,726,0,150,138,498,0,21,9,8326,2263,5066540,550359,3184192,100453,reported,reported,R,R,3.448,2.365,0.1712,0.1675,83744,76728,113885,104344,2025
131239,Rochester,NY,2015,False,210565,2010,721,0,146,187,556,0,29,9,8206,2368,5341734,603043,3299095,188285,reported,reported,R,R,3.424,2.641,0.1684,0.1769,88905,71203,120761,96716,2025
131239,Rochester,NY,2016,False,210565,2010,727,0,150,166,536,0,25,10,8298,2245,5489168,630540,3549888,153926,reported,reported,R,R,3.453,2.546,0.171,0.1733,90605,79475,121537,106607,2025
131239,Rochester,NY,2017,True,209802,2010,749,0,154,169,548,0,28,11,8601,2189,5510766,680244,3744080,190017,reported,reported,R,R,3.57,2.612,0.1705,0.172,88290,81987,115961,107683,2025
131239,Rochester,NY,2018,False,209802,2010,744,0,184,149,492,0,31,10,8863,2379,5680520,774743,3476619,210399,reported,reported,R,R,3.546,2.345,0.1983,0.1637,91621,84796,117467,108717,2025
131239,Rochester,NY,2019,False,208046,2010,745,0,183,158,561,0,29,8,9118,2379,6218787,762417,3778796,190195,reported,reported,R,R,3.581,2.697,0.1972,0.1665,100168,80830,126139,101787,2025
131239,Rochester,NY,2020,False,205695,2010,723,0,189,155,558,0,28,10,8695,2026,6267260,838106,3886357,211424,reported,reported,R,R,3.515,2.713,0.2072,0.1723,104021,83578,129395,103965,2025
131239,Rochester,NY,2021,False,205695,2020,689,0,157,103,532,0,27,0,7854,919,6057154,718720,3754956,186658,reported,reported,R,R,3.35,2.586,0.1856,0.1789,105495,84698,125340,100631,2025
131239,Rochester,NY,2022,True,205225,2020,675,0,139,112,539,0,24,0,8061,1690,6177424,602085,3922807,194059,reported,reported,R,R,3.289,2.626,0.1708,0.1708,109821,87335,120812,96075,2025
131239,Rochester,NY,2023,False,210606,2020,653,0,150,111,517,0,29,0,8387,2045,6927388,726907,3928394,230250,reported,reported,R,R,3.101,2.455,0.1868,0.1608,127303,91181,134506,96340,2025
131239,Rochester,NY,2024,False,209352,2020,625,0,155,117,528,0,31,0,8576,1871,7073941,791715,4397683,243353,reported,reported,R,R,2.985,2.522,0.1987,0.1561,135820,99947,139394,102577,2025
131239,Rochester,NY,2025,False,207274,2020,629,0,156,119,531,0,31,0,8622,1928,7427120,831245,4617244,255504,imputed,imputed,G,G,3.035,2.562,0.1987,0.1562,141694,104344,141694,104344,2025
170582,Syracuse,NY,2012,True,145170,2010,479,0,116,0,362,0,14,0,5354,729,3336406,410658,2399225,50749,reported,reported,CR,R,3.3,2.494,0.195,0.1814,83584,79532,117204,111522,2025
170582,Syracuse,NY,2013,False,145170,2010,456,0,110,0,345,0,13,0,5132,704,3314553,407968,2383510,50417,imputed,imputed,G,G,3.141,2.377,0.1943,0.18,87225,82905,120544,114573,2025
170582,Syracuse,NY,2014,False,145170,2010,430,0,68,55,322,0,16,0,5064,690,3275697,209991,2141566,62357,prorated,reported,RT,R,2.962,2.218,0.1365,0.1651,91415,79810,124317,108536,2025
170582,Syracuse,NY,2015,False,145170,2010,406,0,69,55,343,0,18,0,5138,692,3373462,221740,2047078,72084,prorated,reported,RT,R,2.797,2.363,0.1453,0.1627,99708,71618,135435,97280,2025
170582,Syracuse,NY,2016,False,145170,2010,413,0,70,55,349,0,18,0,5278,780,3456925,227226,2097725,73867,imputed,imputed,G,G,2.845,2.404,0.1449,0.161,100443,72128,134733,96752,2025
170582,Syracuse,NY,2017,True,144142,2010,407,0,69,55,344,0,18,0,5318,775,3614054,237554,2193074,77225,imputed,imputed,G,G,2.824,2.387,0.145,0.1576,106557,76503,139953,100480,2025
170582,Syracuse,NY,2018,False,144142,2010,409,0,69,54,346,0,18,0,5371,843,3722160,244660,2258675,79535,imputed,imputed,G,G,2.837,2.4,0.1444,0.1568,109208,78336,140015,100434,2025
170582,Syracuse,NY,2019,False,143396,2010,413,0,70,51,349,0,18,0,5386,726,3795724,249495,2303315,81107,imputed,imputed,G,G,2.88,2.434,0.1449,0.1578,110287,79197,138882,99731,2025
170582,Syracuse,NY,2020,False,142327,2010,420,0,71,51,355,0,18,0,5339,1129,4025415,264593,2442696,86015,imputed,imputed,G,G,2.951,2.494,0.1446,0.1618,115012,82570,143067,102711,2025
170582,Syracuse,NY,2021,False,142327,2020,411,0,69,44,347,0,18,0,5096,941,4063780,267115,2465977,86835,imputed,imputed,G,G,2.888,2.438,0.1437,0.1658,118651,85279,140971,101321,2025
170582,Syracuse,NY,2022,True,141229,2020,417,0,70,49,352,0,18,0,5226,995,4377941,287765,2656615,93548,imputed,imputed,G,G,2.953,2.492,0.1437,0.164,125984,90566,138592,99630,2025
170582,Syracuse,NY,2023,False,146103,2020,425,0,71,50,359,0,18,0,5326,990,4681916,307745,2841072,100043,imputed,imputed,G,G,2.909,2.457,0.1431,0.1639,132195,94966,139675,100339,2025
170582,Syracuse,NY,2024,False,144451,2020,428,0,71,51,361,0,18,0,5432,1055,4913965,322998,2981884,105001,imputed,imputed,G,G,2.963,2.499,0.1423,0.1616,137775,99121,141400,101729,2025
170582,Syracuse,NY,2025,False,145560,2020,431,0,71,52,363,0,18,0,4980,941,5159302,339124,3130759,110243,imputed,imputed,G,G,2.961,2.494,0.1414,0.1773,143646,103496,143646,103496,2025
109593,Yonkers,NY,2012,True,195976,2010,609,0,89,0,431,0,8,3,4772,1402,6117113,580285,4038202,41467,reported,reported,R,R,3.108,2.199,0.1275,0.2383,120534,112433,169016,157657,2025
109593,Yonkers,NY,2013,False,195976,2010,618,0,87,18,438,0,7,2,4754,1396,6497458,588666,4843832,50738,reported,reported,R,R,3.153,2.235,0.1234,0.2419,126164,132708,174357,183400,2025
109593,Yonkers,NY,2014,False,195976,2010,616,0,95,32,452,0,7,2,4890,1406,7110244,583628,4134672,54009,reported,reported,R,R,3.143,2.306,0.1336,0.2393,138511,109770,188364,149279,2025
109593,Yonkers,NY,2015,False,195976,2010,619,0,99,30,456,0,6,2,5519,1653,7571356,673561,4415253,49706,reported,reported,R,R,3.159,2.327,0.1379,0.2138,146779,116191,199372,157824,2025
109593,Yonkers,NY,2016,False,195976,2010,613,0,103,33,450,0,6,2,5728,1961,6648838,732419,4555999,44270,reported,reported,R,R,3.128,2.296,0.1439,0.2046,130157,121493,174591,162970,2025
109593,Yonkers,NY,2017,True,201116,2010,606,0,97,35,437,0,6,3,6151,381,7198738,772164,5174666,56668,reported,reported,R,R,3.013,2.173,0.138,0.1863,142549,142096,187225,186630,2025
109593,Yonkers,NY,2018,False,201116,2010,604,0,100,34,453,0,5,3,6162,396,7317661,777017,4865074,48843,reported,reported,R,R,3.003,2.252,0.142,0.1886,145384,128876,186396,165231,2025
109593,Yonkers,NY,2019,False,202019,2010,609,0,99,33,433,0,5,2,6138,388,7578856,787376,5221842,55891,reported,reported,R,R,3.015,2.143,0.1398,0.1867,149337,144716,188057,182238,2025
109593,Yonkers,NY,2020,False,200370,2010,618,0,98,32,442,0,5,2,6045,351,8024029,826168,5266803,42446,reported,reported,R,R,3.084,2.206,0.1369,0.1924,155806,142990,193812,177870,2025
109593,Yonkers,NY,2021,False,200370,2020,609,0,94,26,452,0,6,2,5872,210,7349518,845698,5432414,48000,reported,reported,R,R,3.039,2.256,0.1337,0.1977,144818,144223,172060,171353,2025
109593,Yonkers,NY,2022,True,200040,2020,609,0,93,29,465,0,9,2,6154,263,7638810,738312,5268574,64284,reported,reported,R,R,3.044,2.325,0.1325,0.1911,150518,135963,165581,149570,2025
109593,Yonkers,NY,2023,False,209530,2020,624,0,100,33,462,0,9,1,6237,352,8177915,843513,5596323,69461,reported,reported,R,R,2.978,2.205,0.1381,0.1916,157268,145359,166167,153584,2025
109593,Yonkers,NY,2024,False,208121,2020,622,0,108,36,471,0,8,1,6163,364,9417521,905342,6363359,83813,reported,reported,R,R,2.989,2.263,0.1479,0.1962,181689,162124,186470,166390,2025
109593,Yonkers,NY,2025,False,207657,2020,627,0,107,39,482,0,6,0,6163,402,9840011,870555,6283494,53980,reported,reported,R,R,3.019,2.321,0.1458,0.1983,188326,156436,188326,156436,2025
209096,Akron,OH,2012,True,199110,2010,410,0,69,123,327,0,41,0,1722,283,2251707,233536,1636579,151772,reported,reported,R,R,2.059,1.642,0.1441,0.4919,65904,60058,92412,84215,2025
209096,Akron,OH,2013,False,199110,2010,408,0,69,129,325,0,41,0,1714,296,2279678,236437,1656908,153657,imputed,imputed,G,G,2.049,1.632,0.1447,0.4918,67049,61178,92661,84547,2025
209096,Akron,OH,2014,False,199110,2010,425,0,43,131,358,0,9,1,1830,299,2358179,136683,2308304,30743,reported,reported,R,R,2.134,1.798,0.0919,0.4563,66584,77373,90549,105221,2025
209096,Akron,OH,2015,False,199110,2010,425,0,43,126,358,0,9,1,1830,289,2394313,138777,2343674,31214,imputed,imputed,G,G,2.134,1.798,0.0919,0.4563,67604,78559,91827,106708,2025
209096,Akron,OH,2016,False,199110,2010,426,0,43,127,358,0,9,1,1831,291,2433642,141057,2382171,31727,imputed,imputed,G,G,2.14,1.798,0.0917,0.4566,68553,79849,91956,107109,2025
209096,Akron,OH,2017,True,197542,2010,440,0,62,125,357,0,51,0,1819,371,2413049,221433,1913843,202000,reported,reported,R,R,2.227,1.807,0.1235,0.5003,65810,64331,86435,84493,2025
209096,Akron,OH,2018,False,197542,2010,442,0,62,129,359,0,51,0,1825,383,2448788,224713,1942189,204992,imputed,imputed,G,G,2.237,1.817,0.123,0.5008,66483,64920,85238,83234,2025
209096,Akron,OH,2019,False,197846,2010,447,0,63,121,353,0,53,1,1811,329,2629504,245201,2149327,234285,reported,reported,R,R,2.259,1.784,0.1235,0.5058,70591,73065,88894,92009,2025
209096,Akron,OH,2020,False,197597,2010,397,0,144,113,352,0,59,0,1891,311,2245346,783476,2123705,243280,imputed,imputed,G,G,2.009,1.781,0.2662,0.5034,67869,72399,84424,90059,2025
209096,Akron,OH,2021,False,197597,2020,384,0,139,109,340,0,57,0,1828,301,2258824,788179,2136454,244741,reported,reported,R,R,1.943,1.721,0.2658,0.5033,70588,75404,83867,89588,2025
209096,Akron,OH,2022,True,195994,2020,385,0,139,115,340,0,57,0,1829,314,2350447,820149,2223112,254665,imputed,imputed,G,G,1.964,1.735,0.2653,0.5036,73261,78463,80593,86315,2025
209096,Akron,OH,2023,False,189347,2020,390,0,141,117,344,0,58,0,1855,319,2533138,883899,2395906,274461,imputed,imputed,G,G,2.06,1.817,0.2655,0.503,77943,83578,82353,88307,2025
209096,Akron,OH,2024,False,188509,2020,395,0,143,125,348,0,59,0,1878,340,2686013,937241,2540499,291024,imputed,imputed,G,G,2.095,1.846,0.2658,0.5032,81600,87603,83747,89908,2025
209096,Akron,OH,2025,False,188701,2020,402,0,146,129,354,0,60,0,1911,351,2852142,995211,2697629,309021,imputed,imputed,G,G,2.13,1.876,0.2664,0.5034,85139,91445,85139,91445,2025
191166,Cincinnati,OH,2012,True,296943,2010,1018,0,115,84,797,0,70,0,4992,482,6369752,427935,4756350,337413,reported,imputed,R,ART,3.428,2.684,0.1015,0.4006,75085,71614,105286,100419,2025
191166,Cincinnati,OH,2013,False,296943,2010,982,0,123,91,790,0,32,0,4929,948,5620689,459912,4324670,169037,reported,reported,R,CR,3.307,2.66,0.1113,0.391,68685,65691,94922,90784,2025
191166,Cincinnati,OH,2014,False,296943,2010,952,0,121,91,768,0,73,0,4771,503,5988281,479960,4436837,470084,reported,reported,R,R,3.206,2.586,0.1128,0.4012,75483,69326,102651,94278,2025
191166,Cincinnati,OH,2015,False,296943,2010,1062,0,130,83,804,0,71,0,4962,522,6483402,528019,4793182,474227,reported,reported,R,R,3.576,2.708,0.1091,0.4166,73259,71540,99509,97174,2025
191166,Cincinnati,OH,2016,False,296943,2010,1055,0,131,81,772,0,72,0,5022,581,6703947,571206,4800587,508161,reported,reported,R,R,3.553,2.6,0.1105,0.4042,76253,74621,102285,100096,2025
191166,Cincinnati,OH,2017,True,298550,2010,1034,0,141,2,786,0,59,0,5145,619,7068228,636439,5007257,348308,reported,imputed,R,CRX,3.463,2.633,0.12,0.3926,82030,76447,107739,100406,2025
191166,Cincinnati,OH,2018,False,298550,2010,1050,0,137,16,829,0,53,0,5354,599,7384671,660776,6034510,324828,imputed,reported,RX,R,3.517,2.777,0.1154,0.3864,84396,87351,108204,111992,2025
191166,Cincinnati,OH,2019,False,301301,2010,1048,0,137,16,909,0,44,0,5417,600,7596313,682069,6159527,277927,imputed,imputed,RX,CRX,3.478,3.017,0.1156,0.3947,86981,81314,109533,102397,2025
191166,Cincinnati,OH,2020,False,303940,2010,1046,0,134,3,827,0,53,0,5249,570,7589088,689903,6114577,329138,reported,prorated,R,T,3.441,2.721,0.1136,0.3925,87064,88724,108302,110367,2025
191166,Cincinnati,OH,2021,False,303940,2020,984,0,112,132,865,0,44,32,5169,1391,6634927,585079,5524523,266658,,,,,3.237,2.846,0.1022,0.3879,80914,76641,96135,91058,2025
191166,Cincinnati,OH,2022,True,304548,2020,983,0,112,132,864,0,44,32,5164,1390,7001390,617394,5829655,281387,,,,,3.228,2.837,0.1023,0.3879,85470,80967,94024,89070,2025
191166,Cincinnati,OH,2023,False,308935,2020,989,0,113,133,869,0,44,32,5196,1398,7297198,643479,6075957,293275,reported,reported,R,R,3.201,2.813,0.1025,0.3878,88540,83903,93550,88650,2025
191166,Cincinnati,OH,2024,False,309513,2020,993,0,126,104,871,0,21,0,5145,1327,9393893,778631,7837836,142924,reported,reported,R,R,3.208,2.814,0.1126,0.3909,113521,107984,116508,110825,2025
191166,Cincinnati,OH,2025,False,311097,2020,1011,0,109,50,853,40,81,0,5689,1106,8233673,688062,6734165,663712,reported,reported,R,R,3.25,2.742,0.0973,0.361,97729,94736,97729,94736,2025
172358,Cleveland,OH,2012,True,396815,2010,1377,9,358,344,762,0,31,0,7227,631,7204577,1755639,4238048,90709,reported,reported,R,CR,3.47,1.92,0.2063,0.3498,62785,66741,88039,93586,2025
172358,Cleveland,OH,2013,False,396815,2010,1387,8,368,347,741,0,33,0,7117,678,7880010,1881882,4396819,200783,reported,reported,R,R,3.495,1.867,0.2097,0.3553,68176,71204,94218,98403,2025
172358,Cleveland,OH,2014,False,396815,2010,1433,1,384,352,775,0,34,0,7172,663,7754898,1868350,4633118,238902,reported,reported,R,R,3.611,1.953,0.2113,0.3661,64940,71739,88313,97560,2025
172358,Cleveland,OH,2015,False,396815,2010,1416,7,370,330,715,0,36,0,6992,595,8715189,1861610,4142758,224885,reported,reported,R,R,3.568,1.802,0.2072,0.3628,73858,69529,100322,94442,2025
172358,Cleveland,OH,2016,False,396815,2010,1421,1,359,303,738,0,32,0,7038,619,8631921,1910371,4395264,197295,reported,reported,R,R,3.581,1.86,0.2017,0.3623,72894,71468,97779,95866,2025
172358,Cleveland,OH,2017,True,388072,2010,1384,6,371,242,729,0,37,0,6912,537,8626315,1893527,4219426,227170,reported,reported,R,R,3.566,1.879,0.2114,0.3647,74795,69456,98236,91224,2025
172358,Cleveland,OH,2018,False,388072,2010,1437,0,344,279,737,0,47,0,7244,604,8834307,1977027,4366018,289671,reported,reported,R,R,3.703,1.899,0.1931,0.3541,73773,71088,94584,91142,2025
172358,Cleveland,OH,2019,False,385525,2010,1436,0,368,308,709,0,52,0,7378,636,9721075,2302332,4804553,369044,prorated,reported,RT,R,3.725,1.839,0.204,0.3477,81235,81318,102297,102402,2025
172358,Cleveland,OH,2020,False,381009,2010,1438,0,392,314,690,0,50,0,7410,628,8791299,2178239,4359734,326477,prorated,reported,RT,R,3.774,1.811,0.2142,0.3468,73363,75821,91259,94316,2025
172358,Cleveland,OH,2021,False,381009,2020,1344,0,357,206,661,0,50,0,7051,471,8957339,2122705,4844213,434835,prorated,reported,RT,R,3.527,1.735,0.2099,0.3421,79976,87943,95021,104486,2025
172358,Cleveland,OH,2022,True,378589,2020,1267,0,329,233,759,0,46,0,6837,505,9881691,2067102,5665448,362667,prorated,reported,RT,R,3.347,2.005,0.2061,0.3512,93591,89572,102957,98536,2025
172358,Cleveland,OH,2023,False,367991,2020,1147,0,307,209,742,0,38,0,6626,484,9808548,2058066,5247583,324894,prorated,reported,RT,R,3.117,2.016,0.2111,0.3372,102618,84867,108424,89669,2025
172358,Cleveland,OH,2024,False,361607,2020,1050,0,280,204,749,0,41,1,6633,482,10812729,2301336,5648852,363972,prorated,reported,RT,R,2.904,2.071,0.2105,0.3196,123574,90502,126826,92883,2025
172358,Cleveland,OH,2025,False,362656,2020,1092,0,272,207,721,0,40,0,6759,501,9988851,2162508,5767607,419349,prorated,reported,RT,R,3.011,1.988,0.1994,0.3144,109768,95993,109768,95993,2025
209050,Columbus,OH,2012,True,787033,2010,1876,0,308,11,1546,0,34,2,7788,619,11927569,1501182,10017220,150514,reported,reported,R,R,2.384,1.964,0.141,0.4833,76296,77753,106984,109027,2025
209050,Columbus,OH,2013,False,787033,2010,1897,0,311,11,1548,0,38,4,7958,620,12850798,1472731,10154035,156043,reported,reported,R,R,2.41,1.967,0.1409,0.4768,81291,78713,112343,108780,2025
209050,Columbus,OH,2014,False,787033,2010,1887,0,326,11,1540,0,38,5,7974,595,13251342,1588141,10871656,165124,reported,reported,R,R,2.398,1.957,0.1473,0.4754,84269,84714,114599,115205,2025
209050,Columbus,OH,2015,False,787033,2010,1890,0,356,13,1522,0,43,5,8061,647,13786991,1818095,10458787,209173,reported,reported,R,R,2.401,1.934,0.1585,0.4728,87536,82461,118901,112008,2025
209050,Columbus,OH,2016,False,787033,2010,1885,0,360,9,1522,0,46,6,8185,601,14031386,1835694,11389059,217808,reported,reported,R,R,2.395,1.934,0.1604,0.4659,89324,89795,119818,120450,2025
209050,Columbus,OH,2017,True,850106,2010,1898,0,373,8,1536,0,49,11,8279,656,14544135,1994073,12205092,236267,reported,reported,R,R,2.233,1.807,0.1642,0.4658,91954,95352,120773,125236,2025
209050,Columbus,OH,2018,False,850106,2010,1905,0,379,12,1557,0,50,11,8405,660,14946413,2019440,11931599,257654,reported,reported,R,R,2.241,1.832,0.1659,0.4629,94151,91958,120711,117899,2025
209050,Columbus,OH,2019,False,879170,2010,1925,0,368,10,1574,0,50,7,8465,608,15939514,2127025,12771134,270482,reported,reported,R,R,2.19,1.79,0.1605,0.4627,99363,97366,125126,122611,2025
209050,Columbus,OH,2020,False,898553,2010,1945,0,359,25,1575,0,48,27,8468,566,16574151,2153916,13157323,272198,reported,reported,R,R,2.165,1.753,0.1558,0.4637,102257,100246,127201,124699,2025
209050,Columbus,OH,2021,False,898553,2020,1925,1,340,29,1611,0,51,41,8439,701,16183256,2060887,13995935,289775,reported,reported,R,R,2.142,1.793,0.1501,0.4653,100883,104253,119860,123864,2025
209050,Columbus,OH,2022,True,903852,2020,1964,1,347,30,1644,0,52,42,8612,716,16650462,2121067,14403162,297951,imputed,imputed,TX,TX,2.173,1.819,0.1502,0.4653,101734,105133,111915,115654,2025
209050,Columbus,OH,2023,False,906528,2020,1990,1,352,31,1666,0,53,43,8725,731,17944655,2285931,15522679,321110,imputed,imputed,G,G,2.195,1.838,0.1503,0.4654,108209,111808,114332,118134,2025
209050,Columbus,OH,2024,False,907971,2020,2013,1,356,33,1686,0,54,46,8829,779,19027608,2423887,16459467,340488,imputed,imputed,G,G,2.217,1.857,0.1503,0.4654,113428,117149,116413,120232,2025
209050,Columbus,OH,2025,False,913175,2020,2050,1,363,34,1717,0,55,48,8993,804,20204466,2573804,17477485,361548,imputed,imputed,G,G,2.245,1.88,0.1504,0.4654,118270,122149,118270,122149,2025
172543,Dayton,OH,2012,True,141527,2010,321,0,86,0,284,0,17,0,1909,39,1773838,417922,1590796,79998,prorated,reported,T,R,2.268,2.007,0.2113,0.3709,66312,67217,92985,94254,2025
172543,Dayton,OH,2013,False,141527,2010,321,0,86,0,275,0,19,0,1880,36,1888774,445001,1546541,82956,prorated,prorated,T,T,2.268,1.943,0.2113,0.3729,70608,67485,97579,93263,2025
172543,Dayton,OH,2014,False,141527,2010,300,0,104,1,295,0,20,0,1914,17,1699225,706191,1535609,103077,reported,reported,R,R,2.12,2.084,0.2574,0.3757,67969,62465,92433,84948,2025
172543,Dayton,OH,2015,False,141527,2010,299,0,100,0,288,0,21,0,1918,16,1643020,534730,1526033,112588,reported,reported,R,R,2.113,2.035,0.2506,0.3691,65941,63585,89568,86368,2025
172543,Dayton,OH,2016,False,141527,2010,354,0,60,0,297,0,16,0,1928,29,2102440,223820,1641384,77927,reported,reported,R,R,2.501,2.099,0.1449,0.3771,71269,66319,95600,88960,2025
172543,Dayton,OH,2017,True,140599,2010,347,0,79,0,300,0,17,0,1958,26,2122005,289471,1733369,83468,reported,reported,R,R,2.468,2.134,0.1854,0.3795,73383,69335,96382,91065,2025
172543,Dayton,OH,2018,False,140599,2010,368,0,46,0,302,0,17,0,1944,26,2262903,199013,1811392,89949,reported,reported,R,R,2.617,2.148,0.1111,0.3771,73790,71976,94606,92280,2025
172543,Dayton,OH,2019,False,140371,2010,375,0,46,0,302,0,16,0,1957,25,2310193,202432,1875925,81924,reported,reported,R,R,2.671,2.151,0.1093,0.3776,73926,74540,93093,93867,2025
172543,Dayton,OH,2020,False,140407,2010,355,0,63,0,298,0,17,0,1938,24,2343992,250524,1965068,86284,reported,reported,R,R,2.528,2.122,0.1507,0.3782,79234,79130,98562,98432,2025
172543,Dayton,OH,2021,False,140407,2020,357,0,58,0,292,0,14,0,1805,20,2295716,234790,2010904,68404,reported,reported,R,R,2.543,2.08,0.1398,0.3994,77167,82640,91683,98186,2025
172543,Dayton,OH,2022,True,139907,2020,342,0,66,0,284,0,11,0,1781,18,2404048,275849,1943246,61466,reported,reported,R,R,2.444,2.03,0.1618,0.3947,84353,82109,92795,90326,2025
172543,Dayton,OH,2023,False,137571,2020,355,0,37,0,330,0,10,0,1843,20,2518289,168576,2274734,56236,reported,reported,R,R,2.58,2.399,0.0944,0.3972,85125,82718,89942,87398,2025
172543,Dayton,OH,2024,False,135944,2020,331,0,44,0,314,0,15,0,1829,18,2543647,218568,2451646,90726,reported,reported,R,R,2.435,2.31,0.1173,0.3849,92217,93693,94643,96158,2025
172543,Dayton,OH,2025,False,135512,2020,324,0,74,0,316,0,14,0,1856,18,2817318,380808,2524341,87050,reported,reported,R,R,2.391,2.332,0.1859,0.3922,104345,95861,104345,95861,2025
205133,Toledo,OH,2012,True,287208,2010,429,0,107,0,521,0,27,1,2137,29,2071017,357092,3641510,93983,imputed,imputed,G,G,1.494,1.814,0.1996,0.5073,57931,83874,81232,117610,2025
205133,Toledo,OH,2013,False,287208,2010,427,0,106,0,518,0,27,1,2127,30,2096540,361493,3686388,95141,imputed,imputed,G,G,1.487,1.804,0.1989,0.5068,58919,85399,81425,118020,2025
205133,Toledo,OH,2014,False,287208,2010,642,0,53,0,531,0,94,0,2754,27,3692129,184118,2897326,402099,reported,reported,R,R,2.235,1.849,0.0763,0.4793,69012,65476,93851,89042,2025
205133,Toledo,OH,2015,False,287208,2010,645,0,58,0,516,0,100,0,2720,28,3673259,193681,3024101,376719,reported,reported,R,R,2.246,1.797,0.0825,0.4849,68340,70328,92827,95527,2025
205133,Toledo,OH,2016,False,287208,2010,618,0,61,0,514,0,91,0,2677,0,3593181,214958,3072344,366695,reported,reported,R,R,2.152,1.79,0.0898,0.4796,69771,71728,93590,96215,2025
205133,Toledo,OH,2017,True,279789,2010,608,0,59,0,538,0,91,0,2691,0,4042617,210023,3801240,375747,reported,reported,R,R,2.173,1.923,0.0885,0.4816,79788,84786,104794,111359,2025
205133,Toledo,OH,2018,False,279789,2010,613,0,64,0,538,0,96,0,2683,0,3664202,232369,3334459,435186,reported,reported,R,R,2.191,1.923,0.0945,0.4886,71730,74375,91965,95356,2025
205133,Toledo,OH,2019,False,276491,2010,620,0,65,0,538,0,120,0,2770,0,4196470,266124,3604677,639445,prorated,reported,T,R,2.242,1.946,0.0949,0.4848,81222,80402,102281,101248,2025
205133,Toledo,OH,2020,False,272779,2010,628,0,57,0,529,0,102,0,2721,0,4187539,241737,3427930,467700,reported,reported,R,R,2.302,1.939,0.0832,0.4836,80017,77760,99536,96728,2025
205133,Toledo,OH,2021,False,272779,2020,627,0,50,0,518,0,93,0,2692,0,4174434,221963,3896260,451588,reported,reported,R,R,2.299,1.899,0.0739,0.4785,79893,90261,94922,107240,2025
205133,Toledo,OH,2022,True,271455,2020,618,0,53,0,534,0,18,0,2600,0,4895526,222889,4203803,85923,reported,reported,R,R,2.277,1.967,0.079,0.4704,95059,94467,104572,103921,2025
205133,Toledo,OH,2023,False,268508,2020,618,0,58,0,558,0,16,0,2713,0,4816152,285648,4216450,91107,reported,reported,R,R,2.302,2.078,0.0858,0.4607,93518,90676,98810,95807,2025
205133,Toledo,OH,2024,False,266301,2020,616,0,58,0,577,0,22,0,2785,0,4535986,290022,4197613,163454,reported,reported,R,CR,2.313,2.167,0.0861,0.4571,88363,87299,90688,89596,2025
205133,Toledo,OH,2025,False,265304,2020,609,0,62,0,586,0,19,0,2778,0,4453977,301236,4239891,118585,reported,reported,R,R,2.295,2.209,0.0924,0.4593,87763,86824,87763,86824,2025
184222,Broken Arrow,OK,2012,True,98850,2010,129,1,29,1,135,0,2,0,607,18,702416,101328,761360,6931,reported,reported,R,R,1.305,1.366,0.1835,0.486,65341,67676,91623,94897,2025
184222,Broken Arrow,OK,2013,False,98850,2010,131,2,31,0,145,0,2,0,639,13,727932,110014,838147,7182,reported,reported,R,R,1.325,1.467,0.1914,0.4836,66681,69364,92152,95860,2025
184222,Broken Arrow,OK,2014,False,98850,2010,134,2,32,0,151,0,2,1,659,12,796093,114716,933186,7411,reported,reported,R,R,1.356,1.528,0.1928,0.4841,71292,74160,96952,100852,2025
184222,Broken Arrow,OK,2015,False,98850,2010,137,2,33,0,146,0,2,1,662,17,859003,119087,956963,7495,reported,reported,R,R,1.386,1.477,0.1941,0.4804,75241,78654,102201,106837,2025
184222,Broken Arrow,OK,2016,False,98850,2010,136,2,33,0,161,0,2,1,689,15,849400,117134,1100389,7737,reported,reported,R,R,1.376,1.629,0.1953,0.4819,74947,82017,100533,110017,2025
184222,Broken Arrow,OK,2017,True,106563,2010,144,2,32,0,173,0,2,1,720,15,995791,122078,1125967,7735,reported,reported,R,R,1.351,1.623,0.1818,0.4875,82983,78102,108991,102580,2025
184222,Broken Arrow,OK,2018,False,106563,2010,151,2,34,0,172,0,2,1,757,15,1084739,127297,1173284,7892,reported,reported,R,R,1.417,1.614,0.1838,0.4742,86204,81857,110522,104948,2025
184222,Broken Arrow,OK,2019,False,108303,2010,152,3,35,0,175,0,2,1,776,13,1048593,154480,1296396,8211,reported,reported,R,R,1.403,1.616,0.1872,0.4691,82784,88896,104248,111945,2025
184222,Broken Arrow,OK,2020,False,110198,2010,158,3,33,0,181,0,2,1,827,14,1153052,151754,1372279,8804,reported,reported,R,R,1.434,1.642,0.1728,0.4522,87574,90980,108936,113173,2025
184222,Broken Arrow,OK,2021,False,110198,2020,162,3,34,1,171,0,2,1,822,11,1148165,158977,1355597,9014,reported,reported,R,R,1.47,1.552,0.1735,0.4489,85049,95130,101048,113025,2025
184222,Broken Arrow,OK,2022,True,111648,2020,165,3,34,0,176,0,2,1,844,9,1238275,176038,1424286,8822,reported,reported,R,R,1.478,1.576,0.1709,0.4467,90056,97110,99069,106828,2025
184222,Broken Arrow,OK,2023,False,116330,2020,165,3,36,0,181,2,2,0,830,11,1347510,207476,1540527,6441,reported,reported,R,R,1.418,1.556,0.1791,0.4627,98001,102134,103546,107913,2025
184222,Broken Arrow,OK,2024,False,117911,2020,167,3,37,0,182,0,2,0,854,8,1475027,205236,1597390,9933,reported,reported,R,R,1.416,1.544,0.1814,0.4543,105990,105322,108779,108093,2025
184222,Broken Arrow,OK,2025,False,119194,2020,168,3,40,0,190,0,2,0,877,8,1530468,232208,1810391,10412,reported,reported,R,R,1.409,1.594,0.1923,0.4561,109319,114340,109319,114340,2025
205181,Norman,OK,2012,True,110925,2010,163,0,53,1,141,0,7,0,2853,681,921568,219228,787526,45145,reported,reported,R,R,1.469,1.271,0.2454,0.1276,67845,67023,95134,93981,2025
205181,Norman,OK,2013,False,110925,2010,159,0,54,2,155,0,4,0,2853,704,935375,232656,871497,22605,reported,reported,R,R,1.433,1.397,0.2535,0.1304,70594,67471,97560,93244,2025
205181,Norman,OK,2014,False,110925,2010,157,0,52,4,148,0,6,0,2882,702,954957,221477,924644,42007,reported,reported,R,R,1.415,1.334,0.2488,0.126,72990,74971,99261,101955,2025
205181,Norman,OK,2015,False,110925,2010,159,0,54,2,150,0,13,0,2960,726,986748,237555,877076,97320,reported,reported,R,R,1.433,1.352,0.2535,0.127,74472,70166,101156,95307,2025
205181,Norman,OK,2016,False,110925,2010,162,0,59,0,149,0,6,1,2947,719,1070047,251634,897897,39658,reported,reported,R,R,1.46,1.343,0.267,0.1276,79263,72314,106323,97001,2025
205181,Norman,OK,2017,True,120284,2010,168,0,59,2,156,0,4,0,3004,790,1143539,266476,1013704,23766,reported,reported,R,R,1.397,1.297,0.2599,0.1288,81681,77977,107281,102416,2025
205181,Norman,OK,2018,False,120284,2010,167,0,66,0,153,0,4,0,3095,722,1165385,384688,1003738,24793,reported,reported,R,R,1.388,1.272,0.2833,0.126,83740,78725,107363,100933,2025
205181,Norman,OK,2019,False,122843,2010,171,5,66,3,143,0,8,0,3135,816,1194620,299659,995020,69816,reported,reported,R,R,1.392,1.164,0.2785,0.1238,83833,83498,105569,105147,2025
205181,Norman,OK,2020,False,124880,2010,174,0,65,3,150,0,5,0,3452,910,1250336,306594,1080937,41370,reported,reported,R,R,1.393,1.201,0.272,0.1141,86230,86475,107264,107569,2025
205181,Norman,OK,2021,False,124880,2020,159,0,65,2,156,0,8,1,3447,1119,1141750,310531,1093078,71462,reported,reported,R,R,1.273,1.249,0.2902,0.1126,86170,84083,102380,99900,2025
205181,Norman,OK,2022,True,125762,2020,160,0,62,3,143,0,7,0,3413,1017,1178837,312347,1076606,63694,reported,reported,R,R,1.272,1.137,0.2793,0.109,88413,90345,97261,99386,2025
205181,Norman,OK,2023,False,128097,2020,157,0,70,3,154,0,8,1,3498,1042,1304848,381672,1163370,68827,reported,prorated,R,T,1.226,1.202,0.3084,0.1112,99734,90652,105377,95781,2025
205181,Norman,OK,2024,False,129627,2020,170,0,69,2,159,0,3,1,3686,1059,1485314,388257,1269908,23365,reported,reported,R,R,1.311,1.227,0.2887,0.1088,104846,95842,107605,98364,2025
205181,Norman,OK,2025,False,130046,2020,169,0,75,2,153,0,4,2,3689,1200,1651025,449772,1718131,43708,reported,reported,R,R,1.3,1.177,0.3074,0.1087,117233,134755,117233,134755,2025
209170,Oklahoma,OK,2012,True,579999,2010,988,0,234,146,944,0,26,0,4237,463,6708168,952172,6832540,134071,reported,reported,R,R,1.703,1.628,0.1915,0.5173,81476,86854,114248,121789,2025
209170,Oklahoma,OK,2013,False,579999,2010,1023,0,265,143,953,0,24,0,4353,373,7186688,1190013,5998919,170814,reported,reported,R,R,1.764,1.643,0.2057,0.5203,84301,75537,116503,104391,2025
209170,Oklahoma,OK,2014,False,579999,2010,1035,0,243,137,954,0,27,0,4401,370,7307953,1218025,7057994,197377,reported,reported,R,R,1.784,1.645,0.1901,0.5133,84730,88780,115226,120734,2025
209170,Oklahoma,OK,2015,False,579999,2010,1096,0,264,143,939,0,26,0,4468,382,8425125,1468096,5905721,192904,reported,reported,R,R,1.89,1.619,0.1941,0.5204,92246,75472,125299,102515,2025
209170,Oklahoma,OK,2016,False,579999,2010,1077,0,247,134,965,0,29,0,4475,364,7884261,1428267,6076618,219927,reported,reported,R,R,1.857,1.664,0.1866,0.518,87847,75564,117837,101361,2025
209170,Oklahoma,OK,2017,True,631346,2010,1041,0,301,141,950,0,29,0,4363,377,7515868,1581534,7172629,218931,reported,reported,R,R,1.649,1.505,0.2243,0.532,86638,90602,113791,118998,2025
209170,Oklahoma,OK,2018,False,631346,2010,1091,0,315,148,994,0,57,0,4588,358,8100794,1704617,6296546,291220,imputed,reported,X,CR,1.728,1.574,0.224,0.5355,89101,76015,114236,97458,2025
209170,Oklahoma,OK,2019,False,643648,2010,1095,0,316,146,955,0,55,0,4489,377,8810714,1854002,7672000,354837,prorated,prorated,T,T,1.701,1.484,0.224,0.5393,96556,96402,121591,121397,2025
209170,Oklahoma,OK,2020,False,655057,2010,1180,0,230,135,1022,0,31,0,4519,363,8684681,1388417,7420672,226779,reported,reported,R,CR,1.801,1.56,0.1631,0.545,88319,87131,109863,108385,2025
209170,Oklahoma,OK,2021,False,655057,2020,1179,0,248,123,1001,0,30,0,4457,343,8669247,1707476,8699392,220136,reported,reported,R,CR,1.8,1.528,0.1738,0.5515,88237,104288,104836,123906,2025
209170,Oklahoma,OK,2022,True,662314,2020,1152,86,251,15,972,0,44,0,4431,312,14449045,2087450,7277835,491574,reported,reported,R,R,1.739,1.468,0.1789,0.5459,150511,89850,165574,98842,2025
209170,Oklahoma,OK,2023,False,687725,2020,1053,92,271,13,1036,0,51,0,4455,312,9456901,2075023,8875126,453771,reported,reported,R,R,1.531,1.506,0.2047,0.5412,107771,102801,113869,108618,2025
209170,Oklahoma,OK,2024,False,694800,2020,1202,107,253,14,1055,0,45,0,4632,383,10842048,2018759,8115848,420471,reported,reported,R,R,1.73,1.518,0.1739,0.5516,108240,92313,111088,94742,2025
209170,Oklahoma,OK,2025,False,702767,2020,1285,93,271,28,1074,2,72,0,4940,538,11725438,2183244,10224874,669320,prorated,reported,T,R,1.828,1.528,0.1742,0.547,109498,114244,109498,114244,2025
212090,Tulsa,OK,2012,True,391906,2010,751,0,118,57,672,0,19,0,3904,88,4164410,399404,3486472,63750,reported,reported,R,R,1.916,1.715,0.1358,0.3996,66542,62258,93307,87300,2025
212090,Tulsa,OK,2013,False,391906,2010,776,0,127,51,673,0,19,0,3963,77,4602812,426818,3709706,65610,reported,reported,R,R,1.98,1.717,0.1406,0.4025,71178,66146,98367,91413,2025
212090,Tulsa,OK,2014,False,391906,2010,756,0,113,52,668,0,17,1,3780,85,4507200,378224,3604906,60483,reported,reported,R,R,1.929,1.704,0.13,0.4111,71543,64759,97293,88067,2025
212090,Tulsa,OK,2015,False,391906,2010,742,0,113,50,645,0,15,0,3677,94,4698741,454418,3908135,56655,reported,reported,R,R,1.893,1.646,0.1322,0.412,75990,72709,103218,98761,2025
212090,Tulsa,OK,2016,False,391906,2010,756,0,123,46,652,0,17,0,3732,91,4600572,505850,3623638,71736,reported,reported,R,R,1.929,1.664,0.1399,0.4148,73025,66693,97955,89461,2025
212090,Tulsa,OK,2017,True,403505,2010,738,0,127,47,659,0,17,0,3751,92,4797970,538049,4064009,68625,reported,reported,R,R,1.829,1.633,0.1468,0.4108,78016,74003,102467,97196,2025
212090,Tulsa,OK,2018,False,403505,2010,790,0,176,38,692,0,16,0,3827,54,5143896,774001,4337166,68496,reported,reported,R,R,1.958,1.715,0.1822,0.4374,78135,75211,100176,96428,2025
212090,Tulsa,OK,2019,False,401800,2010,823,0,169,39,735,0,16,0,3874,66,5413208,773815,4380939,67382,reported,reported,R,R,2.048,1.829,0.1704,0.4499,78929,71526,99393,90071,2025
212090,Tulsa,OK,2020,False,401190,2010,844,0,173,40,754,0,16,0,3989,64,5732366,819439,4639235,71355,prorated,prorated,T,T,2.104,1.879,0.1701,0.448,81503,73834,101384,91844,2025
212090,Tulsa,OK,2021,False,401190,2020,849,0,173,32,707,0,15,0,3918,42,5488024,853731,4526697,66042,reported,reported,R,R,2.116,1.762,0.1693,0.4451,77569,76832,92161,91285,2025
212090,Tulsa,OK,2022,True,403166,2020,827,0,171,36,713,0,13,0,3847,47,5869601,879097,5117936,62445,reported,reported,R,R,2.051,1.769,0.1713,0.4481,85170,86136,93694,94756,2025
212090,Tulsa,OK,2023,False,411401,2020,815,0,203,0,723,0,13,0,4102,24,6720812,985663,5264210,64230,reported,prorated,CR,T,1.981,1.757,0.1994,0.4276,98957,87373,104556,92317,2025
212090,Tulsa,OK,2024,False,411867,2020,802,0,179,0,741,0,13,0,4163,32,6887912,1038764,5653317,68977,reported,prorated,R,T,1.947,1.799,0.1825,0.4168,103061,91552,105773,93961,2025
212090,Tulsa,OK,2025,False,411894,2020,820,0,230,0,739,0,14,0,4213,48,7362083,1392056,6119709,84701,reported,reported,R,R,1.991,1.794,0.219,0.428,107738,99373,107738,99373,2025
193960,Bend,OR,2012,True,76639,2010,79,1,27,1,78,4,4,2,425,25,595312,148868,556312,22244,reported,reported,R,R,1.031,1.018,0.2547,0.4424,90427,85586,126799,120011,2025
193960,Bend,OR,2013,False,76639,2010,84,3,25,1,67,0,16,0,428,25,654220,108050,499426,100666,reported,reported,R,CR,1.096,0.874,0.2294,0.4486,93460,89449,129160,123617,2025
193960,Bend,OR,2014,False,76639,2010,91,1,19,0,77,1,7,1,445,27,730204,107162,667282,45830,reported,reported,CR,R,1.187,1.005,0.1727,0.436,96291,103992,130948,141421,2025
193960,Bend,OR,2015,False,76639,2010,91,1,17,1,85,0,8,5,488,31,694560,99266,733498,61322,reported,reported,R,R,1.187,1.109,0.1574,0.4119,91590,103553,124408,140657,2025
193960,Bend,OR,2016,False,76639,2010,98,0,21,0,94,0,11,22,547,24,826516,145576,746268,58900,reported,reported,R,R,1.279,1.227,0.1765,0.4095,101206,95268,135757,127792,2025
193960,Bend,OR,2017,True,87014,2010,100,2,18,0,88,0,28,12,564,37,794560,91444,778622,165802,reported,reported,R,R,1.149,1.011,0.1525,0.4149,95347,106176,125230,139453,2025
193960,Bend,OR,2018,False,87014,2010,108,3,20,3,108,8,11,2,614,41,903786,130267,969495,65633,reported,reported,R,R,1.241,1.241,0.1562,0.4023,100421,107722,128749,138110,2025
193960,Bend,OR,2019,False,94520,2010,107,1,23,2,103,12,10,1,623,40,891554,136551,890848,60450,reported,reported,R,R,1.132,1.09,0.1769,0.39,99987,103788,125911,130698,2025
193960,Bend,OR,2020,False,100421,2010,113,0,24,1,109,17,11,0,666,38,961988,148612,960708,71932,reported,reported,R,R,1.125,1.085,0.1752,0.3859,102158,105766,127077,131566,2025
193960,Bend,OR,2021,False,100421,2020,108,2,23,1,108,13,12,0,643,36,961805,160509,920193,76309,reported,reported,R,R,1.075,1.075,0.1756,0.3904,106867,102244,126970,121477,2025
193960,Bend,OR,2022,True,101886,2020,100,3,27,0,105,25,7,1,649,47,912022,182250,986793,44470,reported,reported,R,R,0.981,1.031,0.2126,0.3683,109443,112776,120396,124062,2025
193960,Bend,OR,2023,False,102059,2020,113,1,24,1,111,17,10,1,716,35,1173495,169661,1142338,89571,reported,reported,R,R,1.107,1.088,0.1752,0.3603,124619,123496,131670,130484,2025
193960,Bend,OR,2024,False,103254,2020,114,0,29,3,128,0,15,1,754,18,1235165,229438,1233189,101496,reported,reported,R,CR,1.104,1.24,0.2028,0.3793,130017,115611,133438,118653,2025
193960,Bend,OR,2025,False,104557,2020,111,1,39,2,132,0,18,1,785,19,1177479,402788,1319673,123238,reported,reported,R,CR,1.062,1.262,0.26,0.3822,127295,119970,127295,119970,2025
133222,Eugene,OR,2012,True,156185,2010,184,0,114,5,171,0,24,0,1806,426,1447169,681807,1314429,121190,reported,reported,R,R,1.178,1.095,0.3826,0.273,94381,92241,132344,129343,2025
133222,Eugene,OR,2013,False,156185,2010,187,0,112,3,174,0,27,0,1775,413,1442596,658554,1367362,133139,reported,reported,R,CR,1.197,1.114,0.3746,0.2817,92573,94301,127934,130323,2025
133222,Eugene,OR,2014,False,156185,2010,176,0,111,5,173,0,23,1,1732,462,1392500,649381,1384708,120747,reported,reported,R,R,1.127,1.108,0.3868,0.2789,94943,96049,129115,130619,2025
133222,Eugene,OR,2015,False,156185,2010,174,0,114,4,174,0,24,2,1749,523,1443030,712675,1494247,125001,reported,reported,R,R,1.114,1.114,0.3958,0.2779,99519,103052,135178,139977,2025
133222,Eugene,OR,2016,False,156185,2010,184,0,124,6,170,0,23,2,1761,529,1509182,787265,1516035,119664,reported,reported,R,R,1.178,1.088,0.4026,0.2845,98425,107014,132026,143548,2025
133222,Eugene,OR,2017,True,163460,2010,180,0,117,5,169,0,32,5,1789,503,1551005,768251,1627015,154648,reported,reported,R,R,1.101,1.034,0.3939,0.2784,103400,115528,135807,151736,2025
133222,Eugene,OR,2018,False,163460,2010,180,1,118,3,174,0,31,22,1866,565,1578429,754879,1694761,159575,reported,reported,R,R,1.101,1.064,0.396,0.2696,105229,116880,134914,149851,2025
133222,Eugene,OR,2019,False,168916,2010,187,1,131,3,168,0,46,13,1909,470,1555549,917875,1792442,302321,reported,reported,R,R,1.107,0.995,0.4119,0.2787,99821,128032,125702,161228,2025
133222,Eugene,OR,2020,False,172622,2010,192,0,129,4,176,0,34,12,1910,451,1717504,844177,1671894,187828,reported,reported,R,R,1.112,1.02,0.4019,0.278,107344,113993,133529,141799,2025
133222,Eugene,OR,2021,False,172622,2020,205,0,135,1,173,0,39,21,1928,245,1849807,920741,1878833,283750,reported,reported,R,R,1.188,1.002,0.3971,0.2863,108281,130324,128650,154840,2025
133222,Eugene,OR,2022,True,173236,2020,192,0,126,4,178,0,26,25,1929,378,1865084,950179,2007158,199611,reported,reported,R,R,1.108,1.028,0.3962,0.2706,116568,135314,128234,148856,2025
133222,Eugene,OR,2023,False,175096,2020,186,0,136,6,162,0,52,38,2001,419,1920619,1069541,1721898,321117,reported,reported,R,R,1.062,0.925,0.4224,0.2679,123911,127548,130922,134765,2025
133222,Eugene,OR,2024,False,177923,2020,186,0,125,7,148,0,51,37,2054,478,2048282,1065331,1785270,434236,reported,reported,R,R,1.045,0.832,0.4019,0.2483,132147,144752,135624,148561,2025
133222,Eugene,OR,2025,False,177899,2020,196,0,131,9,174,0,48,36,2092,472,2176180,1110564,2028194,363430,reported,reported,R,R,1.102,0.978,0.4006,0.2624,133236,139875,133236,139875,2025
173685,Gresham,OR,2012,True,105594,2010,124,3,17,0,90,0,0,0,498,30,862842,74172,674528,0,reported,reported,R,CR,1.174,0.852,0.1206,0.4639,83501,89937,117087,126112,2025
173685,Gresham,OR,2013,False,105594,2010,123,3,17,0,89,0,0,0,494,30,990966,85186,774690,0,prorated,prorated,T,T,1.165,0.843,0.1214,0.4636,96680,104453,133610,144352,2025
173685,Gresham,OR,2014,False,105594,2010,125,3,17,0,90,0,0,0,500,30,1014276,87190,792911,0,prorated,prorated,T,T,1.184,0.852,0.1197,0.464,97370,105721,132416,143773,2025
173685,Gresham,OR,2015,False,105594,2010,124,3,17,0,89,0,0,0,497,30,1108949,95328,866923,0,prorated,prorated,T,T,1.174,0.843,0.1206,0.4628,107318,116888,145771,158770,2025
173685,Gresham,OR,2016,False,105594,2010,128,3,18,0,93,0,0,0,516,30,990396,85138,774244,0,prorated,prorated,T,T,1.212,0.881,0.1233,0.4632,92850,99902,124548,134008,2025
173685,Gresham,OR,2017,True,110553,2010,132,0,24,0,95,0,3,0,491,7,1129276,118112,806414,13233,reported,reported,R,CR,1.194,0.859,0.1538,0.5173,102661,101863,134836,133788,2025
173685,Gresham,OR,2018,False,110553,2010,129,0,34,0,107,0,5,1,582,41,991650,188894,835648,21124,reported,reported,R,CR,1.167,0.968,0.2086,0.4725,92247,93718,118269,120155,2025
173685,Gresham,OR,2019,False,111053,2010,137,3,27,0,107,0,5,1,570,18,1138260,127012,985069,39461,reported,reported,R,R,1.234,0.964,0.1646,0.4842,99702,110475,125552,139119,2025
173685,Gresham,OR,2020,False,109381,2010,131,0,31,0,100,0,6,0,607,13,1042022,180770,971892,52870,reported,reported,R,R,1.198,0.914,0.1914,0.4415,95452,116627,118736,145076,2025
173685,Gresham,OR,2021,False,109381,2020,131,0,33,0,125,0,6,0,653,13,1046949,180936,958350,52918,prorated,prorated,RT,RT,1.198,1.143,0.2012,0.4518,95904,92002,113945,109309,2025
173685,Gresham,OR,2022,True,110031,2020,118,0,30,0,112,0,5,0,588,12,1129799,195254,1034189,57106,prorated,prorated,T,T,1.072,1.018,0.2027,0.4507,114895,110806,126393,121895,2025
173685,Gresham,OR,2023,False,113103,2020,121,0,31,0,115,0,5,0,604,12,1211466,210983,1110418,59715,imputed,imputed,TX,TX,1.07,1.017,0.2039,0.4503,120145,115870,126943,122426,2025
173685,Gresham,OR,2024,False,111621,2020,124,0,32,0,118,0,5,0,620,12,1315314,230737,1207126,63266,imputed,imputed,TX,TX,1.111,1.057,0.2051,0.45,127288,122759,130637,125989,2025
173685,Gresham,OR,2025,False,110685,2020,123,0,32,0,117,0,5,0,618,12,1358984,234863,1243979,62042,prorated,prorated,T,T,1.111,1.057,0.2065,0.4482,132584,127588,132584,127588,2025
211253,Hillsboro,OR,2012,True,91611,2010,119,0,41,3,96,0,6,0,665,272,871432,185852,723350,26946,reported,reported,R,R,1.299,1.048,0.2562,0.394,87875,90419,123221,126788,2025
211253,Hillsboro,OR,2013,False,91611,2010,121,0,44,1,91,8,9,0,675,287,908730,215574,725838,57554,reported,reported,R,R,1.321,0.993,0.2667,0.3926,90122,95715,124547,132277,2025
211253,Hillsboro,OR,2014,False,91611,2010,128,0,43,1,90,5,13,0,693,303,982116,213866,727512,71974,reported,reported,R,R,1.397,0.982,0.2515,0.3954,92073,97002,125212,131915,2025
211253,Hillsboro,OR,2015,False,91611,2010,121,0,46,1,91,0,12,0,689,298,879362,223918,737382,67378,reported,reported,R,R,1.321,0.993,0.2754,0.3919,87209,97237,118457,132078,2025
211253,Hillsboro,OR,2016,False,91611,2010,129,0,47,4,91,0,13,0,716,319,960256,242990,797614,81434,reported,reported,R,R,1.408,0.993,0.267,0.3911,89326,105180,119821,141087,2025
211253,Hillsboro,OR,2017,True,102347,2010,126,0,48,2,96,0,13,0,739,326,952216,247808,824778,75522,reported,reported,R,R,1.231,0.938,0.2759,0.3829,90687,103097,119109,135409,2025
211253,Hillsboro,OR,2018,False,102347,2010,134,0,48,1,102,0,13,0,764,332,1111553,260832,865168,80890,reported,reported,R,R,1.309,0.997,0.2637,0.3887,99542,101784,127622,130497,2025
211253,Hillsboro,OR,2019,False,106894,2010,135,0,51,2,111,0,11,0,787,337,1097777,280304,1037396,65601,reported,reported,R,R,1.263,1.038,0.2742,0.3914,97580,112151,122880,141229,2025
211253,Hillsboro,OR,2020,False,109128,2010,134,1,43,1,100,0,17,0,795,322,1191669,272117,972060,179518,reported,reported,R,R,1.228,0.916,0.2429,0.3698,106717,116647,132749,145101,2025
211253,Hillsboro,OR,2021,False,109128,2020,133,0,53,0,99,0,17,0,803,235,1146122,312783,1026422,141739,reported,reported,R,R,1.219,0.907,0.2849,0.3761,103410,124415,122863,147819,2025
211253,Hillsboro,OR,2022,True,110985,2020,136,4,48,1,99,0,18,0,814,271,1222097,295844,1073908,162675,reported,reported,R,R,1.225,0.892,0.2609,0.3698,107832,130171,118623,143198,2025
211253,Hillsboro,OR,2023,False,106633,2020,127,0,48,9,106,0,18,0,833,352,1321811,325284,1237554,173806,reported,reported,R,R,1.191,0.994,0.2743,0.3589,124896,140100,131963,148027,2025
211253,Hillsboro,OR,2024,False,107299,2020,132,0,50,10,112,0,18,0,872,373,1366689,353401,1217885,181814,reported,reported,R,R,1.23,1.044,0.2747,0.3578,124244,130488,127513,133921,2025
211253,Hillsboro,OR,2025,False,107730,2020,132,0,50,6,132,0,13,0,908,347,1427716,357741,1579749,109627,reported,reported,R,R,1.225,1.225,0.2747,0.3601,129792,143614,129792,143614,2025
211254,Portland,OR,2012,True,583776,2010,933,3,369,13,679,2,58,5,5419,1324,7065919,1985922,4952390,365944,reported,reported,R,R,1.598,1.163,0.2834,0.3763,90880,87524,127434,122729,2025
211254,Portland,OR,2013,False,583776,2010,1183,0,403,0,675,0,60,7,5669,1313,7431986,2075107,5085051,375158,reported,reported,C,CR,2.026,1.156,0.2541,0.4094,75388,90401,104185,124933,2025
211254,Portland,OR,2014,False,583776,2010,936,0,342,4,638,2,53,7,5299,1284,7418165,1906383,5229541,359188,reported,reported,R,R,1.603,1.093,0.2676,0.3716,95105,98361,129336,133763,2025
211254,Portland,OR,2015,False,583776,2010,911,0,362,6,652,2,55,8,5425,1313,7732669,2103430,5504752,379347,reported,reported,R,R,1.561,1.117,0.2844,0.365,101857,101314,138354,137616,2025
211254,Portland,OR,2016,False,583776,2010,911,1,385,9,678,2,60,4,5871,1315,7240123,2261942,5932151,413615,imputed,reported,RX,R,1.561,1.161,0.2971,0.3464,95369,104994,127927,140838,2025
211254,Portland,OR,2017,True,632309,2010,874,3,396,10,668,3,54,4,5868,1168,7712461,2385253,5920639,377049,reported,reported,R,R,1.382,1.056,0.3118,0.3395,105892,106359,139080,139693,2025
211254,Portland,OR,2018,False,632309,2010,887,0,401,12,660,2,53,6,5890,1221,8363796,2522948,5909424,401705,reported,reported,R,R,1.403,1.044,0.3113,0.3397,113152,107444,145072,137753,2025
211254,Portland,OR,2019,False,647805,2010,857,1,385,16,639,2,63,6,5923,1194,8640238,2513589,6052296,471402,reported,reported,R,R,1.323,0.986,0.31,0.3282,120983,113658,152351,143127,2025
211254,Portland,OR,2020,False,654741,2010,917,1,408,15,660,2,60,6,6286,1446,9243841,2675971,6228511,495783,reported,reported,R,R,1.401,1.008,0.3079,0.3253,120966,113246,150473,140870,2025
211254,Portland,OR,2021,False,654741,2020,913,1,406,14,657,2,60,6,6258,1355,9604431,2780357,6471478,515123,imputed,imputed,G,G,1.394,1.003,0.3078,0.3253,126236,118201,149983,140436,2025
211254,Portland,OR,2022,True,656751,2020,910,1,404,14,655,2,59,6,6232,1403,9935088,2876076,6694275,532857,imputed,imputed,G,G,1.386,0.997,0.3075,0.3254,131012,122643,144123,134917,2025
211254,Portland,OR,2023,False,641162,2020,728,0,426,10,641,1,116,9,6190,757,8831172,3416676,7663176,937451,reported,reported,R,R,1.135,1.0,0.3692,0.3087,145569,143460,153806,151577,2025
211254,Portland,OR,2024,False,635067,2020,786,0,470,13,687,1,101,13,6737,1273,9873848,3920581,8769625,894620,reported,reported,R,R,1.238,1.082,0.3742,0.3034,150746,153181,154713,157212,2025
211254,Portland,OR,2025,False,630498,2020,775,0,578,11,680,1,78,5,6827,1623,10375833,4899964,8977821,737501,reported,reported,R,R,1.229,1.079,0.4272,0.3092,160658,158432,160658,158432,2025
205218,Salem,OR,2012,True,154637,2010,185,0,103,24,154,0,7,0,1145,120,1226238,484807,1173467,34999,reported,reported,R,R,1.196,0.996,0.3576,0.3921,79540,91439,111533,128218,2025
205218,Salem,OR,2013,False,154637,2010,189,0,106,21,140,0,7,0,1122,130,1317447,531568,1092529,38023,reported,reported,CR,R,1.222,0.905,0.3593,0.3939,83647,93645,115599,129416,2025
205218,Salem,OR,2014,False,154637,2010,186,0,110,23,131,0,7,0,1109,137,1354483,583238,1017531,39625,reported,reported,CR,R,1.203,0.847,0.3716,0.3913,87386,93209,118838,126757,2025
205218,Salem,OR,2015,False,154637,2010,176,0,112,25,141,0,6,0,1111,123,1277833,597337,1066137,28126,reported,reported,R,R,1.138,0.912,0.3889,0.3915,87125,90735,118343,123246,2025
205218,Salem,OR,2016,False,154637,2010,174,0,112,32,138,0,6,0,1111,123,1264153,594600,1088038,28908,reported,reported,R,R,1.125,0.892,0.3916,0.387,87183,94612,116946,126912,2025
205218,Salem,OR,2017,True,164549,2010,181,0,116,31,152,0,6,0,1158,121,1401439,661106,1185148,29466,reported,reported,R,R,1.1,0.924,0.3906,0.3929,92913,93564,122033,122888,2025
205218,Salem,OR,2018,False,164549,2010,192,3,112,25,150,1,6,0,1183,111,1550889,641826,1289673,31493,reported,reported,R,R,1.167,0.912,0.3684,0.3888,96931,103174,124275,132279,2025
205218,Salem,OR,2019,False,169798,2010,189,2,110,25,168,0,6,0,1209,92,1580893,668419,1515272,32334,reported,reported,R,R,1.113,0.989,0.3679,0.3912,100374,108234,126399,136297,2025
205218,Salem,OR,2020,False,174365,2010,183,2,116,25,159,0,6,0,1199,76,1556428,729011,1508843,33908,reported,reported,R,R,1.05,0.912,0.388,0.387,102061,113875,126957,141653,2025
205218,Salem,OR,2021,False,174365,2020,186,0,122,28,157,0,5,0,1217,65,1656398,718952,1621376,31356,reported,reported,R,R,1.067,0.9,0.3961,0.3862,106864,123927,126967,147239,2025
205218,Salem,OR,2022,True,175891,2020,181,0,42,15,158,0,72,6,1209,79,1728686,248393,1718062,547162,reported,reported,R,R,1.029,0.898,0.1883,0.3747,114609,130486,126079,143545,2025
205218,Salem,OR,2023,False,177723,2020,174,3,45,16,161,0,75,8,1227,76,2047057,269190,1943439,639694,reported,reported,R,R,0.979,0.906,0.2055,0.3708,141176,144853,149164,153049,2025
205218,Salem,OR,2024,False,177487,2020,183,0,47,14,165,0,77,3,1270,71,1914498,298959,2106714,652739,reported,reported,R,R,1.031,0.93,0.2043,0.3717,125541,153216,128844,157248,2025
205218,Salem,OR,2025,False,177432,2020,182,0,51,18,163,15,84,13,1294,100,2069315,332851,2198673,805812,reported,reported,R,R,1.026,0.919,0.2189,0.3709,136438,161865,136438,161865,2025
174015,Allentown,PA,2012,True,118032,2010,193,0,56,55,141,0,1,1,844,112,1242176,232560,888524,6099,imputed,imputed,G,G,1.635,1.195,0.2249,0.4633,77234,75619,108300,106035,2025
174015,Allentown,PA,2013,False,118032,2010,189,0,55,55,138,0,1,1,827,112,1258531,235622,900223,6179,imputed,imputed,G,G,1.601,1.169,0.2254,0.4631,79907,78280,110430,108182,2025
174015,Allentown,PA,2014,False,118032,2010,191,0,56,52,140,0,1,1,839,106,1331665,249314,952535,6538,imputed,imputed,G,G,1.618,1.186,0.2267,0.4625,83665,81646,113778,111032,2025
174015,Allentown,PA,2015,False,118032,2010,190,0,56,41,139,0,1,1,837,85,1363660,255304,975421,6695,imputed,imputed,G,G,1.61,1.178,0.2276,0.4612,86126,84209,116986,114382,2025
174015,Allentown,PA,2016,False,118032,2010,191,0,56,36,140,0,1,1,839,74,1327979,248624,949898,6520,imputed,imputed,G,G,1.618,1.186,0.2267,0.4625,83433,81420,111916,109216,2025
174015,Allentown,PA,2017,True,120207,2010,176,0,58,37,135,3,23,0,758,67,1261240,331425,843974,133903,imputed,imputed,G,G,1.464,1.123,0.2479,0.5172,85994,75020,112945,98532,2025
174015,Allentown,PA,2018,False,120207,2010,175,0,58,37,134,3,23,0,755,67,1311450,344619,877572,139233,imputed,imputed,G,G,1.456,1.115,0.2489,0.5166,89928,78589,115296,100759,2025
174015,Allentown,PA,2019,False,121283,2010,174,0,57,37,134,3,23,0,750,67,1350517,354885,903715,143381,imputed,imputed,G,G,1.435,1.105,0.2468,0.5173,93139,80930,117288,101913,2025
174015,Allentown,PA,2020,False,121442,2010,176,0,58,0,135,3,23,0,758,30,1414678,371745,946649,150193,reported,reported,R,R,1.449,1.112,0.2479,0.5172,96455,84147,119983,104673,2025
174015,Allentown,PA,2021,False,121442,2020,176,0,58,0,130,2,38,0,766,30,1457120,377323,973825,214376,reported,reported,R,R,1.449,1.07,0.2479,0.5248,99349,89892,118038,106802,2025
174015,Allentown,PA,2022,True,121470,2020,213,0,27,0,132,0,2,0,798,30,1708644,143421,1048387,12124,reported,reported,R,R,1.754,1.087,0.1125,0.4687,96262,95308,105896,104846,2025
174015,Allentown,PA,2023,False,125944,2020,199,0,25,0,129,0,3,0,810,27,1719167,128576,1097306,18377,reported,reported,R,R,1.58,1.024,0.1116,0.4395,103668,102075,109534,107851,2025
174015,Allentown,PA,2024,False,125094,2020,209,0,27,0,142,0,3,0,829,28,1864130,147342,1238780,20197,reported,reported,R,R,1.671,1.135,0.1144,0.4596,107031,104686,109847,107441,2025
174015,Allentown,PA,2025,False,124880,2020,210,0,28,0,142,0,2,1,846,32,2153575,158469,1241043,15510,reported,reported,R,R,1.682,1.137,0.1176,0.4515,123061,104877,123061,104877,2025
133602,Philadelphia,PA,2012,True,1526006,2010,6599,0,803,903,2071,0,109,0,28946,1206,42933348,3021116,13789761,462722,reported,reported,R,R,4.324,1.357,0.1085,0.331,78072,79902,109475,112041,2025
133602,Philadelphia,PA,2013,False,1526006,2010,6528,0,835,903,2135,0,98,0,29016,1200,43679651,3165395,14069483,472130,reported,reported,R,R,4.278,1.399,0.1134,0.3307,80293,79079,110964,109286,2025
133602,Philadelphia,PA,2014,False,1526006,2010,6434,0,800,866,2158,0,106,0,29028,1176,44572123,3032467,14791017,491649,reported,reported,R,R,4.216,1.414,0.1106,0.3272,83131,82248,113052,111851,2025
133602,Philadelphia,PA,2015,False,1526006,2010,6410,0,790,858,2134,0,116,0,29111,1228,44572123,3881603,14791017,541798,reported,imputed,R,AR,4.201,1.398,0.1097,0.3246,83442,83173,113340,112975,2025
133602,Philadelphia,PA,2016,False,1526006,2010,6331,0,793,856,2437,0,113,0,29571,1161,46246336,3403393,17404368,478826,reported,reported,R,CR,4.149,1.597,0.1113,0.3271,87657,85701,117582,114958,2025
133602,Philadelphia,PA,2017,True,1567442,2010,6326,0,822,867,2397,0,113,0,30052,1193,48249638,3608276,17708340,788188,reported,reported,R,R,4.036,1.529,0.115,0.3214,91526,88653,120211,116438,2025
133602,Philadelphia,PA,2018,False,1567442,2010,6497,0,789,883,2466,0,114,0,30344,1312,49346779,4447338,19892332,658495,reported,reported,CR,R,4.145,1.573,0.1083,0.3251,91144,96800,116855,124107,2025
133602,Philadelphia,PA,2019,False,1580863,2010,6588,0,815,795,2613,0,118,0,30753,1169,54687213,4002654,23283407,797956,reported,reported,R,R,4.167,1.653,0.1101,0.3295,99612,106927,125439,134651,2025
133602,Philadelphia,PA,2020,False,1584064,2010,6530,0,835,781,2610,0,121,0,31102,1134,57123149,4002654,23285621,797956,reported,reported,R,R,4.122,1.648,0.1134,0.3246,104974,107060,130580,133175,2025
133602,Philadelphia,PA,2021,False,1584064,2020,6305,0,817,708,2655,0,119,0,30050,968,53136389,3994866,24692640,632582,reported,reported,R,R,3.98,1.676,0.1147,0.3293,101132,111605,120156,132599,2025
133602,Philadelphia,PA,2022,True,1578487,2020,6049,0,832,655,2652,0,111,0,29033,879,50992781,4237961,27233462,734321,reported,reported,R,R,3.832,1.68,0.1209,0.3322,101159,123228,111283,135560,2025
133602,Philadelphia,PA,2023,False,1576251,2020,6057,0,828,633,2670,0,132,4,28595,1602,52506117,4108262,29025085,829364,reported,reported,CR,R,3.843,1.694,0.1203,0.3388,104024,130450,109910,137831,2025
133602,Philadelphia,PA,2024,False,1567258,2020,5433,0,959,642,2687,0,205,0,28910,1376,50992781,5419265,27233462,2004234,imputed,reported,RX,CR,3.467,1.714,0.15,0.3211,112629,121623,115593,124823,2025
133602,Philadelphia,PA,2025,False,1550542,2020,5275,0,957,837,2656,0,199,0,30266,1894,59050498,5227410,31506044,1870361,reported,reported,R,R,3.402,1.713,0.1536,0.3002,134333,142347,134333,142347,2025
133470,Pittsburgh,PA,2012,True,305704,2010,876,0,50,71,604,0,7,0,3064,134,5914185,147973,4132462,17626,reported,reported,C,R,2.866,1.976,0.054,0.5016,81016,82102,113603,115126,2025
133470,Pittsburgh,PA,2013,False,305704,2010,877,0,75,149,604,0,0,0,2990,286,5926041,204828,4369147,0,prorated,imputed,CT,CRX,2.869,1.976,0.0788,0.5204,81086,86804,112060,119962,2025
133470,Pittsburgh,PA,2014,False,305704,2010,865,0,74,149,617,0,7,0,3208,273,7542277,260692,4477697,25267,prorated,imputed,T,AR,2.83,2.018,0.0788,0.4872,104633,87086,142293,118430,2025
133470,Pittsburgh,PA,2015,False,305704,2010,787,0,67,131,561,0,6,0,2921,243,6592070,227850,3913580,22085,prorated,prorated,T,T,2.574,1.835,0.0785,0.4865,100514,83713,136529,113708,2025
133470,Pittsburgh,PA,2016,False,305704,2010,856,0,73,117,610,0,7,0,3178,218,6277208,216967,3726652,21031,prorated,prorated,T,T,2.8,1.995,0.0786,0.4865,87998,73311,118040,98339,2025
133470,Pittsburgh,PA,2017,True,304391,2010,915,0,61,90,665,0,31,0,3149,229,6677314,193688,3302180,151672,reported,reported,R,R,3.006,2.185,0.0625,0.531,87571,59588,115017,78263,2025
133470,Pittsburgh,PA,2018,False,304391,2010,920,0,107,86,692,0,3,0,3226,227,7078948,404317,4439409,12144,reported,reported,R,R,3.022,2.273,0.1042,0.5338,92334,76984,118381,98701,2025
133470,Pittsburgh,PA,2019,False,302407,2010,938,0,112,81,664,0,19,0,3258,227,7304995,475296,4355942,67677,reported,reported,R,R,3.102,2.196,0.1067,0.5319,93454,78722,117684,99133,2025
133470,Pittsburgh,PA,2020,False,300286,2010,1003,0,135,7,680,0,15,0,3397,168,7762278,419988,5193868,62706,reported,reported,R,R,3.34,2.265,0.1186,0.5396,92869,91656,115523,114014,2025
133470,Pittsburgh,PA,2021,False,300286,2020,985,0,167,5,673,0,14,0,3349,108,8048822,578246,5777418,68585,reported,reported,R,R,3.28,2.241,0.145,0.5491,98057,103015,116503,122393,2025
133470,Pittsburgh,PA,2022,True,299226,2020,917,0,163,4,673,0,13,0,3376,105,8286854,601064,5864201,53876,reported,reported,R,R,3.065,2.249,0.1509,0.5231,108443,104562,119296,115026,2025
133470,Pittsburgh,PA,2023,False,300431,2020,789,0,147,3,651,0,13,0,3077,75,7904001,565183,5721077,65634,imputed,reported,RX,R,2.626,2.167,0.1571,0.52,120213,105458,127015,111425,2025
133470,Pittsburgh,PA,2024,False,302898,2020,785,0,160,16,717,0,13,0,3366,132,8187224,658917,6158553,65633,reported,reported,R,R,2.592,2.367,0.1693,0.4976,125155,103072,128448,105784,2025
133470,Pittsburgh,PA,2025,False,303255,2020,780,0,144,13,688,0,13,0,3410,173,8206277,606939,6394507,63207,reported,reported,R,R,2.572,2.269,0.1558,0.4765,126250,111532,126250,111532,2025
112811,Providence,RI,2012,True,178042,2010,412,2,64,92,349,0,24,1,4795,283,3038166,228576,2757343,149064,imputed,imputed,X,X,2.314,1.96,0.1345,0.1771,88490,94808,124083,132942,2025
112811,Providence,RI,2013,False,178042,2010,413,2,64,92,350,0,24,1,4752,285,3047614,229287,2765917,149528,imputed,reported,RX,R,2.32,1.966,0.1342,0.1791,88551,94831,122376,131055,2025
112811,Providence,RI,2014,False,178042,2010,410,0,64,0,349,0,24,0,4473,331,3028919,227880,2760973,149261,prorated,prorated,T,T,2.303,1.96,0.135,0.1894,88651,94933,120559,129102,2025
112811,Providence,RI,2015,False,178042,2010,437,0,80,0,436,0,22,0,5038,435,2910521,316182,2841850,111031,reported,reported,R,R,2.454,2.449,0.1547,0.1935,79923,78216,108560,106242,2025
112811,Providence,RI,2016,False,178042,2010,445,0,81,0,444,0,22,0,5111,371,2979116,323633,2908827,113648,prorated,prorated,T,T,2.499,2.494,0.154,0.1941,80336,78617,107762,105456,2025
112811,Providence,RI,2017,True,179207,2010,384,0,30,0,352,0,35,0,4155,456,3537348,205503,3382091,231579,reported,reported,R,R,2.143,1.964,0.0725,0.1928,110542,115299,145187,151435,2025
112811,Providence,RI,2018,False,179207,2010,394,0,30,0,391,0,76,0,4352,503,3355803,213209,3021813,452945,imputed,reported,CX,R,2.199,2.182,0.0708,0.2047,102207,92741,131039,118903,2025
112811,Providence,RI,2019,False,180393,2010,392,0,30,0,389,0,76,0,4378,479,3411158,216726,3071659,460416,imputed,imputed,G,G,2.173,2.156,0.0711,0.2026,104423,94756,131497,119324,2025
112811,Providence,RI,2020,False,179883,2010,528,0,8,0,488,0,66,0,1899,114,3815808,52071,3382895,410285,imputed,imputed,RX,RX,2.935,2.713,0.0149,0.574,86723,83186,107877,103478,2025
112811,Providence,RI,2021,False,179883,2020,570,0,5,0,522,0,73,0,1891,46,4284567,31169,3753202,470682,reported,reported,CR,R,3.169,2.902,0.0087,0.6187,90201,86281,107169,102512,2025
112811,Providence,RI,2022,True,179270,2020,563,0,5,0,515,0,72,0,1901,75,4268412,26882,3734639,468355,imputed,imputed,CX,X,3.141,2.873,0.0088,0.6076,90979,87021,100084,95730,2025
112811,Providence,RI,2023,False,189692,2020,566,0,5,0,517,0,72,0,1907,77,4331371,27280,3789726,475263,imputed,imputed,G,G,2.984,2.725,0.0088,0.6083,91831,87963,97027,92940,2025
112811,Providence,RI,2024,False,189563,2020,582,0,5,0,532,0,74,0,1959,81,4642111,29237,4061607,509359,imputed,imputed,G,G,3.07,2.806,0.0085,0.609,95714,91615,98232,94026,2025
112811,Providence,RI,2025,False,190792,2020,585,0,5,0,535,0,74,0,1967,80,4770628,30048,4174053,523459,imputed,imputed,G,G,3.066,2.804,0.0085,0.6096,97859,93624,97859,93624,2025
174889,Charleston,SC,2012,True,120083,2010,410,0,123,2,316,0,5,4,1967,148,1716333,378811,1265535,17446,reported,reported,CR,R,3.414,2.632,0.2308,0.4342,50234,48058,70439,67388,2025
174889,Charleston,SC,2013,False,120083,2010,424,0,133,1,310,0,10,1,1934,148,1714750,402700,1263202,37558,reported,reported,CR,R,3.531,2.582,0.2388,0.4535,48531,48898,67069,67576,2025
174889,Charleston,SC,2014,False,120083,2010,433,0,131,2,312,0,16,2,1972,119,1801054,406268,1438945,73809,reported,reported,R,R,3.606,2.598,0.2323,0.4523,49914,55344,67879,75264,2025
174889,Charleston,SC,2015,False,120083,2010,443,0,102,0,321,0,29,0,2024,130,1884156,345712,1385521,135432,reported,reported,R,R,3.689,2.673,0.1872,0.4422,51038,51795,69326,70354,2025
174889,Charleston,SC,2016,False,120083,2010,429,0,99,2,323,0,15,1,1896,144,2105310,340703,1587025,63249,reported,reported,R,R,3.573,2.69,0.1875,0.4568,58890,58961,78994,79090,2025
174889,Charleston,SC,2017,True,132609,2010,442,0,102,2,333,0,15,1,1948,141,2231545,361132,1682183,67041,imputed,imputed,G,G,3.333,2.511,0.1875,0.4579,60585,60619,79573,79618,2025
174889,Charleston,SC,2018,False,132609,2010,440,0,101,2,331,0,15,1,1938,144,2348087,379992,1770035,70542,imputed,imputed,G,G,3.318,2.496,0.1867,0.4577,64039,64170,82104,82272,2025
174889,Charleston,SC,2019,False,134875,2010,448,0,103,2,337,0,15,1,1970,144,2436670,394327,1836811,73203,imputed,imputed,G,G,3.322,2.499,0.1869,0.4584,65268,65406,82190,82364,2025
174889,Charleston,SC,2020,False,137566,2010,415,0,77,0,359,0,25,0,2042,106,2131801,302294,1892033,117374,imputed,imputed,G,G,3.017,2.61,0.1565,0.429,61642,63243,76678,78670,2025
174889,Charleston,SC,2021,False,137566,2020,404,0,75,0,350,0,24,0,1974,103,2131012,302182,1891333,117331,,,,,2.937,2.544,0.1566,0.4321,63297,64846,75204,77044,2025
174889,Charleston,SC,2022,True,139714,2020,404,0,75,0,350,0,24,0,1961,103,2210757,313490,1962109,121721,reported,reported,R,R,2.892,2.505,0.1566,0.435,65666,67272,72238,74004,2025
174889,Charleston,SC,2023,False,151612,2020,410,0,76,0,355,0,24,0,1978,117,2368249,335823,2101889,130393,imputed,imputed,G,G,2.704,2.342,0.1564,0.4373,69315,71050,73237,75070,2025
174889,Charleston,SC,2024,False,153672,2020,427,0,79,0,370,0,25,0,2055,124,2619037,371384,2324471,144201,imputed,imputed,G,G,2.779,2.408,0.1561,0.4384,73603,75388,75540,77372,2025
174889,Charleston,SC,2025,False,155369,2020,438,0,81,0,379,0,26,0,2103,148,2823117,400323,2505597,155436,imputed,imputed,G,G,2.819,2.439,0.1561,0.4394,77346,79333,77346,79333,2025
174959,Columbia,SC,2012,True,129272,2010,372,0,72,24,337,0,129,0,2218,71,1259515,193149,1179573,486823,prorated,imputed,T,AC,2.878,2.607,0.1622,0.4103,40630,42003,56972,58898,2025
174959,Columbia,SC,2013,False,129272,2010,375,0,72,28,337,3,156,0,2110,80,1258196,192947,1180525,709689,reported,imputed,CR,CRX,2.901,2.607,0.1611,0.4455,40262,42036,55641,58093,2025
174959,Columbia,SC,2014,False,129272,2010,393,0,46,22,379,2,167,0,2226,61,1328165,129898,1179143,575030,imputed,reported,RX,R,3.04,2.932,0.1048,0.4425,40555,37334,55152,50771,2025
174959,Columbia,SC,2015,False,129272,2010,375,0,46,25,374,0,165,5,2049,85,1307681,208543,1225285,597532,reported,prorated,R,T,2.901,2.893,0.1093,0.4685,41846,39314,56840,53401,2025
174959,Columbia,SC,2016,False,129272,2010,394,0,46,12,401,0,176,0,2186,63,1435784,140423,1364937,665636,prorated,prorated,T,T,3.048,3.102,0.1045,0.4652,43729,40846,58658,54790,2025
174959,Columbia,SC,2017,True,133803,2010,292,0,162,9,337,0,253,0,2353,63,1043127,581887,1094741,993382,reported,reported,C,C,2.182,2.519,0.3568,0.4437,42868,38982,56303,51199,2025
174959,Columbia,SC,2018,False,133803,2010,290,0,161,9,335,0,252,0,2295,56,1097604,612276,1151914,1045261,imputed,imputed,G,G,2.167,2.504,0.357,0.4523,45418,41263,58230,52903,2025
174959,Columbia,SC,2019,False,133114,2010,447,20,85,0,329,0,248,5,2472,53,2038831,320992,1327819,1204879,reported,prorated,R,T,3.358,2.472,0.1598,0.4486,54734,48431,68925,60988,2025
174959,Columbia,SC,2020,False,131674,2010,455,20,87,0,335,0,253,5,2516,51,2114580,332918,1377152,1249644,imputed,imputed,G,G,3.456,2.544,0.1605,0.4491,55769,49331,69373,61364,2025
174959,Columbia,SC,2021,False,131674,2020,462,19,88,0,340,0,257,5,2553,50,2182508,343613,1421391,1289787,imputed,imputed,G,G,3.509,2.582,0.16,0.4493,56689,50167,67353,59604,2025
174959,Columbia,SC,2022,True,132130,2020,460,20,87,0,338,0,256,5,2519,47,2267209,356948,1476554,1339842,imputed,imputed,G,G,3.481,2.558,0.159,0.453,59145,52422,65064,57668,2025
174959,Columbia,SC,2023,False,137541,2020,467,22,88,0,343,0,260,5,2557,54,2428723,382377,1581742,1435291,imputed,imputed,G,G,3.395,2.494,0.1586,0.4529,62408,55338,65939,58469,2025
174959,Columbia,SC,2024,False,139698,2020,487,24,92,0,358,0,271,6,2660,58,2685916,422869,1749243,1587283,imputed,imputed,G,G,3.486,2.563,0.1589,0.4541,66183,58634,67924,60177,2025
174959,Columbia,SC,2025,False,142416,2020,499,29,94,0,367,0,278,7,2743,71,2895206,455819,1885546,1710966,imputed,imputed,G,G,3.504,2.577,0.1585,0.4513,69624,61653,69624,61653,2025
174894,North Charleston,SC,2012,True,97471,2010,309,0,80,0,214,0,12,0,980,144,1169364,236488,728511,37036,reported,reported,CR,R,3.17,2.196,0.2057,0.6276,45412,40851,63678,57282,2025
174894,North Charleston,SC,2013,False,97471,2010,311,0,82,0,210,0,12,0,979,144,1222000,253003,775113,38650,reported,reported,R,R,3.191,2.154,0.2087,0.6282,47151,44292,65162,61211,2025
174894,North Charleston,SC,2014,False,97471,2010,331,0,80,0,216,0,12,0,1007,149,1314794,252285,821998,38562,reported,reported,R,R,3.396,2.216,0.1946,0.6346,47666,45667,64822,62104,2025
174894,North Charleston,SC,2015,False,97471,2010,332,0,80,0,232,0,14,0,1041,143,1373143,249034,901872,46952,reported,reported,R,R,3.406,2.38,0.1942,0.6321,49632,46649,67416,63364,2025
174894,North Charleston,SC,2016,False,97471,2010,340,0,76,0,230,0,19,0,1054,157,1493020,253733,913422,66125,reported,reported,R,R,3.488,2.36,0.1827,0.6309,52695,47657,70685,63927,2025
174894,North Charleston,SC,2017,True,108304,2010,344,0,80,0,226,0,17,0,1059,187,1436148,271777,942112,61940,reported,reported,R,R,3.176,2.087,0.1887,0.6298,50098,50024,65799,65702,2025
174894,North Charleston,SC,2018,False,108304,2010,331,0,80,1,232,0,20,1,1052,188,1496545,276868,1054794,74856,reported,reported,R,R,3.056,2.142,0.1946,0.6302,54255,54558,69560,69949,2025
174894,North Charleston,SC,2019,False,110861,2010,332,0,74,2,227,0,21,3,1026,195,1522647,263638,1128518,82036,reported,reported,R,R,2.995,2.048,0.1823,0.6374,55035,59657,69304,75125,2025
174894,North Charleston,SC,2020,False,115382,2010,346,0,76,3,247,0,22,3,1054,205,1778053,307200,1322170,90238,reported,reported,R,R,2.999,2.141,0.1801,0.6556,61667,64235,76709,79904,2025
174894,North Charleston,SC,2021,False,115382,2020,319,0,59,0,254,0,6,1,956,109,1503243,210663,1216287,20338,reported,reported,R,R,2.765,2.201,0.1561,0.6674,56548,57462,67185,68271,2025
174894,North Charleston,SC,2022,True,118752,2020,281,0,66,0,228,0,19,0,927,117,1354707,244835,1256067,83997,reported,reported,R,R,2.366,1.92,0.1902,0.6408,57852,66109,63642,72725,2025
174894,North Charleston,SC,2023,False,117472,2020,330,0,77,2,233,0,25,0,1021,155,1771856,316281,1230263,102198,reported,reported,R,R,2.809,1.983,0.1892,0.6513,64431,63361,68077,66946,2025
174894,North Charleston,SC,2024,False,118608,2020,344,0,80,2,243,0,26,0,1064,171,1959490,349775,1360544,113019,imputed,imputed,G,G,2.9,2.049,0.1887,0.6513,68354,67187,70153,68955,2025
174894,North Charleston,SC,2025,False,121469,2020,353,0,82,2,249,0,27,0,1091,205,2112176,377031,1466559,121826,imputed,imputed,G,G,2.906,2.05,0.1885,0.6517,71802,70678,71802,70678,2025
184196,Sioux Falls,SD,2012,True,153888,2010,230,0,30,6,186,0,9,0,1051,190,1124521,125974,899463,41286,imputed,imputed,G,G,1.495,1.209,0.1154,0.4329,58671,58030,82270,81371,2025
184196,Sioux Falls,SD,2013,False,153888,2010,230,0,30,6,186,0,9,0,1051,185,1149648,128789,919561,42209,imputed,imputed,G,G,1.495,1.209,0.1154,0.4329,59982,59327,82894,81989,2025
184196,Sioux Falls,SD,2014,False,153888,2010,240,6,21,1,191,1,9,0,1128,314,1256977,129449,962229,38562,reported,reported,CR,CR,1.56,1.241,0.0805,0.4087,62849,60454,85470,82213,2025
184196,Sioux Falls,SD,2015,False,153888,2010,256,8,18,1,192,2,10,2,1152,327,1398957,81377,986874,39417,reported,reported,R,CR,1.664,1.248,0.0657,0.4132,65576,61680,89073,83781,2025
184196,Sioux Falls,SD,2016,False,153888,2010,247,8,32,1,195,2,12,1,1187,259,1416924,137753,1025179,48887,reported,reported,R,CR,1.605,1.267,0.1147,0.4094,68838,63088,92339,84626,2025
184196,Sioux Falls,SD,2017,True,171544,2010,251,8,33,1,198,2,12,1,1205,259,1420223,138074,1027566,49001,imputed,imputed,G,G,1.463,1.154,0.1162,0.41,67899,62277,89179,81795,2025
184196,Sioux Falls,SD,2018,False,171544,2010,252,8,33,1,199,2,12,1,1207,258,1479179,143806,1070222,51035,imputed,imputed,G,G,1.469,1.16,0.1158,0.4109,70437,64536,90307,82741,2025
184196,Sioux Falls,SD,2019,False,176888,2010,251,8,33,1,199,2,12,1,1226,260,1561402,151800,1129712,53872,imputed,imputed,G,G,1.419,1.125,0.1162,0.4038,74649,68123,94004,85786,2025
184196,Sioux Falls,SD,2020,False,183793,2010,253,7,33,1,201,2,12,1,1241,234,1608064,156337,1163473,55482,imputed,imputed,G,G,1.377,1.094,0.1154,0.4021,76272,69461,94877,86405,2025
184196,Sioux Falls,SD,2021,False,183793,2020,254,7,33,1,202,2,12,1,1242,230,1661500,161532,1202135,57326,imputed,imputed,G,G,1.382,1.099,0.115,0.4034,78496,71414,93262,84848,2025
184196,Sioux Falls,SD,2022,True,187809,2020,253,7,32,1,201,2,11,1,1223,231,1730802,168269,1252276,59717,imputed,imputed,G,G,1.347,1.07,0.1123,0.4064,82093,74763,90309,82245,2025
184196,Sioux Falls,SD,2023,False,196528,2020,255,7,32,1,203,2,11,1,1233,239,1753519,170478,1268713,60501,imputed,imputed,G,G,1.298,1.033,0.1115,0.4063,82519,74998,87188,79242,2025
184196,Sioux Falls,SD,2024,False,202078,2020,255,7,32,1,203,2,11,1,1234,241,1878691,182647,1359278,64820,imputed,imputed,G,G,1.262,1.005,0.1115,0.406,88409,80351,90735,82465,2025
184196,Sioux Falls,SD,2025,False,206410,2020,259,7,32,1,206,2,11,1,1258,255,1976817,192187,1430275,68206,imputed,imputed,G,G,1.255,0.998,0.11,0.4038,91590,83317,91590,83317,2025
191559,Chattanooga,TN,2012,True,167674,2010,426,0,132,26,369,0,34,0,2989,305,1625682,368333,1405077,97790,reported,reported,R,R,2.541,2.201,0.2366,0.3215,45794,45694,64214,64073,2025
191559,Chattanooga,TN,2013,False,167674,2010,413,0,98,32,368,0,38,0,2869,304,1602056,290437,1402267,108343,reported,reported,R,R,2.463,2.195,0.1918,0.3196,46549,45726,64330,63193,2025
191559,Chattanooga,TN,2014,False,167674,2010,403,0,106,27,369,0,40,0,2864,315,1546014,300118,1397042,114197,reported,reported,R,R,2.403,2.201,0.2083,0.3205,46035,45432,62604,61784,2025
191559,Chattanooga,TN,2015,False,167674,2010,413,0,77,31,371,0,36,0,2920,303,1648773,216765,1414842,105900,reported,reported,R,R,2.463,2.213,0.1571,0.3072,47906,45763,65071,62160,2025
191559,Chattanooga,TN,2016,False,167674,2010,445,0,103,29,392,0,16,0,2932,276,1818247,233534,1497579,51159,reported,reported,R,R,2.654,2.338,0.188,0.3261,49031,45844,65770,61495,2025
191559,Chattanooga,TN,2017,True,176588,2010,470,0,105,30,363,0,37,0,3091,298,1977525,246709,1616001,53311,reported,reported,CR,CR,2.662,2.056,0.1826,0.3154,50490,53422,66314,70165,2025
191559,Chattanooga,TN,2018,False,176588,2010,489,0,78,35,401,0,22,0,3077,297,2164803,265037,1834171,34109,reported,reported,R,C,2.769,2.271,0.1376,0.3217,53124,54888,68110,70372,2025
191559,Chattanooga,TN,2019,False,179139,2010,466,0,84,36,401,0,24,0,3117,286,2094132,275262,1623149,88195,reported,reported,R,R,2.601,2.238,0.1527,0.3128,53926,48573,67908,61167,2025
191559,Chattanooga,TN,2020,False,182799,2010,469,0,85,33,401,0,24,0,3095,297,2125037,273839,1639072,90624,reported,reported,R,R,2.566,2.194,0.1534,0.3163,54372,49050,67635,61015,2025
191559,Chattanooga,TN,2021,False,182799,2020,417,0,62,27,379,0,21,0,2795,167,2041912,238933,1583228,77166,reported,reported,R,R,2.281,2.073,0.1294,0.3145,58760,50129,69814,59559,2025
191559,Chattanooga,TN,2022,True,184742,2020,422,0,62,28,384,0,21,0,2825,172,2169515,253863,1682166,81986,imputed,imputed,G,G,2.284,2.079,0.1281,0.3147,61692,52568,67866,57829,2025
191559,Chattanooga,TN,2023,False,182113,2020,432,0,64,30,393,0,22,0,2928,191,2376571,278092,1842711,89811,imputed,imputed,G,G,2.372,2.158,0.129,0.3111,66016,56266,69751,59450,2025
191559,Chattanooga,TN,2024,False,184086,2020,448,0,66,33,408,0,23,0,3040,205,2568319,300530,1991387,97059,imputed,imputed,G,G,2.434,2.216,0.1284,0.3109,68794,58570,70604,60111,2025
191559,Chattanooga,TN,2025,False,187030,2020,453,0,67,34,413,0,23,0,3042,212,2773229,324508,2150269,104802,imputed,imputed,G,G,2.422,2.208,0.1288,0.3143,73463,62478,73463,62478,2025
184266,Clarksville,TN,2012,True,132929,2010,258,0,55,8,194,0,2,0,1065,109,904674,163440,702062,6350,reported,reported,R,R,1.941,1.459,0.1757,0.4779,42078,43427,59003,60895,2025
184266,Clarksville,TN,2013,False,132929,2010,270,0,65,21,198,0,2,0,1002,138,1034694,198540,715448,6568,reported,reported,R,R,2.031,1.49,0.194,0.5339,45986,43360,63552,59923,2025
184266,Clarksville,TN,2014,False,132929,2010,264,0,34,21,200,0,2,0,1030,149,950476,99930,731648,6700,reported,reported,R,R,1.986,1.505,0.1141,0.4854,43203,43899,58753,59699,2025
184266,Clarksville,TN,2015,False,132929,2010,267,3,66,16,198,0,3,0,1104,100,998488,205636,769744,8900,reported,reported,R,R,2.009,1.49,0.1982,0.4837,44876,46651,60956,63367,2025
184266,Clarksville,TN,2016,False,132929,2010,271,0,64,21,214,0,3,0,1146,124,1128122,192956,820680,9168,reported,reported,R,R,2.039,1.61,0.191,0.4817,49954,46019,67008,61729,2025
184266,Clarksville,TN,2017,True,149176,2010,265,0,64,1,228,0,3,0,1032,85,1070468,170638,887502,9350,reported,reported,R,R,1.776,1.528,0.1945,0.5426,48474,46711,63666,61351,2025
184266,Clarksville,TN,2018,False,149176,2010,294,0,68,1,228,0,3,0,1181,92,1240656,222684,887636,9794,reported,reported,R,R,1.971,1.528,0.1878,0.5021,50639,46718,64924,59897,2025
184266,Clarksville,TN,2019,False,153205,2010,274,0,63,18,231,0,3,0,1198,94,1082718,211702,910692,10040,reported,reported,R,R,1.788,1.508,0.1869,0.4766,47418,47309,59712,59575,2025
184266,Clarksville,TN,2020,False,158146,2010,299,0,63,1,230,0,3,0,1228,102,1190722,219174,923566,9802,reported,reported,CR,R,1.891,1.454,0.174,0.4845,47788,48186,59445,59940,2025
184266,Clarksville,TN,2021,False,158146,2020,303,0,69,11,249,0,3,0,1247,94,1232283,247050,997921,10290,reported,reported,R,R,1.916,1.574,0.1855,0.5004,48803,48093,57983,57140,2025
184266,Clarksville,TN,2022,True,161247,2020,311,0,66,13,242,0,4,0,1300,94,1457079,224361,1091363,15417,reported,reported,CR,R,1.929,1.501,0.1751,0.4792,56222,54117,61849,59533,2025
184266,Clarksville,TN,2023,False,170957,2020,307,0,78,13,259,0,4,0,1339,105,1536253,337396,1222781,17030,reported,reported,R,R,1.796,1.515,0.2026,0.4839,60049,56654,63447,59860,2025
184266,Clarksville,TN,2024,False,176974,2020,340,0,79,10,270,0,4,0,1401,112,1803801,367364,1363349,19127,reported,reported,R,R,1.921,1.526,0.1885,0.4946,63664,60593,65339,62187,2025
184266,Clarksville,TN,2025,False,180716,2020,345,0,83,9,268,0,5,0,1445,113,1901412,400151,1426391,21515,reported,reported,R,R,1.909,1.483,0.1939,0.4851,66136,63868,66136,63868,2025
175780,Knoxville,TN,2012,True,178874,2010,421,0,104,31,312,0,13,0,2447,332,1818500,311052,1217237,46000,reported,reported,R,R,2.354,1.744,0.1981,0.3474,51834,46817,72683,65648,2025
175780,Knoxville,TN,2013,False,178874,2010,412,0,105,31,321,0,14,0,2439,285,1850711,313890,1276495,49509,reported,reported,R,R,2.303,1.795,0.2031,0.3493,53904,47719,74495,65947,2025
175780,Knoxville,TN,2014,False,178874,2010,418,0,102,33,311,0,13,0,2448,262,1897778,292622,1331831,49175,reported,reported,R,R,2.337,1.739,0.1962,0.3448,54482,51389,74091,69885,2025
175780,Knoxville,TN,2015,False,178874,2010,406,0,105,30,306,0,13,0,2423,246,1964802,319417,1395671,50670,reported,reported,R,R,2.27,1.711,0.2055,0.3426,58073,54732,78881,74343,2025
175780,Knoxville,TN,2016,False,178874,2010,403,0,86,30,301,0,13,0,2416,252,1971724,288608,1399506,49549,reported,reported,R,R,2.253,1.683,0.1759,0.3324,58711,55794,78754,74842,2025
175780,Knoxville,TN,2017,True,185291,2010,401,0,92,31,319,0,13,0,2475,175,2113786,324125,1442005,53123,reported,reported,R,R,2.164,1.722,0.1866,0.3333,63255,54245,83080,71246,2025
175780,Knoxville,TN,2018,False,185291,2010,398,0,93,28,298,0,13,0,2481,178,2233670,308569,1298386,55559,reported,imputed,R,RX,2.148,1.608,0.1894,0.3233,67347,52284,86345,67033,2025
175780,Knoxville,TN,2019,False,187347,2010,386,0,95,25,319,0,14,0,2521,170,2201646,306004,1674774,57990,reported,reported,R,R,2.06,1.703,0.1975,0.3229,68445,63001,86191,79336,2025
175780,Knoxville,TN,2020,False,187603,2010,377,0,91,25,308,0,14,0,2514,184,2262663,310254,1565794,61983,reported,reported,R,R,2.01,1.642,0.1944,0.3142,72021,61005,89589,75886,2025
175780,Knoxville,TN,2021,False,187603,2020,379,0,96,23,315,0,14,0,2497,180,2224212,350525,1565388,61192,reported,reported,R,R,2.02,1.679,0.2021,0.322,70424,59634,83672,70852,2025
175780,Knoxville,TN,2022,True,190223,2020,380,0,89,30,323,0,15,0,2509,184,2182184,333403,1655942,67993,reported,reported,R,R,1.998,1.698,0.1898,0.3216,68911,61521,75807,67678,2025
175780,Knoxville,TN,2023,False,192648,2020,387,0,82,30,323,2,16,0,2485,201,2424081,364977,1984156,71716,reported,reported,R,R,2.009,1.677,0.1748,0.3252,75165,73715,79418,77886,2025
175780,Knoxville,TN,2024,False,195889,2020,402,0,85,33,335,2,17,0,2680,219,2619664,394424,2144243,77502,imputed,imputed,G,G,2.052,1.71,0.1745,0.3131,78199,76809,80257,78830,2025
175780,Knoxville,TN,2025,False,198162,2020,407,0,86,34,339,2,17,0,2759,230,2828670,425894,2315319,83687,imputed,imputed,G,G,2.054,1.711,0.1744,0.3077,83401,81958,83401,81958,2025
175826,Memphis,TN,2012,True,646889,2010,2401,0,357,243,1633,0,117,0,22406,3277,10617531,1233864,7506528,472794,reported,reported,C,R,3.712,2.524,0.1294,0.2012,53066,55161,74411,77348,2025
175826,Memphis,TN,2013,False,646889,2010,2360,0,409,290,1613,0,131,8,22446,3367,12293521,1411879,7356847,522227,reported,reported,C,R,3.648,2.493,0.1477,0.2011,62509,54732,86386,75639,2025
175826,Memphis,TN,2014,False,646889,2010,2355,0,296,301,1581,0,139,9,9745,1224,11056128,1079863,7525478,625075,reported,reported,C,R,3.641,2.444,0.1117,0.4485,56337,57119,76614,77678,2025
175826,Memphis,TN,2015,False,646889,2010,2135,0,334,303,1477,0,127,8,9401,1282,10083519,1230566,7117948,544046,reported,reported,C,R,3.3,2.283,0.1353,0.4333,56676,57830,76984,78551,2025
175826,Memphis,TN,2016,False,646889,2010,2126,0,347,292,1634,0,141,8,9539,1432,10049494,1298597,7557622,641390,reported,reported,R,R,3.286,2.526,0.1403,0.4453,56723,55503,76088,74451,2025
175826,Memphis,TN,2017,True,655770,2010,2368,0,402,292,1763,0,119,6,9852,1495,11306641,1589596,8028112,601962,reported,reported,CR,R,3.611,2.688,0.1451,0.4722,57297,54644,75254,71770,2025
175826,Memphis,TN,2018,False,655770,2010,2466,0,372,343,1637,15,110,0,10012,1467,11690375,1641839,7747305,578303,imputed,imputed,RX,RX,3.76,2.496,0.1311,0.458,56887,56791,72935,72811,2025
175826,Memphis,TN,2019,False,652236,2010,2283,0,372,415,1640,9,117,11,9980,1883,10683080,1692080,8139369,575828,reported,reported,R,R,3.5,2.514,0.1401,0.4421,56153,59556,70712,74998,2025
175826,Memphis,TN,2020,False,651073,2010,2230,0,410,408,1647,0,151,14,9957,1633,11128827,1703330,6874899,776789,reported,reported,R,R,3.425,2.53,0.1553,0.4457,59886,50090,74494,62308,2025
175826,Memphis,TN,2021,False,651073,2020,2107,0,472,349,1616,0,128,15,9780,1336,10861009,1860374,8256788,712787,reported,reported,R,R,3.236,2.482,0.183,0.442,61857,61313,73493,72847,2025
175826,Memphis,TN,2022,True,649705,2020,2029,0,440,205,1562,0,119,12,9588,1072,10777276,1785219,8435076,573462,reported,reported,R,R,3.123,2.404,0.1782,0.4328,63739,64802,70118,71287,2025
175826,Memphis,TN,2023,False,628127,2020,2061,0,452,255,1519,0,272,9,9873,1244,11436436,1918751,8484206,1116969,reported,reported,R,R,3.281,2.418,0.1799,0.4359,66588,67025,70356,70817,2025
175826,Memphis,TN,2024,False,621056,2020,2140,0,469,281,1577,0,282,10,10193,1364,12359164,2073563,9168739,1207089,imputed,imputed,G,G,3.446,2.539,0.1798,0.4383,69304,69768,71128,71604,2025
175826,Memphis,TN,2025,False,618639,2020,1992,0,458,255,1578,0,227,0,10033,1275,13127579,2391863,10396572,1284534,reported,reported,R,R,3.22,2.551,0.1869,0.4241,79082,79061,79082,79061,2025
209519,Murfreesboro,TN,2012,True,108755,2010,212,0,44,34,177,0,3,1,1948,608,830727,129173,700527,9971,reported,reported,R,R,1.949,1.628,0.1719,0.2238,47022,47493,65936,66596,2025
209519,Murfreesboro,TN,2013,False,108755,2010,215,0,44,34,179,0,3,1,1974,587,804937,125289,717437,10649,reported,reported,R,R,1.977,1.646,0.1699,0.2234,44927,48096,62088,66468,2025
209519,Murfreesboro,TN,2014,False,108755,2010,224,0,47,33,168,0,12,1,1986,615,1078293,146156,684374,64974,reported,reported,R,R,2.06,1.545,0.1734,0.2271,57766,48884,78557,66479,2025
209519,Murfreesboro,TN,2015,False,108755,2010,250,0,37,32,185,0,2,1,2034,619,1122922,143539,814107,7960,reported,reported,R,R,2.299,1.701,0.1289,0.233,53900,52807,73213,71728,2025
209519,Murfreesboro,TN,2016,False,108755,2010,243,0,36,31,180,0,2,1,2039,902,1013890,129602,735059,7188,prorated,prorated,T,T,2.234,1.655,0.129,0.2261,50069,49004,67162,65733,2025
209519,Murfreesboro,TN,2017,True,126118,2010,217,0,51,38,193,0,12,1,2005,1324,1199972,176711,788558,68410,reported,reported,R,R,1.721,1.53,0.1903,0.2359,66358,49030,87155,64396,2025
209519,Murfreesboro,TN,2018,False,126118,2010,237,0,49,40,189,0,17,1,2186,977,1229519,165780,761266,99057,reported,reported,R,R,1.879,1.499,0.1713,0.2251,62254,48334,79816,61969,2025
209519,Murfreesboro,TN,2019,False,136372,2010,243,0,58,36,186,0,16,2,2117,840,1356693,212172,1062679,105057,reported,reported,R,R,1.782,1.364,0.1927,0.2376,66997,68560,84368,86336,2025
209519,Murfreesboro,TN,2020,False,146900,2010,262,0,58,38,220,0,12,2,2290,809,1385348,208887,910302,80664,reported,reported,R,R,1.784,1.498,0.1812,0.241,63451,49653,78929,61765,2025
209519,Murfreesboro,TN,2021,False,146900,2020,263,0,58,36,220,0,15,1,2165,841,1409026,212808,967655,96528,reported,reported,R,R,1.79,1.498,0.1807,0.2568,64290,52781,76384,62710,2025
209519,Murfreesboro,TN,2022,True,150757,2020,226,0,49,24,181,0,11,1,2027,754,1295093,206925,808330,76728,reported,reported,R,R,1.499,1.201,0.1782,0.2304,68766,53591,75648,58954,2025
209519,Murfreesboro,TN,2023,False,157519,2020,272,0,66,28,215,0,15,1,2196,751,1785675,331777,1443146,109043,reported,reported,R,R,1.727,1.365,0.1953,0.2587,78780,80548,83238,85106,2025
209519,Murfreesboro,TN,2024,False,162398,2020,286,0,70,32,236,0,10,1,2497,654,1908768,373392,1611277,85646,reported,imputed,R,RX,1.761,1.453,0.1966,0.2411,80088,81929,82195,84085,2025
209519,Murfreesboro,TN,2025,False,165430,2020,303,0,90,37,233,0,10,1,2664,666,2203517,608157,1708841,91909,reported,reported,R,R,1.832,1.408,0.229,0.2387,87268,88009,87268,88009,2025
175728,Nashville-Davidson County Metropolitan Government,TN,2012,True,601222,2010,1315,0,384,216,1277,0,30,1,19466,3290,6537230,1331130,6132669,123938,reported,reported,R,R,2.187,2.124,0.226,0.1544,59655,57629,83650,80809,2025
175728,Nashville-Davidson County Metropolitan Government,TN,2013,False,601222,2010,1291,1,364,209,1258,0,35,1,19367,3505,6585486,1262850,5996573,146300,reported,reported,R,R,2.147,2.092,0.2199,0.1522,61213,57201,84595,79051,2025
175728,Nashville-Davidson County Metropolitan Government,TN,2014,False,601222,2010,1390,0,341,202,1118,0,30,1,19143,3437,6939730,1243376,5585736,131468,reported,reported,CR,CR,2.312,1.86,0.197,0.1504,59911,59954,81474,81533,2025
175728,Nashville-Davidson County Metropolitan Government,TN,2015,False,601222,2010,1343,1,419,195,1086,0,31,2,19735,3151,6976350,1597836,5616750,139130,reported,reported,R,R,2.234,1.806,0.2378,0.1459,62335,62064,84670,84302,2025
175728,Nashville-Davidson County Metropolitan Government,TN,2016,False,601222,2010,1340,0,436,174,1088,0,38,3,19766,3155,7264342,1727786,6010144,179784,reported,reported,R,R,2.229,1.81,0.2455,0.1468,65054,66288,87263,88918,2025
175728,Nashville-Davidson County Metropolitan Government,TN,2017,True,678889,2010,1327,1,465,158,1132,1,44,4,20009,2369,7765808,1952378,6305638,219246,reported,reported,R,R,1.955,1.667,0.2595,0.1483,70226,66844,92236,87794,2025
175728,Nashville-Davidson County Metropolitan Government,TN,2018,False,678889,2010,1335,1,460,154,1136,0,97,3,20292,2274,8260132,2034794,6729864,402590,reported,reported,R,R,1.966,1.673,0.2563,0.1492,74248,71090,95193,91144,2025
175728,Nashville-Davidson County Metropolitan Government,TN,2019,False,678889,2010,1403,1,357,141,1157,0,42,3,19883,2256,8622046,1620460,6571500,226280,reported,reported,R,R,2.067,1.704,0.2028,0.1488,73745,68157,92865,85829,2025
175728,Nashville-Davidson County Metropolitan Government,TN,2020,False,678889,2010,1345,3,367,162,1161,1,46,2,19864,2264,8332598,1785548,6867968,262566,reported,reported,R,R,1.981,1.71,0.2144,0.1469,74343,70987,92478,88303,2025
175728,Nashville-Davidson County Metropolitan Government,TN,2021,False,678889,2020,1340,1,365,155,1158,0,79,2,19807,1970,8629094,1818392,6844256,355128,reported,reported,R,R,1.974,1.706,0.2141,0.1485,77275,70925,91811,84267,2025
175728,Nashville-Davidson County Metropolitan Government,TN,2022,True,694176,2020,1309,3,365,157,1213,0,89,5,20301,2105,10309694,2056662,7810836,409064,reported,reported,R,R,1.886,1.747,0.218,0.1466,94512,77271,103970,85004,2025
175728,Nashville-Davidson County Metropolitan Government,TN,2023,False,703953,2020,1399,0,380,174,1281,0,112,4,21689,1777,11988926,2321598,8375998,527528,reported,reported,R,R,1.987,1.82,0.2136,0.1462,102836,78464,108655,82904,2025
175728,Nashville-Davidson County Metropolitan Government,TN,2024,False,683622,2020,1406,0,494,203,1370,0,90,2,22940,1822,13774300,3213408,9971090,508594,reported,reported,R,R,2.057,2.004,0.26,0.1465,117562,87338,120655,89636,2025
175728,Nashville-Davidson County Metropolitan Government,TN,2025,False,687788,2020,1441,0,563,173,1411,0,66,2,23592,1743,14074410,3652296,10468876,425818,reported,reported,R,R,2.095,2.052,0.2809,0.1476,117205,89034,117205,89034,2025
176386,Abilene,TX,2012,True,117063,2010,197,0,63,12,183,1,0,0,1073,92,1131489,188050,958113,0,prorated,reported,T,CR,1.683,1.563,0.2423,0.4129,68923,62827,96646,88098,2025
176386,Abilene,TX,2013,False,117063,2010,191,0,61,11,176,1,0,0,1079,90,1171879,194763,1109471,0,prorated,reported,T,R,1.632,1.503,0.2421,0.3967,73626,75646,101750,104542,2025
176386,Abilene,TX,2014,False,117063,2010,206,7,61,19,170,0,6,1,1110,119,1362583,176346,1070835,21527,reported,reported,R,R,1.76,1.452,0.2285,0.3991,79374,75588,107943,102794,2025
176386,Abilene,TX,2015,False,117063,2010,205,3,68,22,157,0,6,0,1094,122,1305547,214839,1161353,24782,reported,reported,R,R,1.751,1.341,0.2491,0.3985,76422,88766,103805,120572,2025
176386,Abilene,TX,2016,False,117063,2010,213,8,63,21,174,0,5,0,1137,124,1401495,191000,1103232,19406,reported,reported,R,R,1.82,1.486,0.2283,0.4002,78957,76085,105912,102060,2025
176386,Abilene,TX,2017,True,121721,2010,223,3,62,26,164,0,6,0,1143,127,1489853,204782,1168837,24379,reported,reported,R,R,1.832,1.347,0.2175,0.3981,80171,85525,105297,112329,2025
176386,Abilene,TX,2018,False,121721,2010,223,3,65,26,181,0,6,0,1152,128,1725203,213962,1108897,24530,reported,reported,R,R,1.832,1.487,0.2257,0.4123,92836,73518,119025,94257,2025
176386,Abilene,TX,2019,False,121885,2010,226,3,79,30,196,0,7,0,1172,128,1569065,280570,1326007,29780,reported,reported,R,R,1.854,1.608,0.259,0.4334,83313,81184,104914,102233,2025
176386,Abilene,TX,2020,False,123420,2010,241,10,62,21,189,5,0,0,1184,119,1732302,232605,1367522,0,reported,reported,R,R,1.953,1.531,0.2046,0.4155,86256,86827,107297,108007,2025
176386,Abilene,TX,2021,False,123420,2020,241,9,62,21,201,0,0,0,1157,88,1706808,235278,1328798,0,reported,reported,R,R,1.953,1.629,0.2046,0.4356,84986,79331,100973,94254,2025
176386,Abilene,TX,2022,True,124407,2020,226,3,68,24,187,0,8,0,1165,106,1735119,302701,1454814,41053,reported,reported,R,R,1.817,1.503,0.2313,0.4197,92130,93357,101350,102700,2025
176386,Abilene,TX,2023,False,125070,2020,225,3,64,25,195,0,13,0,1177,103,1971608,369860,1555558,94526,reported,reported,R,R,1.799,1.559,0.2215,0.4223,105152,95727,111102,101144,2025
176386,Abilene,TX,2024,False,127385,2020,193,0,88,25,204,0,12,0,1161,96,1824197,646764,1740043,81725,reported,prorated,R,T,1.515,1.601,0.3132,0.4281,113422,102355,116406,105048,2025
176386,Abilene,TX,2025,False,129043,2020,217,0,57,26,198,0,12,0,1195,89,2015404,369129,2050142,96290,reported,reported,R,R,1.682,1.534,0.208,0.405,111451,124251,111451,124251,2025
209555,Allen,TX,2012,True,84246,2010,124,0,41,2,95,0,3,0,586,170,698138,143955,571574,12214,reported,reported,R,R,1.472,1.128,0.2485,0.4488,67562,72199,94737,101239,2025
209555,Allen,TX,2014,False,84246,2010,120,0,45,2,105,0,4,0,633,176,718336,191350,666190,19477,reported,reported,C,R,1.424,1.246,0.2727,0.4329,71834,76136,97689,103539,2025
209555,Allen,TX,2015,False,84246,2010,119,0,42,2,108,0,4,0,656,159,782106,154099,712280,16200,reported,reported,R,R,1.413,1.282,0.2609,0.4162,78868,79142,107127,107500,2025
209555,Allen,TX,2016,False,84246,2010,122,0,42,2,109,0,4,0,676,154,834086,157219,809603,16472,reported,reported,R,R,1.448,1.294,0.2561,0.4098,82041,89131,110049,119559,2025
209555,Allen,TX,2017,True,98143,2010,127,0,43,2,109,0,5,0,712,281,871773,158304,811830,20586,reported,reported,R,R,1.294,1.111,0.2529,0.3989,82372,89376,108188,117387,2025
209555,Allen,TX,2018,False,98143,2010,129,0,39,2,106,0,6,0,695,176,923913,152004,735643,23843,reported,reported,R,R,1.314,1.08,0.2321,0.4029,85945,83280,110190,106773,2025
209555,Allen,TX,2019,False,100685,2010,147,0,39,2,109,0,6,0,702,174,1131890,156218,914885,25316,reported,reported,CR,R,1.46,1.083,0.2097,0.4288,92399,100721,116356,126836,2025
209555,Allen,TX,2020,False,105623,2010,152,0,41,2,109,0,5,0,734,160,1186288,175616,944396,24201,reported,reported,CR,R,1.439,1.032,0.2124,0.4183,93654,103970,116499,129331,2025
209555,Allen,TX,2021,False,105623,2020,150,0,42,2,110,0,6,0,733,143,1295010,197295,1019705,28270,reported,reported,CR,R,1.42,1.041,0.2188,0.4202,103601,111241,123090,132167,2025
209555,Allen,TX,2022,True,109379,2020,150,0,41,2,110,0,6,0,717,140,1394367,217664,1079790,24213,reported,reported,CR,R,1.371,1.006,0.2147,0.4282,111549,117795,122712,129584,2025
209555,Allen,TX,2023,False,106874,2020,151,0,43,2,114,0,6,0,745,140,1506844,229311,1096076,30539,reported,reported,CR,R,1.413,1.067,0.2216,0.4215,119749,115376,126525,121904,2025
209555,Allen,TX,2024,False,111551,2020,161,0,46,2,121,0,5,0,785,245,1689148,257054,1232546,25761,prorated,imputed,T,CRX,1.443,1.085,0.2222,0.4242,125899,122236,129212,125452,2025
209555,Allen,TX,2025,False,111620,2020,163,0,47,2,123,0,5,0,794,243,1805593,274775,1317513,27537,imputed,imputed,G,G,1.46,1.102,0.2238,0.4257,132927,128538,132927,128538,2025
194809,Amarillo,TX,2012,True,190695,2010,332,0,64,0,249,0,93,0,2117,0,1909941,130103,1550538,307188,reported,reported,R,R,1.741,1.306,0.1616,0.3486,69034,74725,96801,104781,2025
194809,Amarillo,TX,2013,False,190695,2010,342,0,64,0,251,0,18,0,2137,0,2076741,136092,1395768,79051,reported,reported,R,R,1.793,1.316,0.1576,0.3159,72868,66730,100702,92220,2025
194809,Amarillo,TX,2014,False,190695,2010,355,0,65,0,264,0,11,0,2171,0,2153579,140299,1513969,33329,reported,reported,R,R,1.862,1.384,0.1548,0.3201,72797,68817,98998,93586,2025
194809,Amarillo,TX,2015,False,190695,2010,366,0,51,55,257,0,8,3,1987,289,2161280,116921,1478394,31463,reported,reported,R,R,1.919,1.348,0.1223,0.3432,70862,69030,96253,93764,2025
194809,Amarillo,TX,2016,False,190695,2010,350,0,73,18,256,0,38,7,1918,252,2172121,231953,1572533,165903,reported,reported,R,CR,1.835,1.342,0.1726,0.3738,74473,73712,99897,98877,2025
194809,Amarillo,TX,2017,True,198645,2010,345,0,114,57,275,0,9,2,1900,197,2303927,375082,1879813,34490,reported,reported,R,R,1.737,1.384,0.2484,0.3911,80137,82028,105253,107736,2025
194809,Amarillo,TX,2018,False,198645,2010,351,0,120,65,262,0,17,2,1993,252,2351431,459579,1658502,83339,reported,reported,R,R,1.767,1.319,0.2548,0.3763,80391,75962,103069,97390,2025
194809,Amarillo,TX,2019,False,199826,2010,374,6,62,59,267,0,48,7,2040,233,2144471,169327,1424946,173737,reported,reported,R,R,1.872,1.336,0.1422,0.3681,68807,64043,86647,80648,2025
194809,Amarillo,TX,2020,False,199371,2010,355,0,81,55,269,0,32,3,1982,191,2127006,222436,1525759,123063,reported,reported,R,R,1.781,1.349,0.1858,0.3718,71899,68064,89437,84667,2025
194809,Amarillo,TX,2021,False,199371,2020,370,0,84,57,280,0,33,3,2063,198,2293967,239896,1645524,132722,prorated,prorated,T,T,1.856,1.404,0.185,0.3718,74399,70522,88394,83788,2025
194809,Amarillo,TX,2022,True,199654,2020,319,0,120,16,275,0,13,0,1888,205,2520279,545111,1902509,66028,,,,,1.598,1.377,0.2733,0.3851,94807,83019,104295,91327,2025
194809,Amarillo,TX,2023,False,201234,2020,372,0,140,19,321,0,15,0,2203,238,2568710,555586,1939069,67297,prorated,prorated,T,T,1.849,1.595,0.2734,0.3849,82862,72489,87551,76591,2025
194809,Amarillo,TX,2024,False,201291,2020,352,0,132,18,303,0,14,0,2082,226,2981060,644773,2250343,78100,reported,reported,R,R,1.749,1.505,0.2727,0.3847,101627,89122,104301,91467,2025
194809,Amarillo,TX,2025,False,202408,2020,341,0,143,20,303,0,19,1,2064,255,3291357,715565,2864574,142923,reported,reported,R,R,1.685,1.497,0.2955,0.3905,115825,113448,115825,113448,2025
194811,Arlington,TX,2012,True,365438,2010,674,30,149,88,324,0,121,0,2380,512,3954298,568354,2011081,480263,reported,reported,CR,R,1.844,0.887,0.181,0.5328,70403,74484,98721,104444,2025
194811,Arlington,TX,2013,False,365438,2010,667,33,135,86,330,0,120,0,2388,525,4089676,528367,2129702,509050,reported,reported,CR,R,1.825,0.903,0.1683,0.5243,73577,77444,101682,107026,2025
194811,Arlington,TX,2014,False,365438,2010,666,26,119,86,355,1,115,0,2328,557,4124408,470212,2181315,514341,reported,reported,CR,R,1.822,0.971,0.1516,0.5391,74314,73735,101061,100274,2025
194811,Arlington,TX,2015,False,365438,2010,649,19,107,84,342,1,120,1,2358,530,4246694,366320,2145999,537485,reported,reported,R,R,1.776,0.936,0.1415,0.5165,78521,75298,106656,102278,2025
194811,Arlington,TX,2016,False,365438,2010,721,3,108,95,347,1,126,2,2431,504,4737356,377038,2287661,563452,reported,reported,CR,R,1.973,0.95,0.1303,0.5356,78846,79112,105763,106120,2025
194811,Arlington,TX,2017,True,388125,2010,667,0,88,102,343,0,125,1,2391,519,4786723,322867,2368172,594040,reported,reported,R,R,1.719,0.884,0.1166,0.5115,86118,82851,113108,108817,2025
194811,Arlington,TX,2018,False,388125,2010,768,23,26,72,336,0,125,5,2421,529,5379973,113484,2571116,630699,reported,reported,R,R,1.979,0.866,0.0327,0.5184,84062,91826,107775,117730,2025
194811,Arlington,TX,2019,False,396394,2010,852,30,34,68,343,0,116,4,2433,552,6022113,171607,2643414,642528,reported,reported,CR,R,2.149,0.865,0.0384,0.5528,84818,92481,106809,116459,2025
194811,Arlington,TX,2020,False,398854,2010,850,24,32,12,375,0,104,6,2475,404,6028991,154546,2801824,543578,reported,reported,CR,R,2.131,0.94,0.0363,0.5499,85115,89658,105877,111528,2025
194811,Arlington,TX,2021,False,398854,2020,831,25,32,29,367,0,98,4,2381,408,6188391,159198,2919562,546585,prorated,reported,CT,R,2.083,0.92,0.0371,0.5577,89363,95463,106173,113421,2025
194811,Arlington,TX,2022,True,398864,2020,837,28,32,33,369,0,98,4,2391,461,6469680,166432,3052269,571430,imputed,imputed,G,G,2.098,0.925,0.0368,0.5588,92755,99261,102038,109195,2025
194811,Arlington,TX,2023,False,392786,2020,766,24,117,88,414,0,97,7,2559,605,6714020,655092,3508767,635369,reported,reported,CR,R,1.95,1.054,0.1325,0.5447,105180,101703,111131,107458,2025
194811,Arlington,TX,2024,False,394602,2020,748,28,173,81,410,0,137,6,2662,615,6745303,930246,4100926,958770,reported,reported,CR,R,1.896,1.039,0.1878,0.5515,108213,120027,111060,123185,2025
194811,Arlington,TX,2025,False,398431,2020,769,22,156,91,423,0,149,5,2728,607,7161359,855292,4036439,1025434,reported,reported,CR,R,1.93,1.062,0.1686,0.5488,111751,114509,111751,114509,2025
176394,Austin,TX,2012,True,790390,2010,1617,0,623,63,1054,0,63,0,12359,570,13207873,2350132,8348699,325002,reported,reported,R,R,2.046,1.334,0.2781,0.2716,98018,95052,137444,133285,2025
176394,Austin,TX,2013,False,790390,2010,1700,0,583,131,1103,0,74,0,12396,758,14330653,2324414,8877009,408138,reported,reported,R,R,2.151,1.396,0.2554,0.2791,101158,96577,139799,133468,2025
176394,Austin,TX,2014,False,790390,2010,1786,0,572,0,1485,0,154,13,12175,1434,14745945,2270391,11363816,819673,reported,reported,CR,R,2.26,1.879,0.2426,0.3283,99077,91829,134737,124880,2025
176394,Austin,TX,2015,False,790390,2010,1769,0,567,10,1011,0,92,0,12732,743,15902055,2357189,8889571,509237,reported,reported,R,R,2.238,1.279,0.2427,0.2701,107871,105514,146522,143321,2025
176394,Austin,TX,2016,False,790390,2010,1808,0,580,10,1034,0,94,0,13015,774,16612343,2462476,9286636,531983,imputed,imputed,G,G,2.287,1.308,0.2429,0.2701,110259,107775,147900,144568,2025
176394,Austin,TX,2017,True,931830,2010,1852,0,575,13,998,2,138,1,13015,871,18597500,2643423,9785544,725734,reported,reported,R,R,1.987,1.071,0.2369,0.2738,120502,117662,158269,154538,2025
176394,Austin,TX,2018,False,931830,2010,1894,0,594,11,1061,0,191,2,14061,1059,19732479,2833174,10793392,1042125,imputed,imputed,RX,RX,2.033,1.139,0.2387,0.266,125021,122074,160289,156510,2025
176394,Austin,TX,2019,False,950715,2010,1858,0,608,18,1129,0,152,2,14071,1331,19949753,2988688,11855202,856056,imputed,imputed,RX,RX,1.954,1.188,0.2466,0.2663,128847,126007,162254,158678,2025
176394,Austin,TX,2020,False,978908,2010,1877,0,600,22,1110,0,206,3,14476,1224,20841661,3050032,12053529,1199782,imputed,imputed,RX,RX,1.917,1.134,0.2422,0.262,133245,130308,165748,162094,2025
176394,Austin,TX,2021,False,978908,2020,1708,0,590,19,1133,0,189,5,14584,877,24325067,4347482,13634451,1454407,reported,reported,R,R,1.745,1.157,0.2567,0.2482,170902,144407,203051,171572,2025
176394,Austin,TX,2022,True,995484,2020,1711,0,506,17,1153,0,229,2,14733,1026,23184209,3793474,15153117,1710722,reported,reported,R,R,1.719,1.158,0.2282,0.2443,162601,157708,178874,173491,2025
176394,Austin,TX,2023,False,964177,2020,1607,1,541,16,1189,0,218,4,15077,1186,29200231,4596864,15078794,1773623,reported,reported,R,R,1.667,1.233,0.2519,0.2358,218048,152183,230386,160794,2025
176394,Austin,TX,2024,False,974447,2020,1590,0,597,37,1233,0,180,2,16011,1228,26350040,4239671,16145779,1389247,reported,reported,R,R,1.632,1.265,0.273,0.2248,198868,157137,204101,161272,2025
176394,Austin,TX,2025,False,979882,2020,1559,0,644,48,1223,1,187,3,16469,1009,28839083,5439763,18142427,1697932,reported,reported,R,R,1.591,1.248,0.2923,0.2194,221981,178012,221981,178012,2025
194812,Beaumont,TX,2012,True,118296,2010,262,0,39,1,235,0,7,5,1342,119,1996861,225169,1627115,41115,reported,reported,R,R,2.215,1.987,0.1296,0.4046,91459,83087,128246,116507,2025
194812,Beaumont,TX,2013,False,118296,2010,245,0,35,2,238,0,7,0,1337,99,1870128,200602,1647515,42141,imputed,imputed,AR,AR,2.071,2.012,0.125,0.3927,91598,83068,126587,114799,2025
194812,Beaumont,TX,2014,False,118296,2010,260,0,44,3,233,0,9,3,1215,143,2035752,188334,1801383,49764,reported,reported,R,R,2.198,1.97,0.1447,0.4494,93958,92775,127776,126167,2025
194812,Beaumont,TX,2015,False,118296,2010,262,0,44,3,235,0,9,3,1225,145,2106784,194905,1864237,51500,imputed,imputed,G,G,2.215,1.987,0.1438,0.449,96494,95195,131069,129304,2025
194812,Beaumont,TX,2016,False,118296,2010,246,0,40,29,223,0,6,3,1092,115,1633981,135324,1477453,26704,reported,reported,R,R,2.08,1.885,0.1399,0.4716,79706,79504,106917,106646,2025
194812,Beaumont,TX,2017,True,118129,2010,240,0,36,30,206,0,5,1,1011,92,1632681,127457,1463541,16330,reported,reported,R,R,2.032,1.744,0.1304,0.4817,81634,85255,107219,111975,2025
194812,Beaumont,TX,2018,False,118129,2010,226,0,30,2,189,0,4,0,918,47,1544788,121881,1356385,13580,reported,reported,R,R,1.913,1.6,0.1172,0.4891,82024,86120,105163,110414,2025
194812,Beaumont,TX,2019,False,119114,2010,219,0,25,1,177,0,5,0,852,35,1584189,100075,1325392,16587,reported,reported,R,R,1.839,1.486,0.1025,0.5,86805,89857,109312,113155,2025
194812,Beaumont,TX,2020,False,116825,2010,258,0,36,7,233,0,9,1,1183,122,1854052,144154,1639154,28896,reported,reported,R,R,2.208,1.994,0.1224,0.4531,86235,84420,107270,105013,2025
194812,Beaumont,TX,2021,False,116825,2020,240,0,67,2,214,0,64,5,1243,106,1806481,295501,1534578,445714,reported,reported,R,R,2.054,1.832,0.2182,0.4706,90324,86051,107315,102238,2025
194812,Beaumont,TX,2022,True,115473,2020,245,0,70,4,213,0,66,0,1254,105,1870116,407280,1729010,471376,reported,reported,R,R,2.122,1.845,0.2222,0.4737,91598,97409,100765,107157,2025
194812,Beaumont,TX,2023,False,112556,2020,229,0,81,3,222,0,61,4,1257,115,1896831,503907,1960730,506903,reported,reported,R,R,2.035,1.972,0.2613,0.4718,99397,105985,105021,111982,2025
194812,Beaumont,TX,2024,False,112089,2020,229,0,78,2,221,0,63,2,1245,113,1962443,505080,2105980,500296,reported,reported,R,R,2.043,1.972,0.2541,0.4747,102835,114352,105541,117361,2025
194812,Beaumont,TX,2025,False,112193,2020,232,0,79,2,224,0,64,2,1263,113,2097728,539898,2251160,534785,imputed,imputed,G,G,2.068,1.997,0.254,0.4743,108503,120598,108503,120598,2025
176022,Brownsville,TX,2012,True,175023,2010,253,0,56,7,186,0,11,0,1607,96,1746571,106042,1090007,22119,reported,reported,CR,R,1.446,1.063,0.1812,0.3149,82841,70323,116162,98609,2025
176022,Brownsville,TX,2013,False,175023,2010,266,0,59,5,186,0,11,0,1627,107,1440663,123123,1049939,21540,reported,reported,CR,R,1.52,1.063,0.1815,0.3208,64992,67738,89818,93613,2025
176022,Brownsville,TX,2014,False,175023,2010,255,0,77,20,187,0,10,0,1638,133,1486209,177911,1101802,20245,reported,reported,CR,R,1.457,1.068,0.2319,0.323,69939,70704,95112,96152,2025
176022,Brownsville,TX,2015,False,175023,2010,248,0,81,21,184,0,10,0,1790,97,1609511,193422,1149453,20715,prorated,reported,RT,R,1.417,1.051,0.2462,0.2922,77880,74964,105785,101824,2025
176022,Brownsville,TX,2016,False,175023,2010,239,0,82,35,186,0,10,0,1485,124,1640544,203732,1083260,20724,reported,reported,R,R,1.366,1.063,0.2555,0.3481,82370,69888,110490,93747,2025
176022,Brownsville,TX,2017,True,183887,2010,238,0,83,22,185,0,11,0,1411,119,1526956,218205,1168904,25925,reported,reported,R,R,1.294,1.006,0.2586,0.3664,76989,75821,101118,99584,2025
176022,Brownsville,TX,2018,False,183887,2010,237,0,80,25,189,0,11,0,1723,120,1573930,245593,1246758,25918,reported,reported,R,R,1.289,1.028,0.2524,0.3001,79693,79159,102174,101489,2025
176022,Brownsville,TX,2019,False,183299,2010,253,0,86,11,183,0,12,0,1672,90,1613244,230846,1289777,28071,reported,reported,CR,R,1.38,0.998,0.2537,0.3194,76518,84576,96357,106505,2025
176022,Brownsville,TX,2020,False,182781,2010,252,0,79,9,191,0,13,0,1736,101,1806640,200209,1320746,39014,reported,reported,CR,R,1.379,1.045,0.2387,0.3082,86030,82979,107015,103220,2025
176022,Brownsville,TX,2021,False,182781,2020,238,0,64,7,181,0,24,0,1572,107,1559699,177431,1297160,130093,reported,reported,CR,R,1.302,0.99,0.2119,0.3225,78640,86000,93433,102178,2025
176022,Brownsville,TX,2022,True,183428,2020,237,0,69,3,196,0,10,0,1640,69,1821573,215399,1318217,27470,reported,reported,CR,R,1.292,1.069,0.2255,0.3122,92232,80707,101462,88784,2025
176022,Brownsville,TX,2023,False,187831,2020,255,0,42,2,183,0,22,0,1755,51,1623668,137071,1273849,148444,reported,reported,CR,R,1.358,0.974,0.1414,0.286,76408,83531,80731,88257,2025
176022,Brownsville,TX,2024,False,189382,2020,233,0,66,3,200,0,14,0,1888,86,1856212,252374,1382224,102517,reported,reported,CR,R,1.23,1.056,0.2207,0.2717,95599,82933,98114,85115,2025
176022,Brownsville,TX,2025,False,190158,2020,230,0,59,0,206,0,22,0,1882,52,1683425,212929,1641552,142972,reported,reported,CR,R,1.21,1.083,0.2042,0.2747,87831,95624,87831,95624,2025
135130,Carrollton,TX,2012,True,119097,2010,160,0,42,40,149,5,4,2,717,108,1026775,129607,1027643,22293,reported,reported,R,R,1.343,1.251,0.2079,0.4951,77008,82763,107983,116053,2025
135130,Carrollton,TX,2013,False,119097,2010,183,0,16,0,134,0,4,0,712,43,948080,90963,925012,15151,reported,imputed,CR,AR,1.537,1.125,0.0804,0.4733,62169,82837,85917,114479,2025
135130,Carrollton,TX,2014,False,119097,2010,180,0,22,0,141,0,11,0,777,59,1053181,69157,846028,84006,reported,reported,C,R,1.511,1.184,0.1089,0.4556,70212,72002,95483,97917,2025
135130,Carrollton,TX,2015,False,119097,2010,127,0,18,0,141,0,13,0,753,19,760266,57753,878781,95752,reported,reported,CR,R,1.066,1.184,0.1241,0.3971,71836,74790,97576,101588,2025
135130,Carrollton,TX,2016,False,119097,2010,142,0,20,0,158,0,15,0,845,21,780845,59317,902568,98344,prorated,prorated,T,T,1.192,1.327,0.1235,0.3964,65987,68549,88514,91951,2025
135130,Carrollton,TX,2017,True,133168,2010,146,0,21,0,162,0,15,0,869,20,819031,62218,946707,103153,imputed,imputed,G,G,1.096,1.217,0.1257,0.3959,67318,70126,88416,92104,2025
135130,Carrollton,TX,2018,False,133168,2010,145,0,20,0,161,0,15,0,860,21,856013,65027,989454,107811,imputed,imputed,G,G,1.089,1.209,0.1212,0.3965,70842,73748,90826,94552,2025
135130,Carrollton,TX,2019,False,135710,2010,147,0,20,0,163,0,15,0,870,21,893864,67902,1033205,112578,imputed,imputed,G,G,1.083,1.201,0.1198,0.3966,72968,76064,91887,95786,2025
135130,Carrollton,TX,2020,False,139248,2010,150,0,20,0,167,0,15,0,891,21,945943,71858,1093402,119137,imputed,imputed,G,G,1.077,1.199,0.1176,0.3951,75675,78568,94134,97733,2025
135130,Carrollton,TX,2021,False,139248,2020,150,0,20,0,167,0,15,0,891,20,974739,74045,1126687,122764,imputed,imputed,G,G,1.077,1.199,0.1176,0.3951,77979,80960,92648,96190,2025
135130,Carrollton,TX,2022,True,139892,2020,151,0,20,0,168,0,15,0,893,22,1019045,77410,1177899,128344,imputed,imputed,G,G,1.079,1.201,0.117,0.3964,80984,84136,89089,92556,2025
135130,Carrollton,TX,2023,False,133251,2020,157,0,21,0,175,0,16,0,928,24,1128896,85755,1304874,142179,imputed,imputed,G,G,1.178,1.313,0.118,0.3976,86285,89477,91167,94540,2025
135130,Carrollton,TX,2024,False,133820,2020,164,0,22,0,183,0,17,0,970,30,1235335,93840,1427905,155584,imputed,imputed,G,G,1.226,1.368,0.1183,0.3979,90390,93633,92768,96097,2025
135130,Carrollton,TX,2025,False,132918,2020,166,0,22,0,186,0,17,0,982,30,1320495,100309,1526340,166309,imputed,imputed,G,G,1.249,1.399,0.117,0.3982,95457,98474,95457,98474,2025
194814,College Station,TX,2012,True,93857,2010,119,0,51,16,115,0,6,0,779,132,629595,164818,622139,22313,reported,reported,R,R,1.268,1.225,0.3,0.3736,63489,64919,89026,91031,2025
194814,College Station,TX,2013,False,93857,2010,125,0,52,16,132,0,5,0,796,99,682815,159990,692125,17794,reported,reported,R,R,1.332,1.406,0.2938,0.3945,65550,62920,90589,86954,2025
194814,College Station,TX,2014,False,93857,2010,133,0,53,13,126,0,6,0,803,79,711490,175936,706406,21487,reported,reported,R,R,1.417,1.342,0.2849,0.396,64195,67277,87300,91492,2025
194814,College Station,TX,2015,False,93857,2010,135,0,57,12,125,0,6,0,808,70,739259,192663,730466,22313,reported,reported,R,R,1.438,1.332,0.2969,0.3998,65712,70125,89257,95252,2025
194814,College Station,TX,2016,False,93857,2010,140,0,52,15,139,0,6,0,856,70,842305,191817,807293,23578,reported,reported,R,R,1.492,1.481,0.2708,0.3937,72198,69694,96846,93487,2025
194814,College Station,TX,2017,True,107889,2010,137,0,62,13,144,0,6,0,884,74,819631,229139,868671,25648,reported,reported,R,R,1.27,1.335,0.3116,0.3948,71792,72389,94292,95076,2025
194814,College Station,TX,2018,False,107889,2010,146,0,61,14,148,0,8,0,897,83,874814,248925,1016009,37837,reported,reported,R,R,1.353,1.372,0.2947,0.4047,71903,82379,92186,105618,2025
194814,College Station,TX,2019,False,113564,2010,146,0,88,0,149,0,9,0,942,59,960480,273451,1008561,57299,reported,reported,R,R,1.286,1.312,0.3761,0.4161,78944,81226,99412,102286,2025
194814,College Station,TX,2020,False,117911,2010,151,0,59,10,152,0,7,0,929,76,1017506,232657,973836,36427,reported,reported,R,R,1.281,1.289,0.281,0.3972,80861,76882,100585,95636,2025
194814,College Station,TX,2021,False,117911,2020,144,0,58,11,158,0,6,0,915,35,991252,219989,1017677,29235,reported,reported,R,R,1.221,1.34,0.2871,0.4,82604,77292,98143,91832,2025
194814,College Station,TX,2022,True,119260,2020,146,0,55,11,152,0,7,0,902,55,1042125,222751,1173850,47632,reported,reported,R,R,1.224,1.275,0.2736,0.3991,85654,92672,94226,101946,2025
194814,College Station,TX,2023,False,120019,2020,153,0,54,0,146,0,13,0,935,72,1140842,238053,1098994,111598,reported,reported,R,R,1.275,1.216,0.2609,0.3914,89478,90328,94541,95439,2025
194814,College Station,TX,2024,False,124319,2020,149,0,52,0,151,0,14,0,952,98,1217592,253294,1281891,127380,reported,reported,R,R,1.199,1.215,0.2587,0.3845,98061,101872,100641,104553,2025
194814,College Station,TX,2025,False,125192,2020,159,0,56,0,156,0,16,0,993,82,1342005,296723,1488615,143351,reported,reported,R,R,1.27,1.246,0.2605,0.3897,101283,114509,101283,114509,2025
187683,Conroe,TX,2012,True,56207,2010,103,0,31,3,81,0,2,0,459,122,516779,100010,429140,6855,reported,reported,R,R,1.833,1.441,0.2313,0.4728,60207,63576,84424,89148,2025
187683,Conroe,TX,2013,False,56207,2010,111,0,34,2,84,0,3,0,475,137,706289,103055,454883,9530,reported,reported,R,R,1.975,1.494,0.2345,0.4884,76356,64983,105523,89806,2025
187683,Conroe,TX,2017,True,68602,2010,125,0,38,1,116,0,4,0,538,146,746682,129748,658664,15199,reported,reported,R,R,1.822,1.691,0.2331,0.526,71681,68138,94147,89493,2025
187683,Conroe,TX,2019,False,84378,2010,137,0,41,0,119,0,3,0,567,161,836874,148942,801837,10323,reported,reported,R,R,1.624,1.41,0.2303,0.5291,73303,80858,92309,101823,2025
187683,Conroe,TX,2020,False,91079,2010,140,0,41,1,126,0,4,0,593,157,1041100,158213,885311,15414,reported,reported,R,R,1.537,1.383,0.2265,0.5245,89237,84315,111005,104882,2025
187683,Conroe,TX,2021,False,91079,2020,146,0,41,1,141,0,5,0,618,163,1037295,156295,1176488,18566,reported,reported,R,CR,1.603,1.548,0.2193,0.5388,85257,100127,101295,118962,2025
187683,Conroe,TX,2022,True,96214,2020,150,0,42,1,140,0,6,1,626,175,1109858,166953,1126341,21752,reported,reported,R,CR,1.559,1.455,0.2188,0.5399,88789,96544,97675,106206,2025
187683,Conroe,TX,2023,False,94400,2020,156,0,42,2,148,0,6,1,654,192,1255245,182215,1157106,23762,reported,reported,R,CR,1.653,1.568,0.2121,0.5382,96557,93819,102020,99128,2025
187683,Conroe,TX,2024,False,101405,2020,163,0,43,1,149,0,4,1,668,191,1316852,192528,1244422,20307,reported,reported,R,CR,1.607,1.469,0.2087,0.5374,96946,100222,99497,102859,2025
187683,Conroe,TX,2025,False,108248,2020,164,0,41,1,147,0,4,1,660,171,1283342,222152,1392793,21175,reported,reported,R,R,1.515,1.358,0.2,0.5394,93903,113697,93903,113697,2025
176325,Corpus Christi,TX,2012,True,305215,2010,462,0,130,85,419,0,19,0,2688,131,2503227,522222,2010396,63011,imputed,imputed,G,G,1.514,1.373,0.2196,0.3832,65019,57577,91171,80736,2025
176325,Corpus Christi,TX,2013,False,305215,2010,465,0,131,85,422,0,19,0,2704,132,2593202,540993,2082657,65276,imputed,imputed,G,G,1.524,1.383,0.2198,0.3835,66921,59222,92484,81844,2025
176325,Corpus Christi,TX,2014,False,305215,2010,435,0,128,36,395,0,18,0,2637,294,3016468,405411,2498213,71400,reported,reported,R,R,1.425,1.294,0.2274,0.3701,83213,75895,113163,103211,2025
176325,Corpus Christi,TX,2015,False,305215,2010,443,0,114,5,380,0,14,1,2608,227,3172046,358238,2604144,54345,reported,reported,R,R,1.451,1.245,0.2047,0.3646,85924,82236,116712,111702,2025
176325,Corpus Christi,TX,2016,False,305215,2010,456,0,188,5,402,0,13,0,2753,235,3119012,647829,2675433,52016,reported,reported,R,R,1.494,1.317,0.2919,0.3847,82079,79864,110100,107129,2025
176325,Corpus Christi,TX,2017,True,324074,2010,441,0,189,8,421,0,15,0,2877,277,3053024,665466,2681659,61074,reported,reported,R,R,1.361,1.299,0.3,0.3705,83075,76437,109112,100393,2025
176325,Corpus Christi,TX,2018,False,324074,2010,450,0,184,5,398,0,13,0,2822,194,3200999,660428,2726407,52977,reported,reported,R,R,1.389,1.228,0.2902,0.3703,85360,82203,109440,105392,2025
176325,Corpus Christi,TX,2019,False,325605,2010,441,0,224,5,420,0,14,0,2881,172,3557500,786187,3376507,52262,reported,reported,CR,R,1.354,1.29,0.3368,0.3815,96803,96472,121902,121485,2025
176325,Corpus Christi,TX,2020,False,326586,2010,441,0,202,5,451,0,14,0,3002,219,3342914,706235,3418709,54686,reported,reported,R,R,1.35,1.381,0.3142,0.3691,90964,90963,113153,113152,2025
176325,Corpus Christi,TX,2021,False,326586,2020,440,0,185,6,452,0,16,0,3007,164,3404972,714786,3595810,85356,reported,reported,R,R,1.347,1.384,0.296,0.3635,92863,95464,110332,113422,2025
176325,Corpus Christi,TX,2022,True,327248,2020,478,7,154,1,478,0,11,0,3194,140,3610168,695401,3177783,53059,reported,reported,R,R,1.461,1.461,0.2437,0.351,90632,79777,99702,87761,2025
176325,Corpus Christi,TX,2023,False,317773,2020,498,6,143,1,487,1,9,1,3265,157,4031661,738230,3463238,52859,reported,reported,R,R,1.567,1.533,0.2231,0.3482,97148,85336,102645,90165,2025
176325,Corpus Christi,TX,2024,False,316239,2020,503,7,146,1,492,0,11,2,3356,179,4649724,817818,3697660,73059,reported,reported,R,R,1.591,1.556,0.225,0.3433,110928,90187,113847,92560,2025
176325,Corpus Christi,TX,2025,False,316595,2020,502,3,148,1,492,0,11,0,3451,147,4560257,826539,4005389,72471,reported,reported,R,R,1.586,1.554,0.2277,0.3341,109010,97692,109010,97692,2025
187649,Dallas,TX,2012,True,1197816,2010,3452,0,529,306,1857,0,83,0,13940,714,19532699,1806142,11344357,337207,reported,reported,R,R,2.882,1.55,0.1329,0.4247,67900,73308,95211,102794,2025
187649,Dallas,TX,2013,False,1197816,2010,3597,3,553,306,1885,0,89,0,14060,688,21159198,2049954,11144869,377272,reported,reported,CR,R,3.003,1.574,0.1333,0.4356,70589,70949,97553,98050,2025
187649,Dallas,TX,2014,False,1197816,2010,3658,3,538,0,1880,0,92,0,14408,385,21975118,2002797,12074885,375204,reported,reported,CR,R,3.054,1.57,0.1282,0.4281,72089,77074,98036,104815,2025
187649,Dallas,TX,2015,False,1197816,2010,3538,0,534,1,1918,0,98,1,14503,316,21903398,2151677,12130448,435988,reported,reported,R,R,2.954,1.601,0.1311,0.4198,74291,75894,100910,103088,2025
187649,Dallas,TX,2016,False,1197816,2010,3485,0,560,1,1921,0,94,1,14697,276,22859159,2333735,12330870,421768,reported,reported,R,R,2.909,1.604,0.1384,0.4123,78712,77028,105583,103325,2025
187649,Dallas,TX,2017,True,1300092,2010,3195,0,566,1,1860,0,104,1,14627,275,22909886,2354224,15265155,495745,reported,reported,R,R,2.458,1.431,0.1505,0.3914,86047,98485,113015,129351,2025
187649,Dallas,TX,2018,False,1300092,2010,3066,0,599,0,1865,0,107,0,14815,264,22135198,2481010,15555368,511803,reported,reported,R,R,2.358,1.435,0.1634,0.3805,86635,100088,111074,128322,2025
187649,Dallas,TX,2019,False,1341075,2010,2958,0,544,0,1955,0,100,0,14351,63,23840816,2320257,15293064,504439,reported,reported,R,R,2.206,1.458,0.1553,0.3872,96717,93870,121794,118208,2025
187649,Dallas,TX,2020,False,1343573,2010,3117,0,541,0,1998,0,101,0,14907,62,25241318,2474836,16647795,517042,reported,reported,R,R,2.32,1.487,0.1479,0.3862,97175,99987,120879,124377,2025
187649,Dallas,TX,2021,False,1343573,2020,3120,0,541,0,2000,0,101,0,14867,61,26009702,2550175,17154579,532782,imputed,imputed,G,G,2.322,1.489,0.1478,0.3876,100037,102927,118855,122289,2025
187649,Dallas,TX,2022,True,1343266,2020,3143,0,545,0,2014,0,101,0,14801,68,27191958,2666091,17934330,556997,imputed,imputed,G,G,2.34,1.499,0.1478,0.3921,103819,106858,114209,117552,2025
187649,Dallas,TX,2023,False,1288457,2020,3265,0,566,0,2092,0,105,0,15430,75,30123183,2953490,19867606,617040,imputed,imputed,G,G,2.534,1.624,0.1477,0.3907,110713,113963,116977,120411,2025
187649,Dallas,TX,2024,False,1299544,2020,3416,0,592,0,2189,0,110,0,16188,95,32963372,3231963,21740840,675218,imputed,imputed,G,G,2.629,1.684,0.1477,0.3896,115796,119182,118843,122318,2025
187649,Dallas,TX,2025,False,1302868,2020,3467,0,601,0,2222,0,112,0,16392,93,35235760,3454764,23239584,721764,imputed,imputed,G,G,2.661,1.705,0.1477,0.3906,121958,125506,121958,125506,2025
209562,Denton,TX,2012,True,113383,2010,163,0,39,22,147,0,14,0,1202,146,1022409,153200,1005171,93379,reported,reported,CR,R,1.438,1.296,0.1931,0.302,75269,82055,105544,115060,2025
209562,Denton,TX,2013,False,113383,2010,164,0,21,24,162,0,14,1,1248,168,1032027,103416,1117758,99628,reported,reported,CR,R,1.446,1.429,0.1135,0.2893,75514,82797,104359,114424,2025
209562,Denton,TX,2014,False,113383,2010,170,0,38,24,151,0,14,1,1269,169,1110356,160571,1101025,108841,reported,reported,CR,R,1.499,1.332,0.1827,0.2939,78378,87499,106588,118992,2025
209562,Denton,TX,2015,False,113383,2010,161,0,42,25,151,0,16,0,1342,155,1077283,221090,1073745,120809,reported,reported,R,R,1.42,1.332,0.2069,0.2757,80294,85331,109064,115906,2025
209562,Denton,TX,2016,False,113383,2010,159,0,45,24,170,0,16,0,1367,188,1144416,196153,1252336,80467,reported,reported,R,CR,1.402,1.499,0.2206,0.2853,86371,88400,115857,118579,2025
209562,Denton,TX,2017,True,131044,2010,169,0,47,24,172,0,8,0,1421,192,1183454,209018,1339145,56599,reported,reported,R,R,1.29,1.313,0.2176,0.2787,84032,93429,110368,122711,2025
209562,Denton,TX,2018,False,131044,2010,167,0,50,25,169,0,16,0,1339,189,1254065,230376,660342,143231,reported,reported,R,R,1.274,1.29,0.2304,0.3002,90112,46888,115532,60115,2025
209562,Denton,TX,2019,False,136268,2010,187,0,52,27,170,0,19,0,1425,217,1400092,288970,630551,156357,reported,reported,CR,CR,1.372,1.248,0.2176,0.3004,89845,44509,113140,56049,2025
209562,Denton,TX,2020,False,141541,2010,195,0,59,23,176,0,16,0,1516,225,1604274,346105,1498744,131686,reported,reported,CR,R,1.378,1.243,0.2323,0.2942,98725,102187,122807,127114,2025
209562,Denton,TX,2021,False,141541,2020,177,0,66,22,188,0,5,0,1461,121,1742178,397755,1818018,50565,reported,reported,CR,CR,1.251,1.328,0.2716,0.2984,118114,116044,140333,137873,2025
209562,Denton,TX,2022,True,147515,2020,205,0,70,24,182,0,13,0,1507,195,1768231,477735,1641821,145294,reported,reported,CR,R,1.39,1.234,0.2545,0.3119,103506,108252,113865,119086,2025
209562,Denton,TX,2023,False,148146,2020,217,0,74,24,197,0,6,0,1568,222,1812830,489445,2066121,44809,reported,reported,CR,R,1.465,1.33,0.2543,0.3151,100249,125855,105921,132976,2025
209562,Denton,TX,2024,False,150353,2020,212,0,91,28,216,0,6,0,1703,279,2130166,657179,2541711,41332,reported,reported,CR,R,1.41,1.437,0.3003,0.3083,120575,141206,123748,144922,2025
209562,Denton,TX,2025,False,158349,2020,208,0,85,33,225,0,7,0,1722,268,2287214,626204,2610499,62573,reported,reported,CR,R,1.314,1.421,0.2901,0.3049,131955,139227,131955,139227,2025
113634,Edinburg,TX,2012,True,77100,2010,129,0,32,2,21,0,5,0,653,80,692642,79453,99842,15093,reported,reported,R,R,1.673,0.272,0.1988,0.2864,64432,57053,90348,80001,2025
113634,Edinburg,TX,2014,False,77100,2010,132,0,33,2,21,0,5,0,667,83,746476,85628,107602,16266,imputed,imputed,G,G,1.712,0.272,0.2,0.2864,67861,61487,92286,83618,2025
113634,Edinburg,TX,2015,False,77100,2010,147,0,37,0,34,0,0,0,708,81,776303,89050,160404,0,prorated,reported,T,R,1.907,0.441,0.2011,0.3079,63372,56613,86079,76898,2025
113634,Edinburg,TX,2016,False,77100,2010,149,0,38,0,41,0,0,0,732,89,808303,92720,196008,0,prorated,reported,T,R,1.933,0.532,0.2032,0.3115,65098,57368,87322,76953,2025
113634,Edinburg,TX,2017,True,84497,2010,190,0,0,0,53,0,0,0,873,0,1049988,0,288016,0,reported,reported,R,R,2.249,0.627,0.0,0.2784,66315,65211,87099,85649,2025
113634,Edinburg,TX,2018,False,84497,2010,213,0,0,0,24,0,7,0,852,0,1224538,0,140956,46709,reported,reported,R,CR,2.521,0.284,0.0,0.2864,68988,70478,88449,90359,2025
113634,Edinburg,TX,2019,False,90280,2010,207,0,0,0,62,0,0,0,894,0,1299015,0,338604,0,reported,reported,R,R,2.293,0.687,0.0,0.3009,75305,65536,94830,82528,2025
113634,Edinburg,TX,2020,False,101170,2010,174,0,53,0,67,0,0,0,880,122,1227393,188919,389467,0,prorated,reported,T,R,1.72,0.662,0.2335,0.3341,84648,69755,105296,86770,2025
113634,Edinburg,TX,2021,False,101170,2020,174,0,53,0,66,0,0,0,906,117,1009064,155314,351025,0,prorated,reported,T,R,1.72,0.652,0.2335,0.3234,69591,63823,82682,75829,2025
113634,Edinburg,TX,2022,True,102374,2020,173,0,53,0,64,0,7,0,914,105,1192274,183513,407762,28666,reported,reported,CR,R,1.69,0.625,0.2345,0.3249,82701,76455,90977,84106,2025
113634,Edinburg,TX,2023,False,102483,2020,183,0,54,0,78,0,8,0,974,129,1262472,178579,477558,29310,reported,reported,CR,R,1.786,0.761,0.2278,0.3316,82785,73470,87469,77627,2025
113634,Edinburg,TX,2024,False,104294,2020,182,0,55,0,80,0,10,0,1038,127,1373207,200179,522820,46631,reported,reported,CR,R,1.745,0.767,0.2321,0.315,90541,78423,92923,80487,2025
113634,Edinburg,TX,2025,False,105799,2020,185,0,56,0,81,0,10,0,1053,126,1467872,213980,558861,49846,imputed,imputed,G,G,1.749,0.766,0.2324,0.3153,95213,82794,95213,82794,2025
176118,El Paso,TX,2012,True,649121,2010,1055,3,218,0,804,0,195,1,6096,312,6280802,603592,4514951,626960,reported,imputed,C,AR,1.625,1.239,0.1712,0.3727,71440,67387,100175,94492,2025
176118,El Paso,TX,2013,False,649121,2010,1056,0,259,3,853,0,236,0,6236,282,6666505,748859,4421471,749924,reported,reported,R,R,1.627,1.314,0.197,0.3855,75756,62201,104694,85961,2025
176118,El Paso,TX,2014,False,649121,2010,1044,0,193,3,855,0,55,0,6023,253,6432436,576808,4510230,184769,reported,reported,R,R,1.608,1.317,0.156,0.3565,73936,63301,100547,86085,2025
176118,El Paso,TX,2015,False,649121,2010,1236,0,212,1,849,0,52,1,6327,300,5595468,614789,4170080,173559,reported,reported,R,R,1.904,1.308,0.1464,0.3713,54325,58941,73790,80060,2025
176118,El Paso,TX,2016,False,649121,2010,1022,0,216,0,849,1,65,1,6037,274,5626813,624747,4283506,220839,reported,imputed,R,TX,1.574,1.308,0.1745,0.3565,66068,60544,88623,81213,2025
176118,El Paso,TX,2017,True,681124,2010,1053,0,222,0,891,0,217,1,6376,264,5877669,658783,4617815,671586,reported,reported,R,R,1.546,1.308,0.1741,0.3737,66982,62193,87975,81685,2025
176118,El Paso,TX,2018,False,681124,2010,1075,0,261,1,842,0,243,0,6506,309,6068797,771278,4525241,918895,reported,reported,R,R,1.578,1.236,0.1954,0.3721,67745,64493,86856,82686,2025
176118,El Paso,TX,2019,False,683577,2010,1121,0,298,1,874,0,224,0,6498,283,6509962,899768,4882954,691123,reported,reported,R,R,1.64,1.279,0.21,0.3873,69687,67043,87755,84426,2025
176118,El Paso,TX,2020,False,681728,2010,1167,0,273,1,889,0,205,0,6607,479,6907187,837933,5104866,659347,reported,reported,R,R,1.712,1.304,0.1896,0.3835,71025,68907,88350,85716,2025
176118,El Paso,TX,2021,False,681728,2020,1152,0,228,0,863,0,170,0,6590,141,7015415,704790,5172257,573764,reported,reported,R,R,1.69,1.266,0.1652,0.3662,73077,71920,86824,85449,2025
176118,El Paso,TX,2022,True,681534,2020,1129,0,296,0,904,0,188,0,6347,171,7044790,926969,5422385,703352,reported,reported,R,R,1.657,1.326,0.2077,0.3966,74878,71979,82372,79182,2025
176118,El Paso,TX,2023,False,678415,2020,1034,0,373,0,885,0,246,0,6554,231,6569171,1488554,5503520,995058,reported,reported,R,R,1.524,1.305,0.2651,0.3872,76238,74624,80552,78846,2025
176118,El Paso,TX,2024,False,677456,2020,1079,0,325,0,884,0,250,0,6718,306,7729479,1185893,5710550,1071360,reported,imputed,CR,RX,1.593,1.305,0.2315,0.3778,85963,77519,88225,79559,2025
176118,El Paso,TX,2025,False,678958,2020,1087,0,367,0,912,0,273,0,7099,323,7928438,1532844,5975675,1174310,reported,reported,R,R,1.601,1.343,0.2524,0.3717,87526,78627,87526,78627,2025
176375,Fort Worth,TX,2012,True,741206,2010,1613,0,400,224,910,0,56,3,6325,543,10320635,1488629,6271683,260980,reported,reported,R,R,2.176,1.228,0.1987,0.471,76781,82704,107664,115970,2025
176375,Fort Worth,TX,2013,False,741206,2010,1459,0,298,240,915,2,12,1,6003,558,11078187,1147653,6718018,50331,reported,reported,CR,R,1.968,1.234,0.1696,0.4471,91116,88105,125921,121760,2025
176375,Fort Worth,TX,2014,False,741206,2010,1561,0,400,237,866,2,54,1,6104,561,10631446,1542166,6506318,250059,reported,reported,R,R,2.106,1.168,0.204,0.472,81728,90157,111144,122607,2025
176375,Fort Worth,TX,2015,False,741206,2010,1327,0,416,177,857,0,75,3,6058,417,9233751,1615080,6547915,337752,imputed,reported,ART,R,1.79,1.156,0.2387,0.4416,83500,91686,113419,124538,2025
176375,Fort Worth,TX,2016,False,741206,2010,1633,1,451,191,929,0,50,2,6250,771,10926764,1604430,6770325,204276,imputed,reported,RX,R,2.203,1.253,0.2164,0.4901,80295,87453,107707,117309,2025
176375,Fort Worth,TX,2017,True,833319,2010,1656,0,417,45,894,0,85,2,6493,377,12253355,2003273,6976330,383972,imputed,imputed,X,X,1.987,1.073,0.2012,0.47,88792,93642,116620,122990,2025
176375,Fort Worth,TX,2018,False,833319,2010,1656,0,350,39,851,0,85,3,6414,306,12735205,1677949,6921989,399072,imputed,imputed,RX,CX,1.987,1.021,0.1745,0.4587,92284,97607,118317,125141,2025
176375,Fort Worth,TX,2019,False,874168,2010,1656,0,417,45,894,0,85,2,6493,377,13125192,2145808,7472702,411292,reported,reported,R,R,1.894,1.023,0.2012,0.47,95110,100305,119770,126312,2025
176375,Fort Worth,TX,2020,False,909585,2010,1572,0,490,29,916,0,54,2,6450,287,12999695,2262019,8215084,305583,reported,reported,R,R,1.728,1.007,0.2376,0.4701,99234,107621,123440,133873,2025
176375,Fort Worth,TX,2021,False,909585,2020,1614,0,410,36,876,0,52,25,6293,234,14219227,1954515,8353661,321361,reported,reported,R,R,1.774,0.963,0.2026,0.4691,105719,114434,125606,135961,2025
176375,Fort Worth,TX,2022,True,927720,2020,1662,0,423,32,871,0,56,1,6266,233,15264220,2266517,9220287,355870,reported,reported,R,R,1.791,0.939,0.2029,0.4807,110211,127030,121241,139743,2025
176375,Fort Worth,TX,2023,False,935508,2020,1574,0,445,41,868,0,56,2,6243,247,13933846,2457011,9112374,345318,reported,reported,R,R,1.683,0.928,0.2204,0.4714,106230,125978,112241,133106,2025
176375,Fort Worth,TX,2024,False,956709,2020,1587,0,462,35,939,0,55,1,6494,240,14204451,2636109,10232289,349314,reported,reported,R,R,1.659,0.981,0.2255,0.4686,107406,130764,110232,134205,2025
176375,Fort Worth,TX,2025,False,978468,2020,1198,8,473,36,1054,5,62,0,6236,172,10503002,2828810,11063010,377675,imputed,prorated,CX,T,1.224,1.077,0.2831,0.4469,105205,125955,105205,125955,2025
194820,Frisco,TX,2012,True,116989,2010,118,0,24,0,116,0,8,0,594,0,731707,93655,615950,33388,imputed,imputed,G,G,1.009,0.992,0.169,0.4478,74411,63719,104341,89349,2025
194820,Frisco,TX,2013,False,116989,2010,119,0,24,0,117,0,8,0,597,0,758007,97021,638090,34588,imputed,imputed,G,G,1.017,1.0,0.1678,0.4489,76438,65445,105636,90444,2025
194820,Frisco,TX,2014,False,116989,2010,120,0,24,0,118,0,8,0,602,0,788340,100903,663624,35972,imputed,imputed,G,G,1.026,1.009,0.1667,0.4485,78834,67487,107208,91777,2025
194820,Frisco,TX,2015,False,116989,2010,121,0,24,0,119,0,8,0,605,0,815847,104424,686779,37227,imputed,imputed,G,G,1.034,1.017,0.1655,0.4496,80910,69255,109901,94070,2025
194820,Frisco,TX,2016,False,116989,2010,124,0,25,0,122,0,8,0,619,0,852288,109088,717455,38890,imputed,imputed,G,G,1.06,1.043,0.1678,0.4507,82479,70569,110637,94661,2025
194820,Frisco,TX,2017,True,154407,2010,128,0,26,0,125,0,8,0,636,0,893968,114423,752541,40792,imputed,imputed,G,G,0.829,0.81,0.1688,0.4513,83810,72244,110077,94886,2025
194820,Frisco,TX,2018,False,154407,2010,214,0,60,0,220,0,30,1,1154,148,1649340,307270,1801824,225999,prorated,reported,T,R,1.386,1.425,0.219,0.4541,92486,98281,118576,126006,2025
194820,Frisco,TX,2019,False,177286,2010,229,0,64,0,230,0,34,1,1245,156,1807165,336671,1895017,257093,prorated,reported,T,R,1.292,1.297,0.2184,0.4474,94699,98870,119252,124505,2025
194820,Frisco,TX,2020,False,200490,2010,234,0,65,0,249,2,11,0,1257,153,1915241,356805,2204181,58191,reported,reported,R,R,1.167,1.242,0.2174,0.4447,98217,106226,122175,132138,2025
194820,Frisco,TX,2021,False,200490,2020,232,0,70,0,245,0,16,2,1253,93,1956290,364099,2432564,109207,reported,reported,CR,R,1.157,1.222,0.2318,0.4493,101187,119146,120222,141559,2025
194820,Frisco,TX,2022,True,209980,2020,195,0,119,0,231,0,32,0,1257,119,1683614,845275,2356399,263380,reported,reported,R,R,0.929,1.1,0.379,0.459,103607,122410,113976,134660,2025
194820,Frisco,TX,2023,False,210719,2020,203,0,120,1,233,0,38,0,1307,145,1875070,945668,2340644,352572,reported,reported,R,R,0.963,1.106,0.3715,0.4545,110842,120548,117114,127369,2025
194820,Frisco,TX,2024,False,219587,2020,208,0,135,1,238,0,37,0,1353,154,1930472,1078669,2242885,352656,reported,reported,R,R,0.947,1.084,0.3936,0.4568,111373,113087,114304,116063,2025
194820,Frisco,TX,2025,False,225007,2020,217,0,152,1,236,0,42,0,1444,156,2144153,1172041,2419362,414798,reported,reported,CR,R,0.964,1.049,0.4119,0.4481,118571,123018,118571,123018,2025
212231,Garland,TX,2012,True,226876,2010,350,0,0,84,262,0,7,0,1872,132,2165673,0,1676117,29348,reported,reported,CR,R,1.543,1.155,0.0,0.3307,74252,76769,104118,107648,2025
212231,Garland,TX,2013,False,226876,2010,352,0,0,84,264,0,7,0,1883,132,2243226,0,1736139,30399,imputed,imputed,G,G,1.552,1.164,0.0,0.3309,76474,78915,105686,109059,2025
212231,Garland,TX,2014,False,226876,2010,349,0,90,5,249,0,6,0,1943,33,2226181,355225,1750149,28693,reported,reported,CR,R,1.538,1.098,0.205,0.3572,76545,84345,104095,114703,2025
212231,Garland,TX,2015,False,226876,2010,310,0,93,0,257,0,7,0,1944,34,1991210,352441,1631459,34674,reported,reported,R,R,1.366,1.133,0.2308,0.3431,77079,76177,104697,103472,2025
212231,Garland,TX,2016,False,226876,2010,323,0,98,93,255,0,10,0,1885,284,2090301,427300,1242239,77303,reported,reported,R,R,1.424,1.124,0.2328,0.3639,77658,58458,104170,78415,2025
212231,Garland,TX,2017,True,236897,2010,337,0,94,83,261,0,4,0,2010,258,2294257,382505,1896277,37413,reported,reported,R,CR,1.423,1.102,0.2181,0.3463,81695,87185,107299,114510,2025
212231,Garland,TX,2018,False,236897,2010,326,0,86,68,254,0,4,0,1916,200,2321495,364471,1947298,39335,reported,reported,R,CR,1.376,1.072,0.2087,0.3497,85454,91998,109560,117950,2025
212231,Garland,TX,2019,False,238002,2010,387,0,96,88,264,0,4,0,2045,328,2686542,416084,2038144,20367,reported,reported,CR,R,1.626,1.109,0.1988,0.3672,83304,92643,104903,116663,2025
212231,Garland,TX,2020,False,239928,2010,376,0,89,85,263,0,5,0,2068,248,2916810,450587,2353316,28241,reported,reported,CR,R,1.567,1.096,0.1914,0.3544,93090,107376,115798,133568,2025
212231,Garland,TX,2021,False,239928,2020,375,0,87,86,270,0,3,0,2054,262,2936668,439277,2433558,14008,reported,reported,CR,R,1.563,1.125,0.1883,0.3578,93973,108158,111651,128504,2025
212231,Garland,TX,2022,True,238139,2020,385,0,84,75,265,0,4,0,2053,246,3299479,464602,2399855,18035,reported,reported,CR,R,1.617,1.113,0.1791,0.3595,102841,108673,113133,119549,2025
212231,Garland,TX,2023,False,242035,2020,370,0,94,84,283,0,3,0,2082,236,3455158,525673,2834768,15404,reported,reported,CR,R,1.529,1.169,0.2026,0.3602,112059,120202,118400,127003,2025
212231,Garland,TX,2024,False,240854,2020,383,0,98,92,288,0,7,0,2115,279,3817209,575307,2821430,41175,reported,reported,CR,R,1.59,1.196,0.2037,0.3669,119599,117560,122746,120653,2025
212231,Garland,TX,2025,False,243470,2020,384,1,106,84,297,0,7,0,2169,287,3912679,673628,3144739,42769,reported,reported,CR,R,1.577,1.22,0.2163,0.3661,122271,127060,122271,127060,2025
194823,Grand Prairie,TX,2012,True,175396,2010,238,0,45,70,183,0,63,6,1113,135,1392346,212207,1195369,361173,imputed,imputed,G,G,1.357,1.043,0.159,0.4753,70202,78385,98439,109914,2025
194823,Grand Prairie,TX,2013,False,175396,2010,250,0,43,72,190,0,45,6,1086,161,1556688,231673,1290846,253636,reported,reported,CR,R,1.425,1.083,0.1468,0.4862,74721,81527,103263,112669,2025
194823,Grand Prairie,TX,2014,False,175396,2010,254,1,46,68,192,0,48,9,1134,203,1614066,237923,1380067,269631,reported,reported,CR,R,1.448,1.095,0.1533,0.4762,76255,86254,103701,117299,2025
194823,Grand Prairie,TX,2015,False,175396,2010,290,1,52,73,185,0,45,6,1160,216,1833639,270289,1401351,255301,prorated,prorated,T,RT,1.653,1.055,0.152,0.4931,75875,90898,103062,123468,2025
194823,Grand Prairie,TX,2016,False,175396,2010,204,0,111,85,203,0,26,4,1205,236,1403262,690789,1475024,177900,reported,reported,R,R,1.163,1.157,0.3524,0.4515,82545,87194,110725,116961,2025
194823,Grand Prairie,TX,2017,True,187809,2010,213,0,119,92,205,0,24,5,1263,278,1524084,775655,1598376,181567,reported,reported,R,R,1.134,1.092,0.3584,0.4442,85864,93563,112775,122887,2025
194823,Grand Prairie,TX,2018,False,187809,2010,233,0,121,98,199,0,31,5,1270,275,1676183,871578,1636300,225363,reported,reported,R,R,1.241,1.06,0.3418,0.4598,86327,98671,110679,126506,2025
194823,Grand Prairie,TX,2019,False,193837,2010,270,7,130,94,201,0,32,6,1321,341,1879337,922041,1784110,250421,reported,reported,CR,R,1.393,1.037,0.325,0.4792,83526,106514,105182,134131,2025
194823,Grand Prairie,TX,2020,False,194543,2010,256,7,136,95,212,0,36,6,1324,367,1896135,981932,1805398,306426,reported,reported,CR,R,1.316,1.09,0.3469,0.4834,88881,102192,110562,127120,2025
194823,Grand Prairie,TX,2021,False,194543,2020,260,4,134,75,220,0,31,3,1343,243,1937759,990162,1877139,267286,reported,reported,CR,R,1.336,1.131,0.3401,0.4803,89435,102389,106259,121650,2025
194823,Grand Prairie,TX,2022,True,195272,2020,269,3,131,7,220,0,34,4,1373,208,2054385,994052,1847952,279816,reported,reported,CR,R,1.378,1.127,0.3275,0.4763,91645,100797,100817,110884,2025
194823,Grand Prairie,TX,2023,False,197347,2020,273,4,139,6,216,0,32,5,1368,252,2357169,1189382,2040327,310207,reported,reported,CR,R,1.383,1.095,0.3374,0.4825,103612,113352,109475,119766,2025
194823,Grand Prairie,TX,2024,False,201843,2020,277,2,151,5,220,0,35,5,1435,289,2531261,1309446,2368582,345324,reported,reported,CR,R,1.372,1.09,0.3528,0.476,109658,129195,112543,132594,2025
194823,Grand Prairie,TX,2025,False,202134,2020,271,3,144,3,231,0,36,3,1415,265,2610686,1308255,2402741,373638,reported,reported,CR,R,1.341,1.143,0.347,0.482,115602,124818,115602,124818,2025
176169,Houston,TX,2012,True,2099451,2010,5286,0,1259,1,3767,0,123,0,20794,420,32029935,4328094,20210271,568381,reported,reported,R,CR,2.518,1.794,0.1924,0.5018,72713,64381,101960,90277,2025
176169,Houston,TX,2013,False,2099451,2010,5306,0,1372,2,3735,0,163,0,20883,495,31940521,4673936,19806340,625942,reported,reported,R,CR,2.527,1.779,0.2055,0.5064,72236,63635,99829,87943,2025
176169,Houston,TX,2014,False,2099451,2010,5293,0,1352,2,3767,0,270,0,21191,544,35732245,4902933,20612496,907049,reported,reported,R,CR,2.521,1.794,0.2035,0.5041,81010,65662,110167,89295,2025
176169,Houston,TX,2015,False,2099451,2010,5175,0,1322,2,3909,0,280,0,21198,542,33610875,4611854,20740702,912691,prorated,prorated,T,T,2.465,1.862,0.2035,0.5041,77938,63671,105864,86485,2025
176169,Houston,TX,2016,False,2099451,2010,5209,0,1280,2,4050,0,231,22,21390,484,37051765,4898095,21880710,810400,reported,reported,R,R,2.481,1.929,0.1973,0.5035,85356,64832,114496,86965,2025
176169,Houston,TX,2017,True,2296224,2010,5203,0,1314,2,4105,0,216,28,21431,482,35020200,5090818,22086078,795876,reported,reported,R,R,2.266,1.788,0.2016,0.5057,80769,64563,106083,84798,2025
176169,Houston,TX,2018,False,2296224,2010,5150,0,1207,2,4012,0,175,29,21047,545,35851491,4813428,21693711,703563,reported,reported,R,R,2.243,1.747,0.1899,0.501,83537,64886,107102,83190,2025
176169,Houston,TX,2019,False,2312717,2010,5231,0,1112,1,3906,0,171,22,20758,538,37961347,4693827,20411405,698202,reported,reported,R,R,2.262,1.689,0.1753,0.502,87084,62708,109663,78967,2025
176169,Houston,TX,2020,False,2320268,2010,5281,0,1003,1,3768,0,182,21,20561,518,33847742,5116278,22032967,829390,reported,reported,R,R,2.276,1.624,0.1596,0.4977,76912,70169,95673,87285,2025
176169,Houston,TX,2021,False,2320268,2020,5825,0,1051,1,3683,0,167,17,21167,416,44276456,4611753,20691736,718323,reported,reported,R,R,2.51,1.587,0.1529,0.5067,91213,67418,108371,80100,2025
176169,Houston,TX,2022,True,2316120,2020,5742,0,1050,1,3652,0,190,17,20908,385,43995514,4893536,21488715,818666,reported,reported,R,R,2.479,1.577,0.1546,0.5086,91945,70609,101147,77675,2025
176169,Houston,TX,2023,False,2288250,2020,5628,0,1053,1,3682,0,163,17,21001,377,44815880,5083771,22799396,749163,reported,reported,R,R,2.46,1.609,0.1576,0.5012,95556,74305,100963,78509,2025
176169,Houston,TX,2024,False,2302878,2020,5889,0,1102,1,3853,0,171,21,21977,466,49041384,5563098,24949057,819797,imputed,imputed,G,G,2.557,1.673,0.1576,0.5012,99932,77703,102561,79748,2025
176169,Houston,TX,2025,False,2314157,2020,5977,0,1119,1,3911,0,174,21,22305,468,52422138,5946599,26668963,876312,imputed,imputed,G,G,2.583,1.69,0.1577,0.5013,105248,81828,105248,81828,2025
176079,Irving,TX,2012,True,216290,2010,373,0,160,56,297,1,8,0,1692,207,1757173,753747,1460671,46028,reported,reported,CR,R,1.725,1.373,0.3002,0.4953,56531,59017,79269,82755,2025
176079,Irving,TX,2013,False,216290,2010,377,0,105,71,298,1,8,0,1692,200,2151233,434841,1761135,44145,reported,reported,CR,R,1.743,1.378,0.2178,0.4657,68474,70918,94630,98008,2025
176079,Irving,TX,2014,False,216290,2010,378,0,103,70,299,0,8,0,1648,239,2267329,417152,1927567,30218,reported,reported,CR,R,1.748,1.382,0.2141,0.4782,71979,77361,97886,105205,2025
176079,Irving,TX,2015,False,216290,2010,409,0,106,79,236,0,132,1,1835,450,2284140,623014,1361170,423681,reported,reported,CR,CR,1.891,1.091,0.2058,0.4812,67016,69212,91029,94011,2025
176079,Irving,TX,2016,False,216290,2010,376,0,113,76,251,0,140,1,1867,439,1941855,632546,1529871,478357,prorated,prorated,CT,CT,1.738,1.16,0.2311,0.4713,61974,73141,83131,98111,2025
176079,Irving,TX,2017,True,236607,2010,352,0,107,78,236,0,132,1,1800,416,1942044,598543,1858339,575035,reported,reported,CR,C,1.488,0.997,0.2331,0.4594,66206,94492,86956,124107,2025
176079,Irving,TX,2018,False,236607,2010,299,0,91,76,321,0,50,1,1747,438,2001801,616960,2495821,374062,prorated,reported,T,R,1.264,1.357,0.2333,0.4356,80340,93302,103004,119622,2025
176079,Irving,TX,2019,False,240373,2010,435,0,240,0,321,0,52,1,2017,238,3018178,1482396,2731831,368608,reported,reported,CR,R,1.81,1.335,0.3556,0.5196,83260,102125,104847,128604,2025
176079,Irving,TX,2020,False,239798,2010,431,0,204,0,327,0,53,1,1966,231,3145953,1307850,2453433,331042,imputed,prorated,CRX,T,1.797,1.364,0.3213,0.5163,87590,90034,108956,111996,2025
176079,Irving,TX,2021,False,239798,2020,435,0,240,7,323,0,52,1,1990,161,3051607,1556514,2562460,348247,reported,reported,CR,R,1.814,1.347,0.3556,0.5276,84182,95200,100018,113108,2025
176079,Irving,TX,2022,True,240916,2020,309,0,171,6,357,0,19,1,1916,287,2390454,1219285,3053557,159390,,,,,1.283,1.482,0.3563,0.4468,92833,102641,102123,112913,2025
176079,Irving,TX,2023,False,254198,2020,322,0,179,7,372,0,20,1,1998,299,2618938,1335827,3345422,174625,imputed,imputed,X,X,1.267,1.463,0.3573,0.4469,97600,107917,103123,114023,2025
176079,Irving,TX,2024,False,254715,2020,341,0,189,7,393,0,21,1,2112,316,2827499,1442206,3611837,188531,prorated,reported,T,R,1.339,1.543,0.3566,0.447,99501,110285,102119,113187,2025
176079,Irving,TX,2025,False,254373,2020,346,0,192,7,399,0,21,1,2143,314,3022418,1541628,3860824,201527,imputed,imputed,G,G,1.36,1.569,0.3569,0.447,104824,116115,104824,116115,2025
175981,Killeen,TX,2012,True,127921,2010,254,0,108,0,206,0,0,0,1276,133,1121250,278680,851943,0,reported,reported,R,CR,1.986,1.61,0.2983,0.4451,52972,49628,74279,69590,2025
175981,Killeen,TX,2013,False,127921,2010,244,0,67,0,188,0,6,0,1031,18,1260797,212782,951848,18755,reported,reported,R,R,1.907,1.47,0.2154,0.4898,62006,60756,85691,83964,2025
175981,Killeen,TX,2014,False,127921,2010,275,0,51,0,189,0,7,0,1127,10,1347896,161725,998800,26780,reported,reported,R,R,2.15,1.477,0.1564,0.4632,58817,63416,79987,86241,2025
175981,Killeen,TX,2015,False,127921,2010,277,0,51,0,191,0,7,0,1136,10,1394927,167368,1033650,27714,imputed,imputed,G,G,2.165,1.493,0.1555,0.463,60430,64941,82083,88210,2025
175981,Killeen,TX,2016,False,127921,2010,308,0,55,0,191,0,8,0,1187,18,1634677,178217,1138905,40302,prorated,reported,RT,R,2.408,1.493,0.1515,0.4735,63689,71554,85432,95982,2025
175981,Killeen,TX,2017,True,140806,2010,264,0,56,0,227,0,12,0,1194,16,1500699,177699,1177781,66681,reported,reported,R,CR,1.875,1.612,0.175,0.4682,68214,62262,89593,81776,2025
175981,Killeen,TX,2018,False,140806,2010,239,0,52,0,219,0,4,0,1149,21,1376216,158228,1229367,16992,reported,reported,R,R,1.697,1.555,0.1787,0.4473,69099,67363,88591,86366,2025
175981,Killeen,TX,2019,False,145482,2010,253,0,42,0,214,0,6,0,1026,22,1462766,144875,1198365,17672,reported,reported,CR,R,1.739,1.471,0.1424,0.5019,69380,67198,87369,84621,2025
175981,Killeen,TX,2020,False,151666,2010,250,0,38,0,225,0,9,0,1142,14,1377319,126108,1128891,46022,reported,reported,CR,R,1.648,1.484,0.1319,0.4571,66111,60208,82238,74895,2025
175981,Killeen,TX,2021,False,151666,2020,249,0,36,0,226,0,9,0,1164,22,1556965,132752,1423491,35937,reported,reported,CR,R,1.642,1.49,0.1263,0.4467,75034,75584,89149,89802,2025
175981,Killeen,TX,2022,True,153991,2020,264,0,36,0,238,0,6,0,1182,28,1503058,117779,1310188,20575,reported,reported,CR,R,1.714,1.546,0.12,0.4602,68321,66060,75158,72671,2025
175981,Killeen,TX,2023,False,156261,2020,266,0,30,0,230,0,10,0,1186,15,2008400,178297,1843299,38606,reported,reported,CR,CR,1.702,1.472,0.1014,0.4519,90605,96172,95732,101614,2025
175981,Killeen,TX,2024,False,159172,2020,262,0,38,0,238,0,7,0,1222,16,1898931,150186,1754361,30813,reported,reported,CR,R,1.646,1.495,0.1267,0.446,86974,88455,89263,90782,2025
175981,Killeen,TX,2025,False,159643,2020,295,0,22,0,265,0,8,0,1286,0,2217553,90079,2082963,36587,reported,prorated,R,T,1.848,1.66,0.0694,0.4588,90206,94323,90206,94323,2025
135293,Laredo,TX,2012,True,236091,2010,405,0,105,0,349,0,10,0,2360,7,2613249,456431,2409716,39534,reported,reported,R,R,1.715,1.478,0.2059,0.3682,77430,82856,108574,116183,2025
135293,Laredo,TX,2013,False,236091,2010,403,0,114,0,374,0,11,0,2411,4,2870303,545682,2712409,38966,reported,reported,R,R,1.707,1.584,0.2205,0.3741,85468,87029,118115,120273,2025
135293,Laredo,TX,2014,False,236091,2010,405,0,114,0,356,0,12,0,2402,2,2788333,531145,2605858,39917,reported,reported,R,R,1.715,1.508,0.2197,0.3693,82617,87838,112353,119453,2025
135293,Laredo,TX,2015,False,236091,2010,420,0,121,0,364,0,17,0,2475,3,2874601,568412,2673533,47508,reported,reported,R,R,1.779,1.542,0.2237,0.3725,82131,88138,111560,119719,2025
135293,Laredo,TX,2016,False,236091,2010,446,0,111,0,390,0,19,0,2565,2,3058768,528105,2849414,54166,reported,reported,R,R,1.889,1.652,0.1993,0.3766,82299,87674,110395,117605,2025
135293,Laredo,TX,2017,True,255473,2010,462,0,96,0,380,0,17,0,2588,2,3863136,574005,2943071,50298,reported,reported,R,R,1.808,1.487,0.172,0.369,100341,92939,131789,122067,2025
135293,Laredo,TX,2018,False,255473,2010,477,0,108,0,416,0,18,0,2818,17,3759239,520718,3151469,53803,reported,reported,R,R,1.867,1.628,0.1846,0.3616,94572,90908,121250,116553,2025
135293,Laredo,TX,2019,False,260654,2010,476,0,115,0,403,0,17,0,2787,19,4356271,607281,3241325,49890,reported,reported,R,R,1.826,1.546,0.1946,0.3628,109822,96516,138296,121540,2025
135293,Laredo,TX,2020,False,262491,2010,486,0,119,0,397,0,18,0,2956,14,4572719,671181,3251470,56719,reported,reported,CR,R,1.851,1.512,0.1967,0.3451,112907,98281,140449,122255,2025
135293,Laredo,TX,2021,False,262491,2020,483,0,120,0,377,0,22,0,2838,11,3887289,617629,3465211,66393,reported,reported,R,R,1.84,1.436,0.199,0.3531,96579,110298,114747,131046,2025
135293,Laredo,TX,2022,True,263640,2020,495,0,120,0,432,0,14,0,2942,4,3958315,627540,3923581,47992,reported,reported,R,R,1.878,1.639,0.1951,0.3606,95959,108988,105562,119895,2025
135293,Laredo,TX,2023,False,256153,2020,494,0,129,0,439,0,15,0,3067,5,3994788,729895,4348217,55085,reported,imputed,R,RX,1.929,1.714,0.2071,0.3512,97039,118858,102530,125583,2025
135293,Laredo,TX,2024,False,256187,2020,477,0,139,0,446,0,17,0,3153,14,5062869,830377,4680190,60213,reported,reported,CR,R,1.862,1.741,0.2256,0.3422,127368,125924,130719,129237,2025
135293,Laredo,TX,2025,False,257602,2020,476,0,149,0,430,0,18,0,3043,2,5287586,970074,4234467,71152,reported,reported,R,R,1.848,1.669,0.2384,0.3526,133300,118171,133300,118171,2025
176142,League,TX,2012,True,83560,2010,136,1,0,0,0,0,5,6,481,33,800072,0,0,34386,reported,reported,CR,R,1.628,0.0,0.0,0.2931,70595,,98990,,2025
176142,League,TX,2013,False,83560,2010,146,0,0,0,7,0,0,0,478,6,784896,0,36721,0,reported,reported,R,R,1.747,0.084,0.0,0.3201,64512,62950,89155,86996,2025
176142,League,TX,2017,True,98312,2010,151,0,0,0,27,2,0,0,538,31,900656,0,53991,0,reported,reported,R,R,1.536,0.275,0.0,0.3309,71575,23996,94007,31517,2025
176142,League,TX,2019,False,104903,2010,132,5,38,0,11,45,0,0,546,97,911633,170686,66198,0,prorated,reported,T,R,1.258,0.105,0.2235,0.3315,82876,72216,104364,90940,2025
176142,League,TX,2020,False,107536,2010,130,0,37,0,10,51,0,2,584,79,1026275,192151,63473,0,reported,reported,CR,CR,1.209,0.093,0.2216,0.3031,94733,76168,117841,94748,2025
176142,League,TX,2021,False,107536,2020,121,0,35,0,12,61,0,0,600,76,859995,161018,78771,0,prorated,prorated,T,T,1.125,0.112,0.2244,0.28,85289,78771,101333,93589,2025
176142,League,TX,2022,True,108477,2020,138,1,34,0,9,57,0,0,570,105,913118,165910,63210,0,prorated,reported,T,R,1.272,0.083,0.1977,0.3175,79402,84280,87348,92714,2025
176142,League,TX,2023,False,115595,2020,141,0,35,0,8,60,0,0,594,112,1002606,182169,60403,0,prorated,reported,T,R,1.22,0.069,0.1989,0.3098,85328,90604,90156,95731,2025
176142,League,TX,2024,False,115418,2020,147,0,36,0,8,63,2,0,621,161,1121629,203796,68001,8614,reported,reported,R,R,1.274,0.069,0.1967,0.3108,91562,102002,93971,104686,2025
176142,League,TX,2025,False,116320,2020,120,0,40,0,1,68,11,0,594,160,1071365,146186,12672,45947,reported,reported,CR,CR,1.032,0.009,0.25,0.2896,107136,152064,107136,152064,2025
202617,Lewisville,TX,2012,True,95290,2010,151,0,44,43,126,0,8,0,661,112,918740,162301,822313,24943,reported,reported,CR,CR,1.585,1.322,0.2256,0.4977,73012,78316,102379,109817,2025
202617,Lewisville,TX,2013,False,95290,2010,157,0,49,42,135,0,7,0,678,110,957263,201473,863602,29038,reported,reported,CR,R,1.648,1.417,0.2379,0.5133,73167,76765,101116,106088,2025
202617,Lewisville,TX,2014,False,95290,2010,162,0,51,46,135,0,8,1,695,123,995410,190577,893090,35900,reported,reported,CR,R,1.7,1.417,0.2394,0.5122,73734,79386,100273,107959,2025
202617,Lewisville,TX,2015,False,95290,2010,139,0,47,47,135,0,9,0,696,123,906591,204226,904602,63754,reported,reported,R,R,1.459,1.417,0.2527,0.4741,78267,80409,106311,109220,2025
202617,Lewisville,TX,2016,False,95290,2010,149,4,46,41,148,0,5,0,696,128,1010985,171136,1032102,18461,reported,reported,R,R,1.564,1.553,0.2359,0.5,81422,83684,109219,112253,2025
202617,Lewisville,TX,2017,True,104039,2010,152,5,51,40,132,0,14,0,776,108,724052,165471,669914,68643,reported,reported,R,R,1.461,1.269,0.2512,0.4497,57162,60901,75077,79988,2025
202617,Lewisville,TX,2018,False,104039,2010,143,0,51,48,135,0,19,0,743,142,1056617,260110,1128125,128949,reported,reported,R,R,1.374,1.298,0.2629,0.4684,88667,100278,113680,128566,2025
202617,Lewisville,TX,2019,False,106021,2010,170,0,54,47,147,0,20,1,773,146,1230212,249097,1224450,140419,imputed,reported,CRX,R,1.603,1.387,0.2411,0.5058,86838,99955,109353,125871,2025
202617,Lewisville,TX,2020,False,109212,2010,181,0,52,49,145,0,22,0,781,155,1374404,258249,1327488,151873,reported,reported,CR,R,1.657,1.328,0.2232,0.5122,91121,109861,113348,136659,2025
202617,Lewisville,TX,2021,False,109212,2020,185,0,51,47,152,0,19,0,762,150,1348365,236583,1433626,136394,reported,reported,CR,R,1.694,1.392,0.2161,0.5341,87462,113181,103915,134472,2025
202617,Lewisville,TX,2022,True,112232,2020,183,0,46,44,151,0,18,0,763,191,1366430,233834,1417468,151927,reported,reported,CR,R,1.631,1.345,0.2009,0.5216,89602,112646,98569,123919,2025
202617,Lewisville,TX,2023,False,112944,2020,190,0,48,48,157,0,19,0,793,208,1513728,259040,1570268,168303,imputed,imputed,G,G,1.682,1.39,0.2017,0.5221,95604,120020,101014,126811,2025
202617,Lewisville,TX,2024,False,131215,2020,199,0,50,60,164,0,20,0,829,261,1656452,283464,1718322,184171,imputed,imputed,G,G,1.517,1.25,0.2008,0.5223,99887,125731,102515,129039,2025
202617,Lewisville,TX,2025,False,133553,2020,198,0,50,57,164,0,20,0,827,248,1886093,322762,1956541,209704,prorated,prorated,T,T,1.483,1.228,0.2016,0.5224,114309,143162,114309,143162,2025
212233,Lubbock,TX,2012,True,229573,2010,401,0,106,33,356,0,20,0,2060,127,2146792,281230,2014867,72356,reported,reported,R,R,1.747,1.551,0.2091,0.4286,64243,67917,90083,95235,2025
212233,Lubbock,TX,2013,False,229573,2010,417,0,85,30,373,0,20,0,2079,118,2446995,239373,2216132,74357,reported,reported,R,R,1.816,1.625,0.1693,0.4305,70417,71296,97315,98530,2025
212233,Lubbock,TX,2014,False,229573,2010,479,0,66,29,409,0,16,0,2240,93,2276536,270462,2290059,49423,reported,reported,R,R,2.086,1.782,0.1211,0.433,57032,67190,77559,91373,2025
212233,Lubbock,TX,2015,False,229573,2010,381,0,106,29,408,0,14,0,2073,131,1829131,296528,2253483,46000,reported,reported,R,R,1.66,1.777,0.2177,0.4385,57610,66279,78252,90028,2025
212233,Lubbock,TX,2016,False,229573,2010,401,0,94,29,411,0,17,0,2126,128,3017964,342896,3077486,84880,reported,reported,R,R,1.747,1.79,0.1899,0.4341,90313,89854,121145,120529,2025
212233,Lubbock,TX,2017,True,249042,2010,432,0,105,28,412,0,16,0,2146,139,2689022,339180,2554750,61320,reported,reported,R,R,1.735,1.654,0.1955,0.4497,74695,74410,98105,97731,2025
212233,Lubbock,TX,2018,False,249042,2010,444,0,96,28,406,0,19,0,2197,144,2694595,344638,2671879,51569,reported,reported,R,R,1.783,1.63,0.1778,0.4392,72827,78972,93371,101250,2025
212233,Lubbock,TX,2019,False,253888,2010,421,0,101,30,402,0,29,0,2094,132,2882482,330329,2833001,113369,reported,reported,R,CR,1.658,1.583,0.1935,0.4551,82161,84567,103463,106493,2025
212233,Lubbock,TX,2020,False,258862,2010,460,0,61,22,430,0,7,0,2078,110,3098370,261594,2846816,40130,prorated,prorated,T,T,1.777,1.661,0.1171,0.461,80827,79446,100543,98825,2025
212233,Lubbock,TX,2021,False,258862,2020,483,0,64,23,425,0,7,0,2347,128,2771265,233976,2976373,41956,reported,reported,R,R,1.866,1.642,0.117,0.4171,68851,84039,81803,99848,2025
212233,Lubbock,TX,2022,True,262611,2020,486,0,64,23,441,0,0,0,2422,51,2809853,237234,3115034,0,imputed,imputed,TX,RX,1.851,1.679,0.1164,0.4092,69379,84763,76322,93246,2025
212233,Lubbock,TX,2023,False,260993,2020,507,0,84,0,420,0,21,0,2384,24,3614464,485451,3398491,112239,reported,reported,R,R,1.943,1.609,0.1421,0.4329,85549,97100,90390,102594,2025
212233,Lubbock,TX,2024,False,263930,2020,454,0,132,0,430,0,34,0,2371,118,3384128,929154,3080769,154309,reported,reported,CR,R,1.72,1.629,0.2253,0.4429,89448,85975,91802,88237,2025
212233,Lubbock,TX,2025,False,266878,2020,440,0,161,0,422,0,32,0,2372,142,3528620,1228007,3194546,138192,reported,reported,CR,R,1.649,1.581,0.2679,0.4448,96235,90840,96235,90840,2025
205460,Mcallen,TX,2012,True,129877,2010,271,0,129,0,163,0,11,0,1599,186,1281641,278605,785764,20523,reported,reported,R,R,2.087,1.255,0.3225,0.359,56752,57848,79579,81116,2025
205460,Mcallen,TX,2013,False,129877,2010,264,0,134,0,163,0,10,0,1629,171,1359152,336346,894133,21872,reported,reported,R,R,2.033,1.255,0.3367,0.3505,61780,65826,85379,90971,2025
205460,Mcallen,TX,2014,False,129877,2010,257,0,134,0,163,0,10,0,1644,178,1749237,348998,887397,32840,reported,reported,R,R,1.979,1.255,0.3427,0.3431,81676,65330,111073,88844,2025
205460,Mcallen,TX,2015,False,129877,2010,269,0,134,0,165,0,12,0,1666,184,1401061,352957,918189,27727,reported,reported,R,R,2.071,1.27,0.3325,0.3481,62501,66777,84896,90704,2025
205460,Mcallen,TX,2016,False,129877,2010,281,0,130,0,153,0,12,0,1699,200,1534400,279425,881706,29583,reported,reported,R,R,2.164,1.178,0.3163,0.339,65526,69153,87896,92761,2025
205460,Mcallen,TX,2017,True,140269,2010,274,0,127,0,172,0,12,0,1746,208,1573790,286597,968086,30692,prorated,imputed,T,RX,1.953,1.226,0.3167,0.3351,68925,67541,90527,88709,2025
205460,Mcallen,TX,2018,False,140269,2010,275,0,114,0,163,0,12,0,1712,215,1544905,303269,1055295,28482,prorated,reported,RT,R,1.961,1.162,0.2931,0.3294,67414,77690,86431,99606,2025
205460,Mcallen,TX,2019,False,142696,2010,313,0,108,0,176,0,13,0,1753,201,1752138,305443,1044084,28179,reported,prorated,CR,T,2.193,1.233,0.2565,0.348,67175,71188,84592,89645,2025
205460,Mcallen,TX,2020,False,143268,2010,293,0,134,0,174,0,18,0,1806,226,1709783,377363,1290109,52503,reported,reported,R,R,2.045,1.215,0.3138,0.3427,70025,88973,87106,110676,2025
205460,Mcallen,TX,2021,False,143268,2020,274,0,146,0,166,0,18,0,1756,150,1618979,459916,1018826,70638,reported,reported,R,R,1.912,1.159,0.3476,0.344,70904,73650,84242,87505,2025
205460,Mcallen,TX,2022,True,143751,2020,262,0,140,0,166,0,18,0,1772,156,1646264,467666,1038697,72015,prorated,prorated,T,T,1.823,1.155,0.3483,0.3307,75401,75087,82947,82601,2025
205460,Mcallen,TX,2023,False,143920,2020,272,0,146,0,172,0,19,0,1798,215,1742836,495099,1151761,79854,prorated,prorated,T,T,1.89,1.195,0.3493,0.3387,76890,80355,81241,84902,2025
205460,Mcallen,TX,2024,False,144579,2020,276,0,148,0,177,0,19,0,1869,214,1872958,532064,1312095,90970,prorated,prorated,T,T,1.909,1.224,0.3491,0.3317,81433,88956,83576,91297,2025
205460,Mcallen,TX,2025,False,146593,2020,279,0,150,0,182,0,20,0,1902,211,1964295,558011,1378608,95582,prorated,prorated,T,T,1.903,1.242,0.3497,0.3318,84486,90897,84486,90897,2025
187646,Mckinney,TX,2012,True,131117,2010,162,0,39,1,147,0,16,1,778,84,883376,199410,879415,92639,reported,reported,R,R,1.236,1.121,0.194,0.4679,65435,71789,91755,100665,2025
187646,Mckinney,TX,2013,False,131117,2010,161,0,43,1,155,0,11,1,795,65,964578,160345,990238,53238,reported,reported,R,R,1.228,1.182,0.2108,0.4654,71894,76664,99356,105948,2025
187646,Mckinney,TX,2014,False,131117,2010,164,0,45,0,154,0,12,0,825,71,1003240,176921,1014340,56241,reported,reported,R,R,1.251,1.175,0.2153,0.4545,73408,79039,99829,107487,2025
187646,Mckinney,TX,2015,False,131117,2010,176,1,46,0,159,0,9,0,858,80,1155257,193854,1210752,47317,reported,reported,R,R,1.342,1.213,0.2072,0.4545,78768,91378,106992,124120,2025
187646,Mckinney,TX,2016,False,131117,2010,180,1,47,0,163,0,9,0,876,83,1206858,202513,1264832,49430,imputed,imputed,G,G,1.373,1.243,0.207,0.4555,80457,93116,107924,124905,2025
187646,Mckinney,TX,2017,True,162898,2010,196,0,49,0,172,0,17,0,977,215,1504133,212844,1248873,94650,reported,reported,CR,R,1.203,1.056,0.2,0.4442,92090,87131,120952,114439,2025
187646,Mckinney,TX,2018,False,162898,2010,197,0,61,0,171,0,16,0,1021,224,1464396,317857,1326518,125134,reported,reported,R,R,1.209,1.05,0.2364,0.4358,89202,93089,114365,119349,2025
187646,Mckinney,TX,2019,False,181330,2010,213,0,61,0,180,0,32,0,1094,242,1633653,381741,1447010,205010,reported,reported,R,R,1.175,0.993,0.2226,0.4442,92037,96467,115900,121479,2025
187646,Mckinney,TX,2020,False,199177,2010,213,0,71,0,171,0,52,0,1160,243,1687276,351823,1577193,355858,reported,reported,R,R,1.069,0.859,0.25,0.4371,95058,110680,118246,137678,2025
187646,Mckinney,TX,2021,False,199177,2020,216,0,73,0,202,0,22,0,1175,225,1735325,367473,1984002,163222,reported,reported,R,R,1.084,1.014,0.2526,0.4366,96407,117862,114542,140033,2025
187646,Mckinney,TX,2022,True,208272,2020,228,0,73,0,204,0,23,0,1203,228,1864374,386562,1864081,178105,reported,reported,R,R,1.095,0.979,0.2425,0.4389,98125,109652,107945,120626,2025
187646,Mckinney,TX,2023,False,202690,2020,237,0,76,0,212,0,24,0,1251,248,2065348,428232,2065023,197304,imputed,imputed,G,G,1.169,1.046,0.2428,0.4388,104575,116888,110492,123502,2025
187646,Mckinney,TX,2024,False,207507,2020,248,0,80,0,222,0,25,0,1308,310,2260082,468607,2259725,215906,imputed,imputed,G,G,1.195,1.07,0.2439,0.4396,109359,122147,112237,125361,2025
187646,Mckinney,TX,2025,False,213509,2020,252,0,81,0,225,0,25,0,1325,307,2415883,500911,2415502,230791,imputed,imputed,G,G,1.18,1.054,0.2432,0.44,115042,128827,115042,128827,2025
135132,Mesquite,TX,2012,True,139824,2010,245,0,56,2,195,0,7,0,1027,146,1580398,207530,1320219,28102,reported,reported,CR,R,1.752,1.395,0.186,0.4898,77407,81244,108542,113923,2025
135132,Mesquite,TX,2013,False,139824,2010,243,0,52,1,200,0,6,0,1010,135,1604240,204233,1409776,25034,reported,reported,CR,R,1.738,1.43,0.1763,0.496,79222,84587,109484,116898,2025
135132,Mesquite,TX,2014,False,139824,2010,245,0,56,1,199,0,7,0,1021,135,1646846,210599,1403098,29282,reported,reported,CR,R,1.752,1.423,0.186,0.4966,80662,84609,109694,115062,2025
135132,Mesquite,TX,2015,False,139824,2010,224,0,55,2,199,0,7,0,1022,148,1566089,211535,1461752,29957,reported,reported,R,R,1.602,1.423,0.1971,0.4746,83898,88146,113960,119730,2025
135132,Mesquite,TX,2016,False,139824,2010,226,0,54,4,202,0,6,0,1008,164,1688322,233392,1591398,24649,reported,reported,R,R,1.616,1.445,0.1929,0.4841,89645,94538,120249,126812,2025
135132,Mesquite,TX,2017,True,144788,2010,221,0,54,4,203,0,6,0,1032,179,1724561,243955,1618027,27685,reported,reported,R,R,1.526,1.402,0.1964,0.469,93641,95647,122989,125624,2025
135132,Mesquite,TX,2018,False,144788,2010,228,0,61,2,203,0,6,0,1058,180,1825054,263867,1665438,29318,reported,reported,R,R,1.575,1.402,0.2111,0.4707,96055,98450,123152,126222,2025
135132,Mesquite,TX,2019,False,143949,2010,251,2,64,3,209,0,6,0,1082,174,1970661,281949,1631844,29204,reported,reported,CR,R,1.744,1.452,0.2032,0.4898,94215,93694,118643,117987,2025
135132,Mesquite,TX,2020,False,140937,2010,247,2,62,6,205,0,6,0,1086,174,2033919,289768,1632254,29944,reported,reported,CR,R,1.753,1.455,0.2006,0.4788,98814,95547,122918,118854,2025
135132,Mesquite,TX,2021,False,140937,2020,247,2,62,6,205,0,6,0,1086,171,2095835,298590,1681943,30856,imputed,imputed,G,G,1.753,1.455,0.2006,0.4788,101822,98455,120976,116976,2025
135132,Mesquite,TX,2022,True,138916,2020,248,2,62,6,206,0,6,0,1088,192,2191098,312161,1758393,32258,imputed,imputed,G,G,1.785,1.483,0.2,0.4798,106021,102431,116631,112682,2025
135132,Mesquite,TX,2023,False,147691,2020,258,2,64,7,214,0,6,0,1129,211,2427293,345812,1947943,35734,imputed,imputed,G,G,1.747,1.449,0.1988,0.4801,112897,109230,119285,115411,2025
135132,Mesquite,TX,2024,False,147899,2020,270,3,67,9,224,0,6,0,1180,265,2656153,378417,2131607,39104,imputed,imputed,G,G,1.826,1.515,0.1988,0.4805,118051,114193,121157,117198,2025
135132,Mesquite,TX,2025,False,147317,2020,274,3,68,9,227,0,6,0,1195,263,2839259,404504,2278553,41799,imputed,imputed,G,G,1.86,1.541,0.1988,0.4812,124347,120452,124347,120452,2025
194825,Midland,TX,2012,True,111147,2010,172,0,51,4,185,0,5,3,890,21,931624,158080,1066360,16592,reported,reported,R,R,1.548,1.664,0.2287,0.464,64997,69169,91141,96991,2025
194825,Midland,TX,2013,False,111147,2010,173,0,51,4,186,0,5,3,893,21,965110,163762,1104689,17188,imputed,imputed,G,G,1.556,1.673,0.2277,0.4647,66944,71270,92516,98494,2025
194825,Midland,TX,2014,False,111147,2010,175,0,52,4,188,0,5,3,903,21,1003730,170315,1148894,17876,imputed,imputed,G,G,1.574,1.691,0.2291,0.4651,68827,73334,93599,99729,2025
194825,Midland,TX,2015,False,111147,2010,175,0,52,0,207,0,6,0,924,0,1014905,172211,1168928,18188,prorated,prorated,T,T,1.574,1.862,0.2291,0.4762,69593,67764,94529,92045,2025
194825,Midland,TX,2016,False,111147,2010,179,0,67,0,179,0,8,0,993,0,1164008,284332,1181296,44200,reported,reported,R,R,1.61,1.61,0.2724,0.4361,78034,79193,104674,106229,2025
194825,Midland,TX,2017,True,132950,2010,180,0,45,0,186,1,3,0,968,2,1101027,162677,1144431,19211,reported,reported,R,CR,1.354,1.399,0.2,0.4277,73402,73834,96407,96974,2025
194825,Midland,TX,2018,False,132950,2010,184,0,43,0,190,0,5,0,918,0,1073567,195334,1173620,12831,reported,reported,R,R,1.384,1.429,0.1894,0.4597,70015,74123,89766,95033,2025
194825,Midland,TX,2019,False,136089,2010,202,0,43,0,210,0,0,0,996,0,1359461,201626,1574160,0,imputed,reported,RX,R,1.484,1.543,0.1755,0.4568,80760,89952,101699,113274,2025
194825,Midland,TX,2020,False,146038,2010,186,0,30,0,220,0,0,0,1010,0,1419046,236532,1600603,0,reported,reported,R,R,1.274,1.506,0.1389,0.4317,91551,87306,113883,108603,2025
194825,Midland,TX,2021,False,146038,2020,165,0,68,2,207,0,5,0,1031,15,1388838,367636,1695430,31886,reported,reported,R,R,1.13,1.417,0.2918,0.4316,101006,98286,120007,116775,2025
194825,Midland,TX,2022,True,147069,2020,171,0,69,3,207,0,5,0,1002,15,1424793,347065,1829602,28885,reported,reported,R,R,1.163,1.408,0.2875,0.4511,99985,106064,109991,116679,2025
194825,Midland,TX,2023,False,131325,2020,157,0,63,3,210,0,5,0,995,18,1333556,357614,1697075,24953,reported,reported,R,R,1.196,1.599,0.2864,0.4372,101928,96976,107695,102463,2025
194825,Midland,TX,2024,False,134444,2020,163,0,74,2,251,0,5,0,1075,6,1412599,470061,1980016,25414,reported,reported,CR,R,1.212,1.867,0.3122,0.4586,103995,94662,106731,97153,2025
194825,Midland,TX,2025,False,138397,2020,171,0,81,1,232,0,7,0,1127,14,1676310,545402,2275852,42665,reported,reported,CR,R,1.236,1.676,0.3214,0.4357,117636,117716,117636,117716,2025
176060,New Braunfels,TX,2012,True,57740,2010,102,0,27,13,102,0,13,0,700,67,624871,90121,713664,68010,reported,reported,R,CR,1.767,1.767,0.2093,0.3486,73514,83960,103083,117731,2025
176060,New Braunfels,TX,2014,False,57740,2010,94,0,33,14,129,0,3,0,713,90,584266,163324,890601,14391,reported,reported,R,R,1.628,2.234,0.2598,0.3633,74587,82847,101433,112666,2025
176060,New Braunfels,TX,2015,False,57740,2010,93,0,38,17,119,0,13,0,744,89,518747,173049,699677,89820,reported,reported,R,R,1.611,2.061,0.2901,0.3535,66935,70556,90919,95837,2025
176060,New Braunfels,TX,2016,False,57740,2010,105,1,41,1,120,0,13,0,782,106,651857,198449,821879,92296,reported,reported,R,R,1.818,2.078,0.2808,0.3568,74498,82188,99931,110246,2025
176060,New Braunfels,TX,2017,True,70543,2010,108,1,42,1,123,0,13,0,800,104,683735,208154,862072,96810,imputed,imputed,G,G,1.531,1.744,0.28,0.3575,75971,84105,99781,110464,2025
176060,New Braunfels,TX,2018,False,70543,2010,107,1,42,1,122,0,13,0,793,106,714608,217553,900997,101181,imputed,imputed,G,G,1.517,1.729,0.2819,0.3581,80143,88623,102751,113623,2025
176060,New Braunfels,TX,2019,False,79152,2010,108,1,43,1,124,0,13,0,868,101,746206,227173,940837,105655,imputed,imputed,G,G,1.364,1.567,0.2848,0.3318,82912,91049,104409,114656,2025
176060,New Braunfels,TX,2020,False,90209,2010,110,1,44,1,127,0,13,0,895,99,789682,240409,995653,111811,imputed,imputed,G,G,1.219,1.408,0.2857,0.3285,86147,94077,107161,117025,2025
176060,New Braunfels,TX,2021,False,90209,2020,110,1,44,1,127,0,13,0,911,94,813721,247727,1025962,115215,imputed,imputed,G,G,1.219,1.408,0.2857,0.3227,88770,96941,105469,115177,2025
176060,New Braunfels,TX,2022,True,95534,2020,110,1,44,1,127,0,13,0,921,105,850708,258987,1072596,120452,imputed,imputed,G,G,1.151,1.329,0.2857,0.3192,92805,101348,102093,111491,2025
176060,New Braunfels,TX,2023,False,98857,2020,139,1,41,3,135,0,18,0,998,166,1143763,280782,1203102,181963,imputed,imputed,X,X,1.406,1.366,0.2278,0.3337,98742,106942,104329,112993,2025
176060,New Braunfels,TX,2024,False,104707,2020,148,1,43,3,143,0,19,0,1066,176,1247054,306139,1311752,198396,imputed,imputed,X,X,1.413,1.366,0.2251,0.3311,101112,110077,103773,112973,2025
176060,New Braunfels,TX,2025,False,110958,2020,151,1,44,3,146,0,19,0,1113,179,1341616,329353,1411220,213439,reported,reported,R,R,1.361,1.316,0.2256,0.3235,106618,115991,106618,115991,2025
176107,Odessa,TX,2012,True,99940,2010,170,0,36,42,194,0,3,1,852,73,809696,91939,837144,7310,imputed,imputed,G,G,1.701,1.941,0.1748,0.473,57155,51782,80144,72610,2025
176107,Odessa,TX,2013,False,99940,2010,171,0,36,42,195,0,3,1,854,73,838799,95244,867234,7573,imputed,imputed,G,G,1.711,1.951,0.1739,0.4742,58863,53368,81348,73754,2025
176107,Odessa,TX,2014,False,99940,2010,176,0,27,35,154,0,17,0,822,61,1105032,133500,826806,101078,reported,reported,R,R,1.761,1.541,0.133,0.455,75343,64426,102461,87614,2025
176107,Odessa,TX,2015,False,99940,2010,146,0,43,35,154,0,18,0,863,66,910884,178552,957958,117666,reported,reported,R,R,1.461,1.541,0.2275,0.4183,74867,74646,101693,101393,2025
176107,Odessa,TX,2016,False,99940,2010,150,0,44,36,158,0,18,0,885,67,921932,180718,969576,119094,prorated,prorated,T,T,1.501,1.581,0.2268,0.4181,73755,73639,98934,98779,2025
176107,Odessa,TX,2017,True,118968,2010,171,0,37,0,168,0,9,0,943,0,1101954,161878,940140,66426,reported,reported,R,R,1.437,1.412,0.1779,0.4083,77330,67153,101566,88199,2025
176107,Odessa,TX,2018,False,118968,2010,140,0,55,0,176,0,9,0,891,26,1004480,226151,992249,70449,reported,reported,R,R,1.177,1.479,0.2821,0.4265,86098,67653,110386,86738,2025
176107,Odessa,TX,2019,False,116861,2010,148,0,43,0,172,0,9,0,869,21,1066542,204476,1046590,76671,reported,reported,R,R,1.266,1.472,0.2251,0.4281,86476,73018,108897,91950,2025
176107,Odessa,TX,2020,False,123334,2010,148,0,35,0,183,0,10,0,896,21,1166021,187886,1265153,84817,reported,reported,R,R,1.2,1.484,0.1913,0.4196,94542,82961,117604,103198,2025
176107,Odessa,TX,2021,False,123334,2020,117,0,71,0,196,0,11,0,899,15,923344,454495,1201717,93730,reported,reported,R,R,0.949,1.589,0.3777,0.4394,94702,73575,112517,87415,2025
176107,Odessa,TX,2022,True,125413,2020,148,0,36,0,202,0,10,0,913,19,1126927,194891,1359694,105134,reported,reported,R,R,1.18,1.611,0.1957,0.4337,91372,80774,100516,88858,2025
176107,Odessa,TX,2023,False,112483,2020,137,0,34,1,194,0,8,0,861,21,1183878,163737,1672774,55980,reported,reported,CR,R,1.218,1.725,0.1988,0.4332,103697,103471,109565,109326,2025
176107,Odessa,TX,2024,False,112906,2020,132,0,26,1,189,0,8,0,855,17,1208488,165426,1783778,59309,imputed,imputed,RX,RX,1.169,1.674,0.1646,0.4152,109863,113256,112754,116236,2025
176107,Odessa,TX,2025,False,115743,2020,120,0,43,1,208,0,12,0,887,14,1144594,298037,2030972,103648,reported,reported,R,R,1.037,1.797,0.2638,0.4318,114459,117171,114459,117171,2025
205455,Pasadena,TX,2012,True,149043,2010,283,0,73,6,6,1,12,1,917,84,1707398,250059,24339,58198,reported,reported,R,R,1.899,0.04,0.2051,0.4079,72399,48678,101520,68258,2025
205455,Pasadena,TX,2013,False,149043,2010,270,0,72,4,9,2,9,0,913,103,1758256,264780,49810,39729,reported,reported,R,R,1.812,0.06,0.2105,0.3943,78145,66413,107995,91782,2025
205455,Pasadena,TX,2014,False,149043,2010,269,0,79,5,11,5,8,0,935,108,1832592,342754,46602,44217,reported,reported,R,CR,1.805,0.074,0.227,0.3925,81751,50839,111175,69137,2025
205455,Pasadena,TX,2015,False,149043,2010,269,0,81,6,12,4,6,0,942,108,1952194,348739,98445,35265,reported,reported,R,R,1.805,0.081,0.2314,0.3907,87087,98445,118291,133719,2025
205455,Pasadena,TX,2016,False,149043,2010,277,0,76,4,13,3,10,1,961,126,1956459,328908,63552,60793,reported,reported,R,R,1.859,0.087,0.2153,0.3913,84756,58663,113691,78690,2025
205455,Pasadena,TX,2017,True,153784,2010,273,0,83,5,14,4,9,0,966,135,2021937,358754,65240,55579,reported,reported,R,R,1.775,0.091,0.2331,0.3923,88876,55920,116731,73446,2025
205455,Pasadena,TX,2018,False,153784,2010,296,0,80,4,14,3,10,0,1005,121,2244976,342006,70428,67474,reported,reported,CR,R,1.925,0.091,0.2128,0.398,91013,60367,116687,77396,2025
205455,Pasadena,TX,2019,False,153520,2010,302,1,81,4,13,4,10,0,1007,90,2330429,379400,80706,82225,reported,reported,R,R,1.967,0.085,0.2115,0.4032,92600,74498,116609,93814,2025
205455,Pasadena,TX,2020,False,151227,2010,291,1,84,1,9,3,9,0,1018,74,2322192,406882,57782,76528,imputed,imputed,RX,RX,1.924,0.06,0.224,0.3861,95760,77043,119119,95836,2025
205455,Pasadena,TX,2021,False,151227,2020,294,0,87,1,10,5,8,0,1008,69,2383993,417067,57142,62312,reported,reported,R,R,1.944,0.066,0.2283,0.3958,97306,68570,115611,81469,2025
205455,Pasadena,TX,2022,True,149440,2020,282,0,77,3,10,6,9,0,963,64,2370705,399743,59637,68461,reported,reported,R,R,1.887,0.067,0.2145,0.3925,100881,71564,110977,78726,2025
205455,Pasadena,TX,2023,False,148626,2020,305,0,82,4,9,4,9,0,985,97,2615001,479196,55988,71189,reported,reported,R,R,2.052,0.061,0.2119,0.4112,102885,74651,108707,78875,2025
205455,Pasadena,TX,2024,False,147662,2020,310,0,83,4,9,6,9,0,984,117,3119858,571711,61677,74976,prorated,reported,T,R,2.099,0.061,0.2112,0.4177,120769,82236,123947,84400,2025
205455,Pasadena,TX,2025,False,146716,2020,313,0,88,3,10,5,9,0,1005,89,3264543,490886,67475,78064,reported,reported,R,R,2.133,0.068,0.2195,0.4179,125158,80970,125158,80970,2025
135095,Pearland,TX,2012,True,91252,2010,149,0,28,8,33,18,7,1,542,109,765733,94721,150629,29559,reported,reported,CR,R,1.633,0.362,0.1582,0.4004,61670,54774,86475,76806,2025
135095,Pearland,TX,2014,False,91252,2010,152,0,29,8,34,19,7,1,554,112,825248,102083,162336,31856,imputed,imputed,G,G,1.666,0.373,0.1602,0.4007,65151,57295,88600,77917,2025
135095,Pearland,TX,2015,False,91252,2010,156,0,36,10,66,44,21,2,604,130,962134,164455,357034,109496,prorated,reported,RT,R,1.71,0.723,0.1875,0.4619,74010,64915,100529,88175,2025
135095,Pearland,TX,2016,False,91252,2010,159,0,37,10,67,46,21,2,614,134,1005109,171801,372981,114387,imputed,imputed,G,G,1.742,0.734,0.1888,0.4625,75857,66803,101754,89609,2025
135095,Pearland,TX,2017,True,108821,2010,164,0,38,10,69,45,22,2,632,132,1054263,180203,391221,119981,imputed,imputed,G,G,1.507,0.634,0.1881,0.4636,77141,68038,101318,89362,2025
135095,Pearland,TX,2018,False,108821,2010,166,0,25,6,95,28,27,3,664,103,1131218,111016,591705,141913,reported,reported,R,R,1.525,0.873,0.1309,0.4714,81775,74742,104843,95826,2025
135095,Pearland,TX,2019,False,119940,2010,168,0,25,6,96,28,27,3,670,103,1181238,115925,617869,148188,imputed,imputed,G,G,1.401,0.8,0.1295,0.4716,84374,77234,106250,97259,2025
135095,Pearland,TX,2020,False,122460,2010,172,0,26,6,98,28,28,3,686,102,1250060,122679,653868,156822,imputed,imputed,G,G,1.405,0.8,0.1313,0.4723,87213,80065,108487,99595,2025
135095,Pearland,TX,2021,False,122460,2020,172,0,26,6,98,27,28,3,686,99,1288114,126414,673773,161596,imputed,imputed,G,G,1.405,0.8,0.1313,0.4723,89868,82503,106773,98023,2025
135095,Pearland,TX,2022,True,123562,2020,173,0,26,6,98,30,28,3,687,109,1346664,132160,704398,168941,imputed,imputed,G,G,1.4,0.793,0.1307,0.4731,93410,86253,102758,94885,2025
176053,Plano,TX,2012,True,259841,2010,370,0,188,73,320,0,10,0,1946,452,2303282,982658,2271160,35395,reported,reported,CR,R,1.424,1.232,0.3369,0.4563,74701,85168,104748,119425,2025
176053,Plano,TX,2013,False,259841,2010,366,0,195,77,316,0,10,0,1977,499,2419581,917437,2310905,36015,prorated,prorated,T,T,1.409,1.216,0.3476,0.4487,79331,87756,109634,121277,2025
176053,Plano,TX,2014,False,259841,2010,408,0,160,73,335,0,10,1,2004,516,2551358,850454,2448637,38161,reported,prorated,CR,T,1.57,1.289,0.2817,0.4556,75040,87712,102049,119282,2025
176053,Plano,TX,2015,False,259841,2010,404,0,134,74,341,0,15,1,2064,580,2902393,532782,2575899,64639,reported,reported,R,R,1.555,1.312,0.2491,0.4331,86210,90647,117100,123127,2025
176053,Plano,TX,2016,False,259841,2010,359,0,212,64,348,0,12,1,2114,495,2810024,827563,2767118,108423,reported,reported,R,R,1.382,1.339,0.3713,0.4404,93928,95418,125994,127993,2025
176053,Plano,TX,2017,True,283558,2010,443,0,117,64,396,0,0,1,2185,454,3142253,491532,3055741,0,prorated,reported,T,R,1.562,1.397,0.2089,0.4375,85117,92598,111793,121619,2025
176053,Plano,TX,2018,False,283558,2010,479,0,126,70,378,0,11,1,2208,541,3607612,564326,3123976,45969,reported,reported,R,R,1.689,1.333,0.2083,0.4502,90379,99174,115874,127150,2025
176053,Plano,TX,2019,False,286143,2010,515,0,158,69,381,0,20,1,2279,560,3884820,610682,3277293,80272,prorated,reported,CT,R,1.8,1.332,0.2348,0.4713,90520,103222,113990,129985,2025
176053,Plano,TX,2020,False,287677,2010,508,0,156,67,380,0,24,1,2284,534,3952569,620000,3415859,152011,reported,reported,CR,R,1.766,1.321,0.2349,0.4676,93368,107869,116143,134182,2025
176053,Plano,TX,2021,False,287677,2020,536,0,142,55,385,0,11,0,2247,371,4145331,712338,3580365,64515,reported,reported,CR,R,1.863,1.338,0.2094,0.478,92806,111596,110264,132589,2025
176053,Plano,TX,2022,True,291296,2020,525,0,139,56,375,0,21,1,2235,415,4314930,741482,3593121,135198,prorated,reported,T,R,1.802,1.287,0.2093,0.4743,98627,114980,108497,126487,2025
176053,Plano,TX,2023,False,288253,2020,510,0,135,54,388,0,22,1,2267,482,4414358,758568,4037883,152248,prorated,reported,T,R,1.769,1.346,0.2093,0.4654,103867,124883,109744,131949,2025
176053,Plano,TX,2024,False,289547,2020,541,0,143,57,391,0,20,1,2371,560,4842421,832126,4411548,149075,prorated,reported,T,R,1.868,1.35,0.2091,0.4618,107410,135393,110236,138956,2025
176053,Plano,TX,2025,False,290190,2020,535,0,141,56,387,0,20,1,2346,554,4818798,828067,4390026,148347,prorated,prorated,T,T,1.844,1.334,0.2086,0.4616,108085,136125,108085,136125,2025
212234,Richardson,TX,2012,True,99223,2010,151,7,89,38,119,0,30,0,955,276,815933,338827,669036,173826,reported,reported,CR,R,1.522,1.199,0.3708,0.4073,64842,67466,90923,94603,2025
212234,Richardson,TX,2013,False,99223,2010,161,8,76,44,133,0,22,0,951,262,872084,297148,765804,128800,reported,reported,R,R,1.623,1.34,0.3207,0.4122,65000,69095,89829,95488,2025
212234,Richardson,TX,2014,False,99223,2010,153,0,77,46,130,0,27,0,973,284,893473,304335,777582,162791,reported,reported,R,R,1.542,1.31,0.3348,0.3977,70076,71777,95298,97611,2025
212234,Richardson,TX,2015,False,99223,2010,154,0,78,47,131,0,27,0,981,289,924648,314954,804714,168471,imputed,imputed,G,G,1.552,1.32,0.3362,0.3976,72050,73714,97866,100127,2025
212234,Richardson,TX,2016,False,99223,2010,154,0,78,33,131,0,27,0,980,202,1033612,352070,899544,188326,prorated,prorated,T,T,1.552,1.32,0.3362,0.398,80541,82401,108037,110532,2025
212234,Richardson,TX,2017,True,110815,2010,154,0,78,33,131,0,27,0,980,202,1176154,400623,1023597,214297,prorated,prorated,T,T,1.39,1.182,0.3362,0.398,91648,93765,120371,123152,2025
212234,Richardson,TX,2018,False,110815,2010,154,0,78,33,131,0,27,0,980,202,1220290,415657,1062008,222339,imputed,imputed,TX,TX,1.39,1.182,0.3362,0.398,95088,97283,121912,124726,2025
212234,Richardson,TX,2019,False,116783,2010,161,4,92,37,153,0,9,0,981,183,1223054,447430,1312129,61120,reported,reported,R,R,1.379,1.31,0.3636,0.423,91159,102912,114794,129595,2025
212234,Richardson,TX,2020,False,121323,2010,166,3,92,47,162,0,5,0,978,251,1191618,424698,1170101,24521,reported,reported,R,R,1.368,1.335,0.3566,0.4346,86141,86674,107153,107816,2025
212234,Richardson,TX,2021,False,121323,2020,162,2,93,52,151,0,4,1,947,287,1187043,438771,1114569,21447,reported,reported,R,R,1.335,1.245,0.3647,0.4329,87929,88575,104470,105237,2025
212234,Richardson,TX,2022,True,121112,2020,162,3,85,30,159,0,6,0,930,150,1510185,481753,1471927,33996,reported,reported,CR,R,1.338,1.313,0.3441,0.443,111866,111089,123061,122206,2025
212234,Richardson,TX,2023,False,116382,2020,178,4,68,37,174,1,5,0,981,187,1725168,391052,1722358,27258,reported,reported,R,R,1.529,1.495,0.2764,0.4332,116303,118783,122884,125504,2025
212234,Richardson,TX,2024,False,118802,2020,182,6,75,35,184,1,4,0,1020,199,1819952,479942,2066989,23549,reported,reported,R,R,1.532,1.549,0.2918,0.4363,119997,134804,123154,138351,2025
212234,Richardson,TX,2025,False,117435,2020,187,7,65,37,179,1,4,0,997,197,1845585,410202,1916307,19852,reported,reported,R,R,1.592,1.524,0.2579,0.4363,118433,128468,118433,128468,2025
135298,Round Rock,TX,2012,True,99887,2010,148,2,55,5,120,0,6,0,460,17,979217,213546,707400,28571,reported,reported,R,R,1.482,1.201,0.2709,0.7152,79396,70740,111331,99194,2025
135298,Round Rock,TX,2013,False,99887,2010,132,3,35,0,120,0,9,0,475,31,867528,140680,778769,45342,reported,reported,R,R,1.321,1.201,0.2096,0.6232,78866,77877,108992,107625,2025
135298,Round Rock,TX,2014,False,99887,2010,134,3,35,0,122,0,9,0,482,32,902243,146309,809932,47156,imputed,imputed,G,G,1.342,1.221,0.2071,0.6224,80798,79665,109879,108338,2025
135298,Round Rock,TX,2015,False,99887,2010,155,0,63,5,109,0,28,0,775,55,926728,283065,613430,153483,reported,reported,R,R,1.552,1.091,0.289,0.4581,71747,67534,97455,91732,2025
135298,Round Rock,TX,2016,False,99887,2010,158,0,64,5,111,0,29,0,791,57,968122,295709,640830,160339,imputed,imputed,G,G,1.582,1.111,0.2883,0.4576,73528,69279,98630,92930,2025
135298,Round Rock,TX,2017,True,115997,2010,162,0,66,5,114,0,30,0,813,56,1015467,310170,672169,168180,imputed,imputed,G,G,1.397,0.983,0.2895,0.4576,75220,70755,98795,92930,2025
135298,Round Rock,TX,2018,False,115997,2010,161,0,65,5,113,0,30,0,806,57,1061318,324175,702519,175774,imputed,imputed,G,G,1.388,0.974,0.2876,0.4578,79104,74604,101419,95649,2025
135298,Round Rock,TX,2019,False,123678,2010,163,0,66,5,114,0,30,0,814,57,1108247,338509,733583,183546,imputed,imputed,G,G,1.318,0.922,0.2882,0.4582,81589,77219,102743,97240,2025
135298,Round Rock,TX,2020,False,133372,2010,167,0,68,5,117,0,31,0,835,57,1172816,358231,776324,194240,imputed,imputed,G,G,1.252,0.877,0.2894,0.4587,84274,79623,104831,99046,2025
135298,Round Rock,TX,2021,False,133372,2020,167,0,68,5,117,0,31,0,835,56,1208518,369136,799956,200153,imputed,imputed,G,G,1.252,0.877,0.2894,0.4587,86840,82047,103176,97481,2025
135298,Round Rock,TX,2022,True,137575,2020,168,0,68,5,117,0,31,0,836,60,1263450,385914,836317,209250,imputed,imputed,G,G,1.221,0.85,0.2881,0.4593,90246,85776,99278,94360,2025
135285,San Angelo,TX,2012,True,93200,2010,159,4,51,0,179,0,5,0,893,74,739549,124771,782445,13984,imputed,imputed,G,G,1.706,1.921,0.2429,0.4412,55815,52454,78265,73552,2025
135285,San Angelo,TX,2013,False,93200,2010,160,4,51,0,180,0,5,0,896,74,766131,129256,810569,14487,imputed,imputed,G,G,1.717,1.931,0.2417,0.442,57460,54038,79409,74680,2025
135285,San Angelo,TX,2014,False,93200,2010,162,4,52,0,182,0,5,0,907,77,796789,134428,843005,15067,imputed,imputed,G,G,1.738,1.953,0.243,0.4421,59021,55583,80264,75589,2025
135285,San Angelo,TX,2015,False,93200,2010,182,1,23,6,175,0,2,0,846,83,917972,74548,852558,5862,reported,reported,R,R,1.953,1.878,0.1122,0.4515,60526,58461,82213,79408,2025
135285,San Angelo,TX,2016,False,93200,2010,160,3,20,25,171,0,8,0,850,82,889538,85058,883206,39836,reported,reported,R,R,1.717,1.835,0.1111,0.4224,66715,61979,89491,83138,2025
135285,San Angelo,TX,2017,True,100450,2010,165,3,21,24,176,0,8,0,875,80,933040,89218,926398,41784,imputed,imputed,G,G,1.643,1.752,0.1129,0.4229,67857,63164,89124,82960,2025
135285,San Angelo,TX,2018,False,100450,2010,218,2,0,0,185,0,0,0,912,80,1080043,0,998213,0,reported,reported,R,R,2.17,1.842,0.0,0.4419,59452,64749,76223,83014,2025
135285,San Angelo,TX,2019,False,100119,2010,177,0,50,2,178,0,7,0,907,81,983034,163229,967450,34810,reported,reported,R,C,1.768,1.778,0.2203,0.4542,66646,65221,83926,82131,2025
135285,San Angelo,TX,2020,False,101004,2010,169,0,50,1,183,0,7,0,903,70,979556,171556,1170064,33472,reported,reported,R,C,1.673,1.812,0.2283,0.4529,69554,76726,86520,95442,2025
135285,San Angelo,TX,2021,False,101004,2020,170,0,52,23,186,0,5,0,888,69,990575,164613,1145140,17124,reported,reported,R,CR,1.683,1.842,0.2342,0.4651,69923,73880,83076,87778,2025
135285,San Angelo,TX,2022,True,101612,2020,178,0,28,25,183,0,12,0,891,86,1026961,89536,1390052,50281,reported,reported,R,R,1.752,1.801,0.1359,0.4501,69233,91151,76162,100273,2025
135285,San Angelo,TX,2023,False,99667,2020,169,0,43,28,178,0,13,0,850,83,1091950,204923,1327625,64148,reported,reported,R,R,1.696,1.786,0.2028,0.4741,77535,89503,81922,94567,2025
135285,San Angelo,TX,2024,False,99112,2020,164,0,47,1,185,0,8,0,907,76,1161814,208412,1501477,60486,reported,reported,R,R,1.655,1.867,0.2227,0.4454,85011,97393,87248,99956,2025
135285,San Angelo,TX,2025,False,99262,2020,169,0,52,1,183,0,15,0,927,67,1420364,234261,1366912,89818,reported,reported,R,CR,1.703,1.844,0.2353,0.452,100854,89634,100854,89634,2025
175988,San Antonio,TX,2012,True,1327407,2010,2451,4,570,237,1586,0,147,2,15000,1042,12707467,1888930,8269226,507043,reported,reported,CR,R,1.846,1.195,0.1887,0.3169,62215,62567,87240,87733,2025
175988,San Antonio,TX,2013,False,1327407,2010,2316,0,620,236,1581,0,156,1,15345,1062,14544610,2148424,10600366,588565,reported,reported,CR,R,1.745,1.191,0.2112,0.3045,75361,80458,104148,111192,2025
175988,San Antonio,TX,2014,False,1327407,2010,2358,0,571,228,1618,0,156,1,15144,1019,16412892,2099741,12369080,585160,reported,reported,CR,R,1.776,1.219,0.1949,0.3106,83526,91736,113589,124754,2025
175988,San Antonio,TX,2015,False,1327407,2010,2361,0,620,248,1651,0,140,0,14905,927,18394463,2146852,13575775,546765,imputed,imputed,X,X,1.779,1.244,0.208,0.3202,93492,98673,126991,134029,2025
175988,San Antonio,TX,2016,False,1327407,2010,1944,0,583,213,1492,0,127,0,14513,1048,15519816,2070207,12378831,498558,imputed,prorated,AC,T,1.465,1.124,0.2307,0.2857,95801,99562,128507,133551,2025
175988,San Antonio,TX,2017,True,1469845,2010,2191,0,657,231,1726,0,71,0,15232,577,17827219,2377995,13327133,279049,prorated,reported,T,R,1.491,1.174,0.2307,0.305,97639,92657,128240,121697,2025
175988,San Antonio,TX,2018,False,1469845,2010,2204,0,661,232,1758,0,58,0,15527,528,19260986,2569247,14336001,298782,prorated,reported,T,R,1.499,1.196,0.2307,0.3015,104869,97857,134452,125462,2025
175988,San Antonio,TX,2019,False,1511946,2010,2582,0,636,233,1791,0,110,0,16314,565,20679920,2553014,14358298,541176,reported,reported,CR,R,1.708,1.185,0.1976,0.3138,96111,96203,121030,121146,2025
175988,San Antonio,TX,2020,False,1547253,2010,2591,0,636,233,1734,0,119,0,16225,691,20517764,2640071,12949984,502173,imputed,reported,CX,CR,1.675,1.121,0.1971,0.3131,95026,89619,118206,111480,2025
175988,San Antonio,TX,2021,False,1547253,2020,2604,0,675,221,1735,0,136,0,16737,592,20407155,3817600,15357820,461906,imputed,imputed,BC,BR,1.683,1.121,0.2059,0.3077,94042,106221,111733,126203,2025
175988,San Antonio,TX,2022,True,1567118,2020,2467,0,640,181,1775,0,51,0,16105,496,21180504,3962272,16162512,176483,prorated,reported,T,R,1.574,1.133,0.206,0.3063,103026,109268,113337,120203,2025
175988,San Antonio,TX,2023,False,1451853,2020,3004,0,118,208,1812,0,42,0,17074,518,21342537,524579,14503345,160268,reported,reported,CR,R,2.069,1.248,0.0378,0.2914,85256,96049,90080,101484,2025
175988,San Antonio,TX,2024,False,1472909,2020,3196,0,150,225,1835,0,36,0,18169,548,23463640,738137,16115913,140995,reported,imputed,CR,RX,2.17,1.246,0.0448,0.2871,88099,105390,90417,108163,2025
175988,San Antonio,TX,2025,False,1495295,2020,3199,0,159,235,1882,0,38,0,18213,553,26466382,824217,17733496,148131,reported,reported,CR,R,2.139,1.259,0.0473,0.2898,99280,113072,99280,113072,2025
176132,Sugar Land,TX,2012,True,78817,2010,148,0,40,1,103,0,4,0,615,27,794130,144419,562367,14777,imputed,imputed,G,G,1.878,1.307,0.2128,0.4797,64389,65518,90288,91871,2025
176132,Sugar Land,TX,2013,False,78817,2010,151,0,18,1,102,0,4,0,623,26,850601,65665,586677,15713,reported,reported,CR,R,1.916,1.294,0.1065,0.4414,67597,69021,93418,95386,2025
176132,Sugar Land,TX,2014,False,78817,2010,119,1,21,0,94,0,8,0,624,29,633649,112007,569375,57835,reported,reported,CR,R,1.51,1.193,0.15,0.3878,63897,72686,86895,98847,2025
176132,Sugar Land,TX,2015,False,78817,2010,150,0,36,1,106,0,11,0,664,31,926566,154805,734809,81526,reported,reported,R,R,1.903,1.345,0.1935,0.4563,74125,83186,100685,112993,2025
176132,Sugar Land,TX,2016,False,78817,2010,145,1,46,1,87,0,18,0,682,24,1007473,256443,649543,144013,reported,reported,R,R,1.84,1.104,0.2408,0.434,83377,89592,111841,120178,2025
176132,Sugar Land,TX,2017,True,88156,2010,163,1,48,1,90,0,19,0,722,21,942101,248766,556138,138298,reported,reported,R,R,1.849,1.021,0.2275,0.4432,69357,74152,91094,97392,2025
176132,Sugar Land,TX,2018,False,88156,2010,151,1,66,1,90,0,17,0,754,24,921818,376132,604487,127328,reported,reported,R,R,1.713,1.021,0.3041,0.4297,73257,80598,93922,103334,2025
176132,Sugar Land,TX,2019,False,88485,2010,154,1,65,1,91,0,18,0,753,26,940965,369347,612987,127149,reported,reported,CR,R,1.74,1.028,0.2968,0.4356,73322,80833,92333,101791,2025
176132,Sugar Land,TX,2020,False,118488,2010,154,1,67,0,113,0,14,0,791,26,997786,411388,817964,117393,reported,reported,CR,R,1.3,0.954,0.3032,0.4399,77750,86863,96716,108052,2025
176132,Sugar Land,TX,2021,False,118488,2020,150,1,63,0,115,0,14,0,780,26,982454,386827,787916,105070,reported,reported,CR,R,1.266,0.971,0.2958,0.4385,78596,82217,93381,97683,2025
176132,Sugar Land,TX,2022,True,117875,2020,152,1,67,0,116,0,15,0,783,30,1040343,441072,863276,114386,reported,reported,CR,R,1.29,0.984,0.3059,0.447,82132,89304,90352,98241,2025
176132,Sugar Land,TX,2023,False,109373,2020,161,0,72,0,126,0,15,0,831,30,1183052,481339,959297,124785,reported,reported,CR,R,1.472,1.152,0.309,0.4501,88178,91362,93167,96532,2025
176132,Sugar Land,TX,2024,False,109414,2020,156,0,69,2,128,0,17,0,875,32,1231916,509127,1047091,154496,reported,reported,CR,R,1.426,1.17,0.3067,0.4229,94763,98165,97256,100748,2025
176132,Sugar Land,TX,2025,False,108515,2020,160,0,63,2,123,0,18,0,889,30,1383612,529228,1295538,197860,reported,reported,CR,R,1.474,1.133,0.2825,0.4094,103771,126394,103771,126394,2025
135275,Tyler,TX,2012,True,96900,2010,196,0,47,1,154,0,2,0,767,23,874871,209914,788071,4475,reported,reported,CR,R,2.023,1.589,0.1934,0.5202,53564,61408,75109,86108,2025
135275,Tyler,TX,2013,False,96900,2010,194,0,45,0,144,0,16,0,782,70,998264,203918,1042333,76179,reported,reported,R,R,2.002,1.486,0.1883,0.5102,61748,86861,85335,120041,2025
135275,Tyler,TX,2014,False,96900,2010,194,0,45,0,144,0,16,0,782,70,1028345,210063,1073743,76260,reported,reported,R,R,2.002,1.486,0.1883,0.5102,63609,89479,86503,121685,2025
135275,Tyler,TX,2015,False,96900,2010,194,0,45,0,144,0,16,0,782,71,1069480,214263,1095217,77786,reported,reported,R,R,2.002,1.486,0.1883,0.5102,66153,91268,89856,123970,2025
135275,Tyler,TX,2016,False,96900,2010,198,0,46,0,147,0,16,0,798,74,1117250,223833,1144136,81260,imputed,imputed,G,G,2.043,1.517,0.1885,0.51,67712,93399,90828,125284,2025
135275,Tyler,TX,2017,True,103700,2010,204,0,47,0,151,0,16,0,820,72,1171888,234779,1200088,85234,imputed,imputed,G,G,1.967,1.456,0.1873,0.5098,68935,95371,90540,125261,2025
135275,Tyler,TX,2018,False,103700,2010,202,0,47,0,150,0,16,0,813,74,1224802,245380,1254275,89083,imputed,imputed,G,G,1.948,1.446,0.1888,0.5105,72761,100342,93287,128648,2025
135275,Tyler,TX,2019,False,104991,2010,205,0,48,0,152,0,16,0,822,74,1278960,256230,1309736,93022,imputed,imputed,G,G,1.953,1.448,0.1897,0.5122,74866,103400,94277,130209,2025
135275,Tyler,TX,2020,False,106985,2010,210,0,49,0,155,0,16,0,839,73,1353476,271159,1386045,98442,imputed,imputed,G,G,1.963,1.449,0.1892,0.5125,77341,107307,96207,133482,2025
135275,Tyler,TX,2021,False,106985,2020,210,0,49,0,155,0,16,0,839,71,1394678,279413,1428238,101439,imputed,imputed,G,G,1.963,1.449,0.1892,0.5125,79696,110573,94688,131373,2025
135275,Tyler,TX,2022,True,108222,2020,211,0,49,0,156,0,16,0,841,78,1458072,292113,1493157,106049,imputed,imputed,G,G,1.95,1.441,0.1885,0.5137,82924,114858,91223,126353,2025
135275,Tyler,TX,2023,False,107192,2020,219,0,51,0,162,0,17,0,873,85,1615249,323602,1654116,117481,imputed,imputed,G,G,2.043,1.511,0.1889,0.5143,88507,122527,93515,129460,2025
135275,Tyler,TX,2024,False,109286,2020,201,0,46,0,148,0,15,0,794,76,1491965,298902,1527865,108514,prorated,prorated,T,T,1.839,1.354,0.1862,0.5164,89073,123881,91417,127141,2025
135275,Tyler,TX,2025,False,110327,2020,191,0,44,0,166,0,15,0,880,32,1437663,288023,1394633,116444,prorated,imputed,T,RX,1.731,1.505,0.1872,0.4727,90324,100817,90324,100817,2025
176286,Waco,TX,2012,True,124805,2010,232,0,93,7,193,0,13,1,1436,121,1363577,336230,943461,51431,reported,reported,R,R,1.859,1.546,0.2862,0.3698,70530,58661,98899,82256,2025
176286,Waco,TX,2013,False,124805,2010,240,0,95,4,192,0,12,1,1439,116,1379183,368135,958724,48031,reported,reported,R,R,1.923,1.538,0.2836,0.3746,68959,59920,95300,82809,2025
176286,Waco,TX,2014,False,124805,2010,233,0,91,5,200,0,15,0,1454,123,1425446,356872,1011056,54609,reported,reported,R,R,1.867,1.602,0.2809,0.3707,73414,60663,99837,82497,2025
176286,Waco,TX,2015,False,124805,2010,237,7,87,0,193,0,15,0,1431,114,1489253,322712,1015024,61296,reported,reported,R,R,1.899,1.546,0.2685,0.3718,75405,63110,102424,85723,2025
176286,Waco,TX,2016,False,124805,2010,240,7,100,0,202,0,11,0,1444,99,1526983,379637,1081065,38343,reported,reported,R,R,1.923,1.619,0.2941,0.383,76349,64222,102414,86147,2025
176286,Waco,TX,2017,True,132356,2010,247,7,103,0,208,0,11,0,1485,98,1601658,398203,1133933,40218,imputed,imputed,G,G,1.866,1.572,0.2943,0.3832,77813,65419,102200,85922,2025
176286,Waco,TX,2018,False,132356,2010,234,0,80,9,183,0,25,0,1374,69,1695937,307540,1055585,173410,reported,reported,R,R,1.768,1.383,0.2548,0.3799,86971,69219,111505,88745,2025
176286,Waco,TX,2019,False,136436,2010,247,0,84,8,198,0,12,0,1391,59,1735803,334260,1295612,56409,reported,reported,R,R,1.81,1.451,0.2538,0.3889,84331,78522,106196,98881,2025
176286,Waco,TX,2020,False,139236,2010,240,0,85,11,181,0,25,0,1432,82,1796361,373818,1117149,171111,reported,reported,R,R,1.724,1.3,0.2615,0.3708,89818,74065,111727,92132,2025
176286,Waco,TX,2021,False,139236,2020,247,0,79,8,187,0,24,0,1406,65,1904305,328575,1141017,169887,reported,reported,R,R,1.774,1.343,0.2423,0.3819,92517,73220,109921,86994,2025
176286,Waco,TX,2022,True,141377,2020,247,6,74,2,188,0,28,0,1451,71,1939286,337378,1188977,196871,reported,reported,R,R,1.747,1.33,0.2305,0.3701,94216,75892,103645,83487,2025
176286,Waco,TX,2023,False,139594,2020,254,5,65,3,193,0,29,0,1535,86,2201281,301155,1279589,235438,reported,reported,R,R,1.82,1.383,0.2038,0.3524,103998,79560,109883,84062,2025
176286,Waco,TX,2024,False,143984,2020,245,0,55,8,198,0,22,0,1545,78,2227701,296738,1475757,180411,reported,reported,R,R,1.702,1.375,0.1833,0.3366,109112,89440,111983,91793,2025
176286,Waco,TX,2025,False,144816,2020,249,0,56,8,201,0,22,0,1569,78,2381272,317194,1577490,192849,imputed,imputed,G,G,1.719,1.388,0.1836,0.3365,114760,94179,114760,94179,2025
135295,Wichita Falls,TX,2012,True,104553,2010,201,0,85,28,152,0,2,0,1152,169,951831,231324,1279093,6625,reported,reported,R,R,1.922,1.454,0.2972,0.3819,56826,100981,79683,141598,2025
135295,Wichita Falls,TX,2013,False,104553,2010,184,0,96,33,157,0,2,1,1190,218,901928,254710,1485503,7780,reported,reported,R,R,1.76,1.502,0.3429,0.3689,58821,113542,81290,156913,2025
135295,Wichita Falls,TX,2014,False,104553,2010,190,0,96,27,149,0,2,1,1179,159,965240,251877,1479393,6650,reported,reported,R,R,1.817,1.425,0.3357,0.3707,60963,119146,82905,162030,2025
135295,Wichita Falls,TX,2015,False,104553,2010,192,0,83,25,156,0,2,1,1186,191,1003689,229097,1565073,9721,reported,reported,R,R,1.836,1.492,0.3018,0.3651,62731,120390,85208,163527,2025
135295,Wichita Falls,TX,2016,False,104553,2010,204,16,85,10,155,0,2,1,1176,98,1114625,245416,1698282,8211,reported,reported,R,R,1.951,1.483,0.2941,0.3793,65566,131480,87950,176366,2025
135295,Wichita Falls,TX,2017,True,104710,2010,204,15,85,8,153,0,3,0,1125,95,1149972,238124,2135435,11479,reported,reported,R,R,1.948,1.461,0.2941,0.3956,67645,167485,88846,219976,2025
135295,Wichita Falls,TX,2018,False,104710,2010,201,0,88,22,154,0,3,0,1139,77,1129926,245837,1726377,11605,reported,reported,R,R,1.92,1.471,0.3045,0.3916,67458,134523,86488,172471,2025
135295,Wichita Falls,TX,2019,False,104747,2010,202,0,83,26,149,0,3,0,1120,73,1177528,243027,808310,9973,reported,reported,R,CR,1.928,1.422,0.2912,0.3902,69952,65099,88089,81978,2025
135295,Wichita Falls,TX,2020,False,104683,2010,202,0,82,28,161,0,3,0,1136,83,1232051,260112,1040728,11266,reported,reported,R,R,1.93,1.538,0.2887,0.3944,73191,77570,91045,96492,2025
135295,Wichita Falls,TX,2021,False,104683,2020,191,0,78,18,159,0,2,0,1047,70,1294931,260849,1062856,5855,reported,reported,R,R,1.825,1.519,0.29,0.4107,81357,80216,96661,95306,2025
135295,Wichita Falls,TX,2022,True,105405,2020,192,0,79,7,160,0,2,0,1140,86,1402502,282465,1063684,6267,reported,reported,R,R,1.822,1.518,0.2915,0.3798,87656,79776,96428,87760,2025
135295,Wichita Falls,TX,2023,False,102988,2020,197,0,82,8,154,0,2,0,1150,127,1448342,313751,1182547,6581,reported,reported,R,R,1.913,1.495,0.2939,0.3783,88224,92147,93216,97361,2025
135295,Wichita Falls,TX,2024,False,102664,2020,191,0,84,26,163,0,4,0,1158,194,1235297,298145,1048805,16448,reported,reported,R,R,1.86,1.588,0.3055,0.3817,77610,77213,79652,79245,2025
135295,Wichita Falls,TX,2025,False,102691,2020,194,0,83,15,157,0,5,0,1188,194,1367891,321215,1015551,30440,reported,reported,R,R,1.889,1.529,0.2996,0.3695,84612,77622,84612,77622,2025
176517,Provo,UT,2012,True,112488,2010,95,14,48,55,79,0,3,0,592,301,459471,143955,395629,9632,reported,reported,R,R,0.845,0.702,0.3357,0.3801,58038,60096,81382,84268,2025
176517,Provo,UT,2013,False,112488,2010,99,12,44,53,78,0,3,0,593,214,510737,142440,394663,9870,reported,reported,R,R,0.88,0.693,0.3077,0.3777,61908,60717,85556,83910,2025
176517,Provo,UT,2014,False,112488,2010,100,8,45,53,76,0,3,0,600,412,516360,147060,426677,10037,reported,reported,R,R,0.889,0.676,0.3103,0.3733,61963,67370,84265,91618,2025
176517,Provo,UT,2015,False,112488,2010,101,7,45,45,76,0,3,0,602,546,515087,150197,401880,10206,reported,reported,R,R,0.898,0.676,0.3082,0.3738,61198,63455,83126,86192,2025
176517,Provo,UT,2016,False,112488,2010,98,6,49,52,76,0,2,0,606,571,540195,166032,469183,6408,reported,reported,R,R,0.871,0.676,0.3333,0.3713,66146,74082,88728,99373,2025
176517,Provo,UT,2017,True,115264,2010,102,2,48,53,78,0,3,0,625,611,594164,169045,444263,8711,reported,reported,R,R,0.885,0.677,0.32,0.3696,69902,68348,91810,89769,2025
176517,Provo,UT,2018,False,115264,2010,106,4,49,57,79,0,3,0,636,634,589400,181074,448406,8930,reported,reported,R,R,0.92,0.685,0.3161,0.3726,66725,68112,85548,87326,2025
176517,Provo,UT,2019,False,117335,2010,98,3,54,50,79,0,3,0,641,634,591513,196582,471058,9391,reported,reported,R,R,0.835,0.673,0.3553,0.3651,72430,71553,91209,90105,2025
176517,Provo,UT,2020,False,116618,2010,110,6,50,54,75,0,3,0,652,594,635885,206912,629690,9701,reported,reported,R,R,0.943,0.643,0.3125,0.365,69369,100750,86290,125326,2025
176517,Provo,UT,2021,False,116618,2020,113,6,52,43,73,0,3,1,650,577,671914,227460,482320,9942,reported,reported,R,R,0.969,0.626,0.3152,0.3708,71354,79285,84777,94200,2025
176517,Provo,UT,2022,True,116295,2020,108,6,53,47,77,0,3,0,648,585,750465,221594,537773,10708,reported,reported,R,R,0.929,0.662,0.3292,0.3719,83385,83809,91730,92196,2025
176517,Provo,UT,2023,False,114084,2020,108,7,64,53,79,0,3,1,678,621,800094,314188,622464,12083,reported,reported,R,R,0.947,0.692,0.3721,0.3746,88899,94551,93929,99901,2025
176517,Provo,UT,2024,False,113523,2020,118,3,66,57,93,0,3,3,711,657,900535,365114,761345,12880,reported,reported,R,R,1.039,0.819,0.3587,0.3938,91580,98238,93990,100823,2025
176517,Provo,UT,2025,False,113343,2020,114,3,67,52,88,0,3,1,708,667,930109,384383,888566,13852,reported,reported,R,R,1.006,0.776,0.3702,0.3842,97906,121168,97906,121168,2025
176492,Salt Lake,UT,2012,True,186440,2010,358,8,211,0,278,0,94,3,2679,528,1885382,1027413,1549435,462894,reported,reported,R,R,1.92,1.491,0.3708,0.3513,63197,66882,88617,93784,2025
176492,Salt Lake,UT,2013,False,186440,2010,370,7,223,0,282,0,87,3,2708,458,1885719,1043241,1656648,428447,reported,reported,R,R,1.985,1.513,0.3761,0.3552,61158,70496,84519,97424,2025
176492,Salt Lake,UT,2014,False,186440,2010,357,6,228,8,283,0,80,0,2733,477,1906367,1142766,1677698,428823,reported,reported,R,R,1.915,1.518,0.3897,0.3469,64080,71139,87144,96744,2025
176492,Salt Lake,UT,2015,False,186440,2010,361,5,228,10,273,0,83,0,2768,440,1999498,1119266,1682804,456953,reported,reported,R,R,1.936,1.464,0.3871,0.3414,66465,73969,90280,100473,2025
176492,Salt Lake,UT,2016,False,186440,2010,404,7,207,10,284,0,89,0,2849,475,2269514,1063344,1832543,448971,reported,reported,R,R,2.167,1.523,0.3388,0.3454,67411,77431,90424,103865,2025
176492,Salt Lake,UT,2017,True,192672,2010,361,7,262,9,281,0,85,2,2874,502,2005952,1382159,1786594,464739,reported,reported,R,R,1.874,1.458,0.4205,0.3441,66680,76296,87578,100208,2025
176492,Salt Lake,UT,2018,False,192672,2010,384,5,265,6,286,0,46,0,2927,436,2179499,1373614,1823763,283865,reported,reported,R,R,1.993,1.484,0.4083,0.3352,68109,76522,87322,98108,2025
176492,Salt Lake,UT,2019,False,200544,2010,424,1,245,11,287,0,49,0,3039,408,2302018,1238452,1954231,307099,reported,reported,R,R,2.114,1.431,0.3662,0.3307,65151,81710,82043,102896,2025
176492,Salt Lake,UT,2020,False,200567,2010,454,1,248,11,279,0,67,0,3146,453,2394444,1275801,1883332,307823,reported,reported,R,R,2.264,1.391,0.3533,0.3331,63289,81004,78727,100763,2025
176492,Salt Lake,UT,2021,False,200567,2020,403,6,250,11,287,0,62,0,3104,421,2119069,1377842,1942332,372757,reported,reported,R,R,2.009,1.431,0.3828,0.3228,63099,81212,74969,96489,2025
176492,Salt Lake,UT,2022,True,204087,2020,424,6,263,11,302,0,65,0,3251,441,2337903,1520129,2142913,411250,imputed,imputed,G,G,2.078,1.48,0.3828,0.3242,66167,85149,72789,93670,2025
176492,Salt Lake,UT,2023,False,200478,2020,437,6,271,11,311,0,67,0,3363,445,2583489,1679813,2368017,454451,imputed,imputed,G,G,2.18,1.551,0.3828,0.3229,70942,91370,74956,96540,2025
176492,Salt Lake,UT,2024,False,204657,2020,445,6,276,12,317,0,68,0,3422,474,2805048,1823872,2571096,493425,imputed,imputed,G,G,2.174,1.549,0.3828,0.3232,75642,97329,77632,99890,2025
176492,Salt Lake,UT,2025,False,209593,2020,452,7,280,13,322,0,69,0,3475,517,3059935,1989600,2804723,538260,imputed,imputed,G,G,2.157,1.536,0.3825,0.3232,81237,104524,81237,104524,2025
184202,St George,UT,2012,True,72897,2010,102,1,41,27,31,14,1,0,568,274,460171,115048,121086,2467,reported,reported,R,R,1.399,0.425,0.2867,0.3081,54138,46872,75914,65725,2025
184202,St George,UT,2013,False,72897,2010,97,0,39,25,31,18,1,0,564,282,456177,112106,133748,2477,reported,reported,R,R,1.331,0.425,0.2868,0.2979,56434,51773,77991,71549,2025
184202,St George,UT,2014,False,72897,2010,103,0,8,25,30,9,1,0,574,301,503825,26735,141519,2124,reported,reported,R,R,1.413,0.412,0.0721,0.2474,58698,56608,79825,76983,2025
184202,St George,UT,2015,False,72897,2010,103,0,7,30,31,8,1,0,600,345,520641,24568,146072,2856,reported,reported,R,R,1.413,0.425,0.0636,0.2367,60657,56544,82391,76804,2025
184202,St George,UT,2016,False,72897,2010,104,0,46,36,32,5,1,0,636,353,571997,156395,163259,3000,reported,reported,R,R,1.427,0.439,0.3067,0.2877,66000,61222,88532,82123,2025
184202,St George,UT,2017,True,80202,2010,106,0,45,40,32,7,1,0,637,386,595264,165549,172453,3124,reported,reported,R,R,1.322,0.399,0.298,0.2889,67388,64670,88508,84938,2025
184202,St George,UT,2018,False,80202,2010,109,0,44,40,32,3,1,0,644,400,633525,186016,180668,3348,reported,reported,R,R,1.359,0.399,0.2876,0.2888,69746,67750,89421,86862,2025
184202,St George,UT,2019,False,84405,2010,112,0,46,43,39,4,1,0,671,427,667279,198668,217551,3623,reported,reported,R,R,1.327,0.462,0.2911,0.2951,71494,66939,90031,84295,2025
184202,St George,UT,2020,False,89587,2010,115,0,49,40,40,4,1,0,688,423,713802,213377,241202,3364,reported,reported,R,R,1.284,0.446,0.2988,0.298,74484,72361,92653,90012,2025
184202,St George,UT,2021,False,89587,2020,118,0,48,42,44,6,1,0,696,386,745997,216661,264992,3541,reported,reported,R,R,1.317,0.491,0.2892,0.3032,75864,72271,90135,85866,2025
184202,St George,UT,2022,True,92378,2020,123,0,48,39,50,8,1,0,734,398,847033,226614,307296,3775,reported,reported,R,R,1.331,0.541,0.2807,0.3025,82637,73751,90907,81132,2025
184202,St George,UT,2023,False,99958,2020,134,0,52,37,56,8,2,0,747,416,1065359,262123,377341,7814,reported,reported,R,R,1.341,0.56,0.2796,0.3266,95405,80859,100803,85434,2025
184202,St George,UT,2024,False,102519,2020,139,0,56,38,67,10,1,1,776,460,1173242,346507,475808,4783,reported,reported,R,R,1.356,0.654,0.2872,0.3389,101287,85219,103952,87461,2025
184202,St George,UT,2025,False,104578,2020,143,0,67,39,79,7,2,3,823,472,1281210,407679,534090,7823,reported,reported,R,R,1.367,0.755,0.319,0.3536,107514,81128,107514,81128,2025
114311,West Jordan,UT,2012,True,103712,2010,95,0,38,86,81,0,3,0,393,105,491445,108974,435783,10553,prorated,reported,RT,R,0.916,0.781,0.2857,0.5522,62077,64560,87046,90528,2025
114311,West Jordan,UT,2013,False,103712,2010,103,0,30,93,81,0,3,0,394,122,495365,103830,439656,10962,reported,reported,R,R,0.993,0.781,0.2256,0.5508,57712,65134,79757,90014,2025
114311,West Jordan,UT,2014,False,103712,2010,107,0,30,91,79,0,3,0,409,110,523725,101532,488507,10739,reported,reported,R,R,1.032,0.762,0.219,0.5355,58736,74204,79877,100912,2025
114311,West Jordan,UT,2015,False,103712,2010,108,0,33,92,81,0,3,0,422,102,590504,113369,682044,11517,reported,reported,R,R,1.041,0.781,0.234,0.5332,65612,101044,89122,137249,2025
114311,West Jordan,UT,2016,False,103712,2010,109,0,38,95,81,0,3,0,443,109,583117,133360,470866,10412,reported,reported,R,R,1.051,0.781,0.2585,0.5214,64196,69758,86112,93573,2025
114311,West Jordan,UT,2017,True,111946,2010,101,0,30,92,77,0,5,0,484,108,643651,86399,515767,24831,reported,reported,R,R,0.902,0.688,0.229,0.4401,76473,80379,100440,105571,2025
114311,West Jordan,UT,2018,False,111946,2010,111,0,25,80,78,0,5,0,457,96,648417,94225,524973,24407,reported,reported,R,R,0.992,0.697,0.1838,0.4792,70099,80765,89874,103548,2025
114311,West Jordan,UT,2019,False,113905,2010,118,0,35,98,87,0,4,0,478,106,712230,143700,564330,14722,reported,reported,R,R,1.036,0.764,0.2288,0.5105,72430,77839,91209,98021,2025
114311,West Jordan,UT,2020,False,116480,2010,126,0,24,99,88,0,5,0,452,112,817494,131580,583276,16527,reported,reported,R,CR,1.082,0.755,0.16,0.5376,77857,79538,96849,98940,2025
114311,West Jordan,UT,2021,False,116480,2020,120,0,26,88,87,0,6,0,464,110,809795,111259,576292,19799,imputed,reported,RX,CR,1.03,0.747,0.1781,0.5151,80980,79489,96213,94442,2025
114311,West Jordan,UT,2022,True,116530,2020,123,0,26,86,90,0,0,0,469,101,812492,107893,603256,0,reported,reported,R,R,1.056,0.772,0.1745,0.5096,79268,80434,87201,88484,2025
114311,West Jordan,UT,2023,False,116541,2020,125,0,27,80,89,0,4,0,496,99,863437,122575,687014,20777,imputed,reported,RX,R,1.073,0.764,0.1776,0.494,82890,92631,87580,97872,2025
114311,West Jordan,UT,2024,False,116664,2020,124,0,26,100,87,0,4,0,491,115,985212,128524,684610,22568,reported,reported,R,R,1.063,0.746,0.1733,0.4908,95343,94429,97852,96914,2025
114311,West Jordan,UT,2025,False,114908,2020,136,0,17,106,90,0,4,0,520,134,1127993,114038,756094,23746,reported,reported,R,R,1.184,0.783,0.1111,0.475,99529,100813,99529,100813,2025
176495,West Valley,UT,2012,True,129480,2010,190,0,41,53,102,0,3,1,631,181,891489,138039,483784,9211,reported,reported,R,R,1.467,0.788,0.1775,0.5325,56305,56916,78952,79809,2025
176495,West Valley,UT,2013,False,129480,2010,184,0,39,54,102,0,2,1,611,197,918845,131835,514702,6193,reported,reported,R,R,1.421,0.788,0.1749,0.5352,59925,60553,82815,83683,2025
176495,West Valley,UT,2014,False,129480,2010,178,0,42,62,101,0,3,1,618,240,921172,150636,541145,9245,reported,reported,R,R,1.375,0.78,0.1909,0.5243,62101,64294,84453,87435,2025
176495,West Valley,UT,2015,False,129480,2010,200,0,43,60,98,0,3,1,632,229,1051343,158339,544130,9577,reported,reported,R,R,1.545,0.757,0.177,0.5443,63081,66628,85684,90502,2025
176495,West Valley,UT,2016,False,129480,2010,183,0,42,63,99,0,3,1,611,236,968117,157358,544442,9920,reported,reported,R,R,1.413,0.765,0.1867,0.5352,63483,65993,85155,88522,2025
176495,West Valley,UT,2017,True,136208,2010,202,0,40,57,101,0,3,1,633,251,1065908,153609,585302,10181,reported,reported,R,R,1.483,0.742,0.1653,0.5466,63321,69541,83166,91336,2025
176495,West Valley,UT,2018,False,136208,2010,203,0,39,62,104,0,5,1,640,252,1121897,166364,602855,18726,reported,reported,R,R,1.49,0.764,0.1612,0.5484,66319,69560,85027,89183,2025
176495,West Valley,UT,2019,False,136170,2010,206,0,40,63,125,0,9,1,688,255,1152241,170863,695350,30451,prorated,prorated,T,RT,1.513,0.918,0.1626,0.5523,67121,66754,84524,84062,2025
176495,West Valley,UT,2020,False,135248,2010,208,0,52,65,118,0,6,1,677,257,1188572,263415,733840,21550,reported,reported,R,CR,1.538,0.872,0.2,0.5672,68571,74628,85298,92832,2025
176495,West Valley,UT,2021,False,135248,2020,210,0,53,66,119,0,6,1,683,260,929040,205897,573602,16844,prorated,prorated,T,T,1.553,0.88,0.2015,0.5681,53088,57842,63075,68723,2025
176495,West Valley,UT,2022,True,133894,2020,221,0,55,68,125,0,6,1,714,267,1024980,227159,632836,18582,imputed,imputed,G,G,1.651,0.934,0.1993,0.57,55655,60752,61225,66832,2025
176495,West Valley,UT,2023,False,139110,2020,216,0,46,74,115,0,3,1,699,272,814631,236110,854377,14684,reported,reported,CR,R,1.553,0.827,0.1756,0.5436,45257,89152,47818,94197,2025
176495,West Valley,UT,2024,False,136650,2020,212,0,47,72,113,0,5,1,727,281,843243,252336,920784,28186,reported,reported,CR,R,1.551,0.827,0.1815,0.5186,47731,97782,48987,100355,2025
176495,West Valley,UT,2025,False,134470,2020,212,0,48,84,116,0,5,0,749,305,859929,259797,978253,31279,reported,reported,CR,R,1.577,0.863,0.1846,0.5087,48675,101199,48675,101199,2025
209712,Alexandria,VA,2012,True,139966,2010,302,0,101,26,229,0,80,0,4760,1024,1874775,624925,1550094,539764,imputed,imputed,G,G,2.158,1.636,0.2506,0.1496,74494,81228,104458,113900,2025
209712,Alexandria,VA,2013,False,139966,2010,287,0,55,26,250,3,80,0,5029,917,1782097,340389,1692658,545939,imputed,imputed,AR,ARX,2.05,1.786,0.1608,0.1336,74513,81248,102976,112283,2025
209712,Alexandria,VA,2014,False,139966,2010,318,0,114,27,228,0,42,0,4745,978,2254765,444288,1791842,312830,reported,reported,R,R,2.272,1.629,0.2639,0.1479,85085,94307,115709,128250,2025
209712,Alexandria,VA,2015,False,139966,2010,332,0,88,31,251,0,29,2,4729,1013,2249019,338369,1973210,231754,reported,reported,R,R,2.372,1.793,0.2095,0.148,81290,94337,110417,128139,2025
209712,Alexandria,VA,2016,False,139966,2010,303,0,95,16,247,0,30,2,4890,955,2204669,429977,1816286,226612,reported,reported,R,R,2.165,1.765,0.2387,0.138,87314,88241,117122,118366,2025
209712,Alexandria,VA,2017,True,153511,2010,326,0,118,26,220,0,67,1,5041,953,2407301,481581,1603231,564076,reported,reported,R,R,2.124,1.433,0.2658,0.145,88612,87449,116384,114856,2025
209712,Alexandria,VA,2018,False,153511,2010,347,0,69,25,249,0,34,1,5358,971,2578133,379401,1954474,275005,reported,reported,R,R,2.26,1.622,0.1659,0.1305,89157,94192,114308,120763,2025
209712,Alexandria,VA,2019,False,160035,2010,318,0,87,22,244,0,36,1,5103,975,2490381,457013,2137678,295481,reported,reported,R,R,1.987,1.525,0.2148,0.1342,93977,105132,118343,132390,2025
209712,Alexandria,VA,2020,False,159428,2010,330,0,102,22,265,0,34,1,5209,1005,2502192,445114,2237582,284832,reported,reported,R,R,2.07,1.662,0.2361,0.1403,90989,101324,113184,126040,2025
209712,Alexandria,VA,2021,False,159428,2020,308,0,89,20,266,0,33,1,5147,526,2352827,488137,2169429,293829,reported,reported,R,R,1.932,1.668,0.2242,0.1352,91669,97869,108913,116279,2025
209712,Alexandria,VA,2022,True,158726,2020,296,0,84,18,272,0,29,1,5150,581,2357805,470897,2436886,253720,reported,reported,R,R,1.865,1.714,0.2211,0.1322,95587,107510,105153,118269,2025
209712,Alexandria,VA,2023,False,154706,2020,305,0,87,16,290,0,31,1,5282,652,2467616,492829,2468054,312841,prorated,reported,T,R,1.971,1.875,0.2219,0.135,97087,102126,102580,107905,2025
209712,Alexandria,VA,2024,False,155525,2020,332,0,58,12,281,0,27,1,5346,636,3034931,403833,2653445,280116,reported,reported,R,R,2.135,1.807,0.1487,0.1306,109696,113314,112582,116296,2025
209712,Alexandria,VA,2025,False,155230,2020,299,0,70,10,309,0,34,1,5630,912,2809796,471534,2853519,375711,reported,reported,R,R,1.926,1.991,0.1897,0.1265,112768,110816,112768,110816,2025
114563,Chesapeake,VA,2012,True,222209,2010,375,0,117,32,410,0,27,28,8847,603,1601868,367342,1910522,125371,reported,reported,R,C,1.688,1.845,0.2378,0.105,51260,55918,71878,78410,2025
114563,Chesapeake,VA,2013,False,222209,2010,361,0,129,37,399,0,16,27,8611,595,1559370,404190,1792406,65608,reported,reported,R,R,1.625,1.796,0.2633,0.1051,51835,53907,71635,74499,2025
114563,Chesapeake,VA,2014,False,222209,2010,355,0,127,24,371,0,115,44,8628,590,1445600,374701,1642186,375370,prorated,reported,T,R,1.598,1.67,0.2635,0.1122,48865,53117,66453,72235,2025
114563,Chesapeake,VA,2015,False,222209,2010,353,0,126,26,369,0,114,48,8566,600,1481487,384003,1682953,384688,imputed,imputed,G,G,1.589,1.661,0.263,0.1123,50362,54730,68407,74340,2025
114563,Chesapeake,VA,2016,False,222209,2010,430,0,109,7,343,4,98,14,8396,981,1957798,357212,1792558,357850,prorated,prorated,RT,RT,1.935,1.544,0.2022,0.1167,54636,62713,73288,84123,2025
114563,Chesapeake,VA,2017,True,235429,2010,379,0,115,40,392,30,14,4,8692,1253,1714326,388726,1815396,50620,reported,reported,R,R,1.61,1.665,0.2328,0.1035,54279,55573,71291,72990,2025
114563,Chesapeake,VA,2018,False,235429,2010,372,0,135,36,379,33,61,6,8784,1202,1870536,520792,2121038,214704,reported,reported,R,R,1.58,1.61,0.2663,0.1078,60340,67157,77362,86102,2025
114563,Chesapeake,VA,2019,False,240397,2010,341,0,162,34,399,28,33,5,8826,1254,1785219,646366,2067669,132262,reported,reported,R,R,1.418,1.66,0.3221,0.1059,62823,62186,79112,78309,2025
114563,Chesapeake,VA,2020,False,244835,2010,325,0,163,33,389,32,27,5,8895,1250,1639671,757670,2145020,151354,reported,reported,R,R,1.327,1.589,0.334,0.1016,60542,66170,75310,82311,2025
114563,Chesapeake,VA,2021,False,244835,2020,321,0,167,32,406,27,22,5,8794,1084,1633592,759812,2285568,115100,reported,reported,R,R,1.311,1.658,0.3422,0.1042,61069,67554,72557,80262,2025
114563,Chesapeake,VA,2022,True,247011,2020,302,2,171,30,392,9,35,17,9014,1100,1694720,807654,2562325,223318,reported,reported,CR,R,1.223,1.587,0.3615,0.0998,67340,78439,74079,86289,2025
114563,Chesapeake,VA,2023,False,251269,2020,305,6,172,30,394,0,43,29,9286,1138,1789771,849502,2680125,290706,imputed,reported,TX,R,1.214,1.568,0.3606,0.0984,70417,81628,74401,86247,2025
114563,Chesapeake,VA,2024,False,252488,2020,300,1,169,32,379,0,41,20,9430,1612,2104608,998936,2702574,293142,prorated,prorated,T,T,1.188,1.501,0.3603,0.0943,84184,85570,86399,87822,2025
114563,Chesapeake,VA,2025,False,253886,2020,322,2,151,32,345,0,83,15,9601,1228,2505196,1038545,2559881,661609,reported,reported,CR,R,1.268,1.359,0.3192,0.0938,93361,89039,93361,89039,2025
136056,Hampton,VA,2012,True,137436,2010,292,0,98,48,266,16,12,0,5266,3807,1372448,295191,1159520,35900,reported,reported,R,R,2.125,1.935,0.2513,0.1269,56402,52309,79088,73349,2025
136056,Hampton,VA,2013,False,137436,2010,275,0,75,42,264,12,30,5,4875,1300,1353077,234624,1249037,96216,reported,reported,R,R,2.001,1.921,0.2143,0.1321,59043,56774,81597,78461,2025
136056,Hampton,VA,2014,False,137436,2010,289,0,67,37,283,9,11,10,4896,3040,1441431,221756,1339165,36558,reported,reported,R,R,2.103,2.059,0.1882,0.1328,59852,56784,81394,77222,2025
136056,Hampton,VA,2015,False,137436,2010,281,0,78,35,270,0,22,23,4592,1309,1401025,237985,1275004,76504,reported,reported,R,R,2.045,1.965,0.2173,0.1418,59830,56667,81268,76971,2025
136056,Hampton,VA,2016,False,137436,2010,283,0,67,43,277,8,21,6,4588,1690,1502242,175177,1327376,73851,reported,reported,R,R,2.059,2.015,0.1914,0.1412,63699,57504,85445,77135,2025
136056,Hampton,VA,2017,True,136454,2010,287,0,65,48,281,7,13,10,4551,1649,1518854,291912,1499277,47508,reported,reported,R,R,2.103,2.059,0.1847,0.1419,63506,64026,83409,84092,2025
136056,Hampton,VA,2018,False,136454,2010,296,0,54,42,283,2,13,20,4563,1616,1920791,178829,1532160,47589,reported,reported,R,R,2.169,2.074,0.1543,0.1416,77870,64968,99837,83295,2025
136056,Hampton,VA,2019,False,134669,2010,276,1,61,33,278,0,13,27,4528,1703,1831197,227848,1546893,43739,reported,reported,R,R,2.049,2.064,0.181,0.1387,79617,66772,100260,84084,2025
136056,Hampton,VA,2020,False,134510,2010,292,1,59,32,284,3,13,13,4558,1652,1862576,226846,1553633,46358,reported,reported,R,R,2.171,2.111,0.1681,0.1422,76544,65646,95215,81659,2025
136056,Hampton,VA,2021,False,134510,2020,330,7,42,21,277,6,11,7,4492,1223,2105085,163080,1767067,41446,reported,reported,R,R,2.453,2.059,0.1129,0.1469,76549,76552,90949,90952,2025
136056,Hampton,VA,2022,True,135464,2020,288,5,51,25,267,4,10,6,4525,1575,1829454,176399,1810118,44678,reported,reported,CR,R,2.126,1.971,0.1504,0.1361,76227,81354,83856,89496,2025
136056,Hampton,VA,2023,False,137746,2020,295,5,52,27,273,4,10,6,4561,1663,1990816,191959,1969773,48619,imputed,imputed,G,G,2.142,1.982,0.1499,0.1381,80982,86583,85564,91482,2025
136056,Hampton,VA,2024,False,138037,2020,301,6,53,32,278,5,10,7,4637,1889,2211104,213200,2187734,54000,imputed,imputed,G,G,2.181,2.014,0.1497,0.1385,88150,94435,90469,96920,2025
136056,Hampton,VA,2025,False,137098,2020,309,6,54,31,286,5,10,7,4757,1895,2348507,226448,2323685,57354,imputed,imputed,G,G,2.254,2.086,0.1488,0.1385,91204,97497,91204,97497,2025
176784,Newport News,VA,2012,True,180719,2010,449,7,120,4,352,0,22,0,7767,1484,1927454,344030,1508914,68265,reported,reported,R,R,2.485,1.948,0.2109,0.1214,51513,51440,72233,72131,2025
176784,Newport News,VA,2013,False,180719,2010,441,8,114,4,357,0,12,2,7660,1381,2077828,359232,1672784,42821,reported,reported,R,R,2.44,1.975,0.2054,0.1206,56540,56228,78137,77706,2025
176784,Newport News,VA,2014,False,180719,2010,449,6,120,6,363,0,13,3,7546,1289,2136894,374156,1777534,47777,reported,reported,R,R,2.485,2.009,0.2109,0.1252,57111,58761,77667,79911,2025
176784,Newport News,VA,2015,False,180719,2010,430,8,111,6,364,0,11,3,7458,1330,2067160,357212,1798482,41885,reported,reported,R,R,2.379,2.014,0.2052,0.1228,57688,59291,78358,80536,2025
176784,Newport News,VA,2016,False,180719,2010,436,9,116,7,367,0,12,1,7347,1294,2257834,402994,1903504,47024,reported,reported,R,R,2.413,2.031,0.2101,0.1267,62142,62240,83357,83488,2025
176784,Newport News,VA,2017,True,182385,2010,439,14,111,7,358,0,12,2,7310,1349,2415464,380316,1998512,50577,reported,reported,R,R,2.407,1.963,0.2018,0.1259,66026,66989,86719,87984,2025
176784,Newport News,VA,2018,False,182385,2010,432,3,134,17,360,2,17,0,7400,1352,2418817,505245,2124649,75160,reported,reported,R,R,2.369,1.974,0.2367,0.1274,67189,70822,86143,90801,2025
176784,Newport News,VA,2019,False,179388,2010,434,2,137,17,339,0,19,2,7553,1170,2589417,514545,2258509,82064,reported,reported,R,R,2.419,1.89,0.2399,0.123,71597,79947,90160,100675,2025
176784,Newport News,VA,2020,False,179225,2010,512,1,84,15,351,0,18,2,7663,1095,3084783,326235,2129355,83355,reported,reported,R,R,2.857,1.958,0.1409,0.1259,72300,72798,89936,90556,2025
176784,Newport News,VA,2021,False,179225,2020,504,0,114,12,362,0,19,2,7403,595,3300318,514317,2166364,86913,reported,reported,CR,R,2.812,2.02,0.1845,0.1349,78579,71813,93361,85322,2025
176784,Newport News,VA,2022,True,179062,2020,482,0,125,17,356,0,19,3,7150,1087,3206742,507136,2320410,92289,reported,reported,R,R,2.692,1.988,0.2059,0.1373,79836,78216,87826,86044,2025
176784,Newport News,VA,2023,False,184587,2020,484,0,125,11,346,0,18,4,7256,1233,3252863,514430,2372076,93312,prorated,reported,T,CR,2.622,1.874,0.2053,0.1341,80649,82269,85212,86924,2025
176784,Newport News,VA,2024,False,184306,2020,463,0,119,14,345,0,20,4,7311,1275,3340925,528355,2821934,102962,prorated,reported,T,R,2.512,1.872,0.2045,0.1295,86590,98154,88868,100737,2025
176784,Newport News,VA,2025,False,183118,2020,458,0,165,19,359,0,31,3,7537,1330,3446290,877324,2868758,217055,reported,reported,R,R,2.501,1.96,0.2648,0.1344,90296,95892,90296,95892,2025
136057,Norfolk,VA,2012,True,242803,2010,743,0,90,69,509,1,0,0,10841,1803,3554382,277720,2316724,0,reported,reported,R,R,3.06,2.096,0.108,0.1238,57406,54618,80496,76587,2025
136057,Norfolk,VA,2013,False,242803,2010,755,0,88,68,505,1,0,0,10626,1963,3495794,268094,2405262,0,reported,reported,R,R,3.11,2.08,0.1044,0.1269,55562,57155,76786,78987,2025
136057,Norfolk,VA,2014,False,242803,2010,784,0,90,65,506,1,0,0,10949,1599,3388084,269814,2255750,0,reported,reported,R,R,3.229,2.084,0.103,0.126,51858,53496,70523,72751,2025
136057,Norfolk,VA,2015,False,242803,2010,775,0,92,74,500,1,0,0,10512,1618,3720214,306034,2364906,0,reported,reported,R,R,3.192,2.059,0.1061,0.13,57603,56758,78243,77095,2025
136057,Norfolk,VA,2016,False,242803,2010,804,0,171,64,503,1,0,0,10581,1851,3962426,663570,2469086,0,reported,reported,R,R,3.311,2.072,0.1754,0.1397,59141,58905,79331,79015,2025
136057,Norfolk,VA,2017,True,246393,2010,755,0,171,61,433,1,0,0,9917,1848,3901751,683021,2364259,0,imputed,reported,CX,R,3.064,1.757,0.1847,0.137,62015,65522,81451,86057,2025
136057,Norfolk,VA,2018,False,246393,2010,743,3,94,60,492,5,0,0,10386,1693,4323832,360243,2820225,0,reported,reported,R,R,3.016,1.997,0.1123,0.128,69833,68786,89533,88190,2025
136057,Norfolk,VA,2019,False,244703,2010,712,3,104,48,499,5,0,0,10259,1587,4329075,395837,2773634,0,reported,reported,R,CR,2.91,2.039,0.1275,0.1282,72962,66701,91879,83995,2025
136057,Norfolk,VA,2020,False,242742,2010,693,6,156,63,492,5,11,1,10176,1426,3741492,710956,3116498,84538,reported,reported,R,CR,2.855,2.027,0.1837,0.1329,64788,76012,80592,94554,2025
136057,Norfolk,VA,2021,False,242742,2020,642,5,140,1,490,0,23,1,9761,627,4458799,661846,2882367,218357,reported,reported,R,R,2.645,2.019,0.179,0.1327,83342,70589,99020,83868,2025
136057,Norfolk,VA,2022,True,242803,2020,649,5,141,1,495,0,23,1,9553,831,4797790,712163,3101506,234958,imputed,imputed,G,G,2.673,2.039,0.1785,0.1369,88711,75188,97589,82713,2025
136057,Norfolk,VA,2023,False,235089,2020,664,5,144,1,506,0,24,1,9530,1023,5220962,774978,3375063,255681,imputed,imputed,G,G,2.824,2.152,0.1782,0.1404,94355,80041,99694,84570,2025
136057,Norfolk,VA,2024,False,232995,2020,677,6,147,1,516,0,24,1,9674,1037,5798674,860731,3748522,283973,imputed,imputed,G,G,2.906,2.215,0.1784,0.141,102783,87175,105487,89469,2025
136057,Norfolk,VA,2025,False,230930,2020,696,6,151,1,530,0,25,1,10065,1065,6159014,914219,3981463,301619,imputed,imputed,G,G,3.014,2.295,0.1783,0.1393,106190,90146,106190,90146,2025
194178,Richmond,VA,2012,True,204214,2010,751,0,205,13,410,0,16,0,8640,1015,3373083,783135,1924267,79834,reported,reported,R,R,3.678,2.008,0.2144,0.16,53897,56320,75576,78973,2025
194178,Richmond,VA,2013,False,204214,2010,714,0,149,13,396,0,13,3,8159,1413,3229711,558218,1832158,61621,reported,reported,R,R,3.496,1.939,0.1727,0.1559,54281,55520,75016,76728,2025
194178,Richmond,VA,2014,False,204214,2010,694,0,144,12,400,0,16,0,8104,1289,3237354,554147,1914556,66491,reported,reported,R,R,3.398,1.959,0.1718,0.1547,55977,57437,76124,78110,2025
194178,Richmond,VA,2015,False,204214,2010,690,0,143,13,398,0,16,0,8016,1197,3317720,567904,1962084,68142,imputed,imputed,G,G,3.379,1.949,0.1717,0.1556,57699,59158,78373,80355,2025
194178,Richmond,VA,2016,False,204214,2010,693,0,134,11,412,0,21,0,7952,1248,3321174,533433,2061551,99871,reported,reported,R,R,3.393,2.017,0.162,0.1585,57510,60045,77143,80544,2025
194178,Richmond,VA,2017,True,220289,2010,694,0,134,11,413,0,21,0,7965,1243,3392222,544844,2105653,102007,imputed,imputed,G,G,3.15,1.875,0.1618,0.1584,58655,61181,77038,80356,2025
194178,Richmond,VA,2018,False,220289,2010,732,0,111,10,403,4,20,0,7826,1320,4145401,470319,2451112,113910,reported,reported,R,R,3.323,1.829,0.1317,0.1618,67957,72986,87127,93575,2025
194178,Richmond,VA,2019,False,227032,2010,726,0,104,8,413,0,18,0,7842,1315,4298122,464084,2449448,103870,reported,reported,R,R,3.198,1.819,0.1253,0.1608,71043,71170,89463,89623,2025
194178,Richmond,VA,2020,False,230436,2010,723,0,109,1,395,6,18,0,7724,1339,4508241,513967,2468804,106034,reported,reported,R,R,3.138,1.714,0.131,0.1612,74826,75002,93078,93297,2025
194178,Richmond,VA,2021,False,230436,2020,699,0,104,1,398,4,17,0,7782,116,4213485,504622,2615794,101237,reported,reported,R,R,3.033,1.727,0.1295,0.1565,72335,78868,85942,93704,2025
194178,Richmond,VA,2022,True,232226,2020,601,0,98,1,467,0,18,4,7807,116,5423096,631421,3738511,124217,reported,reported,R,R,2.588,2.011,0.1402,0.1517,108281,96065,119117,105679,2025
194178,Richmond,VA,2023,False,226604,2020,579,0,96,1,469,4,19,4,7833,130,5463339,646801,3926100,137110,reported,reported,R,R,2.555,2.07,0.1422,0.1485,113230,100455,119637,106139,2025
194178,Richmond,VA,2024,False,229395,2020,569,11,98,4,454,4,17,5,8018,208,6496197,774237,4791521,160534,reported,reported,R,R,2.48,1.979,0.1469,0.1419,137002,126648,140607,129980,2025
194178,Richmond,VA,2025,False,229247,2020,580,14,105,3,447,4,52,3,8428,221,7097027,893006,5578568,361776,reported,reported,R,R,2.53,1.95,0.1533,0.1405,146835,149760,146835,149760,2025
202751,Virginia Beach,VA,2012,True,437994,2010,811,0,180,64,411,1,41,27,15864,4696,3915003,591610,2016608,212659,reported,reported,R,R,1.852,0.938,0.1816,0.091,57929,58879,81230,82562,2025
202751,Virginia Beach,VA,2013,False,437994,2010,901,48,16,1,454,3,19,0,15683,4178,4292566,100734,2347894,107392,reported,reported,R,R,2.057,1.037,0.0174,0.0886,57171,62059,79009,85765,2025
202751,Virginia Beach,VA,2014,False,437994,2010,901,52,15,1,463,3,20,0,15602,4250,4370988,96880,2454958,103710,reported,reported,R,R,2.057,1.057,0.0164,0.0897,58215,63627,79168,86528,2025
202751,Virginia Beach,VA,2015,False,437994,2010,898,50,15,1,462,6,21,0,15582,4246,4471192,99960,2490518,114466,reported,reported,R,R,2.05,1.055,0.0164,0.0896,59749,64689,81158,87868,2025
202751,Virginia Beach,VA,2016,False,437994,2010,866,52,16,1,476,7,20,0,15378,3976,4397000,107884,2592996,114460,reported,reported,R,R,1.977,1.087,0.0181,0.0896,60928,65370,81728,87687,2025
202751,Virginia Beach,VA,2017,True,452745,2010,867,59,19,1,480,7,18,0,15514,3952,4835511,124762,2843338,101707,reported,reported,R,R,1.915,1.06,0.0214,0.0892,66927,71083,87903,93361,2025
202751,Virginia Beach,VA,2018,False,452745,2010,880,55,20,1,488,7,19,0,15730,3921,4632762,133475,2963531,111702,reported,reported,R,R,1.944,1.078,0.0222,0.0894,63174,72874,80995,93431,2025
202751,Virginia Beach,VA,2019,False,450435,2010,882,53,21,1,498,7,19,0,15901,3883,4725549,132288,3001805,111872,reported,reported,R,R,1.958,1.106,0.0233,0.0893,64293,72333,80963,91087,2025
202751,Virginia Beach,VA,2020,False,449974,2010,895,59,22,1,503,7,19,0,15987,3679,4937870,141996,3193974,116704,reported,reported,R,R,1.989,1.118,0.024,0.09,66206,76198,82356,94785,2025
202751,Virginia Beach,VA,2021,False,449974,2020,874,55,21,1,489,7,21,0,15666,2648,4951699,138200,3140063,140512,reported,reported,R,R,1.942,1.087,0.0235,0.0897,67987,77057,80776,91552,2025
202751,Virginia Beach,VA,2022,True,451231,2020,859,54,23,1,495,5,22,0,15738,2907,5171743,163895,3571508,143120,reported,reported,R,R,1.904,1.097,0.0261,0.0889,72248,86582,79478,95247,2025
202751,Virginia Beach,VA,2023,False,457672,2020,884,53,11,0,528,3,21,0,15937,3320,5816694,94351,4144738,168323,reported,reported,R,R,1.932,1.154,0.0123,0.0906,78960,94199,83428,99529,2025
202751,Virginia Beach,VA,2024,False,455618,2020,894,66,14,0,524,6,29,0,16265,4593,5962283,119476,4293936,245321,reported,reported,R,R,1.962,1.15,0.0154,0.0898,80031,98334,82137,100921,2025
202751,Virginia Beach,VA,2025,False,453649,2020,906,65,13,0,548,5,34,1,16153,3477,6195246,118163,4307218,282565,reported,reported,R,R,1.997,1.208,0.0141,0.0929,82056,94319,82056,94319,2025
114624,Bellevue,WA,2012,True,122363,2010,183,0,27,2,230,3,9,0,1196,247,1441662,171534,1948846,78450,reported,reported,R,R,1.496,1.88,0.1286,0.3754,94535,101679,132560,142577,2025
114624,Bellevue,WA,2013,False,122363,2010,183,0,27,2,231,9,11,0,1220,248,1496232,179806,1924270,97328,reported,reported,R,R,1.496,1.888,0.1286,0.3705,98114,99962,135592,138146,2025
114624,Bellevue,WA,2014,False,122363,2010,181,1,27,3,230,6,10,1,1241,253,1482378,174344,2028080,89684,reported,reported,R,R,1.479,1.88,0.1298,0.361,98279,105813,133652,143898,2025
114624,Bellevue,WA,2015,False,122363,2010,181,1,28,3,231,6,8,1,1249,263,1506886,188400,2157006,75468,reported,reported,R,R,1.479,1.888,0.134,0.3587,99904,112052,135701,152202,2025
114624,Bellevue,WA,2016,False,122363,2010,189,0,27,4,228,8,9,0,1272,278,1500624,175244,2064002,88440,reported,reported,R,R,1.545,1.863,0.125,0.3561,95278,108632,127805,145718,2025
114624,Bellevue,WA,2017,True,139820,2010,186,1,27,2,238,4,9,1,1278,265,1631574,178254,2179868,88780,reported,reported,R,R,1.33,1.702,0.1268,0.3599,105263,109909,138253,144356,2025
114624,Bellevue,WA,2018,False,139820,2010,184,2,27,2,237,4,11,0,1303,273,1597110,227846,2169502,103050,reported,reported,R,R,1.316,1.695,0.128,0.3523,104159,109848,133542,140836,2025
114624,Bellevue,WA,2019,False,144444,2010,179,0,30,3,243,2,9,0,1310,263,1714148,238260,2565850,94746,reported,reported,R,R,1.239,1.682,0.1435,0.3519,114915,126709,144710,159562,2025
114624,Bellevue,WA,2020,False,148164,2010,192,1,25,1,240,3,10,0,1334,249,1937375,209511,2628959,100935,reported,reported,R,R,1.296,1.62,0.1152,0.3501,121086,131448,150623,163512,2025
114624,Bellevue,WA,2021,False,148164,2020,192,0,25,1,251,2,11,0,1329,133,1911536,186886,2880747,116127,reported,reported,R,R,1.296,1.694,0.1152,0.3604,119471,137725,141945,163633,2025
114624,Bellevue,WA,2022,True,148073,2020,194,0,22,1,252,0,10,4,1330,207,1979922,183142,2960916,126588,reported,reported,R,R,1.31,1.702,0.1019,0.3594,122469,140996,134725,155106,2025
114624,Bellevue,WA,2023,False,149440,2020,178,0,27,1,261,4,11,0,1375,222,1866289,244481,3316725,120030,reported,reported,R,R,1.191,1.747,0.1317,0.3469,125817,152493,132936,161122,2025
114624,Bellevue,WA,2024,False,152767,2020,186,0,21,1,272,1,12,1,1480,226,2272522,204451,3416485,135922,reported,reported,R,R,1.218,1.78,0.1014,0.3318,146614,150727,150472,154693,2025
114624,Bellevue,WA,2025,False,151574,2020,207,0,25,1,275,1,11,0,1514,289,2663684,260092,3861408,146930,reported,reported,R,R,1.366,1.814,0.1078,0.3421,154416,168498,154416,168498,2025
176873,Everett,WA,2012,True,103019,2010,189,0,38,0,173,0,9,1,1125,133,1473691,186855,1540833,48048,reported,reported,R,R,1.835,1.679,0.1674,0.3636,93568,106879,131204,149869,2025
176873,Everett,WA,2013,False,103019,2010,191,0,39,0,167,0,10,1,1119,140,1525311,190958,1409900,53966,reported,reported,R,R,1.854,1.621,0.1696,0.3637,95831,101310,132437,140009,2025
176873,Everett,WA,2014,False,103019,2010,182,0,39,0,164,0,10,0,1083,133,1463129,196482,1520871,55882,reported,reported,R,R,1.767,1.592,0.1765,0.3647,96470,111283,131192,151336,2025
176873,Everett,WA,2015,False,103019,2010,179,0,38,0,153,0,17,1,1098,102,1419027,197567,1354762,150204,reported,reported,R,R,1.738,1.485,0.1751,0.3525,95130,106256,129216,144329,2025
176873,Everett,WA,2016,False,103019,2010,183,0,33,0,154,0,22,2,1115,84,1588236,176248,1425300,195519,reported,reported,R,R,1.776,1.495,0.1528,0.3516,104147,111062,139702,148977,2025
176873,Everett,WA,2017,True,108010,2010,185,0,34,0,156,0,23,1,1137,113,1616356,187895,1658075,204782,reported,reported,R,R,1.713,1.444,0.1553,0.35,104845,127544,137704,167518,2025
176873,Everett,WA,2018,False,108010,2010,199,0,39,0,158,1,23,0,1102,117,1779389,218032,1529708,205822,reported,reported,R,R,1.842,1.463,0.1639,0.3802,107300,116180,137569,148954,2025
176873,Everett,WA,2019,False,110079,2010,200,0,37,0,173,0,11,0,1109,103,1872471,214338,1852210,70636,reported,reported,R,R,1.817,1.572,0.1561,0.3796,112348,128477,141477,161788,2025
176873,Everett,WA,2020,False,111475,2010,200,0,39,2,181,0,10,0,1125,104,1961328,229181,1939535,66234,reported,reported,R,R,1.794,1.624,0.1632,0.3822,117680,128588,146386,159955,2025
176873,Everett,WA,2021,False,111475,2020,199,0,33,1,188,0,11,2,1057,32,2003289,192625,2121895,76783,reported,reported,R,R,1.785,1.686,0.1422,0.4078,120801,135440,143525,160918,2025
176873,Everett,WA,2022,True,112482,2020,191,0,35,0,180,0,10,0,1095,41,2096264,209113,2136431,71402,reported,reported,R,R,1.698,1.6,0.1549,0.3799,131702,142429,144882,156683,2025
176873,Everett,WA,2023,False,110812,2020,187,0,36,1,182,0,9,0,1117,49,2178290,247063,2507774,70970,reported,reported,R,R,1.688,1.642,0.1614,0.3706,139783,165348,147692,174704,2025
176873,Everett,WA,2024,False,111337,2020,192,0,37,2,185,0,15,1,1164,55,2338611,263941,2574621,185227,reported,reported,R,R,1.724,1.662,0.1616,0.3686,146163,167002,150009,171396,2025
176873,Everett,WA,2025,False,111180,2020,192,0,41,0,188,0,14,0,1223,49,2418536,343048,2499143,169871,reported,reported,R,R,1.727,1.691,0.176,0.3557,151158,159520,151158,159520,2025
205590,Kent,WA,2012,True,92411,2010,127,0,25,7,0,0,0,0,579,206,1014372,129526,0,0,reported,,R,,1.374,0.0,0.1645,0.2625,95846,,134398,,2025
205590,Kent,WA,2013,False,92411,2010,128,0,25,0,0,0,0,0,558,164,982550,168308,0,0,reported,,R,,1.385,0.0,0.1634,0.2742,92114,,127300,,2025
205590,Kent,WA,2014,False,92411,2010,135,0,22,1,0,0,0,0,568,159,1101836,122574,0,0,reported,,R,,1.461,0.0,0.1401,0.2764,97941,,133192,,2025
205590,Kent,WA,2015,False,92411,2010,139,0,23,3,0,0,0,0,632,167,1161330,130294,0,0,reported,,R,,1.504,0.0,0.142,0.2563,100259,,136183,,2025
205590,Kent,WA,2016,False,92411,2010,144,0,24,3,0,0,0,0,654,171,1207209,135441,0,0,imputed,,G,,1.558,0.0,0.1429,0.2569,100601,,134945,,2025
205590,Kent,WA,2017,True,126952,2010,147,0,24,3,0,0,0,0,668,167,1246208,139816,0,0,imputed,,G,,1.158,0.0,0.1404,0.256,101731,,133614,,2025
205590,Kent,WA,2018,False,126952,2010,150,0,24,3,0,0,0,0,683,177,1318458,147922,0,0,imputed,,G,,1.182,0.0,0.1379,0.2548,105477,,135232,,2025
205590,Kent,WA,2019,False,128458,2010,153,0,25,3,0,0,0,0,699,177,1406895,157844,0,0,imputed,,G,,1.191,0.0,0.1404,0.2546,110345,,138955,,2025
205590,Kent,WA,2020,False,132319,2010,148,0,15,1,0,0,0,0,730,155,1798454,131055,0,0,prorated,,RT,,1.119,0.0,0.092,0.2233,145821,,181391,,2025
205590,Kent,WA,2021,False,132319,2020,162,0,14,3,0,0,0,0,709,69,1777718,110389,0,0,reported,,CR,,1.224,0.0,0.0795,0.2482,131683,,156454,,2025
205590,Kent,WA,2022,True,130676,2020,154,0,19,1,0,0,0,0,669,150,1740710,131074,0,0,reported,,R,,1.178,0.0,0.1098,0.2586,135640,,149214,,2025
205590,Kent,WA,2023,False,134835,2020,165,0,26,2,0,0,0,0,676,155,1714080,194566,0,0,reported,,R,,1.224,0.0,0.1361,0.2825,124660,,131714,,2025
205590,Kent,WA,2024,False,134392,2020,187,0,30,2,0,0,0,0,768,174,1834674,208255,0,0,prorated,,T,,1.391,0.0,0.1382,0.2826,117733,,120831,,2025
205590,Kent,WA,2025,False,133378,2020,157,0,25,2,0,0,0,0,644,149,1824261,207073,0,0,prorated,,T,,1.177,0.0,0.1374,0.2826,139434,,139434,,2025
136110,Renton,WA,2012,True,90927,2010,141,5,7,1,140,0,18,0,756,166,1082856,39536,1105506,126266,imputed,reported,AR,R,1.551,1.54,0.0473,0.4048,92158,94758,129226,132872,2025
136110,Renton,WA,2013,False,90927,2010,108,0,35,1,135,0,20,0,707,130,885434,243522,1086822,142054,reported,reported,R,R,1.188,1.485,0.2448,0.4215,98382,96606,135962,133508,2025
136110,Renton,WA,2014,False,90927,2010,123,0,26,4,130,0,19,0,784,146,1079982,146260,1036634,127406,reported,reported,R,R,1.353,1.43,0.1745,0.3801,105364,95689,143287,130130,2025
136110,Renton,WA,2015,False,90927,2010,124,0,26,4,131,0,19,0,802,145,1116025,151141,1071230,131658,imputed,imputed,G,G,1.364,1.441,0.1733,0.3741,108002,98128,146700,133288,2025
136110,Renton,WA,2016,False,90927,2010,128,0,27,4,135,0,20,0,828,147,1160114,157112,1113549,136859,imputed,imputed,G,G,1.408,1.485,0.1742,0.3744,108761,98982,145891,132773,2025
136110,Renton,WA,2017,True,100242,2010,130,0,27,4,137,0,20,0,866,145,1197591,162187,1149522,141280,imputed,imputed,G,G,1.297,1.367,0.172,0.3626,110547,100688,145194,132245,2025
136110,Renton,WA,2018,False,100242,2010,121,0,29,1,128,0,20,0,841,113,1204109,198608,1106655,291207,reported,imputed,R,X,1.207,1.277,0.1933,0.3543,119416,103749,153103,133016,2025
136110,Renton,WA,2019,False,101379,2010,125,1,32,0,0,0,0,0,719,115,1282012,201380,0,0,reported,,R,,1.233,0.0,0.2038,0.2184,123073,,154983,,2025
136110,Renton,WA,2020,False,101751,2010,125,0,33,2,0,0,0,0,746,84,1539360,231853,0,0,reported,,R,,1.228,0.0,0.2089,0.2118,147779,,183827,,2025
136110,Renton,WA,2021,False,101751,2020,119,0,32,1,0,0,0,0,673,14,1276149,220143,0,0,reported,,R,,1.17,0.0,0.2119,0.2244,128687,,152895,,2025
136110,Renton,WA,2022,True,101494,2020,117,0,34,0,0,0,0,0,701,42,1271570,246827,0,0,reported,,R,,1.153,0.0,0.2252,0.2154,130417,,143469,,2025
136110,Renton,WA,2023,False,105179,2020,122,0,35,1,0,0,0,0,715,82,1382514,268364,0,0,imputed,,TX,,1.16,0.0,0.2229,0.2196,135985,,143679,,2025
136110,Renton,WA,2024,False,104047,2020,131,0,24,0,0,0,0,0,748,81,1806304,214658,0,0,reported,,R,,1.259,0.0,0.1548,0.2072,165463,,169817,,2025
136110,Renton,WA,2025,False,104491,2020,132,0,33,0,0,0,0,0,717,75,1921019,306403,0,0,reported,,R,,1.263,0.0,0.2,0.2301,174638,,174638,,2025
184255,Seattle,WA,2012,True,608660,2010,1416,0,374,9,1047,5,33,1,9457,1118,12759131,2196180,9372161,233756,reported,reported,R,R,2.326,1.72,0.2089,0.3035,108128,107417,151620,150623,2025
184255,Seattle,WA,2013,False,608660,2010,1312,3,480,12,961,3,45,1,9433,2002,11990592,3010805,8915838,354743,reported,reported,R,R,2.156,1.579,0.2679,0.2966,109670,111332,151562,153859,2025
184255,Seattle,WA,2014,False,608660,2010,1334,0,538,21,956,1,90,7,9837,2071,13058192,3305036,9432997,745723,reported,reported,CR,R,2.192,1.571,0.2874,0.2966,117465,118406,159743,161023,2025
184255,Seattle,WA,2015,False,608660,2010,1363,0,548,20,982,1,89,6,10038,2160,13749760,3408029,9742439,704172,reported,reported,CR,R,2.239,1.613,0.2868,0.2971,121054,119052,164429,161710,2025
184255,Seattle,WA,2016,False,608660,2010,1373,1,557,27,997,0,87,8,10370,2488,14622516,3548413,9673247,690279,reported,reported,R,R,2.256,1.638,0.2886,0.2906,127801,116428,171431,156175,2025
184255,Seattle,WA,2017,True,684451,2010,1674,9,273,4,986,4,86,2,10770,2003,15568273,1703532,9930733,708653,reported,prorated,R,T,2.446,1.441,0.1402,0.2803,111601,120861,146578,158740,2025
184255,Seattle,WA,2018,False,684451,2010,1487,10,486,22,962,3,119,12,10844,2488,13853444,4046452,10405892,1173673,reported,reported,R,R,2.173,1.406,0.2463,0.2816,111796,129803,143333,166420,2025
184255,Seattle,WA,2019,False,724745,2010,1499,6,480,17,1006,3,89,7,10908,2128,16984022,4525658,11152936,1086000,reported,reported,R,R,2.068,1.388,0.2425,0.2818,135963,133037,171215,167530,2025
184255,Seattle,WA,2020,False,753675,2010,1424,3,574,26,982,4,92,9,10980,2085,15703392,5273502,11373267,1315232,reported,reported,R,R,1.889,1.303,0.2873,0.2798,132332,138981,164612,172883,2025
184255,Seattle,WA,2021,False,753675,2020,1305,2,510,9,1011,71,92,7,10790,1349,14195145,4882381,12702424,1179305,reported,reported,R,R,1.732,1.341,0.281,0.2704,130530,150771,155084,179133,2025
184255,Seattle,WA,2022,True,769714,2020,993,0,495,11,1036,47,97,10,10695,1843,11864926,5013595,13128676,1254110,reported,imputed,CR,RX,1.29,1.346,0.3327,0.2451,143383,152070,157732,167289,2025
184255,Seattle,WA,2023,False,733919,2020,1032,0,502,12,1024,6,101,6,10867,1740,13212124,4940627,12408368,1369852,reported,reported,R,R,1.406,1.395,0.3272,0.2447,153629,145411,162322,153639,2025
184255,Seattle,WA,2024,False,749256,2020,983,0,511,15,1009,5,101,4,11275,1670,12810680,5154543,13786785,1498274,reported,reported,R,R,1.312,1.347,0.342,0.231,156387,163966,160502,168280,2025
184255,Seattle,WA,2025,False,755078,2020,1041,3,497,8,958,5,94,8,11526,1792,16841237,5183189,13666833,1527575,prorated,reported,RT,R,1.379,1.269,0.3231,0.2247,194135,171192,194135,171192,2025
205599,Spokane,WA,2012,True,208916,2010,275,0,100,13,284,0,37,1,2012,394,2121496,525519,2343441,225512,reported,reported,R,R,1.316,1.359,0.2667,0.3459,92574,99019,129810,138847,2025
205599,Spokane,WA,2013,False,208916,2010,275,0,102,8,298,0,18,0,1961,252,2261149,522544,2379138,96147,reported,reported,R,R,1.316,1.426,0.2706,0.3534,98668,95804,136358,132400,2025
205599,Spokane,WA,2014,False,208916,2010,285,0,90,10,280,0,18,1,1936,270,2486893,495513,2452023,99696,reported,reported,R,R,1.364,1.34,0.24,0.3476,104711,105087,142399,142910,2025
205599,Spokane,WA,2015,False,208916,2010,298,0,93,11,302,0,19,0,1986,239,2614308,525707,2576698,108438,reported,reported,R,CR,1.426,1.446,0.2379,0.3585,105274,102385,142995,139071,2025
205599,Spokane,WA,2016,False,208916,2010,308,0,95,8,300,0,19,2,2026,245,2867097,551924,2496381,113365,reported,reported,R,R,1.474,1.436,0.2357,0.3564,111705,99855,149840,133945,2025
205599,Spokane,WA,2017,True,213272,2010,319,0,93,8,313,0,19,0,2067,171,2678212,523242,2757359,116250,reported,reported,R,R,1.496,1.468,0.2257,0.3599,100748,105713,132323,138844,2025
205599,Spokane,WA,2018,False,213272,2010,322,0,85,11,348,0,18,0,2105,191,2850917,505953,2903199,108037,reported,reported,R,R,1.51,1.632,0.2088,0.3672,106245,100110,136216,128351,2025
205599,Spokane,WA,2019,False,217108,2010,334,0,87,11,355,0,20,0,2152,224,2899767,513161,3111366,120929,reported,reported,R,R,1.538,1.635,0.2067,0.3699,104183,105173,131195,132442,2025
205599,Spokane,WA,2020,False,222081,2010,341,0,88,10,324,0,19,1,2134,215,2951840,547828,3456471,129804,reported,reported,R,R,1.535,1.459,0.2051,0.3618,103877,128017,129216,159244,2025
205599,Spokane,WA,2021,False,222081,2020,344,0,87,12,320,0,19,1,2107,136,3333093,557008,3319217,133207,reported,reported,R,R,1.549,1.441,0.2019,0.3654,116271,124471,138143,147886,2025
205599,Spokane,WA,2022,True,222050,2020,347,0,89,13,314,0,19,1,2135,142,3761405,574268,3477746,137784,reported,reported,R,R,1.563,1.414,0.2041,0.3602,130077,132907,143095,146208,2025
205599,Spokane,WA,2023,False,229071,2020,335,0,96,9,335,0,23,1,2210,174,4199636,772347,3814488,170210,reported,reported,R,R,1.462,1.462,0.2227,0.357,150435,136638,158947,144369,2025
205599,Spokane,WA,2024,False,230160,2020,345,0,100,10,336,0,24,1,2284,185,4608573,788080,4121313,171521,reported,reported,R,R,1.499,1.46,0.2247,0.3525,160298,147190,164516,151063,2025
205599,Spokane,WA,2025,False,229447,2020,328,0,92,10,342,0,25,1,2265,216,4906815,776752,4273381,184880,reported,reported,R,R,1.43,1.491,0.219,0.3475,179518,149943,179518,149943,2025
213591,Spokane Valley,WA,2012,True,89755,2010,0,0,0,0,0,0,0,0,88,16,0,0,0,0,imputed,imputed,G,G,0.0,0.0,,0.0,,,,,2025
213591,Spokane Valley,WA,2013,False,89755,2010,0,0,0,0,0,0,0,0,91,20,0,0,0,0,,,,,0.0,0.0,,0.0,,,,,2025
213591,Spokane Valley,WA,2014,False,89755,2010,0,0,0,0,0,0,0,0,85,24,0,0,0,0,,,,,0.0,0.0,,0.0,,,,,2025
213591,Spokane Valley,WA,2015,False,89755,2010,0,0,0,0,0,0,0,0,83,16,0,0,0,0,,,,,0.0,0.0,,0.0,,,,,2025
213591,Spokane Valley,WA,2016,False,89755,2010,0,0,0,0,0,0,0,0,86,15,0,0,0,0,,,,,0.0,0.0,,0.0,,,,,2025
213591,Spokane Valley,WA,2017,True,94919,2010,0,0,0,0,0,0,0,0,87,15,0,0,0,0,,,,,0.0,0.0,,0.0,,,,,2025
213591,Spokane Valley,WA,2018,False,94919,2010,0,0,0,0,0,0,0,0,85,19,0,0,0,0,,,,,0.0,0.0,,0.0,,,,,2025
213591,Spokane Valley,WA,2022,True,102893,2020,0,0,0,0,0,0,0,0,95,23,0,0,0,0,,,,,0.0,0.0,,0.0,,,,,2025
213591,Spokane Valley,WA,2023,False,105905,2020,0,0,0,0,0,0,0,0,101,12,0,0,0,0,,,,,0.0,0.0,,0.0,,,,,2025
213591,Spokane Valley,WA,2024,False,107325,2020,0,0,0,0,0,0,0,0,111,12,0,0,0,0,,,,,0.0,0.0,,0.0,,,,,2025
213591,Spokane Valley,WA,2025,False,108235,2020,0,0,0,0,0,0,0,0,113,13,0,0,0,0,,,,,0.0,0.0,,0.0,,,,,2025
176868,Tacoma,WA,2012,True,198397,2010,356,0,41,0,377,0,40,1,3467,80,2851030,237989,3037900,325671,reported,reported,R,R,1.794,1.9,0.1033,0.2348,96102,96697,134757,135591,2025
176868,Tacoma,WA,2013,False,198397,2010,368,0,41,0,372,0,40,0,3398,62,3100337,237983,3162659,325662,imputed,imputed,ARX,ARX,1.855,1.875,0.1002,0.2416,101098,102021,139716,140991,2025
176868,Tacoma,WA,2014,False,198397,2010,333,0,36,0,341,0,35,0,3354,61,2956366,243080,3074013,330989,reported,reported,R,R,1.678,1.719,0.0976,0.2221,106536,108176,144881,147111,2025
176868,Tacoma,WA,2015,False,198397,2010,336,0,33,0,370,0,32,0,3411,81,2869099,281496,3155457,338343,reported,reported,R,R,1.694,1.865,0.0894,0.226,102468,102339,139183,139008,2025
176868,Tacoma,WA,2016,False,198397,2010,327,0,36,0,358,0,39,1,3431,89,3016630,227622,3369629,335568,reported,reported,R,R,1.648,1.804,0.0992,0.2215,110702,112948,148495,151507,2025
176868,Tacoma,WA,2017,True,207948,2010,331,4,35,1,365,5,24,2,3518,81,3044619,220226,3500117,178237,reported,reported,R,R,1.592,1.755,0.0956,0.2146,110379,115072,144973,151137,2025
176868,Tacoma,WA,2018,False,207948,2010,328,0,38,0,383,0,33,0,3503,65,3135991,239491,3688661,271786,reported,reported,R,R,1.577,1.842,0.1038,0.2232,114731,115572,147096,148174,2025
176868,Tacoma,WA,2019,False,213418,2010,340,0,39,0,384,0,35,0,3569,76,3612833,249415,4237290,286801,reported,reported,R,R,1.593,1.799,0.1029,0.2236,127512,132415,160573,166747,2025
176868,Tacoma,WA,2020,False,217827,2010,334,0,40,0,401,0,39,2,3564,79,3330613,218196,4448259,241696,reported,reported,CR,R,1.533,1.841,0.107,0.2284,119663,133115,148853,165586,2025
176868,Tacoma,WA,2021,False,217827,2020,326,0,39,0,397,0,49,2,3532,62,3642571,238634,4200028,469958,prorated,reported,T,R,1.497,1.823,0.1068,0.2296,134082,126953,159305,150835,2025
176868,Tacoma,WA,2022,True,219945,2020,311,0,36,0,405,0,51,1,3605,58,3910688,262284,5056211,444161,reported,reported,CR,R,1.414,1.841,0.1037,0.2227,150895,149814,165996,164807,2025
176868,Tacoma,WA,2023,False,219205,2020,329,0,36,0,427,0,52,1,3733,55,4501913,273303,5406821,439429,reported,reported,R,R,1.501,1.948,0.0986,0.2261,164204,151948,173495,160546,2025
176868,Tacoma,WA,2024,False,221776,2020,335,0,40,0,435,0,53,1,3922,52,4856551,321724,5835681,474285,imputed,imputed,RX,TX,1.511,1.961,0.1067,0.22,173966,160984,178544,165220,2025
176868,Tacoma,WA,2025,False,222906,2020,341,0,49,0,460,0,56,2,4052,45,5167203,389627,6404546,537216,reported,reported,R,R,1.53,2.064,0.1256,0.2236,181837,167075,181837,167075,2025
176816,Vancouver,WA,2012,True,161791,2010,179,0,24,0,184,0,9,0,953,296,1424366,116826,1345674,60972,reported,reported,R,R,1.106,1.137,0.1182,0.4155,95488,87761,133896,123061,2025
176816,Vancouver,WA,2013,False,161791,2010,184,0,9,0,174,0,26,0,927,276,1429798,62970,1360134,130476,reported,reported,R,R,1.137,1.075,0.0466,0.4239,93248,93802,128867,129633,2025
176816,Vancouver,WA,2014,False,161791,2010,186,0,9,0,176,0,26,0,938,276,1469507,64719,1397908,134100,imputed,imputed,G,G,1.15,1.088,0.0462,0.4232,94807,95312,128930,129617,2025
176816,Vancouver,WA,2015,False,161791,2010,188,0,9,0,178,0,26,0,948,270,1518549,66879,1444561,138575,imputed,imputed,G,G,1.162,1.1,0.0457,0.423,96929,97386,131660,132281,2025
176816,Vancouver,WA,2016,False,161791,2010,194,0,9,0,184,0,27,0,979,276,1578540,69521,1501629,144049,imputed,imputed,G,G,1.199,1.137,0.0443,0.4229,97642,97932,130976,131365,2025
176816,Vancouver,WA,2017,True,172860,2010,198,0,9,0,187,0,27,0,996,269,1629534,71767,1550139,148702,imputed,imputed,G,G,1.145,1.082,0.0435,0.4227,98760,99474,129712,130650,2025
176816,Vancouver,WA,2018,False,172860,2010,202,0,9,0,191,0,28,0,1015,287,1724007,75928,1640009,157323,imputed,imputed,G,G,1.169,1.105,0.0427,0.4236,102416,103037,131307,132103,2025
176816,Vancouver,WA,2019,False,175673,2010,206,0,9,0,195,0,29,0,1036,286,1839647,81021,1750015,167876,imputed,imputed,G,G,1.173,1.11,0.0419,0.4237,107164,107693,134949,135615,2025
176816,Vancouver,WA,2020,False,184463,2010,208,0,9,0,197,0,29,0,1046,276,1918755,84505,1825268,175095,imputed,imputed,G,G,1.128,1.068,0.0415,0.4235,110697,111184,137699,138305,2025
176816,Vancouver,WA,2021,False,184463,2020,219,0,47,0,206,0,8,0,1077,71,2207872,267579,2322958,51629,reported,reported,R,R,1.187,1.117,0.1767,0.4457,120979,135318,143737,160773,2025
176816,Vancouver,WA,2022,True,186192,2020,211,0,50,0,195,0,9,0,1090,145,2368133,314798,2387982,58708,reported,reported,R,R,1.133,1.047,0.1916,0.4266,134681,146953,148159,161660,2025
176816,Vancouver,WA,2023,False,192169,2020,219,0,46,0,212,0,10,0,1128,183,2442440,290043,2599472,62167,reported,reported,CR,R,1.14,1.103,0.1736,0.4317,133832,147140,141405,155466,2025
176816,Vancouver,WA,2024,False,194512,2020,228,0,48,0,220,0,10,0,1171,202,2687934,319196,2860750,68416,imputed,imputed,G,G,1.172,1.131,0.1739,0.4321,141470,156041,145192,160147,2025
176816,Vancouver,WA,2025,False,196442,2020,223,0,47,0,240,0,8,0,1219,150,2889151,316415,3602979,78677,reported,reported,R,R,1.135,1.222,0.1741,0.4249,155470,180149,155470,180149,2025
177090,Green Bay,WI,2012,True,104057,2010,190,0,39,61,172,0,1,1,818,142,1065955,130729,1027962,4125,reported,reported,R,R,1.826,1.653,0.1703,0.4914,67323,71718,94402,100565,2025
177090,Green Bay,WI,2013,False,104057,2010,181,0,41,63,186,0,1,1,820,127,993530,136925,1018537,4125,reported,reported,R,R,1.739,1.787,0.1847,0.4988,65869,65712,91030,90813,2025
177090,Green Bay,WI,2014,False,104057,2010,187,0,38,62,195,0,1,2,832,155,1176350,133781,1124315,4220,reported,reported,R,R,1.797,1.874,0.1689,0.506,75488,69189,102658,94092,2025
177090,Green Bay,WI,2015,False,104057,2010,187,0,41,68,194,0,1,2,845,136,1373581,152412,1175516,4307,reported,reported,R,R,1.797,1.864,0.1798,0.5006,88144,72712,119727,98766,2025
177090,Green Bay,WI,2016,False,104057,2010,186,0,42,63,194,0,1,2,836,122,1281994,153432,1202029,4391,reported,reported,R,R,1.787,1.864,0.1842,0.506,82709,74352,110945,99735,2025
177090,Green Bay,WI,2017,True,105207,2010,192,0,38,64,182,0,1,2,832,153,1421702,145197,1175830,4477,reported,reported,R,R,1.825,1.73,0.1652,0.4964,88856,77527,116704,101825,2025
177090,Green Bay,WI,2018,False,105207,2010,181,0,44,63,198,0,2,0,857,198,1185562,189138,1298614,7684,reported,reported,R,R,1.72,1.882,0.1956,0.4959,78601,78704,100774,100906,2025
177090,Green Bay,WI,2019,False,105116,2010,180,0,41,53,197,0,2,0,843,165,1208349,206994,1312573,8620,reported,reported,R,R,1.712,1.874,0.1855,0.4982,80557,79954,101444,100684,2025
177090,Green Bay,WI,2020,False,104578,2010,178,0,43,59,193,0,2,0,834,165,1156557,201876,1546769,8620,reported,reported,R,R,1.702,1.846,0.1946,0.4988,77970,96172,96989,119631,2025
177090,Green Bay,WI,2021,False,104578,2020,176,0,39,5,196,0,2,0,820,68,1202940,185415,1566319,9366,reported,reported,R,R,1.683,1.874,0.1814,0.5037,82019,95897,97448,113936,2025
177090,Green Bay,WI,2022,True,103836,2020,174,0,38,5,198,0,2,0,825,57,1208099,159856,1560053,9931,reported,reported,R,R,1.676,1.907,0.1792,0.4994,83317,94549,91655,104011,2025
177090,Green Bay,WI,2023,False,107015,2020,172,0,37,5,211,0,5,0,849,53,1231099,190112,1714690,26310,reported,reported,R,R,1.607,1.972,0.177,0.5006,85891,97518,90751,103036,2025
177090,Green Bay,WI,2024,False,106095,2020,176,0,36,4,209,0,5,0,841,66,1437869,198967,1694801,30774,reported,reported,R,R,1.659,1.97,0.1698,0.5065,98037,97309,100617,99869,2025
177090,Green Bay,WI,2025,False,105744,2020,178,0,39,6,209,0,5,0,866,97,1742098,223001,1817997,30619,reported,reported,R,R,1.683,1.976,0.1797,0.4977,117445,104383,117445,104383,2025
209777,Madison,WI,2012,True,233209,2010,442,0,98,54,321,0,10,0,2375,793,2838926,356509,1877417,45352,reported,imputed,R,G,1.895,1.376,0.1815,0.3667,77075,70184,108077,98414,2025
209777,Madison,WI,2013,False,233209,2010,439,0,109,53,358,0,24,0,2521,483,2814120,448120,2139725,143314,reported,reported,R,R,1.882,1.535,0.1989,0.3689,76924,71723,106308,99120,2025
209777,Madison,WI,2014,False,233209,2010,458,0,110,57,349,0,39,0,2538,508,2917707,447943,1716625,195783,reported,reported,CR,R,1.964,1.497,0.1937,0.3767,76446,59024,103961,80268,2025
209777,Madison,WI,2015,False,233209,2010,458,0,106,76,349,0,39,0,2534,512,2948968,483498,1735017,197881,imputed,imputed,GR,G,1.964,1.497,0.1879,0.3757,77266,59657,104951,81033,2025
209777,Madison,WI,2016,False,233209,2010,460,0,107,76,351,0,39,0,2546,513,3008971,493336,1770319,201907,imputed,imputed,G,G,1.972,1.505,0.1887,0.3759,78495,60524,105292,81186,2025
209777,Madison,WI,2017,True,248951,2010,464,0,110,63,355,0,39,0,2574,504,3165399,527093,1842083,210092,reported,imputed,R,G,1.864,1.426,0.1916,0.3761,81864,62268,107521,81783,2025
209777,Madison,WI,2018,False,248951,2010,468,0,108,63,358,0,39,0,2593,509,3417919,584608,1874440,213782,reported,imputed,R,G,1.88,1.438,0.1875,0.3752,87639,62830,112362,80554,2025
209777,Madison,WI,2019,False,255214,2010,475,0,110,66,365,0,40,0,2641,517,3622846,557903,1964930,224102,reported,imputed,R,G,1.861,1.43,0.188,0.3749,91525,64600,115255,81349,2025
209777,Madison,WI,2020,False,259680,2010,474,0,114,63,364,0,40,0,2641,520,3624832,599478,1989069,226855,reported,imputed,R,G,1.825,1.402,0.1939,0.3756,91768,65574,114153,81570,2025
209777,Madison,WI,2021,False,259680,2020,489,0,111,5,360,0,40,0,2633,462,3739117,596483,2010826,229336,reported,imputed,R,G,1.883,1.386,0.185,0.3798,91757,67028,109018,79637,2025
209777,Madison,WI,2022,True,263094,2020,474,0,113,7,358,0,39,0,2604,453,3723506,604179,2077168,236902,reported,imputed,R,G,1.802,1.361,0.1925,0.3779,94266,69626,103700,76594,2025
209777,Madison,WI,2023,False,269196,2020,492,0,110,7,366,30,37,1,2838,707,4199915,616563,3075211,264690,reported,imputed,R,X,1.828,1.36,0.1827,0.3541,102437,100827,108233,106532,2025
209777,Madison,WI,2024,False,272903,2020,501,0,86,6,372,30,37,1,2858,719,4310084,517328,3261195,280698,reported,imputed,R,X,1.836,1.363,0.1465,0.3485,103236,105200,105952,107968,2025
209777,Madison,WI,2025,False,280305,2020,494,0,88,3,380,31,38,1,2905,730,4336047,557461,3410621,293560,reported,reported,R,R,1.762,1.356,0.1512,0.3442,105329,107704,105329,107704,2025
136562,Milwaukee,WI,2012,True,594833,2010,1869,0,457,238,840,0,91,1,6301,507,11141044,1546079,5183054,448641,reported,reported,R,R,3.142,1.412,0.1965,0.5169,71532,74044,100304,103827,2025
136562,Milwaukee,WI,2013,False,594833,2010,1890,0,449,231,889,0,68,2,6451,437,11980662,1499086,5619796,297535,reported,reported,R,R,3.177,1.495,0.192,0.5109,76068,75858,105125,104835,2025
136562,Milwaukee,WI,2014,False,594833,2010,1875,0,425,218,819,0,108,1,6362,391,12022854,1421392,5363407,376026,reported,reported,R,R,3.152,1.377,0.1848,0.5072,76946,78585,104641,106870,2025
136562,Milwaukee,WI,2015,False,594833,2010,1889,0,425,193,838,0,70,1,6301,362,12100987,1525393,5155112,356531,reported,reported,R,R,3.176,1.409,0.1837,0.5113,76872,73820,104416,100271,2025
136562,Milwaukee,WI,2016,False,594833,2010,1897,0,410,199,816,0,70,1,6304,396,12991854,1483399,5193804,346308,reported,reported,R,R,3.189,1.372,0.1777,0.5065,82184,76379,110241,102454,2025
136562,Milwaukee,WI,2017,True,600155,2010,1866,0,446,187,780,0,68,1,6368,348,14150628,1689679,5755777,355178,reported,reported,R,R,3.109,1.3,0.1929,0.4962,91001,88550,119522,116302,2025
136562,Milwaukee,WI,2018,False,600155,2010,1822,0,451,166,738,0,73,1,6267,334,14223141,1727865,5653842,390518,reported,reported,R,R,3.036,1.23,0.1984,0.4921,93676,91932,120102,117866,2025
136562,Milwaukee,WI,2019,False,595351,2010,1885,0,423,145,740,0,74,1,6330,340,14700162,1679007,5657721,398244,reported,reported,R,R,3.166,1.243,0.1833,0.4932,93582,91747,117846,115535,2025
136562,Milwaukee,WI,2020,False,590157,2010,1812,0,435,152,760,0,75,1,6312,421,14179661,1792878,5930123,420794,reported,reported,R,R,3.07,1.288,0.1936,0.4883,93905,93634,116811,116474,2025
136562,Milwaukee,WI,2021,False,590157,2020,1717,0,400,73,761,0,70,1,6139,264,13609523,1625527,5757920,383729,reported,reported,R,R,2.909,1.289,0.1889,0.4802,95116,90795,113009,107875,2025
136562,Milwaukee,WI,2022,True,589067,2020,1592,0,342,121,731,0,69,4,5857,357,14023556,1490706,5994280,389929,reported,reported,R,R,2.703,1.241,0.1768,0.4668,105705,98401,116284,108249,2025
136562,Milwaukee,WI,2023,False,569330,2020,1561,0,346,110,713,0,67,4,5783,319,13756407,1736500,5884985,382819,reported,prorated,R,T,2.742,1.252,0.1814,0.4646,105751,99046,111735,104650,2025
136562,Milwaukee,WI,2024,False,563305,2020,1478,0,328,104,763,0,72,4,5930,309,13577418,1713906,6358016,413589,prorated,prorated,T,T,2.624,1.355,0.1816,0.4454,110236,99995,113137,102626,2025
136562,Milwaukee,WI,2025,False,561385,2020,1560,0,309,114,841,1,53,3,6092,597,13935979,1596888,6645662,413422,reported,reported,R,R,2.779,1.498,0.1653,0.4535,107200,94825,107200,94825,2025
