pid,city,state,rank,peer_pid,peer_city,peer_state,distance,structure_mismatches,size_component,price_component,population,peer_population,rpp_2022,peer_rpp_2022,group_quality
194805,New York,NY,1,124214,Washington Dc,DC,3.711,,3.533,0.178,8253213,712816,112.987,111.207,weak
194805,New York,NY,2,161174,Los Angeles,CA,5.088,consolidated_or_independent|runs_schools|county_like_functions,1.056,0.032,8253213,3970219,112.987,113.308,weak
194805,New York,NY,3,133602,Philadelphia,PA,5.111,runs_schools,2.386,1.225,8253213,1578487,112.987,100.74,weak
194805,New York,NY,4,128108,Boston,MA,5.157,consolidated_or_independent,3.577,0.08,8253213,691531,112.987,112.187,weak
194805,New York,NY,5,175728,Nashville-Davidson County Metropolitan Government,TN,5.216,,3.572,1.644,8253213,694176,112.987,96.542,weak
194805,New York,NY,6,161258,San Francisco And County,CA,5.253,runs_schools,3.252,0.502,8253213,866606,112.987,118.003,weak
194805,New York,NY,7,162236,Chicago,IL,5.352,consolidated_or_independent|runs_schools,1.624,0.728,8253213,2677643,112.987,105.706,weak
194805,New York,NY,8,194647,Denver And County,CO,5.553,runs_schools,3.488,0.565,8253213,735538,112.987,107.334,weak
161174,Los Angeles,CA,1,207598,San Diego,CA,1.613,,1.481,0.132,3970219,1422420,113.308,114.63,loose
161174,Los Angeles,CA,2,207536,Phoenix,AZ,2.159,,1.217,0.942,3970219,1708127,113.308,103.884,loose
161174,Los Angeles,CA,3,100745,San Jose,CA,2.167,,1.97,0.197,3970219,1013616,113.308,115.281,loose
161174,Los Angeles,CA,4,176169,Houston,TX,2.231,,0.778,1.454,3970219,2316120,113.308,98.772,loose
161174,Los Angeles,CA,5,162236,Chicago,IL,2.328,county_like_functions,0.568,0.76,3970219,2677643,113.308,105.706,loose
161174,Los Angeles,CA,6,187649,Dallas,TX,2.553,,1.563,0.99,3970219,1343266,113.308,103.412,loose
161174,Los Angeles,CA,7,211254,Portland,OR,3.043,,2.596,0.448,3970219,656751,113.308,108.833,loose
161174,Los Angeles,CA,8,176375,Fort Worth,TX,3.087,,2.097,0.99,3970219,927720,113.308,103.412,loose
162236,Chicago,IL,1,207536,Phoenix,AZ,1.831,county_like_functions,0.649,0.182,2677643,1708127,105.706,103.884,loose
162236,Chicago,IL,2,175988,San Antonio,TX,1.843,,0.773,1.07,2677643,1567118,105.706,95.006,loose
162236,Chicago,IL,3,176169,Houston,TX,1.903,county_like_functions,0.209,0.693,2677643,2316120,105.706,98.772,loose
162236,Chicago,IL,4,187649,Dallas,TX,2.225,county_like_functions,0.995,0.229,2677643,1343266,105.706,103.412,loose
162236,Chicago,IL,5,161174,Los Angeles,CA,2.328,county_like_functions,0.568,0.76,2677643,3970219,105.706,113.308,loose
162236,Chicago,IL,6,184255,Seattle,WA,2.63,,1.799,0.831,2677643,769714,105.706,114.02,loose
162236,Chicago,IL,7,176375,Fort Worth,TX,2.759,county_like_functions,1.529,0.229,2677643,927720,105.706,103.412,loose
162236,Chicago,IL,8,133602,Philadelphia,PA,2.759,consolidated_or_independent,0.762,0.497,2677643,1578487,105.706,100.74,loose
176169,Houston,TX,1,207536,Phoenix,AZ,0.95,,0.439,0.511,2316120,1708127,98.772,103.884,loose
176169,Houston,TX,2,176394,Austin,TX,1.222,,1.218,0.004,2316120,995484,98.772,98.81,loose
176169,Houston,TX,3,187649,Dallas,TX,1.25,,0.786,0.464,2316120,1343266,98.772,103.412,loose
176169,Houston,TX,4,194726,Charlotte,NC,1.562,,1.363,0.198,2316120,900350,98.772,96.787,loose
176169,Houston,TX,5,176375,Fort Worth,TX,1.784,,1.32,0.464,2316120,927720,98.772,103.412,loose
176169,Houston,TX,6,209050,Columbus,OH,1.825,,1.358,0.468,2316120,903852,98.772,94.093,loose
176169,Houston,TX,7,162236,Chicago,IL,1.903,county_like_functions,0.209,0.693,2316120,2677643,98.772,105.706,loose
176169,Houston,TX,8,175988,San Antonio,TX,1.94,county_like_functions,0.564,0.377,2316120,1567118,98.772,95.006,loose
207536,Phoenix,AZ,1,187649,Dallas,TX,0.394,,0.347,0.047,1708127,1343266,103.884,103.412,close
207536,Phoenix,AZ,2,176375,Fort Worth,TX,0.928,,0.881,0.047,1708127,927720,103.884,103.412,close
207536,Phoenix,AZ,3,176169,Houston,TX,0.95,,0.439,0.511,1708127,2316120,103.884,98.772,close
207536,Phoenix,AZ,4,176394,Austin,TX,1.286,,0.779,0.507,1708127,995484,103.884,98.81,close
207536,Phoenix,AZ,5,207598,San Diego,CA,1.339,,0.264,1.075,1708127,1422420,103.884,114.63,close
207536,Phoenix,AZ,6,194726,Charlotte,NC,1.634,,0.924,0.71,1708127,900350,103.884,96.787,close
207536,Phoenix,AZ,7,100250,Mesa,AZ,1.693,,1.693,0.0,1708127,528159,103.884,103.884,close
207536,Phoenix,AZ,8,189636,Fresno,CA,1.789,,1.688,0.101,1708127,530267,103.884,104.894,close
133602,Philadelphia,PA,1,207957,Indianapolis,IN,1.54,,0.846,0.693,1578487,877903,100.74,93.805,loose
133602,Philadelphia,PA,2,194647,Denver And County,CO,1.761,,1.102,0.659,1578487,735538,100.74,107.334,loose
133602,Philadelphia,PA,3,101942,Jacksonville,FL,2.003,county_like_functions,0.778,0.225,1578487,920570,100.74,98.492,loose
133602,Philadelphia,PA,4,175988,San Antonio,TX,2.084,consolidated_or_independent,0.01,0.573,1578487,1567118,100.74,95.006,loose
133602,Philadelphia,PA,5,161258,San Francisco And County,CA,2.591,,0.865,1.726,1578487,866606,100.74,118.003,loose
133602,Philadelphia,PA,6,166094,New Orleans,LA,2.719,,2.019,0.7,1578487,389476,100.74,93.738,loose
133602,Philadelphia,PA,7,162236,Chicago,IL,2.759,consolidated_or_independent,0.762,0.497,1578487,2677643,100.74,105.706,loose
133602,Philadelphia,PA,8,169159,St Louis,MO,2.826,,2.407,0.419,1578487,297645,100.74,96.553,loose
175988,San Antonio,TX,1,170378,Albuquerque,NM,1.641,,1.478,0.163,1567118,562540,95.006,93.375,loose
175988,San Antonio,TX,2,162236,Chicago,IL,1.843,,0.773,1.07,1567118,2677643,95.006,105.706,loose
175988,San Antonio,TX,3,209050,Columbus,OH,1.885,county_like_functions,0.794,0.091,1567118,903852,95.006,94.093,loose
175988,San Antonio,TX,4,176169,Houston,TX,1.94,county_like_functions,0.564,0.377,1567118,2316120,95.006,98.772,loose
175988,San Antonio,TX,5,194726,Charlotte,NC,1.978,county_like_functions,0.8,0.178,1567118,900350,95.006,96.787,loose
175988,San Antonio,TX,6,207536,Phoenix,AZ,2.012,county_like_functions,0.124,0.888,1567118,1708127,95.006,103.884,loose
175988,San Antonio,TX,7,176394,Austin,TX,2.035,county_like_functions,0.655,0.38,1567118,995484,95.006,98.81,loose
175988,San Antonio,TX,8,187649,Dallas,TX,2.063,county_like_functions,0.222,0.841,1567118,1343266,95.006,103.412,loose
207598,San Diego,CA,1,100745,San Jose,CA,0.554,,0.489,0.065,1422420,1013616,114.63,115.281,loose
207598,San Diego,CA,2,187649,Dallas,TX,1.204,,0.083,1.122,1422420,1343266,114.63,103.412,loose
207598,San Diego,CA,3,207536,Phoenix,AZ,1.339,,0.264,1.075,1422420,1708127,114.63,103.884,loose
207598,San Diego,CA,4,161174,Los Angeles,CA,1.613,,1.481,0.132,1422420,3970219,114.63,113.308,loose
207598,San Diego,CA,5,211254,Portland,OR,1.695,,1.115,0.58,1422420,656751,114.63,108.833,loose
207598,San Diego,CA,6,176375,Fort Worth,TX,1.738,,0.617,1.122,1422420,927720,114.63,103.412,loose
207598,San Diego,CA,7,161173,Long Beach,CA,1.778,,1.645,0.132,1422420,454681,114.63,113.308,loose
207598,San Diego,CA,8,194757,Miami,FL,1.864,,1.593,0.271,1422420,471525,114.63,111.923,loose
187649,Dallas,TX,1,207536,Phoenix,AZ,0.394,,0.347,0.047,1343266,1708127,103.412,103.884,close
187649,Dallas,TX,2,176375,Fort Worth,TX,0.534,,0.534,0.0,1343266,927720,103.412,103.412,close
187649,Dallas,TX,3,176394,Austin,TX,0.892,,0.432,0.46,1343266,995484,103.412,98.81,close
187649,Dallas,TX,4,207598,San Diego,CA,1.204,,0.083,1.122,1343266,1422420,103.412,114.63,close
187649,Dallas,TX,5,194726,Charlotte,NC,1.24,,0.577,0.662,1343266,900350,103.412,96.787,close
187649,Dallas,TX,6,176169,Houston,TX,1.25,,0.786,0.464,1343266,2316120,103.412,98.772,close
187649,Dallas,TX,7,100250,Mesa,AZ,1.394,,1.347,0.047,1343266,528159,103.412,103.884,close
187649,Dallas,TX,8,189636,Fresno,CA,1.489,,1.341,0.148,1343266,530267,103.412,104.894,close
100745,San Jose,CA,1,207598,San Diego,CA,0.554,,0.489,0.065,1013616,1422420,115.281,114.63,close
100745,San Jose,CA,2,211254,Portland,OR,1.271,,0.626,0.645,1013616,656751,115.281,108.833,close
100745,San Jose,CA,3,176375,Fort Worth,TX,1.315,,0.128,1.187,1013616,927720,115.281,103.412,close
100745,San Jose,CA,4,161173,Long Beach,CA,1.354,,1.157,0.197,1013616,454681,115.281,113.308,close
100745,San Jose,CA,5,194757,Miami,FL,1.44,,1.104,0.336,1013616,471525,115.281,111.923,close
100745,San Jose,CA,6,161241,Sacramento,CA,1.521,,0.983,0.538,1013616,512838,115.281,109.904,close
100745,San Jose,CA,7,184255,Seattle,WA,1.523,county_like_functions,0.397,0.126,1013616,769714,115.281,114.02,close
100745,San Jose,CA,8,123093,Oakland,CA,1.527,,1.254,0.272,1013616,424891,115.281,118.003,close
176394,Austin,TX,1,194726,Charlotte,NC,0.347,,0.145,0.202,995484,900350,98.81,96.787,close
176394,Austin,TX,2,176375,Fort Worth,TX,0.562,,0.102,0.46,995484,927720,98.81,103.412,close
176394,Austin,TX,3,209050,Columbus,OH,0.611,,0.139,0.472,995484,903852,98.81,94.093,close
176394,Austin,TX,4,166817,Detroit,MI,0.836,,0.581,0.254,995484,665369,98.81,96.266,close
176394,Austin,TX,5,187649,Dallas,TX,0.892,,0.432,0.46,995484,1343266,98.81,103.412,close
176394,Austin,TX,6,194678,Atlanta,GA,0.978,,0.958,0.02,995484,512550,98.81,98.609,close
176394,Austin,TX,7,171305,Raleigh,NC,1.118,,1.069,0.049,995484,474414,98.81,98.324,close
176394,Austin,TX,8,136562,Milwaukee,WI,1.126,,0.757,0.369,995484,589067,98.81,95.122,close
183701,Honolulu And County,HI,1,101942,Jacksonville,FL,1.526,,0.066,1.46,963826,920570,113.093,98.492,loose
183701,Honolulu And County,HI,2,161258,San Francisco And County,CA,1.644,county_like_functions,0.153,0.491,963826,866606,113.093,118.003,loose
183701,Honolulu And County,HI,3,100745,San Jose,CA,1.791,consolidated_or_independent,0.073,0.219,963826,1013616,113.093,115.281,loose
183701,Honolulu And County,HI,4,194647,Denver And County,CO,1.966,county_like_functions,0.39,0.576,963826,735538,113.093,107.334,loose
183701,Honolulu And County,HI,5,207598,San Diego,CA,2.215,consolidated_or_independent,0.562,0.154,963826,1422420,113.093,114.63,loose
183701,Honolulu And County,HI,6,165866,Louisville-Jefferson County Metro Government,KY,2.433,,0.329,2.104,963826,767452,113.093,92.053,loose
183701,Honolulu And County,HI,7,211254,Portland,OR,2.479,consolidated_or_independent,0.553,0.426,963826,656751,113.093,108.833,loose
183701,Honolulu And County,HI,8,176375,Fort Worth,TX,2.523,consolidated_or_independent,0.055,0.968,963826,927720,113.093,103.412,loose
176375,Fort Worth,TX,1,187649,Dallas,TX,0.534,,0.534,0.0,927720,1343266,103.412,103.412,close
176375,Fort Worth,TX,2,176394,Austin,TX,0.562,,0.102,0.46,927720,995484,103.412,98.81,close
176375,Fort Worth,TX,3,194726,Charlotte,NC,0.706,,0.043,0.662,927720,900350,103.412,96.787,close
176375,Fort Worth,TX,4,100250,Mesa,AZ,0.86,,0.813,0.047,927720,528159,103.412,103.884,close
176375,Fort Worth,TX,5,207536,Phoenix,AZ,0.928,,0.881,0.047,927720,1708127,103.412,103.884,close
176375,Fort Worth,TX,6,189636,Fresno,CA,0.955,,0.807,0.148,927720,530267,103.412,104.894,close
176375,Fort Worth,TX,7,209050,Columbus,OH,0.97,,0.038,0.932,927720,903852,103.412,94.093,close
176375,Fort Worth,TX,8,211254,Portland,OR,1.04,,0.498,0.542,927720,656751,103.412,108.833,close
101942,Jacksonville,FL,1,165866,Louisville-Jefferson County Metro Government,KY,0.906,,0.262,0.644,920570,767452,98.492,92.053,loose
101942,Jacksonville,FL,2,183701,Honolulu And County,HI,1.526,,0.066,1.46,920570,963826,98.492,113.093,loose
101942,Jacksonville,FL,3,207957,Indianapolis,IN,1.537,county_like_functions,0.068,0.469,920570,877903,98.492,93.805,loose
101942,Jacksonville,FL,4,176394,Austin,TX,1.645,consolidated_or_independent,0.113,0.032,920570,995484,98.492,98.81,loose
101942,Jacksonville,FL,5,194726,Charlotte,NC,1.703,consolidated_or_independent,0.032,0.17,920570,900350,98.492,96.787,loose
101942,Jacksonville,FL,6,209050,Columbus,OH,1.966,consolidated_or_independent,0.026,0.44,920570,903852,98.492,94.093,loose
101942,Jacksonville,FL,7,133602,Philadelphia,PA,2.003,county_like_functions,0.778,0.225,920570,1578487,98.492,100.74,loose
101942,Jacksonville,FL,8,176375,Fort Worth,TX,2.003,consolidated_or_independent,0.011,0.492,920570,927720,98.492,103.412,loose
209050,Columbus,OH,1,194726,Charlotte,NC,0.275,,0.006,0.269,903852,900350,94.093,96.787,close
209050,Columbus,OH,2,176394,Austin,TX,0.611,,0.139,0.472,903852,995484,94.093,98.81,close
209050,Columbus,OH,3,166817,Detroit,MI,0.659,,0.442,0.217,903852,665369,94.093,96.266,close
209050,Columbus,OH,4,175826,Memphis,TN,0.704,,0.476,0.228,903852,649705,94.093,91.812,close
209050,Columbus,OH,5,136562,Milwaukee,WI,0.721,,0.618,0.103,903852,589067,94.093,95.122,close
209050,Columbus,OH,6,176118,El Paso,TX,0.721,,0.407,0.314,903852,681534,94.093,90.955,close
209050,Columbus,OH,7,209170,Oklahoma,OK,0.723,,0.449,0.274,903852,662314,94.093,91.351,close
209050,Columbus,OH,8,160840,Tucson,AZ,0.769,,0.736,0.033,903852,542629,94.093,93.76,close
194726,Charlotte,NC,1,209050,Columbus,OH,0.275,,0.006,0.269,900350,903852,96.787,94.093,close
194726,Charlotte,NC,2,176394,Austin,TX,0.347,,0.145,0.202,900350,995484,96.787,98.81,close
194726,Charlotte,NC,3,166817,Detroit,MI,0.488,,0.436,0.052,900350,665369,96.787,96.266,close
194726,Charlotte,NC,4,176375,Fort Worth,TX,0.706,,0.043,0.662,900350,927720,96.787,103.412,close
194726,Charlotte,NC,5,136562,Milwaukee,WI,0.779,,0.612,0.167,900350,589067,96.787,95.122,close
194726,Charlotte,NC,6,161362,Colorado Springs,CO,0.906,,0.901,0.005,900350,482131,96.787,96.838,close
194726,Charlotte,NC,7,175826,Memphis,TN,0.968,,0.471,0.498,900350,649705,96.787,91.812,close
194726,Charlotte,NC,8,176118,El Paso,TX,0.985,,0.402,0.583,900350,681534,96.787,90.955,close
207957,Indianapolis,IN,1,166094,New Orleans,LA,1.179,,1.173,0.007,877903,389476,93.805,93.738,loose
207957,Indianapolis,IN,2,165866,Louisville-Jefferson County Metro Government,KY,1.369,county_like_functions,0.194,0.175,877903,767452,93.805,92.053,loose
207957,Indianapolis,IN,3,101942,Jacksonville,FL,1.537,county_like_functions,0.068,0.469,877903,920570,93.805,98.492,loose
207957,Indianapolis,IN,4,133602,Philadelphia,PA,1.54,,0.846,0.693,877903,1578487,93.805,100.74,loose
207957,Indianapolis,IN,5,194647,Denver And County,CO,1.608,,0.255,1.353,877903,735538,93.805,107.334,loose
207957,Indianapolis,IN,6,165831,Lexington-Fayette Urban County Government,KY,1.69,,1.435,0.255,877903,324735,93.805,91.256,loose
207957,Indianapolis,IN,7,169159,St Louis,MO,1.835,,1.56,0.275,877903,297645,93.805,96.553,loose
207957,Indianapolis,IN,8,175728,Nashville-Davidson County Metropolitan Government,TN,2.112,runs_schools,0.339,0.274,877903,694176,93.805,96.542,loose
161258,San Francisco And County,CA,1,194647,Denver And County,CO,1.303,,0.237,1.067,866606,735538,118.003,107.334,loose
161258,San Francisco And County,CA,2,183701,Honolulu And County,HI,1.644,county_like_functions,0.153,0.491,866606,963826,118.003,113.093,loose
161258,San Francisco And County,CA,3,184255,Seattle,WA,2.069,consolidated_or_independent,0.171,0.398,866606,769714,118.003,114.02,loose
161258,San Francisco And County,CA,4,207957,Indianapolis,IN,2.438,,0.019,2.42,866606,877903,118.003,93.805,loose
161258,San Francisco And County,CA,5,124214,Washington Dc,DC,2.461,runs_schools,0.282,0.68,866606,712816,118.003,111.207,loose
161258,San Francisco And County,CA,6,133602,Philadelphia,PA,2.591,,0.865,1.726,866606,1578487,118.003,100.74,loose
161258,San Francisco And County,CA,7,100745,San Jose,CA,2.998,consolidated_or_independent|county_like_functions,0.226,0.272,866606,1013616,118.003,115.281,loose
161258,San Francisco And County,CA,8,101942,Jacksonville,FL,3.038,county_like_functions,0.087,1.951,866606,920570,118.003,98.492,loose
184255,Seattle,WA,1,100745,San Jose,CA,1.523,county_like_functions,0.397,0.126,769714,1013616,114.02,115.281,weak
184255,Seattle,WA,2,211254,Portland,OR,1.748,county_like_functions,0.229,0.519,769714,656751,114.02,108.833,weak
184255,Seattle,WA,3,161173,Long Beach,CA,1.831,county_like_functions,0.759,0.071,769714,454681,114.02,113.308,weak
184255,Seattle,WA,4,128108,Boston,MA,1.838,runs_schools,0.155,0.183,769714,691531,114.02,112.187,weak
184255,Seattle,WA,5,194757,Miami,FL,1.917,county_like_functions,0.707,0.21,769714,471525,114.02,111.923,weak
184255,Seattle,WA,6,207598,San Diego,CA,1.947,county_like_functions,0.886,0.061,769714,1422420,114.02,114.63,weak
184255,Seattle,WA,7,161241,Sacramento,CA,1.997,county_like_functions,0.586,0.412,769714,512838,114.02,109.904,weak
184255,Seattle,WA,8,161258,San Francisco And County,CA,2.069,consolidated_or_independent,0.171,0.398,769714,866606,114.02,118.003,weak
165866,Louisville-Jefferson County Metro Government,KY,1,101942,Jacksonville,FL,0.906,,0.262,0.644,767452,920570,92.053,98.492,loose
165866,Louisville-Jefferson County Metro Government,KY,2,207957,Indianapolis,IN,1.369,county_like_functions,0.194,0.175,767452,877903,92.053,93.805,loose
165866,Louisville-Jefferson County Metro Government,KY,3,175826,Memphis,TN,1.764,consolidated_or_independent,0.24,0.024,767452,649705,92.053,91.812,loose
165866,Louisville-Jefferson County Metro Government,KY,4,176118,El Paso,TX,1.781,consolidated_or_independent,0.171,0.11,767452,681534,92.053,90.955,loose
165866,Louisville-Jefferson County Metro Government,KY,5,209170,Oklahoma,OK,1.783,consolidated_or_independent,0.213,0.07,767452,662314,92.053,91.351,loose
165866,Louisville-Jefferson County Metro Government,KY,6,209050,Columbus,OH,1.94,consolidated_or_independent,0.236,0.204,767452,903852,92.053,94.093,loose
165866,Louisville-Jefferson County Metro Government,KY,7,166817,Detroit,MI,2.127,consolidated_or_independent,0.206,0.421,767452,665369,92.053,96.266,loose
165866,Louisville-Jefferson County Metro Government,KY,8,186236,Kansas,MO,2.134,consolidated_or_independent,0.626,0.008,767452,497159,92.053,91.975,loose
194647,Denver And County,CO,1,161258,San Francisco And County,CA,1.303,,0.237,1.067,735538,866606,107.334,118.003,loose
194647,Denver And County,CO,2,207957,Indianapolis,IN,1.608,,0.255,1.353,735538,877903,107.334,93.805,loose
194647,Denver And County,CO,3,133602,Philadelphia,PA,1.761,,1.102,0.659,735538,1578487,107.334,100.74,loose
194647,Denver And County,CO,4,124214,Washington Dc,DC,1.933,runs_schools,0.045,0.387,735538,712816,107.334,111.207,loose
194647,Denver And County,CO,5,183701,Honolulu And County,HI,1.966,county_like_functions,0.39,0.576,735538,963826,107.334,113.093,loose
194647,Denver And County,CO,6,101942,Jacksonville,FL,2.208,county_like_functions,0.324,0.884,735538,920570,107.334,98.492,loose
194647,Denver And County,CO,7,184255,Seattle,WA,2.234,consolidated_or_independent,0.066,0.669,735538,769714,107.334,114.02,loose
194647,Denver And County,CO,8,166094,New Orleans,LA,2.277,,0.917,1.36,735538,389476,107.334,93.738,loose
124214,Washington Dc,DC,1,175728,Nashville-Davidson County Metropolitan Government,TN,1.505,,0.038,1.466,712816,694176,111.207,96.542,loose
124214,Washington Dc,DC,2,128108,Boston,MA,1.642,consolidated_or_independent,0.044,0.098,712816,691531,111.207,112.187,loose
124214,Washington Dc,DC,3,194647,Denver And County,CO,1.933,runs_schools,0.045,0.387,712816,735538,111.207,107.334,loose
124214,Washington Dc,DC,4,202751,Virginia Beach,VA,1.99,,0.66,1.33,712816,451231,111.207,97.905,loose
124214,Washington Dc,DC,5,208246,Baltimore,MD,2.161,county_like_functions,0.282,0.879,712816,586131,111.207,102.419,loose
124214,Washington Dc,DC,6,209712,Alexandria,VA,2.167,,2.167,0.0,712816,158726,111.207,111.207,loose
124214,Washington Dc,DC,7,161258,San Francisco And County,CA,2.461,runs_schools,0.282,0.68,712816,866606,111.207,118.003,loose
124214,Washington Dc,DC,8,114563,Chesapeake,VA,2.859,,1.529,1.33,712816,247011,111.207,97.905,loose
175728,Nashville-Davidson County Metropolitan Government,TN,1,202751,Virginia Beach,VA,0.758,,0.621,0.136,694176,451231,96.542,97.905,loose
175728,Nashville-Davidson County Metropolitan Government,TN,2,124214,Washington Dc,DC,1.505,,0.038,1.466,694176,712816,96.542,111.207,loose
175728,Nashville-Davidson County Metropolitan Government,TN,3,114563,Chesapeake,VA,1.627,,1.491,0.136,694176,247011,96.542,97.905,loose
175728,Nashville-Davidson County Metropolitan Government,TN,4,136057,Norfolk,VA,1.652,,1.516,0.136,694176,242803,96.542,97.905,loose
175728,Nashville-Davidson County Metropolitan Government,TN,5,194178,Richmond,VA,1.688,,1.58,0.108,694176,232226,96.542,97.626,loose
175728,Nashville-Davidson County Metropolitan Government,TN,6,208246,Baltimore,MD,1.832,county_like_functions,0.244,0.588,694176,586131,96.542,102.419,loose
175728,Nashville-Davidson County Metropolitan Government,TN,7,176784,Newport News,VA,2.091,,1.955,0.136,694176,179062,96.542,97.905,loose
175728,Nashville-Davidson County Metropolitan Government,TN,8,207957,Indianapolis,IN,2.112,runs_schools,0.339,0.274,694176,877903,96.542,93.805,loose
128108,Boston,MA,1,124214,Washington Dc,DC,1.642,consolidated_or_independent,0.044,0.098,691531,712816,112.187,111.207,loose
128108,Boston,MA,2,184255,Seattle,WA,1.838,runs_schools,0.155,0.183,691531,769714,112.187,114.02,loose
128108,Boston,MA,3,166448,Cambridge,MA,2.537,,2.537,0.0,691531,119192,112.187,112.187,loose
128108,Boston,MA,4,109593,Yonkers,NY,2.87,county_like_functions,1.79,0.08,691531,200040,112.187,112.987,loose
128108,Boston,MA,5,211254,Portland,OR,2.91,runs_schools|county_like_functions,0.074,0.335,691531,656751,112.187,108.833,loose
128108,Boston,MA,6,175728,Nashville-Davidson County Metropolitan Government,TN,3.07,consolidated_or_independent,0.006,1.564,691531,694176,112.187,96.542,loose
128108,Boston,MA,7,194757,Miami,FL,3.079,runs_schools|county_like_functions,0.552,0.026,691531,471525,112.187,111.923,loose
128108,Boston,MA,8,161241,Sacramento,CA,3.16,runs_schools|county_like_functions,0.431,0.228,691531,512838,112.187,109.904,loose
176118,El Paso,TX,1,209170,Oklahoma,OK,0.081,,0.041,0.04,681534,662314,90.955,91.351,close
176118,El Paso,TX,2,175826,Memphis,TN,0.155,,0.069,0.086,681534,649705,90.955,91.812,close
176118,El Paso,TX,3,186236,Kansas,MO,0.557,,0.455,0.102,681534,497159,90.955,91.975,close
176118,El Paso,TX,4,166817,Detroit,MI,0.566,,0.035,0.531,681534,665369,90.955,96.266,close
176118,El Paso,TX,5,160840,Tucson,AZ,0.609,,0.329,0.281,681534,542629,90.955,93.76,close
176118,El Paso,TX,6,208698,Omaha,NE,0.616,,0.511,0.105,681534,478393,90.955,92.009,close
176118,El Paso,TX,7,136562,Milwaukee,WI,0.627,,0.21,0.417,681534,589067,90.955,95.122,close
176118,El Paso,TX,8,209050,Columbus,OH,0.721,,0.407,0.314,681534,903852,90.955,94.093,close
166817,Detroit,MI,1,136562,Milwaukee,WI,0.29,,0.176,0.114,665369,589067,96.266,95.122,close
166817,Detroit,MI,2,175826,Memphis,TN,0.48,,0.034,0.445,665369,649705,96.266,91.812,close
166817,Detroit,MI,3,194726,Charlotte,NC,0.488,,0.436,0.052,665369,900350,96.266,96.787,close
166817,Detroit,MI,4,209170,Oklahoma,OK,0.498,,0.007,0.492,665369,662314,96.266,91.351,close
166817,Detroit,MI,5,161362,Colorado Springs,CO,0.522,,0.465,0.057,665369,482131,96.266,96.838,close
166817,Detroit,MI,6,160840,Tucson,AZ,0.545,,0.294,0.251,665369,542629,96.266,93.76,close
166817,Detroit,MI,7,176118,El Paso,TX,0.566,,0.035,0.531,665369,681534,96.266,90.955,close
166817,Detroit,MI,8,194678,Atlanta,GA,0.611,,0.376,0.234,665369,512550,96.266,98.609,close
169988,Las Vegas,NV,1,170378,Albuquerque,NM,2.046,police_contracted,0.236,0.311,662368,562540,96.482,93.375,weak
169988,Las Vegas,NV,2,169987,Henderson,NV,2.509,police_contracted,1.009,0.0,662368,329172,96.482,96.482,weak
169988,Las Vegas,NV,3,166817,Detroit,MI,2.528,police_contracted|county_like_functions,0.007,0.022,662368,665369,96.482,96.266,weak
169988,Las Vegas,NV,4,136562,Milwaukee,WI,2.805,police_contracted|county_like_functions,0.169,0.136,662368,589067,96.482,95.122,weak
169988,Las Vegas,NV,5,208734,North Las Vegas,NV,2.849,police_contracted,1.349,0.0,662368,260098,96.482,96.482,weak
169988,Las Vegas,NV,6,175988,San Antonio,TX,2.89,police_contracted,1.242,0.148,662368,1567118,96.482,95.006,weak
169988,Las Vegas,NV,7,209777,Madison,WI,2.927,police_contracted,1.332,0.095,662368,263094,96.482,95.534,weak
169988,Las Vegas,NV,8,194726,Charlotte,NC,2.973,police_contracted|county_like_functions,0.443,0.031,662368,900350,96.482,96.787,weak
209170,Oklahoma,OK,1,175826,Memphis,TN,0.074,,0.028,0.046,662314,649705,91.351,91.812,close
209170,Oklahoma,OK,2,176118,El Paso,TX,0.081,,0.041,0.04,662314,681534,91.351,90.955,close
209170,Oklahoma,OK,3,186236,Kansas,MO,0.476,,0.414,0.062,662314,497159,91.351,91.975,close
209170,Oklahoma,OK,4,166817,Detroit,MI,0.498,,0.007,0.492,662314,665369,91.351,96.266,close
209170,Oklahoma,OK,5,160840,Tucson,AZ,0.528,,0.288,0.241,662314,542629,91.351,93.76,close
209170,Oklahoma,OK,6,208698,Omaha,NE,0.535,,0.469,0.066,662314,478393,91.351,92.009,close
209170,Oklahoma,OK,7,136562,Milwaukee,WI,0.546,,0.169,0.377,662314,589067,91.351,95.122,close
209170,Oklahoma,OK,8,209050,Columbus,OH,0.723,,0.449,0.274,662314,903852,91.351,94.093,close
211254,Portland,OR,1,161241,Sacramento,CA,0.464,,0.357,0.107,656751,512838,108.833,109.904,close
211254,Portland,OR,2,189636,Fresno,CA,0.703,,0.309,0.394,656751,530267,108.833,104.894,close
211254,Portland,OR,3,194757,Miami,FL,0.787,,0.478,0.309,656751,471525,108.833,111.923,close
211254,Portland,OR,4,100250,Mesa,AZ,0.809,,0.314,0.495,656751,528159,108.833,103.884,close
211254,Portland,OR,5,194644,Aurora,CO,0.912,,0.762,0.15,656751,387377,108.833,107.334,close
211254,Portland,OR,6,161173,Long Beach,CA,0.978,,0.53,0.448,656751,454681,108.833,113.308,close
211254,Portland,OR,7,176375,Fort Worth,TX,1.04,,0.498,0.542,656751,927720,108.833,103.412,close
211254,Portland,OR,8,211214,Stockton,CA,1.101,,1.07,0.031,656751,312716,108.833,108.525,close
175826,Memphis,TN,1,209170,Oklahoma,OK,0.074,,0.028,0.046,649705,662314,91.812,91.351,close
175826,Memphis,TN,2,176118,El Paso,TX,0.155,,0.069,0.086,649705,681534,91.812,90.955,close
175826,Memphis,TN,3,186236,Kansas,MO,0.402,,0.386,0.016,649705,497159,91.812,91.975,close
175826,Memphis,TN,4,160840,Tucson,AZ,0.455,,0.26,0.195,649705,542629,91.812,93.76,close
175826,Memphis,TN,5,208698,Omaha,NE,0.461,,0.442,0.02,649705,478393,91.812,92.009,close
175826,Memphis,TN,6,136562,Milwaukee,WI,0.472,,0.141,0.331,649705,589067,91.812,95.122,close
175826,Memphis,TN,7,166817,Detroit,MI,0.48,,0.034,0.445,649705,665369,91.812,96.266,close
175826,Memphis,TN,8,209050,Columbus,OH,0.704,,0.476,0.228,649705,903852,91.812,94.093,close
136562,Milwaukee,WI,1,160840,Tucson,AZ,0.255,,0.118,0.136,589067,542629,95.122,93.76,close
136562,Milwaukee,WI,2,166817,Detroit,MI,0.29,,0.176,0.114,589067,665369,95.122,96.266,close
136562,Milwaukee,WI,3,161362,Colorado Springs,CO,0.461,,0.289,0.172,589067,482131,95.122,96.838,close
136562,Milwaukee,WI,4,175826,Memphis,TN,0.472,,0.141,0.331,589067,649705,95.122,91.812,close
136562,Milwaukee,WI,5,209170,Oklahoma,OK,0.546,,0.169,0.377,589067,662314,95.122,91.351,close
136562,Milwaukee,WI,6,194678,Atlanta,GA,0.549,,0.201,0.349,589067,512550,95.122,98.609,close
136562,Milwaukee,WI,7,186236,Kansas,MO,0.559,,0.245,0.315,589067,497159,95.122,91.975,close
136562,Milwaukee,WI,8,208698,Omaha,NE,0.612,,0.3,0.311,589067,478393,95.122,92.009,close
208246,Baltimore,MD,1,194463,Anchorage Municipality,AK,1.104,,1.03,0.074,586131,287095,102.419,103.162,loose
208246,Baltimore,MD,2,202751,Virginia Beach,VA,1.829,county_like_functions,0.377,0.451,586131,451231,102.419,97.905,loose
208246,Baltimore,MD,3,175728,Nashville-Davidson County Metropolitan Government,TN,1.832,county_like_functions,0.244,0.588,586131,694176,102.419,96.542,loose
208246,Baltimore,MD,4,124214,Washington Dc,DC,2.161,county_like_functions,0.282,0.879,586131,712816,102.419,111.207,loose
208246,Baltimore,MD,5,101942,Jacksonville,FL,2.544,runs_schools,0.651,0.393,586131,920570,102.419,98.492,loose
208246,Baltimore,MD,6,114563,Chesapeake,VA,2.698,county_like_functions,1.247,0.451,586131,247011,102.419,97.905,loose
208246,Baltimore,MD,7,136057,Norfolk,VA,2.723,county_like_functions,1.271,0.451,586131,242803,102.419,97.905,loose
208246,Baltimore,MD,8,194178,Richmond,VA,2.815,county_like_functions,1.336,0.479,586131,232226,102.419,97.626,loose
170378,Albuquerque,NM,1,169987,Henderson,NV,1.084,,0.773,0.311,562540,329172,93.375,96.482,close
170378,Albuquerque,NM,2,160840,Tucson,AZ,1.09,county_like_functions,0.052,0.039,562540,542629,93.375,93.76,close
170378,Albuquerque,NM,3,169646,Lincoln,NE,1.093,,0.953,0.14,562540,290505,93.375,91.977,close
170378,Albuquerque,NM,4,136562,Milwaukee,WI,1.241,county_like_functions,0.066,0.175,562540,589067,93.375,95.122,close
170378,Albuquerque,NM,5,209777,Madison,WI,1.312,,1.096,0.216,562540,263094,93.375,95.534,close
170378,Albuquerque,NM,6,186236,Kansas,MO,1.318,county_like_functions,0.178,0.14,562540,497159,93.375,91.975,close
170378,Albuquerque,NM,7,175826,Memphis,TN,1.364,county_like_functions,0.208,0.156,562540,649705,93.375,91.812,close
170378,Albuquerque,NM,8,208698,Omaha,NE,1.37,county_like_functions,0.234,0.137,562540,478393,93.375,92.009,close
160840,Tucson,AZ,1,136562,Milwaukee,WI,0.255,,0.118,0.136,542629,589067,93.76,95.122,close
160840,Tucson,AZ,2,186236,Kansas,MO,0.305,,0.126,0.179,542629,497159,93.76,91.975,close
160840,Tucson,AZ,3,208698,Omaha,NE,0.357,,0.182,0.175,542629,478393,93.76,92.009,close
160840,Tucson,AZ,4,175826,Memphis,TN,0.455,,0.26,0.195,542629,649705,93.76,91.812,close
160840,Tucson,AZ,5,161362,Colorado Springs,CO,0.478,,0.171,0.308,542629,482131,93.76,96.838,close
160840,Tucson,AZ,6,209170,Oklahoma,OK,0.528,,0.288,0.241,542629,662314,93.76,91.351,close
160840,Tucson,AZ,7,166817,Detroit,MI,0.545,,0.294,0.251,542629,665369,93.76,96.266,close
160840,Tucson,AZ,8,194678,Atlanta,GA,0.567,,0.082,0.485,542629,512550,93.76,98.609,close
189636,Fresno,CA,1,100250,Mesa,AZ,0.107,,0.006,0.101,530267,528159,104.894,103.884,close
189636,Fresno,CA,2,183825,Bakersfield,CA,0.503,,0.459,0.043,530267,385725,104.894,104.46,close
189636,Fresno,CA,3,193551,Minneapolis,MN,0.517,,0.292,0.225,530267,433111,104.894,102.641,close
189636,Fresno,CA,4,161241,Sacramento,CA,0.549,,0.048,0.501,530267,512838,104.894,109.904,close
189636,Fresno,CA,5,194811,Arlington,TX,0.559,,0.411,0.148,530267,398864,104.894,103.412,close
189636,Fresno,CA,6,194678,Atlanta,GA,0.678,,0.049,0.629,530267,512550,104.894,98.609,close
189636,Fresno,CA,7,194644,Aurora,CO,0.697,,0.453,0.244,530267,387377,104.894,107.334,close
189636,Fresno,CA,8,211254,Portland,OR,0.703,,0.309,0.394,530267,656751,104.894,108.833,close
100250,Mesa,AZ,1,189636,Fresno,CA,0.107,,0.006,0.101,528159,530267,103.884,104.894,close
100250,Mesa,AZ,2,193551,Minneapolis,MN,0.411,,0.286,0.124,528159,433111,103.884,102.641,close
100250,Mesa,AZ,3,194811,Arlington,TX,0.452,,0.405,0.047,528159,398864,103.884,103.412,close
100250,Mesa,AZ,4,183825,Bakersfield,CA,0.511,,0.453,0.058,528159,385725,103.884,104.46,close
100250,Mesa,AZ,5,194678,Atlanta,GA,0.571,,0.043,0.528,528159,512550,103.884,98.609,close
100250,Mesa,AZ,6,161241,Sacramento,CA,0.644,,0.042,0.602,528159,512838,103.884,109.904,close
100250,Mesa,AZ,7,171305,Raleigh,NC,0.711,,0.155,0.556,528159,474414,103.884,98.324,close
100250,Mesa,AZ,8,161633,Tampa,FL,0.777,,0.374,0.403,528159,407599,103.884,99.856,close
161241,Sacramento,CA,1,194757,Miami,FL,0.323,,0.121,0.202,512838,471525,109.904,111.923,close
161241,Sacramento,CA,2,211254,Portland,OR,0.464,,0.357,0.107,512838,656751,109.904,108.833,close
161241,Sacramento,CA,3,161173,Long Beach,CA,0.514,,0.174,0.34,512838,454681,109.904,113.308,close
161241,Sacramento,CA,4,189636,Fresno,CA,0.549,,0.048,0.501,512838,530267,109.904,104.894,close
161241,Sacramento,CA,5,100250,Mesa,AZ,0.644,,0.042,0.602,512838,528159,109.904,103.884,close
161241,Sacramento,CA,6,194644,Aurora,CO,0.662,,0.405,0.257,512838,387377,109.904,107.334,close
161241,Sacramento,CA,7,211214,Stockton,CA,0.852,,0.714,0.138,512838,312716,109.904,108.525,close
161241,Sacramento,CA,8,183836,Anaheim,CA,0.876,,0.536,0.34,512838,353676,109.904,113.308,close
194678,Atlanta,GA,1,171305,Raleigh,NC,0.14,,0.112,0.028,512550,474414,98.609,98.324,close
194678,Atlanta,GA,2,161362,Colorado Springs,CO,0.265,,0.088,0.177,512550,482131,98.609,96.838,close
194678,Atlanta,GA,3,161633,Tampa,FL,0.455,,0.331,0.125,512550,407599,98.609,99.856,close
194678,Atlanta,GA,4,136562,Milwaukee,WI,0.549,,0.201,0.349,512550,589067,98.609,95.122,close
194678,Atlanta,GA,5,160840,Tucson,AZ,0.567,,0.082,0.485,512550,542629,98.609,93.76,close
194678,Atlanta,GA,6,100250,Mesa,AZ,0.571,,0.043,0.528,512550,528159,98.609,103.884,close
194678,Atlanta,GA,7,166817,Detroit,MI,0.611,,0.376,0.234,512550,665369,98.609,96.266,close
194678,Atlanta,GA,8,193551,Minneapolis,MN,0.646,,0.243,0.403,512550,433111,98.609,102.641,close
186236,Kansas,MO,1,208698,Omaha,NE,0.059,,0.056,0.003,497159,478393,91.975,92.009,close
186236,Kansas,MO,2,160840,Tucson,AZ,0.305,,0.126,0.179,497159,542629,91.975,93.76,close
186236,Kansas,MO,3,175826,Memphis,TN,0.402,,0.386,0.016,497159,649705,91.975,91.812,close
186236,Kansas,MO,4,212090,Tulsa,OK,0.444,,0.302,0.142,497159,403166,91.975,90.557,close
186236,Kansas,MO,5,209170,Oklahoma,OK,0.476,,0.414,0.062,497159,662314,91.975,91.351,close
186236,Kansas,MO,6,172358,Cleveland,OH,0.494,,0.393,0.101,497159,378589,91.975,92.987,close
186236,Kansas,MO,7,161362,Colorado Springs,CO,0.531,,0.044,0.486,497159,482131,91.975,96.838,close
186236,Kansas,MO,8,176118,El Paso,TX,0.557,,0.455,0.102,497159,681534,91.975,90.955,close
161362,Colorado Springs,CO,1,171305,Raleigh,NC,0.172,,0.023,0.149,482131,474414,96.838,98.324,close
161362,Colorado Springs,CO,2,194678,Atlanta,GA,0.265,,0.088,0.177,482131,512550,96.838,98.609,close
161362,Colorado Springs,CO,3,136562,Milwaukee,WI,0.461,,0.289,0.172,482131,589067,96.838,95.122,close
161362,Colorado Springs,CO,4,160840,Tucson,AZ,0.478,,0.171,0.308,482131,542629,96.838,93.76,close
161362,Colorado Springs,CO,5,208698,Omaha,NE,0.494,,0.011,0.483,482131,478393,96.838,92.009,close
161362,Colorado Springs,CO,6,166817,Detroit,MI,0.522,,0.465,0.057,482131,665369,96.838,96.266,close
161362,Colorado Springs,CO,7,186236,Kansas,MO,0.531,,0.044,0.486,482131,497159,96.838,91.975,close
161362,Colorado Springs,CO,8,161633,Tampa,FL,0.544,,0.242,0.302,482131,407599,96.838,99.856,close
208698,Omaha,NE,1,186236,Kansas,MO,0.059,,0.056,0.003,478393,497159,92.009,91.975,close
208698,Omaha,NE,2,160840,Tucson,AZ,0.357,,0.182,0.175,478393,542629,92.009,93.76,close
208698,Omaha,NE,3,212090,Tulsa,OK,0.392,,0.247,0.145,478393,403166,92.009,90.557,close
208698,Omaha,NE,4,172358,Cleveland,OH,0.435,,0.338,0.098,478393,378589,92.009,92.987,close
208698,Omaha,NE,5,175826,Memphis,TN,0.461,,0.442,0.02,478393,649705,92.009,91.812,close
208698,Omaha,NE,6,161362,Colorado Springs,CO,0.494,,0.011,0.483,478393,482131,92.009,96.838,close
208698,Omaha,NE,7,209170,Oklahoma,OK,0.535,,0.469,0.066,478393,662314,92.009,91.351,close
208698,Omaha,NE,8,201810,Wichita,KS,0.611,,0.288,0.322,478393,391731,92.009,88.784,close
171305,Raleigh,NC,1,194678,Atlanta,GA,0.14,,0.112,0.028,474414,512550,98.324,98.609,close
171305,Raleigh,NC,2,161362,Colorado Springs,CO,0.172,,0.023,0.149,474414,482131,98.324,96.838,close
171305,Raleigh,NC,3,161633,Tampa,FL,0.372,,0.219,0.153,474414,407599,98.324,99.856,close
171305,Raleigh,NC,4,193551,Minneapolis,MN,0.563,,0.131,0.432,474414,433111,98.324,102.641,close
171305,Raleigh,NC,5,136562,Milwaukee,WI,0.632,,0.312,0.32,474414,589067,98.324,95.122,close
171305,Raleigh,NC,6,208698,Omaha,NE,0.644,,0.012,0.631,474414,478393,98.324,92.009,close
171305,Raleigh,NC,7,160840,Tucson,AZ,0.65,,0.194,0.456,474414,542629,98.324,93.76,close
171305,Raleigh,NC,8,166817,Detroit,MI,0.694,,0.488,0.206,474414,665369,98.324,96.266,close
194757,Miami,FL,1,161173,Long Beach,CA,0.191,,0.052,0.139,471525,454681,111.923,113.308,close
194757,Miami,FL,2,161241,Sacramento,CA,0.323,,0.121,0.202,471525,512838,111.923,109.904,close
194757,Miami,FL,3,183836,Anaheim,CA,0.553,,0.415,0.139,471525,353676,111.923,113.308,close
194757,Miami,FL,4,100711,Santa Ana,CA,0.648,,0.509,0.139,471525,331301,111.923,113.308,close
194757,Miami,FL,5,194644,Aurora,CO,0.742,,0.284,0.459,471525,387377,111.923,107.334,close
194757,Miami,FL,6,123093,Oakland,CA,0.758,,0.15,0.608,471525,424891,111.923,118.003,close
194757,Miami,FL,7,211254,Portland,OR,0.787,,0.478,0.309,471525,656751,111.923,108.833,close
194757,Miami,FL,8,130835,Newark,NJ,0.845,,0.739,0.106,471525,282520,111.923,112.987,close
161173,Long Beach,CA,1,194757,Miami,FL,0.191,,0.052,0.139,454681,471525,113.308,111.923,close
161173,Long Beach,CA,2,183836,Anaheim,CA,0.362,,0.362,0.0,454681,353676,113.308,113.308,close
161173,Long Beach,CA,3,100711,Santa Ana,CA,0.457,,0.457,0.0,454681,331301,113.308,113.308,close
161173,Long Beach,CA,4,161241,Sacramento,CA,0.514,,0.174,0.34,454681,512838,113.308,109.904,close
161173,Long Beach,CA,5,123093,Oakland,CA,0.567,,0.098,0.469,454681,424891,113.308,118.003,close
161173,Long Beach,CA,6,130835,Newark,NJ,0.719,,0.687,0.032,454681,282520,113.308,112.987,close
161173,Long Beach,CA,7,193734,Jersey,NJ,0.824,,0.792,0.032,454681,262664,113.308,112.987,close
161173,Long Beach,CA,8,194644,Aurora,CO,0.829,,0.231,0.597,454681,387377,113.308,107.334,close
202751,Virginia Beach,VA,1,175728,Nashville-Davidson County Metropolitan Government,TN,0.758,,0.621,0.136,451231,694176,97.905,96.542,close
202751,Virginia Beach,VA,2,114563,Chesapeake,VA,0.869,,0.869,0.0,451231,247011,97.905,97.905,close
202751,Virginia Beach,VA,3,136057,Norfolk,VA,0.894,,0.894,0.0,451231,242803,97.905,97.905,close
202751,Virginia Beach,VA,4,194178,Richmond,VA,0.986,,0.958,0.028,451231,232226,97.905,97.626,close
202751,Virginia Beach,VA,5,176784,Newport News,VA,1.333,,1.333,0.0,451231,179062,97.905,97.905,close
202751,Virginia Beach,VA,6,136056,Hampton,VA,1.736,,1.736,0.0,451231,135464,97.905,97.905,close
202751,Virginia Beach,VA,7,208246,Baltimore,MD,1.829,county_like_functions,0.377,0.451,451231,586131,97.905,102.419,close
202751,Virginia Beach,VA,8,124214,Washington Dc,DC,1.99,,0.66,1.33,451231,712816,97.905,111.207,close
193551,Minneapolis,MN,1,194811,Arlington,TX,0.196,,0.119,0.077,433111,398864,102.641,103.412,close
193551,Minneapolis,MN,2,183825,Bakersfield,CA,0.349,,0.167,0.182,433111,385725,102.641,104.46,close
193551,Minneapolis,MN,3,161633,Tampa,FL,0.366,,0.088,0.279,433111,407599,102.641,99.856,close
193551,Minneapolis,MN,4,100250,Mesa,AZ,0.411,,0.286,0.124,433111,528159,102.641,103.884,close
193551,Minneapolis,MN,5,167605,St Paul,MN,0.498,,0.498,0.0,433111,306717,102.641,102.641,close
193551,Minneapolis,MN,6,189636,Fresno,CA,0.517,,0.292,0.225,433111,530267,102.641,104.894,close
193551,Minneapolis,MN,7,171305,Raleigh,NC,0.563,,0.131,0.432,433111,474414,102.641,98.324,close
193551,Minneapolis,MN,8,194644,Aurora,CO,0.63,,0.161,0.469,433111,387377,102.641,107.334,close
123093,Oakland,CA,1,161173,Long Beach,CA,0.567,,0.098,0.469,424891,454681,118.003,113.308,close
123093,Oakland,CA,2,183836,Anaheim,CA,0.734,,0.265,0.469,424891,353676,118.003,113.308,close
123093,Oakland,CA,3,194757,Miami,FL,0.758,,0.15,0.608,424891,471525,118.003,111.923,close
123093,Oakland,CA,4,100711,Santa Ana,CA,0.828,,0.359,0.469,424891,331301,118.003,113.308,close
123093,Oakland,CA,5,207577,Fremont,CA,0.857,,0.857,0.0,424891,234569,118.003,118.003,close
123093,Oakland,CA,6,211212,Chula Vista,CA,0.976,,0.638,0.337,424891,272979,118.003,114.63,close
123093,Oakland,CA,7,161241,Sacramento,CA,1.081,,0.271,0.81,424891,512838,118.003,109.904,close
123093,Oakland,CA,8,130835,Newark,NJ,1.09,,0.589,0.502,424891,282520,118.003,112.987,close
161633,Tampa,FL,1,193551,Minneapolis,MN,0.366,,0.088,0.279,407599,433111,99.856,102.641,close
161633,Tampa,FL,2,171305,Raleigh,NC,0.372,,0.219,0.153,407599,474414,99.856,98.324,close
161633,Tampa,FL,3,194811,Arlington,TX,0.387,,0.031,0.356,407599,398864,99.856,103.412,close
161633,Tampa,FL,4,194678,Atlanta,GA,0.455,,0.331,0.125,407599,512550,99.856,98.609,close
161633,Tampa,FL,5,183825,Bakersfield,CA,0.54,,0.08,0.46,407599,385725,99.856,104.46,close
161633,Tampa,FL,6,161362,Colorado Springs,CO,0.544,,0.242,0.302,407599,482131,99.856,96.838,close
161633,Tampa,FL,7,161665,Orlando,FL,0.561,,0.494,0.067,407599,289457,99.856,100.524,close
161633,Tampa,FL,8,161693,St Petersburg,FL,0.606,,0.606,0.0,407599,267802,99.856,99.856,close
212090,Tulsa,OK,1,201810,Wichita,KS,0.219,,0.042,0.177,403166,391731,90.557,88.784,close
212090,Tulsa,OK,2,172358,Cleveland,OH,0.334,,0.091,0.243,403166,378589,90.557,92.987,close
212090,Tulsa,OK,3,208698,Omaha,NE,0.392,,0.247,0.145,403166,478393,90.557,92.009,close
212090,Tulsa,OK,4,186236,Kansas,MO,0.444,,0.302,0.142,403166,497159,90.557,91.975,close
212090,Tulsa,OK,5,176325,Corpus Christi,TX,0.578,,0.301,0.277,403166,327248,90.557,93.325,close
212090,Tulsa,OK,6,171207,Greensboro,NC,0.626,,0.437,0.189,403166,297878,90.557,92.452,close
212090,Tulsa,OK,7,135293,Laredo,TX,0.661,,0.613,0.048,403166,263640,90.557,90.075,close
212090,Tulsa,OK,8,212233,Lubbock,TX,0.685,,0.618,0.066,403166,262611,90.557,91.218,close
194811,Arlington,TX,1,183825,Bakersfield,CA,0.153,,0.048,0.105,398864,385725,103.412,104.46,close
194811,Arlington,TX,2,193551,Minneapolis,MN,0.196,,0.119,0.077,398864,433111,103.412,102.641,close
194811,Arlington,TX,3,161633,Tampa,FL,0.387,,0.031,0.356,398864,407599,103.412,99.856,close
194811,Arlington,TX,4,194644,Aurora,CO,0.434,,0.042,0.392,398864,387377,103.412,107.334,close
194811,Arlington,TX,5,100250,Mesa,AZ,0.452,,0.405,0.047,398864,528159,103.412,103.884,close
194811,Arlington,TX,6,176053,Plano,TX,0.453,,0.453,0.0,398864,291296,103.412,103.412,close
194811,Arlington,TX,7,167605,St Paul,MN,0.456,,0.379,0.077,398864,306717,103.412,102.641,close
194811,Arlington,TX,8,189636,Fresno,CA,0.559,,0.411,0.148,398864,530267,103.412,104.894,close
201810,Wichita,KS,1,212090,Tulsa,OK,0.219,,0.042,0.177,391731,403166,88.784,90.557,close
201810,Wichita,KS,2,172358,Cleveland,OH,0.47,,0.049,0.42,391731,378589,88.784,92.987,close
201810,Wichita,KS,3,208698,Omaha,NE,0.611,,0.288,0.322,391731,478393,88.784,92.009,close
201810,Wichita,KS,4,186236,Kansas,MO,0.663,,0.344,0.319,391731,497159,88.784,91.975,close
201810,Wichita,KS,5,135293,Laredo,TX,0.7,,0.571,0.129,391731,263640,88.784,90.075,close
201810,Wichita,KS,6,176325,Corpus Christi,TX,0.714,,0.259,0.454,391731,327248,88.784,93.325,close
201810,Wichita,KS,7,171207,Greensboro,NC,0.762,,0.395,0.367,391731,297878,88.784,92.452,close
201810,Wichita,KS,8,212233,Lubbock,TX,0.82,,0.577,0.243,391731,262611,88.784,91.218,close
166094,New Orleans,LA,1,165831,Lexington-Fayette Urban County Government,KY,0.51,,0.262,0.248,389476,324735,93.738,91.256,close
166094,New Orleans,LA,2,169159,St Louis,MO,0.669,,0.388,0.281,389476,297645,93.738,96.553,close
166094,New Orleans,LA,3,166054,Baton Rouge-East Baton Rouge-Parish,LA,0.964,,0.83,0.133,389476,219052,93.738,92.404,close
166094,New Orleans,LA,4,194679,Augusta-Richmond County Consolidated Government,GA,1.179,,0.98,0.199,389476,197468,93.738,91.751,close
166094,New Orleans,LA,5,207957,Indianapolis,IN,1.179,,1.173,0.007,389476,877903,93.738,93.805,close
166094,New Orleans,LA,6,161944,Columbus Consolidated Government,GA,1.422,,0.987,0.435,389476,196442,93.738,89.39,close
166094,New Orleans,LA,7,164911,Wyandotte County And Kansas Unified Government,KS,1.527,,1.351,0.176,389476,152727,93.738,91.975,close
166094,New Orleans,LA,8,161834,Athens-Clarke County Unified Government,GA,1.639,,1.608,0.031,389476,127795,93.738,93.425,close
194644,Aurora,CO,1,207594,Riverside,CA,0.291,,0.228,0.064,387377,330786,107.334,106.698,close
194644,Aurora,CO,2,183825,Bakersfield,CA,0.294,,0.006,0.287,387377,385725,107.334,104.46,close
194644,Aurora,CO,3,211214,Stockton,CA,0.428,,0.309,0.119,387377,312716,107.334,108.525,close
194644,Aurora,CO,4,194811,Arlington,TX,0.434,,0.042,0.392,387377,398864,107.334,103.412,close
194644,Aurora,CO,5,193551,Minneapolis,MN,0.63,,0.161,0.469,387377,433111,107.334,102.641,close
194644,Aurora,CO,6,161241,Sacramento,CA,0.662,,0.405,0.257,387377,512838,107.334,109.904,close
194644,Aurora,CO,7,189636,Fresno,CA,0.697,,0.453,0.244,387377,530267,107.334,104.894,close
194644,Aurora,CO,8,183836,Anaheim,CA,0.729,,0.131,0.597,387377,353676,107.334,113.308,close
183825,Bakersfield,CA,1,194811,Arlington,TX,0.153,,0.048,0.105,385725,398864,104.46,103.412,close
183825,Bakersfield,CA,2,194644,Aurora,CO,0.294,,0.006,0.287,385725,387377,104.46,107.334,close
183825,Bakersfield,CA,3,193551,Minneapolis,MN,0.349,,0.167,0.182,385725,433111,104.46,102.641,close
183825,Bakersfield,CA,4,207594,Riverside,CA,0.445,,0.222,0.224,385725,330786,104.46,106.698,close
183825,Bakersfield,CA,5,189636,Fresno,CA,0.503,,0.459,0.043,385725,530267,104.46,104.894,close
183825,Bakersfield,CA,6,176053,Plano,TX,0.51,,0.405,0.105,385725,291296,104.46,103.412,close
183825,Bakersfield,CA,7,100250,Mesa,AZ,0.511,,0.453,0.058,385725,528159,104.46,103.884,close
183825,Bakersfield,CA,8,167605,St Paul,MN,0.513,,0.331,0.182,385725,306717,104.46,102.641,close
172358,Cleveland,OH,1,176325,Corpus Christi,TX,0.244,,0.21,0.034,378589,327248,92.987,93.325,close
172358,Cleveland,OH,2,212090,Tulsa,OK,0.334,,0.091,0.243,378589,403166,92.987,90.557,close
172358,Cleveland,OH,3,191166,Cincinnati,OH,0.374,,0.314,0.06,378589,304548,92.987,93.591,close
172358,Cleveland,OH,4,171207,Greensboro,NC,0.399,,0.346,0.053,378589,297878,92.987,92.452,close
172358,Cleveland,OH,5,133470,Pittsburgh,PA,0.413,,0.339,0.074,378589,299226,92.987,93.728,close
172358,Cleveland,OH,6,208698,Omaha,NE,0.435,,0.338,0.098,378589,478393,92.987,92.009,close
172358,Cleveland,OH,7,201810,Wichita,KS,0.47,,0.049,0.42,378589,391731,92.987,88.784,close
172358,Cleveland,OH,8,186236,Kansas,MO,0.494,,0.393,0.101,378589,497159,92.987,91.975,close
183836,Anaheim,CA,1,100711,Santa Ana,CA,0.094,,0.094,0.0,353676,331301,113.308,113.308,close
183836,Anaheim,CA,2,130835,Newark,NJ,0.356,,0.324,0.032,353676,282520,113.308,112.987,close
183836,Anaheim,CA,3,161173,Long Beach,CA,0.362,,0.362,0.0,353676,454681,113.308,113.308,close
183836,Anaheim,CA,4,193734,Jersey,NJ,0.461,,0.429,0.032,353676,262664,113.308,112.987,close
183836,Anaheim,CA,5,211212,Chula Vista,CA,0.506,,0.374,0.132,353676,272979,113.308,114.63,close
183836,Anaheim,CA,6,194757,Miami,FL,0.553,,0.415,0.139,353676,471525,113.308,111.923,close
183836,Anaheim,CA,7,211214,Stockton,CA,0.656,,0.178,0.478,353676,312716,113.308,108.525,close
183836,Anaheim,CA,8,194644,Aurora,CO,0.729,,0.131,0.597,353676,387377,113.308,107.334,close
100711,Santa Ana,CA,1,183836,Anaheim,CA,0.094,,0.094,0.0,331301,353676,113.308,113.308,close
100711,Santa Ana,CA,2,130835,Newark,NJ,0.262,,0.23,0.032,331301,282520,113.308,112.987,close
100711,Santa Ana,CA,3,193734,Jersey,NJ,0.367,,0.335,0.032,331301,262664,113.308,112.987,close
100711,Santa Ana,CA,4,211212,Chula Vista,CA,0.412,,0.279,0.132,331301,272979,113.308,114.63,close
100711,Santa Ana,CA,5,161173,Long Beach,CA,0.457,,0.457,0.0,331301,454681,113.308,113.308,close
100711,Santa Ana,CA,6,211214,Stockton,CA,0.562,,0.083,0.478,331301,312716,113.308,108.525,close
100711,Santa Ana,CA,7,194757,Miami,FL,0.648,,0.509,0.139,331301,471525,113.308,111.923,close
100711,Santa Ana,CA,8,161604,Hialeah,FL,0.652,,0.514,0.139,331301,232027,113.308,111.923,close
207594,Riverside,CA,1,211214,Stockton,CA,0.264,,0.081,0.183,330786,312716,106.698,108.525,close
207594,Riverside,CA,2,194644,Aurora,CO,0.291,,0.228,0.064,330786,387377,106.698,107.334,close
207594,Riverside,CA,3,183825,Bakersfield,CA,0.445,,0.222,0.224,330786,385725,106.698,104.46,close
207594,Riverside,CA,4,176053,Plano,TX,0.512,,0.183,0.329,330786,291296,106.698,103.412,close
207594,Riverside,CA,5,167605,St Paul,MN,0.515,,0.109,0.406,330786,306717,106.698,102.641,close
207594,Riverside,CA,6,194811,Arlington,TX,0.599,,0.27,0.329,330786,398864,106.698,103.412,close
207594,Riverside,CA,7,100249,Chandler,AZ,0.599,,0.318,0.281,330786,265398,106.698,103.884,close
207594,Riverside,CA,8,161245,Fontana,CA,0.614,,0.614,0.0,330786,216173,106.698,106.698,close
169987,Henderson,NV,1,208734,North Las Vegas,NV,0.34,,0.34,0.0,329172,260098,96.482,96.482,close
169987,Henderson,NV,2,209777,Madison,WI,0.418,,0.323,0.095,329172,263094,96.482,95.534,close
169987,Henderson,NV,3,169646,Lincoln,NE,0.631,,0.18,0.45,329172,290505,96.482,91.977,close
169987,Henderson,NV,4,170378,Albuquerque,NM,1.084,,0.773,0.311,329172,562540,96.482,93.375,close
169987,Henderson,NV,5,101409,Fort Collins,CO,1.142,,0.968,0.173,329172,168234,96.482,98.215,close
169987,Henderson,NV,6,205599,Spokane,WA,1.178,,0.568,0.61,329172,222050,96.482,102.585,close
169987,Henderson,NV,7,194809,Amarillo,TX,1.216,,0.721,0.494,329172,199654,96.482,91.54,close
169987,Henderson,NV,8,208963,Durham,NC,1.263,county_like_functions,0.203,0.06,329172,285897,96.482,97.082,close
176325,Corpus Christi,TX,1,191166,Cincinnati,OH,0.13,,0.104,0.027,327248,304548,93.325,93.591,close
176325,Corpus Christi,TX,2,133470,Pittsburgh,PA,0.169,,0.129,0.04,327248,299226,93.325,93.728,close
176325,Corpus Christi,TX,3,171207,Greensboro,NC,0.223,,0.136,0.087,327248,297878,93.325,92.452,close
176325,Corpus Christi,TX,4,172358,Cleveland,OH,0.244,,0.21,0.034,327248,378589,93.325,92.987,close
176325,Corpus Christi,TX,5,163465,Fort Wayne,IN,0.358,,0.265,0.093,327248,272398,93.325,92.395,close
176325,Corpus Christi,TX,6,194744,Winston-Salem,NC,0.519,,0.399,0.119,327248,248112,93.325,92.131,close
176325,Corpus Christi,TX,7,212233,Lubbock,TX,0.528,,0.317,0.211,327248,262611,93.325,91.218,close
176325,Corpus Christi,TX,8,208963,Durham,NC,0.571,,0.195,0.376,327248,285897,93.325,97.082,close
165831,Lexington-Fayette Urban County Government,KY,1,166094,New Orleans,LA,0.51,,0.262,0.248,324735,389476,91.256,93.738,close
165831,Lexington-Fayette Urban County Government,KY,2,169159,St Louis,MO,0.655,,0.126,0.53,324735,297645,91.256,96.553,close
165831,Lexington-Fayette Urban County Government,KY,3,166054,Baton Rouge-East Baton Rouge-Parish,LA,0.683,,0.568,0.115,324735,219052,91.256,92.404,close
165831,Lexington-Fayette Urban County Government,KY,4,194679,Augusta-Richmond County Consolidated Government,GA,0.767,,0.718,0.05,324735,197468,91.256,91.751,close
165831,Lexington-Fayette Urban County Government,KY,5,161944,Columbus Consolidated Government,GA,0.912,,0.725,0.187,324735,196442,91.256,89.39,close
165831,Lexington-Fayette Urban County Government,KY,6,164911,Wyandotte County And Kansas Unified Government,KS,1.16,,1.088,0.072,324735,152727,91.256,91.975,close
165831,Lexington-Fayette Urban County Government,KY,7,102163,Macon-Bibb County,GA,1.197,,1.088,0.109,324735,152737,91.256,90.17,close
165831,Lexington-Fayette Urban County Government,KY,8,161834,Athens-Clarke County Unified Government,GA,1.562,,1.345,0.217,324735,127795,91.256,93.425,close
211214,Stockton,CA,1,207594,Riverside,CA,0.264,,0.081,0.183,312716,330786,108.525,106.698,close
211214,Stockton,CA,2,194644,Aurora,CO,0.428,,0.309,0.119,312716,387377,108.525,107.334,close
211214,Stockton,CA,3,100711,Santa Ana,CA,0.562,,0.083,0.478,312716,331301,108.525,113.308,close
211214,Stockton,CA,4,130835,Newark,NJ,0.593,,0.147,0.446,312716,282520,108.525,112.987,close
211214,Stockton,CA,5,176053,Plano,TX,0.614,,0.102,0.511,312716,291296,108.525,103.412,close
211214,Stockton,CA,6,167605,St Paul,MN,0.616,,0.028,0.588,312716,306717,108.525,102.641,close
211214,Stockton,CA,7,183836,Anaheim,CA,0.656,,0.178,0.478,312716,353676,108.525,113.308,close
211214,Stockton,CA,8,193734,Jersey,NJ,0.698,,0.252,0.446,312716,262664,108.525,112.987,close
167605,St Paul,MN,1,176053,Plano,TX,0.152,,0.074,0.077,306717,291296,102.641,103.412,close
167605,St Paul,MN,2,161665,Orlando,FL,0.295,,0.084,0.212,306717,289457,102.641,100.524,close
167605,St Paul,MN,3,100249,Chandler,AZ,0.333,,0.209,0.124,306717,265398,102.641,103.884,close
167605,St Paul,MN,4,189585,Scottsdale,AZ,0.348,,0.224,0.124,306717,262647,102.641,103.884,close
167605,St Paul,MN,5,160831,Gilbert,AZ,0.376,,0.251,0.124,306717,257658,102.641,103.884,close
167605,St Paul,MN,6,207535,Glendale,AZ,0.389,,0.265,0.124,306717,255307,102.641,103.884,close
167605,St Paul,MN,7,176079,Irving,TX,0.425,,0.348,0.077,306717,240916,102.641,103.412,close
167605,St Paul,MN,8,212231,Garland,TX,0.442,,0.365,0.077,306717,238139,102.641,103.412,close
191166,Cincinnati,OH,1,133470,Pittsburgh,PA,0.039,,0.025,0.014,304548,299226,93.591,93.728,close
191166,Cincinnati,OH,2,176325,Corpus Christi,TX,0.13,,0.104,0.027,304548,327248,93.591,93.325,close
191166,Cincinnati,OH,3,171207,Greensboro,NC,0.146,,0.032,0.114,304548,297878,93.591,92.452,close
191166,Cincinnati,OH,4,163465,Fort Wayne,IN,0.281,,0.161,0.12,304548,272398,93.591,92.395,close
191166,Cincinnati,OH,5,172358,Cleveland,OH,0.374,,0.314,0.06,304548,378589,93.591,92.987,close
191166,Cincinnati,OH,6,208963,Durham,NC,0.44,,0.091,0.349,304548,285897,93.591,97.082,close
191166,Cincinnati,OH,7,194744,Winston-Salem,NC,0.442,,0.296,0.146,304548,248112,93.591,92.131,close
191166,Cincinnati,OH,8,212233,Lubbock,TX,0.451,,0.214,0.237,304548,262611,93.591,91.218,close
133470,Pittsburgh,PA,1,191166,Cincinnati,OH,0.039,,0.025,0.014,299226,304548,93.728,93.591,close
133470,Pittsburgh,PA,2,171207,Greensboro,NC,0.134,,0.007,0.128,299226,297878,93.728,92.452,close
133470,Pittsburgh,PA,3,176325,Corpus Christi,TX,0.169,,0.129,0.04,299226,327248,93.728,93.325,close
133470,Pittsburgh,PA,4,163465,Fort Wayne,IN,0.269,,0.136,0.133,299226,272398,93.728,92.395,close
133470,Pittsburgh,PA,5,208963,Durham,NC,0.401,,0.066,0.335,299226,285897,93.728,97.082,close
133470,Pittsburgh,PA,6,172358,Cleveland,OH,0.413,,0.339,0.074,299226,378589,93.728,92.987,close
133470,Pittsburgh,PA,7,162035,Boise,ID,0.43,,0.381,0.049,299226,229776,93.728,94.215,close
133470,Pittsburgh,PA,8,194744,Winston-Salem,NC,0.43,,0.27,0.16,299226,248112,93.728,92.131,close
171207,Greensboro,NC,1,133470,Pittsburgh,PA,0.134,,0.007,0.128,297878,299226,92.452,93.728,close
171207,Greensboro,NC,2,163465,Fort Wayne,IN,0.135,,0.129,0.006,297878,272398,92.452,92.395,close
171207,Greensboro,NC,3,191166,Cincinnati,OH,0.146,,0.032,0.114,297878,304548,92.452,93.591,close
171207,Greensboro,NC,4,176325,Corpus Christi,TX,0.223,,0.136,0.087,297878,327248,92.452,93.325,close
171207,Greensboro,NC,5,194744,Winston-Salem,NC,0.296,,0.264,0.032,297878,248112,92.452,92.131,close
171207,Greensboro,NC,6,212233,Lubbock,TX,0.305,,0.182,0.123,297878,262611,92.452,91.218,close
171207,Greensboro,NC,7,172358,Cleveland,OH,0.399,,0.346,0.053,297878,378589,92.452,92.987,close
171207,Greensboro,NC,8,135293,Laredo,TX,0.414,,0.176,0.238,297878,263640,92.452,90.075,close
169159,St Louis,MO,1,165831,Lexington-Fayette Urban County Government,KY,0.655,,0.126,0.53,297645,324735,96.553,91.256,close
169159,St Louis,MO,2,166094,New Orleans,LA,0.669,,0.388,0.281,297645,389476,96.553,93.738,close
169159,St Louis,MO,3,166054,Baton Rouge-East Baton Rouge-Parish,LA,0.857,,0.442,0.415,297645,219052,96.553,92.404,close
169159,St Louis,MO,4,194679,Augusta-Richmond County Consolidated Government,GA,1.072,,0.592,0.48,297645,197468,96.553,91.751,close
169159,St Louis,MO,5,161944,Columbus Consolidated Government,GA,1.316,,0.599,0.716,297645,196442,96.553,89.39,close
169159,St Louis,MO,6,164911,Wyandotte County And Kansas Unified Government,KS,1.42,,0.963,0.458,297645,152727,96.553,91.975,close
169159,St Louis,MO,7,161834,Athens-Clarke County Unified Government,GA,1.533,,1.22,0.313,297645,127795,96.553,93.425,close
169159,St Louis,MO,8,102163,Macon-Bibb County,GA,1.601,,0.963,0.638,297645,152737,96.553,90.17,close
176053,Plano,TX,1,167605,St Paul,MN,0.152,,0.074,0.077,291296,306717,103.412,102.641,close
176053,Plano,TX,2,100249,Chandler,AZ,0.182,,0.134,0.047,291296,265398,103.412,103.884,close
176053,Plano,TX,3,189585,Scottsdale,AZ,0.197,,0.149,0.047,291296,262647,103.412,103.884,close
176053,Plano,TX,4,160831,Gilbert,AZ,0.224,,0.177,0.047,291296,257658,103.412,103.884,close
176053,Plano,TX,5,207535,Glendale,AZ,0.237,,0.19,0.047,291296,255307,103.412,103.884,close
176053,Plano,TX,6,176079,Irving,TX,0.274,,0.274,0.0,291296,240916,103.412,103.412,close
176053,Plano,TX,7,212231,Garland,TX,0.291,,0.291,0.0,291296,238139,103.412,103.412,close
176053,Plano,TX,8,161665,Orlando,FL,0.298,,0.009,0.289,291296,289457,103.412,100.524,close
169646,Lincoln,NE,1,209777,Madison,WI,0.499,,0.143,0.356,290505,263094,91.977,95.534,close
169646,Lincoln,NE,2,194809,Amarillo,TX,0.585,,0.541,0.044,290505,199654,91.977,91.54,close
169646,Lincoln,NE,3,208734,North Las Vegas,NV,0.61,,0.16,0.45,290505,260098,91.977,96.482,close
169646,Lincoln,NE,4,169987,Henderson,NV,0.631,,0.18,0.45,290505,329172,91.977,96.482,close
169646,Lincoln,NE,5,204523,Olathe,KS,1.036,,1.036,0.0,290505,141665,91.977,91.975,close
169646,Lincoln,NE,6,160683,Mobile,AL,1.048,,0.63,0.418,290505,187746,91.977,87.797,close
169646,Lincoln,NE,7,171207,Greensboro,NC,1.084,county_like_functions,0.036,0.047,290505,297878,91.977,92.452,close
169646,Lincoln,NE,8,170378,Albuquerque,NM,1.093,,0.953,0.14,290505,562540,91.977,93.375,close
161665,Orlando,FL,1,161693,St Petersburg,FL,0.179,,0.112,0.067,289457,267802,100.524,99.856,close
161665,Orlando,FL,2,167605,St Paul,MN,0.295,,0.084,0.212,289457,306717,100.524,102.641,close
161665,Orlando,FL,3,176053,Plano,TX,0.298,,0.009,0.289,289457,291296,100.524,103.412,close
161665,Orlando,FL,4,208963,Durham,NC,0.362,,0.018,0.344,289457,285897,100.524,97.082,close
161665,Orlando,FL,5,169993,Reno,NV,0.423,,0.159,0.264,289457,259290,100.524,97.886,close
161665,Orlando,FL,6,100249,Chandler,AZ,0.461,,0.125,0.336,289457,265398,100.524,103.884,close
161665,Orlando,FL,7,189585,Scottsdale,AZ,0.476,,0.14,0.336,289457,262647,100.524,103.884,close
161665,Orlando,FL,8,160831,Gilbert,AZ,0.504,,0.168,0.336,289457,257658,100.524,103.884,close
194463,Anchorage Municipality,AK,1,208246,Baltimore,MD,1.104,,1.03,0.074,287095,586131,103.162,102.419,loose
194463,Anchorage Municipality,AK,2,114563,Chesapeake,VA,1.743,county_like_functions,0.217,0.526,287095,247011,103.162,97.905,loose
194463,Anchorage Municipality,AK,3,136057,Norfolk,VA,1.767,county_like_functions,0.242,0.526,287095,242803,103.162,97.905,loose
194463,Anchorage Municipality,AK,4,194178,Richmond,VA,1.86,county_like_functions,0.306,0.554,287095,232226,103.162,97.626,loose
194463,Anchorage Municipality,AK,5,161649,Cape Coral,FL,2.149,consolidated_or_independent,0.515,0.135,287095,200972,103.162,101.817,loose
194463,Anchorage Municipality,AK,6,202751,Virginia Beach,VA,2.178,county_like_functions,0.652,0.526,287095,451231,103.162,97.905,loose
194463,Anchorage Municipality,AK,7,176784,Newport News,VA,2.207,county_like_functions,0.681,0.526,287095,179062,103.162,97.905,loose
194463,Anchorage Municipality,AK,8,112811,Providence,RI,2.227,consolidated_or_independent,0.679,0.047,287095,179270,103.162,103.636,loose
208963,Durham,NC,1,169993,Reno,NV,0.221,,0.141,0.08,285897,259290,97.082,97.886,close
208963,Durham,NC,2,161665,Orlando,FL,0.362,,0.018,0.344,285897,289457,97.082,100.524,close
208963,Durham,NC,3,161693,St Petersburg,FL,0.372,,0.094,0.277,285897,267802,97.082,99.856,close
208963,Durham,NC,4,133470,Pittsburgh,PA,0.401,,0.066,0.335,285897,299226,97.082,93.728,close
208963,Durham,NC,5,191166,Cincinnati,OH,0.44,,0.091,0.349,285897,304548,97.082,93.591,close
208963,Durham,NC,6,171207,Greensboro,NC,0.522,,0.059,0.463,285897,297878,97.082,92.452,close
208963,Durham,NC,7,163465,Fort Wayne,IN,0.538,,0.07,0.469,285897,272398,97.082,92.395,close
208963,Durham,NC,8,176325,Corpus Christi,TX,0.571,,0.195,0.376,285897,327248,97.082,93.325,close
161229,Irvine,CA,1,200728,Elk Grove,CA,1.019,,0.678,0.34,283700,177302,113.308,109.904,close
161229,Irvine,CA,2,193115,San Bernardino,CA,1.044,,0.383,0.661,283700,217491,113.308,106.698,close
161229,Irvine,CA,3,201369,Thousand Oaks,CA,1.281,,1.167,0.113,283700,126310,113.308,114.44,close
161229,Irvine,CA,4,161302,Simi Valley,CA,1.294,,1.181,0.113,283700,125168,113.308,114.44,close
161229,Irvine,CA,5,161376,Lakewood,CO,1.447,,0.85,0.597,283700,157429,113.308,107.334,close
161229,Irvine,CA,6,123117,Norwalk,CA,1.467,,1.467,0.0,283700,102635,113.308,113.308,close
161229,Irvine,CA,7,214783,Miami Gardens,FL,1.517,,1.378,0.139,283700,109131,113.308,111.923,close
161229,Irvine,CA,8,130835,Newark,NJ,1.538,fire_external,0.006,0.032,283700,282520,113.308,112.987,close
130835,Newark,NJ,1,193734,Jersey,NJ,0.105,,0.105,0.0,282520,262664,112.987,112.987,close
130835,Newark,NJ,2,211212,Chula Vista,CA,0.214,,0.05,0.164,282520,272979,112.987,114.63,close
130835,Newark,NJ,3,100711,Santa Ana,CA,0.262,,0.23,0.032,282520,331301,112.987,113.308,close
130835,Newark,NJ,4,183836,Anaheim,CA,0.356,,0.324,0.032,282520,353676,112.987,113.308,close
130835,Newark,NJ,5,161604,Hialeah,FL,0.39,,0.284,0.106,282520,232027,112.987,111.923,close
130835,Newark,NJ,6,137232,Santa Clarita,CA,0.46,,0.428,0.032,282520,209990,112.987,113.308,close
130835,Newark,NJ,7,176868,Tacoma,WA,0.465,,0.361,0.103,282520,219945,112.987,114.02,close
130835,Newark,NJ,8,100709,Huntington Beach,CA,0.543,,0.511,0.032,282520,198246,112.987,113.308,close
211212,Chula Vista,CA,1,130835,Newark,NJ,0.214,,0.05,0.164,272979,282520,114.63,112.987,close
211212,Chula Vista,CA,2,193734,Jersey,NJ,0.22,,0.056,0.164,272979,262664,114.63,112.987,close
211212,Chula Vista,CA,3,176868,Tacoma,WA,0.373,,0.312,0.061,272979,219945,114.63,114.02,close
211212,Chula Vista,CA,4,100711,Santa Ana,CA,0.412,,0.279,0.132,272979,331301,114.63,113.308,close
211212,Chula Vista,CA,5,161299,Oxnard,CA,0.412,,0.393,0.019,272979,207945,114.63,114.44,close
211212,Chula Vista,CA,6,161604,Hialeah,FL,0.505,,0.234,0.271,272979,232027,114.63,111.923,close
211212,Chula Vista,CA,7,183836,Anaheim,CA,0.506,,0.374,0.132,272979,353676,114.63,113.308,close
211212,Chula Vista,CA,8,137232,Santa Clarita,CA,0.511,,0.378,0.132,272979,209990,114.63,113.308,close
163465,Fort Wayne,IN,1,171207,Greensboro,NC,0.135,,0.129,0.006,272398,297878,92.395,92.452,close
163465,Fort Wayne,IN,2,194744,Winston-Salem,NC,0.161,,0.135,0.026,272398,248112,92.395,92.131,close
163465,Fort Wayne,IN,3,212233,Lubbock,TX,0.17,,0.053,0.118,272398,262611,92.395,91.218,close
163465,Fort Wayne,IN,4,133470,Pittsburgh,PA,0.269,,0.136,0.133,272398,299226,92.395,93.728,close
163465,Fort Wayne,IN,5,135293,Laredo,TX,0.279,,0.047,0.232,272398,263640,92.395,90.075,close
163465,Fort Wayne,IN,6,191166,Cincinnati,OH,0.281,,0.161,0.12,272398,304548,92.395,93.591,close
163465,Fort Wayne,IN,7,176325,Corpus Christi,TX,0.358,,0.265,0.093,272398,327248,92.395,93.325,close
163465,Fort Wayne,IN,8,208056,Des Moines,IA,0.394,,0.36,0.034,272398,212312,92.395,92.054,close
205133,Toledo,OH,1,135293,Laredo,TX,0.096,,0.042,0.054,271455,263640,90.613,90.075,close
205133,Toledo,OH,2,212233,Lubbock,TX,0.108,,0.048,0.061,271455,262611,90.613,91.218,close
205133,Toledo,OH,3,163465,Fort Wayne,IN,0.183,,0.005,0.178,271455,272398,90.613,92.395,close
205133,Toledo,OH,4,194744,Winston-Salem,NC,0.282,,0.13,0.152,271455,248112,90.613,92.131,close
205133,Toledo,OH,5,171207,Greensboro,NC,0.318,,0.134,0.184,271455,297878,90.613,92.452,close
205133,Toledo,OH,6,225038,Birmingham,AL,0.433,,0.391,0.041,271455,206950,90.613,91.027,close
205133,Toledo,OH,7,133470,Pittsburgh,PA,0.452,,0.141,0.311,271455,299226,90.613,93.728,close
205133,Toledo,OH,8,191166,Cincinnati,OH,0.464,,0.166,0.298,271455,304548,90.613,93.591,close
161693,St Petersburg,FL,1,161665,Orlando,FL,0.179,,0.112,0.067,267802,289457,99.856,100.524,close
161693,St Petersburg,FL,2,169993,Reno,NV,0.244,,0.047,0.197,267802,259290,99.856,97.886,close
161693,St Petersburg,FL,3,208963,Durham,NC,0.372,,0.094,0.277,267802,285897,99.856,97.082,close
161693,St Petersburg,FL,4,100249,Chandler,AZ,0.416,,0.013,0.403,267802,265398,99.856,103.884,close
161693,St Petersburg,FL,5,189585,Scottsdale,AZ,0.431,,0.028,0.403,267802,262647,99.856,103.884,close
161693,St Petersburg,FL,6,160831,Gilbert,AZ,0.459,,0.056,0.403,267802,257658,99.856,103.884,close
161693,St Petersburg,FL,7,207535,Glendale,AZ,0.472,,0.069,0.403,267802,255307,99.856,103.884,close
161693,St Petersburg,FL,8,167605,St Paul,MN,0.474,,0.196,0.279,267802,306717,99.856,102.641,close
100249,Chandler,AZ,1,189585,Scottsdale,AZ,0.015,,0.015,0.0,265398,262647,103.884,103.884,close
100249,Chandler,AZ,2,160831,Gilbert,AZ,0.043,,0.043,0.0,265398,257658,103.884,103.884,close
100249,Chandler,AZ,3,207535,Glendale,AZ,0.056,,0.056,0.0,265398,255307,103.884,103.884,close
100249,Chandler,AZ,4,176053,Plano,TX,0.182,,0.134,0.047,265398,291296,103.884,103.412,close
100249,Chandler,AZ,5,176079,Irving,TX,0.187,,0.14,0.047,265398,240916,103.884,103.412,close
100249,Chandler,AZ,6,212231,Garland,TX,0.204,,0.156,0.047,265398,238139,103.884,103.412,close
100249,Chandler,AZ,7,167605,St Paul,MN,0.333,,0.209,0.124,265398,306717,103.884,102.641,close
100249,Chandler,AZ,8,194820,Frisco,TX,0.385,,0.338,0.047,265398,209980,103.884,103.412,close
135293,Laredo,TX,1,212233,Lubbock,TX,0.12,,0.006,0.114,263640,262611,90.075,91.218,close
135293,Laredo,TX,2,163465,Fort Wayne,IN,0.279,,0.047,0.232,263640,272398,90.075,92.395,close
135293,Laredo,TX,3,194744,Winston-Salem,NC,0.293,,0.088,0.206,263640,248112,90.075,92.131,close
135293,Laredo,TX,4,171207,Greensboro,NC,0.414,,0.176,0.238,263640,297878,90.075,92.452,close
135293,Laredo,TX,5,225038,Birmingham,AL,0.444,,0.349,0.095,263640,206950,90.075,91.027,close
135293,Laredo,TX,6,100091,Montgomery,AL,0.449,,0.426,0.023,263640,196268,90.075,89.845,close
135293,Laredo,TX,7,100435,Little Rock,AR,0.487,,0.414,0.073,263640,197866,90.075,89.344,close
135293,Laredo,TX,8,131717,Fayetteville,NC,0.495,,0.317,0.179,263640,211705,90.075,91.862,close
209777,Madison,WI,1,208734,North Las Vegas,NV,0.111,,0.017,0.095,263094,260098,95.534,96.482,close
209777,Madison,WI,2,169987,Henderson,NV,0.418,,0.323,0.095,263094,329172,95.534,96.482,close
209777,Madison,WI,3,169646,Lincoln,NE,0.499,,0.143,0.356,263094,290505,95.534,91.977,close
209777,Madison,WI,4,194809,Amarillo,TX,0.797,,0.398,0.399,263094,199654,95.534,91.54,close
209777,Madison,WI,5,101409,Fort Collins,CO,0.913,,0.645,0.268,263094,168234,95.534,98.215,close
209777,Madison,WI,6,205599,Spokane,WA,0.95,,0.245,0.705,263094,222050,95.534,102.585,close
209777,Madison,WI,7,160833,Tempe,AZ,1.228,,0.393,0.835,263094,200402,95.534,103.884,close
209777,Madison,WI,8,204523,Olathe,KS,1.249,,0.893,0.356,263094,141665,95.534,91.975,close
193734,Jersey,NJ,1,130835,Newark,NJ,0.105,,0.105,0.0,262664,282520,112.987,112.987,close
193734,Jersey,NJ,2,211212,Chula Vista,CA,0.22,,0.056,0.164,262664,272979,112.987,114.63,close
193734,Jersey,NJ,3,161604,Hialeah,FL,0.285,,0.179,0.106,262664,232027,112.987,111.923,close
193734,Jersey,NJ,4,137232,Santa Clarita,CA,0.355,,0.323,0.032,262664,209990,112.987,113.308,close
193734,Jersey,NJ,5,176868,Tacoma,WA,0.359,,0.256,0.103,262664,219945,112.987,114.02,close
193734,Jersey,NJ,6,100711,Santa Ana,CA,0.367,,0.335,0.032,262664,331301,112.987,113.308,close
193734,Jersey,NJ,7,100709,Huntington Beach,CA,0.438,,0.406,0.032,262664,198246,112.987,113.308,close
193734,Jersey,NJ,8,161170,Glendale,CA,0.442,,0.41,0.032,262664,197747,112.987,113.308,close
189585,Scottsdale,AZ,1,100249,Chandler,AZ,0.015,,0.015,0.0,262647,265398,103.884,103.884,close
189585,Scottsdale,AZ,2,160831,Gilbert,AZ,0.028,,0.028,0.0,262647,257658,103.884,103.884,close
189585,Scottsdale,AZ,3,207535,Glendale,AZ,0.041,,0.041,0.0,262647,255307,103.884,103.884,close
189585,Scottsdale,AZ,4,176079,Irving,TX,0.172,,0.125,0.047,262647,240916,103.884,103.412,close
189585,Scottsdale,AZ,5,212231,Garland,TX,0.189,,0.141,0.047,262647,238139,103.884,103.412,close
189585,Scottsdale,AZ,6,176053,Plano,TX,0.197,,0.149,0.047,262647,291296,103.884,103.412,close
189585,Scottsdale,AZ,7,167605,St Paul,MN,0.348,,0.224,0.124,262647,306717,103.884,102.641,close
189585,Scottsdale,AZ,8,194820,Frisco,TX,0.37,,0.323,0.047,262647,209980,103.884,103.412,close
212233,Lubbock,TX,1,135293,Laredo,TX,0.12,,0.006,0.114,262611,263640,91.218,90.075,close
212233,Lubbock,TX,2,163465,Fort Wayne,IN,0.17,,0.053,0.118,262611,272398,91.218,92.395,close
212233,Lubbock,TX,3,194744,Winston-Salem,NC,0.173,,0.082,0.091,262611,248112,91.218,92.131,close
212233,Lubbock,TX,4,171207,Greensboro,NC,0.305,,0.182,0.123,262611,297878,91.218,92.452,close
212233,Lubbock,TX,5,225038,Birmingham,AL,0.363,,0.344,0.019,262611,206950,91.218,91.027,close
212233,Lubbock,TX,6,131717,Fayetteville,NC,0.375,,0.311,0.064,262611,211705,91.218,91.862,close
212233,Lubbock,TX,7,208056,Des Moines,IA,0.39,,0.307,0.084,262611,212312,91.218,92.054,close
212233,Lubbock,TX,8,133470,Pittsburgh,PA,0.439,,0.188,0.251,262611,299226,91.218,93.728,close
208734,North Las Vegas,NV,1,209777,Madison,WI,0.111,,0.017,0.095,260098,263094,96.482,95.534,close
208734,North Las Vegas,NV,2,169987,Henderson,NV,0.34,,0.34,0.0,260098,329172,96.482,96.482,close
208734,North Las Vegas,NV,3,169646,Lincoln,NE,0.61,,0.16,0.45,260098,290505,96.482,91.977,close
208734,North Las Vegas,NV,4,101409,Fort Collins,CO,0.802,,0.629,0.173,260098,168234,96.482,98.215,close
208734,North Las Vegas,NV,5,205599,Spokane,WA,0.838,,0.228,0.61,260098,222050,96.482,102.585,close
208734,North Las Vegas,NV,6,194809,Amarillo,TX,0.876,,0.382,0.494,260098,199654,96.482,91.54,close
208734,North Las Vegas,NV,7,160833,Tempe,AZ,1.116,,0.376,0.74,260098,200402,96.482,103.884,close
208734,North Las Vegas,NV,8,169993,Reno,NV,1.145,county_like_functions,0.004,0.14,260098,259290,96.482,97.886,close
169993,Reno,NV,1,208963,Durham,NC,0.221,,0.141,0.08,259290,285897,97.886,97.082,close
169993,Reno,NV,2,161693,St Petersburg,FL,0.244,,0.047,0.197,259290,267802,97.886,99.856,close
169993,Reno,NV,3,161665,Orlando,FL,0.423,,0.159,0.264,259290,289457,97.886,100.524,close
169993,Reno,NV,4,162035,Boise,ID,0.541,,0.174,0.367,259290,229776,97.886,94.215,close
169993,Reno,NV,5,176492,Salt Lake,UT,0.549,,0.345,0.204,259290,204087,97.886,95.848,close
169993,Reno,NV,6,160831,Gilbert,AZ,0.609,,0.009,0.6,259290,257658,97.886,103.884,close
169993,Reno,NV,7,189585,Scottsdale,AZ,0.618,,0.019,0.6,259290,262647,97.886,103.884,close
169993,Reno,NV,8,163465,Fort Wayne,IN,0.62,,0.071,0.549,259290,272398,97.886,92.395,close
160831,Gilbert,AZ,1,207535,Glendale,AZ,0.013,,0.013,0.0,257658,255307,103.884,103.884,close
160831,Gilbert,AZ,2,189585,Scottsdale,AZ,0.028,,0.028,0.0,257658,262647,103.884,103.884,close
160831,Gilbert,AZ,3,100249,Chandler,AZ,0.043,,0.043,0.0,257658,265398,103.884,103.884,close
160831,Gilbert,AZ,4,176079,Irving,TX,0.144,,0.097,0.047,257658,240916,103.884,103.412,close
160831,Gilbert,AZ,5,212231,Garland,TX,0.161,,0.114,0.047,257658,238139,103.884,103.412,close
160831,Gilbert,AZ,6,176053,Plano,TX,0.224,,0.177,0.047,257658,291296,103.884,103.412,close
160831,Gilbert,AZ,7,194820,Frisco,TX,0.342,,0.295,0.047,257658,209980,103.884,103.412,close
160831,Gilbert,AZ,8,187646,Mckinney,TX,0.354,,0.307,0.047,257658,208272,103.884,103.412,close
207535,Glendale,AZ,1,160831,Gilbert,AZ,0.013,,0.013,0.0,255307,257658,103.884,103.884,close
207535,Glendale,AZ,2,189585,Scottsdale,AZ,0.041,,0.041,0.0,255307,262647,103.884,103.884,close
207535,Glendale,AZ,3,100249,Chandler,AZ,0.056,,0.056,0.0,255307,265398,103.884,103.884,close
207535,Glendale,AZ,4,176079,Irving,TX,0.131,,0.084,0.047,255307,240916,103.884,103.412,close
207535,Glendale,AZ,5,212231,Garland,TX,0.148,,0.1,0.047,255307,238139,103.884,103.412,close
207535,Glendale,AZ,6,176053,Plano,TX,0.237,,0.19,0.047,255307,291296,103.884,103.412,close
207535,Glendale,AZ,7,194820,Frisco,TX,0.329,,0.282,0.047,255307,209980,103.884,103.412,close
207535,Glendale,AZ,8,187646,Mckinney,TX,0.341,,0.294,0.047,255307,208272,103.884,103.412,close
186634,Buffalo,NY,1,131239,Rochester,NY,0.45,,0.31,0.14,254479,205225,93.994,95.395,close
186634,Buffalo,NY,2,209519,Murfreesboro,TN,1.01,,0.755,0.255,254479,150757,93.994,96.542,close
186634,Buffalo,NY,3,161649,Cape Coral,FL,1.123,,0.341,0.782,254479,200972,93.994,101.817,close
186634,Buffalo,NY,4,106061,Springfield,MA,1.231,,0.737,0.493,254479,152646,93.994,98.927,close
186634,Buffalo,NY,5,112811,Providence,RI,1.47,,0.505,0.964,254479,179270,93.994,103.636,close
186634,Buffalo,NY,6,106079,Worcester,MA,1.573,,0.463,1.109,254479,184570,93.994,105.086,close
186634,Buffalo,NY,7,162035,Boise,ID,1.669,runs_schools,0.147,0.022,254479,229776,93.994,94.215,close
186634,Buffalo,NY,8,194744,Winston-Salem,NC,1.723,runs_schools,0.037,0.186,254479,248112,93.994,92.131,close
194744,Winston-Salem,NC,1,163465,Fort Wayne,IN,0.161,,0.135,0.026,248112,272398,92.131,92.395,close
194744,Winston-Salem,NC,2,212233,Lubbock,TX,0.173,,0.082,0.091,248112,262611,92.131,91.218,close
194744,Winston-Salem,NC,3,208056,Des Moines,IA,0.233,,0.225,0.008,248112,212312,92.131,92.054,close
194744,Winston-Salem,NC,4,131717,Fayetteville,NC,0.256,,0.229,0.027,248112,211705,92.131,91.862,close
194744,Winston-Salem,NC,5,135293,Laredo,TX,0.293,,0.088,0.206,248112,263640,92.131,90.075,close
194744,Winston-Salem,NC,6,171207,Greensboro,NC,0.296,,0.264,0.032,248112,297878,92.131,92.452,close
194744,Winston-Salem,NC,7,162035,Boise,ID,0.319,,0.111,0.208,248112,229776,92.131,94.215,close
194744,Winston-Salem,NC,8,209096,Akron,OH,0.341,,0.34,0.001,248112,195994,92.131,92.121,close
114563,Chesapeake,VA,1,136057,Norfolk,VA,0.025,,0.025,0.0,247011,242803,97.905,97.905,close
114563,Chesapeake,VA,2,194178,Richmond,VA,0.117,,0.089,0.028,247011,232226,97.905,97.626,close
114563,Chesapeake,VA,3,176784,Newport News,VA,0.464,,0.464,0.0,247011,179062,97.905,97.905,close
114563,Chesapeake,VA,4,136056,Hampton,VA,0.867,,0.867,0.0,247011,135464,97.905,97.905,close
114563,Chesapeake,VA,5,202751,Virginia Beach,VA,0.869,,0.869,0.0,247011,451231,97.905,97.905,close
114563,Chesapeake,VA,6,175728,Nashville-Davidson County Metropolitan Government,TN,1.627,,1.491,0.136,247011,694176,97.905,96.542,close
114563,Chesapeake,VA,7,194463,Anchorage Municipality,AK,1.743,county_like_functions,0.217,0.526,247011,287095,97.905,103.162,close
114563,Chesapeake,VA,8,169159,St Louis,MO,1.904,runs_schools,0.269,0.135,247011,297645,97.905,96.553,close
136057,Norfolk,VA,1,114563,Chesapeake,VA,0.025,,0.025,0.0,242803,247011,97.905,97.905,close
136057,Norfolk,VA,2,194178,Richmond,VA,0.092,,0.064,0.028,242803,232226,97.905,97.626,close
136057,Norfolk,VA,3,176784,Newport News,VA,0.439,,0.439,0.0,242803,179062,97.905,97.905,close
136057,Norfolk,VA,4,136056,Hampton,VA,0.842,,0.842,0.0,242803,135464,97.905,97.905,close
136057,Norfolk,VA,5,202751,Virginia Beach,VA,0.894,,0.894,0.0,242803,451231,97.905,97.905,close
136057,Norfolk,VA,6,175728,Nashville-Davidson County Metropolitan Government,TN,1.652,,1.516,0.136,242803,694176,97.905,96.542,close
136057,Norfolk,VA,7,194463,Anchorage Municipality,AK,1.767,county_like_functions,0.242,0.526,242803,287095,97.905,103.162,close
136057,Norfolk,VA,8,169159,St Louis,MO,1.929,runs_schools,0.294,0.135,242803,297645,97.905,96.553,close
176079,Irving,TX,1,212231,Garland,TX,0.017,,0.017,0.0,240916,238139,103.412,103.412,close
176079,Irving,TX,2,207535,Glendale,AZ,0.131,,0.084,0.047,240916,255307,103.412,103.884,close
176079,Irving,TX,3,160831,Gilbert,AZ,0.144,,0.097,0.047,240916,257658,103.412,103.884,close
176079,Irving,TX,4,189585,Scottsdale,AZ,0.172,,0.125,0.047,240916,262647,103.412,103.884,close
176079,Irving,TX,5,100249,Chandler,AZ,0.187,,0.14,0.047,240916,265398,103.412,103.884,close
176079,Irving,TX,6,194820,Frisco,TX,0.198,,0.198,0.0,240916,209980,103.412,103.412,close
176079,Irving,TX,7,187646,Mckinney,TX,0.21,,0.21,0.0,240916,208272,103.412,103.412,close
176079,Irving,TX,8,176053,Plano,TX,0.274,,0.274,0.0,240916,291296,103.412,103.412,close
212231,Garland,TX,1,176079,Irving,TX,0.017,,0.017,0.0,238139,240916,103.412,103.412,close
212231,Garland,TX,2,207535,Glendale,AZ,0.148,,0.1,0.047,238139,255307,103.412,103.884,close
212231,Garland,TX,3,160831,Gilbert,AZ,0.161,,0.114,0.047,238139,257658,103.412,103.884,close
212231,Garland,TX,4,194820,Frisco,TX,0.182,,0.182,0.0,238139,209980,103.412,103.412,close
212231,Garland,TX,5,189585,Scottsdale,AZ,0.189,,0.141,0.047,238139,262647,103.412,103.884,close
212231,Garland,TX,6,187646,Mckinney,TX,0.193,,0.193,0.0,238139,208272,103.412,103.412,close
212231,Garland,TX,7,100249,Chandler,AZ,0.204,,0.156,0.047,238139,265398,103.412,103.884,close
212231,Garland,TX,8,194823,Grand Prairie,TX,0.286,,0.286,0.0,238139,195272,103.412,103.412,close
207577,Fremont,CA,1,176868,Tacoma,WA,0.491,,0.093,0.398,234569,219945,118.003,114.02,close
207577,Fremont,CA,2,161299,Oxnard,CA,0.53,,0.174,0.356,234569,207945,118.003,114.44,close
207577,Fremont,CA,3,211212,Chula Vista,CA,0.556,,0.219,0.337,234569,272979,118.003,114.63,close
207577,Fremont,CA,4,161123,Hayward,CA,0.57,,0.57,0.0,234569,157966,118.003,118.003,close
207577,Fremont,CA,5,161604,Hialeah,FL,0.624,,0.016,0.608,234569,232027,118.003,111.923,close
207577,Fremont,CA,6,137232,Santa Clarita,CA,0.629,,0.16,0.469,234569,209990,118.003,113.308,close
207577,Fremont,CA,7,193734,Jersey,NJ,0.665,,0.163,0.502,234569,262664,118.003,112.987,close
207577,Fremont,CA,8,100709,Huntington Beach,CA,0.712,,0.243,0.469,234569,198246,118.003,113.308,close
194178,Richmond,VA,1,136057,Norfolk,VA,0.092,,0.064,0.028,232226,242803,97.626,97.905,close
194178,Richmond,VA,2,114563,Chesapeake,VA,0.117,,0.089,0.028,232226,247011,97.626,97.905,close
194178,Richmond,VA,3,176784,Newport News,VA,0.403,,0.375,0.028,232226,179062,97.626,97.905,close
194178,Richmond,VA,4,136056,Hampton,VA,0.806,,0.778,0.028,232226,135464,97.626,97.905,close
194178,Richmond,VA,5,202751,Virginia Beach,VA,0.986,,0.958,0.028,232226,451231,97.626,97.905,close
194178,Richmond,VA,6,175728,Nashville-Davidson County Metropolitan Government,TN,1.688,,1.58,0.108,232226,694176,97.626,96.542,close
194178,Richmond,VA,7,194463,Anchorage Municipality,AK,1.86,county_like_functions,0.306,0.554,232226,287095,97.626,103.162,close
194178,Richmond,VA,8,209712,Alexandria,VA,1.907,,0.549,1.358,232226,158726,97.626,111.207,close
161604,Hialeah,FL,1,137232,Santa Clarita,CA,0.282,,0.144,0.139,232027,209990,111.923,113.308,close
161604,Hialeah,FL,2,193734,Jersey,NJ,0.285,,0.179,0.106,232027,262664,111.923,112.987,close
161604,Hialeah,FL,3,176868,Tacoma,WA,0.287,,0.077,0.21,232027,219945,111.923,114.02,close
161604,Hialeah,FL,4,161585,Fort Lauderdale,FL,0.333,,0.333,0.0,232027,184245,111.923,111.923,close
161604,Hialeah,FL,5,100709,Huntington Beach,CA,0.366,,0.227,0.139,232027,198246,111.923,113.308,close
161604,Hialeah,FL,6,161170,Glendale,CA,0.369,,0.231,0.139,232027,197747,111.923,113.308,close
161604,Hialeah,FL,7,130835,Newark,NJ,0.39,,0.284,0.106,232027,282520,111.923,112.987,close
161604,Hialeah,FL,8,161299,Oxnard,CA,0.41,,0.158,0.252,232027,207945,111.923,114.44,close
162035,Boise,ID,1,185901,Grand Rapids,MI,0.211,,0.2,0.011,229776,200031,94.215,94.104,close
162035,Boise,ID,2,161650,Tallahassee,FL,0.24,,0.227,0.013,229776,196326,94.215,94.343,close
162035,Boise,ID,3,207520,Huntsville,AL,0.316,,0.179,0.137,229776,202964,94.215,92.842,close
162035,Boise,ID,4,194744,Winston-Salem,NC,0.319,,0.111,0.208,229776,248112,94.215,92.131,close
162035,Boise,ID,5,208056,Des Moines,IA,0.33,,0.114,0.216,229776,212312,94.215,92.054,close
162035,Boise,ID,6,176492,Salt Lake,UT,0.334,,0.171,0.163,229776,204087,94.215,95.848,close
162035,Boise,ID,7,131717,Fayetteville,NC,0.353,,0.118,0.235,229776,211705,94.215,91.862,close
162035,Boise,ID,8,163465,Fort Wayne,IN,0.427,,0.245,0.182,229776,272398,94.215,92.395,close
205599,Spokane,WA,1,160833,Tempe,AZ,0.278,,0.148,0.13,222050,200402,102.585,103.884,close
205599,Spokane,WA,2,189929,Aurora,IL,0.489,,0.177,0.312,222050,196383,102.585,105.706,close
205599,Spokane,WA,3,101409,Fort Collins,CO,0.837,,0.4,0.437,222050,168234,102.585,98.215,close
205599,Spokane,WA,4,208734,North Las Vegas,NV,0.838,,0.228,0.61,222050,260098,102.585,96.482,close
205599,Spokane,WA,5,209777,Madison,WI,0.95,,0.245,0.705,222050,263094,102.585,95.534,close
205599,Spokane,WA,6,194820,Frisco,TX,1.163,county_like_functions,0.081,0.083,222050,209980,102.585,103.412,close
205599,Spokane,WA,7,187646,Mckinney,TX,1.175,county_like_functions,0.092,0.083,222050,208272,102.585,103.412,close
205599,Spokane,WA,8,169987,Henderson,NV,1.178,,0.568,0.61,222050,329172,102.585,96.482,close
176868,Tacoma,WA,1,161299,Oxnard,CA,0.123,,0.081,0.042,219945,207945,114.02,114.44,close
176868,Tacoma,WA,2,137232,Santa Clarita,CA,0.138,,0.067,0.071,219945,209990,114.02,113.308,close
176868,Tacoma,WA,3,100709,Huntington Beach,CA,0.221,,0.15,0.071,219945,198246,114.02,113.308,close
176868,Tacoma,WA,4,161170,Glendale,CA,0.225,,0.153,0.071,219945,197747,114.02,113.308,close
176868,Tacoma,WA,5,161604,Hialeah,FL,0.287,,0.077,0.21,219945,232027,114.02,111.923,close
176868,Tacoma,WA,6,193734,Jersey,NJ,0.359,,0.256,0.103,219945,262664,114.02,112.987,close
176868,Tacoma,WA,7,211212,Chula Vista,CA,0.373,,0.312,0.061,219945,272979,114.02,114.63,close
176868,Tacoma,WA,8,161256,Oceanside,CA,0.394,,0.333,0.061,219945,174648,114.02,114.63,close
166054,Baton Rouge-East Baton Rouge-Parish,LA,1,194679,Augusta-Richmond County Consolidated Government,GA,0.215,,0.15,0.065,219052,197468,92.404,91.751,close
166054,Baton Rouge-East Baton Rouge-Parish,LA,2,161944,Columbus Consolidated Government,GA,0.459,,0.157,0.301,219052,196442,92.404,89.39,close
166054,Baton Rouge-East Baton Rouge-Parish,LA,3,164911,Wyandotte County And Kansas Unified Government,KS,0.563,,0.52,0.043,219052,152727,92.404,91.975,close
166054,Baton Rouge-East Baton Rouge-Parish,LA,4,165831,Lexington-Fayette Urban County Government,KY,0.683,,0.568,0.115,219052,324735,92.404,91.256,close
166054,Baton Rouge-East Baton Rouge-Parish,LA,5,102163,Macon-Bibb County,GA,0.744,,0.52,0.223,219052,152737,92.404,90.17,close
166054,Baton Rouge-East Baton Rouge-Parish,LA,6,169159,St Louis,MO,0.857,,0.442,0.415,219052,297645,92.404,96.553,close
166054,Baton Rouge-East Baton Rouge-Parish,LA,7,161834,Athens-Clarke County Unified Government,GA,0.88,,0.777,0.102,219052,127795,92.404,93.425,close
166054,Baton Rouge-East Baton Rouge-Parish,LA,8,166094,New Orleans,LA,0.964,,0.83,0.133,219052,389476,92.404,93.738,close
193115,San Bernardino,CA,1,161376,Lakewood,CO,0.53,,0.466,0.064,217491,157429,106.698,107.334,close
193115,San Bernardino,CA,2,200728,Elk Grove,CA,0.615,,0.295,0.321,217491,177302,106.698,109.904,close
193115,San Bernardino,CA,3,161710,Port St Lucie,FL,0.89,,0.053,0.837,217491,209715,106.698,98.326,close
193115,San Bernardino,CA,4,161374,Arvada,CO,0.898,,0.835,0.064,217491,121936,106.698,107.334,close
193115,San Bernardino,CA,5,161229,Irvine,CA,1.044,,0.383,0.661,217491,283700,106.698,113.308,close
193115,San Bernardino,CA,6,161245,Fontana,CA,1.509,fire_external,0.009,0.0,217491,216173,106.698,106.698,close
193115,San Bernardino,CA,7,214783,Miami Gardens,FL,1.517,,0.995,0.523,217491,109131,106.698,111.923,close
193115,San Bernardino,CA,8,161238,Moreno Valley,CA,1.535,fire_external,0.035,0.0,217491,212349,106.698,106.698,close
161245,Fontana,CA,1,161238,Moreno Valley,CA,0.026,,0.026,0.0,216173,212349,106.698,106.698,close
161245,Fontana,CA,2,207610,Modesto,CA,0.077,,0.003,0.074,216173,215666,106.698,105.957,close
161245,Fontana,CA,3,161246,Ontario,CA,0.237,,0.237,0.0,216173,183393,106.698,106.698,close
161245,Fontana,CA,4,161251,Rancho Cucamonga,CA,0.273,,0.273,0.0,216173,178849,106.698,106.698,close
161245,Fontana,CA,5,207593,Corona,CA,0.338,,0.338,0.0,216173,170996,106.698,106.698,close
161245,Fontana,CA,6,194820,Frisco,TX,0.371,,0.042,0.329,216173,209980,106.698,103.412,close
161245,Fontana,CA,7,187646,Mckinney,TX,0.382,,0.054,0.329,216173,208272,106.698,103.412,close
161245,Fontana,CA,8,176816,Vancouver,WA,0.429,,0.215,0.214,216173,186192,106.698,108.833,close
207610,Modesto,CA,1,161245,Fontana,CA,0.077,,0.003,0.074,215666,216173,105.957,106.698,close
207610,Modesto,CA,2,161238,Moreno Valley,CA,0.096,,0.022,0.074,215666,212349,105.957,106.698,close
207610,Modesto,CA,3,194820,Frisco,TX,0.293,,0.039,0.254,215666,209980,105.957,103.412,close
207610,Modesto,CA,4,187646,Mckinney,TX,0.305,,0.05,0.254,215666,208272,105.957,103.412,close
207610,Modesto,CA,5,161246,Ontario,CA,0.308,,0.234,0.074,215666,183393,105.957,106.698,close
207610,Modesto,CA,6,161251,Rancho Cucamonga,CA,0.344,,0.27,0.074,215666,178849,105.957,106.698,close
207610,Modesto,CA,7,212231,Garland,TX,0.398,,0.143,0.254,215666,238139,105.957,103.412,close
207610,Modesto,CA,8,194823,Grand Prairie,TX,0.398,,0.143,0.254,215666,195272,105.957,103.412,close
161238,Moreno Valley,CA,1,161245,Fontana,CA,0.026,,0.026,0.0,212349,216173,106.698,106.698,close
161238,Moreno Valley,CA,2,207610,Modesto,CA,0.096,,0.022,0.074,212349,215666,106.698,105.957,close
161238,Moreno Valley,CA,3,161246,Ontario,CA,0.211,,0.211,0.0,212349,183393,106.698,106.698,close
161238,Moreno Valley,CA,4,161251,Rancho Cucamonga,CA,0.248,,0.248,0.0,212349,178849,106.698,106.698,close
161238,Moreno Valley,CA,5,207593,Corona,CA,0.312,,0.312,0.0,212349,170996,106.698,106.698,close
161238,Moreno Valley,CA,6,194820,Frisco,TX,0.345,,0.016,0.329,212349,209980,106.698,103.412,close
161238,Moreno Valley,CA,7,187646,Mckinney,TX,0.357,,0.028,0.329,212349,208272,106.698,103.412,close
161238,Moreno Valley,CA,8,176816,Vancouver,WA,0.403,,0.19,0.214,212349,186192,106.698,108.833,close
208056,Des Moines,IA,1,131717,Fayetteville,NC,0.023,,0.004,0.019,212312,211705,92.054,91.862,close
208056,Des Moines,IA,2,208111,Overland Park,KS,0.113,,0.105,0.008,212312,197381,92.054,91.975,close
208056,Des Moines,IA,3,209096,Akron,OH,0.122,,0.115,0.007,212312,195994,92.054,92.121,close
208056,Des Moines,IA,4,225038,Birmingham,AL,0.14,,0.037,0.103,212312,206950,92.054,91.027,close
208056,Des Moines,IA,5,207520,Huntsville,AL,0.144,,0.065,0.079,212312,202964,92.054,92.842,close
208056,Des Moines,IA,6,194744,Winston-Salem,NC,0.233,,0.225,0.008,212312,248112,92.054,92.131,close
208056,Des Moines,IA,7,175780,Knoxville,TN,0.24,,0.158,0.081,212312,190223,92.054,91.24,close
208056,Des Moines,IA,8,191559,Chattanooga,TN,0.249,,0.201,0.048,212312,184742,92.054,92.536,close
131717,Fayetteville,NC,1,208056,Des Moines,IA,0.023,,0.004,0.019,211705,212312,91.862,92.054,close
131717,Fayetteville,NC,2,208111,Overland Park,KS,0.112,,0.101,0.011,211705,197381,91.862,91.975,close
131717,Fayetteville,NC,3,225038,Birmingham,AL,0.116,,0.033,0.083,211705,206950,91.862,91.027,close
131717,Fayetteville,NC,4,209096,Akron,OH,0.137,,0.111,0.026,211705,195994,91.862,92.121,close
131717,Fayetteville,NC,5,207520,Huntsville,AL,0.159,,0.061,0.098,211705,202964,91.862,92.842,close
131717,Fayetteville,NC,6,175780,Knoxville,TN,0.217,,0.154,0.062,211705,190223,91.862,91.24,close
131717,Fayetteville,NC,7,194744,Winston-Salem,NC,0.256,,0.229,0.027,211705,248112,91.862,92.131,close
131717,Fayetteville,NC,8,191559,Chattanooga,TN,0.264,,0.197,0.067,211705,184742,91.862,92.536,close
137232,Santa Clarita,CA,1,100709,Huntington Beach,CA,0.083,,0.083,0.0,209990,198246,113.308,113.308,close
137232,Santa Clarita,CA,2,161170,Glendale,CA,0.087,,0.087,0.0,209990,197747,113.308,113.308,close
137232,Santa Clarita,CA,3,161299,Oxnard,CA,0.127,,0.014,0.113,209990,207945,113.308,114.44,close
137232,Santa Clarita,CA,4,176868,Tacoma,WA,0.138,,0.067,0.071,209990,219945,113.308,114.02,close
137232,Santa Clarita,CA,5,161604,Hialeah,FL,0.282,,0.144,0.139,209990,232027,113.308,111.923,close
137232,Santa Clarita,CA,6,193114,Garden Grove,CA,0.293,,0.293,0.0,209990,171366,113.308,113.308,close
137232,Santa Clarita,CA,7,161585,Fort Lauderdale,FL,0.327,,0.189,0.139,209990,184245,113.308,111.923,close
137232,Santa Clarita,CA,8,161287,Santa Rosa,CA,0.345,,0.266,0.078,209990,174613,113.308,112.524,close
194820,Frisco,TX,1,187646,Mckinney,TX,0.012,,0.012,0.0,209980,208272,103.412,103.412,close
194820,Frisco,TX,2,194823,Grand Prairie,TX,0.105,,0.105,0.0,209980,195272,103.412,103.412,close
194820,Frisco,TX,3,212231,Garland,TX,0.182,,0.182,0.0,209980,238139,103.412,103.412,close
194820,Frisco,TX,4,176079,Irving,TX,0.198,,0.198,0.0,209980,240916,103.412,103.412,close
194820,Frisco,TX,5,160832,Peoria,AZ,0.27,,0.223,0.047,209980,179872,103.412,103.884,close
194820,Frisco,TX,6,207610,Modesto,CA,0.293,,0.039,0.254,209980,215666,103.412,105.957,close
194820,Frisco,TX,7,207535,Glendale,AZ,0.329,,0.282,0.047,209980,255307,103.412,103.884,close
194820,Frisco,TX,8,160831,Gilbert,AZ,0.342,,0.295,0.047,209980,257658,103.412,103.884,close
161710,Port St Lucie,FL,1,193115,San Bernardino,CA,0.89,,0.053,0.837,209715,217491,98.326,106.698,loose
161710,Port St Lucie,FL,2,247337,South Fulton,GA,1.06,,1.032,0.028,209715,102567,98.326,98.609,loose
161710,Port St Lucie,FL,3,161376,Lakewood,CO,1.315,,0.414,0.901,209715,157429,98.326,107.334,loose
161710,Port St Lucie,FL,4,200728,Elk Grove,CA,1.4,,0.242,1.158,209715,177302,98.326,109.904,loose
161710,Port St Lucie,FL,5,161374,Arvada,CO,1.683,,0.782,0.901,209715,121936,98.326,107.334,loose
161710,Port St Lucie,FL,6,131775,Cary,NC,1.773,fire_external,0.273,0.0,209715,173587,98.326,98.324,loose
161710,Port St Lucie,FL,7,176492,Salt Lake,UT,1.787,fire_external,0.039,0.248,209715,204087,98.326,95.848,loose
161710,Port St Lucie,FL,8,169993,Reno,NV,1.85,fire_external,0.306,0.044,209715,259290,98.326,97.886,loose
187646,Mckinney,TX,1,194820,Frisco,TX,0.012,,0.012,0.0,208272,209980,103.412,103.412,close
187646,Mckinney,TX,2,194823,Grand Prairie,TX,0.093,,0.093,0.0,208272,195272,103.412,103.412,close
187646,Mckinney,TX,3,212231,Garland,TX,0.193,,0.193,0.0,208272,238139,103.412,103.412,close
187646,Mckinney,TX,4,176079,Irving,TX,0.21,,0.21,0.0,208272,240916,103.412,103.412,close
187646,Mckinney,TX,5,160832,Peoria,AZ,0.259,,0.211,0.047,208272,179872,103.412,103.884,close
187646,Mckinney,TX,6,207610,Modesto,CA,0.305,,0.05,0.254,208272,215666,103.412,105.957,close
187646,Mckinney,TX,7,207535,Glendale,AZ,0.341,,0.294,0.047,208272,255307,103.412,103.884,close
187646,Mckinney,TX,8,160831,Gilbert,AZ,0.354,,0.307,0.047,208272,257658,103.412,103.884,close
161299,Oxnard,CA,1,176868,Tacoma,WA,0.123,,0.081,0.042,207945,219945,114.44,114.02,close
161299,Oxnard,CA,2,137232,Santa Clarita,CA,0.127,,0.014,0.113,207945,209990,114.44,113.308,close
161299,Oxnard,CA,3,100709,Huntington Beach,CA,0.182,,0.069,0.113,207945,198246,114.44,113.308,close
161299,Oxnard,CA,4,161170,Glendale,CA,0.186,,0.073,0.113,207945,197747,114.44,113.308,close
161299,Oxnard,CA,5,161256,Oceanside,CA,0.271,,0.252,0.019,207945,174648,114.44,114.63,close
161299,Oxnard,CA,6,193114,Garden Grove,CA,0.392,,0.279,0.113,207945,171366,114.44,113.308,close
161299,Oxnard,CA,7,161604,Hialeah,FL,0.41,,0.158,0.252,207945,232027,114.44,111.923,close
161299,Oxnard,CA,8,211212,Chula Vista,CA,0.412,,0.393,0.019,207945,272979,114.44,114.63,close
225038,Birmingham,AL,1,131717,Fayetteville,NC,0.116,,0.033,0.083,206950,211705,91.027,91.862,close
225038,Birmingham,AL,2,208056,Des Moines,IA,0.14,,0.037,0.103,206950,212312,91.027,92.054,close
225038,Birmingham,AL,3,175780,Knoxville,TN,0.143,,0.122,0.021,206950,190223,91.027,91.24,close
225038,Birmingham,AL,4,208111,Overland Park,KS,0.163,,0.068,0.095,206950,197381,91.027,91.975,close
225038,Birmingham,AL,5,209096,Akron,OH,0.188,,0.078,0.109,206950,195994,91.027,92.121,close
225038,Birmingham,AL,6,100091,Montgomery,AL,0.195,,0.076,0.118,206950,196268,91.027,89.845,close
225038,Birmingham,AL,7,207520,Huntsville,AL,0.21,,0.028,0.181,206950,202964,91.027,92.842,close
225038,Birmingham,AL,8,100435,Little Rock,AR,0.233,,0.065,0.168,206950,197866,91.027,89.344,close
131239,Rochester,NY,1,186634,Buffalo,NY,0.45,,0.31,0.14,205225,254479,95.395,93.994,close
131239,Rochester,NY,2,209519,Murfreesboro,TN,0.56,,0.445,0.115,205225,150757,95.395,96.542,close
131239,Rochester,NY,3,161649,Cape Coral,FL,0.672,,0.03,0.642,205225,200972,95.395,101.817,close
131239,Rochester,NY,4,106061,Springfield,MA,0.78,,0.427,0.353,205225,152646,95.395,98.927,close
131239,Rochester,NY,5,112811,Providence,RI,1.019,,0.195,0.824,205225,179270,95.395,103.636,close
131239,Rochester,NY,6,106079,Worcester,MA,1.122,,0.153,0.969,205225,184570,95.395,105.086,close
131239,Rochester,NY,7,176492,Salt Lake,UT,1.553,runs_schools,0.008,0.045,205225,204087,95.395,95.848,close
131239,Rochester,NY,8,101696,Waterbury,CT,1.649,,0.942,0.707,205225,106826,95.395,102.469,close
176492,Salt Lake,UT,1,185901,Grand Rapids,MI,0.203,,0.029,0.174,204087,200031,95.848,94.104,close
176492,Salt Lake,UT,2,161650,Tallahassee,FL,0.206,,0.056,0.15,204087,196326,95.848,94.343,close
176492,Salt Lake,UT,3,207520,Huntsville,AL,0.309,,0.008,0.301,204087,202964,95.848,92.842,close
176492,Salt Lake,UT,4,162035,Boise,ID,0.334,,0.171,0.163,204087,229776,95.848,94.215,close
176492,Salt Lake,UT,5,209096,Akron,OH,0.431,,0.058,0.373,204087,195994,95.848,92.121,close
176492,Salt Lake,UT,6,208111,Overland Park,KS,0.436,,0.048,0.387,204087,197381,95.848,91.975,close
176492,Salt Lake,UT,7,208056,Des Moines,IA,0.436,,0.057,0.379,204087,212312,95.848,92.054,close
176492,Salt Lake,UT,8,131717,Fayetteville,NC,0.451,,0.053,0.399,204087,211705,95.848,91.862,close
207520,Huntsville,AL,1,209096,Akron,OH,0.123,,0.05,0.072,202964,195994,92.842,92.121,close
207520,Huntsville,AL,2,208111,Overland Park,KS,0.127,,0.04,0.087,202964,197381,92.842,91.975,close
207520,Huntsville,AL,3,208056,Des Moines,IA,0.144,,0.065,0.079,202964,212312,92.842,92.054,close
207520,Huntsville,AL,4,185901,Grand Rapids,MI,0.147,,0.021,0.126,202964,200031,92.842,94.104,close
207520,Huntsville,AL,5,131717,Fayetteville,NC,0.159,,0.061,0.098,202964,211705,92.842,91.862,close
207520,Huntsville,AL,6,191559,Chattanooga,TN,0.166,,0.136,0.031,202964,184742,92.842,92.536,close
207520,Huntsville,AL,7,161650,Tallahassee,FL,0.198,,0.048,0.15,202964,196326,92.842,94.343,close
207520,Huntsville,AL,8,225038,Birmingham,AL,0.21,,0.028,0.181,202964,206950,92.842,91.027,close
161649,Cape Coral,FL,1,112811,Providence,RI,0.347,,0.165,0.182,200972,179270,101.817,103.636,close
161649,Cape Coral,FL,2,106079,Worcester,MA,0.45,,0.123,0.327,200972,184570,101.817,105.086,close
161649,Cape Coral,FL,3,131239,Rochester,NY,0.672,,0.03,0.642,200972,205225,101.817,95.395,close
161649,Cape Coral,FL,4,106061,Springfield,MA,0.686,,0.397,0.289,200972,152646,101.817,98.927,close
161649,Cape Coral,FL,5,209519,Murfreesboro,TN,0.942,,0.415,0.527,200972,150757,101.817,96.542,close
161649,Cape Coral,FL,6,101696,Waterbury,CT,0.977,,0.912,0.065,200972,106826,101.817,102.469,close
161649,Cape Coral,FL,7,161441,Hartford,CT,1.051,,0.726,0.326,200972,121535,101.817,105.072,close
161649,Cape Coral,FL,8,161447,New Haven,CT,1.072,,0.62,0.453,200972,130801,101.817,106.345,close
160833,Tempe,AZ,1,189929,Aurora,IL,0.211,,0.029,0.182,200402,196383,103.884,105.706,close
160833,Tempe,AZ,2,205599,Spokane,WA,0.278,,0.148,0.13,200402,222050,103.884,102.585,close
160833,Tempe,AZ,3,101409,Fort Collins,CO,0.819,,0.252,0.567,200402,168234,103.884,98.215,close
160833,Tempe,AZ,4,194823,Grand Prairie,TX,1.085,county_like_functions,0.037,0.047,200402,195272,103.884,103.412,close
160833,Tempe,AZ,5,187646,Mckinney,TX,1.103,county_like_functions,0.056,0.047,200402,208272,103.884,103.412,close
160833,Tempe,AZ,6,194820,Frisco,TX,1.115,county_like_functions,0.067,0.047,200402,209980,103.884,103.412,close
160833,Tempe,AZ,7,208734,North Las Vegas,NV,1.116,,0.376,0.74,200402,260098,103.884,96.482,close
160833,Tempe,AZ,8,160832,Peoria,AZ,1.156,county_like_functions,0.156,0.0,200402,179872,103.884,103.884,close
109593,Yonkers,NY,1,161595,Coral Springs,FL,0.69,,0.583,0.106,200040,133519,112.987,111.923,close
109593,Yonkers,NY,2,124038,Bridgeport,CT,0.784,,0.479,0.305,200040,143525,112.987,109.939,close
109593,Yonkers,NY,3,106079,Worcester,MA,0.906,,0.116,0.79,200040,184570,112.987,105.086,close
109593,Yonkers,NY,4,225767,Stamford,CT,0.911,,0.606,0.305,200040,131397,112.987,109.939,close
109593,Yonkers,NY,5,166449,Lowell,MA,0.931,,0.851,0.08,200040,110904,112.987,112.187,close
109593,Yonkers,NY,6,112811,Providence,RI,1.093,,0.158,0.935,200040,179270,112.987,103.636,close
109593,Yonkers,NY,7,161649,Cape Coral,FL,1.124,,0.007,1.117,200040,200972,112.987,101.817,close
109593,Yonkers,NY,8,166455,Brockton,MA,1.143,,1.063,0.08,200040,95770,112.987,112.187,close
185901,Grand Rapids,MI,1,161650,Tallahassee,FL,0.051,,0.027,0.024,200031,196326,94.104,94.343,close
185901,Grand Rapids,MI,2,207520,Huntsville,AL,0.147,,0.021,0.126,200031,202964,94.104,92.842,close
185901,Grand Rapids,MI,3,176492,Salt Lake,UT,0.203,,0.029,0.174,200031,204087,94.104,95.848,close
185901,Grand Rapids,MI,4,162035,Boise,ID,0.211,,0.2,0.011,200031,229776,94.104,94.215,close
185901,Grand Rapids,MI,5,209096,Akron,OH,0.228,,0.029,0.198,200031,195994,94.104,92.121,close
185901,Grand Rapids,MI,6,208111,Overland Park,KS,0.232,,0.019,0.213,200031,197381,94.104,91.975,close
185901,Grand Rapids,MI,7,191559,Chattanooga,TN,0.272,,0.115,0.157,200031,184742,94.104,92.536,close
185901,Grand Rapids,MI,8,208056,Des Moines,IA,0.291,,0.086,0.205,200031,212312,94.104,92.054,close
194809,Amarillo,TX,1,160683,Mobile,AL,0.463,,0.089,0.374,199654,187746,91.54,87.797,close
194809,Amarillo,TX,2,204523,Olathe,KS,0.539,,0.495,0.043,199654,141665,91.54,91.975,close
194809,Amarillo,TX,3,169646,Lincoln,NE,0.585,,0.541,0.044,199654,290505,91.54,91.977,close
194809,Amarillo,TX,4,205181,Norman,OK,0.686,,0.667,0.019,199654,125762,91.54,91.351,close
194809,Amarillo,TX,5,209777,Madison,WI,0.797,,0.398,0.399,199654,263094,91.54,95.534,close
194809,Amarillo,TX,6,194812,Beaumont,TX,0.836,,0.79,0.046,199654,115473,91.54,91.079,close
194809,Amarillo,TX,7,208734,North Las Vegas,NV,0.876,,0.382,0.494,199654,260098,91.54,96.482,close
194809,Amarillo,TX,8,101409,Fort Collins,CO,0.915,,0.247,0.667,199654,168234,91.54,98.215,close
100709,Huntington Beach,CA,1,161170,Glendale,CA,0.004,,0.004,0.0,198246,197747,113.308,113.308,close
100709,Huntington Beach,CA,2,137232,Santa Clarita,CA,0.083,,0.083,0.0,198246,209990,113.308,113.308,close
100709,Huntington Beach,CA,3,161299,Oxnard,CA,0.182,,0.069,0.113,198246,207945,113.308,114.44,close
100709,Huntington Beach,CA,4,193114,Garden Grove,CA,0.21,,0.21,0.0,198246,171366,113.308,113.308,close
100709,Huntington Beach,CA,5,176868,Tacoma,WA,0.221,,0.15,0.071,198246,219945,113.308,114.02,close
100709,Huntington Beach,CA,6,161585,Fort Lauderdale,FL,0.244,,0.106,0.139,198246,184245,113.308,111.923,close
100709,Huntington Beach,CA,7,161287,Santa Rosa,CA,0.262,,0.183,0.078,198246,174613,113.308,112.524,close
100709,Huntington Beach,CA,8,161256,Oceanside,CA,0.315,,0.183,0.132,198246,174648,113.308,114.63,close
100435,Little Rock,AR,1,100091,Montgomery,AL,0.062,,0.012,0.05,197866,196268,89.344,89.845,close
100435,Little Rock,AR,2,184196,Sioux Falls,SD,0.142,,0.075,0.067,197866,187809,89.344,90.009,close
100435,Little Rock,AR,3,127810,Shreveport,LA,0.154,,0.099,0.055,197866,184786,89.344,88.795,close
100435,Little Rock,AR,4,225038,Birmingham,AL,0.233,,0.065,0.168,197866,206950,89.344,91.027,close
100435,Little Rock,AR,5,175780,Knoxville,TN,0.246,,0.057,0.19,197866,190223,89.344,91.24,close
100435,Little Rock,AR,6,208111,Overland Park,KS,0.267,,0.004,0.263,197866,197381,89.344,91.975,close
100435,Little Rock,AR,7,209096,Akron,OH,0.291,,0.014,0.278,197866,195994,89.344,92.121,close
100435,Little Rock,AR,8,131717,Fayetteville,NC,0.349,,0.098,0.252,197866,211705,89.344,91.862,close
161170,Glendale,CA,1,100709,Huntington Beach,CA,0.004,,0.004,0.0,197747,198246,113.308,113.308,close
161170,Glendale,CA,2,137232,Santa Clarita,CA,0.087,,0.087,0.0,197747,209990,113.308,113.308,close
161170,Glendale,CA,3,161299,Oxnard,CA,0.186,,0.073,0.113,197747,207945,113.308,114.44,close
161170,Glendale,CA,4,193114,Garden Grove,CA,0.207,,0.207,0.0,197747,171366,113.308,113.308,close
161170,Glendale,CA,5,176868,Tacoma,WA,0.225,,0.153,0.071,197747,219945,113.308,114.02,close
161170,Glendale,CA,6,161585,Fort Lauderdale,FL,0.241,,0.102,0.139,197747,184245,113.308,111.923,close
161170,Glendale,CA,7,161287,Santa Rosa,CA,0.258,,0.179,0.078,197747,174613,113.308,112.524,close
161170,Glendale,CA,8,161256,Oceanside,CA,0.311,,0.179,0.132,197747,174648,113.308,114.63,close
194679,Augusta-Richmond County Consolidated Government,GA,1,166054,Baton Rouge-East Baton Rouge-Parish,LA,0.215,,0.15,0.065,197468,219052,91.751,92.404,close
194679,Augusta-Richmond County Consolidated Government,GA,2,161944,Columbus Consolidated Government,GA,0.244,,0.008,0.236,197468,196442,91.751,89.39,close
194679,Augusta-Richmond County Consolidated Government,GA,3,164911,Wyandotte County And Kansas Unified Government,KS,0.393,,0.371,0.022,197468,152727,91.751,91.975,close
194679,Augusta-Richmond County Consolidated Government,GA,4,102163,Macon-Bibb County,GA,0.529,,0.371,0.158,197468,152737,91.751,90.17,close
194679,Augusta-Richmond County Consolidated Government,GA,5,165831,Lexington-Fayette Urban County Government,KY,0.767,,0.718,0.05,197468,324735,91.751,91.256,close
194679,Augusta-Richmond County Consolidated Government,GA,6,161834,Athens-Clarke County Unified Government,GA,0.795,,0.628,0.167,197468,127795,91.751,93.425,close
194679,Augusta-Richmond County Consolidated Government,GA,7,169159,St Louis,MO,1.072,,0.592,0.48,197468,297645,91.751,96.553,close
194679,Augusta-Richmond County Consolidated Government,GA,8,166094,New Orleans,LA,1.179,,0.98,0.199,197468,389476,91.751,93.738,close
208111,Overland Park,KS,1,209096,Akron,OH,0.025,,0.01,0.015,197381,195994,91.975,92.121,close
208111,Overland Park,KS,2,131717,Fayetteville,NC,0.112,,0.101,0.011,197381,211705,91.975,91.862,close
208111,Overland Park,KS,3,208056,Des Moines,IA,0.113,,0.105,0.008,197381,212312,91.975,92.054,close
208111,Overland Park,KS,4,175780,Knoxville,TN,0.127,,0.053,0.073,197381,190223,91.975,91.24,close
208111,Overland Park,KS,5,207520,Huntsville,AL,0.127,,0.04,0.087,197381,202964,91.975,92.842,close
208111,Overland Park,KS,6,191559,Chattanooga,TN,0.152,,0.095,0.056,197381,184742,91.975,92.536,close
208111,Overland Park,KS,7,225038,Birmingham,AL,0.163,,0.068,0.095,197381,206950,91.975,91.027,close
208111,Overland Park,KS,8,100091,Montgomery,AL,0.221,,0.008,0.213,197381,196268,91.975,89.845,close
161944,Columbus Consolidated Government,GA,1,194679,Augusta-Richmond County Consolidated Government,GA,0.244,,0.008,0.236,196442,197468,89.39,91.751,close
161944,Columbus Consolidated Government,GA,2,102163,Macon-Bibb County,GA,0.441,,0.363,0.078,196442,152737,89.39,90.17,close
161944,Columbus Consolidated Government,GA,3,166054,Baton Rouge-East Baton Rouge-Parish,LA,0.459,,0.157,0.301,196442,219052,89.39,92.404,close
161944,Columbus Consolidated Government,GA,4,164911,Wyandotte County And Kansas Unified Government,KS,0.622,,0.363,0.258,196442,152727,89.39,91.975,close
161944,Columbus Consolidated Government,GA,5,165831,Lexington-Fayette Urban County Government,KY,0.912,,0.725,0.187,196442,324735,89.39,91.256,close
161944,Columbus Consolidated Government,GA,6,161834,Athens-Clarke County Unified Government,GA,1.024,,0.62,0.403,196442,127795,89.39,93.425,close
161944,Columbus Consolidated Government,GA,7,169159,St Louis,MO,1.316,,0.599,0.716,196442,297645,89.39,96.553,close
161944,Columbus Consolidated Government,GA,8,166094,New Orleans,LA,1.422,,0.987,0.435,196442,389476,89.39,93.738,close
189929,Aurora,IL,1,160833,Tempe,AZ,0.211,,0.029,0.182,196383,200402,105.706,103.884,close
189929,Aurora,IL,2,205599,Spokane,WA,0.489,,0.177,0.312,196383,222050,105.706,102.585,close
189929,Aurora,IL,3,101409,Fort Collins,CO,0.972,,0.223,0.749,196383,168234,105.706,98.215,close
189929,Aurora,IL,4,207610,Modesto,CA,1.16,county_like_functions,0.135,0.025,196383,215666,105.706,105.957,close
189929,Aurora,IL,5,161246,Ontario,CA,1.198,county_like_functions,0.099,0.099,196383,183393,105.706,106.698,close
189929,Aurora,IL,6,161238,Moreno Valley,CA,1.212,county_like_functions,0.113,0.099,196383,212349,105.706,106.698,close
189929,Aurora,IL,7,161251,Rancho Cucamonga,CA,1.234,county_like_functions,0.135,0.099,196383,178849,105.706,106.698,close
189929,Aurora,IL,8,194823,Grand Prairie,TX,1.238,county_like_functions,0.008,0.229,196383,195272,105.706,103.412,close
161650,Tallahassee,FL,1,185901,Grand Rapids,MI,0.051,,0.027,0.024,196326,200031,94.343,94.104,close
161650,Tallahassee,FL,2,207520,Huntsville,AL,0.198,,0.048,0.15,196326,202964,94.343,92.842,close
161650,Tallahassee,FL,3,176492,Salt Lake,UT,0.206,,0.056,0.15,196326,204087,94.343,95.848,close
161650,Tallahassee,FL,4,209096,Akron,OH,0.225,,0.002,0.222,196326,195994,94.343,92.121,close
161650,Tallahassee,FL,5,162035,Boise,ID,0.24,,0.227,0.013,196326,229776,94.343,94.215,close
161650,Tallahassee,FL,6,208111,Overland Park,KS,0.245,,0.008,0.237,196326,197381,94.343,91.975,close
161650,Tallahassee,FL,7,191559,Chattanooga,TN,0.268,,0.088,0.181,196326,184742,94.343,92.536,close
161650,Tallahassee,FL,8,208056,Des Moines,IA,0.342,,0.113,0.229,196326,212312,94.343,92.054,close
100091,Montgomery,AL,1,100435,Little Rock,AR,0.062,,0.012,0.05,196268,197866,89.845,89.344,close
100091,Montgomery,AL,2,184196,Sioux Falls,SD,0.08,,0.064,0.016,196268,187809,89.845,90.009,close
100091,Montgomery,AL,3,175780,Knoxville,TN,0.185,,0.045,0.139,196268,190223,89.845,91.24,close
100091,Montgomery,AL,4,127810,Shreveport,LA,0.192,,0.087,0.105,196268,184786,89.845,88.795,close
100091,Montgomery,AL,5,225038,Birmingham,AL,0.195,,0.076,0.118,196268,206950,89.845,91.027,close
100091,Montgomery,AL,6,208111,Overland Park,KS,0.221,,0.008,0.213,196268,197381,89.845,91.975,close
100091,Montgomery,AL,7,209096,Akron,OH,0.23,,0.002,0.228,196268,195994,89.845,92.121,close
100091,Montgomery,AL,8,131717,Fayetteville,NC,0.311,,0.109,0.202,196268,211705,89.845,91.862,close
209096,Akron,OH,1,208111,Overland Park,KS,0.025,,0.01,0.015,195994,197381,92.121,91.975,close
209096,Akron,OH,2,208056,Des Moines,IA,0.122,,0.115,0.007,195994,212312,92.121,92.054,close
209096,Akron,OH,3,207520,Huntsville,AL,0.123,,0.05,0.072,195994,202964,92.121,92.842,close
209096,Akron,OH,4,191559,Chattanooga,TN,0.127,,0.085,0.042,195994,184742,92.121,92.536,close
209096,Akron,OH,5,175780,Knoxville,TN,0.131,,0.043,0.088,195994,190223,92.121,91.24,close
209096,Akron,OH,6,131717,Fayetteville,NC,0.137,,0.111,0.026,195994,211705,92.121,91.862,close
209096,Akron,OH,7,225038,Birmingham,AL,0.188,,0.078,0.109,195994,206950,92.121,91.027,close
209096,Akron,OH,8,161650,Tallahassee,FL,0.225,,0.002,0.222,195994,196326,92.121,94.343,close
194823,Grand Prairie,TX,1,187646,Mckinney,TX,0.093,,0.093,0.0,195272,208272,103.412,103.412,close
194823,Grand Prairie,TX,2,194820,Frisco,TX,0.105,,0.105,0.0,195272,209980,103.412,103.412,close
194823,Grand Prairie,TX,3,160832,Peoria,AZ,0.166,,0.119,0.047,195272,179872,103.412,103.884,close
194823,Grand Prairie,TX,4,212231,Garland,TX,0.286,,0.286,0.0,195272,238139,103.412,103.412,close
194823,Grand Prairie,TX,5,205218,Salem,OR,0.291,,0.151,0.14,195272,175891,103.412,104.81,close
194823,Grand Prairie,TX,6,133222,Eugene,OR,0.298,,0.173,0.125,195272,173236,103.412,104.665,close
194823,Grand Prairie,TX,7,176079,Irving,TX,0.303,,0.303,0.0,195272,240916,103.412,103.412,close
194823,Grand Prairie,TX,8,207610,Modesto,CA,0.398,,0.143,0.254,195272,215666,103.412,105.957,close
175780,Knoxville,TN,1,208111,Overland Park,KS,0.127,,0.053,0.073,190223,197381,91.24,91.975,close
175780,Knoxville,TN,2,209096,Akron,OH,0.131,,0.043,0.088,190223,195994,91.24,92.121,close
175780,Knoxville,TN,3,184196,Sioux Falls,SD,0.142,,0.018,0.123,190223,187809,91.24,90.009,close
175780,Knoxville,TN,4,225038,Birmingham,AL,0.143,,0.122,0.021,190223,206950,91.24,91.027,close
175780,Knoxville,TN,5,191559,Chattanooga,TN,0.172,,0.042,0.13,190223,184742,91.24,92.536,close
175780,Knoxville,TN,6,100091,Montgomery,AL,0.185,,0.045,0.139,190223,196268,91.24,89.845,close
175780,Knoxville,TN,7,131717,Fayetteville,NC,0.217,,0.154,0.062,190223,211705,91.24,91.862,close
175780,Knoxville,TN,8,208056,Des Moines,IA,0.24,,0.158,0.081,190223,212312,91.24,92.054,close
184196,Sioux Falls,SD,1,100091,Montgomery,AL,0.08,,0.064,0.016,187809,196268,90.009,89.845,close
184196,Sioux Falls,SD,2,175780,Knoxville,TN,0.142,,0.018,0.123,187809,190223,90.009,91.24,close
184196,Sioux Falls,SD,3,100435,Little Rock,AR,0.142,,0.075,0.067,187809,197866,90.009,89.344,close
184196,Sioux Falls,SD,4,127810,Shreveport,LA,0.145,,0.023,0.121,187809,184786,90.009,88.795,close
184196,Sioux Falls,SD,5,225038,Birmingham,AL,0.242,,0.14,0.102,187809,206950,90.009,91.027,close
184196,Sioux Falls,SD,6,129295,Jackson,MS,0.267,,0.251,0.016,187809,157821,90.009,90.166,close
184196,Sioux Falls,SD,7,208111,Overland Park,KS,0.268,,0.072,0.197,187809,197381,90.009,91.975,close
184196,Sioux Falls,SD,8,209096,Akron,OH,0.273,,0.062,0.211,187809,195994,90.009,92.121,close
160683,Mobile,AL,1,194809,Amarillo,TX,0.463,,0.089,0.374,187746,199654,87.797,91.54,close
160683,Mobile,AL,2,204523,Olathe,KS,0.824,,0.406,0.418,187746,141665,87.797,91.975,close
160683,Mobile,AL,3,205181,Norman,OK,0.933,,0.578,0.355,187746,125762,87.797,91.351,close
160683,Mobile,AL,4,194812,Beaumont,TX,1.029,,0.701,0.328,187746,115473,87.797,91.079,close
160683,Mobile,AL,5,169646,Lincoln,NE,1.048,,0.63,0.418,187746,290505,87.797,91.977,close
160683,Mobile,AL,6,127810,Shreveport,LA,1.123,county_like_functions,0.023,0.1,187746,184786,87.797,88.795,close
160683,Mobile,AL,7,101409,Fort Collins,CO,1.2,,0.158,1.042,187746,168234,87.797,98.215,close
160683,Mobile,AL,8,184196,Sioux Falls,SD,1.222,county_like_functions,0.0,0.221,187746,187809,87.797,90.009,close
176816,Vancouver,WA,1,161246,Ontario,CA,0.235,,0.022,0.214,186192,183393,108.833,106.698,close
176816,Vancouver,WA,2,161251,Rancho Cucamonga,CA,0.272,,0.058,0.214,186192,178849,108.833,106.698,close
176816,Vancouver,WA,3,161585,Fort Lauderdale,FL,0.324,,0.015,0.309,186192,184245,108.833,111.923,close
176816,Vancouver,WA,4,207593,Corona,CA,0.336,,0.123,0.214,186192,170996,108.833,106.698,close
176816,Vancouver,WA,5,161238,Moreno Valley,CA,0.403,,0.19,0.214,186192,212349,108.833,106.698,close
176816,Vancouver,WA,6,161593,Pembroke Pines,FL,0.403,,0.094,0.309,186192,174414,108.833,111.923,close
176816,Vancouver,WA,7,161245,Fontana,CA,0.429,,0.215,0.214,186192,216173,108.833,106.698,close
176816,Vancouver,WA,8,161287,Santa Rosa,CA,0.462,,0.093,0.369,186192,174613,108.833,112.524,close
127810,Shreveport,LA,1,184196,Sioux Falls,SD,0.145,,0.023,0.121,184786,187809,88.795,90.009,close
127810,Shreveport,LA,2,100435,Little Rock,AR,0.154,,0.099,0.055,184786,197866,88.795,89.344,close
127810,Shreveport,LA,3,100091,Montgomery,AL,0.192,,0.087,0.105,184786,196268,88.795,89.845,close
127810,Shreveport,LA,4,175780,Knoxville,TN,0.286,,0.042,0.244,184786,190223,88.795,91.24,close
127810,Shreveport,LA,5,168896,Springfield,MO,0.347,,0.137,0.21,184786,168090,88.795,86.693,close
127810,Shreveport,LA,6,129295,Jackson,MS,0.365,,0.228,0.137,184786,157821,88.795,90.166,close
127810,Shreveport,LA,7,191559,Chattanooga,TN,0.374,,0.0,0.374,184786,184742,88.795,92.536,close
127810,Shreveport,LA,8,176022,Brownsville,TX,0.379,,0.011,0.369,184786,183428,88.795,85.11,close
191559,Chattanooga,TN,1,209096,Akron,OH,0.127,,0.085,0.042,184742,195994,92.536,92.121,close
191559,Chattanooga,TN,2,208111,Overland Park,KS,0.152,,0.095,0.056,184742,197381,92.536,91.975,close
191559,Chattanooga,TN,3,207520,Huntsville,AL,0.166,,0.136,0.031,184742,202964,92.536,92.842,close
191559,Chattanooga,TN,4,175780,Knoxville,TN,0.172,,0.042,0.13,184742,190223,92.536,91.24,close
191559,Chattanooga,TN,5,208056,Des Moines,IA,0.249,,0.201,0.048,184742,212312,92.536,92.054,close
191559,Chattanooga,TN,6,131717,Fayetteville,NC,0.264,,0.197,0.067,184742,211705,92.536,91.862,close
191559,Chattanooga,TN,7,161650,Tallahassee,FL,0.268,,0.088,0.181,184742,196326,92.536,94.343,close
191559,Chattanooga,TN,8,185901,Grand Rapids,MI,0.272,,0.115,0.157,184742,200031,92.536,94.104,close
106079,Worcester,MA,1,112811,Providence,RI,0.187,,0.042,0.145,184570,179270,105.086,103.636,close
106079,Worcester,MA,2,161649,Cape Coral,FL,0.45,,0.123,0.327,184570,200972,105.086,101.817,close
106079,Worcester,MA,3,161441,Hartford,CT,0.604,,0.603,0.001,184570,121535,105.086,105.072,close
106079,Worcester,MA,4,161447,New Haven,CT,0.623,,0.497,0.126,184570,130801,105.086,106.345,close
106079,Worcester,MA,5,124038,Bridgeport,CT,0.848,,0.363,0.485,184570,143525,105.086,109.939,close
106079,Worcester,MA,6,106061,Springfield,MA,0.89,,0.274,0.616,184570,152646,105.086,98.927,close
106079,Worcester,MA,7,109593,Yonkers,NY,0.906,,0.116,0.79,184570,200040,105.086,112.987,close
106079,Worcester,MA,8,225767,Stamford,CT,0.976,,0.49,0.485,184570,131397,105.086,109.939,close
161585,Fort Lauderdale,FL,1,161593,Pembroke Pines,FL,0.079,,0.079,0.0,184245,174414,111.923,111.923,close
161585,Fort Lauderdale,FL,2,161287,Santa Rosa,CA,0.138,,0.077,0.06,184245,174613,111.923,112.524,close
161585,Fort Lauderdale,FL,3,161170,Glendale,CA,0.241,,0.102,0.139,184245,197747,111.923,113.308,close
161585,Fort Lauderdale,FL,4,193114,Garden Grove,CA,0.243,,0.105,0.139,184245,171366,111.923,113.308,close
161585,Fort Lauderdale,FL,5,100709,Huntington Beach,CA,0.244,,0.106,0.139,184245,198246,111.923,113.308,close
161585,Fort Lauderdale,FL,6,161586,Hollywood,FL,0.253,,0.253,0.0,184245,154611,111.923,111.923,close
161585,Fort Lauderdale,FL,7,176816,Vancouver,WA,0.324,,0.015,0.309,184245,186192,111.923,108.833,close
161585,Fort Lauderdale,FL,8,137232,Santa Clarita,CA,0.327,,0.189,0.139,184245,209990,111.923,113.308,close
176022,Brownsville,TX,1,168896,Springfield,MO,0.284,,0.126,0.158,183428,168090,85.11,86.693,close
176022,Brownsville,TX,2,127810,Shreveport,LA,0.379,,0.011,0.369,183428,184786,85.11,88.795,close
176022,Brownsville,TX,3,205460,Mcallen,TX,0.505,,0.352,0.153,183428,143751,85.11,86.642,close
176022,Brownsville,TX,4,184196,Sioux Falls,SD,0.524,,0.034,0.49,183428,187809,85.11,90.009,close
176022,Brownsville,TX,5,100435,Little Rock,AR,0.533,,0.109,0.423,183428,197866,85.11,89.344,close
176022,Brownsville,TX,6,100091,Montgomery,AL,0.571,,0.098,0.473,183428,196268,85.11,89.845,close
176022,Brownsville,TX,7,175780,Knoxville,TN,0.665,,0.052,0.613,183428,190223,85.11,91.24,close
176022,Brownsville,TX,8,129295,Jackson,MS,0.723,,0.217,0.506,183428,157821,85.11,90.166,close
161246,Ontario,CA,1,161251,Rancho Cucamonga,CA,0.036,,0.036,0.0,183393,178849,106.698,106.698,close
161246,Ontario,CA,2,207593,Corona,CA,0.101,,0.101,0.0,183393,170996,106.698,106.698,close
161246,Ontario,CA,3,161238,Moreno Valley,CA,0.211,,0.211,0.0,183393,212349,106.698,106.698,close
161246,Ontario,CA,4,176816,Vancouver,WA,0.235,,0.022,0.214,183393,186192,106.698,108.833,close
161246,Ontario,CA,5,161245,Fontana,CA,0.237,,0.237,0.0,183393,216173,106.698,106.698,close
161246,Ontario,CA,6,205218,Salem,OR,0.249,,0.06,0.189,183393,175891,106.698,104.81,close
161246,Ontario,CA,7,133222,Eugene,OR,0.285,,0.082,0.203,183393,173236,106.698,104.665,close
161246,Ontario,CA,8,207610,Modesto,CA,0.308,,0.234,0.074,183393,215666,106.698,105.957,close
160832,Peoria,AZ,1,205218,Salem,OR,0.125,,0.032,0.093,179872,175891,103.884,104.81,close
160832,Peoria,AZ,2,133222,Eugene,OR,0.132,,0.054,0.078,179872,173236,103.884,104.665,close
160832,Peoria,AZ,3,194823,Grand Prairie,TX,0.166,,0.119,0.047,179872,195272,103.884,103.412,close
160832,Peoria,AZ,4,187646,Mckinney,TX,0.259,,0.211,0.047,179872,208272,103.884,103.412,close
160832,Peoria,AZ,5,194820,Frisco,TX,0.27,,0.223,0.047,179872,209980,103.884,103.412,close
160832,Peoria,AZ,6,161251,Rancho Cucamonga,CA,0.29,,0.008,0.281,179872,178849,103.884,106.698,close
160832,Peoria,AZ,7,161246,Ontario,CA,0.309,,0.028,0.281,179872,183393,103.884,106.698,close
160832,Peoria,AZ,8,100251,Surprise,AZ,0.329,,0.329,0.0,179872,143148,103.884,103.884,close
112811,Providence,RI,1,106079,Worcester,MA,0.187,,0.042,0.145,179270,184570,103.636,105.086,close
112811,Providence,RI,2,161649,Cape Coral,FL,0.347,,0.165,0.182,179270,200972,103.636,101.817,close
112811,Providence,RI,3,106061,Springfield,MA,0.703,,0.232,0.471,179270,152646,103.636,98.927,close
112811,Providence,RI,4,161441,Hartford,CT,0.704,,0.561,0.144,179270,121535,103.636,105.072,close
112811,Providence,RI,5,161447,New Haven,CT,0.726,,0.455,0.271,179270,130801,103.636,106.345,close
112811,Providence,RI,6,101696,Waterbury,CT,0.864,,0.747,0.117,179270,106826,103.636,102.469,close
112811,Providence,RI,7,166441,New Bedford,MA,0.908,,0.908,0.0,179270,95517,103.636,103.636,close
112811,Providence,RI,8,124038,Bridgeport,CT,0.951,,0.321,0.63,179270,143525,103.636,109.939,close
176784,Newport News,VA,1,136056,Hampton,VA,0.403,,0.403,0.0,179062,135464,97.905,97.905,close
176784,Newport News,VA,2,194178,Richmond,VA,0.403,,0.375,0.028,179062,232226,97.905,97.626,close
176784,Newport News,VA,3,136057,Norfolk,VA,0.439,,0.439,0.0,179062,242803,97.905,97.905,close
176784,Newport News,VA,4,114563,Chesapeake,VA,0.464,,0.464,0.0,179062,247011,97.905,97.905,close
176784,Newport News,VA,5,202751,Virginia Beach,VA,1.333,,1.333,0.0,179062,451231,97.905,97.905,close
176784,Newport News,VA,6,209712,Alexandria,VA,1.504,,0.174,1.33,179062,158726,97.905,111.207,close
176784,Newport News,VA,7,175728,Nashville-Davidson County Metropolitan Government,TN,2.091,,1.955,0.136,179062,694176,97.905,96.542,close
176784,Newport News,VA,8,194463,Anchorage Municipality,AK,2.207,county_like_functions,0.681,0.526,179062,287095,97.905,103.162,close
161251,Rancho Cucamonga,CA,1,161246,Ontario,CA,0.036,,0.036,0.0,178849,183393,106.698,106.698,close
161251,Rancho Cucamonga,CA,2,207593,Corona,CA,0.065,,0.065,0.0,178849,170996,106.698,106.698,close
161251,Rancho Cucamonga,CA,3,205218,Salem,OR,0.213,,0.024,0.189,178849,175891,106.698,104.81,close
161251,Rancho Cucamonga,CA,4,161238,Moreno Valley,CA,0.248,,0.248,0.0,178849,212349,106.698,106.698,close
161251,Rancho Cucamonga,CA,5,133222,Eugene,OR,0.249,,0.046,0.203,178849,173236,106.698,104.665,close
161251,Rancho Cucamonga,CA,6,176816,Vancouver,WA,0.272,,0.058,0.214,178849,186192,106.698,108.833,close
161251,Rancho Cucamonga,CA,7,161245,Fontana,CA,0.273,,0.273,0.0,178849,216173,106.698,106.698,close
161251,Rancho Cucamonga,CA,8,160832,Peoria,AZ,0.29,,0.008,0.281,178849,179872,106.698,103.884,close
200728,Elk Grove,CA,1,161376,Lakewood,CO,0.429,,0.172,0.257,177302,157429,109.904,107.334,close
200728,Elk Grove,CA,2,193115,San Bernardino,CA,0.615,,0.295,0.321,177302,217491,109.904,106.698,close
200728,Elk Grove,CA,3,161374,Arvada,CO,0.797,,0.54,0.257,177302,121936,109.904,107.334,close
200728,Elk Grove,CA,4,214783,Miami Gardens,FL,0.902,,0.7,0.202,177302,109131,109.904,111.923,close
200728,Elk Grove,CA,5,201369,Thousand Oaks,CA,0.943,,0.489,0.454,177302,126310,109.904,114.44,close
200728,Elk Grove,CA,6,161302,Simi Valley,CA,0.956,,0.502,0.454,177302,125168,109.904,114.44,close
200728,Elk Grove,CA,7,161229,Irvine,CA,1.019,,0.678,0.34,177302,283700,109.904,113.308,close
200728,Elk Grove,CA,8,123117,Norwalk,CA,1.129,,0.789,0.34,177302,102635,109.904,113.308,close
205218,Salem,OR,1,133222,Eugene,OR,0.036,,0.022,0.014,175891,173236,104.81,104.665,close
205218,Salem,OR,2,160832,Peoria,AZ,0.125,,0.032,0.093,175891,179872,104.81,103.884,close
205218,Salem,OR,3,161251,Rancho Cucamonga,CA,0.213,,0.024,0.189,175891,178849,104.81,106.698,close
205218,Salem,OR,4,207593,Corona,CA,0.23,,0.041,0.189,175891,170996,104.81,106.698,close
205218,Salem,OR,5,161246,Ontario,CA,0.249,,0.06,0.189,175891,183393,104.81,106.698,close
205218,Salem,OR,6,194823,Grand Prairie,TX,0.291,,0.151,0.14,175891,195272,104.81,103.412,close
205218,Salem,OR,7,162299,Naperville,IL,0.339,,0.249,0.09,175891,147986,104.81,105.706,close
205218,Salem,OR,8,162690,Joliet,IL,0.352,,0.262,0.09,175891,146673,104.81,105.706,close
161256,Oceanside,CA,1,193114,Garden Grove,CA,0.16,,0.027,0.132,174648,171366,114.63,113.308,close
161256,Oceanside,CA,2,161287,Santa Rosa,CA,0.211,,0.0,0.211,174648,174613,114.63,112.524,close
161256,Oceanside,CA,3,161255,Escondido,CA,0.22,,0.22,0.0,174648,149943,114.63,114.63,close
161256,Oceanside,CA,4,161281,Sunnyvale,CA,0.268,,0.203,0.065,174648,151746,114.63,115.281,close
161256,Oceanside,CA,5,161299,Oxnard,CA,0.271,,0.252,0.019,174648,207945,114.63,114.44,close
161256,Oceanside,CA,6,161593,Pembroke Pines,FL,0.273,,0.002,0.271,174648,174414,114.63,111.923,close
161256,Oceanside,CA,7,114624,Bellevue,WA,0.299,,0.238,0.061,174648,148073,114.63,114.02,close
161256,Oceanside,CA,8,161170,Glendale,CA,0.311,,0.179,0.132,174648,197747,114.63,113.308,close
161287,Santa Rosa,CA,1,161593,Pembroke Pines,FL,0.062,,0.002,0.06,174613,174414,112.524,111.923,close
161287,Santa Rosa,CA,2,193114,Garden Grove,CA,0.105,,0.027,0.078,174613,171366,112.524,113.308,close
161287,Santa Rosa,CA,3,161585,Fort Lauderdale,FL,0.138,,0.077,0.06,174613,184245,112.524,111.923,close
161287,Santa Rosa,CA,4,161256,Oceanside,CA,0.211,,0.0,0.211,174613,174648,112.524,114.63,close
161287,Santa Rosa,CA,5,161212,Salinas,CA,0.229,,0.173,0.056,174613,154868,112.524,113.082,close
161287,Santa Rosa,CA,6,161586,Hollywood,FL,0.236,,0.176,0.06,174613,154611,112.524,111.923,close
161287,Santa Rosa,CA,7,161170,Glendale,CA,0.258,,0.179,0.078,174613,197747,112.524,113.308,close
161287,Santa Rosa,CA,8,100709,Huntington Beach,CA,0.262,,0.183,0.078,174613,198246,112.524,113.308,close
161593,Pembroke Pines,FL,1,161287,Santa Rosa,CA,0.062,,0.002,0.06,174414,174613,111.923,112.524,close
161593,Pembroke Pines,FL,2,161585,Fort Lauderdale,FL,0.079,,0.079,0.0,174414,184245,111.923,111.923,close
161593,Pembroke Pines,FL,3,193114,Garden Grove,CA,0.164,,0.025,0.139,174414,171366,111.923,113.308,close
161593,Pembroke Pines,FL,4,161586,Hollywood,FL,0.174,,0.174,0.0,174414,154611,111.923,111.923,close
161593,Pembroke Pines,FL,5,161256,Oceanside,CA,0.273,,0.002,0.271,174414,174648,111.923,114.63,close
161593,Pembroke Pines,FL,6,161212,Salinas,CA,0.287,,0.171,0.116,174414,154868,111.923,113.082,close
161593,Pembroke Pines,FL,7,101927,Miramar,FL,0.305,,0.305,0.0,174414,141150,111.923,111.923,close
161593,Pembroke Pines,FL,8,161170,Glendale,CA,0.32,,0.181,0.139,174414,197747,111.923,113.308,close
131775,Cary,NC,1,205455,Pasadena,TX,0.261,,0.216,0.045,173587,149440,98.324,98.772,close
131775,Cary,NC,2,135298,Round Rock,TX,0.384,,0.335,0.049,173587,137575,98.324,98.81,close
131775,Cary,NC,3,174889,Charleston,SC,0.391,,0.313,0.078,173587,139714,98.324,99.105,close
131775,Cary,NC,4,194825,Midland,TX,0.481,,0.239,0.242,173587,147069,98.324,95.905,close
131775,Cary,NC,5,176492,Salt Lake,UT,0.481,,0.234,0.248,173587,204087,98.324,95.848,close
131775,Cary,NC,6,124438,Savannah,GA,0.492,,0.273,0.219,173587,143632,98.324,96.132,close
131775,Cary,NC,7,135095,Pearland,TX,0.535,,0.49,0.045,173587,123562,98.324,98.772,close
131775,Cary,NC,8,174015,Allentown,PA,0.541,,0.515,0.026,173587,121470,98.324,98.067,close
133222,Eugene,OR,1,205218,Salem,OR,0.036,,0.022,0.014,173236,175891,104.665,104.81,close
133222,Eugene,OR,2,160832,Peoria,AZ,0.132,,0.054,0.078,173236,179872,104.665,103.884,close
133222,Eugene,OR,3,207593,Corona,CA,0.222,,0.019,0.203,173236,170996,104.665,106.698,close
133222,Eugene,OR,4,161251,Rancho Cucamonga,CA,0.249,,0.046,0.203,173236,178849,104.665,106.698,close
133222,Eugene,OR,5,161246,Ontario,CA,0.285,,0.082,0.203,173236,183393,104.665,106.698,close
133222,Eugene,OR,6,194823,Grand Prairie,TX,0.298,,0.173,0.125,173236,195272,104.665,103.412,close
133222,Eugene,OR,7,162299,Naperville,IL,0.331,,0.227,0.104,173236,147986,104.665,105.706,close
133222,Eugene,OR,8,162690,Joliet,IL,0.344,,0.24,0.104,173236,146673,104.665,105.706,close
193114,Garden Grove,CA,1,161287,Santa Rosa,CA,0.105,,0.027,0.078,171366,174613,113.308,112.524,close
193114,Garden Grove,CA,2,161256,Oceanside,CA,0.16,,0.027,0.132,171366,174648,113.308,114.63,close
193114,Garden Grove,CA,3,161593,Pembroke Pines,FL,0.164,,0.025,0.139,171366,174414,113.308,111.923,close
193114,Garden Grove,CA,4,161212,Salinas,CA,0.169,,0.146,0.023,171366,154868,113.308,113.082,close
193114,Garden Grove,CA,5,183832,Palmdale,CA,0.187,,0.187,0.0,171366,150498,113.308,113.308,close
193114,Garden Grove,CA,6,161179,Pomona,CA,0.2,,0.2,0.0,171366,149212,113.308,113.308,close
193114,Garden Grove,CA,7,161170,Glendale,CA,0.207,,0.207,0.0,171366,197747,113.308,113.308,close
193114,Garden Grove,CA,8,100709,Huntington Beach,CA,0.21,,0.21,0.0,171366,198246,113.308,113.308,close
207593,Corona,CA,1,161251,Rancho Cucamonga,CA,0.065,,0.065,0.0,170996,178849,106.698,106.698,close
207593,Corona,CA,2,161246,Ontario,CA,0.101,,0.101,0.0,170996,183393,106.698,106.698,close
207593,Corona,CA,3,133222,Eugene,OR,0.222,,0.019,0.203,170996,173236,106.698,104.665,close
207593,Corona,CA,4,205218,Salem,OR,0.23,,0.041,0.189,170996,175891,106.698,104.81,close
207593,Corona,CA,5,161328,Thornton,CO,0.271,,0.207,0.064,170996,148113,106.698,107.334,close
207593,Corona,CA,6,162299,Naperville,IL,0.308,,0.209,0.099,170996,147986,106.698,105.706,close
207593,Corona,CA,7,161238,Moreno Valley,CA,0.312,,0.312,0.0,170996,212349,106.698,106.698,close
207593,Corona,CA,8,162690,Joliet,IL,0.321,,0.221,0.099,170996,146673,106.698,105.706,close
101409,Fort Collins,CO,1,208734,North Las Vegas,NV,0.802,,0.629,0.173,168234,260098,98.215,96.482,close
101409,Fort Collins,CO,2,160833,Tempe,AZ,0.819,,0.252,0.567,168234,200402,98.215,103.884,close
101409,Fort Collins,CO,3,205599,Spokane,WA,0.837,,0.4,0.437,168234,222050,98.215,102.585,close
101409,Fort Collins,CO,4,204523,Olathe,KS,0.872,,0.248,0.624,168234,141665,98.215,91.975,close
101409,Fort Collins,CO,5,209777,Madison,WI,0.913,,0.645,0.268,168234,263094,98.215,95.534,close
101409,Fort Collins,CO,6,194809,Amarillo,TX,0.915,,0.247,0.667,168234,199654,98.215,91.54,close
101409,Fort Collins,CO,7,189929,Aurora,IL,0.972,,0.223,0.749,168234,196383,98.215,105.706,close
101409,Fort Collins,CO,8,131775,Cary,NC,1.056,county_like_functions,0.045,0.011,168234,173587,98.215,98.324,close
168896,Springfield,MO,1,205460,Mcallen,TX,0.231,,0.226,0.005,168090,143751,86.693,86.642,close
168896,Springfield,MO,2,176022,Brownsville,TX,0.284,,0.126,0.158,168090,183428,86.693,85.11,close
168896,Springfield,MO,3,127810,Shreveport,LA,0.347,,0.137,0.21,168090,184786,86.693,88.795,close
168896,Springfield,MO,4,129295,Jackson,MS,0.438,,0.091,0.347,168090,157821,86.693,90.166,close
168896,Springfield,MO,5,184196,Sioux Falls,SD,0.492,,0.16,0.332,168090,187809,86.693,90.009,close
168896,Springfield,MO,6,164885,Topeka,KS,0.497,,0.432,0.064,168090,124558,86.693,87.335,close
168896,Springfield,MO,7,184266,Clarksville,TN,0.498,,0.06,0.438,168090,161247,86.693,91.071,close
168896,Springfield,MO,8,100435,Little Rock,AR,0.5,,0.235,0.265,168090,197866,86.693,89.344,close
184266,Clarksville,TN,1,175981,Killeen,TX,0.099,,0.066,0.032,161247,153991,91.071,91.395,close
184266,Clarksville,TN,2,129295,Jackson,MS,0.121,,0.031,0.091,161247,157821,91.071,90.166,close
184266,Clarksville,TN,3,102882,Rockford,IL,0.194,,0.155,0.039,161247,144835,91.071,90.681,close
184266,Clarksville,TN,4,172543,Dayton,OH,0.243,,0.205,0.038,161247,139907,91.071,91.453,close
184266,Clarksville,TN,5,175780,Knoxville,TN,0.255,,0.238,0.017,161247,190223,91.071,91.24,close
184266,Clarksville,TN,6,184196,Sioux Falls,SD,0.326,,0.22,0.106,161247,187809,91.071,90.009,close
184266,Clarksville,TN,7,191559,Chattanooga,TN,0.343,,0.196,0.147,161247,184742,91.071,92.536,close
184266,Clarksville,TN,8,225038,Birmingham,AL,0.364,,0.36,0.004,161247,206950,91.071,91.027,close
209712,Alexandria,VA,1,176784,Newport News,VA,1.504,,0.174,1.33,158726,179062,111.207,97.905,loose
209712,Alexandria,VA,2,136056,Hampton,VA,1.559,,0.229,1.33,158726,135464,111.207,97.905,loose
209712,Alexandria,VA,3,194178,Richmond,VA,1.907,,0.549,1.358,158726,232226,111.207,97.626,loose
209712,Alexandria,VA,4,136057,Norfolk,VA,1.943,,0.613,1.33,158726,242803,111.207,97.905,loose
209712,Alexandria,VA,5,114563,Chesapeake,VA,1.968,,0.638,1.33,158726,247011,111.207,97.905,loose
209712,Alexandria,VA,6,166448,Cambridge,MA,2.011,consolidated_or_independent,0.413,0.098,158726,119192,111.207,112.187,loose
209712,Alexandria,VA,7,124214,Washington Dc,DC,2.167,,2.167,0.0,158726,712816,111.207,111.207,loose
209712,Alexandria,VA,8,194463,Anchorage Municipality,AK,2.659,county_like_functions,0.855,0.804,158726,287095,111.207,103.162,loose
161123,Hayward,CA,1,161281,Sunnyvale,CA,0.33,,0.058,0.272,157966,151746,118.003,115.281,close
161123,Hayward,CA,2,123092,Berkeley,CA,0.364,,0.364,0.0,157966,122726,118.003,118.003,close
161123,Hayward,CA,3,161255,Escondido,CA,0.412,,0.075,0.337,157966,149943,118.003,114.63,close
161123,Hayward,CA,4,161256,Oceanside,CA,0.482,,0.145,0.337,157966,174648,118.003,114.63,close
161123,Hayward,CA,5,114624,Bellevue,WA,0.492,,0.093,0.398,157966,148073,118.003,114.02,close
161123,Hayward,CA,6,161212,Salinas,CA,0.521,,0.029,0.492,157966,154868,118.003,113.082,close
161123,Hayward,CA,7,161135,Richmond,CA,0.522,,0.522,0.0,157966,110038,118.003,118.003,close
161123,Hayward,CA,8,183832,Palmdale,CA,0.539,,0.07,0.469,157966,150498,118.003,113.308,close
129295,Jackson,MS,1,184266,Clarksville,TN,0.121,,0.031,0.091,157821,161247,90.166,91.071,close
129295,Jackson,MS,2,175981,Killeen,TX,0.158,,0.035,0.123,157821,153991,90.166,91.395,close
129295,Jackson,MS,3,102882,Rockford,IL,0.175,,0.124,0.052,157821,144835,90.166,90.681,close
129295,Jackson,MS,4,164470,Cedar Rapids,IA,0.256,,0.236,0.02,157821,134027,90.166,89.963,close
129295,Jackson,MS,5,184196,Sioux Falls,SD,0.267,,0.251,0.016,157821,187809,90.166,90.009,close
129295,Jackson,MS,6,172543,Dayton,OH,0.303,,0.174,0.129,157821,139907,90.166,91.453,close
129295,Jackson,MS,7,100091,Montgomery,AL,0.347,,0.315,0.032,157821,196268,90.166,89.845,close
129295,Jackson,MS,8,127810,Shreveport,LA,0.365,,0.228,0.137,157821,184786,90.166,88.795,close
161376,Lakewood,CO,1,161374,Arvada,CO,0.369,,0.369,0.0,157429,121936,107.334,107.334,close
161376,Lakewood,CO,2,200728,Elk Grove,CA,0.429,,0.172,0.257,157429,177302,107.334,109.904,close
161376,Lakewood,CO,3,193115,San Bernardino,CA,0.53,,0.466,0.064,157429,217491,107.334,106.698,close
161376,Lakewood,CO,4,214783,Miami Gardens,FL,0.988,,0.529,0.459,157429,109131,107.334,111.923,close
161376,Lakewood,CO,5,201369,Thousand Oaks,CA,1.028,,0.318,0.711,157429,126310,107.334,114.44,close
161376,Lakewood,CO,6,161302,Simi Valley,CA,1.041,,0.331,0.711,157429,125168,107.334,114.44,close
161376,Lakewood,CO,7,123117,Norwalk,CA,1.215,,0.617,0.597,157429,102635,107.334,113.308,close
161376,Lakewood,CO,8,161710,Port St Lucie,FL,1.315,,0.414,0.901,157429,209715,107.334,98.326,close
184451,Lancaster,CA,1,201369,Thousand Oaks,CA,1.916,police_contracted,0.303,0.113,155822,126310,113.308,114.44,weak
184451,Lancaster,CA,2,161302,Simi Valley,CA,1.929,police_contracted,0.316,0.113,155822,125168,113.308,114.44,weak
184451,Lancaster,CA,3,200728,Elk Grove,CA,2.027,police_contracted,0.186,0.34,155822,177302,113.308,109.904,weak
184451,Lancaster,CA,4,123117,Norwalk,CA,2.102,police_contracted,0.602,0.0,155822,102635,113.308,113.308,weak
184451,Lancaster,CA,5,161376,Lakewood,CO,2.112,police_contracted,0.015,0.597,155822,157429,113.308,107.334,weak
184451,Lancaster,CA,6,214783,Miami Gardens,FL,2.152,police_contracted,0.514,0.139,155822,109131,113.308,111.923,weak
184451,Lancaster,CA,7,161132,Concord,CA,2.247,police_contracted,0.278,0.469,155822,128544,113.308,118.003,weak
184451,Lancaster,CA,8,161229,Irvine,CA,2.364,police_contracted,0.864,0.0,155822,283700,113.308,113.308,weak
161212,Salinas,CA,1,183832,Palmdale,CA,0.064,,0.041,0.023,154868,150498,113.082,113.308,close
161212,Salinas,CA,2,161179,Pomona,CA,0.076,,0.054,0.023,154868,149212,113.082,113.308,close
161212,Salinas,CA,3,184046,Paterson,NJ,0.106,,0.097,0.009,154868,144801,113.082,112.987,close
161212,Salinas,CA,4,161586,Hollywood,FL,0.118,,0.002,0.116,154868,154611,113.082,111.923,close
161212,Salinas,CA,5,207583,Torrance,CA,0.152,,0.13,0.023,154868,141553,113.082,113.308,close
161212,Salinas,CA,6,207582,Pasadena,CA,0.157,,0.135,0.023,154868,141045,113.082,113.308,close
161212,Salinas,CA,7,114624,Bellevue,WA,0.159,,0.065,0.094,154868,148073,113.082,114.02,close
161212,Salinas,CA,8,193114,Garden Grove,CA,0.169,,0.146,0.023,154868,171366,113.082,113.308,close
161586,Hollywood,FL,1,161212,Salinas,CA,0.118,,0.002,0.116,154611,154868,111.923,113.082,close
161586,Hollywood,FL,2,101927,Miramar,FL,0.131,,0.131,0.0,154611,141150,111.923,111.923,close
161586,Hollywood,FL,3,161593,Pembroke Pines,FL,0.174,,0.174,0.0,154611,174414,111.923,111.923,close
161586,Hollywood,FL,4,183832,Palmdale,CA,0.177,,0.039,0.139,154611,150498,111.923,113.308,close
161586,Hollywood,FL,5,161179,Pomona,CA,0.19,,0.051,0.139,154611,149212,111.923,113.308,close
161586,Hollywood,FL,6,184046,Paterson,NJ,0.201,,0.095,0.106,154611,144801,111.923,112.987,close
161586,Hollywood,FL,7,161287,Santa Rosa,CA,0.236,,0.176,0.06,154611,174613,111.923,112.524,close
161586,Hollywood,FL,8,161585,Fort Lauderdale,FL,0.253,,0.253,0.0,154611,184245,111.923,111.923,close
175981,Killeen,TX,1,184266,Clarksville,TN,0.099,,0.066,0.032,153991,161247,91.395,91.071,close
175981,Killeen,TX,2,172543,Dayton,OH,0.144,,0.138,0.006,153991,139907,91.395,91.453,close
175981,Killeen,TX,3,129295,Jackson,MS,0.158,,0.035,0.123,153991,157821,91.395,90.166,close
175981,Killeen,TX,4,102882,Rockford,IL,0.16,,0.088,0.071,153991,144835,91.395,90.681,close
175981,Killeen,TX,5,176286,Waco,TX,0.27,,0.123,0.147,153991,141377,91.395,92.862,close
175981,Killeen,TX,6,175780,Knoxville,TN,0.32,,0.305,0.016,153991,190223,91.395,91.24,close
175981,Killeen,TX,7,176386,Abilene,TX,0.321,,0.308,0.013,153991,124407,91.395,91.526,close
175981,Killeen,TX,8,164470,Cedar Rapids,IA,0.344,,0.2,0.143,153991,134027,91.395,89.963,close
102163,Macon-Bibb County,GA,1,164911,Wyandotte County And Kansas Unified Government,KS,0.181,,0.0,0.18,152737,152727,90.17,91.975,close
102163,Macon-Bibb County,GA,2,161944,Columbus Consolidated Government,GA,0.441,,0.363,0.078,152737,196442,90.17,89.39,close
102163,Macon-Bibb County,GA,3,194679,Augusta-Richmond County Consolidated Government,GA,0.529,,0.371,0.158,152737,197468,90.17,91.751,close
102163,Macon-Bibb County,GA,4,161834,Athens-Clarke County Unified Government,GA,0.583,,0.257,0.325,152737,127795,90.17,93.425,close
102163,Macon-Bibb County,GA,5,166054,Baton Rouge-East Baton Rouge-Parish,LA,0.744,,0.52,0.223,152737,219052,90.17,92.404,close
102163,Macon-Bibb County,GA,6,165831,Lexington-Fayette Urban County Government,KY,1.197,,1.088,0.109,152737,324735,90.17,91.256,close
102163,Macon-Bibb County,GA,7,166076,Lafayette-Parish,LA,1.307,county_like_functions,0.272,0.036,152737,126535,90.17,89.813,close
102163,Macon-Bibb County,GA,8,169159,St Louis,MO,1.601,,0.963,0.638,152737,297645,90.17,96.553,close
164911,Wyandotte County And Kansas Unified Government,KS,1,102163,Macon-Bibb County,GA,0.181,,0.0,0.18,152727,152737,91.975,90.17,close
164911,Wyandotte County And Kansas Unified Government,KS,2,194679,Augusta-Richmond County Consolidated Government,GA,0.393,,0.371,0.022,152727,197468,91.975,91.751,close
164911,Wyandotte County And Kansas Unified Government,KS,3,161834,Athens-Clarke County Unified Government,GA,0.402,,0.257,0.145,152727,127795,91.975,93.425,close
164911,Wyandotte County And Kansas Unified Government,KS,4,166054,Baton Rouge-East Baton Rouge-Parish,LA,0.563,,0.52,0.043,152727,219052,91.975,92.404,close
164911,Wyandotte County And Kansas Unified Government,KS,5,161944,Columbus Consolidated Government,GA,0.622,,0.363,0.258,152727,196442,91.975,89.39,close
164911,Wyandotte County And Kansas Unified Government,KS,6,165831,Lexington-Fayette Urban County Government,KY,1.16,,1.088,0.072,152727,324735,91.975,91.256,close
164911,Wyandotte County And Kansas Unified Government,KS,7,169159,St Louis,MO,1.42,,0.963,0.458,152727,297645,91.975,96.553,close
164911,Wyandotte County And Kansas Unified Government,KS,8,166076,Lafayette-Parish,LA,1.488,county_like_functions,0.271,0.216,152727,126535,91.975,89.813,close
106061,Springfield,MA,1,209519,Murfreesboro,TN,0.256,,0.018,0.239,152646,150757,98.927,96.542,close
106061,Springfield,MA,2,161649,Cape Coral,FL,0.686,,0.397,0.289,152646,200972,98.927,101.817,close
106061,Springfield,MA,3,112811,Providence,RI,0.703,,0.232,0.471,152646,179270,98.927,103.636,close
106061,Springfield,MA,4,131239,Rochester,NY,0.78,,0.427,0.353,152646,205225,98.927,95.395,close
106061,Springfield,MA,5,101696,Waterbury,CT,0.869,,0.515,0.354,152646,106826,98.927,102.469,close
106061,Springfield,MA,6,106079,Worcester,MA,0.89,,0.274,0.616,152646,184570,98.927,105.086,close
106061,Springfield,MA,7,161441,Hartford,CT,0.943,,0.329,0.614,152646,121535,98.927,105.072,close
106061,Springfield,MA,8,161447,New Haven,CT,0.965,,0.223,0.742,152646,130801,98.927,106.345,close
161281,Sunnyvale,CA,1,161255,Escondido,CA,0.082,,0.017,0.065,151746,149943,115.281,114.63,close
161281,Sunnyvale,CA,2,114624,Bellevue,WA,0.161,,0.035,0.126,151746,148073,115.281,114.02,close
161281,Sunnyvale,CA,3,183832,Palmdale,CA,0.209,,0.012,0.197,151746,150498,115.281,113.308,close
161281,Sunnyvale,CA,4,161280,Santa Clara,CA,0.211,,0.211,0.0,151746,131055,115.281,115.281,close
161281,Sunnyvale,CA,5,161179,Pomona,CA,0.222,,0.024,0.197,151746,149212,115.281,113.308,close
161281,Sunnyvale,CA,6,161212,Salinas,CA,0.249,,0.029,0.22,151746,154868,115.281,113.082,close
161281,Sunnyvale,CA,7,161256,Oceanside,CA,0.268,,0.203,0.065,151746,174648,115.281,114.63,close
161281,Sunnyvale,CA,8,184046,Paterson,NJ,0.297,,0.068,0.229,151746,144801,115.281,112.987,close
209519,Murfreesboro,TN,1,106061,Springfield,MA,0.256,,0.018,0.239,150757,152646,96.542,98.927,close
209519,Murfreesboro,TN,2,131239,Rochester,NY,0.56,,0.445,0.115,150757,205225,96.542,95.395,close
209519,Murfreesboro,TN,3,161649,Cape Coral,FL,0.942,,0.415,0.527,150757,200972,96.542,101.817,close
209519,Murfreesboro,TN,4,112811,Providence,RI,0.959,,0.25,0.709,150757,179270,96.542,103.636,close
209519,Murfreesboro,TN,5,186634,Buffalo,NY,1.01,,0.755,0.255,150757,254479,96.542,93.994,close
209519,Murfreesboro,TN,6,101696,Waterbury,CT,1.09,,0.497,0.593,150757,106826,96.542,102.469,close
209519,Murfreesboro,TN,7,106079,Worcester,MA,1.146,,0.292,0.854,150757,184570,96.542,105.086,close
209519,Murfreesboro,TN,8,161441,Hartford,CT,1.164,,0.311,0.853,150757,121535,96.542,105.072,close
183832,Palmdale,CA,1,161179,Pomona,CA,0.012,,0.012,0.0,150498,149212,113.308,113.308,close
183832,Palmdale,CA,2,161212,Salinas,CA,0.064,,0.041,0.023,150498,154868,113.308,113.082,close
183832,Palmdale,CA,3,184046,Paterson,NJ,0.088,,0.056,0.032,150498,144801,113.308,112.987,close
183832,Palmdale,CA,4,207583,Torrance,CA,0.088,,0.088,0.0,150498,141553,113.308,113.308,close
183832,Palmdale,CA,5,207582,Pasadena,CA,0.094,,0.094,0.0,150498,141045,113.308,113.308,close
183832,Palmdale,CA,6,114624,Bellevue,WA,0.095,,0.023,0.071,150498,148073,113.308,114.02,close
183832,Palmdale,CA,7,161218,Fullerton,CA,0.105,,0.105,0.0,150498,139921,113.308,113.308,close
183832,Palmdale,CA,8,161220,Orange,CA,0.123,,0.123,0.0,150498,138192,113.308,113.308,close
161255,Escondido,CA,1,114624,Bellevue,WA,0.079,,0.018,0.061,149943,148073,114.63,114.02,close
161255,Escondido,CA,2,161281,Sunnyvale,CA,0.082,,0.017,0.065,149943,151746,114.63,115.281,close
161255,Escondido,CA,3,183832,Palmdale,CA,0.138,,0.005,0.132,149943,150498,114.63,113.308,close
161255,Escondido,CA,4,161179,Pomona,CA,0.139,,0.007,0.132,149943,149212,114.63,113.308,close
161255,Escondido,CA,5,161212,Salinas,CA,0.201,,0.047,0.155,149943,154868,114.63,113.082,close
161255,Escondido,CA,6,184046,Paterson,NJ,0.215,,0.05,0.164,149943,144801,114.63,112.987,close
161255,Escondido,CA,7,207583,Torrance,CA,0.215,,0.083,0.132,149943,141553,114.63,113.308,close
161255,Escondido,CA,8,161256,Oceanside,CA,0.22,,0.22,0.0,149943,174648,114.63,114.63,close
205455,Pasadena,TX,1,135298,Round Rock,TX,0.123,,0.119,0.004,149440,137575,98.772,98.81,close
205455,Pasadena,TX,2,174889,Charleston,SC,0.13,,0.097,0.033,149440,139714,98.772,99.105,close
205455,Pasadena,TX,3,131775,Cary,NC,0.261,,0.216,0.045,149440,173587,98.772,98.324,close
205455,Pasadena,TX,4,135095,Pearland,TX,0.274,,0.274,0.0,149440,123562,98.772,98.772,close
205455,Pasadena,TX,5,194825,Midland,TX,0.31,,0.023,0.287,149440,147069,98.772,95.905,close
205455,Pasadena,TX,6,124438,Savannah,GA,0.321,,0.057,0.264,149440,143632,98.772,96.132,close
205455,Pasadena,TX,7,176132,Sugar Land,TX,0.342,,0.342,0.0,149440,117875,98.772,98.772,close
205455,Pasadena,TX,8,174894,North Charleston,SC,0.365,,0.332,0.033,149440,118752,98.772,99.105,close
161179,Pomona,CA,1,183832,Palmdale,CA,0.012,,0.012,0.0,149212,150498,113.308,113.308,close
161179,Pomona,CA,2,184046,Paterson,NJ,0.075,,0.043,0.032,149212,144801,113.308,112.987,close
161179,Pomona,CA,3,207583,Torrance,CA,0.076,,0.076,0.0,149212,141553,113.308,113.308,close
161179,Pomona,CA,4,161212,Salinas,CA,0.076,,0.054,0.023,149212,154868,113.308,113.082,close
161179,Pomona,CA,5,207582,Pasadena,CA,0.081,,0.081,0.0,149212,141045,113.308,113.308,close
161179,Pomona,CA,6,114624,Bellevue,WA,0.082,,0.011,0.071,149212,148073,113.308,114.02,close
161179,Pomona,CA,7,161218,Fullerton,CA,0.093,,0.093,0.0,149212,139921,113.308,113.308,close
161179,Pomona,CA,8,161220,Orange,CA,0.111,,0.111,0.0,149212,138192,113.308,113.308,close
161328,Thornton,CO,1,162299,Naperville,IL,0.164,,0.001,0.163,148113,147986,107.334,105.706,close
161328,Thornton,CO,2,162690,Joliet,IL,0.177,,0.014,0.163,148113,146673,107.334,105.706,close
161328,Thornton,CO,3,207593,Corona,CA,0.271,,0.207,0.064,148113,170996,107.334,106.698,close
161328,Thornton,CO,4,123137,Roseville,CA,0.29,,0.033,0.257,148113,144725,107.334,109.904,close
161328,Thornton,CO,5,161252,Victorville,CA,0.309,,0.245,0.064,148113,124982,107.334,106.698,close
161328,Thornton,CO,6,161251,Rancho Cucamonga,CA,0.336,,0.272,0.064,148113,178849,107.334,106.698,close
161328,Thornton,CO,7,211654,Westminster,CO,0.364,,0.364,0.0,148113,115046,107.334,107.334,close
161328,Thornton,CO,8,161246,Ontario,CA,0.372,,0.308,0.064,148113,183393,107.334,106.698,close
114624,Bellevue,WA,1,161255,Escondido,CA,0.079,,0.018,0.061,148073,149943,114.02,114.63,close
114624,Bellevue,WA,2,161179,Pomona,CA,0.082,,0.011,0.071,148073,149212,114.02,113.308,close
114624,Bellevue,WA,3,183832,Palmdale,CA,0.095,,0.023,0.071,148073,150498,114.02,113.308,close
114624,Bellevue,WA,4,184046,Paterson,NJ,0.136,,0.032,0.103,148073,144801,114.02,112.987,close
114624,Bellevue,WA,5,207583,Torrance,CA,0.136,,0.065,0.071,148073,141553,114.02,113.308,close
114624,Bellevue,WA,6,207582,Pasadena,CA,0.141,,0.07,0.071,148073,141045,114.02,113.308,close
114624,Bellevue,WA,7,161218,Fullerton,CA,0.153,,0.082,0.071,148073,139921,114.02,113.308,close
114624,Bellevue,WA,8,161212,Salinas,CA,0.159,,0.065,0.094,148073,154868,114.02,113.082,close
162299,Naperville,IL,1,162690,Joliet,IL,0.013,,0.013,0.0,147986,146673,105.706,105.706,close
162299,Naperville,IL,2,161328,Thornton,CO,0.164,,0.001,0.163,147986,148113,105.706,107.334,close
162299,Naperville,IL,3,100251,Surprise,AZ,0.23,,0.048,0.182,147986,143148,105.706,103.884,close
162299,Naperville,IL,4,209562,Denton,TX,0.234,,0.005,0.229,147986,147515,105.706,103.412,close
162299,Naperville,IL,5,207593,Corona,CA,0.308,,0.209,0.099,147986,170996,105.706,106.698,close
162299,Naperville,IL,6,135130,Carrollton,TX,0.311,,0.081,0.229,147986,139892,105.706,103.412,close
162299,Naperville,IL,7,135132,Mesquite,TX,0.321,,0.091,0.229,147986,138916,105.706,103.412,close
162299,Naperville,IL,8,133222,Eugene,OR,0.331,,0.227,0.104,147986,173236,105.706,104.665,close
209562,Denton,TX,1,135130,Carrollton,TX,0.077,,0.077,0.0,147515,139892,103.412,103.412,close
209562,Denton,TX,2,135132,Mesquite,TX,0.087,,0.087,0.0,147515,138916,103.412,103.412,close
209562,Denton,TX,3,100251,Surprise,AZ,0.091,,0.043,0.047,147515,143148,103.412,103.884,close
209562,Denton,TX,4,123165,Visalia,CA,0.233,,0.128,0.105,147515,135007,103.412,102.358,close
209562,Denton,TX,5,162299,Naperville,IL,0.234,,0.005,0.229,147515,147986,103.412,105.706,close
209562,Denton,TX,6,162690,Joliet,IL,0.238,,0.008,0.229,147515,146673,103.412,105.706,close
209562,Denton,TX,7,212234,Richardson,TX,0.285,,0.285,0.0,147515,121112,103.412,103.412,close
209562,Denton,TX,8,160832,Peoria,AZ,0.333,,0.286,0.047,147515,179872,103.412,103.884,close
194825,Midland,TX,1,124438,Savannah,GA,0.057,,0.034,0.023,147069,143632,95.905,96.132,close
194825,Midland,TX,2,176495,West Valley,UT,0.141,,0.135,0.006,147069,133894,95.905,95.848,close
194825,Midland,TX,3,161572,Gainesville,FL,0.161,,0.123,0.038,147069,135004,95.905,96.282,close
194825,Midland,TX,4,128309,Warren,MI,0.183,,0.146,0.036,147069,132877,95.905,96.266,close
194825,Midland,TX,5,166734,Sterling Heights,MI,0.195,,0.159,0.036,147069,131709,95.905,96.266,close
194825,Midland,TX,6,171248,Wilmington,NC,0.247,,0.237,0.011,147069,124794,95.905,96.01,close
194825,Midland,TX,7,205455,Pasadena,TX,0.31,,0.023,0.287,147069,149440,95.905,98.772,close
194825,Midland,TX,8,114311,West Jordan,UT,0.341,,0.336,0.006,147069,116530,95.905,95.848,close
162690,Joliet,IL,1,162299,Naperville,IL,0.013,,0.013,0.0,146673,147986,105.706,105.706,close
162690,Joliet,IL,2,161328,Thornton,CO,0.177,,0.014,0.163,146673,148113,105.706,107.334,close
162690,Joliet,IL,3,100251,Surprise,AZ,0.217,,0.035,0.182,146673,143148,105.706,103.884,close
162690,Joliet,IL,4,209562,Denton,TX,0.238,,0.008,0.229,146673,147515,105.706,103.412,close
162690,Joliet,IL,5,135130,Carrollton,TX,0.298,,0.068,0.229,146673,139892,105.706,103.412,close
162690,Joliet,IL,6,135132,Mesquite,TX,0.308,,0.078,0.229,146673,138916,105.706,103.412,close
162690,Joliet,IL,7,207593,Corona,CA,0.321,,0.221,0.099,146673,170996,105.706,106.698,close
162690,Joliet,IL,8,161252,Victorville,CA,0.33,,0.231,0.099,146673,124982,105.706,106.698,close
102882,Rockford,IL,1,172543,Dayton,OH,0.127,,0.05,0.077,144835,139907,90.681,91.453,close
102882,Rockford,IL,2,175981,Killeen,TX,0.16,,0.088,0.071,144835,153991,90.681,91.395,close
102882,Rockford,IL,3,129295,Jackson,MS,0.175,,0.124,0.052,144835,157821,90.681,90.166,close
102882,Rockford,IL,4,164470,Cedar Rapids,IA,0.184,,0.112,0.072,144835,134027,90.681,89.963,close
102882,Rockford,IL,5,184266,Clarksville,TN,0.194,,0.155,0.039,144835,161247,90.681,91.071,close
102882,Rockford,IL,6,176286,Waco,TX,0.253,,0.035,0.218,144835,141377,90.681,92.862,close
102882,Rockford,IL,7,176386,Abilene,TX,0.304,,0.219,0.084,144835,124407,90.681,91.526,close
102882,Rockford,IL,8,194654,Pueblo,CO,0.387,,0.361,0.026,144835,112751,90.681,90.424,close
184046,Paterson,NJ,1,207583,Torrance,CA,0.065,,0.033,0.032,144801,141553,112.987,113.308,close
184046,Paterson,NJ,2,207582,Pasadena,CA,0.07,,0.038,0.032,144801,141045,112.987,113.308,close
184046,Paterson,NJ,3,161179,Pomona,CA,0.075,,0.043,0.032,144801,149212,112.987,113.308,close
184046,Paterson,NJ,4,161218,Fullerton,CA,0.082,,0.049,0.032,144801,139921,112.987,113.308,close
184046,Paterson,NJ,5,183832,Palmdale,CA,0.088,,0.056,0.032,144801,150498,112.987,113.308,close
184046,Paterson,NJ,6,161220,Orange,CA,0.099,,0.067,0.032,144801,138192,112.987,113.308,close
184046,Paterson,NJ,7,161212,Salinas,CA,0.106,,0.097,0.009,144801,154868,112.987,113.082,close
184046,Paterson,NJ,8,114624,Bellevue,WA,0.136,,0.032,0.103,144801,148073,112.987,114.02,close
123137,Roseville,CA,1,101927,Miramar,FL,0.238,,0.036,0.202,144725,141150,109.904,111.923,close
123137,Roseville,CA,2,161328,Thornton,CO,0.29,,0.033,0.257,144725,148113,109.904,107.334,close
123137,Roseville,CA,3,161586,Hollywood,FL,0.297,,0.095,0.202,144725,154611,109.904,111.923,close
123137,Roseville,CA,4,184046,Paterson,NJ,0.309,,0.001,0.308,144725,144801,109.904,112.987,close
123137,Roseville,CA,5,207583,Torrance,CA,0.372,,0.032,0.34,144725,141553,109.904,113.308,close
123137,Roseville,CA,6,207582,Pasadena,CA,0.378,,0.037,0.34,144725,141045,109.904,113.308,close
123137,Roseville,CA,7,161179,Pomona,CA,0.384,,0.044,0.34,144725,149212,109.904,113.308,close
123137,Roseville,CA,8,161218,Fullerton,CA,0.389,,0.049,0.34,144725,139921,109.904,113.308,close
205460,Mcallen,TX,1,168896,Springfield,MO,0.231,,0.226,0.005,143751,168090,86.642,86.693,close
205460,Mcallen,TX,2,164885,Topeka,KS,0.276,,0.207,0.069,143751,124558,86.642,87.335,close
205460,Mcallen,TX,3,168809,Columbia,MO,0.321,,0.204,0.116,143751,124769,86.642,87.805,close
205460,Mcallen,TX,4,171371,Fargo,ND,0.329,,0.199,0.13,143751,125209,86.642,87.941,close
205460,Mcallen,TX,5,102882,Rockford,IL,0.415,,0.011,0.404,143751,144835,86.642,90.681,close
205460,Mcallen,TX,6,164470,Cedar Rapids,IA,0.433,,0.101,0.332,143751,134027,86.642,89.963,close
205460,Mcallen,TX,7,208793,Las Cruces,NM,0.464,,0.452,0.012,143751,105096,86.642,86.761,close
205460,Mcallen,TX,8,129295,Jackson,MS,0.487,,0.135,0.352,143751,157821,86.642,90.166,close
124438,Savannah,GA,1,194825,Midland,TX,0.057,,0.034,0.023,143632,147069,96.132,95.905,close
124438,Savannah,GA,2,161572,Gainesville,FL,0.104,,0.089,0.015,143632,135004,96.132,96.282,close
124438,Savannah,GA,3,128309,Warren,MI,0.126,,0.112,0.013,143632,132877,96.132,96.266,close
124438,Savannah,GA,4,176495,West Valley,UT,0.13,,0.101,0.028,143632,133894,96.132,95.848,close
124438,Savannah,GA,5,166734,Sterling Heights,MI,0.138,,0.125,0.013,143632,131709,96.132,96.266,close
124438,Savannah,GA,6,171248,Wilmington,NC,0.215,,0.203,0.012,143632,124794,96.132,96.01,close
124438,Savannah,GA,7,184767,Lakeland,FL,0.318,,0.317,0.001,143632,115283,96.132,96.145,close
124438,Savannah,GA,8,205455,Pasadena,TX,0.321,,0.057,0.264,143632,149440,96.132,98.772,close
124038,Bridgeport,CT,1,225767,Stamford,CT,0.127,,0.127,0.0,143525,131397,109.939,109.939,close
124038,Bridgeport,CT,2,161595,Coral Springs,FL,0.303,,0.104,0.198,143525,133519,109.939,111.923,close
124038,Bridgeport,CT,3,161447,New Haven,CT,0.493,,0.134,0.359,143525,130801,109.939,106.345,close
124038,Bridgeport,CT,4,170001,Manchester,NH,0.525,,0.351,0.174,143525,112546,109.939,108.195,close
124038,Bridgeport,CT,5,166449,Lowell,MA,0.597,,0.372,0.225,143525,110904,109.939,112.187,close
124038,Bridgeport,CT,6,161441,Hartford,CT,0.727,,0.24,0.487,143525,121535,109.939,105.072,close
124038,Bridgeport,CT,7,109593,Yonkers,NY,0.784,,0.479,0.305,143525,200040,109.939,112.987,close
124038,Bridgeport,CT,8,166455,Brockton,MA,0.808,,0.584,0.225,143525,95770,109.939,112.187,close
100251,Surprise,AZ,1,135130,Carrollton,TX,0.08,,0.033,0.047,143148,139892,103.884,103.412,close
100251,Surprise,AZ,2,135132,Mesquite,TX,0.09,,0.043,0.047,143148,138916,103.884,103.412,close
100251,Surprise,AZ,3,209562,Denton,TX,0.091,,0.043,0.047,143148,147515,103.884,103.412,close
100251,Surprise,AZ,4,162690,Joliet,IL,0.217,,0.035,0.182,143148,146673,103.884,105.706,close
100251,Surprise,AZ,5,162299,Naperville,IL,0.23,,0.048,0.182,143148,147986,103.884,105.706,close
100251,Surprise,AZ,6,123165,Visalia,CA,0.237,,0.084,0.153,143148,135007,103.884,102.358,close
100251,Surprise,AZ,7,212234,Richardson,TX,0.288,,0.241,0.047,143148,121112,103.884,103.412,close
100251,Surprise,AZ,8,160832,Peoria,AZ,0.329,,0.329,0.0,143148,179872,103.884,103.884,close
204523,Olathe,KS,1,205181,Norman,OK,0.234,,0.172,0.062,141665,125762,91.975,91.351,close
204523,Olathe,KS,2,194812,Beaumont,TX,0.385,,0.295,0.09,141665,115473,91.975,91.079,close
204523,Olathe,KS,3,194809,Amarillo,TX,0.539,,0.495,0.043,141665,199654,91.975,91.54,close
204523,Olathe,KS,4,160683,Mobile,AL,0.824,,0.406,0.418,141665,187746,91.975,87.797,close
204523,Olathe,KS,5,101409,Fort Collins,CO,0.872,,0.248,0.624,141665,168234,91.975,98.215,close
204523,Olathe,KS,6,169646,Lincoln,NE,1.036,,1.036,0.0,141665,290505,91.975,91.977,close
204523,Olathe,KS,7,172543,Dayton,OH,1.07,county_like_functions,0.018,0.052,141665,139907,91.975,91.453,close
204523,Olathe,KS,8,176286,Waco,TX,1.092,county_like_functions,0.003,0.089,141665,141377,91.975,92.862,close
207583,Torrance,CA,1,207582,Pasadena,CA,0.005,,0.005,0.0,141553,141045,113.308,113.308,close
207583,Torrance,CA,2,161218,Fullerton,CA,0.017,,0.017,0.0,141553,139921,113.308,113.308,close
207583,Torrance,CA,3,161220,Orange,CA,0.035,,0.035,0.0,141553,138192,113.308,113.308,close
207583,Torrance,CA,4,184046,Paterson,NJ,0.065,,0.033,0.032,141553,144801,113.308,112.987,close
207583,Torrance,CA,5,161179,Pomona,CA,0.076,,0.076,0.0,141553,149212,113.308,113.308,close
207583,Torrance,CA,6,183832,Palmdale,CA,0.088,,0.088,0.0,141553,150498,113.308,113.308,close
207583,Torrance,CA,7,114624,Bellevue,WA,0.136,,0.065,0.071,141553,148073,113.308,114.02,close
207583,Torrance,CA,8,101927,Miramar,FL,0.143,,0.004,0.139,141553,141150,113.308,111.923,close
176286,Waco,TX,1,174959,Columbia,SC,0.154,,0.098,0.056,141377,132130,92.862,93.422,close
176286,Waco,TX,2,172543,Dayton,OH,0.156,,0.015,0.141,141377,139907,92.862,91.453,close
176286,Waco,TX,3,102882,Rockford,IL,0.253,,0.035,0.218,141377,144835,92.862,90.681,close
176286,Waco,TX,4,175981,Killeen,TX,0.27,,0.123,0.147,141377,153991,92.862,91.395,close
176286,Waco,TX,5,194814,College Station,TX,0.289,,0.245,0.043,141377,119260,92.862,92.429,close
176286,Waco,TX,6,176107,Odessa,TX,0.292,,0.173,0.119,141377,125413,92.862,94.052,close
176286,Waco,TX,7,176386,Abilene,TX,0.318,,0.184,0.134,141377,124407,92.862,91.526,close
176286,Waco,TX,8,167574,Rochester,MN,0.324,,0.238,0.086,141377,119862,92.862,92.006,close
170582,Syracuse,NY,1,209519,Murfreesboro,TN,0.393,,0.094,0.299,141229,150757,93.549,96.542,close
170582,Syracuse,NY,2,106061,Springfield,MA,0.65,,0.112,0.538,141229,152646,93.549,98.927,close
170582,Syracuse,NY,3,131239,Rochester,NY,0.724,,0.539,0.185,141229,205225,93.549,95.395,close
170582,Syracuse,NY,4,186634,Buffalo,NY,0.894,,0.85,0.044,141229,254479,93.549,93.994,close
170582,Syracuse,NY,5,101696,Waterbury,CT,1.295,,0.403,0.892,141229,106826,93.549,102.469,close
170582,Syracuse,NY,6,161649,Cape Coral,FL,1.336,,0.509,0.827,141229,200972,93.549,101.817,close
170582,Syracuse,NY,7,112811,Providence,RI,1.353,,0.344,1.009,141229,179270,93.549,103.636,close
170582,Syracuse,NY,8,161441,Hartford,CT,1.369,,0.217,1.152,141229,121535,93.549,105.072,close
101927,Miramar,FL,1,161586,Hollywood,FL,0.131,,0.131,0.0,141150,154611,111.923,111.923,close
101927,Miramar,FL,2,207582,Pasadena,CA,0.14,,0.001,0.139,141150,141045,111.923,113.308,close
101927,Miramar,FL,3,207583,Torrance,CA,0.143,,0.004,0.139,141150,141553,111.923,113.308,close
101927,Miramar,FL,4,184046,Paterson,NJ,0.143,,0.037,0.106,141150,144801,111.923,112.987,close
101927,Miramar,FL,5,161218,Fullerton,CA,0.151,,0.013,0.139,141150,139921,111.923,113.308,close
101927,Miramar,FL,6,161220,Orange,CA,0.169,,0.031,0.139,141150,138192,111.923,113.308,close
101927,Miramar,FL,7,161179,Pomona,CA,0.219,,0.08,0.139,141150,149212,111.923,113.308,close
101927,Miramar,FL,8,183832,Palmdale,CA,0.231,,0.093,0.139,141150,150498,111.923,113.308,close
207582,Pasadena,CA,1,207583,Torrance,CA,0.005,,0.005,0.0,141045,141553,113.308,113.308,close
207582,Pasadena,CA,2,161218,Fullerton,CA,0.012,,0.012,0.0,141045,139921,113.308,113.308,close
207582,Pasadena,CA,3,161220,Orange,CA,0.029,,0.029,0.0,141045,138192,113.308,113.308,close
207582,Pasadena,CA,4,184046,Paterson,NJ,0.07,,0.038,0.032,141045,144801,113.308,112.987,close
207582,Pasadena,CA,5,161179,Pomona,CA,0.081,,0.081,0.0,141045,149212,113.308,113.308,close
207582,Pasadena,CA,6,183832,Palmdale,CA,0.094,,0.094,0.0,141045,150498,113.308,113.308,close
207582,Pasadena,CA,7,101927,Miramar,FL,0.14,,0.001,0.139,141045,141150,113.308,111.923,close
207582,Pasadena,CA,8,114624,Bellevue,WA,0.141,,0.07,0.071,141045,148073,113.308,114.02,close
161218,Fullerton,CA,1,207582,Pasadena,CA,0.012,,0.012,0.0,139921,141045,113.308,113.308,close
161218,Fullerton,CA,2,207583,Torrance,CA,0.017,,0.017,0.0,139921,141553,113.308,113.308,close
161218,Fullerton,CA,3,161220,Orange,CA,0.018,,0.018,0.0,139921,138192,113.308,113.308,close
161218,Fullerton,CA,4,184046,Paterson,NJ,0.082,,0.049,0.032,139921,144801,113.308,112.987,close
161218,Fullerton,CA,5,161179,Pomona,CA,0.093,,0.093,0.0,139921,149212,113.308,113.308,close
161218,Fullerton,CA,6,183832,Palmdale,CA,0.105,,0.105,0.0,139921,150498,113.308,113.308,close
161218,Fullerton,CA,7,101927,Miramar,FL,0.151,,0.013,0.139,139921,141150,113.308,111.923,close
161218,Fullerton,CA,8,114624,Bellevue,WA,0.153,,0.082,0.071,139921,148073,113.308,114.02,close
172543,Dayton,OH,1,102882,Rockford,IL,0.127,,0.05,0.077,139907,144835,91.453,90.681,close
172543,Dayton,OH,2,175981,Killeen,TX,0.144,,0.138,0.006,139907,153991,91.453,91.395,close
172543,Dayton,OH,3,176286,Waco,TX,0.156,,0.015,0.141,139907,141377,91.453,92.862,close
172543,Dayton,OH,4,176386,Abilene,TX,0.177,,0.169,0.007,139907,124407,91.453,91.526,close
172543,Dayton,OH,5,164470,Cedar Rapids,IA,0.211,,0.062,0.149,139907,134027,91.453,89.963,close
172543,Dayton,OH,6,184266,Clarksville,TN,0.243,,0.205,0.038,139907,161247,91.453,91.071,close
172543,Dayton,OH,7,167574,Rochester,MN,0.278,,0.223,0.055,139907,119862,91.453,92.006,close
172543,Dayton,OH,8,174959,Columbia,SC,0.279,,0.083,0.197,139907,132130,91.453,93.422,close
135130,Carrollton,TX,1,135132,Mesquite,TX,0.01,,0.01,0.0,139892,138916,103.412,103.412,close
135130,Carrollton,TX,2,209562,Denton,TX,0.077,,0.077,0.0,139892,147515,103.412,103.412,close
135130,Carrollton,TX,3,100251,Surprise,AZ,0.08,,0.033,0.047,139892,143148,103.412,103.884,close
135130,Carrollton,TX,4,123165,Visalia,CA,0.157,,0.051,0.105,139892,135007,103.412,102.358,close
135130,Carrollton,TX,5,212234,Richardson,TX,0.208,,0.208,0.0,139892,121112,103.412,103.412,close
135130,Carrollton,TX,6,162690,Joliet,IL,0.298,,0.068,0.229,139892,146673,103.412,105.706,close
135130,Carrollton,TX,7,162299,Naperville,IL,0.311,,0.081,0.229,139892,147986,103.412,105.706,close
135130,Carrollton,TX,8,202617,Lewisville,TX,0.318,,0.318,0.0,139892,112232,103.412,103.412,close
174889,Charleston,SC,1,135298,Round Rock,TX,0.052,,0.022,0.03,139714,137575,99.105,98.81,close
174889,Charleston,SC,2,205455,Pasadena,TX,0.13,,0.097,0.033,139714,149440,99.105,98.772,close
174889,Charleston,SC,3,135095,Pearland,TX,0.211,,0.177,0.033,139714,123562,99.105,98.772,close
174889,Charleston,SC,4,174894,North Charleston,SC,0.235,,0.235,0.0,139714,118752,99.105,99.105,close
174889,Charleston,SC,5,176132,Sugar Land,TX,0.279,,0.245,0.033,139714,117875,99.105,98.772,close
174889,Charleston,SC,6,184735,Palm Bay,FL,0.286,,0.257,0.029,139714,116932,99.105,99.392,close
174889,Charleston,SC,7,174015,Allentown,PA,0.306,,0.202,0.104,139714,121470,99.105,98.067,close
174889,Charleston,SC,8,161572,Gainesville,FL,0.332,,0.049,0.282,139714,135004,99.105,96.282,close
135132,Mesquite,TX,1,135130,Carrollton,TX,0.01,,0.01,0.0,138916,139892,103.412,103.412,close
135132,Mesquite,TX,2,209562,Denton,TX,0.087,,0.087,0.0,138916,147515,103.412,103.412,close
135132,Mesquite,TX,3,100251,Surprise,AZ,0.09,,0.043,0.047,138916,143148,103.412,103.884,close
135132,Mesquite,TX,4,123165,Visalia,CA,0.147,,0.041,0.105,138916,135007,103.412,102.358,close
135132,Mesquite,TX,5,212234,Richardson,TX,0.198,,0.198,0.0,138916,121112,103.412,103.412,close
135132,Mesquite,TX,6,202617,Lewisville,TX,0.308,,0.308,0.0,138916,112232,103.412,103.412,close
135132,Mesquite,TX,7,162690,Joliet,IL,0.308,,0.078,0.229,138916,146673,103.412,105.706,close
135132,Mesquite,TX,8,162299,Naperville,IL,0.321,,0.091,0.229,138916,147986,103.412,105.706,close
161220,Orange,CA,1,161218,Fullerton,CA,0.018,,0.018,0.0,138192,139921,113.308,113.308,close
161220,Orange,CA,2,207582,Pasadena,CA,0.029,,0.029,0.0,138192,141045,113.308,113.308,close
161220,Orange,CA,3,207583,Torrance,CA,0.035,,0.035,0.0,138192,141553,113.308,113.308,close
161220,Orange,CA,4,184046,Paterson,NJ,0.099,,0.067,0.032,138192,144801,113.308,112.987,close
161220,Orange,CA,5,161179,Pomona,CA,0.111,,0.111,0.0,138192,149212,113.308,113.308,close
161220,Orange,CA,6,183832,Palmdale,CA,0.123,,0.123,0.0,138192,150498,113.308,113.308,close
161220,Orange,CA,7,204933,Elizabeth,NJ,0.138,,0.106,0.032,138192,128382,113.308,112.987,close
161220,Orange,CA,8,101927,Miramar,FL,0.169,,0.031,0.139,138192,141150,113.308,111.923,close
135298,Round Rock,TX,1,174889,Charleston,SC,0.052,,0.022,0.03,137575,139714,98.81,99.105,close
135298,Round Rock,TX,2,205455,Pasadena,TX,0.123,,0.119,0.004,137575,149440,98.81,98.772,close
135298,Round Rock,TX,3,135095,Pearland,TX,0.159,,0.155,0.004,137575,123562,98.81,98.772,close
135298,Round Rock,TX,4,176132,Sugar Land,TX,0.227,,0.223,0.004,137575,117875,98.81,98.772,close
135298,Round Rock,TX,5,174894,North Charleston,SC,0.242,,0.212,0.03,137575,118752,98.81,99.105,close
135298,Round Rock,TX,6,174015,Allentown,PA,0.254,,0.18,0.074,137575,121470,98.81,98.067,close
135298,Round Rock,TX,7,161572,Gainesville,FL,0.28,,0.027,0.253,137575,135004,98.81,96.282,close
135298,Round Rock,TX,8,184735,Palm Bay,FL,0.293,,0.235,0.058,137575,116932,98.81,99.392,close
136056,Hampton,VA,1,176784,Newport News,VA,0.403,,0.403,0.0,135464,179062,97.905,97.905,loose
136056,Hampton,VA,2,194178,Richmond,VA,0.806,,0.778,0.028,135464,232226,97.905,97.626,loose
136056,Hampton,VA,3,136057,Norfolk,VA,0.842,,0.842,0.0,135464,242803,97.905,97.905,loose
136056,Hampton,VA,4,114563,Chesapeake,VA,0.867,,0.867,0.0,135464,247011,97.905,97.905,loose
136056,Hampton,VA,5,209712,Alexandria,VA,1.559,,0.229,1.33,135464,158726,97.905,111.207,loose
136056,Hampton,VA,6,202751,Virginia Beach,VA,1.736,,1.736,0.0,135464,451231,97.905,97.905,loose
136056,Hampton,VA,7,161834,Athens-Clarke County Unified Government,GA,2.032,runs_schools,0.084,0.448,135464,127795,97.905,93.425,loose
136056,Hampton,VA,8,164911,Wyandotte County And Kansas Unified Government,KS,2.266,runs_schools,0.173,0.593,135464,152727,97.905,91.975,loose
123165,Visalia,CA,1,135132,Mesquite,TX,0.147,,0.041,0.105,135007,138916,102.358,103.412,close
123165,Visalia,CA,2,135130,Carrollton,TX,0.157,,0.051,0.105,135007,139892,102.358,103.412,close
123165,Visalia,CA,3,209562,Denton,TX,0.233,,0.128,0.105,135007,147515,102.358,103.412,close
123165,Visalia,CA,4,100251,Surprise,AZ,0.237,,0.084,0.153,135007,143148,102.358,103.884,close
123165,Visalia,CA,5,212234,Richardson,TX,0.262,,0.157,0.105,135007,121112,102.358,103.412,close
123165,Visalia,CA,6,202617,Lewisville,TX,0.372,,0.267,0.105,135007,112232,102.358,103.412,close
123165,Visalia,CA,7,174889,Charleston,SC,0.375,,0.049,0.325,135007,139714,102.358,99.105,close
123165,Visalia,CA,8,135298,Round Rock,TX,0.382,,0.027,0.355,135007,137575,102.358,98.81,close
161572,Gainesville,FL,1,128309,Warren,MI,0.025,,0.023,0.002,135004,132877,96.282,96.266,close
161572,Gainesville,FL,2,166734,Sterling Heights,MI,0.037,,0.036,0.002,135004,131709,96.282,96.266,close
161572,Gainesville,FL,3,176495,West Valley,UT,0.055,,0.012,0.043,135004,133894,96.282,95.848,close
161572,Gainesville,FL,4,124438,Savannah,GA,0.104,,0.089,0.015,135004,143632,96.282,96.132,close
161572,Gainesville,FL,5,171248,Wilmington,NC,0.141,,0.113,0.027,135004,124794,96.282,96.01,close
161572,Gainesville,FL,6,194825,Midland,TX,0.161,,0.123,0.038,135004,147069,96.282,95.905,close
161572,Gainesville,FL,7,184767,Lakeland,FL,0.242,,0.228,0.014,135004,115283,96.282,96.145,close
161572,Gainesville,FL,8,114311,West Jordan,UT,0.256,,0.212,0.043,135004,116530,96.282,95.848,close
164470,Cedar Rapids,IA,1,102882,Rockford,IL,0.184,,0.112,0.072,134027,144835,89.963,90.681,close
164470,Cedar Rapids,IA,2,172543,Dayton,OH,0.211,,0.062,0.149,134027,139907,89.963,91.453,close
164470,Cedar Rapids,IA,3,163681,Evansville,IN,0.229,,0.179,0.05,134027,118407,89.963,89.465,close
164470,Cedar Rapids,IA,4,129295,Jackson,MS,0.256,,0.236,0.02,134027,157821,89.963,90.166,close
164470,Cedar Rapids,IA,5,176386,Abilene,TX,0.264,,0.107,0.156,134027,124407,89.963,91.526,close
164470,Cedar Rapids,IA,6,194654,Pueblo,CO,0.295,,0.249,0.046,134027,112751,89.963,90.424,close
164470,Cedar Rapids,IA,7,171371,Fargo,ND,0.3,,0.098,0.202,134027,125209,89.963,87.941,close
164470,Cedar Rapids,IA,8,168809,Columbia,MO,0.319,,0.103,0.216,134027,124769,89.963,87.805,close
176495,West Valley,UT,1,128309,Warren,MI,0.053,,0.011,0.042,133894,132877,95.848,96.266,close
176495,West Valley,UT,2,161572,Gainesville,FL,0.055,,0.012,0.043,133894,135004,95.848,96.282,close
176495,West Valley,UT,3,166734,Sterling Heights,MI,0.066,,0.024,0.042,133894,131709,95.848,96.266,close
176495,West Valley,UT,4,171248,Wilmington,NC,0.118,,0.102,0.016,133894,124794,95.848,96.01,close
176495,West Valley,UT,5,124438,Savannah,GA,0.13,,0.101,0.028,133894,143632,95.848,96.132,close
176495,West Valley,UT,6,194825,Midland,TX,0.141,,0.135,0.006,133894,147069,95.848,95.905,close
176495,West Valley,UT,7,114311,West Jordan,UT,0.2,,0.2,0.0,133894,116530,95.848,95.848,close
176495,West Valley,UT,8,184767,Lakeland,FL,0.246,,0.216,0.03,133894,115283,95.848,96.145,close
161595,Coral Springs,FL,1,225767,Stamford,CT,0.222,,0.023,0.198,133519,131397,111.923,109.939,close
161595,Coral Springs,FL,2,166449,Lowell,MA,0.294,,0.268,0.026,133519,110904,111.923,112.187,close
161595,Coral Springs,FL,3,124038,Bridgeport,CT,0.303,,0.104,0.198,133519,143525,111.923,109.939,close
161595,Coral Springs,FL,4,166455,Brockton,MA,0.506,,0.479,0.026,133519,95770,111.923,112.187,close
161595,Coral Springs,FL,5,106055,Lynn,MA,0.524,,0.498,0.026,133519,94539,111.923,112.187,close
161595,Coral Springs,FL,6,166454,Quincy,MA,0.526,,0.5,0.026,133519,94421,111.923,112.187,close
161595,Coral Springs,FL,7,161447,New Haven,CT,0.587,,0.03,0.558,133519,130801,111.923,106.345,close
161595,Coral Springs,FL,8,170001,Manchester,NH,0.619,,0.247,0.373,133519,112546,111.923,108.195,close
128309,Warren,MI,1,166734,Sterling Heights,MI,0.013,,0.013,0.0,132877,131709,96.266,96.266,close
128309,Warren,MI,2,161572,Gainesville,FL,0.025,,0.023,0.002,132877,135004,96.266,96.282,close
128309,Warren,MI,3,176495,West Valley,UT,0.053,,0.011,0.042,132877,133894,96.266,95.848,close
128309,Warren,MI,4,171248,Wilmington,NC,0.116,,0.091,0.026,132877,124794,96.266,96.01,close
128309,Warren,MI,5,124438,Savannah,GA,0.126,,0.112,0.013,132877,143632,96.266,96.132,close
128309,Warren,MI,6,194825,Midland,TX,0.183,,0.146,0.036,132877,147069,96.266,95.905,close
128309,Warren,MI,7,184767,Lakeland,FL,0.217,,0.205,0.012,132877,115283,96.266,96.145,close
128309,Warren,MI,8,114311,West Jordan,UT,0.231,,0.189,0.042,132877,116530,96.266,95.848,close
174959,Columbia,SC,1,176107,Odessa,TX,0.138,,0.075,0.063,132130,125413,93.422,94.052,close
174959,Columbia,SC,2,176286,Waco,TX,0.154,,0.098,0.056,132130,141377,93.422,92.862,close
174959,Columbia,SC,3,162037,Meridian,ID,0.204,,0.125,0.079,132130,121182,93.422,94.215,close
174959,Columbia,SC,4,166690,Lansing,MI,0.229,,0.169,0.06,132130,117540,93.422,94.02,close
174959,Columbia,SC,5,194814,College Station,TX,0.247,,0.148,0.099,132130,119260,93.422,92.429,close
174959,Columbia,SC,6,176495,West Valley,UT,0.262,,0.019,0.243,132130,133894,93.422,95.848,close
174959,Columbia,SC,7,176386,Abilene,TX,0.276,,0.087,0.19,132130,124407,93.422,91.526,close
174959,Columbia,SC,8,172543,Dayton,OH,0.279,,0.083,0.197,132130,139907,93.422,91.453,close
166734,Sterling Heights,MI,1,128309,Warren,MI,0.013,,0.013,0.0,131709,132877,96.266,96.266,close
166734,Sterling Heights,MI,2,161572,Gainesville,FL,0.037,,0.036,0.002,131709,135004,96.266,96.282,close
166734,Sterling Heights,MI,3,176495,West Valley,UT,0.066,,0.024,0.042,131709,133894,96.266,95.848,close
166734,Sterling Heights,MI,4,171248,Wilmington,NC,0.103,,0.078,0.026,131709,124794,96.266,96.01,close
166734,Sterling Heights,MI,5,124438,Savannah,GA,0.138,,0.125,0.013,131709,143632,96.266,96.132,close
166734,Sterling Heights,MI,6,194825,Midland,TX,0.195,,0.159,0.036,131709,147069,96.266,95.905,close
166734,Sterling Heights,MI,7,184767,Lakeland,FL,0.204,,0.192,0.012,131709,115283,96.266,96.145,close
166734,Sterling Heights,MI,8,114311,West Jordan,UT,0.218,,0.177,0.042,131709,116530,96.266,95.848,close
225767,Stamford,CT,1,124038,Bridgeport,CT,0.127,,0.127,0.0,131397,143525,109.939,109.939,close
225767,Stamford,CT,2,161595,Coral Springs,FL,0.222,,0.023,0.198,131397,133519,109.939,111.923,close
225767,Stamford,CT,3,161447,New Haven,CT,0.366,,0.007,0.359,131397,130801,109.939,106.345,close
225767,Stamford,CT,4,170001,Manchester,NH,0.398,,0.223,0.174,131397,112546,109.939,108.195,close
225767,Stamford,CT,5,166449,Lowell,MA,0.469,,0.245,0.225,131397,110904,109.939,112.187,close
225767,Stamford,CT,6,161441,Hartford,CT,0.599,,0.113,0.487,131397,121535,109.939,105.072,close
225767,Stamford,CT,7,166455,Brockton,MA,0.681,,0.456,0.225,131397,95770,109.939,112.187,close
225767,Stamford,CT,8,106055,Lynn,MA,0.7,,0.475,0.225,131397,94539,109.939,112.187,close
161280,Santa Clara,CA,1,161281,Sunnyvale,CA,0.211,,0.211,0.0,131055,151746,115.281,115.281,close
161280,Santa Clara,CA,2,161254,Carlsbad,CA,0.246,,0.181,0.065,131055,115599,115.281,114.63,close
161280,Santa Clara,CA,3,204933,Elizabeth,NJ,0.259,,0.03,0.229,131055,128382,115.281,112.987,close
161280,Santa Clara,CA,4,161255,Escondido,CA,0.259,,0.194,0.065,131055,149943,115.281,114.63,close
161280,Santa Clara,CA,5,161220,Orange,CA,0.274,,0.077,0.197,131055,138192,115.281,113.308,close
161280,Santa Clara,CA,6,161218,Fullerton,CA,0.292,,0.094,0.197,131055,139921,115.281,113.308,close
161280,Santa Clara,CA,7,114624,Bellevue,WA,0.302,,0.176,0.126,131055,148073,115.281,114.02,close
161280,Santa Clara,CA,8,207582,Pasadena,CA,0.303,,0.106,0.197,131055,141045,115.281,113.308,close
161447,New Haven,CT,1,161441,Hartford,CT,0.233,,0.106,0.127,130801,121535,106.345,105.072,close
161447,New Haven,CT,2,225767,Stamford,CT,0.366,,0.007,0.359,130801,131397,106.345,109.939,close
161447,New Haven,CT,3,170001,Manchester,NH,0.402,,0.217,0.185,130801,112546,106.345,108.195,close
161447,New Haven,CT,4,124038,Bridgeport,CT,0.493,,0.134,0.359,130801,143525,106.345,109.939,close
161447,New Haven,CT,5,161595,Coral Springs,FL,0.587,,0.03,0.558,130801,133519,106.345,111.923,close
161447,New Haven,CT,6,106079,Worcester,MA,0.623,,0.497,0.126,130801,184570,106.345,105.086,close
161447,New Haven,CT,7,101696,Waterbury,CT,0.68,,0.292,0.388,130801,106826,106.345,102.469,close
161447,New Haven,CT,8,166441,New Bedford,MA,0.724,,0.454,0.271,130801,95517,106.345,103.636,close
205590,Kent,WA,1,204933,Elizabeth,NJ,1.129,county_like_functions,0.026,0.103,130676,128382,114.02,112.987,weak
205590,Kent,WA,2,161280,Santa Clara,CA,1.13,county_like_functions,0.004,0.126,130676,131055,114.02,115.281,weak
205590,Kent,WA,3,161220,Orange,CA,1.152,county_like_functions,0.081,0.071,130676,138192,114.02,113.308,weak
205590,Kent,WA,4,161218,Fullerton,CA,1.17,county_like_functions,0.099,0.071,130676,139921,114.02,113.308,weak
205590,Kent,WA,5,114624,Bellevue,WA,1.18,county_like_functions,0.18,0.0,130676,148073,114.02,114.02,weak
205590,Kent,WA,6,207582,Pasadena,CA,1.181,county_like_functions,0.11,0.071,130676,141045,114.02,113.308,weak
205590,Kent,WA,7,207583,Torrance,CA,1.187,county_like_functions,0.115,0.071,130676,141553,114.02,113.308,weak
205590,Kent,WA,8,176873,Everett,WA,1.216,county_like_functions,0.216,0.0,130676,112482,114.02,114.02,weak
161132,Concord,CA,1,123096,Antioch,CA,0.204,,0.204,0.0,128544,111605,118.003,118.003,close
161132,Concord,CA,2,201369,Thousand Oaks,CA,0.382,,0.025,0.356,128544,126310,118.003,114.44,close
161132,Concord,CA,3,161302,Simi Valley,CA,0.395,,0.038,0.356,128544,125168,118.003,114.44,close
161132,Concord,CA,4,123117,Norwalk,CA,0.794,,0.325,0.469,128544,102635,118.003,113.308,close
161132,Concord,CA,5,214783,Miami Gardens,FL,0.844,,0.236,0.608,128544,109131,118.003,111.923,close
161132,Concord,CA,6,161374,Arvada,CO,1.143,,0.076,1.067,128544,121936,118.003,107.334,close
161132,Concord,CA,7,200728,Elk Grove,CA,1.274,,0.464,0.81,128544,177302,118.003,109.904,close
161132,Concord,CA,8,161376,Lakewood,CO,1.359,,0.292,1.067,128544,157429,118.003,107.334,close
204933,Elizabeth,NJ,1,207608,Vallejo,CA,0.128,,0.088,0.04,128382,120747,112.987,112.589,close
204933,Elizabeth,NJ,2,161220,Orange,CA,0.138,,0.106,0.032,128382,138192,112.987,113.308,close
204933,Elizabeth,NJ,3,161218,Fullerton,CA,0.156,,0.124,0.032,128382,139921,112.987,113.308,close
204933,Elizabeth,NJ,4,100750,Fairfield,CA,0.167,,0.127,0.04,128382,117580,112.987,112.589,close
204933,Elizabeth,NJ,5,207582,Pasadena,CA,0.168,,0.136,0.032,128382,141045,112.987,113.308,close
204933,Elizabeth,NJ,6,207583,Torrance,CA,0.173,,0.141,0.032,128382,141553,112.987,113.308,close
204933,Elizabeth,NJ,7,184046,Paterson,NJ,0.174,,0.174,0.0,128382,144801,112.987,112.987,close
204933,Elizabeth,NJ,8,211207,Costa Mesa,CA,0.224,,0.192,0.032,128382,112366,112.987,113.308,close
161834,Athens-Clarke County Unified Government,GA,1,164911,Wyandotte County And Kansas Unified Government,KS,0.402,,0.257,0.145,127795,152727,93.425,91.975,close
161834,Athens-Clarke County Unified Government,GA,2,102163,Macon-Bibb County,GA,0.583,,0.257,0.325,127795,152737,93.425,90.17,close
161834,Athens-Clarke County Unified Government,GA,3,194679,Augusta-Richmond County Consolidated Government,GA,0.795,,0.628,0.167,127795,197468,93.425,91.751,close
161834,Athens-Clarke County Unified Government,GA,4,166054,Baton Rouge-East Baton Rouge-Parish,LA,0.88,,0.777,0.102,127795,219052,93.425,92.404,close
161834,Athens-Clarke County Unified Government,GA,5,161944,Columbus Consolidated Government,GA,1.024,,0.62,0.403,127795,196442,93.425,89.39,close
161834,Athens-Clarke County Unified Government,GA,6,166076,Lafayette-Parish,LA,1.375,county_like_functions,0.014,0.361,127795,126535,93.425,89.813,close
161834,Athens-Clarke County Unified Government,GA,7,169159,St Louis,MO,1.533,,1.22,0.313,127795,297645,93.425,96.553,close
161834,Athens-Clarke County Unified Government,GA,8,165831,Lexington-Fayette Urban County Government,KY,1.562,,1.345,0.217,127795,324735,93.425,91.256,close
166076,Lafayette-Parish,LA,1,102163,Macon-Bibb County,GA,1.307,county_like_functions,0.272,0.036,126535,152737,89.813,90.17,weak
166076,Lafayette-Parish,LA,2,161834,Athens-Clarke County Unified Government,GA,1.375,county_like_functions,0.014,0.361,126535,127795,89.813,93.425,weak
166076,Lafayette-Parish,LA,3,164911,Wyandotte County And Kansas Unified Government,KS,1.488,county_like_functions,0.271,0.216,126535,152727,89.813,91.975,weak
166076,Lafayette-Parish,LA,4,164470,Cedar Rapids,IA,1.598,consolidated_or_independent,0.083,0.015,126535,134027,89.813,89.963,weak
166076,Lafayette-Parish,LA,5,163681,Evansville,IN,1.631,consolidated_or_independent,0.096,0.035,126535,118407,89.813,89.465,weak
166076,Lafayette-Parish,LA,6,161944,Columbus Consolidated Government,GA,1.677,county_like_functions,0.635,0.042,126535,196442,89.813,89.39,weak
166076,Lafayette-Parish,LA,7,176386,Abilene,TX,1.696,consolidated_or_independent,0.024,0.171,126535,124407,89.813,91.526,weak
166076,Lafayette-Parish,LA,8,171371,Fargo,ND,1.702,consolidated_or_independent,0.015,0.187,126535,125209,89.813,87.941,weak
201369,Thousand Oaks,CA,1,161302,Simi Valley,CA,0.013,,0.013,0.0,126310,125168,114.44,114.44,close
201369,Thousand Oaks,CA,2,161132,Concord,CA,0.382,,0.025,0.356,126310,128544,114.44,118.003,close
201369,Thousand Oaks,CA,3,123117,Norwalk,CA,0.413,,0.299,0.113,126310,102635,114.44,113.308,close
201369,Thousand Oaks,CA,4,214783,Miami Gardens,FL,0.463,,0.211,0.252,126310,109131,114.44,111.923,close
201369,Thousand Oaks,CA,5,123096,Antioch,CA,0.535,,0.179,0.356,126310,111605,114.44,118.003,close
201369,Thousand Oaks,CA,6,161374,Arvada,CO,0.761,,0.051,0.711,126310,121936,114.44,107.334,close
201369,Thousand Oaks,CA,7,200728,Elk Grove,CA,0.943,,0.489,0.454,126310,177302,114.44,109.904,close
201369,Thousand Oaks,CA,8,161376,Lakewood,CO,1.028,,0.318,0.711,126310,157429,114.44,107.334,close
205181,Norman,OK,1,194812,Beaumont,TX,0.15,,0.123,0.027,125762,115473,91.351,91.079,close
205181,Norman,OK,2,204523,Olathe,KS,0.234,,0.172,0.062,125762,141665,91.351,91.975,close
205181,Norman,OK,3,194809,Amarillo,TX,0.686,,0.667,0.019,125762,199654,91.351,91.54,close
205181,Norman,OK,4,160683,Mobile,AL,0.933,,0.578,0.355,125762,187746,91.351,87.797,close
205181,Norman,OK,5,176386,Abilene,TX,1.033,county_like_functions,0.016,0.017,125762,124407,91.351,91.526,close
205181,Norman,OK,6,101409,Fort Collins,CO,1.106,,0.42,0.686,125762,168234,91.351,98.215,close
205181,Norman,OK,7,167574,Rochester,MN,1.135,county_like_functions,0.069,0.066,125762,119862,91.351,92.006,close
205181,Norman,OK,8,172543,Dayton,OH,1.164,county_like_functions,0.154,0.01,125762,139907,91.351,91.453,close
176107,Odessa,TX,1,162037,Meridian,ID,0.066,,0.05,0.016,125413,121182,94.052,94.215,close
176107,Odessa,TX,2,166690,Lansing,MI,0.097,,0.094,0.003,125413,117540,94.052,94.02,close
176107,Odessa,TX,3,174959,Columbia,SC,0.138,,0.075,0.063,125413,132130,94.052,93.422,close
176107,Odessa,TX,4,176517,Provo,UT,0.195,,0.109,0.086,125413,116295,94.052,94.911,close
176107,Odessa,TX,5,171248,Wilmington,NC,0.203,,0.007,0.196,125413,124794,94.052,96.01,close
176107,Odessa,TX,6,194814,College Station,TX,0.235,,0.073,0.162,125413,119260,94.052,92.429,close
176107,Odessa,TX,7,176386,Abilene,TX,0.264,,0.012,0.253,125413,124407,94.052,91.526,close
176107,Odessa,TX,8,167574,Rochester,MN,0.27,,0.065,0.205,125413,119862,94.052,92.006,close
171371,Fargo,ND,1,168809,Columbia,MO,0.019,,0.005,0.014,125209,124769,87.941,87.805,close
171371,Fargo,ND,2,164885,Topeka,KS,0.068,,0.008,0.061,125209,124558,87.941,87.335,close
171371,Fargo,ND,3,163681,Evansville,IN,0.233,,0.081,0.152,125209,118407,87.941,89.465,close
171371,Fargo,ND,4,135295,Wichita Falls,TX,0.298,,0.248,0.049,125209,105405,87.941,88.434,close
171371,Fargo,ND,5,164470,Cedar Rapids,IA,0.3,,0.098,0.202,125209,134027,87.941,89.963,close
171371,Fargo,ND,6,205460,Mcallen,TX,0.329,,0.199,0.13,125209,143751,87.941,86.642,close
171371,Fargo,ND,7,160723,Tuscaloosa,AL,0.357,,0.284,0.072,125209,102819,87.941,87.218,close
171371,Fargo,ND,8,176386,Abilene,TX,0.368,,0.009,0.358,125209,124407,87.941,91.526,close
161302,Simi Valley,CA,1,201369,Thousand Oaks,CA,0.013,,0.013,0.0,125168,126310,114.44,114.44,close
161302,Simi Valley,CA,2,161132,Concord,CA,0.395,,0.038,0.356,125168,128544,114.44,118.003,close
161302,Simi Valley,CA,3,123117,Norwalk,CA,0.4,,0.286,0.113,125168,102635,114.44,113.308,close
161302,Simi Valley,CA,4,214783,Miami Gardens,FL,0.45,,0.198,0.252,125168,109131,114.44,111.923,close
161302,Simi Valley,CA,5,123096,Antioch,CA,0.522,,0.165,0.356,125168,111605,114.44,118.003,close
161302,Simi Valley,CA,6,161374,Arvada,CO,0.748,,0.038,0.711,125168,121936,114.44,107.334,close
161302,Simi Valley,CA,7,200728,Elk Grove,CA,0.956,,0.502,0.454,125168,177302,114.44,109.904,close
161302,Simi Valley,CA,8,161376,Lakewood,CO,1.041,,0.331,0.711,125168,157429,114.44,107.334,close
161252,Victorville,CA,1,100719,Murrieta,CA,0.101,,0.101,0.0,124982,116522,106.698,106.698,close
161252,Victorville,CA,2,137234,Temecula,CA,0.134,,0.134,0.0,124982,113878,106.698,106.698,close
161252,Victorville,CA,3,211654,Westminster,CO,0.183,,0.12,0.064,124982,115046,106.698,107.334,close
161252,Victorville,CA,4,123146,Rialto,CA,0.263,,0.263,0.0,124982,104132,106.698,106.698,close
161252,Victorville,CA,5,203966,Clovis,CA,0.267,,0.087,0.18,124982,117662,106.698,104.894,close
161252,Victorville,CA,6,102716,Elgin,IL,0.281,,0.182,0.099,124982,110196,106.698,105.706,close
161252,Victorville,CA,7,193960,Bend,OR,0.308,,0.295,0.014,124982,101886,106.698,106.833,close
161252,Victorville,CA,8,161328,Thornton,CO,0.309,,0.245,0.064,124982,148113,106.698,107.334,close
171248,Wilmington,NC,1,166734,Sterling Heights,MI,0.103,,0.078,0.026,124794,131709,96.01,96.266,close
171248,Wilmington,NC,2,114311,West Jordan,UT,0.115,,0.099,0.016,124794,116530,96.01,95.848,close
171248,Wilmington,NC,3,128309,Warren,MI,0.116,,0.091,0.026,124794,132877,96.01,96.266,close
171248,Wilmington,NC,4,176495,West Valley,UT,0.118,,0.102,0.016,124794,133894,96.01,95.848,close
171248,Wilmington,NC,5,184767,Lakeland,FL,0.128,,0.114,0.013,124794,115283,96.01,96.145,close
171248,Wilmington,NC,6,161572,Gainesville,FL,0.141,,0.113,0.027,124794,135004,96.01,96.282,close
171248,Wilmington,NC,7,176107,Odessa,TX,0.203,,0.007,0.196,124794,125413,96.01,94.052,close
171248,Wilmington,NC,8,176517,Provo,UT,0.212,,0.102,0.11,124794,116295,96.01,94.911,close
168809,Columbia,MO,1,171371,Fargo,ND,0.019,,0.005,0.014,124769,125209,87.805,87.941,close
168809,Columbia,MO,2,164885,Topeka,KS,0.049,,0.002,0.047,124769,124558,87.805,87.335,close
168809,Columbia,MO,3,163681,Evansville,IN,0.242,,0.076,0.166,124769,118407,87.805,89.465,close
168809,Columbia,MO,4,135295,Wichita Falls,TX,0.306,,0.243,0.063,124769,105405,87.805,88.434,close
168809,Columbia,MO,5,164470,Cedar Rapids,IA,0.319,,0.103,0.216,124769,134027,87.805,89.963,close
168809,Columbia,MO,6,205460,Mcallen,TX,0.321,,0.204,0.116,124769,143751,87.805,86.642,close
168809,Columbia,MO,7,160723,Tuscaloosa,AL,0.338,,0.279,0.059,124769,102819,87.805,87.218,close
168809,Columbia,MO,8,208793,Las Cruces,NM,0.352,,0.248,0.104,124769,105096,87.805,86.761,close
164885,Topeka,KS,1,168809,Columbia,MO,0.049,,0.002,0.047,124558,124769,87.335,87.805,close
164885,Topeka,KS,2,171371,Fargo,ND,0.068,,0.008,0.061,124558,125209,87.335,87.941,close
164885,Topeka,KS,3,205460,Mcallen,TX,0.276,,0.207,0.069,124558,143751,87.335,86.642,close
164885,Topeka,KS,4,163681,Evansville,IN,0.286,,0.073,0.213,124558,118407,87.335,89.465,close
164885,Topeka,KS,5,160723,Tuscaloosa,AL,0.288,,0.277,0.012,124558,102819,87.335,87.218,close
164885,Topeka,KS,6,208793,Las Cruces,NM,0.303,,0.245,0.057,124558,105096,87.335,86.761,close
164885,Topeka,KS,7,135295,Wichita Falls,TX,0.351,,0.241,0.11,124558,105405,87.335,88.434,close
164885,Topeka,KS,8,113634,Edinburg,TX,0.352,,0.283,0.069,124558,102374,87.335,86.642,close
176386,Abilene,TX,1,167574,Rochester,MN,0.102,,0.054,0.048,124407,119862,91.526,92.006,close
176386,Abilene,TX,2,129515,Independence,MO,0.136,,0.091,0.045,124407,116774,91.526,91.975,close
176386,Abilene,TX,3,194814,College Station,TX,0.151,,0.061,0.09,124407,119260,91.526,92.429,close
176386,Abilene,TX,4,172543,Dayton,OH,0.177,,0.169,0.007,124407,139907,91.526,91.453,close
176386,Abilene,TX,5,108127,Billings,MT,0.195,,0.181,0.014,124407,109736,91.526,91.666,close
176386,Abilene,TX,6,194732,High Point,NC,0.224,,0.132,0.093,124407,113565,91.526,92.452,close
176386,Abilene,TX,7,194654,Pueblo,CO,0.252,,0.142,0.11,124407,112751,91.526,90.424,close
176386,Abilene,TX,8,184222,Broken Arrow,OK,0.253,,0.156,0.097,124407,111648,91.526,90.557,close
135095,Pearland,TX,1,176132,Sugar Land,TX,0.068,,0.068,0.0,123562,117875,98.772,98.772,close
135095,Pearland,TX,2,174894,North Charleston,SC,0.091,,0.057,0.033,123562,118752,98.772,99.105,close
135095,Pearland,TX,3,174015,Allentown,PA,0.095,,0.025,0.071,123562,121470,98.772,98.067,close
135095,Pearland,TX,4,190480,Ann Arbor,MI,0.14,,0.051,0.089,123562,119280,98.772,97.878,close
135095,Pearland,TX,5,184735,Palm Bay,FL,0.142,,0.08,0.062,123562,116932,98.772,99.392,close
135095,Pearland,TX,6,135298,Round Rock,TX,0.159,,0.155,0.004,123562,137575,98.772,98.81,close
135095,Pearland,TX,7,216510,Sandy Springs,GA,0.185,,0.169,0.016,123562,109928,98.772,98.609,close
135095,Pearland,TX,8,176142,League,TX,0.188,,0.188,0.0,123562,108477,98.772,98.772,close
123092,Berkeley,CA,1,161135,Richmond,CA,0.157,,0.157,0.0,122726,110038,118.003,118.003,close
123092,Berkeley,CA,2,211215,Daly,CA,0.213,,0.213,0.0,122726,105868,118.003,118.003,close
123092,Berkeley,CA,3,123157,San Mateo,CA,0.261,,0.261,0.0,122726,102398,118.003,118.003,close
123092,Berkeley,CA,4,161123,Hayward,CA,0.364,,0.364,0.0,122726,157966,118.003,118.003,close
123092,Berkeley,CA,5,161280,Santa Clara,CA,0.367,,0.095,0.272,122726,131055,118.003,115.281,close
123092,Berkeley,CA,6,161254,Carlsbad,CA,0.424,,0.086,0.337,122726,115599,118.003,114.63,close
123092,Berkeley,CA,7,176873,Everett,WA,0.524,,0.126,0.398,122726,112482,118.003,114.02,close
123092,Berkeley,CA,8,161300,San Buenaventura,CA,0.553,,0.196,0.356,122726,107110,118.003,114.44,close
161374,Arvada,CO,1,161376,Lakewood,CO,0.369,,0.369,0.0,121936,157429,107.334,107.334,close
161374,Arvada,CO,2,214783,Miami Gardens,FL,0.619,,0.16,0.459,121936,109131,107.334,111.923,close
161374,Arvada,CO,3,161302,Simi Valley,CA,0.748,,0.038,0.711,121936,125168,107.334,114.44,close
161374,Arvada,CO,4,201369,Thousand Oaks,CA,0.761,,0.051,0.711,121936,126310,107.334,114.44,close
161374,Arvada,CO,5,200728,Elk Grove,CA,0.797,,0.54,0.257,121936,177302,107.334,109.904,close
161374,Arvada,CO,6,123117,Norwalk,CA,0.846,,0.249,0.597,121936,102635,107.334,113.308,close
161374,Arvada,CO,7,193115,San Bernardino,CA,0.898,,0.835,0.064,121936,217491,107.334,106.698,close
161374,Arvada,CO,8,247337,South Fulton,GA,1.122,,0.25,0.873,121936,102567,107.334,98.609,close
161441,Hartford,CT,1,161447,New Haven,CT,0.233,,0.106,0.127,121535,130801,105.072,106.345,close
161441,Hartford,CT,2,170001,Manchester,NH,0.423,,0.111,0.312,121535,112546,105.072,108.195,close
161441,Hartford,CT,3,101696,Waterbury,CT,0.446,,0.186,0.26,121535,106826,105.072,102.469,close
161441,Hartford,CT,4,166441,New Bedford,MA,0.491,,0.348,0.144,121535,95517,105.072,103.636,close
161441,Hartford,CT,5,225767,Stamford,CT,0.599,,0.113,0.487,121535,131397,105.072,109.939,close
161441,Hartford,CT,6,106079,Worcester,MA,0.604,,0.603,0.001,121535,184570,105.072,105.086,close
161441,Hartford,CT,7,112811,Providence,RI,0.704,,0.561,0.144,121535,179270,105.072,103.636,close
161441,Hartford,CT,8,124038,Bridgeport,CT,0.727,,0.24,0.487,121535,143525,105.072,109.939,close
174015,Allentown,PA,1,190480,Ann Arbor,MI,0.045,,0.026,0.019,121470,119280,98.067,97.878,close
174015,Allentown,PA,2,135095,Pearland,TX,0.095,,0.025,0.071,121470,123562,98.067,98.772,close
174015,Allentown,PA,3,176132,Sugar Land,TX,0.114,,0.043,0.071,121470,117875,98.067,98.772,close
174015,Allentown,PA,4,174894,North Charleston,SC,0.136,,0.033,0.104,121470,118752,98.067,99.105,close
174015,Allentown,PA,5,184735,Palm Bay,FL,0.187,,0.055,0.133,121470,116932,98.067,99.392,close
174015,Allentown,PA,6,216510,Sandy Springs,GA,0.198,,0.144,0.054,121470,109928,98.067,98.609,close
174015,Allentown,PA,7,108910,Sparks,NV,0.202,,0.184,0.018,121470,106900,98.067,97.886,close
174015,Allentown,PA,8,176142,League,TX,0.234,,0.163,0.071,121470,108477,98.067,98.772,close
162037,Meridian,ID,1,166690,Lansing,MI,0.064,,0.044,0.02,121182,117540,94.215,94.02,close
162037,Meridian,ID,2,176107,Odessa,TX,0.066,,0.05,0.016,121182,125413,94.215,94.052,close
162037,Meridian,ID,3,176517,Provo,UT,0.129,,0.059,0.07,121182,116295,94.215,94.911,close
162037,Meridian,ID,4,194814,College Station,TX,0.202,,0.023,0.179,121182,119260,94.215,92.429,close
162037,Meridian,ID,5,174959,Columbia,SC,0.204,,0.125,0.079,121182,132130,94.215,93.422,close
162037,Meridian,ID,6,207635,Greeley,CO,0.219,,0.153,0.066,121182,108958,94.215,94.871,close
162037,Meridian,ID,7,114311,West Jordan,UT,0.22,,0.056,0.163,121182,116530,94.215,95.848,close
162037,Meridian,ID,8,171248,Wilmington,NC,0.222,,0.042,0.18,121182,124794,94.215,96.01,close
212234,Richardson,TX,1,202617,Lewisville,TX,0.11,,0.11,0.0,121112,112232,103.412,103.412,close
212234,Richardson,TX,2,209555,Allen,TX,0.147,,0.147,0.0,121112,109379,103.412,103.412,close
212234,Richardson,TX,3,203966,Clovis,CA,0.19,,0.042,0.148,121112,117662,103.412,104.894,close
212234,Richardson,TX,4,135132,Mesquite,TX,0.198,,0.198,0.0,121112,138916,103.412,103.412,close
212234,Richardson,TX,5,135130,Carrollton,TX,0.208,,0.208,0.0,121112,139892,103.412,103.412,close
212234,Richardson,TX,6,123165,Visalia,CA,0.262,,0.157,0.105,121112,135007,103.412,102.358,close
212234,Richardson,TX,7,209562,Denton,TX,0.285,,0.285,0.0,121112,147515,103.412,103.412,close
212234,Richardson,TX,8,100251,Surprise,AZ,0.288,,0.241,0.047,121112,143148,103.412,103.884,close
207608,Vallejo,CA,1,100750,Fairfield,CA,0.038,,0.038,0.0,120747,117580,112.589,112.589,close
207608,Vallejo,CA,2,204933,Elizabeth,NJ,0.128,,0.088,0.04,120747,128382,112.589,112.987,close
207608,Vallejo,CA,3,161679,West Palm Beach,FL,0.165,,0.098,0.067,120747,112782,112.589,111.923,close
207608,Vallejo,CA,4,161588,Pompano Beach,FL,0.17,,0.104,0.067,120747,112360,112.589,111.923,close
207608,Vallejo,CA,5,211207,Costa Mesa,CA,0.176,,0.104,0.072,120747,112366,112.589,113.308,close
207608,Vallejo,CA,6,161169,El Monte,CA,0.176,,0.104,0.072,120747,112344,112.589,113.308,close
207608,Vallejo,CA,7,183829,Downey,CA,0.217,,0.145,0.072,120747,109202,112.589,113.308,close
207608,Vallejo,CA,8,123110,Inglewood,CA,0.244,,0.172,0.072,120747,107203,112.589,113.308,close
167574,Rochester,MN,1,129515,Independence,MO,0.041,,0.038,0.003,119862,116774,92.006,91.975,close
167574,Rochester,MN,2,194814,College Station,TX,0.05,,0.007,0.042,119862,119260,92.006,92.429,close
167574,Rochester,MN,3,176386,Abilene,TX,0.102,,0.054,0.048,119862,124407,92.006,91.526,close
167574,Rochester,MN,4,194732,High Point,NC,0.122,,0.078,0.045,119862,113565,92.006,92.452,close
167574,Rochester,MN,5,135275,Tyler,TX,0.152,,0.147,0.004,119862,108222,92.006,92.048,close
167574,Rochester,MN,6,108127,Billings,MT,0.161,,0.127,0.034,119862,109736,92.006,91.666,close
167574,Rochester,MN,7,166690,Lansing,MI,0.23,,0.028,0.201,119862,117540,92.006,94.02,close
167574,Rochester,MN,8,162037,Meridian,ID,0.237,,0.016,0.221,119862,121182,92.006,94.215,close
190480,Ann Arbor,MI,1,174015,Allentown,PA,0.045,,0.026,0.019,119280,121470,97.878,98.067,close
190480,Ann Arbor,MI,2,176132,Sugar Land,TX,0.106,,0.017,0.089,119280,117875,97.878,98.772,close
190480,Ann Arbor,MI,3,174894,North Charleston,SC,0.129,,0.006,0.123,119280,118752,97.878,99.105,close
190480,Ann Arbor,MI,4,135095,Pearland,TX,0.14,,0.051,0.089,119280,123562,97.878,98.772,close
190480,Ann Arbor,MI,5,108910,Sparks,NV,0.159,,0.158,0.001,119280,106900,97.878,97.886,close
190480,Ann Arbor,MI,6,184735,Palm Bay,FL,0.18,,0.029,0.151,119280,116932,97.878,99.392,close
190480,Ann Arbor,MI,7,216510,Sandy Springs,GA,0.191,,0.118,0.073,119280,109928,97.878,98.609,close
190480,Ann Arbor,MI,8,184767,Lakeland,FL,0.222,,0.049,0.173,119280,115283,97.878,96.145,close
194814,College Station,TX,1,167574,Rochester,MN,0.05,,0.007,0.042,119260,119862,92.429,92.006,close
194814,College Station,TX,2,194732,High Point,NC,0.073,,0.071,0.002,119260,113565,92.429,92.452,close
194814,College Station,TX,3,129515,Independence,MO,0.076,,0.03,0.045,119260,116774,92.429,91.975,close
194814,College Station,TX,4,176386,Abilene,TX,0.151,,0.061,0.09,119260,124407,92.429,91.526,close
194814,College Station,TX,5,135275,Tyler,TX,0.178,,0.14,0.038,119260,108222,92.429,92.048,close
194814,College Station,TX,6,166690,Lansing,MI,0.18,,0.021,0.159,119260,117540,92.429,94.02,close
194814,College Station,TX,7,108127,Billings,MT,0.196,,0.12,0.076,119260,109736,92.429,91.666,close
194814,College Station,TX,8,162037,Meridian,ID,0.202,,0.023,0.179,119260,121182,92.429,94.215,close
166448,Cambridge,MA,1,166449,Lowell,MA,1.104,county_like_functions,0.104,0.0,119192,110904,112.187,112.187,weak
166448,Cambridge,MA,2,161595,Coral Springs,FL,1.19,county_like_functions,0.164,0.026,119192,133519,112.187,111.923,weak
166448,Cambridge,MA,3,166455,Brockton,MA,1.316,county_like_functions,0.316,0.0,119192,95770,112.187,112.187,weak
166448,Cambridge,MA,4,106055,Lynn,MA,1.334,county_like_functions,0.334,0.0,119192,94539,112.187,112.187,weak
166448,Cambridge,MA,5,166454,Quincy,MA,1.336,county_like_functions,0.336,0.0,119192,94421,112.187,112.187,weak
166448,Cambridge,MA,6,225767,Stamford,CT,1.365,county_like_functions,0.141,0.225,119192,131397,112.187,109.939,weak
166448,Cambridge,MA,7,170001,Manchester,NH,1.482,county_like_functions,0.083,0.399,119192,112546,112.187,108.195,weak
166448,Cambridge,MA,8,124038,Bridgeport,CT,1.493,county_like_functions,0.268,0.225,119192,143525,112.187,109.939,weak
174894,North Charleston,SC,1,176132,Sugar Land,TX,0.044,,0.011,0.033,118752,117875,99.105,98.772,close
174894,North Charleston,SC,2,184735,Palm Bay,FL,0.051,,0.022,0.029,118752,116932,99.105,99.392,close
174894,North Charleston,SC,3,135095,Pearland,TX,0.091,,0.057,0.033,118752,123562,99.105,98.772,close
174894,North Charleston,SC,4,207684,Clearwater,FL,0.102,,0.027,0.075,118752,116552,99.105,99.856,close
174894,North Charleston,SC,5,190480,Ann Arbor,MI,0.129,,0.006,0.123,118752,119280,99.105,97.878,close
174894,North Charleston,SC,6,174015,Allentown,PA,0.136,,0.033,0.104,118752,121470,99.105,98.067,close
174894,North Charleston,SC,7,216510,Sandy Springs,GA,0.161,,0.111,0.05,118752,109928,99.105,98.609,close
174894,North Charleston,SC,8,176142,League,TX,0.164,,0.131,0.033,118752,108477,99.105,98.772,close
163681,Evansville,IN,1,194654,Pueblo,CO,0.167,,0.071,0.096,118407,112751,89.465,90.424,close
163681,Evansville,IN,2,193205,Peoria,IL,0.192,,0.114,0.079,118407,109428,89.465,90.251,close
163681,Evansville,IN,3,184222,Broken Arrow,OK,0.194,,0.085,0.109,118407,111648,89.465,90.557,close
163681,Evansville,IN,4,164470,Cedar Rapids,IA,0.229,,0.179,0.05,118407,134027,89.465,89.963,close
163681,Evansville,IN,5,171371,Fargo,ND,0.233,,0.081,0.152,118407,125209,89.465,87.941,close
163681,Evansville,IN,6,168809,Columbia,MO,0.242,,0.076,0.166,118407,124769,89.465,87.805,close
163681,Evansville,IN,7,135295,Wichita Falls,TX,0.271,,0.168,0.103,118407,105405,89.465,88.434,close
163681,Evansville,IN,8,129515,Independence,MO,0.271,,0.02,0.251,118407,116774,89.465,91.975,close
176132,Sugar Land,TX,1,174894,North Charleston,SC,0.044,,0.011,0.033,117875,118752,98.772,99.105,close
176132,Sugar Land,TX,2,135095,Pearland,TX,0.068,,0.068,0.0,117875,123562,98.772,98.772,close
176132,Sugar Land,TX,3,184735,Palm Bay,FL,0.074,,0.012,0.062,117875,116932,98.772,99.392,close
176132,Sugar Land,TX,4,190480,Ann Arbor,MI,0.106,,0.017,0.089,117875,119280,98.772,97.878,close
176132,Sugar Land,TX,5,174015,Allentown,PA,0.114,,0.043,0.071,117875,121470,98.772,98.067,close
176132,Sugar Land,TX,6,216510,Sandy Springs,GA,0.117,,0.101,0.016,117875,109928,98.772,98.609,close
176132,Sugar Land,TX,7,176142,League,TX,0.12,,0.12,0.0,117875,108477,98.772,98.772,close
176132,Sugar Land,TX,8,207684,Clearwater,FL,0.125,,0.016,0.108,117875,116552,98.772,99.856,close
203966,Clovis,CA,1,102716,Elgin,IL,0.176,,0.095,0.081,117662,110196,104.894,105.706,close
203966,Clovis,CA,2,212234,Richardson,TX,0.19,,0.042,0.148,117662,121112,104.894,103.412,close
203966,Clovis,CA,3,100719,Murrieta,CA,0.194,,0.014,0.18,117662,116522,104.894,106.698,close
203966,Clovis,CA,4,202617,Lewisville,TX,0.216,,0.068,0.148,117662,112232,104.894,103.412,close
203966,Clovis,CA,5,137234,Temecula,CA,0.228,,0.047,0.18,117662,113878,104.894,106.698,close
203966,Clovis,CA,6,209555,Allen,TX,0.254,,0.105,0.148,117662,109379,104.894,103.412,close
203966,Clovis,CA,7,161130,Chico,CA,0.261,,0.194,0.067,117662,102867,104.894,104.223,close
203966,Clovis,CA,8,161252,Victorville,CA,0.267,,0.087,0.18,117662,124982,104.894,106.698,close
100750,Fairfield,CA,1,207608,Vallejo,CA,0.038,,0.038,0.0,117580,120747,112.589,112.589,close
100750,Fairfield,CA,2,161679,West Palm Beach,FL,0.127,,0.06,0.067,117580,112782,112.589,111.923,close
100750,Fairfield,CA,3,161588,Pompano Beach,FL,0.132,,0.066,0.067,117580,112360,112.589,111.923,close
100750,Fairfield,CA,4,211207,Costa Mesa,CA,0.137,,0.065,0.072,117580,112366,112.589,113.308,close
100750,Fairfield,CA,5,161169,El Monte,CA,0.138,,0.066,0.072,117580,112344,112.589,113.308,close
100750,Fairfield,CA,6,204933,Elizabeth,NJ,0.167,,0.127,0.04,117580,128382,112.589,112.987,close
100750,Fairfield,CA,7,183829,Downey,CA,0.179,,0.107,0.072,117580,109202,112.589,113.308,close
100750,Fairfield,CA,8,123110,Inglewood,CA,0.205,,0.133,0.072,117580,107203,112.589,113.308,close
166690,Lansing,MI,1,162037,Meridian,ID,0.064,,0.044,0.02,117540,121182,94.02,94.215,close
166690,Lansing,MI,2,176107,Odessa,TX,0.097,,0.094,0.003,117540,125413,94.02,94.052,close
166690,Lansing,MI,3,176517,Provo,UT,0.104,,0.015,0.089,117540,116295,94.02,94.911,close
166690,Lansing,MI,4,194814,College Station,TX,0.18,,0.021,0.159,117540,119260,94.02,92.429,close
166690,Lansing,MI,5,207635,Greeley,CO,0.194,,0.109,0.085,117540,108958,94.02,94.871,close
166690,Lansing,MI,6,114311,West Jordan,UT,0.195,,0.012,0.183,117540,116530,94.02,95.848,close
166690,Lansing,MI,7,194732,High Point,NC,0.206,,0.05,0.157,117540,113565,94.02,92.452,close
166690,Lansing,MI,8,162062,Nampa,ID,0.207,,0.187,0.02,117540,103215,94.02,94.215,close
184735,Palm Bay,FL,1,174894,North Charleston,SC,0.051,,0.022,0.029,116932,118752,99.392,99.105,close
184735,Palm Bay,FL,2,207684,Clearwater,FL,0.051,,0.005,0.046,116932,116552,99.392,99.856,close
184735,Palm Bay,FL,3,176132,Sugar Land,TX,0.074,,0.012,0.062,116932,117875,99.392,98.772,close
184735,Palm Bay,FL,4,135095,Pearland,TX,0.142,,0.08,0.062,116932,123562,99.392,98.772,close
184735,Palm Bay,FL,5,216510,Sandy Springs,GA,0.167,,0.089,0.078,116932,109928,99.392,98.609,close
184735,Palm Bay,FL,6,176142,League,TX,0.17,,0.108,0.062,116932,108477,99.392,98.772,close
184735,Palm Bay,FL,7,161337,Boulder,CO,0.174,,0.119,0.055,116932,107645,99.392,99.939,close
184735,Palm Bay,FL,8,190480,Ann Arbor,MI,0.18,,0.029,0.151,116932,119280,99.392,97.878,close
129515,Independence,MO,1,167574,Rochester,MN,0.041,,0.038,0.003,116774,119862,91.975,92.006,close
129515,Independence,MO,2,194814,College Station,TX,0.076,,0.03,0.045,116774,119260,91.975,92.429,close
129515,Independence,MO,3,194732,High Point,NC,0.088,,0.04,0.048,116774,113565,91.975,92.452,close
129515,Independence,MO,4,135275,Tyler,TX,0.117,,0.11,0.007,116774,108222,91.975,92.048,close
129515,Independence,MO,5,108127,Billings,MT,0.121,,0.09,0.031,116774,109736,91.975,91.666,close
129515,Independence,MO,6,176386,Abilene,TX,0.136,,0.091,0.045,116774,124407,91.975,91.526,close
129515,Independence,MO,7,168926,Lees Summit,MO,0.203,,0.203,0.0,116774,101467,91.975,91.975,close
129515,Independence,MO,8,194654,Pueblo,CO,0.206,,0.051,0.155,116774,112751,91.975,90.424,close
207684,Clearwater,FL,1,184735,Palm Bay,FL,0.051,,0.005,0.046,116552,116932,99.856,99.392,close
207684,Clearwater,FL,2,174894,North Charleston,SC,0.102,,0.027,0.075,116552,118752,99.856,99.105,close
207684,Clearwater,FL,3,161337,Boulder,CO,0.123,,0.115,0.008,116552,107645,99.856,99.939,close
207684,Clearwater,FL,4,176132,Sugar Land,TX,0.125,,0.016,0.108,116552,117875,99.856,98.772,close
207684,Clearwater,FL,5,135095,Pearland,TX,0.193,,0.084,0.108,116552,123562,99.856,98.772,close
207684,Clearwater,FL,6,216510,Sandy Springs,GA,0.209,,0.084,0.125,116552,109928,99.856,98.609,close
207684,Clearwater,FL,7,176142,League,TX,0.212,,0.104,0.108,116552,108477,99.856,98.772,close
207684,Clearwater,FL,8,190480,Ann Arbor,MI,0.231,,0.033,0.198,116552,119280,99.856,97.878,close
114311,West Jordan,UT,1,184767,Lakeland,FL,0.045,,0.016,0.03,116530,115283,95.848,96.145,close
114311,West Jordan,UT,2,176517,Provo,UT,0.097,,0.003,0.094,116530,116295,95.848,94.911,close
114311,West Jordan,UT,3,171248,Wilmington,NC,0.115,,0.099,0.016,116530,124794,95.848,96.01,close
114311,West Jordan,UT,4,207635,Greeley,CO,0.195,,0.097,0.098,116530,108958,95.848,94.871,close
114311,West Jordan,UT,5,166690,Lansing,MI,0.195,,0.012,0.183,116530,117540,95.848,94.02,close
114311,West Jordan,UT,6,176495,West Valley,UT,0.2,,0.2,0.0,116530,133894,95.848,95.848,close
114311,West Jordan,UT,7,166734,Sterling Heights,MI,0.218,,0.177,0.042,116530,131709,95.848,96.266,close
114311,West Jordan,UT,8,162037,Meridian,ID,0.22,,0.056,0.163,116530,121182,95.848,94.215,close
100719,Murrieta,CA,1,137234,Temecula,CA,0.033,,0.033,0.0,116522,113878,106.698,106.698,close
100719,Murrieta,CA,2,211654,Westminster,CO,0.082,,0.018,0.064,116522,115046,106.698,107.334,close
100719,Murrieta,CA,3,161252,Victorville,CA,0.101,,0.101,0.0,116522,124982,106.698,106.698,close
100719,Murrieta,CA,4,123146,Rialto,CA,0.162,,0.162,0.0,116522,104132,106.698,106.698,close
100719,Murrieta,CA,5,102716,Elgin,IL,0.18,,0.081,0.099,116522,110196,106.698,105.706,close
100719,Murrieta,CA,6,203966,Clovis,CA,0.194,,0.014,0.18,116522,117662,106.698,104.894,close
100719,Murrieta,CA,7,193960,Bend,OR,0.207,,0.194,0.014,116522,101886,106.698,106.833,close
100719,Murrieta,CA,8,211253,Hillsboro,OR,0.284,,0.07,0.214,116522,110985,106.698,108.833,close
176517,Provo,UT,1,114311,West Jordan,UT,0.097,,0.003,0.094,116295,116530,94.911,95.848,close
176517,Provo,UT,2,207635,Greeley,CO,0.098,,0.094,0.004,116295,108958,94.911,94.871,close
176517,Provo,UT,3,166690,Lansing,MI,0.104,,0.015,0.089,116295,117540,94.911,94.02,close
176517,Provo,UT,4,162037,Meridian,ID,0.129,,0.059,0.07,116295,121182,94.911,94.215,close
176517,Provo,UT,5,184767,Lakeland,FL,0.136,,0.013,0.123,116295,115283,94.911,96.145,close
176517,Provo,UT,6,176107,Odessa,TX,0.195,,0.109,0.086,116295,125413,94.911,94.052,close
176517,Provo,UT,7,171248,Wilmington,NC,0.212,,0.102,0.11,116295,124794,94.911,96.01,close
176517,Provo,UT,8,162062,Nampa,ID,0.242,,0.172,0.07,116295,103215,94.911,94.215,close
161254,Carlsbad,CA,1,176873,Everett,WA,0.1,,0.039,0.061,115599,112482,114.63,114.02,close
161254,Carlsbad,CA,2,161300,San Buenaventura,CA,0.129,,0.11,0.019,115599,107110,114.63,114.44,close
161254,Carlsbad,CA,3,211207,Costa Mesa,CA,0.173,,0.041,0.132,115599,112366,114.63,113.308,close
161254,Carlsbad,CA,4,161169,El Monte,CA,0.173,,0.041,0.132,115599,112344,114.63,113.308,close
161254,Carlsbad,CA,5,183842,El Cajon,CA,0.175,,0.175,0.0,115599,102401,114.63,114.63,close
161254,Carlsbad,CA,6,161273,Santa Maria,CA,0.19,,0.127,0.063,115599,105851,114.63,114.003,close
161254,Carlsbad,CA,7,211981,Vista,CA,0.2,,0.2,0.0,115599,100636,114.63,114.63,close
161254,Carlsbad,CA,8,183829,Downey,CA,0.214,,0.082,0.132,115599,109202,114.63,113.308,close
194812,Beaumont,TX,1,205181,Norman,OK,0.15,,0.123,0.027,115473,125762,91.079,91.351,close
194812,Beaumont,TX,2,204523,Olathe,KS,0.385,,0.295,0.09,115473,141665,91.079,91.975,close
194812,Beaumont,TX,3,194809,Amarillo,TX,0.836,,0.79,0.046,115473,199654,91.079,91.54,close
194812,Beaumont,TX,4,160683,Mobile,AL,1.029,,0.701,0.328,115473,187746,91.079,87.797,close
194812,Beaumont,TX,5,194654,Pueblo,CO,1.1,county_like_functions,0.034,0.065,115473,112751,91.079,90.424,close
194812,Beaumont,TX,6,184222,Broken Arrow,OK,1.101,county_like_functions,0.049,0.052,115473,111648,91.079,90.557,close
194812,Beaumont,TX,7,129515,Independence,MO,1.106,county_like_functions,0.016,0.09,115473,116774,91.079,91.975,close
194812,Beaumont,TX,8,108127,Billings,MT,1.132,county_like_functions,0.074,0.059,115473,109736,91.079,91.666,close
184767,Lakeland,FL,1,114311,West Jordan,UT,0.045,,0.016,0.03,115283,116530,96.145,95.848,close
184767,Lakeland,FL,2,171248,Wilmington,NC,0.128,,0.114,0.013,115283,124794,96.145,96.01,close
184767,Lakeland,FL,3,176517,Provo,UT,0.136,,0.013,0.123,115283,116295,96.145,94.911,close
184767,Lakeland,FL,4,166734,Sterling Heights,MI,0.204,,0.192,0.012,115283,131709,96.145,96.266,close
184767,Lakeland,FL,5,207635,Greeley,CO,0.209,,0.081,0.127,115283,108958,96.145,94.871,close
184767,Lakeland,FL,6,128309,Warren,MI,0.217,,0.205,0.012,115283,132877,96.145,96.266,close
184767,Lakeland,FL,7,190480,Ann Arbor,MI,0.222,,0.049,0.173,115283,119280,96.145,97.878,close
184767,Lakeland,FL,8,166690,Lansing,MI,0.24,,0.028,0.212,115283,117540,96.145,94.02,close
211654,Westminster,CO,1,137234,Temecula,CA,0.078,,0.015,0.064,115046,113878,107.334,106.698,close
211654,Westminster,CO,2,100719,Murrieta,CA,0.082,,0.018,0.064,115046,116522,107.334,106.698,close
211654,Westminster,CO,3,161252,Victorville,CA,0.183,,0.12,0.064,115046,124982,107.334,106.698,close
211654,Westminster,CO,4,211253,Hillsboro,OR,0.202,,0.052,0.15,115046,110985,107.334,108.833,close
211654,Westminster,CO,5,123146,Rialto,CA,0.207,,0.144,0.064,115046,104132,107.334,106.698,close
211654,Westminster,CO,6,173685,Gresham,OR,0.214,,0.064,0.15,115046,110031,107.334,108.833,close
211654,Westminster,CO,7,102716,Elgin,IL,0.225,,0.062,0.163,115046,110196,107.334,105.706,close
211654,Westminster,CO,8,193960,Bend,OR,0.225,,0.175,0.05,115046,101886,107.334,106.833,close
137234,Temecula,CA,1,100719,Murrieta,CA,0.033,,0.033,0.0,113878,116522,106.698,106.698,close
137234,Temecula,CA,2,211654,Westminster,CO,0.078,,0.015,0.064,113878,115046,106.698,107.334,close
137234,Temecula,CA,3,123146,Rialto,CA,0.129,,0.129,0.0,113878,104132,106.698,106.698,close
137234,Temecula,CA,4,161252,Victorville,CA,0.134,,0.134,0.0,113878,124982,106.698,106.698,close
137234,Temecula,CA,5,102716,Elgin,IL,0.147,,0.047,0.099,113878,110196,106.698,105.706,close
137234,Temecula,CA,6,193960,Bend,OR,0.174,,0.161,0.014,113878,101886,106.698,106.833,close
137234,Temecula,CA,7,203966,Clovis,CA,0.228,,0.047,0.18,113878,117662,106.698,104.894,close
137234,Temecula,CA,8,211253,Hillsboro,OR,0.251,,0.037,0.214,113878,110985,106.698,108.833,close
162629,Springfield,IL,1,163681,Evansville,IN,0.082,,0.059,0.023,113671,118407,89.7,89.465,close
162629,Springfield,IL,2,194654,Pueblo,CO,0.084,,0.012,0.072,113671,112751,89.7,90.424,close
162629,Springfield,IL,3,193205,Peoria,IL,0.11,,0.055,0.055,113671,109428,89.7,90.251,close
162629,Springfield,IL,4,184222,Broken Arrow,OK,0.112,,0.026,0.086,113671,111648,89.7,90.557,close
162629,Springfield,IL,5,177090,Green Bay,WI,0.212,,0.131,0.082,113671,103836,89.7,90.516,close
162629,Springfield,IL,6,135295,Wichita Falls,TX,0.236,,0.109,0.127,113671,105405,89.7,88.434,close
162629,Springfield,IL,7,108127,Billings,MT,0.247,,0.051,0.197,113671,109736,89.7,91.666,close
162629,Springfield,IL,8,208060,Davenport,IA,0.256,,0.159,0.097,113671,101799,89.7,88.73,close
194732,High Point,NC,1,194814,College Station,TX,0.073,,0.071,0.002,113565,119260,92.452,92.429,close
194732,High Point,NC,2,129515,Independence,MO,0.088,,0.04,0.048,113565,116774,92.452,91.975,close
194732,High Point,NC,3,135275,Tyler,TX,0.11,,0.07,0.04,113565,108222,92.452,92.048,close
194732,High Point,NC,4,167574,Rochester,MN,0.122,,0.078,0.045,113565,119862,92.452,92.006,close
194732,High Point,NC,5,108127,Billings,MT,0.128,,0.049,0.079,113565,109736,92.452,91.666,close
194732,High Point,NC,6,135285,San Angelo,TX,0.171,,0.16,0.011,113565,101612,92.452,92.561,close
194732,High Point,NC,7,126081,South Bend,IN,0.173,,0.157,0.016,113565,101868,92.452,92.293,close
194732,High Point,NC,8,166690,Lansing,MI,0.206,,0.05,0.157,113565,117540,92.452,94.02,close
161679,West Palm Beach,FL,1,161588,Pompano Beach,FL,0.005,,0.005,0.0,112782,112360,111.923,111.923,close
161679,West Palm Beach,FL,2,161594,Davie,FL,0.081,,0.081,0.0,112782,106621,111.923,111.923,close
161679,West Palm Beach,FL,3,100750,Fairfield,CA,0.127,,0.06,0.067,112782,117580,111.923,112.589,close
161679,West Palm Beach,FL,4,211207,Costa Mesa,CA,0.144,,0.005,0.139,112782,112366,111.923,113.308,close
161679,West Palm Beach,FL,5,161169,El Monte,CA,0.144,,0.006,0.139,112782,112344,111.923,113.308,close
161679,West Palm Beach,FL,6,207608,Vallejo,CA,0.165,,0.098,0.067,112782,120747,111.923,112.589,close
161679,West Palm Beach,FL,7,183829,Downey,CA,0.185,,0.047,0.139,112782,109202,111.923,113.308,close
161679,West Palm Beach,FL,8,123110,Inglewood,CA,0.212,,0.073,0.139,112782,107203,111.923,113.308,close
194654,Pueblo,CO,1,184222,Broken Arrow,OK,0.027,,0.014,0.013,112751,111648,90.424,90.557,close
194654,Pueblo,CO,2,193205,Peoria,IL,0.06,,0.043,0.017,112751,109428,90.424,90.251,close
194654,Pueblo,CO,3,177090,Green Bay,WI,0.128,,0.119,0.009,112751,103836,90.424,90.516,close
194654,Pueblo,CO,4,108127,Billings,MT,0.163,,0.039,0.124,112751,109736,90.424,91.666,close
194654,Pueblo,CO,5,163681,Evansville,IN,0.167,,0.071,0.096,112751,118407,90.424,89.465,close
194654,Pueblo,CO,6,129515,Independence,MO,0.206,,0.051,0.155,112751,116774,90.424,91.975,close
194654,Pueblo,CO,7,194732,High Point,NC,0.213,,0.01,0.203,112751,113565,90.424,92.452,close
194654,Pueblo,CO,8,135275,Tyler,TX,0.222,,0.059,0.162,112751,108222,90.424,92.048,close
170001,Manchester,NH,1,225767,Stamford,CT,0.398,,0.223,0.174,112546,131397,108.195,109.939,close
170001,Manchester,NH,2,161447,New Haven,CT,0.402,,0.217,0.185,112546,130801,108.195,106.345,close
170001,Manchester,NH,3,166449,Lowell,MA,0.42,,0.021,0.399,112546,110904,108.195,112.187,close
170001,Manchester,NH,4,161441,Hartford,CT,0.423,,0.111,0.312,112546,121535,108.195,105.072,close
170001,Manchester,NH,5,124038,Bridgeport,CT,0.525,,0.351,0.174,112546,143525,108.195,109.939,close
170001,Manchester,NH,6,161595,Coral Springs,FL,0.619,,0.247,0.373,112546,133519,108.195,111.923,close
170001,Manchester,NH,7,166455,Brockton,MA,0.632,,0.233,0.399,112546,95770,108.195,112.187,close
170001,Manchester,NH,8,101696,Waterbury,CT,0.648,,0.075,0.573,112546,106826,108.195,102.469,close
176873,Everett,WA,1,211207,Costa Mesa,CA,0.073,,0.001,0.071,112482,112366,114.02,113.308,close
176873,Everett,WA,2,161169,El Monte,CA,0.073,,0.002,0.071,112482,112344,114.02,113.308,close
176873,Everett,WA,3,161273,Santa Maria,CA,0.089,,0.088,0.002,112482,105851,114.02,114.003,close
176873,Everett,WA,4,161254,Carlsbad,CA,0.1,,0.039,0.061,112482,115599,114.02,114.63,close
176873,Everett,WA,5,161300,San Buenaventura,CA,0.113,,0.071,0.042,112482,107110,114.02,114.44,close
176873,Everett,WA,6,183829,Downey,CA,0.114,,0.043,0.071,112482,109202,114.02,113.308,close
176873,Everett,WA,7,123110,Inglewood,CA,0.141,,0.069,0.071,112482,107203,114.02,113.308,close
176873,Everett,WA,8,100689,West Covina,CA,0.189,,0.118,0.071,112482,103656,114.02,113.308,close
211207,Costa Mesa,CA,1,161169,El Monte,CA,0.0,,0.0,0.0,112366,112344,113.308,113.308,close
211207,Costa Mesa,CA,2,183829,Downey,CA,0.041,,0.041,0.0,112366,109202,113.308,113.308,close
211207,Costa Mesa,CA,3,123110,Inglewood,CA,0.068,,0.068,0.0,112366,107203,113.308,113.308,close
211207,Costa Mesa,CA,4,176873,Everett,WA,0.073,,0.001,0.071,112366,112482,113.308,114.02,close
211207,Costa Mesa,CA,5,100689,West Covina,CA,0.116,,0.116,0.0,112366,103656,113.308,113.308,close
211207,Costa Mesa,CA,6,100750,Fairfield,CA,0.137,,0.065,0.072,112366,117580,113.308,112.589,close
211207,Costa Mesa,CA,7,161588,Pompano Beach,FL,0.139,,0.0,0.139,112366,112360,113.308,111.923,close
211207,Costa Mesa,CA,8,184443,Burbank,CA,0.142,,0.142,0.0,112366,101866,113.308,113.308,close
161588,Pompano Beach,FL,1,161679,West Palm Beach,FL,0.005,,0.005,0.0,112360,112782,111.923,111.923,close
161588,Pompano Beach,FL,2,161594,Davie,FL,0.076,,0.076,0.0,112360,106621,111.923,111.923,close
161588,Pompano Beach,FL,3,100750,Fairfield,CA,0.132,,0.066,0.067,112360,117580,111.923,112.589,close
161588,Pompano Beach,FL,4,211207,Costa Mesa,CA,0.139,,0.0,0.139,112360,112366,111.923,113.308,close
161588,Pompano Beach,FL,5,161169,El Monte,CA,0.139,,0.0,0.139,112360,112344,111.923,113.308,close
161588,Pompano Beach,FL,6,207608,Vallejo,CA,0.17,,0.104,0.067,112360,120747,111.923,112.589,close
161588,Pompano Beach,FL,7,183829,Downey,CA,0.18,,0.041,0.139,112360,109202,111.923,113.308,close
161588,Pompano Beach,FL,8,123110,Inglewood,CA,0.206,,0.068,0.139,112360,107203,111.923,113.308,close
161169,El Monte,CA,1,211207,Costa Mesa,CA,0.0,,0.0,0.0,112344,112366,113.308,113.308,close
161169,El Monte,CA,2,183829,Downey,CA,0.041,,0.041,0.0,112344,109202,113.308,113.308,close
161169,El Monte,CA,3,123110,Inglewood,CA,0.068,,0.068,0.0,112344,107203,113.308,113.308,close
161169,El Monte,CA,4,176873,Everett,WA,0.073,,0.002,0.071,112344,112482,113.308,114.02,close
161169,El Monte,CA,5,100689,West Covina,CA,0.116,,0.116,0.0,112344,103656,113.308,113.308,close
161169,El Monte,CA,6,100750,Fairfield,CA,0.138,,0.066,0.072,112344,117580,113.308,112.589,close
161169,El Monte,CA,7,161588,Pompano Beach,FL,0.139,,0.0,0.139,112344,112360,113.308,111.923,close
161169,El Monte,CA,8,184443,Burbank,CA,0.141,,0.141,0.0,112344,101866,113.308,113.308,close
202617,Lewisville,TX,1,209555,Allen,TX,0.037,,0.037,0.0,112232,109379,103.412,103.412,close
202617,Lewisville,TX,2,212234,Richardson,TX,0.11,,0.11,0.0,112232,121112,103.412,103.412,close
202617,Lewisville,TX,3,161130,Chico,CA,0.207,,0.126,0.081,112232,102867,103.412,104.223,close
202617,Lewisville,TX,4,203966,Clovis,CA,0.216,,0.068,0.148,112232,117662,103.412,104.894,close
202617,Lewisville,TX,5,102716,Elgin,IL,0.256,,0.026,0.229,112232,110196,103.412,105.706,close
202617,Lewisville,TX,6,135132,Mesquite,TX,0.308,,0.308,0.0,112232,138916,103.412,103.412,close
202617,Lewisville,TX,7,135130,Carrollton,TX,0.318,,0.318,0.0,112232,139892,103.412,103.412,close
202617,Lewisville,TX,8,137234,Temecula,CA,0.35,,0.021,0.329,112232,113878,103.412,106.698,close
184222,Broken Arrow,OK,1,194654,Pueblo,CO,0.027,,0.014,0.013,111648,112751,90.557,90.424,close
184222,Broken Arrow,OK,2,193205,Peoria,IL,0.06,,0.029,0.031,111648,109428,90.557,90.251,close
184222,Broken Arrow,OK,3,177090,Green Bay,WI,0.109,,0.105,0.004,111648,103836,90.557,90.516,close
184222,Broken Arrow,OK,4,108127,Billings,MT,0.136,,0.025,0.111,111648,109736,90.557,91.666,close
184222,Broken Arrow,OK,5,163681,Evansville,IN,0.194,,0.085,0.109,111648,118407,90.557,89.465,close
184222,Broken Arrow,OK,6,135275,Tyler,TX,0.194,,0.045,0.149,111648,108222,90.557,92.048,close
184222,Broken Arrow,OK,7,129515,Independence,MO,0.207,,0.065,0.142,111648,116774,90.557,91.975,close
184222,Broken Arrow,OK,8,194732,High Point,NC,0.214,,0.025,0.189,111648,113565,90.557,92.452,close
123096,Antioch,CA,1,161132,Concord,CA,0.204,,0.204,0.0,111605,128544,118.003,118.003,close
123096,Antioch,CA,2,161302,Simi Valley,CA,0.522,,0.165,0.356,111605,125168,118.003,114.44,close
123096,Antioch,CA,3,201369,Thousand Oaks,CA,0.535,,0.179,0.356,111605,126310,118.003,114.44,close
123096,Antioch,CA,4,123117,Norwalk,CA,0.59,,0.121,0.469,111605,102635,118.003,113.308,close
123096,Antioch,CA,5,214783,Miami Gardens,FL,0.64,,0.032,0.608,111605,109131,118.003,111.923,close
123096,Antioch,CA,6,161374,Arvada,CO,1.195,,0.128,1.067,111605,121936,118.003,107.334,close
123096,Antioch,CA,7,200728,Elk Grove,CA,1.478,,0.668,0.81,111605,177302,118.003,109.904,close
123096,Antioch,CA,8,161135,Richmond,CA,1.52,fire_external,0.02,0.0,111605,110038,118.003,118.003,close
211253,Hillsboro,OR,1,173685,Gresham,OR,0.012,,0.012,0.0,110985,110031,108.833,108.833,close
211253,Hillsboro,OR,2,211654,Westminster,CO,0.202,,0.052,0.15,110985,115046,108.833,107.334,close
211253,Hillsboro,OR,3,137234,Temecula,CA,0.251,,0.037,0.214,110985,113878,108.833,106.698,close
211253,Hillsboro,OR,4,100719,Murrieta,CA,0.284,,0.07,0.214,110985,116522,108.833,106.698,close
211253,Hillsboro,OR,5,123146,Rialto,CA,0.305,,0.092,0.214,110985,104132,108.833,106.698,close
211253,Hillsboro,OR,6,102716,Elgin,IL,0.323,,0.01,0.313,110985,110196,108.833,105.706,close
211253,Hillsboro,OR,7,193960,Bend,OR,0.323,,0.123,0.2,110985,101886,108.833,106.833,close
211253,Hillsboro,OR,8,161588,Pompano Beach,FL,0.327,,0.018,0.309,110985,112360,108.833,111.923,close
166449,Lowell,MA,1,166455,Brockton,MA,0.212,,0.212,0.0,110904,95770,112.187,112.187,close
166449,Lowell,MA,2,106055,Lynn,MA,0.23,,0.23,0.0,110904,94539,112.187,112.187,close
166449,Lowell,MA,3,166454,Quincy,MA,0.232,,0.232,0.0,110904,94421,112.187,112.187,close
166449,Lowell,MA,4,161595,Coral Springs,FL,0.294,,0.268,0.026,110904,133519,112.187,111.923,close
166449,Lowell,MA,5,170001,Manchester,NH,0.42,,0.021,0.399,110904,112546,112.187,108.195,close
166449,Lowell,MA,6,225767,Stamford,CT,0.469,,0.245,0.225,110904,131397,112.187,109.939,close
166449,Lowell,MA,7,124038,Bridgeport,CT,0.597,,0.372,0.225,110904,143525,112.187,109.939,close
166449,Lowell,MA,8,161447,New Haven,CT,0.822,,0.238,0.584,110904,130801,112.187,106.345,close
102716,Elgin,IL,1,137234,Temecula,CA,0.147,,0.047,0.099,110196,113878,105.706,106.698,close
102716,Elgin,IL,2,203966,Clovis,CA,0.176,,0.095,0.081,110196,117662,105.706,104.894,close
102716,Elgin,IL,3,100719,Murrieta,CA,0.18,,0.081,0.099,110196,116522,105.706,106.698,close
102716,Elgin,IL,4,123146,Rialto,CA,0.181,,0.082,0.099,110196,104132,105.706,106.698,close
102716,Elgin,IL,5,211654,Westminster,CO,0.225,,0.062,0.163,110196,115046,105.706,107.334,close
102716,Elgin,IL,6,193960,Bend,OR,0.226,,0.113,0.113,110196,101886,105.706,106.833,close
102716,Elgin,IL,7,209555,Allen,TX,0.24,,0.011,0.229,110196,109379,105.706,103.412,close
102716,Elgin,IL,8,161130,Chico,CA,0.248,,0.099,0.148,110196,102867,105.706,104.223,close
212209,Centennial,CO,1,211654,Westminster,CO,0.063,,0.063,0.0,110156,115046,107.334,107.334,close
212209,Centennial,CO,2,137234,Temecula,CA,0.112,,0.048,0.064,110156,113878,107.334,106.698,close
212209,Centennial,CO,3,100719,Murrieta,CA,0.145,,0.081,0.064,110156,116522,107.334,106.698,close
212209,Centennial,CO,4,123146,Rialto,CA,0.145,,0.081,0.064,110156,104132,107.334,106.698,close
212209,Centennial,CO,5,173685,Gresham,OR,0.152,,0.002,0.15,110156,110031,107.334,108.833,close
212209,Centennial,CO,6,211253,Hillsboro,OR,0.161,,0.011,0.15,110156,110985,107.334,108.833,close
212209,Centennial,CO,7,193960,Bend,OR,0.163,,0.113,0.05,110156,101886,107.334,106.833,close
212209,Centennial,CO,8,102716,Elgin,IL,0.163,,0.001,0.163,110156,110196,107.334,105.706,close
161135,Richmond,CA,1,211215,Daly,CA,0.056,,0.056,0.0,110038,105868,118.003,118.003,close
161135,Richmond,CA,2,123157,San Mateo,CA,0.104,,0.104,0.0,110038,102398,118.003,118.003,close
161135,Richmond,CA,3,123092,Berkeley,CA,0.157,,0.157,0.0,110038,122726,118.003,118.003,close
161135,Richmond,CA,4,161300,San Buenaventura,CA,0.395,,0.039,0.356,110038,107110,118.003,114.44,close
161135,Richmond,CA,5,161254,Carlsbad,CA,0.408,,0.071,0.337,110038,115599,118.003,114.63,close
161135,Richmond,CA,6,176873,Everett,WA,0.43,,0.032,0.398,110038,112482,118.003,114.02,close
161135,Richmond,CA,7,183842,El Cajon,CA,0.441,,0.104,0.337,110038,102401,118.003,114.63,close
161135,Richmond,CA,8,161273,Santa Maria,CA,0.456,,0.056,0.4,110038,105851,118.003,114.003,close
173685,Gresham,OR,1,211253,Hillsboro,OR,0.012,,0.012,0.0,110031,110985,108.833,108.833,close
173685,Gresham,OR,2,211654,Westminster,CO,0.214,,0.064,0.15,110031,115046,108.833,107.334,close
173685,Gresham,OR,3,137234,Temecula,CA,0.263,,0.05,0.214,110031,113878,108.833,106.698,close
173685,Gresham,OR,4,123146,Rialto,CA,0.293,,0.079,0.214,110031,104132,108.833,106.698,close
173685,Gresham,OR,5,100719,Murrieta,CA,0.296,,0.083,0.214,110031,116522,108.833,106.698,close
173685,Gresham,OR,6,193960,Bend,OR,0.311,,0.111,0.2,110031,101886,108.833,106.833,close
173685,Gresham,OR,7,102716,Elgin,IL,0.315,,0.002,0.313,110031,110196,108.833,105.706,close
173685,Gresham,OR,8,161588,Pompano Beach,FL,0.339,,0.03,0.309,110031,112360,108.833,111.923,close
216510,Sandy Springs,GA,1,176142,League,TX,0.035,,0.019,0.016,109928,108477,98.609,98.772,close
216510,Sandy Springs,GA,2,108910,Sparks,NV,0.113,,0.04,0.072,109928,106900,98.609,97.886,close
216510,Sandy Springs,GA,3,176132,Sugar Land,TX,0.117,,0.101,0.016,109928,117875,98.609,98.772,close
216510,Sandy Springs,GA,4,174894,North Charleston,SC,0.161,,0.111,0.05,109928,118752,98.609,99.105,close
216510,Sandy Springs,GA,5,161337,Boulder,CO,0.163,,0.03,0.133,109928,107645,98.609,99.939,close
216510,Sandy Springs,GA,6,184735,Palm Bay,FL,0.167,,0.089,0.078,109928,116932,98.609,99.392,close
216510,Sandy Springs,GA,7,135095,Pearland,TX,0.185,,0.169,0.016,109928,123562,98.609,98.772,close
216510,Sandy Springs,GA,8,190480,Ann Arbor,MI,0.191,,0.118,0.073,109928,119280,98.609,97.878,close
228280,Jurupa Valley,CA,1,137234,Temecula,CA,0.053,,0.053,0.0,109745,113878,106.698,106.698,close
228280,Jurupa Valley,CA,2,123146,Rialto,CA,0.076,,0.076,0.0,109745,104132,106.698,106.698,close
228280,Jurupa Valley,CA,3,100719,Murrieta,CA,0.086,,0.086,0.0,109745,116522,106.698,106.698,close
228280,Jurupa Valley,CA,4,102716,Elgin,IL,0.105,,0.006,0.099,109745,110196,106.698,105.706,close
228280,Jurupa Valley,CA,5,193960,Bend,OR,0.121,,0.107,0.014,109745,101886,106.698,106.833,close
228280,Jurupa Valley,CA,6,211654,Westminster,CO,0.132,,0.068,0.064,109745,115046,106.698,107.334,close
228280,Jurupa Valley,CA,7,161252,Victorville,CA,0.188,,0.188,0.0,109745,124982,106.698,106.698,close
228280,Jurupa Valley,CA,8,173685,Gresham,OR,0.217,,0.004,0.214,109745,110031,106.698,108.833,close
108127,Billings,MT,1,135275,Tyler,TX,0.058,,0.02,0.038,109736,108222,91.666,92.048,close
108127,Billings,MT,2,129515,Independence,MO,0.121,,0.09,0.031,109736,116774,91.666,91.975,close
108127,Billings,MT,3,194732,High Point,NC,0.128,,0.049,0.079,109736,113565,91.666,92.452,close
108127,Billings,MT,4,184222,Broken Arrow,OK,0.136,,0.025,0.111,109736,111648,91.666,90.557,close
108127,Billings,MT,5,168926,Lees Summit,MO,0.144,,0.113,0.031,109736,101467,91.666,91.975,close
108127,Billings,MT,6,193205,Peoria,IL,0.146,,0.004,0.141,109736,109428,91.666,90.251,close
108127,Billings,MT,7,167574,Rochester,MN,0.161,,0.127,0.034,109736,119862,91.666,92.006,close
108127,Billings,MT,8,194654,Pueblo,CO,0.163,,0.039,0.124,109736,112751,91.666,90.424,close
193205,Peoria,IL,1,184222,Broken Arrow,OK,0.06,,0.029,0.031,109428,111648,90.251,90.557,close
193205,Peoria,IL,2,194654,Pueblo,CO,0.06,,0.043,0.017,109428,112751,90.251,90.424,close
193205,Peoria,IL,3,177090,Green Bay,WI,0.102,,0.076,0.027,109428,103836,90.251,90.516,close
193205,Peoria,IL,4,108127,Billings,MT,0.146,,0.004,0.141,109428,109736,90.251,91.666,close
193205,Peoria,IL,5,163681,Evansville,IN,0.192,,0.114,0.079,109428,118407,90.251,89.465,close
193205,Peoria,IL,6,135275,Tyler,TX,0.196,,0.016,0.18,109428,108222,90.251,92.048,close
193205,Peoria,IL,7,135295,Wichita Falls,TX,0.236,,0.054,0.182,109428,105405,90.251,88.434,close
193205,Peoria,IL,8,208060,Davenport,IA,0.256,,0.104,0.152,109428,101799,90.251,88.73,close
209555,Allen,TX,1,202617,Lewisville,TX,0.037,,0.037,0.0,109379,112232,103.412,103.412,close
209555,Allen,TX,2,212234,Richardson,TX,0.147,,0.147,0.0,109379,121112,103.412,103.412,close
209555,Allen,TX,3,161130,Chico,CA,0.17,,0.089,0.081,109379,102867,103.412,104.223,close
209555,Allen,TX,4,102716,Elgin,IL,0.24,,0.011,0.229,109379,110196,103.412,105.706,close
209555,Allen,TX,5,203966,Clovis,CA,0.254,,0.105,0.148,109379,117662,103.412,104.894,close
209555,Allen,TX,6,122748,Goodyear,AZ,0.319,,0.271,0.047,109379,90622,103.412,103.884,close
209555,Allen,TX,7,135132,Mesquite,TX,0.345,,0.345,0.0,109379,138916,103.412,103.412,close
209555,Allen,TX,8,135130,Carrollton,TX,0.355,,0.355,0.0,109379,139892,103.412,103.412,close
183829,Downey,CA,1,123110,Inglewood,CA,0.027,,0.027,0.0,109202,107203,113.308,113.308,close
183829,Downey,CA,2,161169,El Monte,CA,0.041,,0.041,0.0,109202,112344,113.308,113.308,close
183829,Downey,CA,3,211207,Costa Mesa,CA,0.041,,0.041,0.0,109202,112366,113.308,113.308,close
183829,Downey,CA,4,100689,West Covina,CA,0.075,,0.075,0.0,109202,103656,113.308,113.308,close
183829,Downey,CA,5,184443,Burbank,CA,0.1,,0.1,0.0,109202,101866,113.308,113.308,close
183829,Downey,CA,6,176873,Everett,WA,0.114,,0.043,0.071,109202,112482,113.308,114.02,close
183829,Downey,CA,7,161273,Santa Maria,CA,0.114,,0.045,0.069,109202,105851,113.308,114.003,close
183829,Downey,CA,8,161300,San Buenaventura,CA,0.141,,0.028,0.113,109202,107110,113.308,114.44,close
214783,Miami Gardens,FL,1,123117,Norwalk,CA,0.227,,0.089,0.139,109131,102635,111.923,113.308,close
214783,Miami Gardens,FL,2,161302,Simi Valley,CA,0.45,,0.198,0.252,109131,125168,111.923,114.44,close
214783,Miami Gardens,FL,3,201369,Thousand Oaks,CA,0.463,,0.211,0.252,109131,126310,111.923,114.44,close
214783,Miami Gardens,FL,4,161374,Arvada,CO,0.619,,0.16,0.459,109131,121936,111.923,107.334,close
214783,Miami Gardens,FL,5,123096,Antioch,CA,0.64,,0.032,0.608,109131,111605,111.923,118.003,close
214783,Miami Gardens,FL,6,161132,Concord,CA,0.844,,0.236,0.608,109131,128544,111.923,118.003,close
214783,Miami Gardens,FL,7,200728,Elk Grove,CA,0.902,,0.7,0.202,109131,177302,111.923,109.904,close
214783,Miami Gardens,FL,8,161376,Lakewood,CO,0.988,,0.529,0.459,109131,157429,111.923,107.334,close
207635,Greeley,CO,1,176517,Provo,UT,0.098,,0.094,0.004,108958,116295,94.871,94.911,close
207635,Greeley,CO,2,162062,Nampa,ID,0.144,,0.078,0.066,108958,103215,94.871,94.215,close
207635,Greeley,CO,3,166690,Lansing,MI,0.194,,0.109,0.085,108958,117540,94.871,94.02,close
207635,Greeley,CO,4,114311,West Jordan,UT,0.195,,0.097,0.098,108958,116530,94.871,95.848,close
207635,Greeley,CO,5,176060,New Braunfels,TX,0.203,,0.19,0.014,108958,95534,94.871,95.006,close
207635,Greeley,CO,6,126027,Carmel,IN,0.207,,0.1,0.107,108958,101643,94.871,93.805,close
207635,Greeley,CO,7,184767,Lakeland,FL,0.209,,0.081,0.127,108958,115283,94.871,96.145,close
207635,Greeley,CO,8,162037,Meridian,ID,0.219,,0.153,0.066,108958,121182,94.871,94.215,close
176142,League,TX,1,216510,Sandy Springs,GA,0.035,,0.019,0.016,108477,109928,98.772,98.609,close
176142,League,TX,2,108910,Sparks,NV,0.11,,0.021,0.089,108477,106900,98.772,97.886,close
176142,League,TX,3,176132,Sugar Land,TX,0.12,,0.12,0.0,108477,117875,98.772,98.772,close
176142,League,TX,4,161337,Boulder,CO,0.128,,0.011,0.117,108477,107645,98.772,99.939,close
176142,League,TX,5,174894,North Charleston,SC,0.164,,0.131,0.033,108477,118752,98.772,99.105,close
176142,League,TX,6,184735,Palm Bay,FL,0.17,,0.108,0.062,108477,116932,98.772,99.392,close
176142,League,TX,7,187683,Conroe,TX,0.173,,0.173,0.0,108477,96214,98.772,98.772,close
176142,League,TX,8,135095,Pearland,TX,0.188,,0.188,0.0,108477,123562,98.772,98.772,close
135275,Tyler,TX,1,108127,Billings,MT,0.058,,0.02,0.038,108222,109736,92.048,91.666,close
135275,Tyler,TX,2,168926,Lees Summit,MO,0.1,,0.093,0.007,108222,101467,92.048,91.975,close
135275,Tyler,TX,3,194732,High Point,NC,0.11,,0.07,0.04,108222,113565,92.048,92.452,close
135275,Tyler,TX,4,126081,South Bend,IN,0.112,,0.087,0.025,108222,101868,92.048,92.293,close
135275,Tyler,TX,5,129515,Independence,MO,0.117,,0.11,0.007,108222,116774,92.048,91.975,close
135275,Tyler,TX,6,135285,San Angelo,TX,0.142,,0.091,0.051,108222,101612,92.048,92.561,close
135275,Tyler,TX,7,167574,Rochester,MN,0.152,,0.147,0.004,108222,119862,92.048,92.006,close
135275,Tyler,TX,8,194814,College Station,TX,0.178,,0.14,0.038,108222,119260,92.048,92.429,close
161337,Boulder,CO,1,207684,Clearwater,FL,0.123,,0.115,0.008,107645,116552,99.939,99.856,close
161337,Boulder,CO,2,176142,League,TX,0.128,,0.011,0.117,107645,108477,99.939,98.772,close
161337,Boulder,CO,3,194651,Longmont,CO,0.129,,0.129,0.0,107645,98445,99.939,99.939,close
161337,Boulder,CO,4,216510,Sandy Springs,GA,0.163,,0.03,0.133,107645,109928,99.939,98.609,close
161337,Boulder,CO,5,184735,Palm Bay,FL,0.174,,0.119,0.055,107645,116932,99.939,99.392,close
161337,Boulder,CO,6,108910,Sparks,NV,0.215,,0.01,0.205,107645,106900,99.939,97.886,close
161337,Boulder,CO,7,174894,North Charleston,SC,0.225,,0.142,0.083,107645,118752,99.939,99.105,close
161337,Boulder,CO,8,176132,Sugar Land,TX,0.248,,0.131,0.117,107645,117875,99.939,98.772,close
123110,Inglewood,CA,1,183829,Downey,CA,0.027,,0.027,0.0,107203,109202,113.308,113.308,close
123110,Inglewood,CA,2,100689,West Covina,CA,0.049,,0.049,0.0,107203,103656,113.308,113.308,close
123110,Inglewood,CA,3,161169,El Monte,CA,0.068,,0.068,0.0,107203,112344,113.308,113.308,close
123110,Inglewood,CA,4,211207,Costa Mesa,CA,0.068,,0.068,0.0,107203,112366,113.308,113.308,close
123110,Inglewood,CA,5,184443,Burbank,CA,0.074,,0.074,0.0,107203,101866,113.308,113.308,close
123110,Inglewood,CA,6,161273,Santa Maria,CA,0.088,,0.018,0.069,107203,105851,113.308,114.003,close
123110,Inglewood,CA,7,161300,San Buenaventura,CA,0.114,,0.001,0.113,107203,107110,113.308,114.44,close
123110,Inglewood,CA,8,176873,Everett,WA,0.141,,0.069,0.071,107203,112482,113.308,114.02,close
161300,San Buenaventura,CA,1,161273,Santa Maria,CA,0.061,,0.017,0.044,107110,105851,114.44,114.003,close
161300,San Buenaventura,CA,2,183842,El Cajon,CA,0.084,,0.065,0.019,107110,102401,114.44,114.63,close
161300,San Buenaventura,CA,3,211981,Vista,CA,0.109,,0.09,0.019,107110,100636,114.44,114.63,close
161300,San Buenaventura,CA,4,176873,Everett,WA,0.113,,0.071,0.042,107110,112482,114.44,114.02,close
161300,San Buenaventura,CA,5,123110,Inglewood,CA,0.114,,0.001,0.113,107110,107203,114.44,113.308,close
161300,San Buenaventura,CA,6,161254,Carlsbad,CA,0.129,,0.11,0.019,107110,115599,114.44,114.63,close
161300,San Buenaventura,CA,7,183829,Downey,CA,0.141,,0.028,0.113,107110,109202,114.44,113.308,close
161300,San Buenaventura,CA,8,100689,West Covina,CA,0.16,,0.047,0.113,107110,103656,114.44,113.308,close
108910,Sparks,NV,1,176142,League,TX,0.11,,0.021,0.089,106900,108477,97.886,98.772,close
108910,Sparks,NV,2,216510,Sandy Springs,GA,0.113,,0.04,0.072,106900,109928,97.886,98.609,close
108910,Sparks,NV,3,190480,Ann Arbor,MI,0.159,,0.158,0.001,106900,119280,97.886,97.878,close
108910,Sparks,NV,4,174015,Allentown,PA,0.202,,0.184,0.018,106900,121470,97.886,98.067,close
108910,Sparks,NV,5,161337,Boulder,CO,0.215,,0.01,0.205,106900,107645,97.886,99.939,close
108910,Sparks,NV,6,110047,Concord,NC,0.228,,0.118,0.11,106900,98500,97.886,96.787,close
108910,Sparks,NV,7,176132,Sugar Land,TX,0.23,,0.141,0.089,106900,117875,97.886,98.772,close
108910,Sparks,NV,8,187683,Conroe,TX,0.241,,0.152,0.089,106900,96214,97.886,98.772,close
101696,Waterbury,CT,1,166441,New Bedford,MA,0.278,,0.161,0.117,106826,95517,102.469,103.636,close
101696,Waterbury,CT,2,161441,Hartford,CT,0.446,,0.186,0.26,106826,121535,102.469,105.072,close
101696,Waterbury,CT,3,170001,Manchester,NH,0.648,,0.075,0.573,106826,112546,102.469,108.195,close
101696,Waterbury,CT,4,161447,New Haven,CT,0.68,,0.292,0.388,106826,130801,102.469,106.345,close
101696,Waterbury,CT,5,112811,Providence,RI,0.864,,0.747,0.117,106826,179270,102.469,103.636,close
101696,Waterbury,CT,6,106061,Springfield,MA,0.869,,0.515,0.354,106826,152646,102.469,98.927,close
101696,Waterbury,CT,7,161649,Cape Coral,FL,0.977,,0.912,0.065,106826,200972,102.469,101.817,close
101696,Waterbury,CT,8,166449,Lowell,MA,1.026,,0.054,0.972,106826,110904,102.469,112.187,close
161594,Davie,FL,1,161588,Pompano Beach,FL,0.076,,0.076,0.0,106621,112360,111.923,111.923,close
161594,Davie,FL,2,161679,West Palm Beach,FL,0.081,,0.081,0.0,106621,112782,111.923,111.923,close
161594,Davie,FL,3,161286,Vacaville,CA,0.14,,0.073,0.067,106621,101332,111.923,112.589,close
161594,Davie,FL,4,123110,Inglewood,CA,0.146,,0.008,0.139,106621,107203,111.923,113.308,close
161594,Davie,FL,5,183829,Downey,CA,0.173,,0.035,0.139,106621,109202,111.923,113.308,close
161594,Davie,FL,6,100689,West Covina,CA,0.179,,0.041,0.139,106621,103656,111.923,113.308,close
161594,Davie,FL,7,184443,Burbank,CA,0.204,,0.066,0.139,106621,101866,111.923,113.308,close
161594,Davie,FL,8,100750,Fairfield,CA,0.208,,0.141,0.067,106621,117580,111.923,112.589,close
211215,Daly,CA,1,123157,San Mateo,CA,0.048,,0.048,0.0,105868,102398,118.003,118.003,close
211215,Daly,CA,2,161135,Richmond,CA,0.056,,0.056,0.0,105868,110038,118.003,118.003,close
211215,Daly,CA,3,123092,Berkeley,CA,0.213,,0.213,0.0,105868,122726,118.003,118.003,close
211215,Daly,CA,4,161300,San Buenaventura,CA,0.373,,0.017,0.356,105868,107110,118.003,114.44,close
211215,Daly,CA,5,183842,El Cajon,CA,0.385,,0.048,0.337,105868,102401,118.003,114.63,close
211215,Daly,CA,6,161273,Santa Maria,CA,0.4,,0.0,0.4,105868,105851,118.003,114.003,close
211215,Daly,CA,7,211981,Vista,CA,0.41,,0.073,0.337,105868,100636,118.003,114.63,close
211215,Daly,CA,8,161254,Carlsbad,CA,0.464,,0.127,0.337,105868,115599,118.003,114.63,close
161273,Santa Maria,CA,1,161300,San Buenaventura,CA,0.061,,0.017,0.044,105851,107110,114.003,114.44,close
161273,Santa Maria,CA,2,123110,Inglewood,CA,0.088,,0.018,0.069,105851,107203,114.003,113.308,close
161273,Santa Maria,CA,3,176873,Everett,WA,0.089,,0.088,0.002,105851,112482,114.003,114.02,close
161273,Santa Maria,CA,4,100689,West Covina,CA,0.1,,0.03,0.069,105851,103656,114.003,113.308,close
161273,Santa Maria,CA,5,183842,El Cajon,CA,0.111,,0.048,0.063,105851,102401,114.003,114.63,close
161273,Santa Maria,CA,6,183829,Downey,CA,0.114,,0.045,0.069,105851,109202,114.003,113.308,close
161273,Santa Maria,CA,7,184443,Burbank,CA,0.125,,0.055,0.069,105851,101866,114.003,113.308,close
161273,Santa Maria,CA,8,211981,Vista,CA,0.136,,0.073,0.063,105851,100636,114.003,114.63,close
135295,Wichita Falls,TX,1,208060,Davenport,IA,0.08,,0.05,0.03,105405,101799,88.434,88.73,close
135295,Wichita Falls,TX,2,160723,Tuscaloosa,AL,0.157,,0.036,0.122,105405,102819,88.434,87.218,close
135295,Wichita Falls,TX,3,208793,Las Cruces,NM,0.172,,0.004,0.167,105405,105096,88.434,86.761,close
135295,Wichita Falls,TX,4,113634,Edinburg,TX,0.221,,0.042,0.179,105405,102374,88.434,86.642,close
135295,Wichita Falls,TX,5,177090,Green Bay,WI,0.23,,0.022,0.208,105405,103836,88.434,90.516,close
135295,Wichita Falls,TX,6,193205,Peoria,IL,0.236,,0.054,0.182,105405,109428,88.434,90.251,close
135295,Wichita Falls,TX,7,163681,Evansville,IN,0.271,,0.168,0.103,105405,118407,88.434,89.465,close
135295,Wichita Falls,TX,8,184222,Broken Arrow,OK,0.295,,0.083,0.212,105405,111648,88.434,90.557,close
208793,Las Cruces,NM,1,113634,Edinburg,TX,0.05,,0.038,0.012,105096,102374,86.761,86.642,close
208793,Las Cruces,NM,2,160723,Tuscaloosa,AL,0.077,,0.032,0.046,105096,102819,86.761,87.218,close
208793,Las Cruces,NM,3,135295,Wichita Falls,TX,0.172,,0.004,0.167,105096,105405,86.761,88.434,close
208793,Las Cruces,NM,4,208060,Davenport,IA,0.243,,0.046,0.197,105096,101799,86.761,88.73,close
208793,Las Cruces,NM,5,164885,Topeka,KS,0.303,,0.245,0.057,105096,124558,86.761,87.335,close
208793,Las Cruces,NM,6,168809,Columbia,MO,0.352,,0.248,0.104,105096,124769,86.761,87.805,close
208793,Las Cruces,NM,7,171371,Fargo,ND,0.371,,0.253,0.118,105096,125209,86.761,87.941,close
208793,Las Cruces,NM,8,177090,Green Bay,WI,0.393,,0.017,0.376,105096,103836,86.761,90.516,close
123146,Rialto,CA,1,193960,Bend,OR,0.045,,0.031,0.014,104132,101886,106.698,106.833,close
123146,Rialto,CA,2,137234,Temecula,CA,0.129,,0.129,0.0,104132,113878,106.698,106.698,close
123146,Rialto,CA,3,100719,Murrieta,CA,0.162,,0.162,0.0,104132,116522,106.698,106.698,close
123146,Rialto,CA,4,102716,Elgin,IL,0.181,,0.082,0.099,104132,110196,106.698,105.706,close
123146,Rialto,CA,5,211654,Westminster,CO,0.207,,0.144,0.064,104132,115046,106.698,107.334,close
123146,Rialto,CA,6,161252,Victorville,CA,0.263,,0.263,0.0,104132,124982,106.698,106.698,close
123146,Rialto,CA,7,161130,Chico,CA,0.265,,0.018,0.247,104132,102867,106.698,104.223,close
123146,Rialto,CA,8,173685,Gresham,OR,0.293,,0.079,0.214,104132,110031,106.698,108.833,close
177090,Green Bay,WI,1,193205,Peoria,IL,0.102,,0.076,0.027,103836,109428,90.516,90.251,close
177090,Green Bay,WI,2,184222,Broken Arrow,OK,0.109,,0.105,0.004,103836,111648,90.516,90.557,close
177090,Green Bay,WI,3,194654,Pueblo,CO,0.128,,0.119,0.009,103836,112751,90.516,90.424,close
177090,Green Bay,WI,4,168926,Lees Summit,MO,0.179,,0.033,0.146,103836,101467,90.516,91.975,close
177090,Green Bay,WI,5,108127,Billings,MT,0.195,,0.08,0.115,103836,109736,90.516,91.666,close
177090,Green Bay,WI,6,126081,South Bend,IN,0.205,,0.028,0.178,103836,101868,90.516,92.293,close
177090,Green Bay,WI,7,208060,Davenport,IA,0.207,,0.029,0.179,103836,101799,90.516,88.73,close
177090,Green Bay,WI,8,135275,Tyler,TX,0.213,,0.06,0.153,103836,108222,90.516,92.048,close
100689,West Covina,CA,1,184443,Burbank,CA,0.025,,0.025,0.0,103656,101866,113.308,113.308,close
100689,West Covina,CA,2,123110,Inglewood,CA,0.049,,0.049,0.0,103656,107203,113.308,113.308,close
100689,West Covina,CA,3,183829,Downey,CA,0.075,,0.075,0.0,103656,109202,113.308,113.308,close
100689,West Covina,CA,4,161273,Santa Maria,CA,0.1,,0.03,0.069,103656,105851,113.308,114.003,close
100689,West Covina,CA,5,161286,Vacaville,CA,0.105,,0.033,0.072,103656,101332,113.308,112.589,close
100689,West Covina,CA,6,161169,El Monte,CA,0.116,,0.116,0.0,103656,112344,113.308,113.308,close
100689,West Covina,CA,7,211207,Costa Mesa,CA,0.116,,0.116,0.0,103656,112366,113.308,113.308,close
100689,West Covina,CA,8,183842,El Cajon,CA,0.15,,0.018,0.132,103656,102401,113.308,114.63,close
162062,Nampa,ID,1,126027,Carmel,IN,0.063,,0.022,0.041,103215,101643,94.215,93.805,close
162062,Nampa,ID,2,103799,Fishers,IN,0.13,,0.089,0.041,103215,97020,94.215,93.805,close
162062,Nampa,ID,3,170404,Rio Rancho,NM,0.131,,0.047,0.084,103215,99885,94.215,93.375,close
162062,Nampa,ID,4,207635,Greeley,CO,0.144,,0.078,0.066,103215,108958,94.215,94.871,close
162062,Nampa,ID,5,135285,San Angelo,TX,0.188,,0.023,0.165,103215,101612,94.215,92.561,close
162062,Nampa,ID,6,176060,New Braunfels,TX,0.191,,0.112,0.079,103215,95534,94.215,95.006,close
162062,Nampa,ID,7,166690,Lansing,MI,0.207,,0.187,0.02,103215,117540,94.215,94.02,close
162062,Nampa,ID,8,126081,South Bend,IN,0.211,,0.019,0.192,103215,101868,94.215,92.293,close
213591,Spokane Valley,WA,1,136110,Renton,WA,1.163,,0.02,1.144,102893,101494,102.585,114.02,loose
213591,Spokane Valley,WA,2,247337,South Fulton,GA,1.402,county_like_functions,0.005,0.398,102893,102567,102.585,98.609,loose
213591,Spokane Valley,WA,3,161374,Arvada,CO,1.72,county_like_functions,0.245,0.475,102893,121936,102.585,107.334,loose
213591,Spokane Valley,WA,4,214783,Miami Gardens,FL,2.019,county_like_functions,0.085,0.934,102893,109131,102.585,111.923,loose
213591,Spokane Valley,WA,5,123117,Norwalk,CA,2.076,county_like_functions,0.004,1.072,102893,102635,102.585,113.308,loose
213591,Spokane Valley,WA,6,161376,Lakewood,CO,2.088,county_like_functions,0.614,0.475,102893,157429,102.585,107.334,loose
213591,Spokane Valley,WA,7,161710,Port St Lucie,FL,2.453,county_like_functions,1.027,0.426,102893,209715,102.585,98.326,loose
213591,Spokane Valley,WA,8,161302,Simi Valley,CA,2.468,county_like_functions,0.283,1.186,102893,125168,102.585,114.44,loose
161130,Chico,CA,1,209555,Allen,TX,0.17,,0.089,0.081,102867,109379,104.223,103.412,close
161130,Chico,CA,2,202617,Lewisville,TX,0.207,,0.126,0.081,102867,112232,104.223,103.412,close
161130,Chico,CA,3,122748,Goodyear,AZ,0.217,,0.183,0.034,102867,90622,104.223,103.884,close
161130,Chico,CA,4,102716,Elgin,IL,0.248,,0.099,0.148,102867,110196,104.223,105.706,close
161130,Chico,CA,5,203966,Clovis,CA,0.261,,0.194,0.067,102867,117662,104.223,104.894,close
161130,Chico,CA,6,123146,Rialto,CA,0.265,,0.018,0.247,102867,104132,104.223,106.698,close
161130,Chico,CA,7,193960,Bend,OR,0.275,,0.014,0.261,102867,101886,104.223,106.833,close
161130,Chico,CA,8,160830,Buckeye,AZ,0.305,,0.271,0.034,102867,85224,104.223,103.884,close
160723,Tuscaloosa,AL,1,113634,Edinburg,TX,0.064,,0.006,0.058,102819,102374,87.218,86.642,close
160723,Tuscaloosa,AL,2,208793,Las Cruces,NM,0.077,,0.032,0.046,102819,105096,87.218,86.761,close
160723,Tuscaloosa,AL,3,135295,Wichita Falls,TX,0.157,,0.036,0.122,102819,105405,87.218,88.434,close
160723,Tuscaloosa,AL,4,208060,Davenport,IA,0.166,,0.014,0.151,102819,101799,87.218,88.73,close
160723,Tuscaloosa,AL,5,164885,Topeka,KS,0.288,,0.277,0.012,102819,124558,87.218,87.335,close
160723,Tuscaloosa,AL,6,168809,Columbia,MO,0.338,,0.279,0.059,102819,124769,87.218,87.805,close
160723,Tuscaloosa,AL,7,177090,Green Bay,WI,0.344,,0.014,0.33,102819,103836,87.218,90.516,close
160723,Tuscaloosa,AL,8,171371,Fargo,ND,0.357,,0.284,0.072,102819,125209,87.218,87.941,close
123117,Norwalk,CA,1,214783,Miami Gardens,FL,0.227,,0.089,0.139,102635,109131,113.308,111.923,close
123117,Norwalk,CA,2,161302,Simi Valley,CA,0.4,,0.286,0.113,102635,125168,113.308,114.44,close
123117,Norwalk,CA,3,201369,Thousand Oaks,CA,0.413,,0.299,0.113,102635,126310,113.308,114.44,close
123117,Norwalk,CA,4,123096,Antioch,CA,0.59,,0.121,0.469,102635,111605,113.308,118.003,close
123117,Norwalk,CA,5,161132,Concord,CA,0.794,,0.325,0.469,102635,128544,113.308,118.003,close
123117,Norwalk,CA,6,161374,Arvada,CO,0.846,,0.249,0.597,102635,121936,113.308,107.334,close
123117,Norwalk,CA,7,136110,Renton,WA,1.087,county_like_functions,0.016,0.071,102635,101494,113.308,114.02,close
123117,Norwalk,CA,8,200728,Elk Grove,CA,1.129,,0.789,0.34,102635,177302,113.308,109.904,close
247337,South Fulton,GA,1,161710,Port St Lucie,FL,1.06,,1.032,0.028,102567,209715,98.609,98.326,close
247337,South Fulton,GA,2,161374,Arvada,CO,1.122,,0.25,0.873,102567,121936,98.609,107.334,close
247337,South Fulton,GA,3,213591,Spokane Valley,WA,1.402,county_like_functions,0.005,0.398,102567,102893,98.609,102.585,close
247337,South Fulton,GA,4,214783,Miami Gardens,FL,1.421,,0.089,1.331,102567,109131,98.609,111.923,close
247337,South Fulton,GA,5,123117,Norwalk,CA,1.471,,0.001,1.47,102567,102635,98.609,113.308,close
247337,South Fulton,GA,6,161376,Lakewood,CO,1.491,,0.618,0.873,102567,157429,98.609,107.334,close
247337,South Fulton,GA,7,176142,League,TX,1.597,fire_external,0.081,0.016,102567,108477,98.609,98.772,close
247337,South Fulton,GA,8,216510,Sandy Springs,GA,1.6,fire_external,0.1,0.0,102567,109928,98.609,98.609,close
183842,El Cajon,CA,1,211981,Vista,CA,0.025,,0.025,0.0,102401,100636,114.63,114.63,close
183842,El Cajon,CA,2,161300,San Buenaventura,CA,0.084,,0.065,0.019,102401,107110,114.63,114.44,close
183842,El Cajon,CA,3,161273,Santa Maria,CA,0.111,,0.048,0.063,102401,105851,114.63,114.003,close
183842,El Cajon,CA,4,184443,Burbank,CA,0.14,,0.008,0.132,102401,101866,114.63,113.308,close
183842,El Cajon,CA,5,100689,West Covina,CA,0.15,,0.018,0.132,102401,103656,114.63,113.308,close
183842,El Cajon,CA,6,161254,Carlsbad,CA,0.175,,0.175,0.0,102401,115599,114.63,114.63,close
183842,El Cajon,CA,7,176873,Everett,WA,0.196,,0.135,0.061,102401,112482,114.63,114.02,close
183842,El Cajon,CA,8,123110,Inglewood,CA,0.198,,0.066,0.132,102401,107203,114.63,113.308,close
123157,San Mateo,CA,1,211215,Daly,CA,0.048,,0.048,0.0,102398,105868,118.003,118.003,close
123157,San Mateo,CA,2,161135,Richmond,CA,0.104,,0.104,0.0,102398,110038,118.003,118.003,close
123157,San Mateo,CA,3,123092,Berkeley,CA,0.261,,0.261,0.0,102398,122726,118.003,118.003,close
123157,San Mateo,CA,4,183842,El Cajon,CA,0.337,,0.0,0.337,102398,102401,118.003,114.63,close
123157,San Mateo,CA,5,211981,Vista,CA,0.362,,0.025,0.337,102398,100636,118.003,114.63,close
123157,San Mateo,CA,6,161300,San Buenaventura,CA,0.421,,0.065,0.356,102398,107110,118.003,114.44,close
123157,San Mateo,CA,7,161273,Santa Maria,CA,0.448,,0.048,0.4,102398,105851,118.003,114.003,close
123157,San Mateo,CA,8,184443,Burbank,CA,0.477,,0.008,0.469,102398,101866,118.003,113.308,close
113634,Edinburg,TX,1,208793,Las Cruces,NM,0.05,,0.038,0.012,102374,105096,86.642,86.761,close
113634,Edinburg,TX,2,160723,Tuscaloosa,AL,0.064,,0.006,0.058,102374,102819,86.642,87.218,close
113634,Edinburg,TX,3,208060,Davenport,IA,0.217,,0.008,0.209,102374,101799,86.642,88.73,close
113634,Edinburg,TX,4,135295,Wichita Falls,TX,0.221,,0.042,0.179,102374,105405,86.642,88.434,close
113634,Edinburg,TX,5,164885,Topeka,KS,0.352,,0.283,0.069,102374,124558,86.642,87.335,close
113634,Edinburg,TX,6,168809,Columbia,MO,0.402,,0.285,0.116,102374,124769,86.642,87.805,close
113634,Edinburg,TX,7,177090,Green Bay,WI,0.408,,0.02,0.387,102374,103836,86.642,90.516,close
113634,Edinburg,TX,8,171371,Fargo,ND,0.42,,0.29,0.13,102374,125209,86.642,87.941,close
193960,Bend,OR,1,123146,Rialto,CA,0.045,,0.031,0.014,101886,104132,106.833,106.698,close
193960,Bend,OR,2,137234,Temecula,CA,0.174,,0.161,0.014,101886,113878,106.833,106.698,close
193960,Bend,OR,3,100719,Murrieta,CA,0.207,,0.194,0.014,101886,116522,106.833,106.698,close
193960,Bend,OR,4,211654,Westminster,CO,0.225,,0.175,0.05,101886,115046,106.833,107.334,close
193960,Bend,OR,5,102716,Elgin,IL,0.226,,0.113,0.113,101886,110196,106.833,105.706,close
193960,Bend,OR,6,161130,Chico,CA,0.275,,0.014,0.261,101886,102867,106.833,104.223,close
193960,Bend,OR,7,161252,Victorville,CA,0.308,,0.295,0.014,101886,124982,106.833,106.698,close
193960,Bend,OR,8,173685,Gresham,OR,0.311,,0.111,0.2,101886,110031,106.833,108.833,close
126081,South Bend,IN,1,135285,San Angelo,TX,0.03,,0.004,0.027,101868,101612,92.293,92.561,close
126081,South Bend,IN,2,168926,Lees Summit,MO,0.037,,0.006,0.032,101868,101467,92.293,91.975,close
126081,South Bend,IN,3,135275,Tyler,TX,0.112,,0.087,0.025,101868,108222,92.293,92.048,close
126081,South Bend,IN,4,170404,Rio Rancho,NM,0.137,,0.028,0.108,101868,99885,92.293,93.375,close
126081,South Bend,IN,5,126027,Carmel,IN,0.154,,0.003,0.151,101868,101643,92.293,93.805,close
126081,South Bend,IN,6,108127,Billings,MT,0.17,,0.107,0.063,101868,109736,92.293,91.666,close
126081,South Bend,IN,7,194732,High Point,NC,0.173,,0.157,0.016,101868,113565,92.293,92.452,close
126081,South Bend,IN,8,177090,Green Bay,WI,0.205,,0.028,0.178,101868,103836,92.293,90.516,close
184443,Burbank,CA,1,100689,West Covina,CA,0.025,,0.025,0.0,101866,103656,113.308,113.308,close
184443,Burbank,CA,2,123110,Inglewood,CA,0.074,,0.074,0.0,101866,107203,113.308,113.308,close
184443,Burbank,CA,3,161286,Vacaville,CA,0.079,,0.008,0.072,101866,101332,113.308,112.589,close
184443,Burbank,CA,4,183829,Downey,CA,0.1,,0.1,0.0,101866,109202,113.308,113.308,close
184443,Burbank,CA,5,161273,Santa Maria,CA,0.125,,0.055,0.069,101866,105851,113.308,114.003,close
184443,Burbank,CA,6,183842,El Cajon,CA,0.14,,0.008,0.132,101866,102401,113.308,114.63,close
184443,Burbank,CA,7,161169,El Monte,CA,0.141,,0.141,0.0,101866,112344,113.308,113.308,close
184443,Burbank,CA,8,211207,Costa Mesa,CA,0.142,,0.142,0.0,101866,112366,113.308,113.308,close
208060,Davenport,IA,1,135295,Wichita Falls,TX,0.08,,0.05,0.03,101799,105405,88.73,88.434,close
208060,Davenport,IA,2,160723,Tuscaloosa,AL,0.166,,0.014,0.151,101799,102819,88.73,87.218,close
208060,Davenport,IA,3,177090,Green Bay,WI,0.207,,0.029,0.179,101799,103836,88.73,90.516,close
208060,Davenport,IA,4,113634,Edinburg,TX,0.217,,0.008,0.209,101799,102374,88.73,86.642,close
208060,Davenport,IA,5,208793,Las Cruces,NM,0.243,,0.046,0.197,101799,105096,88.73,86.761,close
208060,Davenport,IA,6,193205,Peoria,IL,0.256,,0.104,0.152,101799,109428,88.73,90.251,close
208060,Davenport,IA,7,163681,Evansville,IN,0.292,,0.218,0.073,101799,118407,88.73,89.465,close
208060,Davenport,IA,8,184222,Broken Arrow,OK,0.316,,0.133,0.183,101799,111648,88.73,90.557,close
126027,Carmel,IN,1,162062,Nampa,ID,0.063,,0.022,0.041,101643,103215,93.805,94.215,close
126027,Carmel,IN,2,103799,Fishers,IN,0.067,,0.067,0.0,101643,97020,93.805,93.805,close
126027,Carmel,IN,3,170404,Rio Rancho,NM,0.068,,0.025,0.043,101643,99885,93.805,93.375,close
126027,Carmel,IN,4,135285,San Angelo,TX,0.125,,0.0,0.124,101643,101612,93.805,92.561,close
126027,Carmel,IN,5,126081,South Bend,IN,0.154,,0.003,0.151,101643,101868,93.805,92.293,close
126027,Carmel,IN,6,168926,Lees Summit,MO,0.186,,0.003,0.183,101643,101467,93.805,91.975,close
126027,Carmel,IN,7,207635,Greeley,CO,0.207,,0.1,0.107,101643,108958,93.805,94.871,close
126027,Carmel,IN,8,176060,New Braunfels,TX,0.21,,0.089,0.12,101643,95534,93.805,95.006,close
135285,San Angelo,TX,1,126081,South Bend,IN,0.03,,0.004,0.027,101612,101868,92.561,92.293,close
135285,San Angelo,TX,2,168926,Lees Summit,MO,0.061,,0.002,0.059,101612,101467,92.561,91.975,close
135285,San Angelo,TX,3,170404,Rio Rancho,NM,0.106,,0.025,0.081,101612,99885,92.561,93.375,close
135285,San Angelo,TX,4,126027,Carmel,IN,0.125,,0.0,0.124,101612,101643,92.561,93.805,close
135285,San Angelo,TX,5,135275,Tyler,TX,0.142,,0.091,0.051,101612,108222,92.561,92.048,close
135285,San Angelo,TX,6,194732,High Point,NC,0.171,,0.16,0.011,101612,113565,92.561,92.452,close
135285,San Angelo,TX,7,162062,Nampa,ID,0.188,,0.023,0.165,101612,103215,92.561,94.215,close
135285,San Angelo,TX,8,103799,Fishers,IN,0.191,,0.067,0.124,101612,97020,92.561,93.805,close
136110,Renton,WA,1,123117,Norwalk,CA,1.087,county_like_functions,0.016,0.071,101494,102635,114.02,113.308,close
136110,Renton,WA,2,213591,Spokane Valley,WA,1.163,,0.02,1.144,101494,102893,114.02,102.585,close
136110,Renton,WA,3,214783,Miami Gardens,FL,1.314,county_like_functions,0.105,0.21,101494,109131,114.02,111.923,close
136110,Renton,WA,4,161302,Simi Valley,CA,1.344,county_like_functions,0.302,0.042,101494,125168,114.02,114.44,close
136110,Renton,WA,5,201369,Thousand Oaks,CA,1.358,county_like_functions,0.316,0.042,101494,126310,114.02,114.44,close
136110,Renton,WA,6,123096,Antioch,CA,1.535,county_like_functions,0.137,0.398,101494,111605,114.02,118.003,close
136110,Renton,WA,7,161132,Concord,CA,1.739,county_like_functions,0.341,0.398,101494,128544,114.02,118.003,close
136110,Renton,WA,8,205590,Kent,WA,1.865,fire_external,0.365,0.0,101494,130676,114.02,114.02,close
168926,Lees Summit,MO,1,126081,South Bend,IN,0.037,,0.006,0.032,101467,101868,91.975,92.293,close
168926,Lees Summit,MO,2,135285,San Angelo,TX,0.061,,0.002,0.059,101467,101612,91.975,92.561,close
168926,Lees Summit,MO,3,135275,Tyler,TX,0.1,,0.093,0.007,101467,108222,91.975,92.048,close
168926,Lees Summit,MO,4,108127,Billings,MT,0.144,,0.113,0.031,101467,109736,91.975,91.666,close
168926,Lees Summit,MO,5,170404,Rio Rancho,NM,0.163,,0.023,0.14,101467,99885,91.975,93.375,close
168926,Lees Summit,MO,6,177090,Green Bay,WI,0.179,,0.033,0.146,101467,103836,91.975,90.516,close
168926,Lees Summit,MO,7,126027,Carmel,IN,0.186,,0.003,0.183,101467,101643,91.975,93.805,close
168926,Lees Summit,MO,8,129515,Independence,MO,0.203,,0.203,0.0,101467,116774,91.975,91.975,close
161286,Vacaville,CA,1,184443,Burbank,CA,0.079,,0.008,0.072,101332,101866,112.589,113.308,close
161286,Vacaville,CA,2,100689,West Covina,CA,0.105,,0.033,0.072,101332,103656,112.589,113.308,close
161286,Vacaville,CA,3,161594,Davie,FL,0.14,,0.073,0.067,101332,106621,112.589,111.923,close
161286,Vacaville,CA,4,123110,Inglewood,CA,0.153,,0.081,0.072,101332,107203,112.589,113.308,close
161286,Vacaville,CA,5,183829,Downey,CA,0.18,,0.108,0.072,101332,109202,112.589,113.308,close
161286,Vacaville,CA,6,161273,Santa Maria,CA,0.204,,0.063,0.141,101332,105851,112.589,114.003,close
161286,Vacaville,CA,7,211981,Vista,CA,0.214,,0.01,0.204,101332,100636,112.589,114.63,close
161286,Vacaville,CA,8,100750,Fairfield,CA,0.215,,0.215,0.0,101332,117580,112.589,112.589,close
211981,Vista,CA,1,183842,El Cajon,CA,0.025,,0.025,0.0,100636,102401,114.63,114.63,close
211981,Vista,CA,2,161300,San Buenaventura,CA,0.109,,0.09,0.019,100636,107110,114.63,114.44,close
211981,Vista,CA,3,161273,Santa Maria,CA,0.136,,0.073,0.063,100636,105851,114.63,114.003,close
211981,Vista,CA,4,184443,Burbank,CA,0.15,,0.018,0.132,100636,101866,114.63,113.308,close
211981,Vista,CA,5,100689,West Covina,CA,0.175,,0.043,0.132,100636,103656,114.63,113.308,close
211981,Vista,CA,6,161254,Carlsbad,CA,0.2,,0.2,0.0,100636,115599,114.63,114.63,close
211981,Vista,CA,7,161286,Vacaville,CA,0.214,,0.01,0.204,100636,101332,114.63,112.589,close
211981,Vista,CA,8,176873,Everett,WA,0.222,,0.161,0.061,100636,112482,114.63,114.02,close
170404,Rio Rancho,NM,1,126027,Carmel,IN,0.068,,0.025,0.043,99885,101643,93.375,93.805,close
170404,Rio Rancho,NM,2,103799,Fishers,IN,0.085,,0.042,0.043,99885,97020,93.375,93.805,close
170404,Rio Rancho,NM,3,135285,San Angelo,TX,0.106,,0.025,0.081,99885,101612,93.375,92.561,close
170404,Rio Rancho,NM,4,162062,Nampa,ID,0.131,,0.047,0.084,99885,103215,93.375,94.215,close
170404,Rio Rancho,NM,5,126081,South Bend,IN,0.137,,0.028,0.108,99885,101868,93.375,92.293,close
170404,Rio Rancho,NM,6,168926,Lees Summit,MO,0.163,,0.023,0.14,99885,101467,93.375,91.975,close
170404,Rio Rancho,NM,7,176060,New Braunfels,TX,0.227,,0.064,0.163,99885,95534,93.375,95.006,close
170404,Rio Rancho,NM,8,135275,Tyler,TX,0.248,,0.116,0.133,99885,108222,93.375,92.048,close
110047,Concord,NC,1,170440,Albany,NY,0.066,,0.046,0.021,98500,95429,96.787,96.582,close
110047,Concord,NC,2,194789,Dearborn,MI,0.129,,0.077,0.052,98500,93367,96.787,96.266,close
110047,Concord,NC,3,176060,New Braunfels,TX,0.222,,0.044,0.178,98500,95534,96.787,95.006,close
110047,Concord,NC,4,108910,Sparks,NV,0.228,,0.118,0.11,98500,106900,96.787,97.886,close
110047,Concord,NC,5,187683,Conroe,TX,0.232,,0.034,0.198,98500,96214,96.787,98.772,close
110047,Concord,NC,6,184202,St George,UT,0.281,,0.093,0.189,98500,92378,96.787,94.9,close
110047,Concord,NC,7,184767,Lakeland,FL,0.291,,0.227,0.064,98500,115283,96.787,96.145,close
110047,Concord,NC,8,194651,Longmont,CO,0.316,,0.001,0.315,98500,98445,96.787,99.939,close
194651,Longmont,CO,1,161337,Boulder,CO,0.129,,0.129,0.0,98445,107645,99.939,99.939,close
194651,Longmont,CO,2,187683,Conroe,TX,0.15,,0.033,0.117,98445,96214,99.939,98.772,close
194651,Longmont,CO,3,207684,Clearwater,FL,0.252,,0.244,0.008,98445,116552,99.939,99.856,close
194651,Longmont,CO,4,176142,League,TX,0.257,,0.14,0.117,98445,108477,99.939,98.772,close
194651,Longmont,CO,5,216510,Sandy Springs,GA,0.292,,0.159,0.133,98445,109928,99.939,98.609,close
194651,Longmont,CO,6,184735,Palm Bay,FL,0.303,,0.248,0.055,98445,116932,99.939,99.392,close
194651,Longmont,CO,7,110047,Concord,NC,0.316,,0.001,0.315,98445,98500,99.939,96.787,close
194651,Longmont,CO,8,108910,Sparks,NV,0.324,,0.119,0.205,98445,106900,99.939,97.886,close
103799,Fishers,IN,1,126027,Carmel,IN,0.067,,0.067,0.0,97020,101643,93.805,93.805,close
103799,Fishers,IN,2,170404,Rio Rancho,NM,0.085,,0.042,0.043,97020,99885,93.805,93.375,close
103799,Fishers,IN,3,162062,Nampa,ID,0.13,,0.089,0.041,97020,103215,93.805,94.215,close
103799,Fishers,IN,4,176060,New Braunfels,TX,0.142,,0.022,0.12,97020,95534,93.805,95.006,close
103799,Fishers,IN,5,184202,St George,UT,0.18,,0.071,0.109,97020,92378,93.805,94.9,close
103799,Fishers,IN,6,135285,San Angelo,TX,0.191,,0.067,0.124,97020,101612,93.805,92.561,close
103799,Fishers,IN,7,126081,South Bend,IN,0.222,,0.07,0.151,97020,101868,93.805,92.293,close
103799,Fishers,IN,8,168926,Lees Summit,MO,0.248,,0.065,0.183,97020,101467,93.805,91.975,close
187683,Conroe,TX,1,194651,Longmont,CO,0.15,,0.033,0.117,96214,98445,98.772,99.939,close
187683,Conroe,TX,2,176142,League,TX,0.173,,0.173,0.0,96214,108477,98.772,98.772,close
187683,Conroe,TX,3,216510,Sandy Springs,GA,0.209,,0.192,0.016,96214,109928,98.772,98.609,close
187683,Conroe,TX,4,170440,Albany,NY,0.231,,0.012,0.219,96214,95429,98.772,96.582,close
187683,Conroe,TX,5,110047,Concord,NC,0.232,,0.034,0.198,96214,98500,98.772,96.787,close
187683,Conroe,TX,6,108910,Sparks,NV,0.241,,0.152,0.089,96214,106900,98.772,97.886,close
187683,Conroe,TX,7,161337,Boulder,CO,0.279,,0.162,0.117,96214,107645,98.772,99.939,close
187683,Conroe,TX,8,176132,Sugar Land,TX,0.293,,0.293,0.0,96214,117875,98.772,98.772,close
166455,Brockton,MA,1,106055,Lynn,MA,0.019,,0.019,0.0,95770,94539,112.187,112.187,close
166455,Brockton,MA,2,166454,Quincy,MA,0.02,,0.02,0.0,95770,94421,112.187,112.187,close
166455,Brockton,MA,3,166449,Lowell,MA,0.212,,0.212,0.0,95770,110904,112.187,112.187,close
166455,Brockton,MA,4,161595,Coral Springs,FL,0.506,,0.479,0.026,95770,133519,112.187,111.923,close
166455,Brockton,MA,5,170001,Manchester,NH,0.632,,0.233,0.399,95770,112546,112.187,108.195,close
166455,Brockton,MA,6,225767,Stamford,CT,0.681,,0.456,0.225,95770,131397,112.187,109.939,close
166455,Brockton,MA,7,124038,Bridgeport,CT,0.808,,0.584,0.225,95770,143525,112.187,109.939,close
166455,Brockton,MA,8,166441,New Bedford,MA,0.859,,0.004,0.855,95770,95517,112.187,103.636,close
176060,New Braunfels,TX,1,184202,St George,UT,0.059,,0.048,0.011,95534,92378,95.006,94.9,close
176060,New Braunfels,TX,2,103799,Fishers,IN,0.142,,0.022,0.12,95534,97020,95.006,93.805,close
176060,New Braunfels,TX,3,194789,Dearborn,MI,0.159,,0.033,0.126,95534,93367,95.006,96.266,close
176060,New Braunfels,TX,4,170440,Albany,NY,0.159,,0.002,0.158,95534,95429,95.006,96.582,close
176060,New Braunfels,TX,5,162062,Nampa,ID,0.191,,0.112,0.079,95534,103215,95.006,94.215,close
176060,New Braunfels,TX,6,207635,Greeley,CO,0.203,,0.19,0.014,95534,108958,95.006,94.871,close
176060,New Braunfels,TX,7,126027,Carmel,IN,0.21,,0.089,0.12,95534,101643,95.006,93.805,close
176060,New Braunfels,TX,8,110047,Concord,NC,0.222,,0.044,0.178,95534,98500,95.006,96.787,close
166441,New Bedford,MA,1,101696,Waterbury,CT,0.278,,0.161,0.117,95517,106826,103.636,102.469,close
166441,New Bedford,MA,2,161441,Hartford,CT,0.491,,0.348,0.144,95517,121535,103.636,105.072,close
166441,New Bedford,MA,3,170001,Manchester,NH,0.693,,0.237,0.456,95517,112546,103.636,108.195,close
166441,New Bedford,MA,4,161447,New Haven,CT,0.724,,0.454,0.271,95517,130801,103.636,106.345,close
166441,New Bedford,MA,5,166455,Brockton,MA,0.859,,0.004,0.855,95517,95770,103.636,112.187,close
166441,New Bedford,MA,6,106055,Lynn,MA,0.87,,0.015,0.855,95517,94539,103.636,112.187,close
166441,New Bedford,MA,7,166454,Quincy,MA,0.872,,0.017,0.855,95517,94421,103.636,112.187,close
166441,New Bedford,MA,8,112811,Providence,RI,0.908,,0.908,0.0,95517,179270,103.636,103.636,close
170440,Albany,NY,1,194789,Dearborn,MI,0.063,,0.032,0.032,95429,93367,96.582,96.266,close
170440,Albany,NY,2,110047,Concord,NC,0.066,,0.046,0.021,95429,98500,96.582,96.787,close
170440,Albany,NY,3,176060,New Braunfels,TX,0.159,,0.002,0.158,95429,95534,96.582,95.006,close
170440,Albany,NY,4,184202,St George,UT,0.215,,0.047,0.168,95429,92378,96.582,94.9,close
170440,Albany,NY,5,187683,Conroe,TX,0.231,,0.012,0.219,95429,96214,96.582,98.772,close
170440,Albany,NY,6,108910,Sparks,NV,0.294,,0.164,0.13,95429,106900,96.582,97.886,close
170440,Albany,NY,7,103799,Fishers,IN,0.302,,0.024,0.278,95429,97020,96.582,93.805,close
170440,Albany,NY,8,184767,Lakeland,FL,0.316,,0.273,0.044,95429,115283,96.582,96.145,close
106055,Lynn,MA,1,166454,Quincy,MA,0.002,,0.002,0.0,94539,94421,112.187,112.187,close
106055,Lynn,MA,2,166455,Brockton,MA,0.019,,0.019,0.0,94539,95770,112.187,112.187,close
106055,Lynn,MA,3,166449,Lowell,MA,0.23,,0.23,0.0,94539,110904,112.187,112.187,close
106055,Lynn,MA,4,161595,Coral Springs,FL,0.524,,0.498,0.026,94539,133519,112.187,111.923,close
106055,Lynn,MA,5,170001,Manchester,NH,0.651,,0.252,0.399,94539,112546,112.187,108.195,close
106055,Lynn,MA,6,225767,Stamford,CT,0.7,,0.475,0.225,94539,131397,112.187,109.939,close
106055,Lynn,MA,7,124038,Bridgeport,CT,0.827,,0.602,0.225,94539,143525,112.187,109.939,close
106055,Lynn,MA,8,166441,New Bedford,MA,0.87,,0.015,0.855,94539,95517,112.187,103.636,close
166454,Quincy,MA,1,106055,Lynn,MA,0.002,,0.002,0.0,94421,94539,112.187,112.187,close
166454,Quincy,MA,2,166455,Brockton,MA,0.02,,0.02,0.0,94421,95770,112.187,112.187,close
166454,Quincy,MA,3,166449,Lowell,MA,0.232,,0.232,0.0,94421,110904,112.187,112.187,close
166454,Quincy,MA,4,161595,Coral Springs,FL,0.526,,0.5,0.026,94421,133519,112.187,111.923,close
166454,Quincy,MA,5,170001,Manchester,NH,0.653,,0.253,0.399,94421,112546,112.187,108.195,close
166454,Quincy,MA,6,225767,Stamford,CT,0.702,,0.477,0.225,94421,131397,112.187,109.939,close
166454,Quincy,MA,7,124038,Bridgeport,CT,0.829,,0.604,0.225,94421,143525,112.187,109.939,close
166454,Quincy,MA,8,166441,New Bedford,MA,0.872,,0.017,0.855,94421,95517,112.187,103.636,close
194789,Dearborn,MI,1,170440,Albany,NY,0.063,,0.032,0.032,93367,95429,96.266,96.582,close
194789,Dearborn,MI,2,110047,Concord,NC,0.129,,0.077,0.052,93367,98500,96.266,96.787,close
194789,Dearborn,MI,3,184202,St George,UT,0.152,,0.015,0.137,93367,92378,96.266,94.9,close
194789,Dearborn,MI,4,176060,New Braunfels,TX,0.159,,0.033,0.126,93367,95534,96.266,95.006,close
194789,Dearborn,MI,5,187683,Conroe,TX,0.294,,0.043,0.251,93367,96214,96.266,98.772,close
194789,Dearborn,MI,6,103799,Fishers,IN,0.301,,0.055,0.246,93367,97020,96.266,93.805,close
194789,Dearborn,MI,7,184767,Lakeland,FL,0.316,,0.304,0.012,93367,115283,96.266,96.145,close
194789,Dearborn,MI,8,162062,Nampa,ID,0.35,,0.145,0.205,93367,103215,96.266,94.215,close
184202,St George,UT,1,176060,New Braunfels,TX,0.059,,0.048,0.011,92378,95534,94.9,95.006,close
184202,St George,UT,2,194789,Dearborn,MI,0.152,,0.015,0.137,92378,93367,94.9,96.266,close
184202,St George,UT,3,103799,Fishers,IN,0.18,,0.071,0.109,92378,97020,94.9,93.805,close
184202,St George,UT,4,170440,Albany,NY,0.215,,0.047,0.168,92378,95429,94.9,96.582,close
184202,St George,UT,5,162062,Nampa,ID,0.229,,0.16,0.069,92378,103215,94.9,94.215,close
184202,St George,UT,6,207635,Greeley,CO,0.241,,0.238,0.003,92378,108958,94.9,94.871,close
184202,St George,UT,7,126027,Carmel,IN,0.247,,0.138,0.109,92378,101643,94.9,93.805,close
184202,St George,UT,8,170404,Rio Rancho,NM,0.265,,0.113,0.153,92378,99885,94.9,93.375,close
122748,Goodyear,AZ,1,160830,Buckeye,AZ,0.089,,0.089,0.0,90622,85224,103.884,103.884,close
122748,Goodyear,AZ,2,161130,Chico,CA,0.217,,0.183,0.034,90622,102867,103.884,104.223,close
122748,Goodyear,AZ,3,209555,Allen,TX,0.319,,0.271,0.047,90622,109379,103.884,103.412,close
122748,Goodyear,AZ,4,202617,Lewisville,TX,0.356,,0.309,0.047,90622,112232,103.884,103.412,close
122748,Goodyear,AZ,5,193960,Bend,OR,0.464,,0.169,0.295,90622,101886,103.884,106.833,close
122748,Goodyear,AZ,6,102716,Elgin,IL,0.464,,0.282,0.182,90622,110196,103.884,105.706,close
122748,Goodyear,AZ,7,212234,Richardson,TX,0.466,,0.418,0.047,90622,121112,103.884,103.412,close
122748,Goodyear,AZ,8,203966,Clovis,CA,0.478,,0.377,0.101,90622,117662,103.884,104.894,close
160830,Buckeye,AZ,1,122748,Goodyear,AZ,0.089,,0.089,0.0,85224,90622,103.884,103.884,close
160830,Buckeye,AZ,2,161130,Chico,CA,0.305,,0.271,0.034,85224,102867,103.884,104.223,close
160830,Buckeye,AZ,3,209555,Allen,TX,0.407,,0.36,0.047,85224,109379,103.884,103.412,close
160830,Buckeye,AZ,4,202617,Lewisville,TX,0.444,,0.397,0.047,85224,112232,103.884,103.412,close
160830,Buckeye,AZ,5,193960,Bend,OR,0.553,,0.258,0.295,85224,101886,103.884,106.833,close
160830,Buckeye,AZ,6,102716,Elgin,IL,0.553,,0.371,0.182,85224,110196,103.884,105.706,close
160830,Buckeye,AZ,7,212234,Richardson,TX,0.554,,0.507,0.047,85224,121112,103.884,103.412,close
160830,Buckeye,AZ,8,203966,Clovis,CA,0.566,,0.465,0.101,85224,117662,103.884,104.894,close
