cbsa,name,line,2008,2009,2010,2011,2012,2013,2014,2015,2016,2017,2018,2019,2020,2021,2022,2023,2024
00000,United States,all,100.0,100.0,100.0,100.0,100.0,100.0,100.0,100.0,100.0,100.0,100.0,100.0,100.0,100.0,100.0,100.0,100.0
00000,United States,housing,100.424,100.455,100.391,100.399,100.366,100.37,100.386,100.419,100.389,100.43,100.422,100.398,100.615,100.595,100.594,100.574,100.629
00999,United States (Nonmetropolitan Portion) *,all,86.648,87.025,88.806,88.625,88.801,89.044,88.904,88.694,87.9,87.557,89.303,89.367,88.321,88.888,88.574,88.347,88.699
00999,United States (Nonmetropolitan Portion) *,housing,61.878,63.403,63.982,64.538,63.973,63.655,63.196,63.106,62.136,61.688,61.382,61.062,59.481,59.906,59.519,58.886,59.852
10180,"Abilene, TX (Metropolitan Statistical Area)",all,92.197,89.43,93.042,92.515,94.103,92.538,94.59,92.881,93.297,93.741,92.266,92.419,90.292,91.675,91.526,90.394,90.364
10180,"Abilene, TX (Metropolitan Statistical Area)",housing,69.649,63.982,72.237,70.347,74.573,69.941,76.866,69.747,70.996,76.717,76.751,75.659,66.34,71.042,75.389,73.631,73.791
10420,"Akron, OH (Metropolitan Statistical Area)",all,92.502,95.176,93.197,94.033,95.484,95.233,94.917,95.522,95.167,95.311,94.307,94.702,93.519,93.528,92.121,92.924,93.37
10420,"Akron, OH (Metropolitan Statistical Area)",housing,84.9,82.793,80.822,80.452,84.139,83.096,77.734,83.327,82.327,82.899,81.407,80.861,81.774,80.339,76.581,77.456,76.785
10500,"Albany, GA (Metropolitan Statistical Area)",all,86.48,85.633,87.302,87.739,87.412,88.11,88.461,88.027,89.308,87.259,86.476,84.16,83.826,89.32,86.12,86.491,87.669
10500,"Albany, GA (Metropolitan Statistical Area)",housing,50.703,53.215,52.874,53.791,52.157,54.823,53.775,52.893,54.081,51.985,51.303,47.982,49.984,56.503,50.375,50.046,54.626
10540,"Albany, OR (Metropolitan Statistical Area)",all,99.323,99.992,96.989,96.234,96.594,96.861,98.758,98.732,98.906,98.794,103.223,102.982,102.697,101.934,104.648,104.74,102.1
10540,"Albany, OR (Metropolitan Statistical Area)",housing,91.898,104.561,93.064,86.584,95.021,93.454,101.912,91.42,98.351,93.068,102.129,104.894,106.237,101.272,98.984,108.588,101.059
10580,"Albany-Schenectady-Troy, NY (Metropolitan Statistical Area)",all,102.446,101.846,99.638,100.561,99.456,101.646,99.193,100.607,101.077,100.618,99.86,99.434,98.997,98.995,96.582,98.177,99.566
10580,"Albany-Schenectady-Troy, NY (Metropolitan Statistical Area)",housing,104.627,101.238,96.822,106.353,100.504,108.512,104.966,98.829,101.86,94.297,101.482,104.643,95.652,100.221,92.409,92.815,102.582
10740,"Albuquerque, NM (Metropolitan Statistical Area)",all,96.974,99.044,97.431,100.436,99.586,98.341,98.48,96.755,96.61,98.123,93.919,95.072,94.168,92.103,93.375,93.627,95.546
10740,"Albuquerque, NM (Metropolitan Statistical Area)",housing,96.456,91.584,90.896,96.768,91.218,92.857,93.9,88.366,91.624,90.015,86.266,82.969,86.225,84.374,88.684,88.727,89.153
10780,"Alexandria, LA (Metropolitan Statistical Area)",all,89.683,86.177,89.07,87.004,90.309,91.543,90.783,90.292,92.146,90.526,87.456,89.101,87.264,89.319,86.022,86.523,85.686
10780,"Alexandria, LA (Metropolitan Statistical Area)",housing,58.4,53.184,56.641,50.14,61.048,66.363,63.494,60.419,62.499,61.68,55.217,61.952,55.388,56.778,48.059,56.069,53.684
10900,"Allentown-Bethlehem-Easton, PA-NJ (Metropolitan Statistical Area)",all,101.062,102.387,101.084,99.843,99.905,100.764,99.504,100.948,101.097,101.692,99.188,99.147,99.704,98.108,98.067,98.88,99.968
10900,"Allentown-Bethlehem-Easton, PA-NJ (Metropolitan Statistical Area)",housing,100.085,104.307,108.514,102.141,103.748,101.255,103.551,102.364,103.039,99.577,99.0,102.898,101.469,96.058,102.855,98.934,105.52
11020,"Altoona, PA (Metropolitan Statistical Area)",all,93.889,91.735,93.727,93.459,92.27,92.776,89.316,92.507,91.485,91.17,91.335,90.713,89.73,89.25,89.036,88.659,89.507
11020,"Altoona, PA (Metropolitan Statistical Area)",housing,61.01,55.075,69.495,70.532,64.929,60.944,54.61,58.954,58.649,54.065,58.661,56.554,54.049,55.791,53.576,53.018,54.978
11100,"Amarillo, TX (Metropolitan Statistical Area)",all,95.81,93.544,95.021,96.413,96.178,96.482,96.336,97.002,97.211,96.142,93.214,94.149,94.477,93.486,91.54,91.375,91.82
11100,"Amarillo, TX (Metropolitan Statistical Area)",housing,86.015,80.031,79.569,85.281,83.891,85.583,83.863,87.452,85.105,85.536,80.082,84.202,80.058,77.161,74.701,77.355,78.38
11180,"Ames, IA (Metropolitan Statistical Area)",all,82.422,90.049,92.918,91.698,92.31,94.448,92.916,90.016,88.729,89.726,93.896,95.923,93.106,91.489,88.384,91.465,88.83
11180,"Ames, IA (Metropolitan Statistical Area)",housing,67.182,90.609,86.979,90.333,86.363,104.038,92.87,81.813,80.19,89.089,83.683,92.279,80.849,72.433,65.764,79.777,69.163
11200,"Amherst Town-Northampton, MA (Metropolitan Statistical Area)",all,99.702,103.68,96.655,100.097,99.338,99.975,99.326,103.112,99.728,102.315,100.783,98.706,101.792,98.954,101.053,102.815,100.243
11200,"Amherst Town-Northampton, MA (Metropolitan Statistical Area)",housing,88.539,112.801,80.588,104.934,99.614,95.975,102.418,116.025,90.023,101.843,100.982,88.205,103.011,94.875,83.752,107.007,97.537
11260,"Anchorage, AK (Metropolitan Statistical Area)",all,106.466,111.767,106.198,106.713,107.169,106.441,104.856,105.662,108.072,107.808,106.447,104.802,103.187,106.79,103.162,106.771,105.42
11260,"Anchorage, AK (Metropolitan Statistical Area)",housing,122.422,148.425,127.331,127.076,137.835,147.296,132.081,135.566,129.644,126.089,117.23,116.029,99.703,113.724,112.791,120.757,109.905
11460,"Ann Arbor, MI (Metropolitan Statistical Area)",all,103.633,101.299,101.136,100.368,100.855,100.139,102.572,100.22,98.389,98.536,99.298,100.67,98.552,99.495,97.878,98.15,100.88
11460,"Ann Arbor, MI (Metropolitan Statistical Area)",housing,126.267,105.734,113.587,109.905,119.466,109.015,126.364,120.776,110.87,117.904,118.588,124.796,113.49,121.817,113.802,112.146,125.3
11500,"Anniston-Oxford, AL (Metropolitan Statistical Area)",all,88.222,83.483,88.838,90.922,90.766,90.411,89.715,91.141,90.83,88.604,85.143,87.6,85.751,83.732,84.164,86.153,85.949
11500,"Anniston-Oxford, AL (Metropolitan Statistical Area)",housing,54.839,41.139,56.635,59.448,59.101,61.539,53.783,61.601,56.978,50.342,51.944,55.151,51.964,49.913,44.717,49.749,54.705
11540,"Appleton, WI (Metropolitan Statistical Area)",all,97.111,94.617,95.147,94.163,94.608,95.302,94.391,93.368,92.887,92.104,93.577,93.724,92.296,93.432,91.868,93.736,92.419
11540,"Appleton, WI (Metropolitan Statistical Area)",housing,83.862,73.773,81.02,81.341,81.192,81.983,79.145,78.245,75.377,75.827,77.758,75.347,72.387,75.475,75.264,81.646,70.785
11700,"Asheville, NC (Metropolitan Statistical Area)",all,94.367,92.151,93.676,94.254,95.061,95.198,95.38,94.228,96.514,94.936,93.961,94.851,94.076,95.798,95.646,97.392,96.506
11700,"Asheville, NC (Metropolitan Statistical Area)",housing,84.543,80.725,80.502,80.779,84.64,83.861,84.664,80.833,89.479,86.427,81.091,91.585,89.425,87.282,88.731,97.259,93.371
12020,"Athens-Clarke County, GA (Metropolitan Statistical Area)",all,94.209,94.348,94.719,94.394,93.333,93.442,93.472,92.871,93.748,93.818,90.547,90.634,90.219,94.407,93.425,93.538,93.343
12020,"Athens-Clarke County, GA (Metropolitan Statistical Area)",housing,80.978,86.831,80.832,76.373,73.498,73.573,73.36,70.822,71.94,76.045,66.957,69.707,69.071,79.518,75.822,77.878,76.759
12060,"Atlanta-Sandy Springs-Roswell, GA (Metropolitan Statistical Area)",all,98.096,95.089,98.276,96.499,99.157,98.293,98.512,98.05,98.446,99.425,98.199,98.113,98.745,99.03,98.609,100.481,100.058
12060,"Atlanta-Sandy Springs-Roswell, GA (Metropolitan Statistical Area)",housing,101.581,101.057,96.476,95.993,95.398,94.022,94.95,95.957,98.269,98.848,98.891,99.561,102.684,105.484,107.271,110.861,111.022
12100,"Atlantic City-Hammonton, NJ (Metropolitan Statistical Area)",all,110.723,106.852,108.791,106.21,104.576,102.003,102.682,103.235,102.621,100.855,100.768,97.447,101.169,95.986,100.16,98.905,98.857
12100,"Atlantic City-Hammonton, NJ (Metropolitan Statistical Area)",housing,132.963,109.722,122.724,114.708,112.713,109.023,113.198,115.678,107.561,96.473,106.168,93.196,106.809,87.111,112.261,99.42,98.673
12220,"Auburn-Opelika, AL (Metropolitan Statistical Area)",all,89.26,87.279,88.847,91.173,90.363,90.303,90.806,88.109,89.73,88.656,88.424,90.011,88.683,89.125,88.161,87.559,87.933
12220,"Auburn-Opelika, AL (Metropolitan Statistical Area)",housing,70.649,70.834,68.676,76.925,73.125,66.442,70.495,62.33,68.205,69.036,63.193,67.077,64.444,68.635,58.133,57.339,62.078
12260,"Augusta-Richmond County, GA-SC (Metropolitan Statistical Area)",all,91.059,90.569,92.251,93.659,93.452,93.244,92.492,93.229,93.615,92.406,91.433,90.257,89.678,91.894,91.751,91.244,91.903
12260,"Augusta-Richmond County, GA-SC (Metropolitan Statistical Area)",housing,66.953,69.604,69.198,73.604,71.462,70.927,67.1,70.755,69.963,69.091,69.907,68.636,69.198,67.917,68.966,67.812,70.603
12420,"Austin-Round Rock-San Marcos, TX (Metropolitan Statistical Area)",all,99.589,98.887,99.762,100.311,100.945,100.777,101.366,101.555,102.567,101.754,99.017,99.36,101.109,99.973,98.81,98.276,98.066
12420,"Austin-Round Rock-San Marcos, TX (Metropolitan Statistical Area)",housing,109.985,111.665,108.076,110.304,115.21,114.698,117.731,119.173,122.65,124.905,121.903,121.524,124.484,122.493,126.349,126.36,120.361
12540,"Bakersfield-Delano, CA (Metropolitan Statistical Area)",all,96.885,100.271,98.231,100.409,101.061,99.685,99.638,97.679,96.543,98.535,101.729,101.123,100.325,100.889,104.46,102.389,100.886
12540,"Bakersfield-Delano, CA (Metropolitan Statistical Area)",housing,97.155,97.12,96.094,94.877,97.042,95.817,97.752,92.85,90.618,92.132,87.316,89.428,89.121,92.354,93.137,88.017,90.291
12580,"Baltimore-Columbia-Towson, MD (Metropolitan Statistical Area)",all,106.365,109.392,106.06,108.803,106.492,106.758,105.693,105.96,106.095,107.648,105.256,103.911,105.363,104.901,102.419,103.184,104.487
12580,"Baltimore-Columbia-Towson, MD (Metropolitan Statistical Area)",housing,126.03,127.303,125.811,127.005,126.099,132.897,130.983,123.438,120.765,122.875,122.625,123.463,122.428,120.892,120.536,116.844,118.194
12620,"Bangor, ME (Metropolitan Statistical Area)",all,93.921,92.113,96.506,93.857,96.339,99.549,92.059,92.786,93.366,94.639,93.948,96.621,97.538,96.781,96.597,92.341,96.508
12620,"Bangor, ME (Metropolitan Statistical Area)",housing,63.008,58.426,83.061,74.916,84.137,96.695,67.238,62.219,66.468,66.375,68.012,75.279,80.458,77.453,63.307,56.11,77.688
12700,"Barnstable Town, MA (Metropolitan Statistical Area)",all,102.797,102.69,105.151,99.352,100.934,100.043,104.507,105.716,105.779,105.777,101.087,105.238,101.253,101.36,108.811,106.488,98.351
12700,"Barnstable Town, MA (Metropolitan Statistical Area)",housing,106.77,104.926,127.283,99.254,106.988,97.594,126.787,126.035,123.277,119.277,101.692,124.867,100.369,107.86,125.243,124.209,90.012
12940,"Baton Rouge, LA (Metropolitan Statistical Area)",all,93.149,91.783,93.371,94.633,94.211,94.883,94.735,94.651,95.622,93.921,92.798,92.824,93.119,93.155,92.404,91.233,90.78
12940,"Baton Rouge, LA (Metropolitan Statistical Area)",housing,74.532,78.278,76.359,81.363,79.831,81.756,80.751,80.515,83.711,78.327,78.596,78.768,76.51,75.323,75.694,77.204,74.183
12980,"Battle Creek, MI (Metropolitan Statistical Area)",all,94.623,94.485,92.291,92.614,94.216,93.387,94.101,91.756,91.869,91.027,92.041,91.845,90.709,90.427,89.471,88.247,90.541
12980,"Battle Creek, MI (Metropolitan Statistical Area)",housing,75.644,76.09,68.626,73.021,79.44,73.791,79.579,73.603,71.373,70.963,70.737,67.608,67.339,62.116,62.517,56.987,61.045
13020,"Bay City, MI (Metropolitan Statistical Area)",all,94.13,93.892,92.47,92.662,93.175,93.376,92.893,91.011,92.025,89.374,92.771,92.449,88.752,91.479,88.2,90.62,91.921
13020,"Bay City, MI (Metropolitan Statistical Area)",housing,68.041,71.965,67.675,72.611,73.717,73.316,72.965,68.567,72.807,62.501,72.299,66.608,58.524,67.581,53.25,65.635,66.684
13140,"Beaumont-Port Arthur, TX (Metropolitan Statistical Area)",all,93.4,91.498,92.703,94.733,93.343,94.441,94.516,92.707,94.763,92.363,91.609,92.355,90.143,92.986,91.079,90.79,90.046
13140,"Beaumont-Port Arthur, TX (Metropolitan Statistical Area)",housing,71.647,66.407,69.813,76.757,70.619,75.051,74.162,65.637,72.699,65.397,70.911,72.891,62.376,74.263,72.532,76.07,70.939
13220,"Beckley, WV (Metropolitan Statistical Area)",all,83.47,78.277,84.945,84.097,83.624,87.298,87.527,87.541,83.255,84.69,86.185,86.304,83.446,89.334,88.176,89.503,88.369
13220,"Beckley, WV (Metropolitan Statistical Area)",housing,51.303,39.686,50.62,48.194,47.406,54.068,55.847,55.674,43.945,49.926,47.286,51.954,47.568,55.565,52.334,58.797,52.246
13380,"Bellingham, WA (Metropolitan Statistical Area)",all,96.187,102.321,99.766,103.238,101.976,100.385,101.094,101.21,98.69,100.971,104.208,104.061,103.516,104.581,105.956,104.012,103.334
13380,"Bellingham, WA (Metropolitan Statistical Area)",housing,96.602,111.822,104.639,112.35,106.346,103.629,108.496,113.659,103.343,107.182,108.467,112.022,110.978,121.27,109.595,109.586,112.946
13460,"Bend, OR (Metropolitan Statistical Area)",all,99.772,98.722,96.578,95.747,95.753,96.115,98.165,100.872,98.977,101.252,103.14,102.855,102.933,101.975,106.833,105.276,103.607
13460,"Bend, OR (Metropolitan Statistical Area)",housing,95.054,96.926,91.527,85.134,90.83,90.376,98.287,103.161,98.954,107.341,101.55,103.997,107.667,101.525,110.888,111.053,109.958
13740,"Billings, MT (Metropolitan Statistical Area)",all,94.956,95.773,94.981,96.801,97.965,96.322,97.119,96.809,94.817,97.158,94.189,95.693,92.219,92.297,91.666,90.35,93.526
13740,"Billings, MT (Metropolitan Statistical Area)",housing,82.56,72.048,77.061,78.769,85.548,83.265,88.932,87.088,82.992,85.395,86.26,86.663,74.939,84.99,81.815,72.917,77.364
13780,"Binghamton, NY (Metropolitan Statistical Area)",all,97.04,96.963,97.789,97.484,94.927,95.921,94.794,95.893,96.073,97.813,96.082,93.869,96.934,94.35,92.15,92.09,92.863
13780,"Binghamton, NY (Metropolitan Statistical Area)",housing,74.579,74.815,86.814,87.082,73.378,74.517,77.481,73.332,73.027,79.497,79.344,74.551,83.98,74.116,70.643,66.08,69.694
13820,"Birmingham, AL (Metropolitan Statistical Area)",all,92.687,91.451,93.268,94.277,93.674,93.885,93.244,93.148,94.053,92.832,90.052,90.901,91.379,90.424,91.027,91.765,91.644
13820,"Birmingham, AL (Metropolitan Statistical Area)",housing,71.38,70.922,72.882,75.142,71.371,72.453,68.796,68.736,69.837,67.548,70.411,69.756,74.271,70.259,68.9,71.741,71.851
13900,"Bismarck, ND (Metropolitan Statistical Area)",all,90.029,92.03,88.697,89.61,95.239,95.949,96.761,93.645,95.966,91.115,91.415,94.182,92.624,94.143,91.058,89.354,91.024
13900,"Bismarck, ND (Metropolitan Statistical Area)",housing,53.297,64.112,52.289,62.693,90.878,90.749,96.515,81.279,98.12,74.868,73.055,82.311,73.751,91.823,78.993,75.747,84.013
13980,"Blacksburg-Christiansburg-Radford, VA (Metropolitan Statistical Area)",all,87.924,87.412,90.186,90.557,88.58,92.037,91.816,91.496,88.412,88.739,91.601,90.927,91.005,92.042,93.018,90.912,92.71
13980,"Blacksburg-Christiansburg-Radford, VA (Metropolitan Statistical Area)",housing,65.922,76.396,75.291,77.436,67.084,77.398,79.743,77.901,63.985,73.727,75.768,74.376,78.015,72.95,75.906,67.46,74.371
14010,"Bloomington, IL (Metropolitan Statistical Area)",all,96.873,95.805,97.325,95.432,96.372,95.264,95.588,94.617,93.792,92.93,94.442,95.087,92.702,92.873,92.528,92.119,93.537
14010,"Bloomington, IL (Metropolitan Statistical Area)",housing,83.716,80.287,94.463,89.941,93.88,84.553,86.64,86.707,80.38,81.432,81.548,82.102,75.485,73.986,78.141,73.56,74.715
14020,"Bloomington, IN (Metropolitan Statistical Area)",all,94.281,96.536,94.893,95.415,94.195,94.113,94.909,94.252,95.448,93.659,93.803,94.564,93.392,93.952,93.025,93.385,95.084
14020,"Bloomington, IN (Metropolitan Statistical Area)",housing,83.609,95.111,87.949,96.944,85.538,82.65,88.367,90.82,96.472,90.369,81.888,83.369,81.552,83.023,80.837,81.176,85.59
14260,"Boise City, ID (Metropolitan Statistical Area)",all,95.25,97.727,95.538,96.966,96.662,96.375,95.919,94.868,93.154,95.864,93.596,95.704,93.649,93.752,94.215,94.244,98.391
14260,"Boise City, ID (Metropolitan Statistical Area)",housing,93.114,88.104,83.89,82.371,81.245,86.502,84.469,80.201,79.569,82.163,86.764,91.273,88.273,97.299,102.41,98.165,105.58
14460,"Boston-Cambridge-Newton, MA-NH (Metropolitan Statistical Area)",all,107.712,106.647,106.266,106.646,105.953,104.261,105.767,106.304,110.144,109.129,110.327,109.897,112.549,109.815,112.187,110.393,108.266
14460,"Boston-Cambridge-Newton, MA-NH (Metropolitan Statistical Area)",housing,142.65,146.232,144.203,147.277,144.914,145.714,142.657,144.738,146.632,148.381,146.148,146.371,156.668,146.988,150.152,148.247,148.424
14500,"Boulder, CO (Metropolitan Statistical Area)",all,108.521,105.585,104.494,107.144,107.486,105.814,106.334,106.842,105.612,105.308,101.659,105.455,101.7,100.872,99.939,100.614,105.202
14500,"Boulder, CO (Metropolitan Statistical Area)",housing,145.685,139.701,144.48,151.004,145.809,135.797,148.973,159.241,151.47,157.879,151.84,170.627,146.529,166.311,150.294,148.597,157.02
14540,"Bowling Green, KY (Metropolitan Statistical Area)",all,86.638,84.745,88.464,87.823,88.66,89.987,89.327,88.929,87.338,87.812,87.882,88.858,89.44,88.605,89.337,89.854,90.179
14540,"Bowling Green, KY (Metropolitan Statistical Area)",housing,57.265,58.882,64.523,58.669,63.598,66.509,64.094,62.715,59.394,63.286,59.822,61.962,65.137,62.161,63.28,66.063,63.395
14580,"Bozeman, MT (Metropolitan Statistical Area)",all,98.805,95.776,95.107,96.456,97.066,94.085,96.939,99.064,97.452,98.859,97.251,99.511,96.484,95.805,94.76,99.007,102.51
14580,"Bozeman, MT (Metropolitan Statistical Area)",housing,90.803,83.98,84.471,86.95,97.805,79.189,92.226,92.535,88.804,93.329,104.587,111.222,100.761,108.067,102.884,131.471,139.188
14740,"Bremerton-Silverdale-Port Orchard, WA (Metropolitan Statistical Area)",all,107.013,105.802,103.435,103.948,103.596,103.103,104.752,104.973,107.089,107.273,107.171,105.597,105.357,103.603,108.876,107.42,105.607
14740,"Bremerton-Silverdale-Port Orchard, WA (Metropolitan Statistical Area)",housing,121.295,117.199,112.337,118.225,118.349,116.438,116.34,116.006,120.108,114.757,129.101,123.91,124.598,115.998,130.247,132.703,129.641
14860,"Bridgeport-Stamford-Danbury, CT Metropolitan Statistical Area",all,117.032,117.656,113.363,113.996,113.859,114.897,115.228,113.648,113.8,111.943,107.255,106.217,108.6,106.215,109.939,107.011,106.864
14860,"Bridgeport-Stamford-Danbury, CT Metropolitan Statistical Area",housing,160.524,170.462,163.954,153.029,161.689,170.095,169.63,174.056,169.596,149.448,158.679,145.907,160.109,157.049,155.371,144.239,150.453
15180,"Brownsville-Harlingen, TX (Metropolitan Statistical Area)",all,85.04,86.196,87.056,89.579,89.232,87.598,87.899,88.366,89.545,87.982,85.129,87.678,85.013,87.841,85.11,85.699,85.975
15180,"Brownsville-Harlingen, TX (Metropolitan Statistical Area)",housing,49.891,54.87,53.999,61.34,59.446,54.751,55.956,55.251,60.127,56.642,52.853,60.087,49.527,55.709,54.313,55.734,57.72
15260,"Brunswick-St. Simons, GA (Metropolitan Statistical Area)",all,88.22,86.347,89.743,88.777,89.944,89.816,90.965,89.553,89.204,89.192,91.734,86.716,88.97,90.092,91.426,89.877,87.708
15260,"Brunswick-St. Simons, GA (Metropolitan Statistical Area)",housing,68.061,69.06,72.457,67.711,71.891,71.604,74.43,69.576,70.558,72.247,73.361,58.59,69.681,63.934,68.628,62.484,56.34
15380,"Buffalo-Cheektowaga, NY (Metropolitan Statistical Area)",all,97.044,97.666,96.153,96.125,96.171,97.295,94.776,97.732,97.482,97.271,95.618,94.57,94.181,94.874,93.994,94.921,95.844
15380,"Buffalo-Cheektowaga, NY (Metropolitan Statistical Area)",housing,73.42,78.244,77.198,78.915,79.95,80.618,76.621,81.638,80.317,75.563,75.75,74.587,71.053,76.229,78.574,75.959,80.989
15500,"Burlington, NC (Metropolitan Statistical Area)",all,92.501,91.873,92.495,93.466,93.312,93.846,92.707,93.188,92.183,92.184,91.415,90.43,89.724,89.406,92.019,92.954,93.196
15500,"Burlington, NC (Metropolitan Statistical Area)",housing,70.258,72.281,69.269,70.837,68.587,76.902,69.959,70.846,63.553,67.403,68.382,69.79,70.401,62.451,70.709,74.971,77.88
15540,"Burlington-South Burlington, VT (Metropolitan Statistical Area)",all,103.061,104.671,101.996,101.918,102.699,103.317,99.469,102.872,102.138,103.686,102.131,104.532,105.055,102.552,106.253,100.753,100.949
15540,"Burlington-South Burlington, VT (Metropolitan Statistical Area)",housing,115.585,125.613,118.553,124.654,130.631,120.487,108.559,121.955,113.371,117.984,111.62,132.907,126.511,118.304,123.793,101.922,103.842
15940,"Canton-Massillon, OH (Metropolitan Statistical Area)",all,93.385,92.112,92.614,91.226,92.209,92.012,91.946,91.087,90.351,90.265,90.887,91.073,88.873,89.732,88.734,88.604,89.406
15940,"Canton-Massillon, OH (Metropolitan Statistical Area)",housing,66.893,63.666,70.446,68.419,69.776,67.607,67.543,67.869,62.814,67.383,64.213,63.542,58.559,60.892,58.072,58.442,58.143
15980,"Cape Coral-Fort Myers, FL (Metropolitan Statistical Area)",all,99.936,97.032,97.392,97.696,97.867,97.921,98.571,99.13,101.037,99.438,99.24,97.818,98.104,99.929,101.817,103.1,102.349
15980,"Cape Coral-Fort Myers, FL (Metropolitan Statistical Area)",housing,106.454,96.945,93.862,92.212,93.333,96.25,96.189,98.302,106.372,101.51,109.378,108.911,110.59,111.58,123.161,126.815,125.113
16020,"Cape Girardeau, MO-IL (Metropolitan Statistical Area)",all,81.277,83.045,87.836,86.954,88.529,89.429,88.118,86.294,86.124,85.166,87.782,90.039,88.851,88.517,86.156,86.056,86.078
16020,"Cape Girardeau, MO-IL (Metropolitan Statistical Area)",housing,63.725,56.652,63.146,63.705,65.007,70.713,63.89,60.061,63.806,62.475,59.598,61.948,61.029,59.822,58.017,52.24,56.422
16180,"Carson City, NV (Metropolitan Statistical Area)",all,99.812,95.432,97.453,97.415,95.138,96.398,97.426,99.145,96.068,97.735,94.803,98.546,94.876,94.019,94.454,94.888,98.13
16180,"Carson City, NV (Metropolitan Statistical Area)",housing,94.65,80.143,91.93,94.613,87.164,91.141,93.384,88.351,84.573,90.706,93.254,103.513,92.175,98.753,98.197,93.423,101.176
16220,"Casper, WY (Metropolitan Statistical Area)",all,92.332,97.103,95.473,97.904,99.231,99.348,98.135,95.219,97.61,98.201,95.34,93.291,93.331,91.335,92.065,92.538,93.829
16220,"Casper, WY (Metropolitan Statistical Area)",housing,69.553,84.009,81.856,84.286,90.398,98.846,93.667,79.444,98.437,90.107,89.546,74.128,79.896,76.168,79.203,80.034,74.189
16300,"Cedar Rapids, IA (Metropolitan Statistical Area)",all,92.896,93.39,93.487,92.69,93.748,89.673,92.499,92.353,91.144,91.67,92.348,92.072,91.226,91.986,89.963,89.986,88.963
16300,"Cedar Rapids, IA (Metropolitan Statistical Area)",housing,73.12,75.643,75.571,80.911,81.764,59.986,73.504,78.241,71.839,77.948,74.743,72.639,67.632,77.691,75.89,71.24,71.447
16540,"Chambersburg, PA (Metropolitan Statistical Area)",all,98.034,97.733,96.374,96.237,95.448,97.307,94.974,96.23,96.14,98.022,96.176,94.558,94.273,94.969,93.906,94.371,94.642
16540,"Chambersburg, PA (Metropolitan Statistical Area)",housing,80.252,79.947,80.125,82.399,78.049,81.313,79.75,77.244,74.513,79.063,80.632,73.794,71.405,76.138,74.623,70.63,71.914
16580,"Champaign-Urbana, IL (Metropolitan Statistical Area)",all,96.177,95.857,95.08,94.221,94.154,94.451,94.364,93.442,93.712,92.359,93.177,93.981,91.873,93.076,91.266,90.704,92.704
16580,"Champaign-Urbana, IL (Metropolitan Statistical Area)",housing,90.053,88.479,83.332,86.478,82.542,84.6,82.509,84.525,84.354,81.948,75.053,78.436,73.398,75.783,72.299,67.825,71.604
16620,"Charleston, WV (Metropolitan Statistical Area)",all,90.743,89.791,91.771,94.425,93.411,91.761,92.411,92.179,92.717,90.358,90.52,89.794,87.402,91.322,89.833,89.058,88.717
16620,"Charleston, WV (Metropolitan Statistical Area)",housing,63.424,62.576,65.282,75.63,68.264,60.746,64.791,62.208,63.968,56.775,61.784,64.071,55.847,60.279,54.697,52.88,51.394
16700,"Charleston-North Charleston, SC (Metropolitan Statistical Area)",all,97.435,97.342,97.752,99.44,100.333,99.628,99.823,100.055,99.722,99.237,98.309,98.185,98.015,99.155,99.105,101.098,100.962
16700,"Charleston-North Charleston, SC (Metropolitan Statistical Area)",housing,96.926,101.479,96.305,102.353,107.223,104.177,104.271,106.696,99.619,102.157,107.598,111.939,112.463,106.054,110.874,123.357,119.77
16740,"Charlotte-Concord-Gastonia, NC-SC (Metropolitan Statistical Area)",all,95.304,94.062,95.664,95.714,96.149,95.926,96.342,96.211,96.935,96.203,95.527,94.484,94.168,96.601,96.787,97.323,97.348
16740,"Charlotte-Concord-Gastonia, NC-SC (Metropolitan Statistical Area)",housing,85.089,84.569,85.592,83.389,85.032,84.387,85.602,85.536,85.945,87.186,88.68,88.504,88.537,90.596,93.88,97.053,97.635
16820,"Charlottesville, VA (Metropolitan Statistical Area)",all,99.727,98.68,100.634,100.632,98.861,100.78,99.859,100.056,100.302,99.867,98.192,95.767,98.311,100.482,97.55,98.961,99.146
16820,"Charlottesville, VA (Metropolitan Statistical Area)",housing,110.465,111.866,114.15,111.968,102.021,113.851,108.273,109.445,106.154,109.766,105.878,98.78,116.109,114.854,97.322,104.637,107.041
16860,"Chattanooga, TN-GA (Metropolitan Statistical Area)",all,92.211,91.617,93.801,93.647,94.42,93.398,93.473,93.588,93.771,94.107,89.36,91.263,90.056,89.984,92.536,92.35,91.464
16860,"Chattanooga, TN-GA (Metropolitan Statistical Area)",housing,71.875,74.2,76.06,72.652,75.363,72.026,71.76,72.661,70.467,75.249,71.969,75.509,72.519,73.362,79.592,78.324,76.55
16940,"Cheyenne, WY (Metropolitan Statistical Area)",all,95.58,99.458,96.769,100.207,99.229,97.999,99.847,96.364,97.898,98.692,93.661,96.437,91.77,92.846,94.191,91.622,96.491
16940,"Cheyenne, WY (Metropolitan Statistical Area)",housing,90.374,96.488,88.125,97.694,90.639,90.172,104.985,86.871,100.496,93.114,82.31,91.074,74.034,87.533,94.024,74.635,89.828
16980,"Chicago-Naperville-Elgin, IL-IN (Metropolitan Statistical Area)",all,105.439,106.524,106.054,106.855,105.118,104.241,103.23,102.573,103.794,105.187,104.225,102.649,104.473,105.464,105.706,102.486,103.595
16980,"Chicago-Naperville-Elgin, IL-IN (Metropolitan Statistical Area)",housing,123.964,122.865,124.548,122.579,119.812,122.718,122.576,122.404,121.449,119.66,117.753,116.318,117.297,114.027,111.224,111.004,112.01
17020,"Chico, CA (Metropolitan Statistical Area)",all,99.415,102.254,100.73,102.077,103.484,100.476,99.809,98.395,97.08,100.874,104.211,102.217,101.788,102.479,104.223,104.745,101.197
17020,"Chico, CA (Metropolitan Statistical Area)",housing,111.409,107.736,110.295,104.38,111.71,100.567,99.084,97.353,93.815,105.934,100.935,95.321,97.144,102.44,91.442,100.723,91.946
17140,"Cincinnati, OH-KY-IN (Metropolitan Statistical Area)",all,97.09,96.482,94.698,93.16,93.399,93.781,92.905,91.81,93.656,93.927,94.357,94.936,93.907,94.216,93.591,94.224,95.37
17140,"Cincinnati, OH-KY-IN (Metropolitan Statistical Area)",housing,87.531,83.859,83.465,82.541,85.799,85.425,82.949,82.54,83.622,83.72,81.768,81.787,83.488,83.287,83.822,83.826,87.608
17300,"Clarksville, TN-KY (Metropolitan Statistical Area)",all,90.503,90.043,91.408,93.82,92.981,92.81,92.337,92.461,93.589,92.113,88.588,89.452,88.761,90.379,91.071,91.653,90.947
17300,"Clarksville, TN-KY (Metropolitan Statistical Area)",housing,65.836,67.33,68.753,74.65,71.025,71.054,69.442,71.048,73.525,67.662,69.074,68.159,69.384,74.981,73.906,75.606,73.801
17410,"Cleveland, OH (Metropolitan Statistical Area)",all,92.567,96.149,94.163,94.772,95.028,96.285,96.023,95.358,95.392,95.278,94.565,94.261,93.324,93.807,92.987,92.909,93.923
17410,"Cleveland, OH (Metropolitan Statistical Area)",housing,85.158,88.001,86.607,84.996,82.222,90.127,84.407,83.047,83.843,83.57,83.584,79.411,80.877,81.662,81.78,78.235,79.434
17420,"Cleveland, TN (Metropolitan Statistical Area)",all,87.932,86.653,87.341,86.786,89.331,90.219,89.286,88.092,88.562,85.072,88.2,86.718,86.637,87.728,89.218,90.428,88.08
17420,"Cleveland, TN (Metropolitan Statistical Area)",housing,63.106,68.716,63.458,61.686,69.22,70.407,65.241,60.687,65.598,56.69,65.833,55.295,59.551,62.115,64.869,69.913,60.327
17660,"Coeur d'Alene, ID (Metropolitan Statistical Area)",all,98.136,95.072,93.182,94.304,94.867,96.454,96.148,96.635,97.499,97.55,94.016,90.601,93.039,93.678,93.713,97.626,98.293
17660,"Coeur d'Alene, ID (Metropolitan Statistical Area)",housing,89.739,83.242,79.021,79.327,87.509,95.203,90.153,82.74,90.908,86.591,90.411,69.883,87.364,96.355,99.716,117.171,105.597
17780,"College Station-Bryan, TX (Metropolitan Statistical Area)",all,95.133,94.318,95.857,95.565,96.451,95.228,95.469,95.949,96.439,94.623,94.627,94.475,95.13,94.885,92.429,91.26,90.951
17780,"College Station-Bryan, TX (Metropolitan Statistical Area)",housing,84.408,87.359,87.069,85.912,89.2,83.054,82.77,85.09,85.073,82.408,88.406,85.48,84.198,85.595,79.855,77.623,75.088
17820,"Colorado Springs, CO (Metropolitan Statistical Area)",all,97.997,101.539,99.126,102.453,102.198,101.284,101.057,99.713,98.961,101.997,97.897,100.332,98.577,96.455,96.838,98.113,100.707
17820,"Colorado Springs, CO (Metropolitan Statistical Area)",housing,103.449,107.337,101.121,107.532,107.076,110.008,109.792,108.58,108.787,115.696,113.482,119.301,119.744,119.682,119.293,123.165,116.207
17860,"Columbia, MO (Metropolitan Statistical Area)",all,93.519,93.486,93.021,91.926,93.446,92.534,92.875,91.48,91.166,91.095,91.591,92.401,91.11,89.516,87.805,89.125,89.438
17860,"Columbia, MO (Metropolitan Statistical Area)",housing,78.692,76.198,74.323,73.216,77.954,72.287,76.198,73.154,68.38,73.871,71.351,74.998,68.276,64.549,64.851,66.005,69.248
17900,"Columbia, SC (Metropolitan Statistical Area)",all,93.542,92.307,94.122,95.252,94.38,94.72,94.136,94.651,94.596,93.608,92.336,91.021,89.842,93.235,93.422,93.223,93.662
17900,"Columbia, SC (Metropolitan Statistical Area)",housing,76.249,76.453,78.076,81.218,77.151,78.71,75.115,78.166,75.015,74.654,74.122,71.216,69.631,74.765,78.779,78.446,79.455
17980,"Columbus, GA-AL (Metropolitan Statistical Area)",all,88.446,87.335,90.807,91.495,90.112,90.461,91.071,91.21,90.464,89.636,88.311,87.841,86.315,88.912,89.39,88.841,89.296
17980,"Columbus, GA-AL (Metropolitan Statistical Area)",housing,60.295,58.677,65.612,65.565,60.267,62.126,62.423,64.599,59.625,58.962,58.839,60.072,57.723,57.701,61.054,58.459,61.185
18020,"Columbus, IN (Metropolitan Statistical Area)",all,83.986,86.133,90.525,89.015,90.445,88.718,90.342,87.604,87.882,87.334,94.024,93.822,91.419,91.829,90.278,90.233,93.003
18020,"Columbus, IN (Metropolitan Statistical Area)",housing,77.394,70.374,79.506,74.826,73.678,70.495,75.414,68.974,75.161,73.722,83.425,75.834,70.512,70.222,66.44,63.135,75.468
18140,"Columbus, OH (Metropolitan Statistical Area)",all,96.565,95.998,95.932,94.088,95.401,95.457,95.275,94.512,94.569,93.654,95.274,95.628,94.417,94.858,94.093,94.63,95.469
18140,"Columbus, OH (Metropolitan Statistical Area)",housing,86.393,84.498,86.863,84.144,87.541,87.053,86.524,87.652,86.441,85.863,86.936,85.789,86.204,87.407,87.632,87.103,87.945
18580,"Corpus Christi, TX (Metropolitan Statistical Area)",all,95.598,92.063,95.326,94.68,95.052,96.915,96.143,95.942,96.881,96.186,93.8,94.572,94.92,94.309,93.325,91.714,92.671
18580,"Corpus Christi, TX (Metropolitan Statistical Area)",housing,84.637,74.075,82.453,78.145,80.219,90.061,84.234,83.419,86.123,88.117,84.401,87.67,84.669,83.471,85.702,80.304,84.905
18700,"Corvallis, OR (Metropolitan Statistical Area)",all,99.323,99.992,96.989,96.234,96.594,96.861,98.758,98.732,98.906,98.794,103.223,102.982,102.697,101.934,106.079,106.506,104.017
18700,"Corvallis, OR (Metropolitan Statistical Area)",housing,91.898,104.561,93.064,86.584,95.021,93.454,101.912,91.42,98.351,93.068,102.129,104.894,106.237,101.272,106.335,119.341,114.437
18880,"Crestview-Fort Walton Beach-Destin, FL (Metropolitan Statistical Area)",all,95.807,94.293,96.054,97.079,97.962,96.763,97.347,97.241,96.775,95.515,96.184,95.844,94.894,96.821,97.929,98.357,97.031
18880,"Crestview-Fort Walton Beach-Destin, FL (Metropolitan Statistical Area)",housing,88.434,87.206,89.24,92.088,97.907,91.124,92.501,92.87,89.294,85.928,91.744,97.58,92.93,93.15,99.099,99.175,94.934
19100,"Dallas-Fort Worth-Arlington, TX (Metropolitan Statistical Area)",all,101.355,101.524,101.299,100.229,100.776,101.045,100.237,99.117,98.038,99.65,101.116,103.4,104.526,103.964,103.412,102.49,103.09
19100,"Dallas-Fort Worth-Arlington, TX (Metropolitan Statistical Area)",housing,103.327,102.414,101.864,104.108,103.576,103.814,105.445,106.117,108.727,110.849,111.833,112.59,114.451,114.273,116.267,117.84,117.874
19140,"Dalton, GA (Metropolitan Statistical Area)",all,89.264,85.192,89.346,87.487,88.543,87.91,89.024,88.662,87.585,85.287,88.78,87.629,84.49,90.726,90.373,90.443,89.844
19140,"Dalton, GA (Metropolitan Statistical Area)",housing,69.882,62.287,70.041,62.883,64.75,59.557,61.682,64.018,60.498,53.861,57.895,58.38,49.904,62.538,63.168,62.916,63.342
19300,"Daphne-Fairhope-Foley, AL (Metropolitan Statistical Area)",all,95.259,94.583,96.711,93.415,95.873,94.195,94.109,93.51,94.846,95.653,91.459,94.629,90.75,92.043,91.259,94.195,94.69
19300,"Daphne-Fairhope-Foley, AL (Metropolitan Statistical Area)",housing,87.821,88.038,91.447,72.297,83.076,79.532,77.518,74.641,77.424,84.249,80.899,91.684,75.275,80.406,75.176,86.206,89.15
19340,"Davenport-Moline-Rock Island, IA-IL (Metropolitan Statistical Area)",all,94.795,93.192,94.031,91.873,93.208,93.17,92.422,91.395,90.693,91.128,91.927,91.978,91.617,91.357,88.73,89.163,89.079
19340,"Davenport-Moline-Rock Island, IA-IL (Metropolitan Statistical Area)",housing,75.134,70.072,77.487,72.272,76.318,75.617,72.452,69.714,67.601,74.407,72.405,69.202,71.408,71.864,68.693,66.046,68.346
19430,"Dayton-Kettering-Beavercreek, OH (Metropolitan Statistical Area)",all,96.044,94.636,94.228,93.127,93.119,93.613,93.487,92.602,92.712,91.862,92.823,92.484,91.829,92.32,91.453,92.377,92.694
19430,"Dayton-Kettering-Beavercreek, OH (Metropolitan Statistical Area)",housing,80.163,75.416,77.775,78.4,74.217,75.691,76.312,76.165,74.665,75.429,72.798,69.267,73.289,73.372,72.853,74.968,72.712
19460,"Decatur, AL (Metropolitan Statistical Area)",all,89.808,85.203,88.843,90.55,88.233,90.744,87.291,90.242,89.227,88.958,87.239,84.359,87.151,86.159,87.433,89.202,87.212
19460,"Decatur, AL (Metropolitan Statistical Area)",housing,58.075,49.147,54.943,56.315,48.201,59.103,50.652,57.855,49.955,51.847,58.8,45.326,52.283,49.71,55.354,58.502,58.067
19500,"Decatur, IL (Metropolitan Statistical Area)",all,91.003,91.752,89.376,91.517,93.018,89.656,90.265,88.847,88.921,85.984,89.892,89.541,88.296,89.504,87.324,86.661,88.422
19500,"Decatur, IL (Metropolitan Statistical Area)",housing,55.731,63.146,57.804,68.816,75.532,60.056,60.535,58.026,60.777,54.397,61.16,58.388,59.676,60.636,56.615,55.026,56.186
19660,"Deltona-Daytona Beach-Ormond Beach, FL (Metropolitan Statistical Area)",all,98.614,96.644,96.155,97.972,97.535,97.118,97.627,98.175,98.254,98.231,97.071,95.753,96.681,97.775,98.808,99.142,99.367
19660,"Deltona-Daytona Beach-Ormond Beach, FL (Metropolitan Statistical Area)",housing,99.257,94.754,87.967,93.649,91.744,92.331,91.684,93.475,92.216,95.421,97.122,97.274,102.934,99.072,104.966,104.138,108.375
19740,"Denver-Aurora-Centennial, CO (Metropolitan Statistical Area)",all,105.797,103.348,101.901,104.958,105.113,104.895,104.826,105.002,105.174,104.327,102.397,104.392,109.361,109.067,107.334,105.768,105.782
19740,"Denver-Aurora-Centennial, CO (Metropolitan Statistical Area)",housing,122.839,120.036,123.132,131.063,127.469,128.703,134.268,141.623,147.153,148.154,148.27,147.27,152.641,146.233,145.608,146.07,146.919
19780,"Des Moines-West Des Moines, IA (Metropolitan Statistical Area)",all,95.14,97.154,95.242,94.385,95.484,95.755,95.932,94.563,94.602,93.923,95.52,95.607,93.807,93.414,92.054,92.752,91.701
19780,"Des Moines-West Des Moines, IA (Metropolitan Statistical Area)",housing,82.129,95.313,85.576,90.143,91.732,91.253,93.187,90.591,88.891,89.604,91.939,88.938,81.773,85.045,87.566,86.029,84.741
19820,"Detroit-Warren-Dearborn, MI (Metropolitan Statistical Area)",all,100.59,100.179,99.412,98.541,97.85,98.357,98.7,96.85,96.275,95.817,97.251,98.442,98.338,96.408,96.266,98.187,100.298
19820,"Detroit-Warren-Dearborn, MI (Metropolitan Statistical Area)",housing,103.363,97.954,100.275,95.326,96.353,95.726,95.727,93.508,94.031,95.199,94.361,96.933,95.728,90.339,94.175,93.104,94.69
20020,"Dothan, AL (Metropolitan Statistical Area)",all,86.773,85.658,87.751,88.081,88.582,89.09,88.119,87.289,88.277,86.316,84.947,85.796,86.55,86.063,85.271,87.36,83.833
20020,"Dothan, AL (Metropolitan Statistical Area)",housing,51.442,52.963,53.623,54.469,55.48,56.028,54.397,51.87,56.164,48.389,50.842,52.032,56.634,52.367,47.837,56.321,46.872
20100,"Dover, DE (Metropolitan Statistical Area)",all,96.77,98.092,98.529,98.277,97.329,97.745,98.59,97.438,100.303,96.742,94.894,95.207,93.865,95.844,95.083,91.928,97.507
20100,"Dover, DE (Metropolitan Statistical Area)",housing,86.16,98.072,94.118,89.634,83.251,89.289,94.786,87.026,97.679,84.279,86.004,95.084,88.809,83.252,81.923,69.071,95.899
20220,"Dubuque, IA (Metropolitan Statistical Area)",all,93.433,92.647,91.714,91.319,91.814,92.484,92.753,91.297,91.197,91.527,90.464,89.932,89.765,88.148,86.369,89.059,87.328
20220,"Dubuque, IA (Metropolitan Statistical Area)",housing,69.214,67.284,65.339,71.34,71.441,72.863,73.186,70.307,69.857,75.013,65.195,62.051,64.917,59.421,61.564,67.801,64.046
20260,"Duluth, MN-WI (Metropolitan Statistical Area)",all,89.243,92.902,88.992,90.939,90.761,88.5,89.35,90.087,88.253,86.494,90.486,90.237,83.092,89.29,88.507,87.181,88.768
20260,"Duluth, MN-WI (Metropolitan Statistical Area)",housing,60.253,76.305,61.934,73.05,70.58,59.524,64.614,70.723,62.584,59.423,73.022,69.206,46.49,69.857,74.842,65.241,71.147
20500,"Durham-Chapel Hill, NC (Metropolitan Statistical Area)",all,97.316,96.178,97.208,97.675,96.672,97.336,97.618,97.603,97.539,96.956,95.792,94.809,94.848,96.597,97.082,97.347,97.572
20500,"Durham-Chapel Hill, NC (Metropolitan Statistical Area)",housing,95.689,95.128,92.78,91.617,86.574,90.816,91.572,91.97,87.482,89.308,89.555,90.485,92.442,90.28,95.253,96.398,98.934
20580,"Eagle Pass, TX (Metropolitan Statistical Area)",all,84.397,80.528,85.857,81.688,85.915,82.844,87.876,85.463,84.605,83.912,86.488,85.558,89.137,88.019,81.136,81.96,83.805
20580,"Eagle Pass, TX (Metropolitan Statistical Area)",housing,49.053,45.995,57.838,46.65,59.081,46.919,58.924,56.709,53.368,55.703,54.331,51.923,61.966,58.806,43.629,48.436,53.681
20740,"Eau Claire, WI (Metropolitan Statistical Area)",all,96.628,94.373,94.388,94.309,94.765,93.598,94.008,92.311,91.577,91.159,93.169,92.782,92.211,91.93,91.131,91.528,92.796
20740,"Eau Claire, WI (Metropolitan Statistical Area)",housing,82.039,75.935,76.668,83.436,84.357,73.561,77.343,74.391,69.797,71.182,76.052,71.34,72.361,70.845,71.708,68.793,72.85
20940,"El Centro, CA (Metropolitan Statistical Area)",all,95.251,96.23,95.219,94.835,94.023,94.333,91.828,94.515,95.731,95.772,92.771,96.35,96.905,95.588,100.046,100.151,95.174
20940,"El Centro, CA (Metropolitan Statistical Area)",housing,72.489,79.721,80.606,75.415,81.389,78.849,66.935,68.505,80.924,69.952,56.453,67.773,76.155,67.04,73.957,77.741,66.274
21060,"Elizabethtown, KY (Metropolitan Statistical Area)",all,89.971,88.115,90.56,91.912,88.763,89.746,90.395,89.127,88.782,87.116,87.333,88.846,87.95,87.618,89.632,88.87,90.572
21060,"Elizabethtown, KY (Metropolitan Statistical Area)",housing,71.108,72.415,71.572,76.898,64.772,66.993,68.229,64.231,64.849,60.293,59.501,64.036,60.799,58.648,61.566,58.621,66.669
21140,"Elkhart-Goshen, IN (Metropolitan Statistical Area)",all,96.615,94.097,92.854,93.541,92.617,91.316,92.166,92.107,90.108,91.022,92.459,91.449,91.021,87.713,91.62,92.545,90.325
21140,"Elkhart-Goshen, IN (Metropolitan Statistical Area)",housing,85.879,76.008,74.324,82.947,74.022,68.037,70.307,73.549,63.694,70.801,74.207,69.131,70.858,59.408,73.342,77.032,64.327
21300,"Elmira, NY (Metropolitan Statistical Area)",all,95.697,96.636,96.206,97.671,94.432,98.9,97.591,97.569,95.305,97.762,96.166,95.668,95.332,94.664,92.873,92.679,94.398
21300,"Elmira, NY (Metropolitan Statistical Area)",housing,70.593,76.074,77.048,86.161,71.214,90.182,93.382,79.582,69.697,78.696,79.203,80.942,75.877,77.047,74.293,67.567,76.357
21340,"El Paso, TX (Metropolitan Statistical Area)",all,92.494,92.696,94.625,95.785,95.591,94.777,94.114,94.002,95.186,94.71,91.424,91.643,92.722,92.811,90.955,90.785,89.912
21340,"El Paso, TX (Metropolitan Statistical Area)",housing,71.554,76.481,79.357,82.486,80.952,78.422,74.7,73.725,76.859,78.437,72.065,72.924,73.475,76.005,73.371,75.474,71.248
21420,"Enid, OK (Metropolitan Statistical Area) *",all,,,,,,89.981,89.636,90.657,92.106,91.706,87.95,86.077,86.775,86.914,85.563,86.455,84.269
21420,"Enid, OK (Metropolitan Statistical Area) *",housing,,,,,,57.943,57.684,58.007,64.322,64.552,58.986,51.207,53.22,51.162,50.34,58.072,51.389
21500,"Erie, PA (Metropolitan Statistical Area)",all,96.454,93.425,94.578,93.871,95.282,96.261,93.8,94.642,95.45,96.615,94.585,93.913,92.847,91.921,90.704,91.941,90.95
21500,"Erie, PA (Metropolitan Statistical Area)",housing,71.879,60.7,71.441,69.006,78.425,77.292,72.937,68.07,72.825,71.878,72.606,70.808,65.273,63.707,61.504,61.593,56.83
21660,"Eugene-Springfield, OR (Metropolitan Statistical Area)",all,96.381,100.05,97.889,100.915,100.46,99.128,98.69,97.689,97.95,99.643,102.134,101.518,100.553,100.78,104.665,103.544,101.568
21660,"Eugene-Springfield, OR (Metropolitan Statistical Area)",housing,95.362,99.364,95.129,100.484,98.963,99.192,96.973,94.717,101.603,100.145,96.607,96.712,94.946,94.977,99.446,102.054,98.35
21780,"Evansville, IN (Metropolitan Statistical Area)",all,93.82,94.88,92.905,92.69,93.052,91.788,91.549,90.998,90.854,90.908,90.061,91.636,90.259,90.729,89.465,89.998,91.528
21780,"Evansville, IN (Metropolitan Statistical Area)",housing,72.02,78.899,73.04,77.333,75.778,67.191,69.353,68.611,66.752,71.002,60.53,67.714,67.44,63.255,62.339,61.923,66.735
21820,"Fairbanks-College, AK (Metropolitan Statistical Area)",all,104.682,102.723,102.182,102.668,97.933,97.709,101.253,100.558,100.415,103.835,104.583,103.091,99.374,104.621,98.735,101.199,103.208
21820,"Fairbanks-College, AK (Metropolitan Statistical Area)",housing,120.483,118.578,122.69,120.843,103.292,93.48,118.248,96.713,98.372,112.719,102.066,100.815,75.85,96.658,79.638,79.722,92.562
22020,"Fargo, ND-MN (Metropolitan Statistical Area)",all,97.264,94.85,95.227,94.291,95.946,95.317,92.569,94.474,95.415,93.859,93.045,94.995,92.451,92.574,87.941,89.135,90.871
22020,"Fargo, ND-MN (Metropolitan Statistical Area)",housing,86.545,78.071,83.981,87.687,93.547,85.894,68.308,87.45,93.489,88.676,82.032,87.474,74.858,78.819,63.593,73.58,81.142
22140,"Farmington, NM (Metropolitan Statistical Area)",all,94.99,91.105,91.016,90.593,94.817,90.09,94.793,95.314,95.046,97.022,92.142,92.068,89.081,89.22,88.324,87.02,87.707
22140,"Farmington, NM (Metropolitan Statistical Area)",housing,69.72,60.918,63.489,60.277,85.737,62.004,78.276,68.809,76.828,82.31,77.645,72.039,63.886,71.726,66.974,57.755,56.552
22180,"Fayetteville, NC (Metropolitan Statistical Area)",all,92.4,90.848,92.916,93.565,94.062,93.481,93.529,92.795,92.049,91.403,90.996,89.156,88.961,91.491,91.862,91.854,91.978
22180,"Fayetteville, NC (Metropolitan Statistical Area)",housing,71.448,71.071,73.666,73.43,76.172,73.629,74.192,71.736,67.704,67.535,68.287,66.072,67.479,69.424,70.867,71.25,73.081
22220,"Fayetteville-Springdale-Rogers, AR (Metropolitan Statistical Area)",all,92.583,91.662,92.493,93.79,94.288,93.84,93.388,93.493,94.332,93.412,90.75,91.682,92.705,92.953,90.846,91.45,91.353
22220,"Fayetteville-Springdale-Rogers, AR (Metropolitan Statistical Area)",housing,72.663,71.671,70.66,71.957,72.469,71.062,68.237,70.5,69.992,68.626,67.835,71.216,71.933,75.47,71.551,75.916,76.886
22380,"Flagstaff, AZ (Metropolitan Statistical Area)",all,99.753,100.18,98.333,95.213,99.201,100.524,98.533,102.215,97.673,100.869,97.318,99.367,97.042,95.501,95.492,91.855,100.325
22380,"Flagstaff, AZ (Metropolitan Statistical Area)",housing,94.328,102.127,98.029,82.496,106.104,108.919,96.119,104.429,88.461,102.514,102.482,104.868,103.821,103.778,99.655,81.487,108.961
22420,"Flint, MI (Metropolitan Statistical Area)",all,96.023,94.986,94.732,93.189,93.011,93.359,93.175,91.744,90.75,89.552,91.762,92.132,89.843,88.979,90.889,89.879,93.034
22420,"Flint, MI (Metropolitan Statistical Area)",housing,79.396,71.691,76.441,67.575,72.035,69.38,67.247,67.722,65.245,62.982,69.364,70.268,64.795,57.928,68.612,65.026,74.039
22500,"Florence, SC (Metropolitan Statistical Area)",all,84.471,85.229,87.329,88.635,89.632,88.769,88.436,89.884,89.454,88.666,88.124,87.646,86.41,90.499,87.822,88.195,86.774
22500,"Florence, SC (Metropolitan Statistical Area)",housing,43.79,51.579,52.353,55.545,56.91,55.281,54.236,57.07,54.524,58.054,56.247,58.335,55.784,60.984,54.124,57.175,52.425
22520,"Florence-Muscle Shoals, AL (Metropolitan Statistical Area)",all,83.275,84.235,87.936,85.979,88.631,85.324,87.063,86.349,85.894,86.706,84.006,81.913,82.816,85.419,84.47,84.45,84.817
22520,"Florence-Muscle Shoals, AL (Metropolitan Statistical Area)",housing,44.581,45.867,53.729,46.966,53.55,46.858,47.057,44.915,44.142,46.376,45.888,40.379,45.649,49.846,45.758,42.018,47.677
22540,"Fond du Lac, WI (Metropolitan Statistical Area)",all,83.435,85.969,88.774,87.672,90.996,91.13,90.011,89.57,88.173,87.091,92.329,92.958,91.217,92.198,89.415,92.977,91.643
22540,"Fond du Lac, WI (Metropolitan Statistical Area)",housing,68.687,65.699,64.468,66.188,73.705,77.896,68.759,75.899,73.294,69.652,72.695,70.739,68.148,70.125,62.956,77.619,67.317
22660,"Fort Collins-Loveland, CO (Metropolitan Statistical Area)",all,97.206,103.066,101.276,103.273,104.723,103.234,103.176,101.668,101.375,104.384,100.888,102.207,98.507,97.583,98.215,97.308,101.128
22660,"Fort Collins-Loveland, CO (Metropolitan Statistical Area)",housing,98.838,115.994,114.659,111.93,121.396,123.923,121.662,123.745,126.622,132.425,136.753,132.33,119.541,128.587,130.12,116.846,120.592
22900,"Fort Smith, AR-OK (Metropolitan Statistical Area)",all,90.688,88.331,90.09,89.931,89.84,90.192,91.287,88.918,89.268,89.212,86.097,88.061,87.076,87.679,85.825,85.311,85.888
22900,"Fort Smith, AR-OK (Metropolitan Statistical Area)",housing,63.821,59.021,60.747,58.543,57.212,57.741,61.575,54.487,53.829,55.382,51.675,58.482,54.492,53.964,50.909,50.806,53.443
23060,"Fort Wayne, IN (Metropolitan Statistical Area)",all,93.502,92.049,92.604,91.991,92.239,92.829,91.842,91.129,91.972,90.594,91.634,92.067,89.927,91.716,92.395,89.748,92.572
23060,"Fort Wayne, IN (Metropolitan Statistical Area)",housing,69.806,66.252,71.053,73.541,72.277,73.203,69.955,69.965,73.341,70.825,69.344,70.423,64.078,69.444,77.554,61.711,72.277
23420,"Fresno, CA (Metropolitan Statistical Area)",all,97.207,100.981,98.509,100.597,100.376,98.888,98.544,97.457,96.218,98.232,102.287,101.959,100.316,101.329,104.894,104.004,102.158
23420,"Fresno, CA (Metropolitan Statistical Area)",housing,99.13,101.144,97.298,95.763,93.149,91.225,91.239,90.767,88.345,89.769,89.632,93.19,88.273,94.215,94.74,95.722,95.725
23460,"Gadsden, AL (Metropolitan Statistical Area)",all,86.529,88.369,87.657,88.826,87.637,88.551,89.341,88.243,88.769,87.285,85.998,86.209,85.198,84.433,82.263,85.926,85.653
23460,"Gadsden, AL (Metropolitan Statistical Area)",housing,44.607,56.68,51.966,53.178,47.351,52.377,52.898,51.917,49.94,48.189,53.297,51.172,51.327,50.876,42.658,49.328,53.696
23540,"Gainesville, FL (Metropolitan Statistical Area)",all,97.158,97.327,96.549,97.013,95.837,96.076,96.887,96.128,95.947,96.111,95.998,93.927,92.733,95.829,96.282,97.237,96.733
23540,"Gainesville, FL (Metropolitan Statistical Area)",housing,92.711,101.845,90.209,89.756,82.872,86.016,87.417,82.565,81.791,86.227,89.668,86.467,81.003,86.827,89.482,92.564,92.982
23580,"Gainesville, GA (Metropolitan Statistical Area)",all,92.44,89.323,93.041,93.162,92.742,92.874,93.014,92.195,91.314,91.852,94.435,92.334,94.598,94.025,96.84,96.453,96.766
23580,"Gainesville, GA (Metropolitan Statistical Area)",housing,84.366,80.471,87.675,88.602,84.842,81.015,83.007,79.731,76.964,83.404,84.234,77.696,92.47,78.225,94.581,91.843,93.488
23900,"Gettysburg, PA (Metropolitan Statistical Area)",all,98.367,97.724,98.043,96.458,95.008,97.488,95.965,97.575,99.368,98.024,96.671,96.529,96.546,95.409,95.481,93.163,95.379
23900,"Gettysburg, PA (Metropolitan Statistical Area)",housing,82.67,79.211,89.58,83.42,75.811,82.718,83.505,84.437,94.42,79.625,83.05,85.004,82.301,78.342,85.236,64.361,73.865
24020,"Glens Falls, NY (Metropolitan Statistical Area)",all,98.469,100.164,98.624,97.274,97.341,99.991,94.015,97.958,96.951,97.773,95.549,95.56,94.983,95.45,92.584,94.053,94.866
24020,"Glens Falls, NY (Metropolitan Statistical Area)",housing,83.576,92.481,91.808,87.063,88.699,97.152,75.207,85.979,81.15,83.395,79.245,83.128,79.741,81.449,73.588,73.582,76.231
24140,"Goldsboro, NC (Metropolitan Statistical Area)",all,90.559,90.167,91.18,91.836,89.952,92.803,91.137,91.813,94.14,91.243,90.496,89.55,85.434,89.988,89.299,89.872,88.462
24140,"Goldsboro, NC (Metropolitan Statistical Area)",housing,63.396,62.599,63.488,63.77,58.761,67.596,62.419,63.911,68.811,64.021,67.476,66.176,50.779,60.482,59.08,59.61,57.684
24220,"Grand Forks, ND-MN (Metropolitan Statistical Area)",all,95.605,92.282,93.277,92.108,89.68,93.804,92.083,93.321,92.154,91.054,91.667,94.108,91.24,89.97,86.794,85.909,86.663
24220,"Grand Forks, ND-MN (Metropolitan Statistical Area)",housing,79.287,67.693,73.899,73.964,60.292,77.714,68.145,82.162,75.552,73.408,75.738,83.668,71.619,67.824,58.845,57.649,59.664
24260,"Grand Island, NE (Metropolitan Statistical Area)",all,81.772,82.275,88.097,89.237,84.97,86.949,83.317,87.298,87.693,83.239,88.118,89.979,90.537,89.144,86.692,87.139,86.657
24260,"Grand Island, NE (Metropolitan Statistical Area)",housing,60.757,51.167,65.245,72.991,47.8,59.248,44.012,67.613,71.998,50.939,57.868,63.446,66.093,61.351,58.094,60.916,61.748
24300,"Grand Junction, CO (Metropolitan Statistical Area)",all,103.747,98.89,97.551,99.657,97.626,96.351,98.87,98.577,98.877,99.41,93.998,98.531,95.179,92.123,93.774,92.751,95.476
24300,"Grand Junction, CO (Metropolitan Statistical Area)",housing,117.774,96.424,96.155,107.641,102.887,90.285,101.064,89.949,98.889,97.899,88.979,105.532,96.425,88.942,96.172,87.677,86.367
24340,"Grand Rapids-Wyoming-Kentwood, MI (Metropolitan Statistical Area)",all,95.59,95.588,95.2,94.24,94.691,95.575,95.117,93.418,94.203,92.183,94.069,95.678,94.289,96.19,94.104,94.975,95.546
24340,"Grand Rapids-Wyoming-Kentwood, MI (Metropolitan Statistical Area)",housing,87.623,86.062,83.638,83.976,82.791,87.115,86.113,82.307,85.484,78.926,79.675,86.02,84.957,94.436,85.751,88.78,86.596
24420,"Grants Pass, OR (Metropolitan Statistical Area)",all,96.15,94.682,93.942,94.388,96.057,95.299,94.627,96.254,96.214,95.953,99.875,100.196,94.995,98.824,102.773,100.676,97.76
24420,"Grants Pass, OR (Metropolitan Statistical Area)",housing,79.565,81.01,79.717,78.88,93.488,86.801,80.723,81.926,85.837,82.385,85.506,91.932,71.311,86.614,90.407,87.303,79.911
24500,"Great Falls, MT (Metropolitan Statistical Area)",all,85.251,89.251,84.981,91.808,92.278,91.949,92.114,90.057,88.025,90.164,91.794,88.834,86.995,86.851,91.181,93.408,96.845
24500,"Great Falls, MT (Metropolitan Statistical Area)",housing,38.931,45.983,40.114,54.006,59.758,61.2,60.652,57.171,53.691,51.834,73.835,55.975,54.071,55.533,77.82,89.058,97.115
24540,"Greeley, CO (Metropolitan Statistical Area)",all,101.101,99.58,98.817,99.152,100.668,100.819,101.33,100.43,100.129,99.717,97.95,100.741,97.493,95.169,94.871,96.643,100.176
24540,"Greeley, CO (Metropolitan Statistical Area)",housing,94.113,96.546,101.436,92.643,96.367,100.267,105.766,105.181,105.678,108.447,114.182,121.521,111.496,108.655,104.032,112.884,112.599
24580,"Green Bay, WI (Metropolitan Statistical Area)",all,94.648,94.401,95.14,92.897,92.909,93.512,92.692,91.211,92.031,91.426,93.428,92.39,92.056,92.326,90.516,92.195,93.086
24580,"Green Bay, WI (Metropolitan Statistical Area)",housing,81.778,79.464,83.313,77.742,73.263,76.632,73.088,69.718,75.074,75.611,77.763,68.146,73.696,72.286,68.837,73.917,74.696
24660,"Greensboro-High Point, NC (Metropolitan Statistical Area)",all,92.581,91.098,92.9,93.766,93.379,93.332,93.831,93.703,92.699,92.395,92.176,90.275,89.379,92.739,92.452,92.889,92.865
24660,"Greensboro-High Point, NC (Metropolitan Statistical Area)",housing,71.685,70.797,72.817,73.793,71.514,71.533,73.325,72.998,66.074,68.874,71.051,68.923,65.236,71.005,71.141,74.01,74.519
24780,"Greenville, NC (Metropolitan Statistical Area)",all,89.973,88.42,91.863,92.045,92.618,91.662,91.576,90.041,92.358,90.986,87.791,89.345,87.502,89.502,88.077,91.779,88.402
24780,"Greenville, NC (Metropolitan Statistical Area)",housing,61.519,61.964,66.488,65.464,67.987,64.793,65.268,58.398,62.94,61.767,58.081,62.919,59.742,59.509,56.658,70.204,57.326
24860,"Greenville-Anderson-Greer, SC (Metropolitan Statistical Area)",all,91.337,91.006,93.115,93.315,93.23,92.976,92.592,93.426,93.715,92.996,91.714,90.71,90.328,93.425,92.954,93.074,93.26
24860,"Greenville-Anderson-Greer, SC (Metropolitan Statistical Area)",housing,65.584,69.771,73.54,71.246,71.239,69.595,67.265,71.825,69.952,70.689,70.341,69.395,70.641,73.695,76.129,76.892,76.836
25060,"Gulfport-Biloxi, MS (Metropolitan Statistical Area)",all,95.326,91.433,93.347,94.035,94.316,92.791,94.268,91.353,92.528,91.929,87.321,89.146,89.235,88.948,88.937,88.879,90.006
25060,"Gulfport-Biloxi, MS (Metropolitan Statistical Area)",housing,86.774,74.109,74.986,74.312,75.734,70.338,75.488,64.302,67.025,66.932,60.644,66.011,69.929,68.433,62.517,60.989,67.906
25180,"Hagerstown-Martinsburg, MD-WV (Metropolitan Statistical Area)",all,100.207,100.816,97.12,100.116,99.345,100.076,99.365,100.719,99.604,98.606,94.026,93.266,93.052,95.308,93.456,95.36,94.171
25180,"Hagerstown-Martinsburg, MD-WV (Metropolitan Statistical Area)",housing,76.625,79.59,67.58,82.211,82.78,80.619,76.934,82.325,83.177,82.931,79.452,83.484,82.022,82.081,73.227,83.035,75.737
25220,"Hammond, LA (Metropolitan Statistical Area)",all,88.549,86.73,90.957,88.983,86.575,87.672,86.745,88.532,87.746,87.596,88.707,89.139,86.938,88.773,89.263,87.843,84.46
25220,"Hammond, LA (Metropolitan Statistical Area)",housing,64.974,71.297,78.214,67.636,60.981,59.791,55.14,62.068,60.682,64.409,60.688,62.948,54.965,53.533,64.647,62.361,48.16
25260,"Hanford-Corcoran, CA (Metropolitan Statistical Area)",all,100.737,97.826,95.795,99.691,96.05,95.731,94.614,98.981,97.06,95.843,101.621,98.03,99.774,98.523,102.336,98.576,101.612
25260,"Hanford-Corcoran, CA (Metropolitan Statistical Area)",housing,96.661,87.82,82.262,102.698,92.718,85.071,77.163,87.833,86.885,70.878,85.543,72.762,84.215,78.551,82.188,68.686,93.497
25420,"Harrisburg-Carlisle, PA (Metropolitan Statistical Area)",all,98.961,99.507,98.179,97.582,96.999,98.852,95.633,98.582,98.162,99.401,97.753,96.726,96.139,97.349,95.924,96.975,98.65
25420,"Harrisburg-Carlisle, PA (Metropolitan Statistical Area)",housing,84.934,87.262,90.469,90.109,87.734,91.134,81.887,89.789,86.047,87.03,88.796,85.633,80.02,90.375,87.177,85.674,96.28
25500,"Harrisonburg, VA (Metropolitan Statistical Area)",all,92.105,90.985,93.006,91.516,92.435,92.378,92.726,91.775,91.245,90.183,93.394,92.606,90.423,93.99,94.919,93.518,94.892
25500,"Harrisonburg, VA (Metropolitan Statistical Area)",housing,85.687,92.696,86.509,80.95,83.672,79.709,82.18,79.405,77.324,78.639,80.89,81.33,73.019,78.22,83.592,75.391,82.272
25540,"Hartford-West Hartford-East Hartford, CT (Metropolitan Statistical Area)",all,104.759,104.674,102.958,102.374,102.77,102.123,100.693,103.294,102.916,103.626,102.527,102.926,104.036,102.084,105.072,103.293,102.746
25540,"Hartford-West Hartford-East Hartford, CT (Metropolitan Statistical Area)",housing,121.049,120.875,122.75,119.242,125.194,113.318,114.068,120.144,114.136,112.753,110.37,109.817,114.271,114.008,110.056,109.715,110.234
25620,"Hattiesburg, MS (Metropolitan Statistical Area)",all,89.881,85.048,88.552,90.146,89.618,90.281,89.175,89.076,88.546,88.111,88.858,88.403,85.298,89.131,89.386,89.344,87.633
25620,"Hattiesburg, MS (Metropolitan Statistical Area)",housing,70.011,59.564,63.617,69.696,67.454,67.445,63.399,66.987,63.09,68.161,67.959,61.461,51.747,65.438,65.386,64.313,60.059
25740,"Helena, MT (Metropolitan Statistical Area)",all,95.991,93.433,92.492,93.763,91.955,93.289,95.773,94.893,95.576,94.019,90.494,92.779,92.003,90.779,90.489,92.106,95.675
25740,"Helena, MT (Metropolitan Statistical Area)",housing,76.615,68.539,72.481,71.264,67.097,76.429,84.428,72.713,79.627,69.342,66.881,72.751,76.023,75.949,73.81,81.675,90.141
25860,"Hickory-Lenoir-Morganton, NC (Metropolitan Statistical Area)",all,89.992,90.326,90.825,92.326,90.928,89.494,91.226,89.542,90.921,90.811,88.627,86.976,86.988,89.074,89.475,89.374,88.486
25860,"Hickory-Lenoir-Morganton, NC (Metropolitan Statistical Area)",housing,61.391,68.13,63.624,67.762,61.482,58.789,64.083,56.952,58.945,61.681,58.31,55.605,58.718,55.987,59.271,60.094,59.578
25940,"Hilton Head Island-Bluffton-Port Royal, SC (Metropolitan Statistical Area)",all,95.087,92.606,95.931,93.009,93.553,95.72,94.895,95.209,95.951,91.97,95.929,97.72,93.565,99.076,99.309,96.003,98.017
25940,"Hilton Head Island-Bluffton-Port Royal, SC (Metropolitan Statistical Area)",housing,99.497,99.728,102.685,88.105,90.816,96.405,93.418,95.672,101.426,86.153,93.04,107.405,88.27,104.541,109.544,93.205,101.235
25980,"Hinesville, GA (Metropolitan Statistical Area)",all,90.528,86.11,91.385,92.148,90.694,92.887,92.037,89.774,91.774,89.871,93.712,93.38,89.781,93.543,94.396,94.177,93.933
25980,"Hinesville, GA (Metropolitan Statistical Area)",housing,75.352,67.306,79.442,83.18,74.68,82.229,78.448,72.56,80.102,75.997,83.033,84.671,68.331,75.573,81.462,82.512,79.46
26140,"Homosassa Springs, FL (Metropolitan Statistical Area)",all,90.37,91.753,91.035,90.365,92.767,91.922,92.037,91.603,90.088,88.434,93.852,90.837,89.927,93.723,94.638,95.725,93.467
26140,"Homosassa Springs, FL (Metropolitan Statistical Area)",housing,74.747,92.325,76.355,73.88,84.656,73.506,75.494,78.81,73.443,69.346,81.674,71.253,69.865,78.28,82.519,85.59,78.427
26300,"Hot Springs, AR (Metropolitan Statistical Area)",all,86.67,84.825,86.743,88.825,88.173,87.486,85.211,86.083,88.397,85.598,85.709,86.259,87.2,88.649,86.239,86.1,85.73
26300,"Hot Springs, AR (Metropolitan Statistical Area)",housing,59.534,60.735,62.813,68.93,65.003,60.301,56.967,59.004,66.607,58.082,56.868,56.557,58.479,60.574,56.648,56.919,57.281
26380,"Houma-Bayou Cane-Thibodaux, LA (Metropolitan Statistical Area)",all,90.469,89.209,94.459,94.31,95.157,95.753,93.909,94.252,95.098,93.997,89.788,90.889,92.156,88.394,88.38,88.947,85.103
26380,"Houma-Bayou Cane-Thibodaux, LA (Metropolitan Statistical Area)",housing,60.084,58.787,77.975,73.824,78.181,82.814,71.645,75.219,73.917,72.861,64.807,68.571,72.079,53.073,57.743,67.549,51.311
26420,"Houston-Pasadena-The Woodlands, TX (Metropolitan Statistical Area)",all,99.448,100.557,101.004,98.658,100.05,101.105,102.212,103.107,102.355,100.024,101.904,101.405,99.965,99.724,98.772,99.734,98.629
26420,"Houston-Pasadena-The Woodlands, TX (Metropolitan Statistical Area)",housing,99.944,101.908,103.549,99.407,103.44,104.057,107.629,108.604,109.952,108.52,108.04,107.403,107.497,105.608,107.833,106.257,104.51
26580,"Huntington-Ashland, WV-KY-OH (Metropolitan Statistical Area)",all,87.992,87.627,88.051,91.059,89.47,89.14,90.275,89.83,90.301,88.63,88.239,87.069,86.854,88.575,88.323,88.107,88.422
26580,"Huntington-Ashland, WV-KY-OH (Metropolitan Statistical Area)",housing,54.759,56.944,53.606,61.172,55.56,54.831,57.898,56.599,57.967,52.702,56.193,54.171,54.878,53.704,50.752,49.783,51.257
26620,"Huntsville, AL (Metropolitan Statistical Area)",all,92.103,91.151,92.59,93.824,94.004,93.623,92.695,92.683,93.562,94.004,89.808,91.222,90.677,91.453,92.842,93.809,93.072
26620,"Huntsville, AL (Metropolitan Statistical Area)",housing,68.627,65.325,66.031,69.851,69.796,69.847,64.072,65.096,65.305,69.786,67.297,68.846,70.475,72.928,76.784,81.192,77.946
26820,"Idaho Falls, ID (Metropolitan Statistical Area)",all,95.22,93.858,91.186,93.69,93.193,91.762,87.907,94.925,95.428,95.436,90.869,91.987,90.948,90.338,90.91,90.793,94.412
26820,"Idaho Falls, ID (Metropolitan Statistical Area)",housing,75.243,76.106,69.011,75.24,77.558,71.89,53.849,70.707,79.803,75.611,72.34,72.565,74.57,76.773,83.137,79.37,83.985
26900,"Indianapolis-Carmel-Greenwood, IN (Metropolitan Statistical Area)",all,96.742,96.252,95.979,94.347,94.915,95.773,94.77,94.296,94.16,93.334,94.813,95.247,93.633,94.896,93.805,94.65,95.696
26900,"Indianapolis-Carmel-Greenwood, IN (Metropolitan Statistical Area)",housing,86.981,86.199,90.243,87.145,86.777,89.288,84.346,87.437,84.423,84.638,85.374,85.358,82.176,86.489,84.616,87.018,88.917
26980,"Iowa City, IA (Metropolitan Statistical Area)",all,95.741,94.975,97.192,96.232,96.477,97.126,97.588,95.034,95.42,94.734,94.805,95.713,95.56,92.956,91.304,91.891,91.509
26980,"Iowa City, IA (Metropolitan Statistical Area)",housing,87.612,83.771,98.488,102.832,98.678,100.83,104.257,94.08,94.579,95.501,87.132,90.023,93.251,82.415,83.506,81.558,83.99
27060,"Ithaca, NY (Metropolitan Statistical Area)",all,100.163,102.267,100.014,101.53,101.869,99.786,99.818,103.326,102.035,104.905,101.577,103.651,101.339,102.234,98.662,99.528,103.317
27060,"Ithaca, NY (Metropolitan Statistical Area)",housing,90.642,103.255,99.826,111.306,116.52,95.42,109.225,119.293,108.224,124.453,112.433,136.027,111.721,124.552,106.416,101.289,128.377
27100,"Jackson, MI (Metropolitan Statistical Area)",all,96.807,93.052,92.294,93.892,93.46,91.424,93.293,91.066,92.907,91.349,93.037,93.266,92.074,93.611,91.49,92.824,91.779
27100,"Jackson, MI (Metropolitan Statistical Area)",housing,86.12,69.612,67.316,80.003,74.787,63.361,75.107,67.675,76.173,73.807,76.385,73.665,72.753,77.306,71.661,77.983,67.092
27140,"Jackson, MS (Metropolitan Statistical Area)",all,91.597,90.881,93.275,93.062,92.982,93.037,92.687,92.891,93.532,92.57,88.729,88.566,88.856,88.479,90.166,89.837,89.048
27140,"Jackson, MS (Metropolitan Statistical Area)",housing,68.29,71.741,75.286,71.478,71.236,71.375,68.46,72.228,71.932,70.911,66.037,61.287,66.335,64.436,67.348,65.641,64.768
27180,"Jackson, TN (Metropolitan Statistical Area)",all,86.147,82.737,85.419,85.901,87.596,85.164,87.044,87.247,85.931,85.817,84.234,84.236,83.798,85.207,86.795,86.781,85.522
27180,"Jackson, TN (Metropolitan Statistical Area)",housing,56.597,54.992,54.465,55.749,62.319,50.542,58.962,57.874,55.474,59.511,50.119,49.501,50.955,53.512,56.978,56.631,56.567
27260,"Jacksonville, FL (Metropolitan Statistical Area)",all,99.589,97.888,98.671,99.181,98.959,98.272,99.263,99.258,99.329,98.733,96.991,95.923,96.383,98.678,98.492,99.645,99.484
27260,"Jacksonville, FL (Metropolitan Statistical Area)",housing,105.691,102.081,100.803,99.933,99.106,97.989,100.314,99.281,97.498,97.918,96.247,98.681,101.748,105.032,103.316,108.103,109.777
27340,"Jacksonville, NC (Metropolitan Statistical Area)",all,93.897,94.343,96.218,97.628,95.487,93.753,94.217,93.025,93.746,92.862,90.835,90.141,88.317,89.52,92.317,91.762,92.085
27340,"Jacksonville, NC (Metropolitan Statistical Area)",housing,79.53,86.187,88.377,93.852,81.876,75.336,77.536,74.013,74.138,73.677,68.695,70.539,66.387,61.654,72.582,71.25,72.118
27500,"Janesville-Beloit, WI (Metropolitan Statistical Area)",all,94.487,94.671,96.213,94.72,94.969,94.374,95.379,92.753,92.759,92.513,94.023,94.14,91.555,93.04,91.82,91.518,93.703
27500,"Janesville-Beloit, WI (Metropolitan Statistical Area)",housing,71.74,76.248,86.433,85.637,84.76,76.678,85.844,75.328,75.502,79.392,80.08,78.421,69.89,76.485,77.042,70.711,79.552
27620,"Jefferson City, MO (Metropolitan Statistical Area)",all,81.384,84.746,87.795,87.447,89.946,88.287,86.798,86.717,85.756,82.474,89.261,91.106,88.938,88.172,86.995,87.423,87.975
27620,"Jefferson City, MO (Metropolitan Statistical Area)",housing,60.631,59.501,60.317,62.089,66.681,62.878,54.571,60.876,60.715,49.288,57.239,67.649,59.418,58.899,60.014,57.696,62.123
27740,"Johnson City, TN (Metropolitan Statistical Area)",all,91.586,89.911,90.675,91.883,93.453,89.721,91.536,91.521,91.642,90.012,86.359,89.143,88.456,86.964,87.439,88.396,87.928
27740,"Johnson City, TN (Metropolitan Statistical Area)",housing,69.723,67.465,62.294,65.216,69.603,59.726,64.177,64.892,60.305,58.28,58.259,67.11,66.64,59.82,56.19,63.632,63.176
27780,"Johnstown, PA (Metropolitan Statistical Area)",all,90.744,90.948,90.457,88.868,86.829,88.601,89.119,88.579,88.67,90.75,89.344,87.07,87.554,86.164,87.449,88.485,85.929
27780,"Johnstown, PA (Metropolitan Statistical Area)",housing,50.957,48.904,52.866,51.134,47.939,44.578,52.75,47.605,47.018,51.895,52.575,45.512,48.685,43.775,51.132,47.199,42.333
27860,"Jonesboro, AR (Metropolitan Statistical Area)",all,84.227,81.86,83.998,85.367,85.831,85.115,85.551,85.529,84.766,85.368,84.644,85.439,85.463,86.668,86.482,85.968,85.876
27860,"Jonesboro, AR (Metropolitan Statistical Area)",housing,50.044,47.211,47.07,53.008,56.22,50.008,53.1,53.658,50.64,52.794,48.684,50.767,47.979,53.269,54.689,55.516,53.848
27900,"Joplin, MO-KS (Metropolitan Statistical Area)",all,90.03,89.325,89.332,89.613,90.034,90.139,89.929,89.41,88.417,87.395,87.563,89.242,87.882,87.803,84.746,85.189,85.718
27900,"Joplin, MO-KS (Metropolitan Statistical Area)",housing,60.928,58.825,57.632,62.661,61.414,61.961,61.578,63.613,57.227,57.002,55.321,59.083,56.095,56.86,51.878,50.543,53.976
27980,"Kahului-Wailuku, HI (Metropolitan Statistical Area)",all,107.5,101.08,103.892,104.86,102.667,107.196,102.78,109.006,102.853,104.66,109.175,109.3,111.546,111.177,108.841,107.193,109.393
27980,"Kahului-Wailuku, HI (Metropolitan Statistical Area)",housing,135.426,102.078,123.197,129.008,118.05,146.179,114.97,144.136,113.415,121.301,127.02,122.636,120.97,128.203,116.063,111.445,119.179
28020,"Kalamazoo-Portage, MI (Metropolitan Statistical Area)",all,97.453,97.661,95.51,93.721,95.379,96.615,96.281,93.134,96.369,93.422,94.949,94.092,95.281,93.055,94.78,94.1,94.84
28020,"Kalamazoo-Portage, MI (Metropolitan Statistical Area)",housing,88.709,91.96,83.15,79.145,85.251,90.117,90.894,77.401,95.788,82.097,84.42,75.652,89.319,76.23,89.538,82.557,81.59
28100,"Kankakee, IL (Metropolitan Statistical Area)",all,99.495,98.322,99.257,100.026,99.189,98.498,97.723,96.512,97.637,98.292,93.573,94.375,90.572,91.951,92.137,92.434,96.394
28100,"Kankakee, IL (Metropolitan Statistical Area)",housing,84.095,75.606,81.167,79.873,84.118,85.192,85.25,81.515,81.705,76.728,78.746,80.806,69.39,71.491,76.59,74.102,92.856
28140,"Kansas City, MO-KS (Metropolitan Statistical Area)",all,93.079,94.969,96.002,96.573,96.851,95.847,97.099,98.571,97.215,96.892,94.219,94.948,95.036,93.64,91.975,93.203,92.543
28140,"Kansas City, MO-KS (Metropolitan Statistical Area)",housing,88.789,85.348,88.249,87.311,85.295,86.937,84.136,87.089,85.253,85.368,83.264,84.619,87.551,84.81,85.588,87.97,86.642
28420,"Kennewick-Richland, WA (Metropolitan Statistical Area)",all,94.17,98.159,96.36,101.066,99.322,98.286,98.83,97.748,97.37,98.768,100.935,102.321,99.763,100.452,104.407,98.885,100.079
28420,"Kennewick-Richland, WA (Metropolitan Statistical Area)",housing,85.307,88.752,85.037,101.036,90.897,91.351,95.983,94.598,95.993,94.409,89.842,103.196,91.127,95.674,101.298,83.203,94.824
28450,"Kenosha, WI (Metropolitan Statistical Area)",all,103.719,102.938,100.092,103.134,99.251,100.091,101.286,101.005,100.229,102.494,100.878,101.913,99.382,101.476,102.459,100.534,101.118
28450,"Kenosha, WI (Metropolitan Statistical Area)",housing,109.065,98.225,84.15,96.025,80.603,90.285,101.018,101.484,87.884,94.295,88.0,103.497,83.132,86.789,92.291,91.696,95.814
28660,"Killeen-Temple, TX (Metropolitan Statistical Area)",all,94.473,91.997,94.267,95.34,94.108,95.128,95.259,94.581,95.173,94.139,91.93,91.975,91.92,93.266,91.395,92.334,91.132
28660,"Killeen-Temple, TX (Metropolitan Statistical Area)",housing,78.911,73.179,77.009,82.014,76.072,80.824,80.211,77.997,76.635,77.515,74.928,74.128,70.554,77.356,74.633,83.415,77.884
28700,"Kingsport-Bristol, TN-VA (Metropolitan Statistical Area)",all,89.58,88.384,87.992,89.82,89.89,88.545,88.375,89.237,88.938,88.769,85.098,86.576,83.41,85.511,86.238,84.988,86.447
28700,"Kingsport-Bristol, TN-VA (Metropolitan Statistical Area)",housing,62.06,61.891,55.127,58.591,58.583,54.48,54.117,57.279,55.624,54.636,55.374,57.28,49.834,54.534,53.85,51.106,56.496
28740,"Kingston, NY (Metropolitan Statistical Area)",all,107.142,104.04,102.635,101.452,102.042,103.524,102.251,102.351,101.18,102.919,100.925,101.554,101.582,99.94,99.328,99.574,100.709
28740,"Kingston, NY (Metropolitan Statistical Area)",housing,139.03,115.337,115.898,111.174,118.16,119.371,125.747,109.6,102.192,109.682,107.921,117.746,112.292,107.295,110.769,101.364,110.173
28880,"Kiryas Joel-Poughkeepsie-Newburgh, NY (Metropolitan Statistical Area)",all,,,,,,,,,109.754,109.505,110.657,111.877,109.678,110.245,109.913,109.743,109.422
28880,"Kiryas Joel-Poughkeepsie-Newburgh, NY (Metropolitan Statistical Area)",housing,,,,,,,,,124.942,123.757,119.309,127.03,112.626,116.972,121.23,118.981,115.763
28940,"Knoxville, TN (Metropolitan Statistical Area)",all,92.009,91.383,93.159,93.911,94.719,93.413,92.925,92.828,93.707,93.172,88.94,90.751,89.32,89.926,91.24,92.234,92.569
28940,"Knoxville, TN (Metropolitan Statistical Area)",housing,72.223,74.257,74.913,74.894,78.265,73.444,70.682,69.797,71.895,72.138,70.045,74.244,70.043,72.538,73.575,78.554,82.783
29020,"Kokomo, IN (Metropolitan Statistical Area)",all,92.338,91.875,92.676,88.967,90.685,92.043,91.366,88.931,87.713,87.602,89.202,90.251,88.459,90.644,86.794,89.551,89.648
29020,"Kokomo, IN (Metropolitan Statistical Area)",housing,64.244,64.748,72.644,62.643,66.703,69.727,66.214,62.985,54.371,58.751,58.052,62.105,58.237,66.172,52.574,61.764,59.252
29100,"La Crosse-Onalaska, WI-MN (Metropolitan Statistical Area)",all,93.335,95.297,94.751,93.377,93.19,92.012,94.986,92.813,92.764,91.845,94.094,93.121,89.499,93.986,90.675,90.591,91.769
29100,"La Crosse-Onalaska, WI-MN (Metropolitan Statistical Area)",housing,77.537,85.857,81.979,81.52,77.932,71.365,86.07,81.177,79.936,79.052,80.579,73.072,60.82,82.211,70.208,67.42,69.386
29180,"Lafayette, LA (Metropolitan Statistical Area)",all,89.64,89.881,90.78,92.052,93.568,91.684,94.275,93.189,93.804,92.351,90.777,90.391,90.371,91.316,89.813,87.553,87.209
29180,"Lafayette, LA (Metropolitan Statistical Area)",housing,56.648,65.272,62.524,64.263,71.886,62.826,74.053,68.267,71.423,67.084,69.284,64.811,63.265,64.618,63.743,60.32,58.845
29200,"Lafayette-West Lafayette, IN (Metropolitan Statistical Area)",all,91.71,93.406,93.169,91.565,93.733,94.011,92.791,92.082,91.145,91.282,92.574,93.15,90.912,92.379,91.97,91.465,93.43
29200,"Lafayette-West Lafayette, IN (Metropolitan Statistical Area)",housing,74.007,79.706,79.513,76.372,83.364,82.954,77.811,78.0,72.305,76.348,74.1,75.591,69.43,75.3,76.075,71.031,76.442
29340,"Lake Charles, LA (Metropolitan Statistical Area)",all,90.452,87.363,89.523,90.498,90.629,91.243,90.616,91.255,91.183,91.793,89.398,89.917,91.237,90.603,89.543,87.085,85.852
29340,"Lake Charles, LA (Metropolitan Statistical Area)",housing,60.999,56.399,58.232,60.15,61.591,61.259,59.505,63.102,59.931,65.563,61.691,64.873,68.626,63.11,61.445,57.089,51.752
29420,"Lake Havasu City-Kingman, AZ (Metropolitan Statistical Area)",all,93.771,97.304,94.643,94.663,95.531,95.012,92.325,92.176,92.97,93.75,89.841,88.365,87.679,89.268,92.771,90.479,94.098
29420,"Lake Havasu City-Kingman, AZ (Metropolitan Statistical Area)",housing,82.817,86.251,79.835,74.59,76.263,77.617,70.141,70.039,75.618,71.054,69.455,58.886,63.978,73.326,86.284,77.825,79.773
29460,"Lakeland-Winter Haven, FL (Metropolitan Statistical Area)",all,96.91,95.41,95.601,96.985,96.091,95.225,96.025,96.759,96.416,95.916,94.483,93.574,93.253,96.081,96.145,97.733,97.141
29460,"Lakeland-Winter Haven, FL (Metropolitan Statistical Area)",housing,89.993,87.98,84.438,87.787,83.769,82.491,83.399,85.867,82.409,82.966,82.969,85.744,84.577,89.587,89.928,96.015,95.942
29540,"Lancaster, PA (Metropolitan Statistical Area)",all,100.159,100.089,98.093,97.169,97.79,99.422,97.396,99.46,99.375,101.09,98.161,96.977,97.876,96.946,96.604,96.754,98.257
29540,"Lancaster, PA (Metropolitan Statistical Area)",housing,93.559,91.736,90.328,88.023,93.32,95.552,93.813,95.555,94.364,98.36,91.862,88.022,89.698,88.016,92.34,85.002,93.815
29620,"Lansing-East Lansing, MI (Metropolitan Statistical Area)",all,98.328,97.142,97.887,94.999,95.692,96.532,96.108,93.234,94.745,93.871,94.264,94.699,93.8,94.243,94.02,93.026,94.991
29620,"Lansing-East Lansing, MI (Metropolitan Statistical Area)",housing,92.402,88.343,96.079,85.184,86.613,89.778,90.315,78.524,86.266,86.129,79.674,80.306,81.462,81.615,85.64,76.958,83.472
29700,"Laredo, TX (Metropolitan Statistical Area)",all,91.557,90.01,91.011,92.036,92.446,91.627,93.282,94.051,93.656,90.644,90.605,90.775,91.657,89.506,90.075,88.321,86.956
29700,"Laredo, TX (Metropolitan Statistical Area)",housing,66.424,64.551,63.679,68.261,68.604,66.525,71.356,75.156,73.319,63.631,69.512,68.167,69.309,60.565,69.684,64.299,59.746
29740,"Las Cruces, NM (Metropolitan Statistical Area)",all,92.133,93.953,92.982,94.869,94.758,94.822,93.725,92.809,90.696,92.735,87.839,91.316,87.309,85.987,86.761,89.898,90.212
29740,"Las Cruces, NM (Metropolitan Statistical Area)",housing,72.917,69.543,71.849,70.715,68.093,75.895,71.318,68.366,63.176,66.014,59.352,67.648,56.538,57.681,59.996,71.295,62.982
29820,"Las Vegas-Henderson-North Las Vegas, NV (Metropolitan Statistical Area)",all,101.614,104.215,101.41,102.976,102.34,100.225,99.646,98.812,97.496,100.193,96.331,98.993,97.768,95.357,96.482,98.286,100.215
29820,"Las Vegas-Henderson-North Las Vegas, NV (Metropolitan Statistical Area)",housing,123.459,117.228,111.328,109.041,106.099,102.982,99.972,101.643,100.511,102.038,103.17,106.508,109.606,107.631,112.647,116.116,115.538
29940,"Lawrence, KS (Metropolitan Statistical Area)",all,98.155,97.742,97.515,95.918,96.011,96.143,96.475,93.063,94.125,94.308,94.339,92.185,93.961,92.782,92.177,90.921,90.243
29940,"Lawrence, KS (Metropolitan Statistical Area)",housing,92.299,91.757,96.348,95.224,91.063,88.958,93.279,76.874,83.072,88.521,83.055,68.712,80.242,78.303,84.777,74.136,71.636
30020,"Lawton, OK (Metropolitan Statistical Area)",all,86.808,87.728,89.2,91.312,90.932,92.006,93.223,90.936,92.358,89.825,87.139,87.203,85.615,87.008,85.344,87.98,85.941
30020,"Lawton, OK (Metropolitan Statistical Area)",housing,50.309,55.164,57.718,62.984,62.152,69.581,70.988,60.976,65.905,61.486,58.096,56.856,49.965,52.378,53.555,62.589,57.389
30140,"Lebanon, PA (Metropolitan Statistical Area)",all,99.013,98.164,96.376,93.138,95.693,94.074,95.771,95.8,96.435,98.02,96.635,94.581,94.88,95.866,92.99,95.781,93.214
30140,"Lebanon, PA (Metropolitan Statistical Area)",housing,86.708,79.845,79.249,62.511,79.881,62.545,82.875,74.125,76.012,79.002,83.004,73.349,73.785,82.496,72.345,77.924,66.039
30300,"Lewiston, ID-WA (Metropolitan Statistical Area)",all,93.944,93.555,93.683,94.069,88.287,91.401,91.624,92.698,91.454,89.678,87.789,89.611,86.075,86.713,85.11,87.888,91.16
30300,"Lewiston, ID-WA (Metropolitan Statistical Area)",housing,70.39,75.163,78.461,76.433,61.599,71.212,71.178,66.565,66.203,56.725,63.204,66.256,60.829,67.942,58.749,69.45,71.925
30340,"Lewiston-Auburn, ME (Metropolitan Statistical Area)",all,97.736,103.268,99.024,98.744,98.752,95.168,92.816,97.195,96.581,95.912,99.347,96.397,99.658,93.885,101.319,100.876,94.736
30340,"Lewiston-Auburn, ME (Metropolitan Statistical Area)",housing,78.786,113.387,96.837,100.302,98.416,70.861,67.707,81.887,78.602,68.594,91.254,71.184,86.975,61.132,85.66,94.841,69.003
30460,"Lexington-Fayette, KY (Metropolitan Statistical Area)",all,94.986,93.623,94.249,95.061,96.213,95.065,95.146,95.103,95.163,94.763,91.254,92.504,91.591,92.054,91.256,92.501,92.889
30460,"Lexington-Fayette, KY (Metropolitan Statistical Area)",housing,82.752,81.079,78.11,77.38,82.173,78.596,76.297,77.161,74.393,74.997,76.368,78.513,75.534,77.838,70.802,74.422,77.093
30500,"Lexington Park, MD (Metropolitan Statistical Area)",all,102.97,101.057,102.84,103.963,102.63,103.669,103.436,104.32,103.265,97.976,100.604,99.065,101.405,98.988,103.068,102.721,100.76
30500,"Lexington Park, MD (Metropolitan Statistical Area)",housing,115.598,111.219,116.497,129.444,123.273,118.46,119.655,130.819,127.732,100.633,101.865,100.733,113.346,88.31,113.879,111.965,103.809
30620,"Lima, OH (Metropolitan Statistical Area)",all,92.909,90.892,92.675,89.719,91.389,90.813,91.546,89.184,88.502,87.434,89.022,89.788,89.319,88.747,89.456,87.637,89.669
30620,"Lima, OH (Metropolitan Statistical Area)",housing,65.071,60.885,70.088,61.025,64.687,62.124,68.731,57.43,56.808,52.325,58.032,56.096,60.217,55.912,63.16,52.879,57.275
30700,"Lincoln, NE (Metropolitan Statistical Area)",all,94.951,95.033,94.883,93.331,93.842,94.612,94.681,93.994,93.251,93.619,94.443,95.127,95.211,93.245,91.977,91.893,91.581
30700,"Lincoln, NE (Metropolitan Statistical Area)",housing,79.099,80.798,82.93,81.56,79.884,81.644,83.084,84.339,77.549,85.333,88.455,86.431,89.659,82.964,86.229,83.626,84.208
30780,"Little Rock-North Little Rock-Conway, AR (Metropolitan Statistical Area)",all,92.848,91.412,93.647,93.729,93.735,93.955,93.71,93.55,94.317,93.384,90.327,90.467,90.603,91.557,89.344,89.51,89.364
30780,"Little Rock-North Little Rock-Conway, AR (Metropolitan Statistical Area)",housing,72.832,70.818,75.359,72.126,70.397,73.407,72.323,71.409,73.05,69.661,67.612,66.631,65.298,70.335,65.075,67.323,68.295
30860,"Logan, UT-ID (Metropolitan Statistical Area)",all,95.768,93.616,93.567,91.797,92.514,92.788,94.146,96.576,94.674,95.277,92.095,92.346,91.333,91.837,92.699,93.596,95.927
30860,"Logan, UT-ID (Metropolitan Statistical Area)",housing,74.332,73.113,77.241,67.923,77.452,78.489,79.902,80.158,75.766,76.719,78.02,73.897,77.451,83.697,92.073,92.144,90.959
30980,"Longview, TX (Metropolitan Statistical Area)",all,92.232,91.069,92.677,93.28,94.371,93.194,93.408,93.639,94.214,92.024,90.8,92.131,92.346,92.388,86.61,88.971,89.485
30980,"Longview, TX (Metropolitan Statistical Area)",housing,68.504,70.051,70.327,73.08,78.071,71.993,72.889,74.096,74.807,70.203,67.475,72.214,73.228,73.118,54.916,66.028,66.749
31020,"Longview-Kelso, WA (Metropolitan Statistical Area)",all,98.134,95.228,95.641,95.475,92.465,95.775,95.169,97.601,96.843,96.946,99.278,98.314,100.009,98.768,101.379,99.311,97.545
31020,"Longview-Kelso, WA (Metropolitan Statistical Area)",housing,88.747,82.324,87.277,83.562,77.484,85.877,83.191,85.583,87.685,84.519,82.852,83.926,94.381,86.722,87.019,86.438,82.536
31080,"Los Angeles-Long Beach-Anaheim, CA (Metropolitan Statistical Area)",all,113.327,112.24,112.496,111.455,112.058,112.435,112.218,113.341,111.259,110.204,110.976,110.939,113.884,114.151,113.308,114.749,113.566
31080,"Los Angeles-Long Beach-Anaheim, CA (Metropolitan Statistical Area)",housing,183.797,183.201,180.003,178.292,178.401,176.723,178.509,177.185,178.513,178.393,180.513,183.432,183.551,181.47,176.89,172.984,170.433
31140,"Louisville/Jefferson County, KY-IN (Metropolitan Statistical Area)",all,93.215,92.277,94.304,94.4,94.873,95.212,95.386,94.553,95.051,94.383,91.649,91.304,91.582,91.626,92.053,93.192,93.074
31140,"Louisville/Jefferson County, KY-IN (Metropolitan Statistical Area)",housing,76.512,76.695,79.014,74.953,77.436,80.265,79.181,76.865,75.759,76.653,78.23,72.895,77.159,76.362,75.246,79.546,78.558
31180,"Lubbock, TX (Metropolitan Statistical Area)",all,94.635,93.143,95.427,95.041,94.851,95.404,94.987,95.936,95.697,94.706,91.91,92.858,93.971,93.181,91.218,90.99,91.317
31180,"Lubbock, TX (Metropolitan Statistical Area)",housing,81.242,80.129,83.896,80.055,79.673,81.325,78.415,84.496,80.402,79.653,74.338,76.573,79.01,76.089,72.513,74.955,76.357
31340,"Lynchburg, VA (Metropolitan Statistical Area)",all,90.139,87.968,89.248,92.658,91.072,92.707,91.371,93.166,91.621,91.565,89.519,88.915,88.0,91.052,90.939,90.534,89.363
31340,"Lynchburg, VA (Metropolitan Statistical Area)",housing,63.331,58.718,61.809,70.634,65.263,73.06,68.123,73.528,65.151,67.787,63.913,63.752,63.435,66.282,65.161,64.514,63.912
31420,"Macon-Bibb County, GA (Metropolitan Statistical Area)",all,91.281,89.228,89.542,90.791,90.14,89.502,87.983,89.774,89.862,89.771,88.58,86.971,85.288,87.311,90.17,90.196,88.528
31420,"Macon-Bibb County, GA (Metropolitan Statistical Area)",housing,68.106,64.448,60.158,61.947,60.838,58.296,54.193,58.483,57.688,59.731,60.023,56.381,54.926,54.379,61.617,64.016,58.916
31540,"Madison, WI (Metropolitan Statistical Area)",all,98.117,98.609,98.72,96.812,97.355,97.762,98.137,95.938,95.871,95.647,98.255,98.097,95.868,96.645,95.534,95.934,97.287
31540,"Madison, WI (Metropolitan Statistical Area)",housing,102.991,104.535,106.553,102.974,102.008,102.026,106.721,98.671,97.574,103.33,110.202,102.795,94.13,97.533,98.986,95.947,99.748
31700,"Manchester-Nashua, NH (Metropolitan Statistical Area)",all,109.013,104.383,104.446,104.697,104.158,101.947,104.317,104.997,107.971,107.322,103.337,104.17,104.777,102.185,108.195,105.622,105.657
31700,"Manchester-Nashua, NH (Metropolitan Statistical Area)",housing,139.41,120.059,127.712,125.273,132.885,126.22,133.402,129.465,127.206,130.91,118.924,122.54,122.407,114.939,132.627,127.618,134.22
31740,"Manhattan, KS (Metropolitan Statistical Area)",all,85.832,88.56,93.021,92.601,94.511,94.753,94.656,91.522,89.496,90.695,93.727,93.002,91.723,90.717,89.404,90.19,90.162
31740,"Manhattan, KS (Metropolitan Statistical Area)",housing,80.404,81.127,87.32,92.053,95.648,100.207,98.428,89.006,80.978,89.165,80.715,76.529,70.65,67.741,70.868,71.83,71.971
31860,"Mankato, MN (Metropolitan Statistical Area)",all,85.091,88.692,92.721,86.293,94.475,94.057,89.413,92.045,88.635,89.283,94.762,94.807,91.228,88.33,88.916,87.647,90.955
31860,"Mankato, MN (Metropolitan Statistical Area)",housing,80.162,80.574,88.546,60.284,100.433,103.937,68.818,93.13,78.866,84.983,92.041,88.837,69.312,59.867,72.075,64.07,79.884
31900,"Mansfield, OH (Metropolitan Statistical Area)",all,92.326,89.478,90.868,90.636,90.978,87.694,89.042,88.867,89.136,87.717,85.721,89.206,88.935,88.276,87.669,86.647,88.872
31900,"Mansfield, OH (Metropolitan Statistical Area)",housing,62.868,54.623,60.671,63.232,65.765,52.416,57.666,60.057,60.84,53.603,48.532,56.726,60.072,55.429,58.5,49.576,54.919
32580,"McAllen-Edinburg-Mission, TX (Metropolitan Statistical Area)",all,86.852,86.332,87.756,88.004,89.157,88.281,89.12,89.435,89.814,89.269,86.771,86.826,88.025,87.234,86.642,86.075,85.895
32580,"McAllen-Edinburg-Mission, TX (Metropolitan Statistical Area)",housing,54.36,53.725,52.566,54.109,56.914,54.78,56.303,56.166,56.6,57.048,56.799,55.531,56.377,56.252,57.626,57.033,55.892
32780,"Medford, OR (Metropolitan Statistical Area)",all,97.455,99.576,98.739,101.986,100.884,97.231,98.397,98.716,98.055,100.034,102.648,99.903,101.893,102.233,105.733,103.436,101.433
32780,"Medford, OR (Metropolitan Statistical Area)",housing,101.088,96.527,99.729,106.144,101.309,89.906,95.654,100.409,101.718,102.202,99.425,89.423,102.4,103.682,105.639,101.33,97.658
32820,"Memphis, TN-MS-AR (Metropolitan Statistical Area)",all,94.19,92.737,94.724,94.989,95.004,94.715,94.595,94.216,95.249,94.197,89.558,91.311,90.337,90.292,91.812,91.947,92.179
32820,"Memphis, TN-MS-AR (Metropolitan Statistical Area)",housing,81.305,79.509,81.213,78.318,77.895,77.956,77.072,75.783,76.527,75.791,72.48,75.376,74.171,74.273,76.377,77.288,79.807
32900,"Merced, CA (Metropolitan Statistical Area)",all,94.253,98.355,96.684,98.435,98.583,98.13,96.086,95.679,95.318,98.311,101.146,101.229,98.748,100.279,102.933,99.618,98.275
32900,"Merced, CA (Metropolitan Statistical Area)",housing,82.306,88.135,87.878,85.291,84.394,88.223,77.596,81.909,83.362,90.394,83.59,88.357,79.463,88.686,84.162,76.755,78.63
33100,"Miami-Fort Lauderdale-West Palm Beach, FL (Metropolitan Statistical Area)",all,106.485,106.02,105.298,106.672,107.453,106.691,105.903,107.339,107.928,108.318,109.533,108.553,109.507,110.014,111.923,112.088,114.155
33100,"Miami-Fort Lauderdale-West Palm Beach, FL (Metropolitan Statistical Area)",housing,147.007,138.633,138.05,138.474,140.73,137.659,138.888,143.625,141.292,142.058,142.169,143.773,143.987,143.717,147.231,156.613,155.551
33140,"Michigan City-La Porte, IN (Metropolitan Statistical Area)",all,83.743,87.48,88.854,88.975,88.878,89.67,90.25,87.56,87.115,84.572,91.667,89.961,91.862,90.763,88.629,92.022,91.682
33140,"Michigan City-La Porte, IN (Metropolitan Statistical Area)",housing,75.952,77.438,69.695,75.633,66.982,74.454,74.636,68.75,71.825,62.024,71.423,58.335,73.651,65.671,55.952,74.968,68.451
33220,"Midland, MI (Metropolitan Statistical Area)",all,94.13,93.892,92.47,92.662,93.175,93.376,92.893,91.011,92.025,89.374,92.771,92.449,88.752,91.479,88.2,90.62,91.921
33220,"Midland, MI (Metropolitan Statistical Area)",housing,68.041,71.965,67.675,72.611,73.717,73.316,72.965,68.567,72.807,62.501,72.299,66.608,58.524,67.581,53.25,65.635,66.684
33260,"Midland, TX (Metropolitan Statistical Area)",all,96.511,96.239,98.643,101.138,100.325,101.53,103.245,104.271,102.635,100.572,99.804,100.504,95.828,97.715,95.905,95.383,95.783
33260,"Midland, TX (Metropolitan Statistical Area)",housing,88.6,93.657,100.513,117.437,111.689,122.511,139.265,144.902,123.793,115.622,129.338,130.211,85.672,102.989,101.237,101.928,101.497
33340,"Milwaukee-Waukesha, WI (Metropolitan Statistical Area)",all,97.714,98.737,97.5,96.313,97.592,97.164,97.11,97.927,99.089,100.842,95.962,97.566,95.744,95.566,95.122,95.672,96.937
33340,"Milwaukee-Waukesha, WI (Metropolitan Statistical Area)",housing,98.807,103.549,106.553,104.851,106.88,103.613,99.571,99.299,96.851,100.644,92.365,98.413,93.048,89.88,95.64,94.021,97.111
33460,"Minneapolis-St. Paul-Bloomington, MN-WI (Metropolitan Statistical Area)",all,102.937,104.963,102.313,102.504,101.233,102.07,103.56,102.798,102.349,102.25,104.735,102.748,102.414,103.53,102.641,104.302,104.822
33460,"Minneapolis-St. Paul-Bloomington, MN-WI (Metropolitan Statistical Area)",housing,119.922,116.75,114.086,113.944,111.679,115.023,115.53,119.708,116.637,119.577,116.765,117.994,112.031,114.689,119.045,110.308,111.838
33500,"Minot, ND (Metropolitan Statistical Area)",all,79.178,86.224,85.164,87.064,90.923,91.797,93.726,90.159,89.642,85.029,91.005,93.134,92.537,89.564,89.608,88.684,87.028
33500,"Minot, ND (Metropolitan Statistical Area)",housing,54.23,72.434,51.861,63.856,74.339,88.39,95.308,82.58,87.453,61.928,72.519,76.888,76.901,63.686,71.054,73.922,63.234
33540,"Missoula, MT (Metropolitan Statistical Area)",all,97.976,96.776,97.115,97.922,93.891,94.967,95.961,95.681,95.794,97.826,92.68,95.773,93.9,94.55,90.141,93.911,96.445
33540,"Missoula, MT (Metropolitan Statistical Area)",housing,84.326,88.844,93.89,94.035,80.269,84.622,87.198,76.826,81.099,87.742,76.404,87.661,85.533,98.605,72.257,92.741,94.945
33660,"Mobile, AL (Metropolitan Statistical Area)",all,90.484,89.796,90.265,91.977,92.989,92.298,93.691,91.505,92.25,92.204,87.776,88.398,87.504,87.948,87.797,88.738,88.098
33660,"Mobile, AL (Metropolitan Statistical Area)",housing,63.0,64.952,60.375,65.968,69.016,68.8,71.547,65.188,64.579,65.417,62.542,62.04,59.823,62.254,57.422,61.287,60.116
33700,"Modesto, CA (Metropolitan Statistical Area)",all,98.699,102.481,100.376,101.841,102.076,100.668,99.293,98.628,97.765,99.913,104.525,104.589,103.158,102.961,105.957,105.127,104.108
33700,"Modesto, CA (Metropolitan Statistical Area)",housing,109.238,110.159,108.173,102.695,102.667,101.477,95.375,98.31,97.95,100.383,102.884,109.332,104.81,105.249,101.663,103.545,108.476
33740,"Monroe, LA (Metropolitan Statistical Area)",all,86.297,84.235,88.552,87.576,86.353,86.812,87.917,85.125,86.065,86.765,86.227,85.78,83.392,86.483,86.635,83.644,83.597
33740,"Monroe, LA (Metropolitan Statistical Area)",housing,45.042,47.752,55.514,51.557,47.857,49.009,50.476,46.45,49.242,50.15,51.16,47.091,41.101,47.674,49.781,43.872,42.815
33780,"Monroe, MI (Metropolitan Statistical Area)",all,96.209,96.409,97.669,98.175,94.075,95.367,96.735,95.576,93.005,93.477,95.347,93.592,93.517,92.026,93.305,93.313,93.492
33780,"Monroe, MI (Metropolitan Statistical Area)",housing,77.486,77.537,89.981,92.774,74.743,78.468,83.366,86.493,74.545,80.264,86.568,73.871,79.201,71.127,80.661,77.92,74.641
33860,"Montgomery, AL (Metropolitan Statistical Area)",all,91.349,90.778,92.416,91.139,93.299,91.432,90.708,90.657,93.122,92.798,88.412,88.762,87.523,88.484,89.845,89.937,89.682
33860,"Montgomery, AL (Metropolitan Statistical Area)",housing,67.072,69.472,68.12,61.391,69.82,63.144,60.536,60.382,66.885,68.907,63.876,62.969,59.96,64.667,65.348,65.715,64.347
34060,"Morgantown, WV (Metropolitan Statistical Area)",all,89.418,87.45,92.81,93.853,91.823,93.126,89.908,95.842,94.395,90.064,94.051,91.57,91.899,95.792,92.4,92.183,93.323
34060,"Morgantown, WV (Metropolitan Statistical Area)",housing,69.251,68.473,82.347,87.221,78.307,81.185,66.054,96.812,88.984,71.436,81.462,70.488,74.607,81.603,69.09,66.125,69.126
34100,"Morristown, TN (Metropolitan Statistical Area)",all,86.317,82.771,86.791,88.141,88.624,88.424,86.941,87.26,85.641,86.627,86.211,87.116,84.611,84.821,87.655,87.214,86.364
34100,"Morristown, TN (Metropolitan Statistical Area)",housing,60.999,55.328,61.038,67.55,68.157,65.201,59.394,63.086,57.166,64.32,62.702,61.926,53.568,57.235,57.321,57.457,59.024
34580,"Mount Vernon-Anacortes, WA (Metropolitan Statistical Area)",all,102.903,101.06,100.023,100.019,98.657,98.874,96.878,101.342,101.425,101.461,103.98,101.7,102.123,100.331,105.772,105.89,102.443
34580,"Mount Vernon-Anacortes, WA (Metropolitan Statistical Area)",housing,114.54,109.692,110.591,108.815,107.694,102.135,90.776,104.729,111.268,106.892,107.163,99.584,103.874,95.763,109.298,121.569,108.165
34620,"Muncie, IN (Metropolitan Statistical Area)",all,93.849,91.389,91.624,91.225,90.548,92.102,89.915,88.26,88.558,89.041,90.996,88.459,87.159,88.979,88.195,88.659,88.148
34620,"Muncie, IN (Metropolitan Statistical Area)",housing,76.51,66.696,69.859,74.03,67.779,73.246,63.636,62.19,58.294,63.014,69.931,57.56,58.57,60.38,57.301,61.098,57.474
34740,"Muskegon-Norton Shores, MI (Metropolitan Statistical Area)",all,93.176,93.889,93.577,91.347,90.766,90.67,92.688,87.257,90.347,89.892,91.799,93.43,93.385,91.953,91.84,91.749,92.519
34740,"Muskegon-Norton Shores, MI (Metropolitan Statistical Area)",housing,70.721,75.484,74.525,71.852,65.573,64.395,73.641,56.646,65.791,67.308,68.764,75.227,80.821,71.754,76.185,73.584,74.228
34820,"Myrtle Beach-Conway-North Myrtle Beach, SC (Metropolitan Statistical Area)",all,94.951,94.908,94.005,95.418,96.655,93.5,95.537,95.016,96.224,94.86,91.702,93.131,92.03,94.166,94.034,93.774,93.642
34820,"Myrtle Beach-Conway-North Myrtle Beach, SC (Metropolitan Statistical Area)",housing,86.19,90.051,81.596,85.442,89.082,77.789,84.258,82.628,84.822,83.203,76.111,85.06,82.828,82.082,83.92,84.167,83.129
34900,"Napa, CA (Metropolitan Statistical Area)",all,115.234,115.093,112.73,111.842,111.628,113.02,114.785,115.242,117.771,121.508,115.844,112.56,112.222,112.456,112.964,111.826,112.554
34900,"Napa, CA (Metropolitan Statistical Area)",housing,138.655,170.969,154.782,164.584,159.801,165.695,180.32,171.907,190.406,179.688,196.645,184.507,187.209,187.641,161.679,161.293,197.44
34940,"Naples-Marco Island, FL (Metropolitan Statistical Area)",all,104.307,101.567,102.285,99.888,101.617,101.391,101.375,102.703,103.772,104.314,100.728,100.629,99.1,102.181,102.708,106.479,103.2
34940,"Naples-Marco Island, FL (Metropolitan Statistical Area)",housing,133.416,120.653,119.303,103.195,112.798,115.942,112.016,119.951,123.196,130.078,118.224,128.029,116.482,125.68,129.341,146.348,129.441
34980,"Nashville-Davidson--Murfreesboro--Franklin, TN (Metropolitan Statistical Area)",all,95.693,95.178,96.685,97.023,97.353,97.562,97.284,97.25,99.306,98.5,93.962,95.783,95.927,95.193,96.542,97.024,96.338
34980,"Nashville-Davidson--Murfreesboro--Franklin, TN (Metropolitan Statistical Area)",housing,89.436,92.421,91.461,89.194,89.84,93.685,91.233,91.421,98.8,100.184,99.752,102.483,106.983,104.388,105.305,106.905,104.626
35300,"New Haven, CT (Metropolitan Statistical Area)",all,114.589,114.871,109.54,112.145,111.002,110.083,111.421,109.955,109.287,109.48,103.995,104.448,103.994,102.695,106.345,105.358,104.559
35300,"New Haven, CT (Metropolitan Statistical Area)",housing,137.077,143.483,128.15,137.441,132.381,126.404,135.221,134.179,122.395,123.045,119.966,119.639,112.953,117.804,119.511,124.149,124.293
35380,"New Orleans-Metairie, LA (Metropolitan Statistical Area)",all,98.246,96.131,97.634,97.677,97.892,97.36,97.483,96.712,98.166,96.52,93.723,94.67,95.747,94.444,93.738,91.194,92.597
35380,"New Orleans-Metairie, LA (Metropolitan Statistical Area)",housing,102.881,98.918,97.408,94.879,95.889,92.911,91.392,88.39,91.824,88.097,85.102,89.932,91.539,83.175,84.723,77.753,86.009
35620,"New York-Newark-Jersey City, NY-NJ (Metropolitan Statistical Area)",all,113.482,114.779,113.214,114.589,113.75,113.314,113.229,113.255,113.714,113.583,114.531,114.899,115.572,114.81,112.987,112.645,112.563
35620,"New York-Newark-Jersey City, NY-NJ (Metropolitan Statistical Area)",housing,166.659,166.895,169.212,168.315,169.721,167.662,167.979,164.777,164.752,160.808,159.193,159.436,163.752,160.496,154.292,149.66,148.616
35660,"Niles, MI (Metropolitan Statistical Area)",all,94.287,91.618,92.436,91.91,91.235,90.698,91.913,91.076,91.187,89.664,89.194,87.382,90.32,91.969,88.088,89.725,92.37
35660,"Niles, MI (Metropolitan Statistical Area)",housing,74.672,66.144,71.052,73.446,66.651,65.7,70.581,71.912,71.185,66.869,60.162,54.1,68.121,70.825,58.078,64.145,71.599
35840,"North Port-Bradenton-Sarasota, FL (Metropolitan Statistical Area)",all,101.312,100.296,100.173,100.292,100.916,99.879,101.116,101.116,101.521,102.164,100.948,99.985,99.625,99.255,101.594,104.221,102.417
35840,"North Port-Bradenton-Sarasota, FL (Metropolitan Statistical Area)",housing,114.426,114.825,108.392,105.778,110.043,107.192,111.417,110.09,110.458,119.053,121.801,124.479,121.223,107.694,123.186,137.782,127.95
35980,"Norwich-New London-Willimantic, CT (Metropolitan Statistical Area)",all,103.672,104.166,101.502,101.649,101.736,102.132,97.979,101.85,102.622,102.329,101.651,102.673,102.075,100.014,103.644,100.695,100.445
35980,"Norwich-New London-Willimantic, CT (Metropolitan Statistical Area)",housing,113.892,118.113,111.377,114.12,116.971,113.929,95.177,107.37,112.244,103.675,102.747,107.511,101.739,98.59,100.06,91.825,93.662
36100,"Ocala, FL (Metropolitan Statistical Area)",all,96.287,95.358,94.146,95.16,94.792,93.498,93.91,93.345,94.83,94.361,93.25,91.884,91.204,93.834,93.934,95.8,95.234
36100,"Ocala, FL (Metropolitan Statistical Area)",housing,87.117,87.627,79.295,80.904,78.051,74.735,72.315,70.166,76.517,75.04,77.146,76.375,76.773,77.294,78.841,86.201,86.23
36220,"Odessa, TX (Metropolitan Statistical Area)",all,96.419,94.187,96.347,98.622,97.925,99.983,101.251,99.333,99.071,98.434,96.907,98.079,99.149,96.339,94.052,92.638,93.896
36220,"Odessa, TX (Metropolitan Statistical Area)",housing,87.807,81.107,85.292,98.468,93.529,109.146,117.726,101.701,96.228,99.312,103.614,109.17,108.21,94.19,88.267,83.504,89.709
36260,"Ogden, UT (Metropolitan Statistical Area)",all,95.034,99.528,97.895,100.691,100.912,98.588,98.905,95.544,96.257,97.868,95.939,97.997,95.789,94.035,94.889,96.129,100.349
36260,"Ogden, UT (Metropolitan Statistical Area)",housing,90.035,96.04,94.213,98.408,100.384,95.07,100.505,85.156,97.793,91.187,96.255,102.464,100.833,96.075,107.834,109.079,117.903
36420,"Oklahoma City, OK (Metropolitan Statistical Area)",all,92.825,91.668,94.093,94.248,94.798,94.704,95.121,94.319,94.811,94.436,92.055,91.91,92.653,92.444,91.351,91.445,90.408
36420,"Oklahoma City, OK (Metropolitan Statistical Area)",housing,72.45,72.699,76.894,75.658,76.817,78.0,78.971,75.403,75.311,76.626,76.775,74.752,75.873,75.187,74.474,78.07,73.885
36500,"Olympia-Lacey-Tumwater, WA (Metropolitan Statistical Area)",all,105.37,104.071,102.936,104.99,101.313,101.899,104.77,104.069,106.032,106.883,104.843,104.459,101.892,103.501,107.51,106.36,103.67
36500,"Olympia-Lacey-Tumwater, WA (Metropolitan Statistical Area)",housing,110.943,106.231,109.467,125.299,103.061,108.24,117.055,111.255,114.04,113.109,113.444,116.759,103.251,115.377,120.25,125.901,116.675
36540,"Omaha, NE-IA (Metropolitan Statistical Area)",all,96.032,96.193,95.768,94.198,95.727,95.118,95.568,94.156,94.566,94.074,94.206,94.898,94.957,93.796,92.009,92.475,91.911
36540,"Omaha, NE-IA (Metropolitan Statistical Area)",housing,84.771,87.609,88.691,87.356,92.889,85.475,89.433,85.266,86.711,88.72,86.455,85.845,88.589,86.488,87.015,87.275,86.404
36740,"Orlando-Kissimmee-Sanford, FL (Metropolitan Statistical Area)",all,101.367,99.436,99.769,100.353,99.934,99.773,100.275,100.189,100.813,100.53,98.84,98.176,98.471,99.784,100.524,101.59,101.418
36740,"Orlando-Kissimmee-Sanford, FL (Metropolitan Statistical Area)",housing,116.404,111.06,106.911,106.779,104.632,107.032,106.419,104.913,106.607,108.945,108.653,113.37,115.247,112.46,118.51,121.165,123.374
36780,"Oshkosh-Neenah, WI (Metropolitan Statistical Area)",all,97.111,94.617,95.147,94.163,94.445,95.148,93.232,92.986,92.994,91.993,92.372,92.492,92.611,92.548,91.3,90.804,92.929
36780,"Oshkosh-Neenah, WI (Metropolitan Statistical Area)",housing,83.862,73.773,81.02,81.341,80.108,81.775,74.018,76.752,77.735,74.811,71.895,68.486,76.002,71.849,72.723,65.385,74.442
36980,"Owensboro, KY (Metropolitan Statistical Area)",all,88.627,88.629,90.093,91.853,93.745,92.254,92.124,92.33,92.144,93.648,87.985,89.287,89.005,87.527,88.614,89.516,88.61
36980,"Owensboro, KY (Metropolitan Statistical Area)",housing,54.414,60.301,61.108,63.062,72.005,65.326,62.976,65.462,63.225,71.935,61.114,63.449,65.499,53.275,57.305,59.73,55.698
37100,"Oxnard-Thousand Oaks-Ventura, CA (Metropolitan Statistical Area)",all,109.515,110.431,109.447,109.637,110.41,111.225,113.136,113.185,111.167,108.143,113.986,112.449,111.336,111.445,114.44,113.685,110.534
37100,"Oxnard-Thousand Oaks-Ventura, CA (Metropolitan Statistical Area)",housing,184.03,186.938,187.657,193.099,191.474,193.539,190.936,185.392,185.279,186.161,189.735,190.048,176.073,188.201,174.846,177.625,171.096
37140,"Paducah, KY-IL (Metropolitan Statistical Area)",all,84.371,82.66,86.637,85.764,84.575,85.976,85.347,86.729,86.028,85.546,86.585,87.702,85.499,85.3,84.653,85.575,86.084
37140,"Paducah, KY-IL (Metropolitan Statistical Area)",housing,48.953,51.338,55.127,53.67,49.106,53.533,48.289,55.336,53.915,54.581,56.633,58.165,54.908,49.289,44.987,48.009,48.794
37340,"Palm Bay-Melbourne-Titusville, FL (Metropolitan Statistical Area)",all,99.936,97.186,98.585,98.634,98.003,97.077,98.933,99.605,98.811,99.415,98.328,96.605,96.782,98.909,99.392,101.322,100.005
37340,"Palm Bay-Melbourne-Titusville, FL (Metropolitan Statistical Area)",housing,106.926,97.635,99.939,96.384,93.083,91.218,97.878,100.868,94.061,101.492,104.584,102.365,104.521,105.931,108.641,119.022,111.731
37460,"Panama City-Panama City Beach, FL (Metropolitan Statistical Area)",all,96.721,94.397,96.388,97.741,96.81,94.278,95.196,94.793,95.224,94.084,94.246,94.602,94.554,96.75,97.274,97.843,97.296
37460,"Panama City-Panama City Beach, FL (Metropolitan Statistical Area)",housing,91.681,86.23,90.534,93.399,90.63,80.772,81.401,80.336,80.753,78.554,83.556,91.53,91.95,92.959,95.735,96.689,96.424
37620,"Parkersburg-Vienna, WV (Metropolitan Statistical Area)",all,87.025,86.282,87.026,88.524,91.62,91.738,90.606,92.673,92.679,91.247,89.642,88.029,86.156,89.669,87.158,88.022,87.066
37620,"Parkersburg-Vienna, WV (Metropolitan Statistical Area)",housing,51.372,53.804,49.407,49.6,58.352,61.278,56.87,64.375,62.831,59.081,60.486,54.101,53.743,52.263,48.34,50.164,45.884
37860,"Pensacola-Ferry Pass-Brent, FL (Metropolitan Statistical Area)",all,96.414,95.263,96.18,98.71,97.336,96.266,96.918,97.241,97.443,96.63,95.27,93.945,93.294,95.733,95.372,95.849,97.717
37860,"Pensacola-Ferry Pass-Brent, FL (Metropolitan Statistical Area)",housing,87.207,86.821,86.359,96.634,88.531,85.966,85.718,86.756,86.316,85.488,85.945,85.969,83.718,86.452,84.819,84.684,98.77
37900,"Peoria, IL (Metropolitan Statistical Area)",all,93.99,94.11,92.793,92.012,92.835,92.909,93.703,92.583,90.691,89.629,91.906,92.4,90.36,90.388,90.251,88.834,91.231
37900,"Peoria, IL (Metropolitan Statistical Area)",housing,70.167,72.946,69.278,71.621,73.002,73.611,77.502,76.121,65.952,65.878,68.898,67.635,65.998,62.48,65.709,58.371,63.763
37980,"Philadelphia-Camden-Wilmington, PA-NJ-DE-MD (Metropolitan Statistical Area)",all,106.427,107.606,106.331,105.334,103.865,101.818,102.397,102.177,102.535,103.991,103.169,103.685,102.327,99.006,100.74,102.363,102.554
37980,"Philadelphia-Camden-Wilmington, PA-NJ-DE-MD (Metropolitan Statistical Area)",housing,116.091,120.607,119.109,119.974,119.489,118.039,119.304,117.798,117.444,117.499,117.459,113.281,115.217,114.654,115.769,117.762,113.141
38060,"Phoenix-Mesa-Chandler, AZ (Metropolitan Statistical Area)",all,105.701,105.447,102.67,100.31,98.702,99.492,99.136,98.721,100.421,98.91,99.636,100.036,102.783,99.126,103.884,104.676,103.316
38060,"Phoenix-Mesa-Chandler, AZ (Metropolitan Statistical Area)",housing,113.679,107.725,102.999,102.985,102.657,99.972,101.371,101.157,100.591,103.26,104.402,106.395,111.21,116.066,122.829,124.293,121.236
38240,"Pinehurst-Southern Pines, NC (Metropolitan Statistical Area)",all,86.338,82.949,86.433,86.428,86.875,91.26,89.714,89.82,88.388,89.336,91.575,90.84,88.948,90.864,94.309,92.331,88.336
38240,"Pinehurst-Southern Pines, NC (Metropolitan Statistical Area)",housing,60.398,56.481,59.077,58.451,61.167,72.247,70.638,70.751,66.225,73.321,68.321,73.335,68.463,61.97,80.85,72.453,59.318
38300,"Pittsburgh, PA (Metropolitan Statistical Area)",all,92.423,93.07,94.32,94.853,95.525,94.393,94.372,95.01,93.934,94.937,95.58,95.338,95.499,94.842,93.728,94.706,94.671
38300,"Pittsburgh, PA (Metropolitan Statistical Area)",housing,73.92,74.959,74.269,76.22,75.133,76.086,75.114,75.911,76.798,75.449,75.255,76.898,76.718,75.303,73.977,72.609,71.986
38340,"Pittsfield, MA (Metropolitan Statistical Area)",all,99.641,99.108,98.41,95.227,97.777,96.105,96.716,100.477,100.484,100.741,100.427,99.233,99.474,96.044,100.06,93.514,95.106
38340,"Pittsfield, MA (Metropolitan Statistical Area)",housing,90.44,86.556,91.823,77.123,90.868,75.222,85.981,96.955,95.974,93.298,98.152,91.897,90.643,79.516,79.736,60.666,73.452
38540,"Pocatello, ID (Metropolitan Statistical Area)",all,94.078,89.156,90.254,88.013,91.035,91.689,89.548,94.577,88.953,91.989,89.083,87.867,88.982,88.478,87.318,88.592,88.906
38540,"Pocatello, ID (Metropolitan Statistical Area)",housing,70.205,57.022,62.012,51.968,70.288,70.494,59.545,71.882,52.026,62.341,64.975,60.194,69.773,70.998,67.548,71.119,66.396
38860,"Portland-South Portland, ME (Metropolitan Statistical Area)",all,102.456,103.055,100.881,98.594,101.275,103.046,94.452,99.89,102.258,102.234,101.904,97.558,102.608,101.865,104.848,104.354,101.858
38860,"Portland-South Portland, ME (Metropolitan Statistical Area)",housing,108.25,111.214,107.323,97.3,113.072,119.082,77.166,97.458,113.028,103.685,109.973,79.427,106.167,107.512,106.802,119.383,105.164
38900,"Portland-Vancouver-Hillsboro, OR-WA (Metropolitan Statistical Area)",all,98.729,102.304,101.594,101.855,104.34,103.045,102.134,103.69,101.545,103.751,107.267,106.44,105.831,105.407,108.833,106.714,105.421
38900,"Portland-Vancouver-Hillsboro, OR-WA (Metropolitan Statistical Area)",housing,112.505,113.973,112.895,113.404,116.931,116.108,118.429,123.105,123.925,129.683,132.111,131.206,129.278,127.788,128.413,124.782,125.114
38940,"Port St. Lucie, FL (Metropolitan Statistical Area)",all,101.101,98.63,98.895,98.904,99.167,98.405,99.875,99.732,100.504,99.264,99.004,94.385,98.618,98.485,98.326,102.193,100.228
38940,"Port St. Lucie, FL (Metropolitan Statistical Area)",housing,112.675,105.374,101.415,98.123,99.871,98.73,103.271,101.6,103.91,100.573,108.894,89.164,113.132,102.715,101.426,122.601,113.642
39150,"Prescott Valley-Prescott, AZ (Metropolitan Statistical Area)",all,102.997,98.8,97.824,97.76,96.545,97.797,96.389,100.277,98.617,99.498,93.658,95.88,93.186,93.864,92.637,95.597,98.255
39150,"Prescott Valley-Prescott, AZ (Metropolitan Statistical Area)",housing,110.106,95.185,95.526,93.847,92.441,95.693,86.61,94.556,91.487,95.862,84.454,87.028,84.429,94.588,84.196,100.611,98.781
39300,"Providence-Warwick, RI-MA (Metropolitan Statistical Area)",all,103.67,103.764,101.765,101.296,100.344,101.576,100.502,102.307,101.918,103.061,101.411,101.854,101.664,101.358,103.636,101.511,101.773
39300,"Providence-Warwick, RI-MA (Metropolitan Statistical Area)",housing,112.548,113.746,111.472,110.276,104.724,107.409,108.672,110.279,101.929,104.616,105.347,106.079,101.921,105.751,98.343,98.998,103.851
39340,"Provo-Orem-Lehi, UT (Metropolitan Statistical Area)",all,97.143,102.278,98.932,100.846,100.387,99.967,98.112,97.764,97.025,99.269,96.667,98.243,94.803,95.707,94.911,95.741,98.232
39340,"Provo-Orem-Lehi, UT (Metropolitan Statistical Area)",housing,103.612,113.208,101.05,99.963,97.243,103.876,95.574,98.482,103.223,100.532,101.698,104.336,94.497,109.569,108.928,107.252,104.081
39380,"Pueblo, CO (Metropolitan Statistical Area)",all,91.356,95.031,93.496,96.151,96.181,94.277,92.088,92.628,93.156,94.337,90.969,92.563,90.147,90.579,90.424,93.002,91.762
39380,"Pueblo, CO (Metropolitan Statistical Area)",housing,71.457,76.913,75.095,75.812,76.645,75.672,65.945,72.424,78.25,73.826,74.843,75.505,72.323,81.602,78.624,90.007,71.285
39460,"Punta Gorda, FL (Metropolitan Statistical Area)",all,97.54,95.213,97.008,96.623,97.874,95.493,96.872,97.826,98.748,98.832,97.144,95.668,98.853,96.22,95.901,98.824,100.525
39460,"Punta Gorda, FL (Metropolitan Statistical Area)",housing,94.082,88.445,92.534,87.156,93.684,85.412,87.72,91.572,94.762,98.628,97.52,96.689,114.173,90.775,89.308,102.011,113.277
39540,"Racine-Mount Pleasant, WI (Metropolitan Statistical Area)",all,96.329,96.413,94.584,93.551,94.446,95.167,95.444,96.801,94.627,98.53,93.721,94.247,93.876,92.165,90.874,95.207,95.961
39540,"Racine-Mount Pleasant, WI (Metropolitan Statistical Area)",housing,89.283,88.096,86.204,85.267,85.411,89.89,88.031,91.978,73.388,86.1,79.352,77.873,81.549,70.037,70.877,92.158,92.029
39580,"Raleigh-Cary, NC (Metropolitan Statistical Area)",all,97.012,95.916,97.21,98.269,98.019,97.943,98.386,98.271,99.265,98.42,96.861,95.585,95.403,97.598,98.324,98.355,98.157
39580,"Raleigh-Cary, NC (Metropolitan Statistical Area)",housing,92.697,92.045,91.558,94.363,92.937,94.052,95.43,95.192,96.277,97.321,96.773,95.702,96.194,96.978,104.414,103.997,103.476
39660,"Rapid City, SD (Metropolitan Statistical Area)",all,90.28,90.382,91.828,86.85,94.488,93.349,91.694,89.735,89.771,89.265,91.983,92.406,94.169,91.962,90.637,90.297,89.16
39660,"Rapid City, SD (Metropolitan Statistical Area)",housing,64.633,63.781,70.587,53.414,86.234,79.912,71.55,67.138,69.759,69.332,71.018,72.085,78.951,76.495,81.255,76.931,72.552
39740,"Reading, PA (Metropolitan Statistical Area)",all,99.027,99.295,98.105,97.602,97.772,99.856,97.306,98.142,98.69,99.016,98.365,97.352,96.037,96.114,96.328,96.466,97.06
39740,"Reading, PA (Metropolitan Statistical Area)",housing,85.609,87.104,89.999,90.145,93.298,98.255,93.187,87.353,89.873,84.433,92.773,89.51,79.117,83.144,90.173,82.747,85.419
39820,"Redding, CA (Metropolitan Statistical Area)",all,97.349,101.063,99.819,101.587,102.323,98.16,99.972,97.942,96.392,99.056,102.692,102.171,99.592,99.335,103.714,103.001,100.684
39820,"Redding, CA (Metropolitan Statistical Area)",housing,99.506,101.33,104.05,101.476,104.26,88.014,99.363,94.298,89.376,94.517,92.281,94.351,84.98,82.15,89.688,90.477,89.366
39900,"Reno, NV (Metropolitan Statistical Area)",all,101.346,103.221,101.29,102.868,102.467,100.853,99.859,99.363,98.169,100.517,97.514,100.166,98.256,96.868,97.886,98.025,101.014
39900,"Reno, NV (Metropolitan Statistical Area)",housing,121.168,112.426,111.572,110.374,109.163,108.152,102.0,104.215,104.337,104.38,113.137,115.848,113.467,120.307,124.762,115.878,123.478
40060,"Richmond, VA (Metropolitan Statistical Area)",all,98.11,97.478,98.597,99.398,98.61,98.307,98.539,98.873,99.326,97.802,97.136,95.185,95.895,97.968,97.626,98.337,97.858
40060,"Richmond, VA (Metropolitan Statistical Area)",housing,100.253,103.166,101.447,103.478,99.473,99.351,100.321,100.931,98.776,95.847,99.424,95.449,100.755,99.546,98.056,101.045,99.136
40140,"Riverside-San Bernardino-Ontario, CA (Metropolitan Statistical Area)",all,106.323,106.157,105.165,104.566,104.456,105.66,107.095,107.095,105.644,102.803,106.018,105.653,104.421,105.586,106.698,107.341,106.442
40140,"Riverside-San Bernardino-Ontario, CA (Metropolitan Statistical Area)",housing,138.049,134.193,131.745,129.426,123.841,126.161,125.087,121.574,124.602,123.626,126.054,128.825,126.346,129.551,129.176,131.954,129.312
40220,"Roanoke, VA (Metropolitan Statistical Area)",all,92.391,92.187,94.279,91.333,93.132,93.195,93.165,91.837,91.966,91.135,91.861,91.001,90.239,93.68,92.304,91.205,93.618
40220,"Roanoke, VA (Metropolitan Statistical Area)",housing,73.124,78.496,80.913,67.685,74.789,75.105,75.828,70.518,69.316,68.693,73.233,73.86,71.922,78.299,73.307,67.631,78.531
40340,"Rochester, MN (Metropolitan Statistical Area)",all,95.197,95.561,91.189,93.568,94.482,93.903,95.865,93.562,92.839,92.848,93.082,94.681,96.687,91.945,92.006,92.958,90.821
40340,"Rochester, MN (Metropolitan Statistical Area)",housing,90.782,91.864,66.618,84.241,87.774,82.11,94.239,87.676,82.589,87.119,80.694,87.228,101.259,76.36,91.216,92.954,78.628
40380,"Rochester, NY (Metropolitan Statistical Area)",all,100.847,100.717,98.955,98.249,98.507,99.584,97.976,99.755,99.791,100.888,99.016,97.733,97.306,97.476,95.395,98.389,97.035
40380,"Rochester, NY (Metropolitan Statistical Area)",housing,94.841,94.708,93.211,91.011,93.992,94.112,95.759,93.529,93.429,96.294,95.437,92.914,86.435,90.603,85.788,94.36,87.481
40420,"Rockford, IL (Metropolitan Statistical Area)",all,96.684,96.627,93.119,93.718,93.877,93.125,93.317,92.495,93.263,91.049,91.118,92.849,91.753,93.226,90.681,90.166,92.154
40420,"Rockford, IL (Metropolitan Statistical Area)",housing,83.86,87.845,72.766,80.767,79.296,76.16,75.518,77.24,79.484,72.46,66.796,72.719,73.211,77.245,69.38,64.922,70.076
40580,"Rocky Mount, NC (Metropolitan Statistical Area)",all,88.678,88.489,89.725,91.212,89.083,89.865,89.079,90.691,87.83,89.852,86.199,83.961,83.83,87.634,87.354,88.325,88.012
40580,"Rocky Mount, NC (Metropolitan Statistical Area)",housing,54.584,59.877,57.049,61.818,55.688,59.09,54.346,59.147,49.137,58.508,46.817,45.621,51.413,51.534,50.653,51.76,56.103
40660,"Rome, GA (Metropolitan Statistical Area)",all,87.98,85.708,88.338,86.7,86.297,87.411,88.073,88.183,88.273,85.746,88.658,87.796,86.342,90.883,90.817,90.387,90.161
40660,"Rome, GA (Metropolitan Statistical Area)",housing,64.09,65.374,67.032,59.87,55.959,56.04,56.887,60.175,62.827,53.489,57.791,56.961,52.423,62.143,61.689,60.388,60.276
40900,"Sacramento-Roseville-Folsom, CA (Metropolitan Statistical Area)",all,101.286,105.151,102.764,104.939,104.854,103.272,103.09,101.24,101.096,103.592,108.911,107.396,106.957,106.271,109.904,109.091,106.67
40900,"Sacramento-Roseville-Folsom, CA (Metropolitan Statistical Area)",housing,130.443,129.894,127.207,124.235,122.665,120.717,123.353,118.799,125.102,129.883,137.219,134.294,134.007,132.636,131.468,133.442,130.23
40980,"Saginaw, MI (Metropolitan Statistical Area)",all,93.511,92.686,92.166,92.426,90.918,92.308,90.49,90.278,90.652,89.5,90.913,90.158,88.923,90.98,87.13,89.293,90.891
40980,"Saginaw, MI (Metropolitan Statistical Area)",housing,68.396,69.191,66.271,72.339,64.082,68.216,61.56,66.212,65.704,63.716,64.305,58.685,61.214,66.773,54.987,59.41,63.647
41060,"St. Cloud, MN (Metropolitan Statistical Area)",all,97.315,92.672,94.823,93.795,95.15,95.291,94.491,93.419,93.662,90.678,93.005,94.633,91.472,87.463,91.739,89.301,87.632
41060,"St. Cloud, MN (Metropolitan Statistical Area)",housing,87.805,69.955,81.836,82.227,87.759,84.316,82.925,83.021,80.875,70.222,81.747,87.539,71.169,58.147,89.486,75.015,65.057
41100,"St. George, UT (Metropolitan Statistical Area)",all,98.539,93.687,94.517,93.822,96.42,95.079,94.279,98.23,99.177,99.023,94.771,95.421,95.857,94.074,94.9,96.734,97.321
41100,"St. George, UT (Metropolitan Statistical Area)",housing,91.819,79.054,84.908,80.25,97.487,88.016,80.081,85.303,97.754,94.772,90.738,87.969,100.378,96.295,106.678,110.327,98.148
41140,"St. Joseph, MO-KS (Metropolitan Statistical Area)",all,92.573,92.662,91.309,90.283,90.977,91.97,90.106,89.969,88.687,88.157,89.634,88.626,87.757,88.859,87.07,87.589,86.382
41140,"St. Joseph, MO-KS (Metropolitan Statistical Area)",housing,69.878,73.32,64.722,65.795,66.599,70.589,62.903,66.353,58.042,59.687,57.874,53.528,55.658,61.072,59.127,59.393,55.359
41180,"St. Louis, MO-IL (Metropolitan Statistical Area)",all,91.019,93.296,96.96,96.289,94.483,95.588,96.891,94.561,94.52,95.682,94.484,95.096,95.209,96.268,96.553,94.973,95.088
41180,"St. Louis, MO-IL (Metropolitan Statistical Area)",housing,83.582,84.332,86.017,88.773,84.817,86.181,84.855,83.871,83.606,81.756,81.605,80.695,78.391,80.093,79.819,80.586,79.024
41420,"Salem, OR (Metropolitan Statistical Area)",all,94.14,99.019,98.893,98.173,101.072,99.348,97.687,98.936,97.114,99.079,102.398,101.839,100.935,101.979,104.81,102.459,103.649
41420,"Salem, OR (Metropolitan Statistical Area)",housing,82.476,93.081,95.527,90.874,96.269,92.359,89.051,90.213,91.238,94.987,97.567,98.072,96.465,101.773,99.629,95.712,110.333
41500,"Salinas, CA (Metropolitan Statistical Area)",all,104.64,107.715,106.837,109.395,110.06,108.911,106.593,106.01,104.781,107.801,112.129,111.469,110.255,109.259,113.082,113.181,109.042
41500,"Salinas, CA (Metropolitan Statistical Area)",housing,158.218,148.982,159.413,159.348,163.313,166.694,150.993,161.597,155.027,164.882,164.363,168.628,164.609,159.466,159.494,166.602,145.669
41540,"Salisbury, MD (Metropolitan Statistical Area)",all,93.832,91.435,95.057,94.432,92.768,93.974,95.881,93.738,91.355,90.922,93.971,92.594,90.974,93.133,94.228,92.643,95.617
41540,"Salisbury, MD (Metropolitan Statistical Area)",housing,90.025,87.431,92.253,91.436,84.073,84.669,93.669,87.526,81.001,82.294,83.29,82.942,77.707,78.541,80.013,74.541,87.212
41620,"Salt Lake City-Murray, UT (Metropolitan Statistical Area)",all,98.475,101.99,99.186,102.655,102.162,100.944,100.287,99.128,98.301,100.497,97.848,99.641,97.27,96.115,95.848,97.145,100.868
41620,"Salt Lake City-Murray, UT (Metropolitan Statistical Area)",housing,112.572,111.979,102.511,111.97,109.547,111.669,110.711,107.706,112.707,109.278,111.185,115.184,112.458,112.318,116.54,118.474,123.311
41660,"San Angelo, TX (Metropolitan Statistical Area)",all,91.567,93.349,93.165,94.049,96.112,95.403,96.837,97.5,96.389,95.209,94.187,93.764,95.086,91.729,92.561,91.465,92.453
41660,"San Angelo, TX (Metropolitan Statistical Area)",housing,65.961,78.653,71.982,73.108,83.345,79.892,87.367,90.291,80.428,79.501,86.052,81.948,84.939,71.924,81.004,79.126,81.442
41700,"San Antonio-New Braunfels, TX (Metropolitan Statistical Area)",all,96.107,95.132,96.42,96.621,97.423,97.447,97.716,97.452,98.267,97.14,95.527,95.753,96.784,96.181,95.006,94.328,94.716
41700,"San Antonio-New Braunfels, TX (Metropolitan Statistical Area)",housing,87.959,88.493,87.881,87.608,91.419,92.372,92.673,91.266,93.083,92.301,93.785,93.124,93.429,92.594,94.593,94.17,94.575
41740,"San Diego-Chula Vista-Carlsbad, CA (Metropolitan Statistical Area)",all,113.734,114.553,112.792,114.142,112.851,111.675,110.861,112.263,113.618,112.277,112.555,113.488,115.144,115.054,114.63,110.741,111.887
41740,"San Diego-Chula Vista-Carlsbad, CA (Metropolitan Statistical Area)",housing,179.358,178.392,180.826,175.099,173.18,175.141,182.58,178.425,179.506,184.346,186.113,185.152,184.661,189.979,183.853,185.782,179.267
41780,"Sandusky, OH (Metropolitan Statistical Area)",all,83.217,85.953,87.412,87.164,90.189,89.478,88.421,87.489,83.232,85.656,89.798,92.49,88.704,89.146,87.194,89.021,89.281
41780,"Sandusky, OH (Metropolitan Statistical Area)",housing,66.861,67.148,60.513,65.501,72.696,72.134,64.522,66.294,50.172,63.362,62.561,70.586,59.009,60.735,56.557,58.428,59.462
41860,"San Francisco-Oakland-Fremont, CA (Metropolitan Statistical Area)",all,119.08,115.209,113.931,112.378,112.523,112.932,114.038,115.785,116.39,121.6,122.338,119.722,119.582,120.038,118.003,117.551,115.613
41860,"San Francisco-Oakland-Fremont, CA (Metropolitan Statistical Area)",housing,190.96,192.057,189.206,191.885,189.037,190.687,198.091,204.457,210.446,215.201,219.677,213.041,227.095,213.496,206.313,200.124,194.718
41940,"San Jose-Sunnyvale-Santa Clara, CA (Metropolitan Statistical Area)",all,119.286,115.889,114.034,112.733,113.381,114.075,115.601,117.169,117.72,122.872,114.472,112.914,113.467,111.612,115.281,113.059,110.423
41940,"San Jose-Sunnyvale-Santa Clara, CA (Metropolitan Statistical Area)",housing,204.303,207.921,199.18,209.403,211.366,217.688,229.876,236.084,239.035,243.341,246.682,239.675,245.513,241.339,233.193,212.96,211.901
42020,"San Luis Obispo-Paso Robles, CA (Metropolitan Statistical Area)",all,105.083,109.247,106.46,109.694,107.226,106.645,106.094,105.31,104.996,108.291,111.338,110.169,111.349,108.614,112.651,111.021,108.596
42020,"San Luis Obispo-Paso Robles, CA (Metropolitan Statistical Area)",housing,155.378,157.48,150.629,154.022,143.491,147.073,142.795,149.616,153.896,165.197,154.809,151.482,164.386,146.868,157.053,149.461,144.362
42100,"Santa Cruz-Watsonville, CA (Metropolitan Statistical Area)",all,119.808,113.887,113.896,111.707,112.315,111.372,113.757,115.264,115.114,120.857,111.299,110.702,111.702,109.079,114.742,112.774,109.896
42100,"Santa Cruz-Watsonville, CA (Metropolitan Statistical Area)",housing,188.608,162.984,170.122,165.516,176.325,155.525,179.485,177.959,174.53,188.515,167.433,173.634,189.866,168.238,184.987,175.019,164.328
42140,"Santa Fe, NM (Metropolitan Statistical Area)",all,98.005,102.033,100.167,103.183,102.107,100.167,101.628,98.694,98.448,98.75,96.191,96.886,96.619,93.231,94.928,94.064,98.767
42140,"Santa Fe, NM (Metropolitan Statistical Area)",housing,103.171,108.329,107.252,114.053,105.875,103.758,112.153,100.383,102.7,94.743,100.233,94.64,99.716,91.903,98.907,90.815,107.978
42200,"Santa Maria-Santa Barbara, CA (Metropolitan Statistical Area)",all,107.5,110.852,107.993,110.613,110.034,106.619,107.542,106.077,106.567,108.84,112.755,110.861,111.972,111.805,114.003,113.727,108.798
42200,"Santa Maria-Santa Barbara, CA (Metropolitan Statistical Area)",housing,188.401,175.099,171.381,176.447,163.572,147.786,161.105,162.022,169.467,180.782,175.158,165.71,181.573,187.087,172.191,175.405,151.394
42220,"Santa Rosa-Petaluma, CA (Metropolitan Statistical Area)",all,118.089,113.46,113.66,110.417,112.301,111.525,113.215,114.62,115.051,120.293,113.114,111.474,111.386,109.86,112.524,110.253,107.784
42220,"Santa Rosa-Petaluma, CA (Metropolitan Statistical Area)",housing,163.028,157.698,162.232,150.968,164.308,153.485,166.342,165.931,165.77,172.225,175.44,177.055,176.003,170.597,158.248,146.527,139.569
42340,"Savannah, GA (Metropolitan Statistical Area)",all,95.768,94.934,96.289,97.854,97.9,96.329,96.532,96.118,97.101,96.308,95.147,94.126,92.371,95.415,96.132,95.908,95.206
42340,"Savannah, GA (Metropolitan Statistical Area)",housing,88.929,89.304,88.484,93.225,93.775,85.731,86.039,84.415,84.549,86.221,89.342,88.776,80.569,86.474,91.266,89.948,86.012
42540,"Scranton--Wilkes-Barre, PA (Metropolitan Statistical Area)",all,95.084,95.956,94.105,94.67,93.986,94.648,91.506,95.453,94.821,95.18,92.887,92.873,93.085,93.134,91.923,93.391,93.556
42540,"Scranton--Wilkes-Barre, PA (Metropolitan Statistical Area)",housing,66.495,69.303,67.881,72.431,70.938,69.263,62.637,73.596,70.886,66.456,63.225,65.952,66.978,68.455,65.001,68.857,66.987
42660,"Seattle-Tacoma-Bellevue, WA (Metropolitan Statistical Area)",all,109.115,108.461,106.428,106.098,105.318,105.173,107.483,107.932,110.155,112.085,110.462,112.458,113.029,114.481,114.02,112.731,111.133
42660,"Seattle-Tacoma-Bellevue, WA (Metropolitan Statistical Area)",housing,139.175,137.643,136.293,136.597,134.154,135.116,140.399,143.994,149.231,156.702,159.162,161.596,156.621,152.966,154.728,151.559,151.314
42680,"Sebastian-Vero Beach-West Vero Corridor, FL (Metropolitan Statistical Area)",all,93.472,90.439,95.036,92.055,92.944,95.013,93.07,91.838,94.191,91.941,94.057,94.266,95.234,98.097,95.321,97.251,98.308
42680,"Sebastian-Vero Beach-West Vero Corridor, FL (Metropolitan Statistical Area)",housing,90.145,85.919,95.274,82.752,85.285,88.016,80.048,78.788,92.546,85.853,82.011,88.56,94.405,100.198,84.884,93.404,101.635
42700,"Sebring, FL (Metropolitan Statistical Area)",all,88.322,88.646,90.066,89.488,89.136,90.677,88.958,89.277,89.244,88.171,90.189,89.985,88.207,89.858,89.86,91.416,92.47
42700,"Sebring, FL (Metropolitan Statistical Area)",housing,68.678,78.65,73.849,71.283,70.327,68.344,63.577,65.72,70.601,68.345,63.126,69.377,61.694,62.274,63.072,66.597,73.455
43100,"Sheboygan, WI (Metropolitan Statistical Area)",all,95.727,95.116,94.678,95.828,93.037,94.437,93.219,93.211,93.33,93.065,92.089,92.581,93.251,93.265,89.608,90.896,94.014
43100,"Sheboygan, WI (Metropolitan Statistical Area)",housing,77.914,77.355,78.61,92.819,73.566,79.268,74.126,77.724,77.941,80.9,72.654,70.294,80.169,76.996,66.547,67.32,80.54
43300,"Sherman-Denison, TX (Metropolitan Statistical Area)",all,91.403,91.834,94.867,93.255,94.219,93.363,94.328,93.326,95.409,95.263,92.58,92.38,92.378,92.835,92.461,92.379,93.771
43300,"Sherman-Denison, TX (Metropolitan Statistical Area)",housing,64.56,70.805,79.453,70.063,73.189,72.073,73.195,69.589,78.376,79.721,78.321,75.067,69.89,74.143,79.655,82.966,89.466
43340,"Shreveport-Bossier City, LA (Metropolitan Statistical Area)",all,90.913,90.027,90.596,93.548,93.449,91.986,94.122,93.191,92.756,90.586,89.934,89.849,88.859,90.471,88.795,87.441,84.766
43340,"Shreveport-Bossier City, LA (Metropolitan Statistical Area)",housing,64.549,66.277,63.697,71.596,71.479,65.407,74.465,71.057,67.271,61.711,66.403,65.489,60.264,64.431,59.65,59.695,52.286
43420,"Sierra Vista-Douglas, AZ (Metropolitan Statistical Area)",all,93.814,93.119,91.817,92.134,93.525,92.498,92.358,94.117,92.969,93.816,89.611,91.024,88.477,87.709,88.018,87.292,89.243
43420,"Sierra Vista-Douglas, AZ (Metropolitan Statistical Area)",housing,66.654,67.807,67.081,67.145,78.293,69.076,67.645,67.816,66.957,68.683,65.412,64.761,64.387,64.339,62.74,63.87,61.918
43580,"Sioux City, IA-NE-SD (Metropolitan Statistical Area)",all,91.519,90.797,92.322,90.449,91.1,90.85,90.337,89.671,90.248,89.706,91.517,92.391,90.546,90.239,87.745,88.222,86.454
43580,"Sioux City, IA-NE-SD (Metropolitan Statistical Area)",housing,65.562,62.939,72.383,69.992,70.452,64.207,63.443,63.955,65.538,65.521,67.532,71.742,65.035,65.206,63.179,62.538,57.849
43620,"Sioux Falls, SD-MN (Metropolitan Statistical Area)",all,94.443,92.789,95.497,93.39,94.11,93.846,94.393,93.095,93.455,91.382,94.876,95.209,93.763,92.997,90.009,90.091,90.631
43620,"Sioux Falls, SD-MN (Metropolitan Statistical Area)",housing,78.831,69.338,85.897,78.924,79.659,76.295,80.726,79.231,81.257,74.685,87.083,84.183,74.111,78.392,76.624,73.698,77.605
43640,"Slidell-Mandeville-Covington, LA (Metropolitan Statistical Area)",all,96.746,95.802,95.926,97.195,97.635,98.966,97.81,97.65,98.694,98.947,94.236,95.768,95.681,93.877,93.19,92.891,92.726
43640,"Slidell-Mandeville-Covington, LA (Metropolitan Statistical Area)",housing,92.392,95.772,86.135,90.968,92.444,101.679,91.66,91.741,93.353,101.072,86.294,96.142,89.818,78.187,80.068,86.886,85.449
43780,"South Bend-Mishawaka, IN-MI (Metropolitan Statistical Area)",all,92.43,93.29,92.859,92.243,90.448,92.315,91.951,90.511,91.364,88.582,91.867,92.062,91.525,91.691,92.293,91.378,92.858
43780,"South Bend-Mishawaka, IN-MI (Metropolitan Statistical Area)",housing,74.963,75.843,76.048,78.252,66.223,74.608,71.554,70.486,72.932,64.48,70.486,70.371,73.242,69.584,76.551,71.496,74.586
43900,"Spartanburg, SC (Metropolitan Statistical Area)",all,91.707,90.942,90.628,92.361,92.181,91.085,92.581,91.906,93.327,92.506,89.811,89.703,88.872,92.188,90.945,90.489,91.051
43900,"Spartanburg, SC (Metropolitan Statistical Area)",housing,67.912,70.719,62.433,67.237,67.903,61.589,66.459,64.205,68.593,67.933,61.993,65.789,65.511,67.876,67.233,67.602,68.007
44060,"Spokane-Spokane Valley, WA (Metropolitan Statistical Area)",all,95.254,98.145,96.761,97.026,97.876,97.539,96.737,96.205,96.14,97.182,100.186,99.352,98.57,98.677,102.585,100.925,100.346
44060,"Spokane-Spokane Valley, WA (Metropolitan Statistical Area)",housing,89.525,90.085,88.393,79.988,85.038,88.54,84.674,85.817,88.46,85.851,86.569,86.652,86.156,86.859,92.094,93.607,97.059
44100,"Springfield, IL (Metropolitan Statistical Area)",all,95.048,93.635,93.452,91.882,93.3,93.362,92.828,92.13,92.288,90.711,93.125,91.774,90.893,91.616,89.7,90.651,92.745
44100,"Springfield, IL (Metropolitan Statistical Area)",housing,73.97,70.842,72.615,69.492,74.698,74.137,69.558,71.867,73.49,68.88,74.048,66.006,67.524,67.328,65.183,65.217,71.616
44140,"Springfield, MA (Metropolitan Statistical Area)",all,99.464,101.832,98.748,97.718,97.75,101.305,98.852,99.719,99.373,99.386,97.378,97.836,99.064,97.66,98.927,98.068,96.061
44140,"Springfield, MA (Metropolitan Statistical Area)",housing,86.216,99.401,92.585,87.888,87.903,104.187,97.706,90.746,87.311,82.275,78.441,81.829,86.162,85.499,73.487,78.493,75.781
44180,"Springfield, MO (Metropolitan Statistical Area)",all,91.741,92.181,92.019,90.42,90.77,91.418,89.856,90.276,89.547,88.331,89.801,90.148,88.463,89.103,86.693,89.11,88.585
44180,"Springfield, MO (Metropolitan Statistical Area)",housing,65.359,69.281,70.966,66.677,66.078,67.142,62.96,67.912,63.0,61.113,63.808,62.815,59.138,63.008,59.604,68.119,65.568
44220,"Springfield, OH (Metropolitan Statistical Area)",all,92.102,93.186,92.011,91.967,91.833,90.895,92.004,90.441,90.521,88.941,90.513,91.565,89.304,86.832,88.722,88.723,90.482
44220,"Springfield, OH (Metropolitan Statistical Area)",housing,61.173,68.955,67.124,72.571,69.593,63.157,69.507,65.098,63.925,59.995,62.353,66.405,61.955,48.97,59.243,58.596,61.726
44300,"State College, PA (Metropolitan Statistical Area)",all,99.173,98.897,99.238,98.257,96.746,99.008,97.093,99.448,101.38,102.047,97.989,96.918,98.028,95.572,96.484,93.653,96.762
44300,"State College, PA (Metropolitan Statistical Area)",housing,87.766,85.477,98.134,95.53,88.218,93.893,92.446,95.866,108.287,104.618,91.329,88.35,92.259,81.524,91.773,72.51,85.688
44420,"Staunton-Stuarts Draft, VA (Metropolitan Statistical Area)",all,89.512,85.794,88.329,87.876,90.232,90.765,91.172,91.386,83.878,88.874,92.439,89.478,87.575,92.75,91.406,92.875,91.128
44420,"Staunton-Stuarts Draft, VA (Metropolitan Statistical Area)",housing,73.961,68.709,67.375,67.685,73.32,73.012,75.209,77.918,53.627,72.755,76.836,70.091,63.51,73.137,68.041,75.217,68.232
44700,"Stockton-Lodi, CA (Metropolitan Statistical Area)",all,100.204,104.48,101.534,103.66,103.835,102.191,102.38,100.201,99.902,101.688,106.006,105.74,105.271,104.599,108.525,107.568,105.089
44700,"Stockton-Lodi, CA (Metropolitan Statistical Area)",housing,119.721,122.698,116.672,114.024,114.469,110.819,115.611,108.865,113.629,113.283,112.975,118.606,118.803,118.032,119.296,120.137,115.614
44940,"Sumter, SC (Metropolitan Statistical Area)",all,89.388,87.604,91.767,93.879,89.566,90.181,89.096,89.276,87.101,90.151,87.596,85.809,81.381,86.387,89.882,86.844,88.02
44940,"Sumter, SC (Metropolitan Statistical Area)",housing,59.179,54.952,67.284,73.082,54.683,59.501,59.166,57.817,52.015,58.358,56.976,52.676,46.007,50.104,65.512,53.914,60.833
45060,"Syracuse, NY (Metropolitan Statistical Area)",all,98.467,98.248,97.832,97.863,95.731,96.916,95.788,99.293,98.987,98.877,97.638,95.064,95.928,96.263,93.549,95.717,95.742
45060,"Syracuse, NY (Metropolitan Statistical Area)",housing,81.645,81.067,86.513,88.579,78.733,79.038,82.345,90.693,88.783,84.589,86.901,78.146,79.692,83.465,76.144,79.584,80.656
45220,"Tallahassee, FL (Metropolitan Statistical Area)",all,95.995,94.669,95.699,97.129,97.226,95.98,96.324,96.08,97.359,96.965,93.905,93.135,91.077,94.872,94.343,95.567,93.919
45220,"Tallahassee, FL (Metropolitan Statistical Area)",housing,85.415,84.876,84.474,88.061,89.743,83.998,83.194,81.681,87.018,87.989,77.43,81.035,72.126,80.517,77.69,82.856,78.528
45300,"Tampa-St. Petersburg-Clearwater, FL (Metropolitan Statistical Area)",all,103.255,103.308,101.377,100.198,100.291,101.236,101.3,100.909,97.088,96.969,95.286,96.489,101.327,98.777,99.856,102.473,100.89
45300,"Tampa-St. Petersburg-Clearwater, FL (Metropolitan Statistical Area)",housing,111.261,110.718,108.14,105.712,106.636,105.469,105.938,103.832,105.151,107.133,107.16,106.744,115.311,111.337,118.555,123.455,125.839
45460,"Terre Haute, IN (Metropolitan Statistical Area)",all,89.08,89.112,91.144,89.189,89.181,90.416,89.945,87.553,87.64,87.747,89.623,89.6,87.403,87.295,86.825,88.256,87.797
45460,"Terre Haute, IN (Metropolitan Statistical Area)",housing,58.976,58.781,69.066,63.388,59.893,67.911,65.22,57.737,56.738,60.692,61.209,58.497,57.544,54.985,54.697,56.801,51.923
45500,"Texarkana, TX-AR (Metropolitan Statistical Area)",all,88.62,86.721,88.423,90.223,89.688,88.619,89.375,90.028,90.297,88.406,87.077,87.771,87.504,87.839,85.288,85.636,84.012
45500,"Texarkana, TX-AR (Metropolitan Statistical Area)",housing,54.972,53.677,55.883,60.843,59.573,54.191,55.654,59.41,57.257,54.431,55.881,55.989,56.281,58.452,50.505,54.724,49.885
45780,"Toledo, OH (Metropolitan Statistical Area)",all,95.868,93.717,93.872,93.41,92.479,92.513,93.427,91.996,92.627,91.703,92.689,92.512,90.934,90.088,90.613,90.624,91.455
45780,"Toledo, OH (Metropolitan Statistical Area)",housing,79.571,71.2,74.657,80.097,70.999,70.972,75.933,72.817,74.353,74.069,73.352,70.519,69.919,63.925,68.129,66.42,67.317
45820,"Topeka, KS (Metropolitan Statistical Area)",all,91.47,92.622,92.991,92.046,91.557,91.609,92.372,90.276,89.859,89.192,91.771,90.809,90.108,89.34,87.335,85.839,88.82
45820,"Topeka, KS (Metropolitan Statistical Area)",housing,70.237,72.739,73.672,75.8,70.794,69.353,73.033,68.628,66.744,66.556,69.407,63.185,63.67,61.905,59.538,53.376,64.987
45900,"Traverse City, MI (Metropolitan Statistical Area)",all,85.296,89.431,94.239,88.214,91.674,89.978,90.143,91.184,89.699,88.933,92.682,93.592,90.385,93.407,93.296,90.584,93.372
45900,"Traverse City, MI (Metropolitan Statistical Area)",housing,80.832,84.555,93.37,71.302,79.804,75.009,74.247,84.806,80.541,80.499,77.958,79.472,70.75,81.385,83.801,69.523,78.146
45940,"Trenton-Princeton, NJ (Metropolitan Statistical Area)",all,104.569,110.204,107.106,107.16,108.377,108.641,110.335,108.567,108.798,109.857,103.872,104.275,104.167,101.899,100.757,102.418,103.18
45940,"Trenton-Princeton, NJ (Metropolitan Statistical Area)",housing,132.995,145.293,139.436,127.736,140.664,141.555,153.867,135.688,139.497,142.484,139.332,146.705,137.181,126.75,127.278,128.061,135.082
46060,"Tucson, AZ (Metropolitan Statistical Area)",all,97.086,100.386,98.879,100.058,100.579,98.932,98.485,97.368,96.572,97.635,94.811,95.317,94.026,92.758,93.76,94.932,96.896
46060,"Tucson, AZ (Metropolitan Statistical Area)",housing,97.079,97.339,97.811,92.641,94.336,92.204,90.84,91.12,89.949,84.328,89.073,83.326,88.221,88.72,90.982,97.905,91.765
46140,"Tulsa, OK (Metropolitan Statistical Area)",all,92.854,91.996,93.363,93.846,94.17,94.381,94.367,94.465,94.606,93.762,91.163,91.117,91.651,91.68,90.557,89.895,89.214
46140,"Tulsa, OK (Metropolitan Statistical Area)",housing,72.302,74.112,73.801,73.288,74.515,76.914,75.368,75.872,73.744,73.568,72.669,71.52,71.342,71.267,70.599,69.402,68.235
46220,"Tuscaloosa, AL (Metropolitan Statistical Area)",all,89.735,89.182,90.399,89.515,90.615,90.16,90.588,89.49,90.889,92.389,85.789,88.542,87.092,88.002,87.218,89.107,87.722
46220,"Tuscaloosa, AL (Metropolitan Statistical Area)",housing,65.227,65.733,63.885,61.333,65.043,60.941,61.845,57.742,60.875,71.071,56.04,62.94,60.774,59.045,53.613,63.152,58.246
46300,"Twin Falls, ID (Metropolitan Statistical Area) *",all,,,,,,,,93.868,94.106,94.692,89.363,90.288,87.994,89.741,90.86,89.427,92.108
46300,"Twin Falls, ID (Metropolitan Statistical Area) *",housing,,,,,,,,69.994,74.817,73.147,66.718,68.41,65.088,75.574,83.719,74.526,73.833
46340,"Tyler, TX (Metropolitan Statistical Area)",all,95.932,95.368,97.409,96.76,95.865,97.606,95.469,96.687,96.97,95.184,93.415,94.492,95.392,94.502,92.048,92.965,92.156
46340,"Tyler, TX (Metropolitan Statistical Area)",housing,85.236,87.645,92.491,87.256,82.419,92.62,79.918,85.461,84.367,79.996,81.172,86.406,85.979,82.337,77.418,86.009,79.911
46520,"Urban Honolulu, HI (Metropolitan Statistical Area)",all,111.864,117.634,112.429,113.055,112.371,115.712,114.631,113.972,113.372,113.615,112.828,113.177,115.663,114.067,113.093,111.424,110.961
46520,"Urban Honolulu, HI (Metropolitan Statistical Area)",housing,166.325,175.156,160.846,162.03,165.386,171.502,173.025,176.498,158.349,174.073,162.276,157.992,159.037,155.3,148.611,143.419,135.538
46540,"Utica-Rome, NY (Metropolitan Statistical Area)",all,95.729,95.778,95.064,94.139,93.526,95.776,94.359,96.668,95.323,95.484,95.019,92.871,93.418,92.466,89.917,92.735,92.678
46540,"Utica-Rome, NY (Metropolitan Statistical Area)",housing,69.831,71.065,73.554,69.478,67.741,74.693,75.482,76.442,70.163,68.848,73.882,67.594,70.718,65.75,61.97,67.464,66.063
46660,"Valdosta, GA (Metropolitan Statistical Area)",all,88.818,85.837,88.422,85.652,88.72,87.442,88.139,86.426,87.226,85.821,86.939,87.302,84.936,88.215,89.617,86.805,88.271
46660,"Valdosta, GA (Metropolitan Statistical Area)",housing,69.484,66.825,68.247,57.588,65.437,58.709,60.339,58.421,59.725,57.639,54.842,57.905,54.075,58.589,62.401,51.845,58.758
46700,"Vallejo, CA (Metropolitan Statistical Area)",all,116.786,113.723,111.922,109.53,109.703,110.176,110.743,112.668,113.092,117.577,110.453,109.217,110.661,109.395,112.589,109.359,108.479
46700,"Vallejo, CA (Metropolitan Statistical Area)",housing,154.011,158.838,149.681,143.158,141.329,141.082,140.642,148.046,149.297,146.368,152.369,149.699,162.397,158.478,151.41,135.626,142.042
47020,"Victoria, TX (Metropolitan Statistical Area)",all,93.872,92.567,92.346,95.457,94.571,95.955,95.931,96.125,97.536,94.741,93.611,93.463,95.348,91.711,90.96,91.206,89.839
47020,"Victoria, TX (Metropolitan Statistical Area)",housing,75.903,75.844,67.299,82.388,75.213,83.892,82.854,84.075,89.942,80.451,82.96,80.763,86.75,69.855,73.563,76.577,69.318
47220,"Vineland, NJ (Metropolitan Statistical Area)",all,102.825,103.151,101.799,104.016,102.747,99.023,99.988,98.873,97.315,96.233,98.191,98.091,96.571,96.536,92.865,93.915,95.968
47220,"Vineland, NJ (Metropolitan Statistical Area)",housing,92.487,90.398,87.321,104.669,104.829,93.695,99.991,93.27,80.142,73.87,93.442,95.744,83.413,88.218,74.846,75.609,83.883
47260,"Virginia Beach-Chesapeake-Norfolk, VA-NC (Metropolitan Statistical Area)",all,100.066,99.186,100.927,101.346,100.142,99.749,100.082,100.214,100.986,99.094,97.87,95.534,95.585,97.868,97.905,97.722,97.941
47260,"Virginia Beach-Chesapeake-Norfolk, VA-NC (Metropolitan Statistical Area)",housing,112.138,113.148,115.619,115.395,108.671,107.813,109.542,108.835,108.687,103.724,104.196,97.546,98.41,99.255,99.943,97.679,99.805
47300,"Visalia, CA (Metropolitan Statistical Area)",all,94.855,98.136,96.385,98.417,98.651,96.994,97.181,95.489,94.602,96.542,100.41,99.576,98.783,98.919,102.358,101.48,99.825
47300,"Visalia, CA (Metropolitan Statistical Area)",housing,85.876,86.776,86.22,84.867,85.215,83.399,84.285,81.156,80.672,81.399,80.858,81.404,80.386,81.522,82.128,82.814,84.053
47380,"Waco, TX (Metropolitan Statistical Area)",all,93.505,91.946,93.025,93.418,94.737,93.126,94.201,94.619,94.167,93.247,91.816,92.295,93.381,94.064,92.862,91.135,92.55
47380,"Waco, TX (Metropolitan Statistical Area)",housing,76.294,74.442,73.381,74.454,79.009,70.879,75.687,78.17,73.764,74.561,75.127,75.284,76.139,81.081,82.884,77.345,83.531
47460,"Walla Walla, WA (Metropolitan Statistical Area)",all,95.621,94.941,94.282,94.296,95.14,95.308,98.389,99.912,96.307,99.455,99.436,100.681,95.186,99.103,100.571,97.926,98.519
47460,"Walla Walla, WA (Metropolitan Statistical Area)",housing,75.981,79.23,79.876,77.862,87.239,83.739,99.415,97.129,81.702,96.054,81.985,91.927,67.518,87.472,79.633,77.57,86.579
47580,"Warner Robins, GA (Metropolitan Statistical Area)",all,92.091,90.255,90.262,93.469,94.345,93.272,92.179,92.392,93.014,93.54,92.52,89.937,92.027,91.966,92.576,91.79,93.789
47580,"Warner Robins, GA (Metropolitan Statistical Area)",housing,69.306,65.292,61.008,69.074,73.312,70.506,64.926,66.523,64.878,72.424,73.24,67.363,78.566,67.838,71.456,70.029,79.172
47900,"Washington-Arlington-Alexandria, DC-VA-MD-WV (Metropolitan Statistical Area)",all,114.766,114.975,114.594,113.465,111.694,113.893,113.707,113.707,112.096,109.828,111.221,109.752,111.438,111.564,111.207,109.543,108.884
47900,"Washington-Arlington-Alexandria, DC-VA-MD-WV (Metropolitan Statistical Area)",housing,168.179,168.874,171.156,173.223,172.263,176.203,175.159,171.446,170.91,166.21,168.976,162.9,165.074,162.505,157.096,151.87,151.134
47930,"Waterbury-Shelton, CT (Metropolitan Statistical Area)",all,110.81,110.982,105.895,108.43,106.918,107.852,105.78,106.126,106.462,106.445,102.074,101.29,103.431,99.567,102.469,100.98,99.778
47930,"Waterbury-Shelton, CT (Metropolitan Statistical Area)",housing,118.219,125.078,108.539,118.348,112.925,117.517,104.078,110.743,107.777,104.582,105.652,97.69,109.242,95.084,91.445,92.272,89.111
47940,"Waterloo-Cedar Falls, IA (Metropolitan Statistical Area)",all,90.406,90.856,92.322,90.367,90.986,92.359,92.234,90.409,90.53,90.169,91.127,92.848,90.972,89.126,87.859,87.956,87.057
47940,"Waterloo-Cedar Falls, IA (Metropolitan Statistical Area)",housing,65.087,68.377,72.655,69.572,69.846,76.948,75.51,69.834,71.359,72.967,69.104,72.79,70.031,65.169,66.201,62.172,63.13
48060,"Watertown-Fort Drum, NY (Metropolitan Statistical Area)",all,93.516,96.848,96.845,99.002,98.752,97.283,97.12,97.223,98.417,98.453,96.79,95.017,90.744,93.705,93.9,90.945,87.69
48060,"Watertown-Fort Drum, NY (Metropolitan Statistical Area)",housing,64.397,78.779,83.434,95.33,95.683,83.949,91.087,83.061,89.505,87.102,85.761,81.905,64.601,73.24,81.312,64.235,53.185
48140,"Wausau, WI (Metropolitan Statistical Area)",all,94.763,94.976,94.607,93.349,94.07,94.321,90.73,92.466,91.999,91.097,92.197,92.964,90.162,91.15,91.811,90.74,92.651
48140,"Wausau, WI (Metropolitan Statistical Area)",housing,71.685,75.187,78.701,76.232,78.772,76.965,60.696,74.287,71.253,69.938,68.89,72.039,63.691,66.055,74.852,65.983,71.464
48260,"Weirton-Steubenville, WV-OH (Metropolitan Statistical Area)",all,88.072,89.481,89.052,86.454,88.707,89.182,88.711,88.047,87.918,86.228,86.892,87.487,86.761,89.236,88.971,88.754,89.024
48260,"Weirton-Steubenville, WV-OH (Metropolitan Statistical Area)",housing,49.783,54.425,55.034,49.604,54.661,56.725,56.627,57.025,55.086,49.398,49.068,55.236,54.234,52.041,53.686,51.104,52.383
48300,"Wenatchee-East Wenatchee, WA (Metropolitan Statistical Area)",all,97.801,98.325,94.709,97.414,96.977,97.858,97.316,98.519,97.624,101.002,102.031,104.06,102.371,103.043,103.048,101.907,103.855
48300,"Wenatchee-East Wenatchee, WA (Metropolitan Statistical Area)",housing,87.188,95.513,83.36,94.15,97.336,96.4,92.817,89.243,90.335,103.825,95.456,111.095,104.207,110.304,92.989,97.557,114.958
48540,"Wheeling, WV-OH (Metropolitan Statistical Area)",all,87.274,87.857,89.564,88.75,90.469,90.521,90.803,90.571,91.047,89.415,87.039,87.585,86.976,89.361,89.154,88.953,88.323
48540,"Wheeling, WV-OH (Metropolitan Statistical Area)",housing,50.805,54.3,55.885,50.063,54.858,57.163,57.503,56.795,55.769,50.311,49.319,55.283,55.032,51.894,54.334,50.927,51.443
48620,"Wichita, KS (Metropolitan Statistical Area)",all,94.165,93.664,93.292,92.381,92.477,93.319,92.487,91.591,92.126,91.182,91.098,92.294,92.037,90.988,88.784,89.421,88.946
48620,"Wichita, KS (Metropolitan Statistical Area)",housing,72.003,70.781,72.844,75.175,71.264,74.439,70.66,71.603,73.299,72.055,66.036,69.75,71.31,69.879,67.434,65.985,66.245
48660,"Wichita Falls, TX (Metropolitan Statistical Area)",all,93.531,90.827,91.923,94.137,93.958,93.208,94.446,93.613,92.954,91.818,88.536,89.699,92.54,90.712,88.434,89.474,89.513
48660,"Wichita Falls, TX (Metropolitan Statistical Area)",housing,75.36,67.472,68.902,76.363,72.694,71.297,75.915,73.434,67.568,67.069,58.76,62.634,73.258,64.618,61.563,65.864,68.208
48680,"Wildwood-The Villages, FL (Metropolitan Statistical Area)",all,90.37,91.753,91.035,90.365,93.041,93.416,93.107,93.686,93.793,91.272,93.272,94.237,92.05,95.975,91.121,94.522,85.424
48680,"Wildwood-The Villages, FL (Metropolitan Statistical Area)",housing,74.747,92.325,76.355,73.88,85.903,80.268,78.232,87.64,89.698,81.651,78.004,88.681,80.112,88.79,70.114,80.246,51.733
48700,"Williamsport, PA (Metropolitan Statistical Area)",all,94.998,91.46,92.221,93.348,92.936,95.019,94.02,95.151,95.372,96.091,94.603,92.308,93.647,91.489,89.727,93.118,92.35
48700,"Williamsport, PA (Metropolitan Statistical Area)",housing,68.541,56.163,62.181,67.445,68.915,71.047,75.297,72.818,73.747,71.759,72.341,65.717,70.491,60.944,55.325,66.831,64.392
48900,"Wilmington, NC (Metropolitan Statistical Area)",all,93.23,91.841,94.686,94.414,95.169,94.889,95.59,93.663,95.115,93.913,95.014,93.457,94.045,97.018,96.01,95.442,96.422
48900,"Wilmington, NC (Metropolitan Statistical Area)",housing,83.31,84.012,88.233,86.014,88.8,85.767,88.726,81.7,87.785,85.872,88.361,85.256,89.611,94.662,90.882,87.832,93.215
49020,"Winchester, VA-WV (Metropolitan Statistical Area)",all,91.086,89.826,93.724,94.177,94.629,96.589,93.462,95.408,94.674,92.693,95.845,94.475,94.318,97.351,95.915,94.558,96.45
49020,"Winchester, VA-WV (Metropolitan Statistical Area)",housing,79.616,85.256,89.441,93.879,94.783,100.527,83.241,97.46,94.652,90.835,90.999,90.79,90.775,95.036,87.819,80.087,90.009
49180,"Winston-Salem, NC (Metropolitan Statistical Area)",all,91.873,90.67,91.971,93.229,92.619,92.575,93.085,92.977,93.073,91.621,90.741,89.321,89.472,91.596,92.131,91.602,92.043
49180,"Winston-Salem, NC (Metropolitan Statistical Area)",housing,68.481,67.051,67.508,70.19,66.693,68.463,69.603,68.304,67.172,64.494,64.856,64.53,67.49,66.286,69.586,68.784,71.377
49340,"Worcester, MA (Metropolitan Statistical Area)",all,104.667,103.481,103.22,103.779,103.001,101.702,103.106,102.019,106.261,104.805,101.355,100.978,101.811,100.439,105.086,102.982,102.523
49340,"Worcester, MA (Metropolitan Statistical Area)",housing,112.407,112.776,113.051,117.433,113.741,114.948,114.081,101.773,109.747,105.88,104.996,102.91,102.849,104.784,106.846,109.184,113.001
49420,"Yakima, WA (Metropolitan Statistical Area)",all,93.013,96.377,95.603,98.057,97.111,96.964,96.794,94.492,94.369,94.883,97.245,96.795,96.211,97.69,100.838,97.902,95.545
49420,"Yakima, WA (Metropolitan Statistical Area)",housing,78.969,80.491,82.947,85.376,80.866,87.122,85.955,77.127,79.583,75.594,76.18,76.3,75.396,84.309,83.885,80.036,72.628
49620,"York-Hanover, PA (Metropolitan Statistical Area)",all,99.146,99.973,98.293,95.823,96.529,98.991,97.593,98.457,97.993,100.209,97.697,96.568,97.693,96.651,95.607,97.086,96.0
49620,"York-Hanover, PA (Metropolitan Statistical Area)",housing,85.708,90.676,91.35,78.894,84.326,92.403,95.19,89.241,85.51,92.009,88.069,84.344,88.416,85.932,85.531,86.859,79.762
49660,"Youngstown-Warren, OH (Metropolitan Statistical Area)",all,91.273,90.946,90.649,89.195,90.754,90.385,90.025,88.688,87.775,87.79,88.602,88.787,86.066,86.871,86.49,85.894,87.394
49660,"Youngstown-Warren, OH (Metropolitan Statistical Area)",housing,60.647,60.449,61.965,60.276,64.365,63.832,61.543,59.287,55.24,57.369,56.574,57.175,53.208,53.733,51.797,50.423,53.448
49700,"Yuba City, CA (Metropolitan Statistical Area)",all,97.816,100.851,98.14,102.154,102.227,100.469,98.668,97.782,97.63,98.085,103.515,102.679,101.999,101.501,102.654,103.778,104.233
49700,"Yuba City, CA (Metropolitan Statistical Area)",housing,102.563,100.094,95.651,104.713,103.803,100.179,92.385,93.352,96.931,89.011,97.224,97.492,97.46,95.273,82.593,94.859,108.279
49740,"Yuma, AZ (Metropolitan Statistical Area)",all,92.407,98.064,96.301,95.841,93.827,94.289,93.129,94.972,92.678,93.256,90.3,90.423,88.668,89.215,85.855,88.086,92.706
49740,"Yuma, AZ (Metropolitan Statistical Area)",housing,75.199,87.371,86.301,74.256,68.006,72.626,69.646,80.764,72.941,68.095,70.033,66.332,62.245,72.143,59.051,65.472,73.776
