city,state,fiscal_year,view,population,police_usd,fire_usd,total_expenditure_usd,general_expenditure_usd,source_url,retrieved
Anchorage,AK,2012,city_only,296693,123925565,90762795,1510171381,1234531844,https://app.lincolninst.edu/research-data/data-toolkits/fiscally-standardized-cities/search-database,2026-09-14
Anchorage,AK,2012,fisc,296693,123925565,90762795,1510171381,1234531844,https://app.lincolninst.edu/research-data/data-toolkits/fiscally-standardized-cities/search-database,2026-09-14
Anchorage,AK,2017,city_only,298072,132306942,114613104,1782279561,1395348236,https://app.lincolninst.edu/research-data/data-toolkits/fiscally-standardized-cities/search-database,2026-09-14
Anchorage,AK,2017,fisc,298072,132306942,114613104,1782279561,1395348236,https://app.lincolninst.edu/research-data/data-toolkits/fiscally-standardized-cities/search-database,2026-09-14
Anchorage,AK,2022,city_only,288921,147981253,124502164,1943985884,1861266564,https://app.lincolninst.edu/research-data/data-toolkits/fiscally-standardized-cities/search-database,2026-09-14
Anchorage,AK,2022,fisc,288921,147981253,124502164,1943985884,1861266564,https://app.lincolninst.edu/research-data/data-toolkits/fiscally-standardized-cities/search-database,2026-09-14
Anchorage,AK,2023,city_only,287520,153006643,121376568,1721586379,1635106114,https://app.lincolninst.edu/research-data/data-toolkits/fiscally-standardized-cities/search-database,2026-09-14
Anchorage,AK,2023,fisc,287520,153006643,121376568,1721586379,1635106114,https://app.lincolninst.edu/research-data/data-toolkits/fiscally-standardized-cities/search-database,2026-09-14
Fairbanks,AK,2012,city_only,30750,6192939,5895897,39651910,39651910,https://app.lincolninst.edu/research-data/data-toolkits/fiscally-standardized-cities/search-database,2026-09-14
Fairbanks,AK,2012,fisc,30750,6192939,7939279,135593113,132493168,https://app.lincolninst.edu/research-data/data-toolkits/fiscally-standardized-cities/search-database,2026-09-14
Fairbanks,AK,2017,city_only,32060,6650963,8101961,45015993,44944036,https://app.lincolninst.edu/research-data/data-toolkits/fiscally-standardized-cities/search-database,2026-09-14
Fairbanks,AK,2017,fisc,32060,6650963,10509801,155648736,151591824,https://app.lincolninst.edu/research-data/data-toolkits/fiscally-standardized-cities/search-database,2026-09-14
Fairbanks,AK,2022,city_only,32180,7074151,9033080,51150983,50390035,https://app.lincolninst.edu/research-data/data-toolkits/fiscally-standardized-cities/search-database,2026-09-14
Fairbanks,AK,2022,fisc,32180,7074151,12168047,179150524,165930071,https://app.lincolninst.edu/research-data/data-toolkits/fiscally-standardized-cities/search-database,2026-09-14
Fairbanks,AK,2023,city_only,32005,7535897,8433958,58067952,57480020,https://app.lincolninst.edu/research-data/data-toolkits/fiscally-standardized-cities/search-database,2026-09-14
Fairbanks,AK,2023,fisc,32005,7535897,12359691,189737802,172511431,https://app.lincolninst.edu/research-data/data-toolkits/fiscally-standardized-cities/search-database,2026-09-14
Birmingham,AL,2012,city_only,211554,78166650,56855574,672001098,473657765,https://app.lincolninst.edu/research-data/data-toolkits/fiscally-standardized-cities/search-database,2026-09-14
Birmingham,AL,2012,fisc,211554,87724674,57729122,1304564987,1098960681,https://app.lincolninst.edu/research-data/data-toolkits/fiscally-standardized-cities/search-database,2026-09-14
Birmingham,AL,2017,city_only,211512,98431530,63478800,723898571,531449268,https://app.lincolninst.edu/research-data/data-toolkits/fiscally-standardized-cities/search-database,2026-09-14
Birmingham,AL,2017,fisc,211512,111320583,65156503,1291522263,1091397380,https://app.lincolninst.edu/research-data/data-toolkits/fiscally-standardized-cities/search-database,2026-09-14
Birmingham,AL,2022,city_only,197645,109222845,73371434,728135217,529549606,https://app.lincolninst.edu/research-data/data-toolkits/fiscally-standardized-cities/search-database,2026-09-14
Birmingham,AL,2022,fisc,197645,117309630,75117876,1358782917,1152421844,https://app.lincolninst.edu/research-data/data-toolkits/fiscally-standardized-cities/search-database,2026-09-14
Birmingham,AL,2023,city_only,196898,109981316,83498535,750961096,553868167,https://app.lincolninst.edu/research-data/data-toolkits/fiscally-standardized-cities/search-database,2026-09-14
Birmingham,AL,2023,fisc,196898,136495601,85410414,1440300994,1233729395,https://app.lincolninst.edu/research-data/data-toolkits/fiscally-standardized-cities/search-database,2026-09-14
Gadsden,AL,2012,city_only,36766,9808079,9823870,65575112,56415013,https://app.lincolninst.edu/research-data/data-toolkits/fiscally-standardized-cities/search-database,2026-09-14
Gadsden,AL,2012,fisc,36766,14967542,9823870,137032744,127871814,https://app.lincolninst.edu/research-data/data-toolkits/fiscally-standardized-cities/search-database,2026-09-14
Gadsden,AL,2017,city_only,35676,9910917,9480993,69401960,58015872,https://app.lincolninst.edu/research-data/data-toolkits/fiscally-standardized-cities/search-database,2026-09-14
Gadsden,AL,2017,fisc,35676,15043884,9480993,147766308,136284075,https://app.lincolninst.edu/research-data/data-toolkits/fiscally-standardized-cities/search-database,2026-09-14
Gadsden,AL,2022,city_only,33484,10463941,10169997,75695937,56039988,https://app.lincolninst.edu/research-data/data-toolkits/fiscally-standardized-cities/search-database,2026-09-14
Gadsden,AL,2022,fisc,33484,14563071,10950845,173268802,153612531,https://app.lincolninst.edu/research-data/data-toolkits/fiscally-standardized-cities/search-database,2026-09-14
Gadsden,AL,2023,city_only,33239,10682017,11121105,89198851,71570880,https://app.lincolninst.edu/research-data/data-toolkits/fiscally-standardized-cities/search-database,2026-09-14
Gadsden,AL,2023,fisc,33239,14923646,11928812,190390000,172762029,https://app.lincolninst.edu/research-data/data-toolkits/fiscally-standardized-cities/search-database,2026-09-14
Mobile,AL,2012,city_only,193831,42444265,24719355,387098530,351518724,https://app.lincolninst.edu/research-data/data-toolkits/fiscally-standardized-cities/search-database,2026-09-14
Mobile,AL,2012,fisc,193831,61486566,24719355,853206984,805469783,https://app.lincolninst.edu/research-data/data-toolkits/fiscally-standardized-cities/search-database,2026-09-14
Mobile,AL,2017,city_only,191573,44606302,31065984,394889984,348201623,https://app.lincolninst.edu/research-data/data-toolkits/fiscally-standardized-cities/search-database,2026-09-14
Mobile,AL,2017,fisc,191573,64508381,31196979,874167310,819539077,https://app.lincolninst.edu/research-data/data-toolkits/fiscally-standardized-cities/search-database,2026-09-14
Mobile,AL,2022,city_only,204655,59977410,38137243,398204164,329815803,https://app.lincolninst.edu/research-data/data-toolkits/fiscally-standardized-cities/search-database,2026-09-14
Mobile,AL,2022,fisc,204655,85896269,38137243,951418277,873343269,https://app.lincolninst.edu/research-data/data-toolkits/fiscally-standardized-cities/search-database,2026-09-14
Mobile,AL,2023,city_only,202584,60844079,34698588,464383303,394755182,https://app.lincolninst.edu/research-data/data-toolkits/fiscally-standardized-cities/search-database,2026-09-14
Mobile,AL,2023,fisc,202584,88357012,34698588,1147761936,1067929659,https://app.lincolninst.edu/research-data/data-toolkits/fiscally-standardized-cities/search-database,2026-09-14
Montgomery,AL,2012,city_only,205223,43616695,31842693,218879853,209380550,https://app.lincolninst.edu/research-data/data-toolkits/fiscally-standardized-cities/search-database,2026-09-14
Montgomery,AL,2012,fisc,205223,55345853,32012793,847284384,837662918,https://app.lincolninst.edu/research-data/data-toolkits/fiscally-standardized-cities/search-database,2026-09-14
Montgomery,AL,2017,city_only,200645,45774396,33118201,310038849,217834731,https://app.lincolninst.edu/research-data/data-toolkits/fiscally-standardized-cities/search-database,2026-09-14
Montgomery,AL,2017,fisc,200645,56253164,33295752,1045783292,953224071,https://app.lincolninst.edu/research-data/data-toolkits/fiscally-standardized-cities/search-database,2026-09-14
Montgomery,AL,2022,city_only,198310,44059365,33092141,301160581,212163787,https://app.lincolninst.edu/research-data/data-toolkits/fiscally-standardized-cities/search-database,2026-09-14
Montgomery,AL,2022,fisc,198310,62658695,33446414,1209927849,1120879627,https://app.lincolninst.edu/research-data/data-toolkits/fiscally-standardized-cities/search-database,2026-09-14
Montgomery,AL,2023,city_only,197126,49468770,42732974,279633087,186733517,https://app.lincolninst.edu/research-data/data-toolkits/fiscally-standardized-cities/search-database,2026-09-14
Montgomery,AL,2023,fisc,197126,69544082,46555247,1287134217,1194128199,https://app.lincolninst.edu/research-data/data-toolkits/fiscally-standardized-cities/search-database,2026-09-14
Ft. Smith,AR,2012,city_only,87229,15697006,9573846,159323752,126038108,https://app.lincolninst.edu/research-data/data-toolkits/fiscally-standardized-cities/search-database,2026-09-14
Ft. Smith,AR,2012,fisc,87229,18672483,10519662,355757165,322129739,https://app.lincolninst.edu/research-data/data-toolkits/fiscally-standardized-cities/search-database,2026-09-14
Ft. Smith,AR,2017,city_only,87699,14551676,12057022,192831932,154049804,https://app.lincolninst.edu/research-data/data-toolkits/fiscally-standardized-cities/search-database,2026-09-14
Ft. Smith,AR,2017,fisc,87699,18200530,12512777,407262091,364013432,https://app.lincolninst.edu/research-data/data-toolkits/fiscally-standardized-cities/search-database,2026-09-14
Ft. Smith,AR,2022,city_only,89411,14452917,13550361,176114332,139027958,https://app.lincolninst.edu/research-data/data-toolkits/fiscally-standardized-cities/search-database,2026-09-14
Ft. Smith,AR,2022,fisc,89411,18868657,13758181,461688686,418238048,https://app.lincolninst.edu/research-data/data-toolkits/fiscally-standardized-cities/search-database,2026-09-14
Ft. Smith,AR,2023,city_only,90167,19867397,18338164,229134184,185191296,https://app.lincolninst.edu/research-data/data-toolkits/fiscally-standardized-cities/search-database,2026-09-14
Ft. Smith,AR,2023,fisc,90167,24011472,18687111,489553611,442669476,https://app.lincolninst.edu/research-data/data-toolkits/fiscally-standardized-cities/search-database,2026-09-14
Little Rock,AR,2012,city_only,195329,55425447,39865464,357570518,357570518,https://app.lincolninst.edu/research-data/data-toolkits/fiscally-standardized-cities/search-database,2026-09-14
Little Rock,AR,2012,fisc,195329,60272119,39865464,840228755,809129395,https://app.lincolninst.edu/research-data/data-toolkits/fiscally-standardized-cities/search-database,2026-09-14
Little Rock,AR,2017,city_only,198699,71607362,50119399,498751557,498751557,https://app.lincolninst.edu/research-data/data-toolkits/fiscally-standardized-cities/search-database,2026-09-14
Little Rock,AR,2017,fisc,198699,77088447,50119399,983761239,964453562,https://app.lincolninst.edu/research-data/data-toolkits/fiscally-standardized-cities/search-database,2026-09-14
Little Rock,AR,2022,city_only,202141,80292203,57316627,561827977,561827977,https://app.lincolninst.edu/research-data/data-toolkits/fiscally-standardized-cities/search-database,2026-09-14
Little Rock,AR,2022,fisc,202141,86545738,57316627,1042761889,1031388649,https://app.lincolninst.edu/research-data/data-toolkits/fiscally-standardized-cities/search-database,2026-09-14
Little Rock,AR,2023,city_only,203416,78911169,58598047,550803742,550803742,https://app.lincolninst.edu/research-data/data-toolkits/fiscally-standardized-cities/search-database,2026-09-14
Little Rock,AR,2023,fisc,203416,84800062,58598047,1137229695,1125213911,https://app.lincolninst.edu/research-data/data-toolkits/fiscally-standardized-cities/search-database,2026-09-14
Pine Bluff,AR,2012,city_only,48046,10511852,6399935,44777102,42347168,https://app.lincolninst.edu/research-data/data-toolkits/fiscally-standardized-cities/search-database,2026-09-14
Pine Bluff,AR,2012,fisc,48046,13163347,6698971,145232701,142646009,https://app.lincolninst.edu/research-data/data-toolkits/fiscally-standardized-cities/search-database,2026-09-14
Pine Bluff,AR,2017,city_only,43937,14770872,8487154,49174032,48058883,https://app.lincolninst.edu/research-data/data-toolkits/fiscally-standardized-cities/search-database,2026-09-14
Pine Bluff,AR,2017,fisc,43937,17222434,8860403,140727991,139292258,https://app.lincolninst.edu/research-data/data-toolkits/fiscally-standardized-cities/search-database,2026-09-14
Pine Bluff,AR,2022,city_only,40338,11335855,8738128,53732084,52551968,https://app.lincolninst.edu/research-data/data-toolkits/fiscally-standardized-cities/search-database,2026-09-14
Pine Bluff,AR,2022,fisc,40338,16116371,9173988,164872976,161680542,https://app.lincolninst.edu/research-data/data-toolkits/fiscally-standardized-cities/search-database,2026-09-14
Pine Bluff,AR,2023,city_only,39609,11121019,9239195,55891864,54766176,https://app.lincolninst.edu/research-data/data-toolkits/fiscally-standardized-cities/search-database,2026-09-14
Pine Bluff,AR,2023,fisc,39609,14004950,10019493,166259570,163488920,https://app.lincolninst.edu/research-data/data-toolkits/fiscally-standardized-cities/search-database,2026-09-14
Mesa,AZ,2012,city_only,447525,157487941,76112034,781906061,601217961,https://app.lincolninst.edu/research-data/data-toolkits/fiscally-standardized-cities/search-database,2026-09-14
Mesa,AZ,2012,fisc,447525,168491156,76112034,1899550123,1371358709,https://app.lincolninst.edu/research-data/data-toolkits/fiscally-standardized-cities/search-database,2026-09-14
Mesa,AZ,2017,city_only,490617,179260056,84141992,926876197,713634128,https://app.lincolninst.edu/research-data/data-toolkits/fiscally-standardized-cities/search-database,2026-09-14
Mesa,AZ,2017,fisc,490617,192979159,84141992,2148618392,1533105849,https://app.lincolninst.edu/research-data/data-toolkits/fiscally-standardized-cities/search-database,2026-09-14
Mesa,AZ,2022,city_only,509284,254171195,119611413,1088261837,811002847,https://app.lincolninst.edu/research-data/data-toolkits/fiscally-standardized-cities/search-database,2026-09-14
Mesa,AZ,2022,fisc,509284,255589725,120839175,2726218655,1990696269,https://app.lincolninst.edu/research-data/data-toolkits/fiscally-standardized-cities/search-database,2026-09-14
Mesa,AZ,2023,city_only,512545,224422954,94938710,1106533401,869281445,https://app.lincolninst.edu/research-data/data-toolkits/fiscally-standardized-cities/search-database,2026-09-14
Mesa,AZ,2023,fisc,512545,247641242,94938710,2982955520,2131213365,https://app.lincolninst.edu/research-data/data-toolkits/fiscally-standardized-cities/search-database,2026-09-14
Phoenix,AZ,2012,city_only,1469770,471353164,283469739,3218504524,2579656582,https://app.lincolninst.edu/research-data/data-toolkits/fiscally-standardized-cities/search-database,2026-09-14
Phoenix,AZ,2012,fisc,1469770,507490129,283469739,7248014245,5467878326,https://app.lincolninst.edu/research-data/data-toolkits/fiscally-standardized-cities/search-database,2026-09-14
Phoenix,AZ,2017,city_only,1612303,453427882,310015539,3079091661,2523354241,https://app.lincolninst.edu/research-data/data-toolkits/fiscally-standardized-cities/search-database,2026-09-14
Phoenix,AZ,2017,fisc,1612303,498499591,310015539,7469828431,5592316117,https://app.lincolninst.edu/research-data/data-toolkits/fiscally-standardized-cities/search-database,2026-09-14
Phoenix,AZ,2022,city_only,1625132,547805223,361015130,4074293540,3007106656,https://app.lincolninst.edu/research-data/data-toolkits/fiscally-standardized-cities/search-database,2026-09-14
Phoenix,AZ,2022,fisc,1625132,552331765,364948539,9567673576,7036290865,https://app.lincolninst.edu/research-data/data-toolkits/fiscally-standardized-cities/search-database,2026-09-14
Phoenix,AZ,2023,city_only,1644798,671308672,396561280,4092525568,3169644736,https://app.lincolninst.edu/research-data/data-toolkits/fiscally-standardized-cities/search-database,2026-09-14
Phoenix,AZ,2023,fisc,1644798,745818112,396561280,10418705984,7521900672,https://app.lincolninst.edu/research-data/data-toolkits/fiscally-standardized-cities/search-database,2026-09-14
Tucson,AZ,2012,city_only,530646,133123919,77621633,847940268,608533929,https://app.lincolninst.edu/research-data/data-toolkits/fiscally-standardized-cities/search-database,2026-09-14
Tucson,AZ,2012,fisc,530646,217630858,77621633,2192974062,1916342286,https://app.lincolninst.edu/research-data/data-toolkits/fiscally-standardized-cities/search-database,2026-09-14
Tucson,AZ,2017,city_only,537596,206021676,97475178,954434184,693159707,https://app.lincolninst.edu/research-data/data-toolkits/fiscally-standardized-cities/search-database,2026-09-14
Tucson,AZ,2017,fisc,537596,262658391,97475178,2122998920,1823787877,https://app.lincolninst.edu/research-data/data-toolkits/fiscally-standardized-cities/search-database,2026-09-14
Tucson,AZ,2022,city_only,541283,283044586,118304360,1075625575,726451991,https://app.lincolninst.edu/research-data/data-toolkits/fiscally-standardized-cities/search-database,2026-09-14
Tucson,AZ,2022,fisc,541283,339046281,118304360,2438626353,1970280206,https://app.lincolninst.edu/research-data/data-toolkits/fiscally-standardized-cities/search-database,2026-09-14
Tucson,AZ,2023,city_only,547476,179457158,102690073,1179257829,817485688,https://app.lincolninst.edu/research-data/data-toolkits/fiscally-standardized-cities/search-database,2026-09-14
Tucson,AZ,2023,fisc,547476,273601131,102690073,2671606233,2210647866,https://app.lincolninst.edu/research-data/data-toolkits/fiscally-standardized-cities/search-database,2026-09-14
Anaheim,CA,2012,city_only,343357,108478990,55156660,1125701404,658526900,https://app.lincolninst.edu/research-data/data-toolkits/fiscally-standardized-cities/search-database,2026-09-14
Anaheim,CA,2012,fisc,343357,133872424,55156660,2332690257,1654381574,https://app.lincolninst.edu/research-data/data-toolkits/fiscally-standardized-cities/search-database,2026-09-14
Anaheim,CA,2017,city_only,351979,147850814,68924937,1117310548,705411704,https://app.lincolninst.edu/research-data/data-toolkits/fiscally-standardized-cities/search-database,2026-09-14
Anaheim,CA,2017,fisc,351979,182106581,69669628,2534620975,1885482963,https://app.lincolninst.edu/research-data/data-toolkits/fiscally-standardized-cities/search-database,2026-09-14
Anaheim,CA,2022,city_only,344803,172784830,83981495,1132778191,814109501,https://app.lincolninst.edu/research-data/data-toolkits/fiscally-standardized-cities/search-database,2026-09-14
Anaheim,CA,2022,fisc,344803,265992731,84776303,2928602519,2385877202,https://app.lincolninst.edu/research-data/data-toolkits/fiscally-standardized-cities/search-database,2026-09-14
Anaheim,CA,2023,city_only,343626,211701106,97510750,1303741098,962895032,https://app.lincolninst.edu/research-data/data-toolkits/fiscally-standardized-cities/search-database,2026-09-14
Anaheim,CA,2023,fisc,343626,312325108,98393869,3298142966,2686138187,https://app.lincolninst.edu/research-data/data-toolkits/fiscally-standardized-cities/search-database,2026-09-14
Bakersfield,CA,2012,city_only,352430,68489860,32666192,401509221,374326785,https://app.lincolninst.edu/research-data/data-toolkits/fiscally-standardized-cities/search-database,2026-09-14
Bakersfield,CA,2012,fisc,352430,108469497,82203234,1927913465,1787502747,https://app.lincolninst.edu/research-data/data-toolkits/fiscally-standardized-cities/search-database,2026-09-14
Bakersfield,CA,2017,city_only,374084,83193442,39566915,500803758,469470420,https://app.lincolninst.edu/research-data/data-toolkits/fiscally-standardized-cities/search-database,2026-09-14
Bakersfield,CA,2017,fisc,374084,136347567,92278666,2240273458,2080504131,https://app.lincolninst.edu/research-data/data-toolkits/fiscally-standardized-cities/search-database,2026-09-14
Bakersfield,CA,2022,city_only,409542,130013895,53003880,604098690,566266311,https://app.lincolninst.edu/research-data/data-toolkits/fiscally-standardized-cities/search-database,2026-09-14
Bakersfield,CA,2022,fisc,409542,197552049,53003880,3180622204,2998973286,https://app.lincolninst.edu/research-data/data-toolkits/fiscally-standardized-cities/search-database,2026-09-14
Bakersfield,CA,2023,city_only,412996,144973986,56753910,605208468,565969718,https://app.lincolninst.edu/research-data/data-toolkits/fiscally-standardized-cities/search-database,2026-09-14
Bakersfield,CA,2023,fisc,412996,223893392,56753910,3462731922,3265328094,https://app.lincolninst.edu/research-data/data-toolkits/fiscally-standardized-cities/search-database,2026-09-14
Fremont,CA,2012,city_only,217267,66607631,33790038,244059357,244059357,https://app.lincolninst.edu/research-data/data-toolkits/fiscally-standardized-cities/search-database,2026-09-14
Fremont,CA,2012,fisc,217267,81335111,46760895,1336752909,1160137748,https://app.lincolninst.edu/research-data/data-toolkits/fiscally-standardized-cities/search-database,2026-09-14
Fremont,CA,2017,city_only,233889,72597291,44043059,283939247,283389838,https://app.lincolninst.edu/research-data/data-toolkits/fiscally-standardized-cities/search-database,2026-09-14
Fremont,CA,2017,fisc,233889,87322213,60792517,1696739645,1492301054,https://app.lincolninst.edu/research-data/data-toolkits/fiscally-standardized-cities/search-database,2026-09-14
Fremont,CA,2022,city_only,227910,97725279,60950244,368750725,368509936,https://app.lincolninst.edu/research-data/data-toolkits/fiscally-standardized-cities/search-database,2026-09-14
Fremont,CA,2022,fisc,227910,118993508,81901069,2244634349,1848214788,https://app.lincolninst.edu/research-data/data-toolkits/fiscally-standardized-cities/search-database,2026-09-14
Fremont,CA,2023,city_only,227359,110644257,66361545,405240134,405017323,https://app.lincolninst.edu/research-data/data-toolkits/fiscally-standardized-cities/search-database,2026-09-14
Fremont,CA,2023,fisc,227359,133091411,88001575,2465299109,1992462870,https://app.lincolninst.edu/research-data/data-toolkits/fiscally-standardized-cities/search-database,2026-09-14
Fresno,CA,2012,city_only,501623,147485706,55059566,694668257,528665574,https://app.lincolninst.edu/research-data/data-toolkits/fiscally-standardized-cities/search-database,2026-09-14
Fresno,CA,2012,fisc,501623,191338324,55074685,2786255201,2599214448,https://app.lincolninst.edu/research-data/data-toolkits/fiscally-standardized-cities/search-database,2026-09-14
Fresno,CA,2017,city_only,520305,137803665,53438004,724470654,441781230,https://app.lincolninst.edu/research-data/data-toolkits/fiscally-standardized-cities/search-database,2026-09-14
Fresno,CA,2017,fisc,520305,234600663,53438004,3547807108,3253301636,https://app.lincolninst.edu/research-data/data-toolkits/fiscally-standardized-cities/search-database,2026-09-14
Fresno,CA,2022,city_only,543931,226758728,80500524,1070815261,873066813,https://app.lincolninst.edu/research-data/data-toolkits/fiscally-standardized-cities/search-database,2026-09-14
Fresno,CA,2022,fisc,543931,382937789,80500524,5055996065,4843468204,https://app.lincolninst.edu/research-data/data-toolkits/fiscally-standardized-cities/search-database,2026-09-14
Fresno,CA,2023,city_only,545874,221930533,79375538,1298339474,1048711294,https://app.lincolninst.edu/research-data/data-toolkits/fiscally-standardized-cities/search-database,2026-09-14
Fresno,CA,2023,fisc,545874,308648077,79375538,5512726939,5244080508,https://app.lincolninst.edu/research-data/data-toolkits/fiscally-standardized-cities/search-database,2026-09-14
Huntington Beach,CA,2012,city_only,192599,70807453,33713757,282772671,244967868,https://app.lincolninst.edu/research-data/data-toolkits/fiscally-standardized-cities/search-database,2026-09-14
Huntington Beach,CA,2012,fisc,192599,85051374,33713757,877358776,732867513,https://app.lincolninst.edu/research-data/data-toolkits/fiscally-standardized-cities/search-database,2026-09-14
Huntington Beach,CA,2017,city_only,200580,83993388,40449269,307706827,265179264,https://app.lincolninst.edu/research-data/data-toolkits/fiscally-standardized-cities/search-database,2026-09-14
Huntington Beach,CA,2017,fisc,200580,103514501,40875255,1019633650,853245933,https://app.lincolninst.edu/research-data/data-toolkits/fiscally-standardized-cities/search-database,2026-09-14
Huntington Beach,CA,2022,city_only,196404,97760114,48210390,406603147,359913186,https://app.lincolninst.edu/research-data/data-toolkits/fiscally-standardized-cities/search-database,2026-09-14
Huntington Beach,CA,2022,fisc,196404,150852473,48663122,1319435192,1156017497,https://app.lincolninst.edu/research-data/data-toolkits/fiscally-standardized-cities/search-database,2026-09-14
Huntington Beach,CA,2023,city_only,194777,111151443,52176863,450090692,399312328,https://app.lincolninst.edu/research-data/data-toolkits/fiscally-standardized-cities/search-database,2026-09-14
Huntington Beach,CA,2023,fisc,194777,168187992,52677440,1449561598,1274638218,https://app.lincolninst.edu/research-data/data-toolkits/fiscally-standardized-cities/search-database,2026-09-14
Long Beach,CA,2012,city_only,464274,201429793,62189642,1954319223,1760550752,https://app.lincolninst.edu/research-data/data-toolkits/fiscally-standardized-cities/search-database,2026-09-14
Long Beach,CA,2012,fisc,464274,270745514,101255387,3896429307,3483200700,https://app.lincolninst.edu/research-data/data-toolkits/fiscally-standardized-cities/search-database,2026-09-14
Long Beach,CA,2017,city_only,468484,236742005,70875243,1856553739,1654917705,https://app.lincolninst.edu/research-data/data-toolkits/fiscally-standardized-cities/search-database,2026-09-14
Long Beach,CA,2017,fisc,468484,330896860,118923125,4296382916,3780967716,https://app.lincolninst.edu/research-data/data-toolkits/fiscally-standardized-cities/search-database,2026-09-14
Long Beach,CA,2022,city_only,455157,267839959,94938310,2369099256,2024078477,https://app.lincolninst.edu/research-data/data-toolkits/fiscally-standardized-cities/search-database,2026-09-14
Long Beach,CA,2022,fisc,455157,373720415,161434909,5436406242,4789407582,https://app.lincolninst.edu/research-data/data-toolkits/fiscally-standardized-cities/search-database,2026-09-14
Long Beach,CA,2023,city_only,454168,271410797,93885609,2320757605,1940727989,https://app.lincolninst.edu/research-data/data-toolkits/fiscally-standardized-cities/search-database,2026-09-14
Long Beach,CA,2023,fisc,454168,387936681,163818398,5914175696,4985175052,https://app.lincolninst.edu/research-data/data-toolkits/fiscally-standardized-cities/search-database,2026-09-14
Los Angeles,CA,2012,city_only,3818812,1699731200,445924063,13570571033,8676542210,https://app.lincolninst.edu/research-data/data-toolkits/fiscally-standardized-cities/search-database,2026-09-14
Los Angeles,CA,2012,fisc,3818812,2269905125,767252966,31846580432,24487495358,https://app.lincolninst.edu/research-data/data-toolkits/fiscally-standardized-cities/search-database,2026-09-14
Los Angeles,CA,2017,city_only,3957520,1769604775,486176499,14533910722,9276990031,https://app.lincolninst.edu/research-data/data-toolkits/fiscally-standardized-cities/search-database,2026-09-14
Los Angeles,CA,2017,fisc,3957520,2565010030,892061129,36232581366,27665356175,https://app.lincolninst.edu/research-data/data-toolkits/fiscally-standardized-cities/search-database,2026-09-14
Los Angeles,CA,2022,city_only,3830987,2972023880,810230845,20553407703,13740219944,https://app.lincolninst.edu/research-data/data-toolkits/fiscally-standardized-cities/search-database,2026-09-14
Los Angeles,CA,2022,fisc,3830987,3863204219,1369923006,47726349898,37632683892,https://app.lincolninst.edu/research-data/data-toolkits/fiscally-standardized-cities/search-database,2026-09-14
Los Angeles,CA,2023,city_only,3832998,3115194090,810104550,23045605860,15706445770,https://app.lincolninst.edu/research-data/data-toolkits/fiscally-standardized-cities/search-database,2026-09-14
Los Angeles,CA,2023,fisc,3832998,4098626900,1400309890,54402535600,41420164600,https://app.lincolninst.edu/research-data/data-toolkits/fiscally-standardized-cities/search-database,2026-09-14
Modesto,CA,2012,city_only,204119,47439418,24084225,279065713,204759749,https://app.lincolninst.edu/research-data/data-toolkits/fiscally-standardized-cities/search-database,2026-09-14
Modesto,CA,2012,fisc,204119,62001615,24822486,1339254570,891365498,https://app.lincolninst.edu/research-data/data-toolkits/fiscally-standardized-cities/search-database,2026-09-14
Modesto,CA,2017,city_only,211423,54328948,31362922,311295707,214104666,https://app.lincolninst.edu/research-data/data-toolkits/fiscally-standardized-cities/search-database,2026-09-14
Modesto,CA,2017,fisc,211423,76439468,31847652,1489141798,1069734154,https://app.lincolninst.edu/research-data/data-toolkits/fiscally-standardized-cities/search-database,2026-09-14
Modesto,CA,2022,city_only,218657,70015855,53034295,351561957,312144830,https://app.lincolninst.edu/research-data/data-toolkits/fiscally-standardized-cities/search-database,2026-09-14
Modesto,CA,2022,fisc,218657,105873280,53511022,1794318245,1427591332,https://app.lincolninst.edu/research-data/data-toolkits/fiscally-standardized-cities/search-database,2026-09-14
Modesto,CA,2023,city_only,218578,68668464,61085994,371700632,312994953,https://app.lincolninst.edu/research-data/data-toolkits/fiscally-standardized-cities/search-database,2026-09-14
Modesto,CA,2023,fisc,218578,108886816,61542822,2045096642,1586445681,https://app.lincolninst.edu/research-data/data-toolkits/fiscally-standardized-cities/search-database,2026-09-14
Oakland,CA,2012,city_only,395416,195194219,105324373,1312389355,1312389355,https://app.lincolninst.edu/research-data/data-toolkits/fiscally-standardized-cities/search-database,2026-09-14
Oakland,CA,2012,fisc,395416,221997558,137231550,4131039398,3692729116,https://app.lincolninst.edu/research-data/data-toolkits/fiscally-standardized-cities/search-database,2026-09-14
Oakland,CA,2017,city_only,421454,277339775,140709226,1349956891,1349956891,https://app.lincolninst.edu/research-data/data-toolkits/fiscally-standardized-cities/search-database,2026-09-14
Oakland,CA,2017,fisc,421454,303873205,175671240,4726856248,4243958677,https://app.lincolninst.edu/research-data/data-toolkits/fiscally-standardized-cities/search-database,2026-09-14
Oakland,CA,2022,city_only,436836,321516566,181587569,1754795468,1754795468,https://app.lincolninst.edu/research-data/data-toolkits/fiscally-standardized-cities/search-database,2026-09-14
Oakland,CA,2022,fisc,436836,362277269,221739903,6278406965,5391699092,https://app.lincolninst.edu/research-data/data-toolkits/fiscally-standardized-cities/search-database,2026-09-14
Oakland,CA,2023,city_only,436544,346825477,189521212,1821501667,1821501667,https://app.lincolninst.edu/research-data/data-toolkits/fiscally-standardized-cities/search-database,2026-09-14
Oakland,CA,2023,fisc,436544,389921101,231075836,6118775322,4977692960,https://app.lincolninst.edu/research-data/data-toolkits/fiscally-standardized-cities/search-database,2026-09-14
Riverside,CA,2012,city_only,308997,87299719,49779117,904121943,520270934,https://app.lincolninst.edu/research-data/data-toolkits/fiscally-standardized-cities/search-database,2026-09-14
Riverside,CA,2012,fisc,308997,136201066,73416048,2180236847,1665504945,https://app.lincolninst.edu/research-data/data-toolkits/fiscally-standardized-cities/search-database,2026-09-14
Riverside,CA,2017,city_only,323016,95506298,47815514,784396860,397967162,https://app.lincolninst.edu/research-data/data-toolkits/fiscally-standardized-cities/search-database,2026-09-14
Riverside,CA,2017,fisc,323016,158333508,76594211,2704937724,2180411854,https://app.lincolninst.edu/research-data/data-toolkits/fiscally-standardized-cities/search-database,2026-09-14
Riverside,CA,2022,city_only,314157,115507572,68533306,842972033,471145734,https://app.lincolninst.edu/research-data/data-toolkits/fiscally-standardized-cities/search-database,2026-09-14
Riverside,CA,2022,fisc,314157,192676563,101983763,3250119539,2702731144,https://app.lincolninst.edu/research-data/data-toolkits/fiscally-standardized-cities/search-database,2026-09-14
Riverside,CA,2023,city_only,320339,134100312,72367783,939403728,506949281,https://app.lincolninst.edu/research-data/data-toolkits/fiscally-standardized-cities/search-database,2026-09-14
Riverside,CA,2023,fisc,320339,225412944,111436328,3557140358,2915687137,https://app.lincolninst.edu/research-data/data-toolkits/fiscally-standardized-cities/search-database,2026-09-14
Sacramento,CA,2012,city_only,470788,136067762,87180992,835580288,763933377,https://app.lincolninst.edu/research-data/data-toolkits/fiscally-standardized-cities/search-database,2026-09-14
Sacramento,CA,2012,fisc,470788,189378144,87322888,3389235567,2607018871,https://app.lincolninst.edu/research-data/data-toolkits/fiscally-standardized-cities/search-database,2026-09-14
Sacramento,CA,2017,city_only,492284,159854197,113618653,883619668,781628216,https://app.lincolninst.edu/research-data/data-toolkits/fiscally-standardized-cities/search-database,2026-09-14
Sacramento,CA,2017,fisc,492284,248753170,114909684,3724402806,3097864646,https://app.lincolninst.edu/research-data/data-toolkits/fiscally-standardized-cities/search-database,2026-09-14
Sacramento,CA,2022,city_only,525496,245616567,171675200,1902443251,1586070095,https://app.lincolninst.edu/research-data/data-toolkits/fiscally-standardized-cities/search-database,2026-09-14
Sacramento,CA,2022,fisc,525496,380689529,171675200,5635594009,4525226839,https://app.lincolninst.edu/research-data/data-toolkits/fiscally-standardized-cities/search-database,2026-09-14
Sacramento,CA,2023,city_only,526715,252791597,173552593,1763194264,1621544799,https://app.lincolninst.edu/research-data/data-toolkits/fiscally-standardized-cities/search-database,2026-09-14
Sacramento,CA,2023,fisc,526715,403858726,173552593,5969050409,4832141349,https://app.lincolninst.edu/research-data/data-toolkits/fiscally-standardized-cities/search-database,2026-09-14
San Diego,CA,2012,city_only,1319189,300172399,171139419,2787384712,2357572985,https://app.lincolninst.edu/research-data/data-toolkits/fiscally-standardized-cities/search-database,2026-09-14
San Diego,CA,2012,fisc,1319189,413539715,171139419,7410703654,6466887200,https://app.lincolninst.edu/research-data/data-toolkits/fiscally-standardized-cities/search-database,2026-09-14
San Diego,CA,2017,city_only,1400130,339142708,176825020,3462634655,2814952054,https://app.lincolninst.edu/research-data/data-toolkits/fiscally-standardized-cities/search-database,2026-09-14
San Diego,CA,2017,fisc,1400130,538562224,195173193,9335288801,8051603804,https://app.lincolninst.edu/research-data/data-toolkits/fiscally-standardized-cities/search-database,2026-09-14
San Diego,CA,2022,city_only,1374972,629137272,323178995,5172158116,4496812798,https://app.lincolninst.edu/research-data/data-toolkits/fiscally-standardized-cities/search-database,2026-09-14
San Diego,CA,2022,fisc,1374972,882627825,347148016,12554233534,11224250019,https://app.lincolninst.edu/research-data/data-toolkits/fiscally-standardized-cities/search-database,2026-09-14
San Diego,CA,2023,city_only,1388730,611555030,353001279,6063695123,5197530335,https://app.lincolninst.edu/research-data/data-toolkits/fiscally-standardized-cities/search-database,2026-09-14
San Diego,CA,2023,fisc,1388730,885023742,378595573,14054225346,12478850034,https://app.lincolninst.edu/research-data/data-toolkits/fiscally-standardized-cities/search-database,2026-09-14
San Francisco,CA,2012,city_only,815694,377910304,241081771,7848617903,5672508273,https://app.lincolninst.edu/research-data/data-toolkits/fiscally-standardized-cities/search-database,2026-09-14
San Francisco,CA,2012,fisc,815694,377910304,241081771,9622742242,7033743817,https://app.lincolninst.edu/research-data/data-toolkits/fiscally-standardized-cities/search-database,2026-09-14
San Francisco,CA,2017,city_only,871343,524927042,302891322,12763829495,9978709762,https://app.lincolninst.edu/research-data/data-toolkits/fiscally-standardized-cities/search-database,2026-09-14
San Francisco,CA,2017,fisc,871343,524927042,302891322,14731070461,11438246245,https://app.lincolninst.edu/research-data/data-toolkits/fiscally-standardized-cities/search-database,2026-09-14
San Francisco,CA,2022,city_only,815498,770879862,494187096,17259970348,14496019061,https://app.lincolninst.edu/research-data/data-toolkits/fiscally-standardized-cities/search-database,2026-09-14
San Francisco,CA,2022,fisc,815498,770879862,494187096,20154333643,16448517862,https://app.lincolninst.edu/research-data/data-toolkits/fiscally-standardized-cities/search-database,2026-09-14
San Francisco,CA,2023,city_only,814176,799219587,471546314,19460190499,16192413706,https://app.lincolninst.edu/research-data/data-toolkits/fiscally-standardized-cities/search-database,2026-09-14
San Francisco,CA,2023,fisc,814176,799219587,471546314,22519945325,18110449526,https://app.lincolninst.edu/research-data/data-toolkits/fiscally-standardized-cities/search-database,2026-09-14
San Jose,CA,2012,city_only,968925,251179577,122187577,1422985893,1390511566,https://app.lincolninst.edu/research-data/data-toolkits/fiscally-standardized-cities/search-database,2026-09-14
San Jose,CA,2012,fisc,968925,314142392,175819863,6028682198,5422117541,https://app.lincolninst.edu/research-data/data-toolkits/fiscally-standardized-cities/search-database,2026-09-14
San Jose,CA,2017,city_only,1034851,244719744,141998390,1632294677,1582178577,https://app.lincolninst.edu/research-data/data-toolkits/fiscally-standardized-cities/search-database,2026-09-14
San Jose,CA,2017,fisc,1034851,335628017,205143010,7876818933,7021598520,https://app.lincolninst.edu/research-data/data-toolkits/fiscally-standardized-cities/search-database,2026-09-14
San Jose,CA,2022,city_only,981446,510817774,259971275,2813390868,2429810929,https://app.lincolninst.edu/research-data/data-toolkits/fiscally-standardized-cities/search-database,2026-09-14
San Jose,CA,2022,fisc,981446,618024464,343234855,11915844983,10080237950,https://app.lincolninst.edu/research-data/data-toolkits/fiscally-standardized-cities/search-database,2026-09-14
San Jose,CA,2023,city_only,978451,526905648,268770705,2983688479,2539227113,https://app.lincolninst.edu/research-data/data-toolkits/fiscally-standardized-cities/search-database,2026-09-14
San Jose,CA,2023,fisc,978451,646325593,357780393,12528673675,10917262723,https://app.lincolninst.edu/research-data/data-toolkits/fiscally-standardized-cities/search-database,2026-09-14
Santa Ana,CA,2012,city_only,327731,118581205,53253997,442530467,391763221,https://app.lincolninst.edu/research-data/data-toolkits/fiscally-standardized-cities/search-database,2026-09-14
Santa Ana,CA,2012,fisc,327731,142818997,53253997,1746973111,1563202989,https://app.lincolninst.edu/research-data/data-toolkits/fiscally-standardized-cities/search-database,2026-09-14
Santa Ana,CA,2017,city_only,334385,132013794,38033724,462500196,405927083,https://app.lincolninst.edu/research-data/data-toolkits/fiscally-standardized-cities/search-database,2026-09-14
Santa Ana,CA,2017,fisc,334385,164559944,38743880,1979639319,1759539216,https://app.lincolninst.edu/research-data/data-toolkits/fiscally-standardized-cities/search-database,2026-09-14
Santa Ana,CA,2022,city_only,311004,144676086,47142049,898883152,824304801,https://app.lincolninst.edu/research-data/data-toolkits/fiscally-standardized-cities/search-database,2026-09-14
Santa Ana,CA,2022,fisc,311004,228747368,47858947,2730346671,2521774022,https://app.lincolninst.edu/research-data/data-toolkits/fiscally-standardized-cities/search-database,2026-09-14
Santa Ana,CA,2023,city_only,311755,154365488,49999267,920188528,815392085,https://app.lincolninst.edu/research-data/data-toolkits/fiscally-standardized-cities/search-database,2026-09-14
Santa Ana,CA,2023,fisc,311755,245656705,50800477,2988287024,2729851482,https://app.lincolninst.edu/research-data/data-toolkits/fiscally-standardized-cities/search-database,2026-09-14
Stockton,CA,2012,city_only,295618,94492426,46400880,443582702,375000459,https://app.lincolninst.edu/research-data/data-toolkits/fiscally-standardized-cities/search-database,2026-09-14
Stockton,CA,2012,fisc,295618,120968393,46400880,1599606356,1483246643,https://app.lincolninst.edu/research-data/data-toolkits/fiscally-standardized-cities/search-database,2026-09-14
Stockton,CA,2017,city_only,307650,123394312,44805861,355491839,320254000,https://app.lincolninst.edu/research-data/data-toolkits/fiscally-standardized-cities/search-database,2026-09-14
Stockton,CA,2017,fisc,307650,149984798,44805861,1739189585,1662036586,https://app.lincolninst.edu/research-data/data-toolkits/fiscally-standardized-cities/search-database,2026-09-14
Stockton,CA,2022,city_only,321737,142586321,58951048,539700132,493029394,https://app.lincolninst.edu/research-data/data-toolkits/fiscally-standardized-cities/search-database,2026-09-14
Stockton,CA,2022,fisc,321737,192745853,58951048,2528838327,2400788135,https://app.lincolninst.edu/research-data/data-toolkits/fiscally-standardized-cities/search-database,2026-09-14
Stockton,CA,2023,city_only,321374,152347345,66212685,549543113,507414195,https://app.lincolninst.edu/research-data/data-toolkits/fiscally-standardized-cities/search-database,2026-09-14
Stockton,CA,2023,fisc,321374,205026971,66212685,2642848013,2502189040,https://app.lincolninst.edu/research-data/data-toolkits/fiscally-standardized-cities/search-database,2026-09-14
Aurora,CO,2012,city_only,334946,86224113,37559631,517072102,384328763,https://app.lincolninst.edu/research-data/data-toolkits/fiscally-standardized-cities/search-database,2026-09-14
Aurora,CO,2012,fisc,334946,110652259,37584870,1640887970,1369220434,https://app.lincolninst.edu/research-data/data-toolkits/fiscally-standardized-cities/search-database,2026-09-14
Aurora,CO,2017,city_only,369952,105907794,46980847,585927294,466058576,https://app.lincolninst.edu/research-data/data-toolkits/fiscally-standardized-cities/search-database,2026-09-14
Aurora,CO,2017,fisc,369952,133657028,46980847,1875284594,1584105124,https://app.lincolninst.edu/research-data/data-toolkits/fiscally-standardized-cities/search-database,2026-09-14
Aurora,CO,2022,city_only,390589,127298330,67642595,919629423,721582289,https://app.lincolninst.edu/research-data/data-toolkits/fiscally-standardized-cities/search-database,2026-09-14
Aurora,CO,2022,fisc,390589,163695005,67642595,2654492611,2352942664,https://app.lincolninst.edu/research-data/data-toolkits/fiscally-standardized-cities/search-database,2026-09-14
Aurora,CO,2023,city_only,394128,136242167,77950636,1040021025,792528348,https://app.lincolninst.edu/research-data/data-toolkits/fiscally-standardized-cities/search-database,2026-09-14
Aurora,CO,2023,fisc,394128,174444994,77950636,3002742994,2633996837,https://app.lincolninst.edu/research-data/data-toolkits/fiscally-standardized-cities/search-database,2026-09-14
Colorado Springs,CO,2012,city_only,427587,88659767,40724597,1661144697,968394822,https://app.lincolninst.edu/research-data/data-toolkits/fiscally-standardized-cities/search-database,2026-09-14
Colorado Springs,CO,2012,fisc,427587,124941387,40972682,2612911383,1916269474,https://app.lincolninst.edu/research-data/data-toolkits/fiscally-standardized-cities/search-database,2026-09-14
Colorado Springs,CO,2017,city_only,459213,92069940,49269221,1196613680,480508814,https://app.lincolninst.edu/research-data/data-toolkits/fiscally-standardized-cities/search-database,2026-09-14
Colorado Springs,CO,2017,fisc,459213,141195087,49590614,2338398406,1612153028,https://app.lincolninst.edu/research-data/data-toolkits/fiscally-standardized-cities/search-database,2026-09-14
Colorado Springs,CO,2022,city_only,484837,128771113,64141081,1624151446,717705818,https://app.lincolninst.edu/research-data/data-toolkits/fiscally-standardized-cities/search-database,2026-09-14
Colorado Springs,CO,2022,fisc,484837,190388274,64141081,3189288813,2269944188,https://app.lincolninst.edu/research-data/data-toolkits/fiscally-standardized-cities/search-database,2026-09-14
Colorado Springs,CO,2023,city_only,488136,130312787,70198838,1750553323,766290537,https://app.lincolninst.edu/research-data/data-toolkits/fiscally-standardized-cities/search-database,2026-09-14
Colorado Springs,CO,2023,fisc,488136,195371553,70198838,3518455000,2519323591,https://app.lincolninst.edu/research-data/data-toolkits/fiscally-standardized-cities/search-database,2026-09-14
Denver,CO,2012,city_only,620250,225207001,112012289,2842883772,2586784243,https://app.lincolninst.edu/research-data/data-toolkits/fiscally-standardized-cities/search-database,2026-09-14
Denver,CO,2012,fisc,620250,225207001,112049678,5240045843,4735343247,https://app.lincolninst.edu/research-data/data-toolkits/fiscally-standardized-cities/search-database,2026-09-14
Denver,CO,2017,city_only,696273,236679709,127074963,3340295379,3002715226,https://app.lincolninst.edu/research-data/data-toolkits/fiscally-standardized-cities/search-database,2026-09-14
Denver,CO,2017,fisc,696273,236679709,127074963,6504141009,5847397525,https://app.lincolninst.edu/research-data/data-toolkits/fiscally-standardized-cities/search-database,2026-09-14
Denver,CO,2022,city_only,711530,262035266,124556106,5216854736,4655504847,https://app.lincolninst.edu/research-data/data-toolkits/fiscally-standardized-cities/search-database,2026-09-14
Denver,CO,2022,fisc,711530,262035266,124556106,8917522836,8169475468,https://app.lincolninst.edu/research-data/data-toolkits/fiscally-standardized-cities/search-database,2026-09-14
Denver,CO,2023,city_only,714851,266196215,179205997,5048263465,4406863405,https://app.lincolninst.edu/research-data/data-toolkits/fiscally-standardized-cities/search-database,2026-09-14
Denver,CO,2023,fisc,714851,266196215,179205997,9116494803,8251525093,https://app.lincolninst.edu/research-data/data-toolkits/fiscally-standardized-cities/search-database,2026-09-14
Bridgeport,CT,2012,city_only,146165,92162761,53912588,731564011,731564011,https://app.lincolninst.edu/research-data/data-toolkits/fiscally-standardized-cities/search-database,2026-09-14
Bridgeport,CT,2012,fisc,146165,92162761,53912588,803372570,795396534,https://app.lincolninst.edu/research-data/data-toolkits/fiscally-standardized-cities/search-database,2026-09-14
Bridgeport,CT,2017,city_only,146404,110359520,64688395,818490452,818490452,https://app.lincolninst.edu/research-data/data-toolkits/fiscally-standardized-cities/search-database,2026-09-14
Bridgeport,CT,2017,fisc,146404,110359520,64697817,897250708,886427106,https://app.lincolninst.edu/research-data/data-toolkits/fiscally-standardized-cities/search-database,2026-09-14
Bridgeport,CT,2022,city_only,148175,107218435,76774080,792244867,792244867,https://app.lincolninst.edu/research-data/data-toolkits/fiscally-standardized-cities/search-database,2026-09-14
Bridgeport,CT,2022,fisc,148175,107218435,76835277,888772483,879745345,https://app.lincolninst.edu/research-data/data-toolkits/fiscally-standardized-cities/search-database,2026-09-14
Bridgeport,CT,2023,city_only,148552,101416450,78383463,825761944,825761944,https://app.lincolninst.edu/research-data/data-toolkits/fiscally-standardized-cities/search-database,2026-09-14
Bridgeport,CT,2023,fisc,148552,101416450,78445855,929486893,919909746,https://app.lincolninst.edu/research-data/data-toolkits/fiscally-standardized-cities/search-database,2026-09-14
Hartford,CT,2012,city_only,125434,65413795,25806361,773589721,773589721,https://app.lincolninst.edu/research-data/data-toolkits/fiscally-standardized-cities/search-database,2026-09-14
Hartford,CT,2012,fisc,125434,65413795,25806361,907058058,881677014,https://app.lincolninst.edu/research-data/data-toolkits/fiscally-standardized-cities/search-database,2026-09-14
Hartford,CT,2017,city_only,123671,55010963,16679184,757936340,757936340,https://app.lincolninst.edu/research-data/data-toolkits/fiscally-standardized-cities/search-database,2026-09-14
Hartford,CT,2017,fisc,123671,55010963,16679184,937140317,897288359,https://app.lincolninst.edu/research-data/data-toolkits/fiscally-standardized-cities/search-database,2026-09-14
Hartford,CT,2022,city_only,120788,55223039,39166930,940988945,940988945,https://app.lincolninst.edu/research-data/data-toolkits/fiscally-standardized-cities/search-database,2026-09-14
Hartford,CT,2022,fisc,120788,55223039,39166930,1029330030,989165394,https://app.lincolninst.edu/research-data/data-toolkits/fiscally-standardized-cities/search-database,2026-09-14
Hartford,CT,2023,city_only,120888,56529647,38502828,1030687461,1030687461,https://app.lincolninst.edu/research-data/data-toolkits/fiscally-standardized-cities/search-database,2026-09-14
Hartford,CT,2023,fisc,120888,56529647,38502828,1139383907,1114026440,https://app.lincolninst.edu/research-data/data-toolkits/fiscally-standardized-cities/search-database,2026-09-14
New Haven,CT,2012,city_only,130835,37783541,31301602,807400144,807400144,https://app.lincolninst.edu/research-data/data-toolkits/fiscally-standardized-cities/search-database,2026-09-14
New Haven,CT,2012,fisc,130835,37783541,31301602,924027721,906880898,https://app.lincolninst.edu/research-data/data-toolkits/fiscally-standardized-cities/search-database,2026-09-14
New Haven,CT,2017,city_only,130430,41376304,31813398,860217702,860217702,https://app.lincolninst.edu/research-data/data-toolkits/fiscally-standardized-cities/search-database,2026-09-14
New Haven,CT,2017,fisc,130430,41376304,31813398,971196306,951837560,https://app.lincolninst.edu/research-data/data-toolkits/fiscally-standardized-cities/search-database,2026-09-14
New Haven,CT,2022,city_only,134088,43747487,36835516,972389617,972389617,https://app.lincolninst.edu/research-data/data-toolkits/fiscally-standardized-cities/search-database,2026-09-14
New Haven,CT,2022,fisc,134088,43747487,36835516,1112872510,1081837539,https://app.lincolninst.edu/research-data/data-toolkits/fiscally-standardized-cities/search-database,2026-09-14
New Haven,CT,2023,city_only,134684,46064622,37113523,988577866,988577866,https://app.lincolninst.edu/research-data/data-toolkits/fiscally-standardized-cities/search-database,2026-09-14
New Haven,CT,2023,fisc,134684,46064622,37113523,1133561152,1099215385,https://app.lincolninst.edu/research-data/data-toolkits/fiscally-standardized-cities/search-database,2026-09-14
Washington,DC,2012,city_only,620290,563761907,211470892,11264955552,10765034532,https://app.lincolninst.edu/research-data/data-toolkits/fiscally-standardized-cities/search-database,2026-09-14
Washington,DC,2012,fisc,620290,563761907,211470892,11692057113,10871085466,https://app.lincolninst.edu/research-data/data-toolkits/fiscally-standardized-cities/search-database,2026-09-14
Washington,DC,2017,city_only,687576,639303034,281618573,13972515963,13531951102,https://app.lincolninst.edu/research-data/data-toolkits/fiscally-standardized-cities/search-database,2026-09-14
Washington,DC,2017,fisc,687576,639314097,281618573,14652916260,13638815046,https://app.lincolninst.edu/research-data/data-toolkits/fiscally-standardized-cities/search-database,2026-09-14
Washington,DC,2022,city_only,669256,672158221,379191393,19749308006,19296908652,https://app.lincolninst.edu/research-data/data-toolkits/fiscally-standardized-cities/search-database,2026-09-14
Washington,DC,2022,fisc,669256,672158221,379191393,20220669821,19410362028,https://app.lincolninst.edu/research-data/data-toolkits/fiscally-standardized-cities/search-database,2026-09-14
Washington,DC,2023,city_only,676725,716394620,385151267,19813357568,19310821583,https://app.lincolninst.edu/research-data/data-toolkits/fiscally-standardized-cities/search-database,2026-09-14
Washington,DC,2023,fisc,676725,716394620,385151267,20469239438,19457873925,https://app.lincolninst.edu/research-data/data-toolkits/fiscally-standardized-cities/search-database,2026-09-14
Dover,DE,2012,city_only,36303,14196131,919930,132031102,50558928,https://app.lincolninst.edu/research-data/data-toolkits/fiscally-standardized-cities/search-database,2026-09-14
Dover,DE,2012,fisc,36303,14319226,919930,239499289,119677565,https://app.lincolninst.edu/research-data/data-toolkits/fiscally-standardized-cities/search-database,2026-09-14
Dover,DE,2017,city_only,37271,19762065,832926,108099941,49498858,https://app.lincolninst.edu/research-data/data-toolkits/fiscally-standardized-cities/search-database,2026-09-14
Dover,DE,2017,fisc,37271,19898187,832926,212784224,116764715,https://app.lincolninst.edu/research-data/data-toolkits/fiscally-standardized-cities/search-database,2026-09-14
Dover,DE,2022,city_only,39694,21406963,1011064,127832930,52696967,https://app.lincolninst.edu/research-data/data-toolkits/fiscally-standardized-cities/search-database,2026-09-14
Dover,DE,2022,fisc,39694,24066917,1011064,266620202,154275772,https://app.lincolninst.edu/research-data/data-toolkits/fiscally-standardized-cities/search-database,2026-09-14
Dover,DE,2023,city_only,39896,23728146,1176932,138163838,59575899,https://app.lincolninst.edu/research-data/data-toolkits/fiscally-standardized-cities/search-database,2026-09-14
Dover,DE,2023,fisc,39896,26517275,1176932,301734645,166237057,https://app.lincolninst.edu/research-data/data-toolkits/fiscally-standardized-cities/search-database,2026-09-14
Wilmington,DE,2012,city_only,70950,50915786,22664819,216655786,166462794,https://app.lincolninst.edu/research-data/data-toolkits/fiscally-standardized-cities/search-database,2026-09-14
Wilmington,DE,2012,fisc,70950,59730981,23134742,466035092,390536304,https://app.lincolninst.edu/research-data/data-toolkits/fiscally-standardized-cities/search-database,2026-09-14
Wilmington,DE,2017,city_only,71047,64400923,28533726,247513669,188604133,https://app.lincolninst.edu/research-data/data-toolkits/fiscally-standardized-cities/search-database,2026-09-14
Wilmington,DE,2017,fisc,71047,75567164,29074406,525293412,434091681,https://app.lincolninst.edu/research-data/data-toolkits/fiscally-standardized-cities/search-database,2026-09-14
Wilmington,DE,2022,city_only,70712,68524758,30863851,286777633,215327723,https://app.lincolninst.edu/research-data/data-toolkits/fiscally-standardized-cities/search-database,2026-09-14
Wilmington,DE,2022,fisc,70712,77626212,31427556,586555790,482802206,https://app.lincolninst.edu/research-data/data-toolkits/fiscally-standardized-cities/search-database,2026-09-14
Wilmington,DE,2023,city_only,71727,75573719,34358668,316420074,241190645,https://app.lincolninst.edu/research-data/data-toolkits/fiscally-standardized-cities/search-database,2026-09-14
Wilmington,DE,2023,fisc,71727,86093918,34954002,656621952,545308821,https://app.lincolninst.edu/research-data/data-toolkits/fiscally-standardized-cities/search-database,2026-09-14
Ft. Lauderdale,FL,2012,city_only,169270,98374586,72111688,437371454,357494795,https://app.lincolninst.edu/research-data/data-toolkits/fiscally-standardized-cities/search-database,2026-09-14
Ft. Lauderdale,FL,2012,fisc,169270,134958469,80240164,1140130705,1037886387,https://app.lincolninst.edu/research-data/data-toolkits/fiscally-standardized-cities/search-database,2026-09-14
Ft. Lauderdale,FL,2017,city_only,179199,99444559,68440484,529956767,400821412,https://app.lincolninst.edu/research-data/data-toolkits/fiscally-standardized-cities/search-database,2026-09-14
Ft. Lauderdale,FL,2017,fisc,179199,143248429,79748242,1300631556,1147989787,https://app.lincolninst.edu/research-data/data-toolkits/fiscally-standardized-cities/search-database,2026-09-14
Ft. Lauderdale,FL,2022,city_only,181892,128761224,96135914,806485437,606434198,https://app.lincolninst.edu/research-data/data-toolkits/fiscally-standardized-cities/search-database,2026-09-14
Ft. Lauderdale,FL,2022,fisc,181892,181760101,111829256,1845465734,1617317421,https://app.lincolninst.edu/research-data/data-toolkits/fiscally-standardized-cities/search-database,2026-09-14
Ft. Lauderdale,FL,2023,city_only,184787,139835714,97619276,776245838,624256683,https://app.lincolninst.edu/research-data/data-toolkits/fiscally-standardized-cities/search-database,2026-09-14
Ft. Lauderdale,FL,2023,fisc,184787,198867769,114414567,1875273912,1689272862,https://app.lincolninst.edu/research-data/data-toolkits/fiscally-standardized-cities/search-database,2026-09-14
Hialeah,FL,2012,city_only,228117,47717533,36763178,225465816,207278459,https://app.lincolninst.edu/research-data/data-toolkits/fiscally-standardized-cities/search-database,2026-09-14
Hialeah,FL,2012,fisc,228117,94969252,70288007,1396278853,1301440235,https://app.lincolninst.edu/research-data/data-toolkits/fiscally-standardized-cities/search-database,2026-09-14
Hialeah,FL,2017,city_only,234070,52241808,46263299,267620637,241211634,https://app.lincolninst.edu/research-data/data-toolkits/fiscally-standardized-cities/search-database,2026-09-14
Hialeah,FL,2017,fisc,234070,105724509,79492509,1365641982,1251381857,https://app.lincolninst.edu/research-data/data-toolkits/fiscally-standardized-cities/search-database,2026-09-14
Hialeah,FL,2022,city_only,220957,71278642,57049229,326453083,303142737,https://app.lincolninst.edu/research-data/data-toolkits/fiscally-standardized-cities/search-database,2026-09-14
Hialeah,FL,2022,fisc,220957,131784950,107288289,1654194204,1523022572,https://app.lincolninst.edu/research-data/data-toolkits/fiscally-standardized-cities/search-database,2026-09-14
Hialeah,FL,2023,city_only,223562,66847274,56867466,322150606,298580465,https://app.lincolninst.edu/research-data/data-toolkits/fiscally-standardized-cities/search-database,2026-09-14
Hialeah,FL,2023,fisc,223562,128677816,106469167,1748518643,1599791787,https://app.lincolninst.edu/research-data/data-toolkits/fiscally-standardized-cities/search-database,2026-09-14
Jacksonville,FL,2012,city_only,872483,299211073,162638866,3913003427,1736854765,https://app.lincolninst.edu/research-data/data-toolkits/fiscally-standardized-cities/search-database,2026-09-14
Jacksonville,FL,2012,fisc,872483,314029295,167957385,5322982931,3048964315,https://app.lincolninst.edu/research-data/data-toolkits/fiscally-standardized-cities/search-database,2026-09-14
Jacksonville,FL,2017,city_only,927038,352865278,159563477,3467261563,1680405667,https://app.lincolninst.edu/research-data/data-toolkits/fiscally-standardized-cities/search-database,2026-09-14
Jacksonville,FL,2017,fisc,927038,369920881,164813650,4994897655,3117752219,https://app.lincolninst.edu/research-data/data-toolkits/fiscally-standardized-cities/search-database,2026-09-14
Jacksonville,FL,2022,city_only,1002908,501616346,213891329,4746778863,2993004821,https://app.lincolninst.edu/research-data/data-toolkits/fiscally-standardized-cities/search-database,2026-09-14
Jacksonville,FL,2022,fisc,1002908,521796590,218881003,6492355582,4644230469,https://app.lincolninst.edu/research-data/data-toolkits/fiscally-standardized-cities/search-database,2026-09-14
Jacksonville,FL,2023,city_only,1021040,532819514,240577445,5408949190,3433492050,https://app.lincolninst.edu/research-data/data-toolkits/fiscally-standardized-cities/search-database,2026-09-14
Jacksonville,FL,2023,fisc,1021040,552954422,247877881,7417212345,5315585292,https://app.lincolninst.edu/research-data/data-toolkits/fiscally-standardized-cities/search-database,2026-09-14
Miami,FL,2012,city_only,406607,137043668,85755696,740878351,690714792,https://app.lincolninst.edu/research-data/data-toolkits/fiscally-standardized-cities/search-database,2026-09-14
Miami,FL,2012,fisc,406607,221270528,145512004,2703268305,2516480819,https://app.lincolninst.edu/research-data/data-toolkits/fiscally-standardized-cities/search-database,2026-09-14
Miami,FL,2017,city_only,448789,236255661,126321450,894391533,894391533,https://app.lincolninst.edu/research-data/data-toolkits/fiscally-standardized-cities/search-database,2026-09-14
Miami,FL,2017,fisc,448789,338803161,190032748,2814113645,2645670604,https://app.lincolninst.edu/research-data/data-toolkits/fiscally-standardized-cities/search-database,2026-09-14
Miami,FL,2022,city_only,441630,281037466,189565403,1310733357,1310733357,https://app.lincolninst.edu/research-data/data-toolkits/fiscally-standardized-cities/search-database,2026-09-14
Miami,FL,2022,fisc,441630,401976554,289978950,3694364226,3478780291,https://app.lincolninst.edu/research-data/data-toolkits/fiscally-standardized-cities/search-database,2026-09-14
Miami,FL,2023,city_only,456736,306816975,195642866,1364188220,1364188220,https://app.lincolninst.edu/research-data/data-toolkits/fiscally-standardized-cities/search-database,2026-09-14
Miami,FL,2023,fisc,456736,433131884,296978882,3961645852,3705955904,https://app.lincolninst.edu/research-data/data-toolkits/fiscally-standardized-cities/search-database,2026-09-14
Orlando,FL,2012,city_only,243531,123681806,91084610,661282304,644792865,https://app.lincolninst.edu/research-data/data-toolkits/fiscally-standardized-cities/search-database,2026-09-14
Orlando,FL,2012,fisc,243531,164494361,117099609,1664469996,1426123646,https://app.lincolninst.edu/research-data/data-toolkits/fiscally-standardized-cities/search-database,2026-09-14
Orlando,FL,2017,city_only,278667,149108354,112271771,851175690,851175690,https://app.lincolninst.edu/research-data/data-toolkits/fiscally-standardized-cities/search-database,2026-09-14
Orlando,FL,2017,fisc,278667,198066127,141331692,2012716180,1834034542,https://app.lincolninst.edu/research-data/data-toolkits/fiscally-standardized-cities/search-database,2026-09-14
Orlando,FL,2022,city_only,309928,191684350,127889784,1173119296,1173119296,https://app.lincolninst.edu/research-data/data-toolkits/fiscally-standardized-cities/search-database,2026-09-14
Orlando,FL,2022,fisc,309928,258925984,178833753,2721909436,2495918130,https://app.lincolninst.edu/research-data/data-toolkits/fiscally-standardized-cities/search-database,2026-09-14
Orlando,FL,2023,city_only,318821,183184982,110041068,1177173214,1177173214,https://app.lincolninst.edu/research-data/data-toolkits/fiscally-standardized-cities/search-database,2026-09-14
Orlando,FL,2023,fisc,318821,252920699,162668851,2824757248,2548782602,https://app.lincolninst.edu/research-data/data-toolkits/fiscally-standardized-cities/search-database,2026-09-14
St. Petersburg,FL,2012,city_only,245900,88624381,33397890,457715068,403188960,https://app.lincolninst.edu/research-data/data-toolkits/fiscally-standardized-cities/search-database,2026-09-14
St. Petersburg,FL,2012,fisc,245900,139152007,33477563,1132648899,1021921693,https://app.lincolninst.edu/research-data/data-toolkits/fiscally-standardized-cities/search-database,2026-09-14
St. Petersburg,FL,2017,city_only,259443,102884084,32995121,521134652,438282649,https://app.lincolninst.edu/research-data/data-toolkits/fiscally-standardized-cities/search-database,2026-09-14
St. Petersburg,FL,2017,fisc,259443,164011360,37121337,1296832015,1160602176,https://app.lincolninst.edu/research-data/data-toolkits/fiscally-standardized-cities/search-database,2026-09-14
St. Petersburg,FL,2022,city_only,259598,114997901,39576811,669297657,603293919,https://app.lincolninst.edu/research-data/data-toolkits/fiscally-standardized-cities/search-database,2026-09-14
St. Petersburg,FL,2022,fisc,259598,223106699,44643281,1588989144,1462546805,https://app.lincolninst.edu/research-data/data-toolkits/fiscally-standardized-cities/search-database,2026-09-14
St. Petersburg,FL,2023,city_only,262502,124071570,40091930,707009762,635897970,https://app.lincolninst.edu/research-data/data-toolkits/fiscally-standardized-cities/search-database,2026-09-14
St. Petersburg,FL,2023,fisc,262502,242024219,45541472,1683173324,1546441282,https://app.lincolninst.edu/research-data/data-toolkits/fiscally-standardized-cities/search-database,2026-09-14
Tallahassee,FL,2012,city_only,183025,48909768,31597931,730408396,370874366,https://app.lincolninst.edu/research-data/data-toolkits/fiscally-standardized-cities/search-database,2026-09-14
Tallahassee,FL,2012,fisc,183025,73497735,36311693,1086083706,724682375,https://app.lincolninst.edu/research-data/data-toolkits/fiscally-standardized-cities/search-database,2026-09-14
Tallahassee,FL,2017,city_only,188984,60149026,40841255,697845152,350723368,https://app.lincolninst.edu/research-data/data-toolkits/fiscally-standardized-cities/search-database,2026-09-14
Tallahassee,FL,2017,fisc,188984,82847058,46394900,1062973333,714256757,https://app.lincolninst.edu/research-data/data-toolkits/fiscally-standardized-cities/search-database,2026-09-14
Tallahassee,FL,2022,city_only,200269,68878925,48901363,1022523793,646937549,https://app.lincolninst.edu/research-data/data-toolkits/fiscally-standardized-cities/search-database,2026-09-14
Tallahassee,FL,2022,fisc,200269,99104942,57078199,1455746054,1077891993,https://app.lincolninst.edu/research-data/data-toolkits/fiscally-standardized-cities/search-database,2026-09-14
Tallahassee,FL,2023,city_only,202316,77887614,51459075,1101893862,666485552,https://app.lincolninst.edu/research-data/data-toolkits/fiscally-standardized-cities/search-database,2026-09-14
Tallahassee,FL,2023,fisc,202316,113962580,58558343,1560420822,1122922587,https://app.lincolninst.edu/research-data/data-toolkits/fiscally-standardized-cities/search-database,2026-09-14
Tampa,FL,2012,city_only,342726,151199989,74056979,709502893,634154688,https://app.lincolninst.edu/research-data/data-toolkits/fiscally-standardized-cities/search-database,2026-09-14
Tampa,FL,2012,fisc,342726,212050308,105601632,2268394945,2093521618,https://app.lincolninst.edu/research-data/data-toolkits/fiscally-standardized-cities/search-database,2026-09-14
Tampa,FL,2017,city_only,380843,153118694,80324661,843399753,732511402,https://app.lincolninst.edu/research-data/data-toolkits/fiscally-standardized-cities/search-database,2026-09-14
Tampa,FL,2017,fisc,380843,217266904,113814206,2551433915,2306002216,https://app.lincolninst.edu/research-data/data-toolkits/fiscally-standardized-cities/search-database,2026-09-14
Tampa,FL,2022,city_only,393609,176245375,112219385,1436709804,1253368492,https://app.lincolninst.edu/research-data/data-toolkits/fiscally-standardized-cities/search-database,2026-09-14
Tampa,FL,2022,fisc,393609,260753936,153940619,3484048211,3145390190,https://app.lincolninst.edu/research-data/data-toolkits/fiscally-standardized-cities/search-database,2026-09-14
Tampa,FL,2023,city_only,401611,188700944,121069652,1648211544,1445859842,https://app.lincolninst.edu/research-data/data-toolkits/fiscally-standardized-cities/search-database,2026-09-14
Tampa,FL,2023,fisc,401611,325228604,165435619,3833332818,3473449201,https://app.lincolninst.edu/research-data/data-toolkits/fiscally-standardized-cities/search-database,2026-09-14
Atlanta,GA,2012,city_only,437863,171937080,85874510,1950009255,1527914989,https://app.lincolninst.edu/research-data/data-toolkits/fiscally-standardized-cities/search-database,2026-09-14
Atlanta,GA,2012,fisc,437863,197645325,94102996,3474143232,2836518068,https://app.lincolninst.edu/research-data/data-toolkits/fiscally-standardized-cities/search-database,2026-09-14
Atlanta,GA,2017,city_only,479590,240722294,79638901,2116079140,1668080420,https://app.lincolninst.edu/research-data/data-toolkits/fiscally-standardized-cities/search-database,2026-09-14
Atlanta,GA,2017,fisc,479590,272848693,89913022,3833099559,3165424481,https://app.lincolninst.edu/research-data/data-toolkits/fiscally-standardized-cities/search-database,2026-09-14
Atlanta,GA,2022,city_only,492892,213292313,98240863,1763918667,1344747553,https://app.lincolninst.edu/research-data/data-toolkits/fiscally-standardized-cities/search-database,2026-09-14
Atlanta,GA,2022,fisc,492892,255150722,103164268,3941777330,3275157782,https://app.lincolninst.edu/research-data/data-toolkits/fiscally-standardized-cities/search-database,2026-09-14
Atlanta,GA,2023,city_only,500249,244381641,104577053,2030790830,1546079564,https://app.lincolninst.edu/research-data/data-toolkits/fiscally-standardized-cities/search-database,2026-09-14
Atlanta,GA,2023,fisc,500249,290379537,110004755,4359945172,3590657257,https://app.lincolninst.edu/research-data/data-toolkits/fiscally-standardized-cities/search-database,2026-09-14
Columbus,GA,2012,city_only,195340,48703486,26925349,369473252,346439589,https://app.lincolninst.edu/research-data/data-toolkits/fiscally-standardized-cities/search-database,2026-09-14
Columbus,GA,2012,fisc,195340,48703486,26925349,797012705,773980514,https://app.lincolninst.edu/research-data/data-toolkits/fiscally-standardized-cities/search-database,2026-09-14
Columbus,GA,2017,city_only,196354,50575166,29244445,342147682,310500688,https://app.lincolninst.edu/research-data/data-toolkits/fiscally-standardized-cities/search-database,2026-09-14
Columbus,GA,2017,fisc,196354,50575166,29244445,775611197,743964203,https://app.lincolninst.edu/research-data/data-toolkits/fiscally-standardized-cities/search-database,2026-09-14
Columbus,GA,2022,city_only,205094,68519300,38100860,420149537,397921737,https://app.lincolninst.edu/research-data/data-toolkits/fiscally-standardized-cities/search-database,2026-09-14
Columbus,GA,2022,fisc,205094,68519300,38100860,919504816,897277016,https://app.lincolninst.edu/research-data/data-toolkits/fiscally-standardized-cities/search-database,2026-09-14
Columbus,GA,2023,city_only,202658,61573580,38059172,420122193,397264398,https://app.lincolninst.edu/research-data/data-toolkits/fiscally-standardized-cities/search-database,2026-09-14
Columbus,GA,2023,fisc,202658,61573580,38059172,953797718,930939922,https://app.lincolninst.edu/research-data/data-toolkits/fiscally-standardized-cities/search-database,2026-09-14
Savannah,GA,2012,city_only,140443,62496645,24572398,342570126,302440501,https://app.lincolninst.edu/research-data/data-toolkits/fiscally-standardized-cities/search-database,2026-09-14
Savannah,GA,2012,fisc,140443,79647586,24586155,1035381581,978774057,https://app.lincolninst.edu/research-data/data-toolkits/fiscally-standardized-cities/search-database,2026-09-14
Savannah,GA,2017,city_only,146053,68079260,32114499,396176339,373522417,https://app.lincolninst.edu/research-data/data-toolkits/fiscally-standardized-cities/search-database,2026-09-14
Savannah,GA,2017,fisc,146053,85159290,32114499,1168458778,1132942842,https://app.lincolninst.edu/research-data/data-toolkits/fiscally-standardized-cities/search-database,2026-09-14
Savannah,GA,2022,city_only,146525,61824877,34377958,580919663,552272303,https://app.lincolninst.edu/research-data/data-toolkits/fiscally-standardized-cities/search-database,2026-09-14
Savannah,GA,2022,fisc,146525,79465605,34377958,1563304865,1534651876,https://app.lincolninst.edu/research-data/data-toolkits/fiscally-standardized-cities/search-database,2026-09-14
Savannah,GA,2023,city_only,148281,65408232,36518645,527174542,499137571,https://app.lincolninst.edu/research-data/data-toolkits/fiscally-standardized-cities/search-database,2026-09-14
Savannah,GA,2023,fisc,148281,83187124,36518645,1606713604,1578614354,https://app.lincolninst.edu/research-data/data-toolkits/fiscally-standardized-cities/search-database,2026-09-14
Cedar Rapids,IA,2012,city_only,128286,32956603,18205686,492620699,457547156,https://app.lincolninst.edu/research-data/data-toolkits/fiscally-standardized-cities/search-database,2026-09-14
Cedar Rapids,IA,2012,fisc,128286,38158090,18205686,686454130,645512118,https://app.lincolninst.edu/research-data/data-toolkits/fiscally-standardized-cities/search-database,2026-09-14
Cedar Rapids,IA,2017,city_only,131518,45214989,20747518,395750712,348285341,https://app.lincolninst.edu/research-data/data-toolkits/fiscally-standardized-cities/search-database,2026-09-14
Cedar Rapids,IA,2017,fisc,131518,51149351,20747518,587168522,535047920,https://app.lincolninst.edu/research-data/data-toolkits/fiscally-standardized-cities/search-database,2026-09-14
Cedar Rapids,IA,2022,city_only,137112,51878330,23467326,495736067,441383264,https://app.lincolninst.edu/research-data/data-toolkits/fiscally-standardized-cities/search-database,2026-09-14
Cedar Rapids,IA,2022,fisc,137112,59842998,23467326,782370621,722841047,https://app.lincolninst.edu/research-data/data-toolkits/fiscally-standardized-cities/search-database,2026-09-14
Cedar Rapids,IA,2023,city_only,136861,56490746,24774578,556582209,493486551,https://app.lincolninst.edu/research-data/data-toolkits/fiscally-standardized-cities/search-database,2026-09-14
Cedar Rapids,IA,2023,fisc,136861,64328776,24774578,841105279,772889651,https://app.lincolninst.edu/research-data/data-toolkits/fiscally-standardized-cities/search-database,2026-09-14
Des Moines,IA,2012,city_only,207967,58063476,45256070,494969464,449703992,https://app.lincolninst.edu/research-data/data-toolkits/fiscally-standardized-cities/search-database,2026-09-14
Des Moines,IA,2012,fisc,207967,65370576,45599252,1152401640,1062934714,https://app.lincolninst.edu/research-data/data-toolkits/fiscally-standardized-cities/search-database,2026-09-14
Des Moines,IA,2017,city_only,216582,64042132,40670770,490002373,430309049,https://app.lincolninst.edu/research-data/data-toolkits/fiscally-standardized-cities/search-database,2026-09-14
Des Moines,IA,2017,fisc,216582,72046310,41052336,1215981631,1125266456,https://app.lincolninst.edu/research-data/data-toolkits/fiscally-standardized-cities/search-database,2026-09-14
Des Moines,IA,2022,city_only,212539,76152842,47173731,646495885,583168892,https://app.lincolninst.edu/research-data/data-toolkits/fiscally-standardized-cities/search-database,2026-09-14
Des Moines,IA,2022,fisc,212539,84930680,47645284,1511776302,1418465850,https://app.lincolninst.edu/research-data/data-toolkits/fiscally-standardized-cities/search-database,2026-09-14
Des Moines,IA,2023,city_only,210950,78524028,50117501,722385618,653175033,https://app.lincolninst.edu/research-data/data-toolkits/fiscally-standardized-cities/search-database,2026-09-14
Des Moines,IA,2023,fisc,210950,87824814,50615343,1632845818,1524508227,https://app.lincolninst.edu/research-data/data-toolkits/fiscally-standardized-cities/search-database,2026-09-14
Boise,ID,2012,city_only,212685,45149732,40705754,268079441,268079441,https://app.lincolninst.edu/research-data/data-toolkits/fiscally-standardized-cities/search-database,2026-09-14
Boise,ID,2012,fisc,212685,71964247,40705754,594999530,591412937,https://app.lincolninst.edu/research-data/data-toolkits/fiscally-standardized-cities/search-database,2026-09-14
Boise,ID,2017,city_only,224839,54345260,45037509,321274797,321274797,https://app.lincolninst.edu/research-data/data-toolkits/fiscally-standardized-cities/search-database,2026-09-14
Boise,ID,2017,fisc,224839,77082872,45037509,723137794,716535910,https://app.lincolninst.edu/research-data/data-toolkits/fiscally-standardized-cities/search-database,2026-09-14
Boise,ID,2022,city_only,238214,59255780,60424925,455712844,453688003,https://app.lincolninst.edu/research-data/data-toolkits/fiscally-standardized-cities/search-database,2026-09-14
Boise,ID,2022,fisc,238214,92065073,60424925,983789169,973408711,https://app.lincolninst.edu/research-data/data-toolkits/fiscally-standardized-cities/search-database,2026-09-14
Boise,ID,2023,city_only,237614,73710239,64391018,541828828,541828828,https://app.lincolninst.edu/research-data/data-toolkits/fiscally-standardized-cities/search-database,2026-09-14
Boise,ID,2023,fisc,237614,108461286,64391018,1127654264,1117702990,https://app.lincolninst.edu/research-data/data-toolkits/fiscally-standardized-cities/search-database,2026-09-14
Nampa,ID,2012,city_only,82743,18560741,10802264,93051226,86951806,https://app.lincolninst.edu/research-data/data-toolkits/fiscally-standardized-cities/search-database,2026-09-14
Nampa,ID,2012,fisc,82743,23729319,10802264,203097656,195603531,https://app.lincolninst.edu/research-data/data-toolkits/fiscally-standardized-cities/search-database,2026-09-14
Nampa,ID,2017,city_only,91213,19113248,12455750,93037667,87431662,https://app.lincolninst.edu/research-data/data-toolkits/fiscally-standardized-cities/search-database,2026-09-14
Nampa,ID,2017,fisc,91213,24196808,12455750,218317932,210076958,https://app.lincolninst.edu/research-data/data-toolkits/fiscally-standardized-cities/search-database,2026-09-14
Nampa,ID,2022,city_only,106617,23852413,14432487,133655640,125061071,https://app.lincolninst.edu/research-data/data-toolkits/fiscally-standardized-cities/search-database,2026-09-14
Nampa,ID,2022,fisc,106617,30830061,14432487,307024683,294756967,https://app.lincolninst.edu/research-data/data-toolkits/fiscally-standardized-cities/search-database,2026-09-14
Nampa,ID,2023,city_only,111229,27261116,16576458,189160487,173155746,https://app.lincolninst.edu/research-data/data-toolkits/fiscally-standardized-cities/search-database,2026-09-14
Nampa,ID,2023,fisc,111229,35408640,16576458,374899569,354296621,https://app.lincolninst.edu/research-data/data-toolkits/fiscally-standardized-cities/search-database,2026-09-14
Aurora,IL,2012,city_only,199136,63050865,36399046,243286011,223560483,https://app.lincolninst.edu/research-data/data-toolkits/fiscally-standardized-cities/search-database,2026-09-14
Aurora,IL,2012,fisc,199136,69972656,36399046,805495062,748056054,https://app.lincolninst.edu/research-data/data-toolkits/fiscally-standardized-cities/search-database,2026-09-14
Aurora,IL,2017,city_only,200744,76956499,46543066,260178337,232573217,https://app.lincolninst.edu/research-data/data-toolkits/fiscally-standardized-cities/search-database,2026-09-14
Aurora,IL,2017,fisc,200744,85444419,46543066,931310255,856425675,https://app.lincolninst.edu/research-data/data-toolkits/fiscally-standardized-cities/search-database,2026-09-14
Aurora,IL,2022,city_only,179448,86269613,57559036,313956657,288960289,https://app.lincolninst.edu/research-data/data-toolkits/fiscally-standardized-cities/search-database,2026-09-14
Aurora,IL,2022,fisc,179448,95114774,57559036,1091636183,1038994380,https://app.lincolninst.edu/research-data/data-toolkits/fiscally-standardized-cities/search-database,2026-09-14
Aurora,IL,2023,city_only,179195,90129709,56446425,349890781,316368773,https://app.lincolninst.edu/research-data/data-toolkits/fiscally-standardized-cities/search-database,2026-09-14
Aurora,IL,2023,fisc,179195,98286666,56643540,1172492596,1110005508,https://app.lincolninst.edu/research-data/data-toolkits/fiscally-standardized-cities/search-database,2026-09-14
Chicago,IL,2012,city_only,2708067,1336451667,490260138,7747154939,7439115022,https://app.lincolninst.edu/research-data/data-toolkits/fiscally-standardized-cities/search-database,2026-09-14
Chicago,IL,2012,fisc,2708067,1394688678,490260138,18462887457,16884142072,https://app.lincolninst.edu/research-data/data-toolkits/fiscally-standardized-cities/search-database,2026-09-14
Chicago,IL,2017,city_only,2716297,1456292700,585008150,8380112824,7769210656,https://app.lincolninst.edu/research-data/data-toolkits/fiscally-standardized-cities/search-database,2026-09-14
Chicago,IL,2017,fisc,2716297,1504540794,585008150,20261293585,18038079063,https://app.lincolninst.edu/research-data/data-toolkits/fiscally-standardized-cities/search-database,2026-09-14
Chicago,IL,2022,city_only,2706324,1656598006,671014208,12105184691,11685550627,https://app.lincolninst.edu/research-data/data-toolkits/fiscally-standardized-cities/search-database,2026-09-14
Chicago,IL,2022,fisc,2706324,1711729562,671014208,29201269870,27003545628,https://app.lincolninst.edu/research-data/data-toolkits/fiscally-standardized-cities/search-database,2026-09-14
Chicago,IL,2023,city_only,2684076,1795515316,669006940,13490669214,13014486582,https://app.lincolninst.edu/research-data/data-toolkits/fiscally-standardized-cities/search-database,2026-09-14
Chicago,IL,2023,fisc,2684076,1848901667,669006940,30757141128,28608803496,https://app.lincolninst.edu/research-data/data-toolkits/fiscally-standardized-cities/search-database,2026-09-14
Decatur,IL,2012,city_only,75922,22476249,15637094,106531781,89065191,https://app.lincolninst.edu/research-data/data-toolkits/fiscally-standardized-cities/search-database,2026-09-14
Decatur,IL,2012,fisc,75922,30207269,15637094,271516455,240725097,https://app.lincolninst.edu/research-data/data-toolkits/fiscally-standardized-cities/search-database,2026-09-14
Decatur,IL,2017,city_only,72521,26325969,17293172,105803851,86108234,https://app.lincolninst.edu/research-data/data-toolkits/fiscally-standardized-cities/search-database,2026-09-14
Decatur,IL,2017,fisc,72521,38973519,17293172,285471515,260876497,https://app.lincolninst.edu/research-data/data-toolkits/fiscally-standardized-cities/search-database,2026-09-14
Decatur,IL,2022,city_only,70146,28850298,21720928,117957981,100090766,https://app.lincolninst.edu/research-data/data-toolkits/fiscally-standardized-cities/search-database,2026-09-14
Decatur,IL,2022,fisc,70146,42371980,21720928,349462384,320926043,https://app.lincolninst.edu/research-data/data-toolkits/fiscally-standardized-cities/search-database,2026-09-14
Decatur,IL,2023,city_only,69269,29516906,24147173,123241327,100271034,https://app.lincolninst.edu/research-data/data-toolkits/fiscally-standardized-cities/search-database,2026-09-14
Decatur,IL,2023,fisc,69269,45935737,24147173,347498329,315228673,https://app.lincolninst.edu/research-data/data-toolkits/fiscally-standardized-cities/search-database,2026-09-14
East St. Louis,IL,2012,city_only,26727,7228047,5244971,38315036,38315036,https://app.lincolninst.edu/research-data/data-toolkits/fiscally-standardized-cities/search-database,2026-09-14
East St. Louis,IL,2012,fisc,26727,8600513,5244971,182463541,178228132,https://app.lincolninst.edu/research-data/data-toolkits/fiscally-standardized-cities/search-database,2026-09-14
East St. Louis,IL,2017,city_only,26862,7976011,7549010,38827897,38827897,https://app.lincolninst.edu/research-data/data-toolkits/fiscally-standardized-cities/search-database,2026-09-14
East St. Louis,IL,2017,fisc,26862,10579290,7549010,147402781,141567176,https://app.lincolninst.edu/research-data/data-toolkits/fiscally-standardized-cities/search-database,2026-09-14
East St. Louis,IL,2022,city_only,18189,9197004,8705927,43263044,43263044,https://app.lincolninst.edu/research-data/data-toolkits/fiscally-standardized-cities/search-database,2026-09-14
East St. Louis,IL,2022,fisc,18189,11517700,8705927,184537556,181510031,https://app.lincolninst.edu/research-data/data-toolkits/fiscally-standardized-cities/search-database,2026-09-14
East St. Louis,IL,2023,city_only,17920,9802061,9278080,46078054,46078054,https://app.lincolninst.edu/research-data/data-toolkits/fiscally-standardized-cities/search-database,2026-09-14
East St. Louis,IL,2023,fisc,17920,12208896,9278080,194279680,190244096,https://app.lincolninst.edu/research-data/data-toolkits/fiscally-standardized-cities/search-database,2026-09-14
Rock Island,IL,2012,city_only,38980,11570046,9224139,69580058,63501026,https://app.lincolninst.edu/research-data/data-toolkits/fiscally-standardized-cities/search-database,2026-09-14
Rock Island,IL,2012,fisc,38980,13366411,9224139,159395067,149699514,https://app.lincolninst.edu/research-data/data-toolkits/fiscally-standardized-cities/search-database,2026-09-14
Rock Island,IL,2017,city_only,38168,14320910,11305109,81251001,73533104,https://app.lincolninst.edu/research-data/data-toolkits/fiscally-standardized-cities/search-database,2026-09-14
Rock Island,IL,2017,fisc,38168,16483739,11305109,179733089,167862095,https://app.lincolninst.edu/research-data/data-toolkits/fiscally-standardized-cities/search-database,2026-09-14
Rock Island,IL,2022,city_only,36587,14632832,14278968,80645913,68081798,https://app.lincolninst.edu/research-data/data-toolkits/fiscally-standardized-cities/search-database,2026-09-14
Rock Island,IL,2022,fisc,36587,16625295,14278968,229000080,211893361,https://app.lincolninst.edu/research-data/data-toolkits/fiscally-standardized-cities/search-database,2026-09-14
Rock Island,IL,2023,city_only,36322,14759081,12195838,81290089,71353843,https://app.lincolninst.edu/research-data/data-toolkits/fiscally-standardized-cities/search-database,2026-09-14
Rock Island,IL,2023,fisc,36322,17136356,12195838,249595704,233583150,https://app.lincolninst.edu/research-data/data-toolkits/fiscally-standardized-cities/search-database,2026-09-14
Anderson,IN,2012,city_only,55801,9452837,8706095,149611048,65164110,https://app.lincolninst.edu/research-data/data-toolkits/fiscally-standardized-cities/search-database,2026-09-14
Anderson,IN,2012,fisc,55801,10828169,8706095,315087405,147906073,https://app.lincolninst.edu/research-data/data-toolkits/fiscally-standardized-cities/search-database,2026-09-14
Anderson,IN,2017,city_only,55002,11673190,11114796,262618021,149963903,https://app.lincolninst.edu/research-data/data-toolkits/fiscally-standardized-cities/search-database,2026-09-14
Anderson,IN,2017,fisc,55002,13880663,11114796,441199425,247894456,https://app.lincolninst.edu/research-data/data-toolkits/fiscally-standardized-cities/search-database,2026-09-14
Anderson,IN,2022,city_only,54959,15267841,11695808,182183702,83039865,https://app.lincolninst.edu/research-data/data-toolkits/fiscally-standardized-cities/search-database,2026-09-14
Anderson,IN,2022,fisc,54959,17056760,11695808,379446271,208189811,https://app.lincolninst.edu/research-data/data-toolkits/fiscally-standardized-cities/search-database,2026-09-14
Anderson,IN,2023,city_only,55106,16336174,13740130,189159060,89176938,https://app.lincolninst.edu/research-data/data-toolkits/fiscally-standardized-cities/search-database,2026-09-14
Anderson,IN,2023,fisc,55106,18864988,13740130,419753974,217793791,https://app.lincolninst.edu/research-data/data-toolkits/fiscally-standardized-cities/search-database,2026-09-14
East Chicago,IN,2012,city_only,29531,9234014,6274982,84615907,63238913,https://app.lincolninst.edu/research-data/data-toolkits/fiscally-standardized-cities/search-database,2026-09-14
East Chicago,IN,2012,fisc,29531,10361286,6299904,196333284,167803478,https://app.lincolninst.edu/research-data/data-toolkits/fiscally-standardized-cities/search-database,2026-09-14
East Chicago,IN,2017,city_only,28443,11741945,8426917,78574035,73601951,https://app.lincolninst.edu/research-data/data-toolkits/fiscally-standardized-cities/search-database,2026-09-14
East Chicago,IN,2017,fisc,28443,12571617,8482518,157461315,144565929,https://app.lincolninst.edu/research-data/data-toolkits/fiscally-standardized-cities/search-database,2026-09-14
East Chicago,IN,2022,city_only,26203,13204873,7109929,95620005,87878887,https://app.lincolninst.edu/research-data/data-toolkits/fiscally-standardized-cities/search-database,2026-09-14
East Chicago,IN,2022,fisc,26203,14399048,7117983,171367894,158159246,https://app.lincolninst.edu/research-data/data-toolkits/fiscally-standardized-cities/search-database,2026-09-14
East Chicago,IN,2023,city_only,25994,13319066,6607935,105509126,91817047,https://app.lincolninst.edu/research-data/data-toolkits/fiscally-standardized-cities/search-database,2026-09-14
East Chicago,IN,2023,fisc,25994,14992040,6630809,182079392,162488234,https://app.lincolninst.edu/research-data/data-toolkits/fiscally-standardized-cities/search-database,2026-09-14
Ft. Wayne,IN,2012,city_only,256286,49821062,35007412,307521803,257646670,https://app.lincolninst.edu/research-data/data-toolkits/fiscally-standardized-cities/search-database,2026-09-14
Ft. Wayne,IN,2012,fisc,256286,58053442,35888004,790484269,739695714,https://app.lincolninst.edu/research-data/data-toolkits/fiscally-standardized-cities/search-database,2026-09-14
Ft. Wayne,IN,2017,city_only,263573,62498966,34639897,328863810,303241694,https://app.lincolninst.edu/research-data/data-toolkits/fiscally-standardized-cities/search-database,2026-09-14
Ft. Wayne,IN,2017,fisc,263573,79631265,36664816,896042565,869646526,https://app.lincolninst.edu/research-data/data-toolkits/fiscally-standardized-cities/search-database,2026-09-14
Ft. Wayne,IN,2022,city_only,266455,81827877,56156537,337801671,316544952,https://app.lincolninst.edu/research-data/data-toolkits/fiscally-standardized-cities/search-database,2026-09-14
Ft. Wayne,IN,2022,fisc,266455,109172935,57456611,1063480891,1041648351,https://app.lincolninst.edu/research-data/data-toolkits/fiscally-standardized-cities/search-database,2026-09-14
Ft. Wayne,IN,2023,city_only,268394,78150965,53576810,368789460,350495725,https://app.lincolninst.edu/research-data/data-toolkits/fiscally-standardized-cities/search-database,2026-09-14
Ft. Wayne,IN,2023,fisc,268394,108275507,55106656,1211074246,1192224936,https://app.lincolninst.edu/research-data/data-toolkits/fiscally-standardized-cities/search-database,2026-09-14
Gary,IN,2012,city_only,79659,12487853,9852829,150893846,150893846,https://app.lincolninst.edu/research-data/data-toolkits/fiscally-standardized-cities/search-database,2026-09-14
Gary,IN,2012,fisc,79659,15528635,9920055,405072834,385334763,https://app.lincolninst.edu/research-data/data-toolkits/fiscally-standardized-cities/search-database,2026-09-14
Gary,IN,2017,city_only,76491,17255922,12357832,140109991,133148058,https://app.lincolninst.edu/research-data/data-toolkits/fiscally-standardized-cities/search-database,2026-09-14
Gary,IN,2017,fisc,76491,19487138,12507359,314964425,286798561,https://app.lincolninst.edu/research-data/data-toolkits/fiscally-standardized-cities/search-database,2026-09-14
Gary,IN,2022,city_only,68538,17316103,11600901,163101172,154926628,https://app.lincolninst.edu/research-data/data-toolkits/fiscally-standardized-cities/search-database,2026-09-14
Gary,IN,2022,fisc,68538,20439651,11621307,352762041,329499020,https://app.lincolninst.edu/research-data/data-toolkits/fiscally-standardized-cities/search-database,2026-09-14
Gary,IN,2023,city_only,68048,20295316,11691327,198740989,191367308,https://app.lincolninst.edu/research-data/data-toolkits/fiscally-standardized-cities/search-database,2026-09-14
Gary,IN,2023,fisc,68048,24674885,11750529,419445150,395937968,https://app.lincolninst.edu/research-data/data-toolkits/fiscally-standardized-cities/search-database,2026-09-14
Hammond,IN,2012,city_only,80233,26067953,16399251,164462856,153097763,https://app.lincolninst.edu/research-data/data-toolkits/fiscally-standardized-cities/search-database,2026-09-14
Hammond,IN,2012,fisc,80233,29130646,16466962,389588916,359017002,https://app.lincolninst.edu/research-data/data-toolkits/fiscally-standardized-cities/search-database,2026-09-14
Hammond,IN,2017,city_only,77200,24229937,15517966,180534920,167891755,https://app.lincolninst.edu/research-data/data-toolkits/fiscally-standardized-cities/search-database,2026-09-14
Hammond,IN,2017,fisc,77200,26481833,15668879,412922462,379232200,https://app.lincolninst.edu/research-data/data-toolkits/fiscally-standardized-cities/search-database,2026-09-14
Hammond,IN,2022,city_only,77201,30395023,20923272,206274927,194534226,https://app.lincolninst.edu/research-data/data-toolkits/fiscally-standardized-cities/search-database,2026-09-14
Hammond,IN,2022,fisc,77201,33913377,20946258,469912006,441623547,https://app.lincolninst.edu/research-data/data-toolkits/fiscally-standardized-cities/search-database,2026-09-14
Hammond,IN,2023,city_only,76639,30464769,20250323,264613008,250496871,https://app.lincolninst.edu/research-data/data-toolkits/fiscally-standardized-cities/search-database,2026-09-14
Hammond,IN,2023,fisc,76639,35397255,20316999,525969625,493936056,https://app.lincolninst.edu/research-data/data-toolkits/fiscally-standardized-cities/search-database,2026-09-14
Indianapolis,IN,2012,city_only,911294,208580795,115215208,3912215175,3100654876,https://app.lincolninst.edu/research-data/data-toolkits/fiscally-standardized-cities/search-database,2026-09-14
Indianapolis,IN,2012,fisc,911294,220583667,179040547,5742083178,4892303209,https://app.lincolninst.edu/research-data/data-toolkits/fiscally-standardized-cities/search-database,2026-09-14
Indianapolis,IN,2017,city_only,946050,220425077,141054393,3892093596,3263193751,https://app.lincolninst.edu/research-data/data-toolkits/fiscally-standardized-cities/search-database,2026-09-14
Indianapolis,IN,2017,fisc,946050,235935428,214869357,5749621799,5098803499,https://app.lincolninst.edu/research-data/data-toolkits/fiscally-standardized-cities/search-database,2026-09-14
Indianapolis,IN,2022,city_only,971682,240726163,156069769,4448982338,3695716820,https://app.lincolninst.edu/research-data/data-toolkits/fiscally-standardized-cities/search-database,2026-09-14
Indianapolis,IN,2022,fisc,971682,262172573,222462183,6988011533,6201297828,https://app.lincolninst.edu/research-data/data-toolkits/fiscally-standardized-cities/search-database,2026-09-14
Indianapolis,IN,2023,city_only,973375,241202325,221033995,5856408025,5091529950,https://app.lincolninst.edu/research-data/data-toolkits/fiscally-standardized-cities/search-database,2026-09-14
Indianapolis,IN,2023,fisc,973375,260650358,304549570,8698263941,7917052634,https://app.lincolninst.edu/research-data/data-toolkits/fiscally-standardized-cities/search-database,2026-09-14
South Bend,IN,2012,city_only,101232,23837081,19715745,167044158,141493859,https://app.lincolninst.edu/research-data/data-toolkits/fiscally-standardized-cities/search-database,2026-09-14
South Bend,IN,2012,fisc,101232,26775334,19715745,430542678,403854302,https://app.lincolninst.edu/research-data/data-toolkits/fiscally-standardized-cities/search-database,2026-09-14
South Bend,IN,2017,city_only,102060,31970080,23748288,215196021,191220308,https://app.lincolninst.edu/research-data/data-toolkits/fiscally-standardized-cities/search-database,2026-09-14
South Bend,IN,2017,fisc,102060,35099846,23748288,452121417,426894454,https://app.lincolninst.edu/research-data/data-toolkits/fiscally-standardized-cities/search-database,2026-09-14
South Bend,IN,2022,city_only,103156,53058961,32615314,276942351,250393550,https://app.lincolninst.edu/research-data/data-toolkits/fiscally-standardized-cities/search-database,2026-09-14
South Bend,IN,2022,fisc,103156,60208391,32615314,606445303,579600261,https://app.lincolninst.edu/research-data/data-toolkits/fiscally-standardized-cities/search-database,2026-09-14
South Bend,IN,2023,city_only,103333,26067816,11184764,415735526,384450427,https://app.lincolninst.edu/research-data/data-toolkits/fiscally-standardized-cities/search-database,2026-09-14
South Bend,IN,2023,fisc,103333,48015745,11184764,753577602,721447239,https://app.lincolninst.edu/research-data/data-toolkits/fiscally-standardized-cities/search-database,2026-09-14
Terre Haute,IN,2012,city_only,61011,9336913,10306002,67008783,64331833,https://app.lincolninst.edu/research-data/data-toolkits/fiscally-standardized-cities/search-database,2026-09-14
Terre Haute,IN,2012,fisc,61011,11134418,12591730,195922996,191665989,https://app.lincolninst.edu/research-data/data-toolkits/fiscally-standardized-cities/search-database,2026-09-14
Terre Haute,IN,2017,city_only,60742,12220006,13432820,91673988,89213177,https://app.lincolninst.edu/research-data/data-toolkits/fiscally-standardized-cities/search-database,2026-09-14
Terre Haute,IN,2017,fisc,60742,12324087,14495620,206499922,202413882,https://app.lincolninst.edu/research-data/data-toolkits/fiscally-standardized-cities/search-database,2026-09-14
Terre Haute,IN,2022,city_only,58372,26688764,16623012,100270679,97461867,https://app.lincolninst.edu/research-data/data-toolkits/fiscally-standardized-cities/search-database,2026-09-14
Terre Haute,IN,2022,fisc,58372,30034110,17503779,270803157,267247571,https://app.lincolninst.edu/research-data/data-toolkits/fiscally-standardized-cities/search-database,2026-09-14
Terre Haute,IN,2023,city_only,58376,16362209,16856070,98891279,96155780,https://app.lincolninst.edu/research-data/data-toolkits/fiscally-standardized-cities/search-database,2026-09-14
Terre Haute,IN,2023,fisc,58376,21659831,17730542,272368990,268895034,https://app.lincolninst.edu/research-data/data-toolkits/fiscally-standardized-cities/search-database,2026-09-14
Kansas City,KS,2012,city_only,158039,48433408,34313745,559568288,304890397,https://app.lincolninst.edu/research-data/data-toolkits/fiscally-standardized-cities/search-database,2026-09-14
Kansas City,KS,2012,fisc,158039,51890385,35552208,935938212,671649138,https://app.lincolninst.edu/research-data/data-toolkits/fiscally-standardized-cities/search-database,2026-09-14
Kansas City,KS,2017,city_only,164924,51537382,54326198,762893885,397142328,https://app.lincolninst.edu/research-data/data-toolkits/fiscally-standardized-cities/search-database,2026-09-14
Kansas City,KS,2017,fisc,164924,56328255,56438375,1224466896,845826017,https://app.lincolninst.edu/research-data/data-toolkits/fiscally-standardized-cities/search-database,2026-09-14
Kansas City,KS,2022,city_only,167279,63284422,68345376,746389542,495962276,https://app.lincolninst.edu/research-data/data-toolkits/fiscally-standardized-cities/search-database,2026-09-14
Kansas City,KS,2022,fisc,167279,69336681,70729648,1360747623,1101271692,https://app.lincolninst.edu/research-data/data-toolkits/fiscally-standardized-cities/search-database,2026-09-14
Kansas City,KS,2023,city_only,165719,63306315,68369031,871310729,496997910,https://app.lincolninst.edu/research-data/data-toolkits/fiscally-standardized-cities/search-database,2026-09-14
Kansas City,KS,2023,fisc,165719,68756813,72336344,1534965609,1150757708,https://app.lincolninst.edu/research-data/data-toolkits/fiscally-standardized-cities/search-database,2026-09-14
Topeka,KS,2012,city_only,128242,31315138,22409645,186149544,153570475,https://app.lincolninst.edu/research-data/data-toolkits/fiscally-standardized-cities/search-database,2026-09-14
Topeka,KS,2012,fisc,128242,43195893,23147905,502441429,469146326,https://app.lincolninst.edu/research-data/data-toolkits/fiscally-standardized-cities/search-database,2026-09-14
Topeka,KS,2017,city_only,126993,37329459,26214393,240871039,193793423,https://app.lincolninst.edu/research-data/data-toolkits/fiscally-standardized-cities/search-database,2026-09-14
Topeka,KS,2017,fisc,126993,50066834,26214393,600392343,553252409,https://app.lincolninst.edu/research-data/data-toolkits/fiscally-standardized-cities/search-database,2026-09-14
Topeka,KS,2022,city_only,126162,38711419,27650667,216108763,160654750,https://app.lincolninst.edu/research-data/data-toolkits/fiscally-standardized-cities/search-database,2026-09-14
Topeka,KS,2022,fisc,126162,53369823,27650667,572420550,516942302,https://app.lincolninst.edu/research-data/data-toolkits/fiscally-standardized-cities/search-database,2026-09-14
Topeka,KS,2023,city_only,125426,38330186,31020358,248482703,189882421,https://app.lincolninst.edu/research-data/data-toolkits/fiscally-standardized-cities/search-database,2026-09-14
Topeka,KS,2023,fisc,125426,53199438,31020358,634039718,575421877,https://app.lincolninst.edu/research-data/data-toolkits/fiscally-standardized-cities/search-database,2026-09-14
Wichita,KS,2012,city_only,383791,74671189,39320869,685412749,543563227,https://app.lincolninst.edu/research-data/data-toolkits/fiscally-standardized-cities/search-database,2026-09-14
Wichita,KS,2012,fisc,383791,94040990,53725315,1656551748,1513415340,https://app.lincolninst.edu/research-data/data-toolkits/fiscally-standardized-cities/search-database,2026-09-14
Wichita,KS,2017,city_only,390691,82873172,44161519,669374985,575705797,https://app.lincolninst.edu/research-data/data-toolkits/fiscally-standardized-cities/search-database,2026-09-14
Wichita,KS,2017,fisc,390691,104801499,57286457,1620750706,1527006087,https://app.lincolninst.edu/research-data/data-toolkits/fiscally-standardized-cities/search-database,2026-09-14
Wichita,KS,2022,city_only,396708,98940289,51902978,510765384,434469302,https://app.lincolninst.edu/research-data/data-toolkits/fiscally-standardized-cities/search-database,2026-09-14
Wichita,KS,2022,fisc,396708,125463313,69315737,1778711464,1700681726,https://app.lincolninst.edu/research-data/data-toolkits/fiscally-standardized-cities/search-database,2026-09-14
Wichita,KS,2023,city_only,396203,103662553,53416088,499421806,428243937,https://app.lincolninst.edu/research-data/data-toolkits/fiscally-standardized-cities/search-database,2026-09-14
Wichita,KS,2023,fisc,396203,131769194,68566891,1737159978,1664381448,https://app.lincolninst.edu/research-data/data-toolkits/fiscally-standardized-cities/search-database,2026-09-14
Covington,KY,2012,city_only,40456,10768989,9071959,54849078,54849078,https://app.lincolninst.edu/research-data/data-toolkits/fiscally-standardized-cities/search-database,2026-09-14
Covington,KY,2012,fisc,40456,12260558,9071959,241632367,240604151,https://app.lincolninst.edu/research-data/data-toolkits/fiscally-standardized-cities/search-database,2026-09-14
Covington,KY,2017,city_only,40681,9461131,9111943,65456892,65456892,https://app.lincolninst.edu/research-data/data-toolkits/fiscally-standardized-cities/search-database,2026-09-14
Covington,KY,2017,fisc,40681,10726652,9111943,200671548,199216870,https://app.lincolninst.edu/research-data/data-toolkits/fiscally-standardized-cities/search-database,2026-09-14
Covington,KY,2022,city_only,40748,12597003,13061167,62376045,62376045,https://app.lincolninst.edu/research-data/data-toolkits/fiscally-standardized-cities/search-database,2026-09-14
Covington,KY,2022,fisc,40748,13830990,13061167,293190776,291949744,https://app.lincolninst.edu/research-data/data-toolkits/fiscally-standardized-cities/search-database,2026-09-14
Covington,KY,2023,city_only,40953,11871865,12622943,64093083,64093083,https://app.lincolninst.edu/research-data/data-toolkits/fiscally-standardized-cities/search-database,2026-09-14
Covington,KY,2023,fisc,40953,13283106,12622943,269472378,268045576,https://app.lincolninst.edu/research-data/data-toolkits/fiscally-standardized-cities/search-database,2026-09-14
Lexington,KY,2012,city_only,301766,47606909,45030674,462485305,440477030,https://app.lincolninst.edu/research-data/data-toolkits/fiscally-standardized-cities/search-database,2026-09-14
Lexington,KY,2012,fisc,301766,47606909,45030674,892752896,870651394,https://app.lincolninst.edu/research-data/data-toolkits/fiscally-standardized-cities/search-database,2026-09-14
Lexington,KY,2017,city_only,318190,60094191,70350928,622878581,590992337,https://app.lincolninst.edu/research-data/data-toolkits/fiscally-standardized-cities/search-database,2026-09-14
Lexington,KY,2017,fisc,318190,60094191,70350928,1094591231,1062318472,https://app.lincolninst.edu/research-data/data-toolkits/fiscally-standardized-cities/search-database,2026-09-14
Lexington,KY,2022,city_only,320431,74047532,74038299,566620578,540242299,https://app.lincolninst.edu/research-data/data-toolkits/fiscally-standardized-cities/search-database,2026-09-14
Lexington,KY,2022,fisc,320431,74047532,74038299,1292744956,1266240495,https://app.lincolninst.edu/research-data/data-toolkits/fiscally-standardized-cities/search-database,2026-09-14
Lexington,KY,2023,city_only,321505,79051649,142581037,699443773,667781960,https://app.lincolninst.edu/research-data/data-toolkits/fiscally-standardized-cities/search-database,2026-09-14
Lexington,KY,2023,fisc,321505,79051649,142581037,1565079910,1532820098,https://app.lincolninst.edu/research-data/data-toolkits/fiscally-standardized-cities/search-database,2026-09-14
Louisville,KY,2012,city_only,746458,149012171,104684804,1398244085,978081847,https://app.lincolninst.edu/research-data/data-toolkits/fiscally-standardized-cities/search-database,2026-09-14
Louisville,KY,2012,fisc,746458,165773438,106276562,2881531918,2461105325,https://app.lincolninst.edu/research-data/data-toolkits/fiscally-standardized-cities/search-database,2026-09-14
Louisville,KY,2017,city_only,767770,184253979,61047410,1446911316,1130519712,https://app.lincolninst.edu/research-data/data-toolkits/fiscally-standardized-cities/search-database,2026-09-14
Louisville,KY,2017,fisc,767770,204302531,62986795,3031389301,2714046534,https://app.lincolninst.edu/research-data/data-toolkits/fiscally-standardized-cities/search-database,2026-09-14
Louisville,KY,2022,city_only,777624,207624820,77705264,2669703107,2161078687,https://app.lincolninst.edu/research-data/data-toolkits/fiscally-standardized-cities/search-database,2026-09-14
Louisville,KY,2022,fisc,777624,233728232,77951734,5081382017,4571502841,https://app.lincolninst.edu/research-data/data-toolkits/fiscally-standardized-cities/search-database,2026-09-14
Louisville,KY,2023,city_only,777329,153413651,103252611,2688454533,2141152731,https://app.lincolninst.edu/research-data/data-toolkits/fiscally-standardized-cities/search-database,2026-09-14
Louisville,KY,2023,fisc,777329,190492245,103376984,5282463592,4733747051,https://app.lincolninst.edu/research-data/data-toolkits/fiscally-standardized-cities/search-database,2026-09-14
Baton Rouge,LA,2012,city_only,441627,125796080,73691352,1221855531,1190242623,https://app.lincolninst.edu/research-data/data-toolkits/fiscally-standardized-cities/search-database,2026-09-14
Baton Rouge,LA,2012,fisc,441627,133090343,78756073,1953211838,1899303511,https://app.lincolninst.edu/research-data/data-toolkits/fiscally-standardized-cities/search-database,2026-09-14
Baton Rouge,LA,2017,city_only,447020,155469676,89639688,1163000058,1128402095,https://app.lincolninst.edu/research-data/data-toolkits/fiscally-standardized-cities/search-database,2026-09-14
Baton Rouge,LA,2017,fisc,447020,162899194,94713768,1893221704,1817434148,https://app.lincolninst.edu/research-data/data-toolkits/fiscally-standardized-cities/search-database,2026-09-14
Baton Rouge,LA,2022,city_only,453685,147461297,73798189,1181237276,1144007013,https://app.lincolninst.edu/research-data/data-toolkits/fiscally-standardized-cities/search-database,2026-09-14
Baton Rouge,LA,2022,fisc,453685,157448628,82225545,2051137352,1958427724,https://app.lincolninst.edu/research-data/data-toolkits/fiscally-standardized-cities/search-database,2026-09-14
Baton Rouge,LA,2023,city_only,451122,161835506,76731341,1285075152,1243260653,https://app.lincolninst.edu/research-data/data-toolkits/fiscally-standardized-cities/search-database,2026-09-14
Baton Rouge,LA,2023,fisc,451122,170686520,86096634,2217178917,2109590831,https://app.lincolninst.edu/research-data/data-toolkits/fiscally-standardized-cities/search-database,2026-09-14
New Orleans,LA,2012,city_only,360822,143571993,89337249,1760581915,1674289728,https://app.lincolninst.edu/research-data/data-toolkits/fiscally-standardized-cities/search-database,2026-09-14
New Orleans,LA,2012,fisc,360822,143743278,89337249,2156491738,1933092880,https://app.lincolninst.edu/research-data/data-toolkits/fiscally-standardized-cities/search-database,2026-09-14
New Orleans,LA,2017,city_only,392265,86069184,105340477,1528143767,1443677631,https://app.lincolninst.edu/research-data/data-toolkits/fiscally-standardized-cities/search-database,2026-09-14
New Orleans,LA,2017,fisc,392265,86252209,105340477,2087052276,1669227805,https://app.lincolninst.edu/research-data/data-toolkits/fiscally-standardized-cities/search-database,2026-09-14
New Orleans,LA,2022,city_only,377547,175148969,117129808,2081176323,1881126255,https://app.lincolninst.edu/research-data/data-toolkits/fiscally-standardized-cities/search-database,2026-09-14
New Orleans,LA,2022,fisc,377547,175377420,117129808,2801393555,2000297612,https://app.lincolninst.edu/research-data/data-toolkits/fiscally-standardized-cities/search-database,2026-09-14
New Orleans,LA,2023,city_only,370473,170365714,135693146,2253339042,2051016327,https://app.lincolninst.edu/research-data/data-toolkits/fiscally-standardized-cities/search-database,2026-09-14
New Orleans,LA,2023,fisc,370473,170532427,135693146,3045914159,2162095247,https://app.lincolninst.edu/research-data/data-toolkits/fiscally-standardized-cities/search-database,2026-09-14
Shreveport,LA,2012,city_only,202320,57302459,49907167,373363907,315247371,https://app.lincolninst.edu/research-data/data-toolkits/fiscally-standardized-cities/search-database,2026-09-14
Shreveport,LA,2012,fisc,202320,73712049,57829932,980645269,920825880,https://app.lincolninst.edu/research-data/data-toolkits/fiscally-standardized-cities/search-database,2026-09-14
Shreveport,LA,2017,city_only,194760,60774712,56909510,446630682,377508260,https://app.lincolninst.edu/research-data/data-toolkits/fiscally-standardized-cities/search-database,2026-09-14
Shreveport,LA,2017,fisc,194760,86226767,66333585,1026373495,952516317,https://app.lincolninst.edu/research-data/data-toolkits/fiscally-standardized-cities/search-database,2026-09-14
Shreveport,LA,2022,city_only,183238,62408962,58063689,445803192,368230653,https://app.lincolninst.edu/research-data/data-toolkits/fiscally-standardized-cities/search-database,2026-09-14
Shreveport,LA,2022,fisc,183238,94214460,71359978,1087402382,1002527883,https://app.lincolninst.edu/research-data/data-toolkits/fiscally-standardized-cities/search-database,2026-09-14
Shreveport,LA,2023,city_only,180211,65387759,60864463,458664027,371951900,https://app.lincolninst.edu/research-data/data-toolkits/fiscally-standardized-cities/search-database,2026-09-14
Shreveport,LA,2023,fisc,180211,96526418,76061657,1080981267,986381304,https://app.lincolninst.edu/research-data/data-toolkits/fiscally-standardized-cities/search-database,2026-09-14
Boston,MA,2012,city_only,630620,315767593,186330107,3212273458,2850675302,https://app.lincolninst.edu/research-data/data-toolkits/fiscally-standardized-cities/search-database,2026-09-14
Boston,MA,2012,fisc,630620,315767593,186330107,3662391839,3290472897,https://app.lincolninst.edu/research-data/data-toolkits/fiscally-standardized-cities/search-database,2026-09-14
Boston,MA,2017,city_only,680218,375504251,219944302,3796241711,3420015147,https://app.lincolninst.edu/research-data/data-toolkits/fiscally-standardized-cities/search-database,2026-09-14
Boston,MA,2017,fisc,680218,375504251,219944302,4196736897,3806129738,https://app.lincolninst.edu/research-data/data-toolkits/fiscally-standardized-cities/search-database,2026-09-14
Boston,MA,2022,city_only,658581,441748631,289514653,5605230132,5204388018,https://app.lincolninst.edu/research-data/data-toolkits/fiscally-standardized-cities/search-database,2026-09-14
Boston,MA,2022,fisc,658581,441748631,289514653,6181444625,5767534185,https://app.lincolninst.edu/research-data/data-toolkits/fiscally-standardized-cities/search-database,2026-09-14
Boston,MA,2023,city_only,660080,450392386,280619810,5873418243,5456260885,https://app.lincolninst.edu/research-data/data-toolkits/fiscally-standardized-cities/search-database,2026-09-14
Boston,MA,2023,fisc,660080,450392386,280619810,6564436193,6134163045,https://app.lincolninst.edu/research-data/data-toolkits/fiscally-standardized-cities/search-database,2026-09-14
Fall River,MA,2012,city_only,88835,16287227,11467059,280715023,269274069,https://app.lincolninst.edu/research-data/data-toolkits/fiscally-standardized-cities/search-database,2026-09-14
Fall River,MA,2012,fisc,88835,16287227,11467059,326571210,311946041,https://app.lincolninst.edu/research-data/data-toolkits/fiscally-standardized-cities/search-database,2026-09-14
Fall River,MA,2017,city_only,89395,20326640,14039153,295109150,280038742,https://app.lincolninst.edu/research-data/data-toolkits/fiscally-standardized-cities/search-database,2026-09-14
Fall River,MA,2017,fisc,89395,20326640,14039153,344298682,324722111,https://app.lincolninst.edu/research-data/data-toolkits/fiscally-standardized-cities/search-database,2026-09-14
Fall River,MA,2022,city_only,93852,23681931,15790959,441569033,427008504,https://app.lincolninst.edu/research-data/data-toolkits/fiscally-standardized-cities/search-database,2026-09-14
Fall River,MA,2022,fisc,93852,23681931,15790959,502696575,482413874,https://app.lincolninst.edu/research-data/data-toolkits/fiscally-standardized-cities/search-database,2026-09-14
Fall River,MA,2023,city_only,93826,23011765,16524635,469749252,456370602,https://app.lincolninst.edu/research-data/data-toolkits/fiscally-standardized-cities/search-database,2026-09-14
Fall River,MA,2023,fisc,93826,23011765,16524635,538002037,517476661,https://app.lincolninst.edu/research-data/data-toolkits/fiscally-standardized-cities/search-database,2026-09-14
Holyoke,MA,2012,city_only,40157,11737853,9170122,262222032,188897973,https://app.lincolninst.edu/research-data/data-toolkits/fiscally-standardized-cities/search-database,2026-09-14
Holyoke,MA,2012,fisc,40157,11737853,9170122,281871861,205523774,https://app.lincolninst.edu/research-data/data-toolkits/fiscally-standardized-cities/search-database,2026-09-14
Holyoke,MA,2017,city_only,40272,12774837,8696038,240689956,172458033,https://app.lincolninst.edu/research-data/data-toolkits/fiscally-standardized-cities/search-database,2026-09-14
Holyoke,MA,2017,fisc,40272,12774837,8696038,273494968,198577572,https://app.lincolninst.edu/research-data/data-toolkits/fiscally-standardized-cities/search-database,2026-09-14
Holyoke,MA,2022,city_only,37716,25376926,4974028,302744830,225003861,https://app.lincolninst.edu/research-data/data-toolkits/fiscally-standardized-cities/search-database,2026-09-14
Holyoke,MA,2022,fisc,37716,25376926,4974028,339616249,255943468,https://app.lincolninst.edu/research-data/data-toolkits/fiscally-standardized-cities/search-database,2026-09-14
Holyoke,MA,2023,city_only,37676,13240853,10088126,326364959,225271962,https://app.lincolninst.edu/research-data/data-toolkits/fiscally-standardized-cities/search-database,2026-09-14
Holyoke,MA,2023,fisc,37676,13240853,10088126,350183350,242040043,https://app.lincolninst.edu/research-data/data-toolkits/fiscally-standardized-cities/search-database,2026-09-14
Lawrence,MA,2012,city_only,77265,11430805,8801033,273010755,264287154,https://app.lincolninst.edu/research-data/data-toolkits/fiscally-standardized-cities/search-database,2026-09-14
Lawrence,MA,2012,fisc,77265,11430805,8801033,298007854,288019727,https://app.lincolninst.edu/research-data/data-toolkits/fiscally-standardized-cities/search-database,2026-09-14
Lawrence,MA,2017,city_only,79842,12854899,12316013,343441101,321985225,https://app.lincolninst.edu/research-data/data-toolkits/fiscally-standardized-cities/search-database,2026-09-14
Lawrence,MA,2017,fisc,79842,12854899,12316013,371739349,348594879,https://app.lincolninst.edu/research-data/data-toolkits/fiscally-standardized-cities/search-database,2026-09-14
Lawrence,MA,2022,city_only,88420,16268060,14418414,471473972,448767816,https://app.lincolninst.edu/research-data/data-toolkits/fiscally-standardized-cities/search-database,2026-09-14
Lawrence,MA,2022,fisc,88420,16268060,14418414,498380475,473920635,https://app.lincolninst.edu/research-data/data-toolkits/fiscally-standardized-cities/search-database,2026-09-14
Lawrence,MA,2023,city_only,88297,16473571,14340316,533722695,513099165,https://app.lincolninst.edu/research-data/data-toolkits/fiscally-standardized-cities/search-database,2026-09-14
Lawrence,MA,2023,fisc,88297,16473571,14340316,563461125,541082250,https://app.lincolninst.edu/research-data/data-toolkits/fiscally-standardized-cities/search-database,2026-09-14
Lynn,MA,2012,city_only,90701,16832324,16049791,309302921,306541160,https://app.lincolninst.edu/research-data/data-toolkits/fiscally-standardized-cities/search-database,2026-09-14
Lynn,MA,2012,fisc,90701,16832324,16049791,347673020,343426837,https://app.lincolninst.edu/research-data/data-toolkits/fiscally-standardized-cities/search-database,2026-09-14
Lynn,MA,2017,city_only,93357,20481008,18960196,381376623,379092777,https://app.lincolninst.edu/research-data/data-toolkits/fiscally-standardized-cities/search-database,2026-09-14
Lynn,MA,2017,fisc,93357,20481008,18960196,434660587,430402316,https://app.lincolninst.edu/research-data/data-toolkits/fiscally-standardized-cities/search-database,2026-09-14
Lynn,MA,2022,city_only,100921,22099263,22032380,498134382,495702387,https://app.lincolninst.edu/research-data/data-toolkits/fiscally-standardized-cities/search-database,2026-09-14
Lynn,MA,2022,fisc,100921,22099263,22032380,602026797,597592211,https://app.lincolninst.edu/research-data/data-toolkits/fiscally-standardized-cities/search-database,2026-09-14
Lynn,MA,2023,city_only,101210,23837991,21513198,565224451,562703310,https://app.lincolninst.edu/research-data/data-toolkits/fiscally-standardized-cities/search-database,2026-09-14
Lynn,MA,2023,fisc,101210,23837991,21513198,650723622,646190427,https://app.lincolninst.edu/research-data/data-toolkits/fiscally-standardized-cities/search-database,2026-09-14
New Bedford,MA,2012,city_only,94896,21095961,11730307,332369891,323885172,https://app.lincolninst.edu/research-data/data-toolkits/fiscally-standardized-cities/search-database,2026-09-14
New Bedford,MA,2012,fisc,94896,21095961,11730307,382191339,370304437,https://app.lincolninst.edu/research-data/data-toolkits/fiscally-standardized-cities/search-database,2026-09-14
New Bedford,MA,2017,city_only,95169,24472998,17000794,428729924,417418264,https://app.lincolninst.edu/research-data/data-toolkits/fiscally-standardized-cities/search-database,2026-09-14
New Bedford,MA,2017,fisc,95169,24472998,17000794,472276946,456167304,https://app.lincolninst.edu/research-data/data-toolkits/fiscally-standardized-cities/search-database,2026-09-14
New Bedford,MA,2022,city_only,100885,27675511,21648564,455411478,443172510,https://app.lincolninst.edu/research-data/data-toolkits/fiscally-standardized-cities/search-database,2026-09-14
New Bedford,MA,2022,fisc,100885,27675511,21648564,517000682,498610740,https://app.lincolninst.edu/research-data/data-toolkits/fiscally-standardized-cities/search-database,2026-09-14
New Bedford,MA,2023,city_only,100804,24690932,22080108,556028816,540799347,https://app.lincolninst.edu/research-data/data-toolkits/fiscally-standardized-cities/search-database,2026-09-14
New Bedford,MA,2023,fisc,100804,24690932,22080108,626230737,603322020,https://app.lincolninst.edu/research-data/data-toolkits/fiscally-standardized-cities/search-database,2026-09-14
Pittsfield,MA,2012,city_only,44418,8257835,6302904,182433115,178735113,https://app.lincolninst.edu/research-data/data-toolkits/fiscally-standardized-cities/search-database,2026-09-14
Pittsfield,MA,2012,fisc,44418,8257835,6302904,195509833,188049568,https://app.lincolninst.edu/research-data/data-toolkits/fiscally-standardized-cities/search-database,2026-09-14
Pittsfield,MA,2017,city_only,43082,9597052,6756164,217975880,212165870,https://app.lincolninst.edu/research-data/data-toolkits/fiscally-standardized-cities/search-database,2026-09-14
Pittsfield,MA,2017,fisc,43082,9597052,6756164,228189838,216858170,https://app.lincolninst.edu/research-data/data-toolkits/fiscally-standardized-cities/search-database,2026-09-14
Pittsfield,MA,2022,city_only,43697,10914125,8077837,228167955,220187906,https://app.lincolninst.edu/research-data/data-toolkits/fiscally-standardized-cities/search-database,2026-09-14
Pittsfield,MA,2022,fisc,43697,10914125,8077837,229627648,221347518,https://app.lincolninst.edu/research-data/data-toolkits/fiscally-standardized-cities/search-database,2026-09-14
Pittsfield,MA,2023,city_only,43455,12711891,8783994,268547120,263557182,https://app.lincolninst.edu/research-data/data-toolkits/fiscally-standardized-cities/search-database,2026-09-14
Pittsfield,MA,2023,fisc,43455,12711891,8783994,272750088,264763493,https://app.lincolninst.edu/research-data/data-toolkits/fiscally-standardized-cities/search-database,2026-09-14
Springfield,MA,2012,city_only,153777,38302481,18874308,700526612,697789727,https://app.lincolninst.edu/research-data/data-toolkits/fiscally-standardized-cities/search-database,2026-09-14
Springfield,MA,2012,fisc,153777,38302481,18874308,759510996,745193914,https://app.lincolninst.edu/research-data/data-toolkits/fiscally-standardized-cities/search-database,2026-09-14
Springfield,MA,2017,city_only,154059,44208495,20476374,724091788,720728219,https://app.lincolninst.edu/research-data/data-toolkits/fiscally-standardized-cities/search-database,2026-09-14
Springfield,MA,2017,fisc,154059,44208495,20476374,809868983,780930396,https://app.lincolninst.edu/research-data/data-toolkits/fiscally-standardized-cities/search-database,2026-09-14
Springfield,MA,2022,city_only,154978,49952762,24107838,992589163,988345434,https://app.lincolninst.edu/research-data/data-toolkits/fiscally-standardized-cities/search-database,2026-09-14
Springfield,MA,2022,fisc,154978,49952762,24107838,1061624567,1033008046,https://app.lincolninst.edu/research-data/data-toolkits/fiscally-standardized-cities/search-database,2026-09-14
Springfield,MA,2023,city_only,154440,59136620,28495724,1151268347,1147038235,https://app.lincolninst.edu/research-data/data-toolkits/fiscally-standardized-cities/search-database,2026-09-14
Springfield,MA,2023,fisc,154440,59136620,28495724,1232380235,1199249766,https://app.lincolninst.edu/research-data/data-toolkits/fiscally-standardized-cities/search-database,2026-09-14
Worcester,MA,2012,city_only,182401,41156341,32170528,741542569,712913863,https://app.lincolninst.edu/research-data/data-toolkits/fiscally-standardized-cities/search-database,2026-09-14
Worcester,MA,2012,fisc,182401,41156341,32170528,804511977,771386242,https://app.lincolninst.edu/research-data/data-toolkits/fiscally-standardized-cities/search-database,2026-09-14
Worcester,MA,2017,city_only,184981,47714260,39110098,818444493,787393915,https://app.lincolninst.edu/research-data/data-toolkits/fiscally-standardized-cities/search-database,2026-09-14
Worcester,MA,2017,fisc,184981,47714260,39110098,896309034,859477208,https://app.lincolninst.edu/research-data/data-toolkits/fiscally-standardized-cities/search-database,2026-09-14
Worcester,MA,2022,city_only,205656,58487119,45732937,1063598438,1033173679,https://app.lincolninst.edu/research-data/data-toolkits/fiscally-standardized-cities/search-database,2026-09-14
Worcester,MA,2022,fisc,205656,58487119,45732937,1175859732,1136094022,https://app.lincolninst.edu/research-data/data-toolkits/fiscally-standardized-cities/search-database,2026-09-14
Worcester,MA,2023,city_only,206602,59272048,46419337,1143455297,1108008592,https://app.lincolninst.edu/research-data/data-toolkits/fiscally-standardized-cities/search-database,2026-09-14
Worcester,MA,2023,fisc,206602,59272048,46419337,1260327983,1216470510,https://app.lincolninst.edu/research-data/data-toolkits/fiscally-standardized-cities/search-database,2026-09-14
Baltimore,MD,2012,city_only,620493,371542868,153863921,3735065509,3590781556,https://app.lincolninst.edu/research-data/data-toolkits/fiscally-standardized-cities/search-database,2026-09-14
Baltimore,MD,2012,fisc,620493,371542868,153863921,4098889232,3954605279,https://app.lincolninst.edu/research-data/data-toolkits/fiscally-standardized-cities/search-database,2026-09-14
Baltimore,MD,2017,city_only,616542,496765786,222512465,3914821707,3611087208,https://app.lincolninst.edu/research-data/data-toolkits/fiscally-standardized-cities/search-database,2026-09-14
Baltimore,MD,2017,fisc,616542,496765786,222512465,4296708111,3992968652,https://app.lincolninst.edu/research-data/data-toolkits/fiscally-standardized-cities/search-database,2026-09-14
Baltimore,MD,2022,city_only,576575,464260373,351422425,5036445603,4684613382,https://app.lincolninst.edu/research-data/data-toolkits/fiscally-standardized-cities/search-database,2026-09-14
Baltimore,MD,2022,fisc,576575,464260373,351422425,5444120869,5092216656,https://app.lincolninst.edu/research-data/data-toolkits/fiscally-standardized-cities/search-database,2026-09-14
Baltimore,MD,2023,city_only,570663,574840253,166114293,5322271350,4951032242,https://app.lincolninst.edu/research-data/data-toolkits/fiscally-standardized-cities/search-database,2026-09-14
Baltimore,MD,2023,fisc,570663,574840253,166114293,5773625836,5402318249,https://app.lincolninst.edu/research-data/data-toolkits/fiscally-standardized-cities/search-database,2026-09-14
Frederick,MD,2012,city_only,66012,25552073,328783,99254217,84552983,https://app.lincolninst.edu/research-data/data-toolkits/fiscally-standardized-cities/search-database,2026-09-14
Frederick,MD,2012,fisc,66012,32535606,12371399,410383071,355545918,https://app.lincolninst.edu/research-data/data-toolkits/fiscally-standardized-cities/search-database,2026-09-14
Frederick,MD,2017,city_only,69999,30129900,269731,109399816,92615120,https://app.lincolninst.edu/research-data/data-toolkits/fiscally-standardized-cities/search-database,2026-09-14
Frederick,MD,2017,fisc,69999,38278138,16685588,489875253,407797658,https://app.lincolninst.edu/research-data/data-toolkits/fiscally-standardized-cities/search-database,2026-09-14
Frederick,MD,2022,city_only,80123,43685895,267034,139338058,124861256,https://app.lincolninst.edu/research-data/data-toolkits/fiscally-standardized-cities/search-database,2026-09-14
Frederick,MD,2022,fisc,80123,53540001,27305223,607663193,541534871,https://app.lincolninst.edu/research-data/data-toolkits/fiscally-standardized-cities/search-database,2026-09-14
Frederick,MD,2023,city_only,82776,38639009,259917,143612221,129133043,https://app.lincolninst.edu/research-data/data-toolkits/fiscally-standardized-cities/search-database,2026-09-14
Frederick,MD,2023,fisc,82776,50848469,27465077,683944978,598782546,https://app.lincolninst.edu/research-data/data-toolkits/fiscally-standardized-cities/search-database,2026-09-14
Lewiston,ME,2012,city_only,36486,6606956,5712080,115129062,108659018,https://app.lincolninst.edu/research-data/data-toolkits/fiscally-standardized-cities/search-database,2026-09-14
Lewiston,ME,2012,fisc,36486,7049307,5712080,137409667,130486550,https://app.lincolninst.edu/research-data/data-toolkits/fiscally-standardized-cities/search-database,2026-09-14
Lewiston,ME,2017,city_only,36056,6489989,7175100,143443983,138251992,https://app.lincolninst.edu/research-data/data-toolkits/fiscally-standardized-cities/search-database,2026-09-14
Lewiston,ME,2017,fisc,36056,7011218,7175100,164246464,158466531,https://app.lincolninst.edu/research-data/data-toolkits/fiscally-standardized-cities/search-database,2026-09-14
Lewiston,ME,2022,city_only,38379,8304180,8903918,176285774,173360807,https://app.lincolninst.edu/research-data/data-toolkits/fiscally-standardized-cities/search-database,2026-09-14
Lewiston,ME,2022,fisc,38379,9007867,8903918,201942180,198160918,https://app.lincolninst.edu/research-data/data-toolkits/fiscally-standardized-cities/search-database,2026-09-14
Lewiston,ME,2023,city_only,38632,10130856,9970919,211750877,207626911,https://app.lincolninst.edu/research-data/data-toolkits/fiscally-standardized-cities/search-database,2026-09-14
Lewiston,ME,2023,fisc,38632,10827777,9970919,241846751,236421273,https://app.lincolninst.edu/research-data/data-toolkits/fiscally-standardized-cities/search-database,2026-09-14
Portland,ME,2012,city_only,66193,13663210,14000875,329412839,329412839,https://app.lincolninst.edu/research-data/data-toolkits/fiscally-standardized-cities/search-database,2026-09-14
Portland,ME,2012,fisc,66193,15154023,14000875,375640016,374766675,https://app.lincolninst.edu/research-data/data-toolkits/fiscally-standardized-cities/search-database,2026-09-14
Portland,ME,2017,city_only,66992,17220190,18654263,340330093,338230990,https://app.lincolninst.edu/research-data/data-toolkits/fiscally-standardized-cities/search-database,2026-09-14
Portland,ME,2017,fisc,66992,19144144,18654263,396286955,393163360,https://app.lincolninst.edu/research-data/data-toolkits/fiscally-standardized-cities/search-database,2026-09-14
Portland,ME,2022,city_only,68442,18634835,19900253,354378716,349202007,https://app.lincolninst.edu/research-data/data-toolkits/fiscally-standardized-cities/search-database,2026-09-14
Portland,ME,2022,fisc,68442,21546939,19900253,419400801,412724655,https://app.lincolninst.edu/research-data/data-toolkits/fiscally-standardized-cities/search-database,2026-09-14
Portland,ME,2023,city_only,68457,18226676,19905926,395628064,392489995,https://app.lincolninst.edu/research-data/data-toolkits/fiscally-standardized-cities/search-database,2026-09-14
Portland,ME,2023,fisc,68457,21472223,19905926,466114814,461294756,https://app.lincolninst.edu/research-data/data-toolkits/fiscally-standardized-cities/search-database,2026-09-14
Bay City,MI,2012,city_only,34740,6135035,5150006,94235889,52639005,https://app.lincolninst.edu/research-data/data-toolkits/fiscally-standardized-cities/search-database,2026-09-14
Bay City,MI,2012,fisc,34740,8934634,5150006,201335798,155745396,https://app.lincolninst.edu/research-data/data-toolkits/fiscally-standardized-cities/search-database,2026-09-14
Bay City,MI,2017,city_only,33332,6530865,3604096,89360981,45974007,https://app.lincolninst.edu/research-data/data-toolkits/fiscally-standardized-cities/search-database,2026-09-14
Bay City,MI,2017,fisc,33332,9302112,3604096,182700653,132746347,https://app.lincolninst.edu/research-data/data-toolkits/fiscally-standardized-cities/search-database,2026-09-14
Bay City,MI,2022,city_only,32456,2096057,2973883,101334891,94105925,https://app.lincolninst.edu/research-data/data-toolkits/fiscally-standardized-cities/search-database,2026-09-14
Bay City,MI,2022,fisc,32456,2257844,2973883,224398452,214180640,https://app.lincolninst.edu/research-data/data-toolkits/fiscally-standardized-cities/search-database,2026-09-14
Bay City,MI,2023,city_only,32256,2276951,3280113,140960978,127464100,https://app.lincolninst.edu/research-data/data-toolkits/fiscally-standardized-cities/search-database,2026-09-14
Bay City,MI,2023,fisc,32256,2276951,3280113,273986657,256048451,https://app.lincolninst.edu/research-data/data-toolkits/fiscally-standardized-cities/search-database,2026-09-14
Dearborn,MI,2012,city_only,97177,33243333,19019727,166992833,147483975,https://app.lincolninst.edu/research-data/data-toolkits/fiscally-standardized-cities/search-database,2026-09-14
Dearborn,MI,2012,fisc,97177,35012406,19019727,624284173,576363249,https://app.lincolninst.edu/research-data/data-toolkits/fiscally-standardized-cities/search-database,2026-09-14
Dearborn,MI,2017,city_only,95079,37376167,24114076,231061291,209397861,https://app.lincolninst.edu/research-data/data-toolkits/fiscally-standardized-cities/search-database,2026-09-14
Dearborn,MI,2017,fisc,95079,39227154,24114076,627767551,573519868,https://app.lincolninst.edu/research-data/data-toolkits/fiscally-standardized-cities/search-database,2026-09-14
Dearborn,MI,2022,city_only,108226,46795909,31965788,269126113,244129973,https://app.lincolninst.edu/research-data/data-toolkits/fiscally-standardized-cities/search-database,2026-09-14
Dearborn,MI,2022,fisc,108226,48494404,31965788,827301866,751706395,https://app.lincolninst.edu/research-data/data-toolkits/fiscally-standardized-cities/search-database,2026-09-14
Dearborn,MI,2023,city_only,106748,43271369,30540603,251754483,232973240,https://app.lincolninst.edu/research-data/data-toolkits/fiscally-standardized-cities/search-database,2026-09-14
Dearborn,MI,2023,fisc,106748,45224858,30540603,851381484,777161734,https://app.lincolninst.edu/research-data/data-toolkits/fiscally-standardized-cities/search-database,2026-09-14
Dearborn Heights,MI,2012,city_only,57280,11573967,6054148,57319104,50895932,https://app.lincolninst.edu/research-data/data-toolkits/fiscally-standardized-cities/search-database,2026-09-14
Dearborn Heights,MI,2012,fisc,57280,12616729,6054148,235821299,212735085,https://app.lincolninst.edu/research-data/data-toolkits/fiscally-standardized-cities/search-database,2026-09-14
Dearborn Heights,MI,2017,city_only,56115,13942156,7838033,69909857,59524000,https://app.lincolninst.edu/research-data/data-toolkits/fiscally-standardized-cities/search-database,2026-09-14
Dearborn Heights,MI,2017,fisc,56115,15034596,7838033,264880651,235245726,https://app.lincolninst.edu/research-data/data-toolkits/fiscally-standardized-cities/search-database,2026-09-14
Dearborn Heights,MI,2022,city_only,62277,10983180,8442251,87223031,87166805,https://app.lincolninst.edu/research-data/data-toolkits/fiscally-standardized-cities/search-database,2026-09-14
Dearborn Heights,MI,2022,fisc,62277,11960553,8442251,342495537,313483002,https://app.lincolninst.edu/research-data/data-toolkits/fiscally-standardized-cities/search-database,2026-09-14
Dearborn Heights,MI,2023,city_only,61404,14307132,10377276,94463300,93488204,https://app.lincolninst.edu/research-data/data-toolkits/fiscally-standardized-cities/search-database,2026-09-14
Dearborn Heights,MI,2023,fisc,61404,15430825,10377276,382274286,349654025,https://app.lincolninst.edu/research-data/data-toolkits/fiscally-standardized-cities/search-database,2026-09-14
Detroit,MI,2012,city_only,705202,371551324,153481522,2835252820,2238575072,https://app.lincolninst.edu/research-data/data-toolkits/fiscally-standardized-cities/search-database,2026-09-14
Detroit,MI,2012,fisc,705202,384389274,153481522,5079407299,4301760150,https://app.lincolninst.edu/research-data/data-toolkits/fiscally-standardized-cities/search-database,2026-09-14
Detroit,MI,2017,city_only,677379,271709479,103568055,2382446709,2094405890,https://app.lincolninst.edu/research-data/data-toolkits/fiscally-standardized-cities/search-database,2026-09-14
Detroit,MI,2017,fisc,677379,284896614,103568055,4606713186,4116745720,https://app.lincolninst.edu/research-data/data-toolkits/fiscally-standardized-cities/search-database,2026-09-14
Detroit,MI,2022,city_only,634939,332421133,137090939,2563740816,2213305153,https://app.lincolninst.edu/research-data/data-toolkits/fiscally-standardized-cities/search-database,2026-09-14
Detroit,MI,2022,fisc,634939,342385839,137090939,5006898930,4392459538,https://app.lincolninst.edu/research-data/data-toolkits/fiscally-standardized-cities/search-database,2026-09-14
Detroit,MI,2023,city_only,634702,368761862,147701502,2678556686,2307706655,https://app.lincolninst.edu/research-data/data-toolkits/fiscally-standardized-cities/search-database,2026-09-14
Detroit,MI,2023,fisc,634702,380376909,147701502,5175493395,4502747358,https://app.lincolninst.edu/research-data/data-toolkits/fiscally-standardized-cities/search-database,2026-09-14
Flint,MI,2012,city_only,101256,23290343,15195259,576469950,538168223,https://app.lincolninst.edu/research-data/data-toolkits/fiscally-standardized-cities/search-database,2026-09-14
Flint,MI,2012,fisc,101256,25103917,15195259,868798627,816214913,https://app.lincolninst.edu/research-data/data-toolkits/fiscally-standardized-cities/search-database,2026-09-14
Flint,MI,2017,city_only,97130,25739110,9285020,627965223,552044966,https://app.lincolninst.edu/research-data/data-toolkits/fiscally-standardized-cities/search-database,2026-09-14
Flint,MI,2017,fisc,97130,28813020,9285020,833362403,740167617,https://app.lincolninst.edu/research-data/data-toolkits/fiscally-standardized-cities/search-database,2026-09-14
Flint,MI,2022,city_only,80587,35913195,21759686,751351975,653624956,https://app.lincolninst.edu/research-data/data-toolkits/fiscally-standardized-cities/search-database,2026-09-14
Flint,MI,2022,fisc,80587,36453453,21759686,921959584,803931110,https://app.lincolninst.edu/research-data/data-toolkits/fiscally-standardized-cities/search-database,2026-09-14
Flint,MI,2023,city_only,79850,38481312,24130670,657199037,556429934,https://app.lincolninst.edu/research-data/data-toolkits/fiscally-standardized-cities/search-database,2026-09-14
Flint,MI,2023,fisc,79850,38980375,24130670,849324525,728945859,https://app.lincolninst.edu/research-data/data-toolkits/fiscally-standardized-cities/search-database,2026-09-14
Grand Rapids,MI,2012,city_only,189078,48022673,29152399,368954088,326480658,https://app.lincolninst.edu/research-data/data-toolkits/fiscally-standardized-cities/search-database,2026-09-14
Grand Rapids,MI,2012,fisc,189078,56116445,29408847,828729113,750122208,https://app.lincolninst.edu/research-data/data-toolkits/fiscally-standardized-cities/search-database,2026-09-14
Grand Rapids,MI,2017,city_only,196622,51814684,28775039,409493862,364689456,https://app.lincolninst.edu/research-data/data-toolkits/fiscally-standardized-cities/search-database,2026-09-14
Grand Rapids,MI,2017,fisc,196622,63274400,28988574,916294872,832948173,https://app.lincolninst.edu/research-data/data-toolkits/fiscally-standardized-cities/search-database,2026-09-14
Grand Rapids,MI,2022,city_only,197757,57076427,37913563,505725637,452915222,https://app.lincolninst.edu/research-data/data-toolkits/fiscally-standardized-cities/search-database,2026-09-14
Grand Rapids,MI,2022,fisc,197757,68567688,38139589,1005690449,920032122,https://app.lincolninst.edu/research-data/data-toolkits/fiscally-standardized-cities/search-database,2026-09-14
Grand Rapids,MI,2023,city_only,197694,59699634,40889050,572007820,501713764,https://app.lincolninst.edu/research-data/data-toolkits/fiscally-standardized-cities/search-database,2026-09-14
Grand Rapids,MI,2023,fisc,197694,71130301,40999759,1117413935,1016149137,https://app.lincolninst.edu/research-data/data-toolkits/fiscally-standardized-cities/search-database,2026-09-14
Hamtramck,MI,2012,city_only,22279,6255956,5582953,34333055,33217036,https://app.lincolninst.edu/research-data/data-toolkits/fiscally-standardized-cities/search-database,2026-09-14
Hamtramck,MI,2012,fisc,22279,6661705,5582953,101707887,94138660,https://app.lincolninst.edu/research-data/data-toolkits/fiscally-standardized-cities/search-database,2026-09-14
Hamtramck,MI,2017,city_only,21932,4498001,3412052,25180974,25059941,https://app.lincolninst.edu/research-data/data-toolkits/fiscally-standardized-cities/search-database,2026-09-14
Hamtramck,MI,2017,fisc,21932,4924971,3412052,99806088,92296892,https://app.lincolninst.edu/research-data/data-toolkits/fiscally-standardized-cities/search-database,2026-09-14
Hamtramck,MI,2022,city_only,27982,5314125,4379927,33104905,32964076,https://app.lincolninst.edu/research-data/data-toolkits/fiscally-standardized-cities/search-database,2026-09-14
Hamtramck,MI,2022,fisc,27982,5753273,4379927,145111919,132016752,https://app.lincolninst.edu/research-data/data-toolkits/fiscally-standardized-cities/search-database,2026-09-14
Hamtramck,MI,2023,city_only,27588,5613882,5056053,37108895,37316081,https://app.lincolninst.edu/research-data/data-toolkits/fiscally-standardized-cities/search-database,2026-09-14
Hamtramck,MI,2023,fisc,27588,6118743,5056053,150067409,136069534,https://app.lincolninst.edu/research-data/data-toolkits/fiscally-standardized-cities/search-database,2026-09-14
Jackson,MI,2012,city_only,33233,7587978,3365034,61300055,49820928,https://app.lincolninst.edu/research-data/data-toolkits/fiscally-standardized-cities/search-database,2026-09-14
Jackson,MI,2012,fisc,33233,8634199,3365034,148359219,135604244,https://app.lincolninst.edu/research-data/data-toolkits/fiscally-standardized-cities/search-database,2026-09-14
Jackson,MI,2017,city_only,32732,8832908,3641912,68613882,57370060,https://app.lincolninst.edu/research-data/data-toolkits/fiscally-standardized-cities/search-database,2026-09-14
Jackson,MI,2017,fisc,32732,12736556,3641912,157142554,144819403,https://app.lincolninst.edu/research-data/data-toolkits/fiscally-standardized-cities/search-database,2026-09-14
Jackson,MI,2022,city_only,31196,10115970,6473118,81334949,77461085,https://app.lincolninst.edu/research-data/data-toolkits/fiscally-standardized-cities/search-database,2026-09-14
Jackson,MI,2022,fisc,31196,11458294,6473118,198421559,193230241,https://app.lincolninst.edu/research-data/data-toolkits/fiscally-standardized-cities/search-database,2026-09-14
Jackson,MI,2023,city_only,30987,10547975,6692882,114666154,110617083,https://app.lincolninst.edu/research-data/data-toolkits/fiscally-standardized-cities/search-database,2026-09-14
Jackson,MI,2023,fisc,30987,11839513,6692882,234125067,228705131,https://app.lincolninst.edu/research-data/data-toolkits/fiscally-standardized-cities/search-database,2026-09-14
Lincoln Park,MI,2012,city_only,37769,8107989,5319000,41551950,37016998,https://app.lincolninst.edu/research-data/data-toolkits/fiscally-standardized-cities/search-database,2026-09-14
Lincoln Park,MI,2012,fisc,37769,8795560,5319000,149056374,133545326,https://app.lincolninst.edu/research-data/data-toolkits/fiscally-standardized-cities/search-database,2026-09-14
Lincoln Park,MI,2017,city_only,36899,9700928,4191931,37231071,34778901,https://app.lincolninst.edu/research-data/data-toolkits/fiscally-standardized-cities/search-database,2026-09-14
Lincoln Park,MI,2017,fisc,36899,10419274,4191931,163807097,148793975,https://app.lincolninst.edu/research-data/data-toolkits/fiscally-standardized-cities/search-database,2026-09-14
Lincoln Park,MI,2022,city_only,39617,8723871,4252160,61309102,59822083,https://app.lincolninst.edu/research-data/data-toolkits/fiscally-standardized-cities/search-database,2026-09-14
Lincoln Park,MI,2022,fisc,39617,9345999,4252160,244044662,224057039,https://app.lincolninst.edu/research-data/data-toolkits/fiscally-standardized-cities/search-database,2026-09-14
Lincoln Park,MI,2023,city_only,39043,9448016,4860854,69136954,67513936,https://app.lincolninst.edu/research-data/data-toolkits/fiscally-standardized-cities/search-database,2026-09-14
Lincoln Park,MI,2023,fisc,39043,10162502,4860854,255343563,233440440,https://app.lincolninst.edu/research-data/data-toolkits/fiscally-standardized-cities/search-database,2026-09-14
Pontiac,MI,2012,city_only,59916,11507948,10048799,96970146,85351137,https://app.lincolninst.edu/research-data/data-toolkits/fiscally-standardized-cities/search-database,2026-09-14
Pontiac,MI,2012,fisc,59916,14121954,10071824,237916092,221911964,https://app.lincolninst.edu/research-data/data-toolkits/fiscally-standardized-cities/search-database,2026-09-14
Pontiac,MI,2017,city_only,60247,12263882,6705781,47698961,47686844,https://app.lincolninst.edu/research-data/data-toolkits/fiscally-standardized-cities/search-database,2026-09-14
Pontiac,MI,2017,fisc,60247,14835982,6729529,183536093,175179554,https://app.lincolninst.edu/research-data/data-toolkits/fiscally-standardized-cities/search-database,2026-09-14
Pontiac,MI,2022,city_only,62093,14517082,8590258,81959909,81959909,https://app.lincolninst.edu/research-data/data-toolkits/fiscally-standardized-cities/search-database,2026-09-14
Pontiac,MI,2022,fisc,62093,17751848,8612324,250115219,242294291,https://app.lincolninst.edu/research-data/data-toolkits/fiscally-standardized-cities/search-database,2026-09-14
Pontiac,MI,2023,city_only,62060,15858192,8762872,73968693,73968693,https://app.lincolninst.edu/research-data/data-toolkits/fiscally-standardized-cities/search-database,2026-09-14
Pontiac,MI,2023,fisc,62060,20849678,8762872,287949712,279827299,https://app.lincolninst.edu/research-data/data-toolkits/fiscally-standardized-cities/search-database,2026-09-14
Roseville,MI,2012,city_only,47341,11707064,5767028,59499167,56756021,https://app.lincolninst.edu/research-data/data-toolkits/fiscally-standardized-cities/search-database,2026-09-14
Roseville,MI,2012,fisc,47341,13540228,5767028,186669153,181925186,https://app.lincolninst.edu/research-data/data-toolkits/fiscally-standardized-cities/search-database,2026-09-14
Roseville,MI,2017,city_only,47618,10733915,6422881,54749823,52230009,https://app.lincolninst.edu/research-data/data-toolkits/fiscally-standardized-cities/search-database,2026-09-14
Roseville,MI,2017,fisc,47618,13031167,6422881,166985715,161635804,https://app.lincolninst.edu/research-data/data-toolkits/fiscally-standardized-cities/search-database,2026-09-14
Roseville,MI,2022,city_only,47222,13581090,8020118,82561000,80184853,https://app.lincolninst.edu/research-data/data-toolkits/fiscally-standardized-cities/search-database,2026-09-14
Roseville,MI,2022,fisc,47222,15641566,8020118,213104375,207937538,https://app.lincolninst.edu/research-data/data-toolkits/fiscally-standardized-cities/search-database,2026-09-14
Roseville,MI,2023,city_only,46864,13071776,7987032,83940922,83035041,https://app.lincolninst.edu/research-data/data-toolkits/fiscally-standardized-cities/search-database,2026-09-14
Roseville,MI,2023,fisc,46864,14785592,7987032,233236504,229870732,https://app.lincolninst.edu/research-data/data-toolkits/fiscally-standardized-cities/search-database,2026-09-14
Saginaw,MI,2012,city_only,51043,18022090,9319118,107032171,92605037,https://app.lincolninst.edu/research-data/data-toolkits/fiscally-standardized-cities/search-database,2026-09-14
Saginaw,MI,2012,fisc,51043,19793223,9319118,270026360,255379998,https://app.lincolninst.edu/research-data/data-toolkits/fiscally-standardized-cities/search-database,2026-09-14
Saginaw,MI,2017,city_only,48963,13470927,9699068,120101982,92290032,https://app.lincolninst.edu/research-data/data-toolkits/fiscally-standardized-cities/search-database,2026-09-14
Saginaw,MI,2017,fisc,48963,15321013,9699068,265843630,236832294,https://app.lincolninst.edu/research-data/data-toolkits/fiscally-standardized-cities/search-database,2026-09-14
Saginaw,MI,2022,city_only,43892,17776183,11195113,111989911,105902073,https://app.lincolninst.edu/research-data/data-toolkits/fiscally-standardized-cities/search-database,2026-09-14
Saginaw,MI,2022,fisc,43892,20017651,11195113,271050642,262827993,https://app.lincolninst.edu/research-data/data-toolkits/fiscally-standardized-cities/search-database,2026-09-14
Saginaw,MI,2023,city_only,43476,17796901,10582928,131978789,125177838,https://app.lincolninst.edu/research-data/data-toolkits/fiscally-standardized-cities/search-database,2026-09-14
Saginaw,MI,2023,fisc,43476,19878097,10582928,334352613,326755182,https://app.lincolninst.edu/research-data/data-toolkits/fiscally-standardized-cities/search-database,2026-09-14
Taylor,MI,2012,city_only,62634,13373156,8732950,96877039,90409917,https://app.lincolninst.edu/research-data/data-toolkits/fiscally-standardized-cities/search-database,2026-09-14
Taylor,MI,2012,fisc,62634,14513386,8732950,273619230,248890501,https://app.lincolninst.edu/research-data/data-toolkits/fiscally-standardized-cities/search-database,2026-09-14
Taylor,MI,2017,city_only,61594,10802844,5296872,106330866,92063996,https://app.lincolninst.edu/research-data/data-toolkits/fiscally-standardized-cities/search-database,2026-09-14
Taylor,MI,2017,fisc,61594,12002444,5296872,292849635,257688612,https://app.lincolninst.edu/research-data/data-toolkits/fiscally-standardized-cities/search-database,2026-09-14
Taylor,MI,2022,city_only,62426,10872154,7203934,126572190,126355143,https://app.lincolninst.edu/research-data/data-toolkits/fiscally-standardized-cities/search-database,2026-09-14
Taylor,MI,2022,fisc,62426,11851865,7203934,341455677,312223234,https://app.lincolninst.edu/research-data/data-toolkits/fiscally-standardized-cities/search-database,2026-09-14
Taylor,MI,2023,city_only,61737,11550993,7407823,138310018,136149841,https://app.lincolninst.edu/research-data/data-toolkits/fiscally-standardized-cities/search-database,2026-09-14
Taylor,MI,2023,fisc,61737,12680780,7407823,366459719,332508074,https://app.lincolninst.edu/research-data/data-toolkits/fiscally-standardized-cities/search-database,2026-09-14
Warren,MI,2012,city_only,134177,34857222,19748415,155569954,136729442,https://app.lincolninst.edu/research-data/data-toolkits/fiscally-standardized-cities/search-database,2026-09-14
Warren,MI,2012,fisc,134177,40052896,19748415,537569801,512811740,https://app.lincolninst.edu/research-data/data-toolkits/fiscally-standardized-cities/search-database,2026-09-14
Warren,MI,2017,city_only,135206,42727155,25260175,190929463,169017153,https://app.lincolninst.edu/research-data/data-toolkits/fiscally-standardized-cities/search-database,2026-09-14
Warren,MI,2017,fisc,135206,49249945,25260175,552943750,522233233,https://app.lincolninst.edu/research-data/data-toolkits/fiscally-standardized-cities/search-database,2026-09-14
Warren,MI,2022,city_only,138340,48852456,28563148,280448204,234077767,https://app.lincolninst.edu/research-data/data-toolkits/fiscally-standardized-cities/search-database,2026-09-14
Warren,MI,2022,fisc,138340,54888758,28563148,728152327,672229837,https://app.lincolninst.edu/research-data/data-toolkits/fiscally-standardized-cities/search-database,2026-09-14
Warren,MI,2023,city_only,137274,52180593,29722566,287708458,248522222,https://app.lincolninst.edu/research-data/data-toolkits/fiscally-standardized-cities/search-database,2026-09-14
Warren,MI,2023,fisc,137274,57199330,29722566,781143970,733341045,https://app.lincolninst.edu/research-data/data-toolkits/fiscally-standardized-cities/search-database,2026-09-14
Duluth,MN,2012,city_only,86253,29584976,13856929,289019763,223073101,https://app.lincolninst.edu/research-data/data-toolkits/fiscally-standardized-cities/search-database,2026-09-14
Duluth,MN,2012,fisc,86253,39143990,14042156,612124543,545308289,https://app.lincolninst.edu/research-data/data-toolkits/fiscally-standardized-cities/search-database,2026-09-14
Duluth,MN,2017,city_only,86116,22907728,17082942,289293280,221111148,https://app.lincolninst.edu/research-data/data-toolkits/fiscally-standardized-cities/search-database,2026-09-14
Duluth,MN,2017,fisc,86116,30847531,17328182,596193234,527537250,https://app.lincolninst.edu/research-data/data-toolkits/fiscally-standardized-cities/search-database,2026-09-14
Duluth,MN,2022,city_only,86577,29430684,19660924,298481164,227456035,https://app.lincolninst.edu/research-data/data-toolkits/fiscally-standardized-cities/search-database,2026-09-14
Duluth,MN,2022,fisc,86577,41474704,19929511,654404258,583213652,https://app.lincolninst.edu/research-data/data-toolkits/fiscally-standardized-cities/search-database,2026-09-14
Duluth,MN,2023,city_only,86634,32409779,21033003,440021017,332730006,https://app.lincolninst.edu/research-data/data-toolkits/fiscally-standardized-cities/search-database,2026-09-14
Duluth,MN,2023,fisc,86634,45286191,21309365,835111042,727206662,https://app.lincolninst.edu/research-data/data-toolkits/fiscally-standardized-cities/search-database,2026-09-14
Minneapolis,MN,2012,city_only,388096,146078388,52617229,955985419,883851301,https://app.lincolninst.edu/research-data/data-toolkits/fiscally-standardized-cities/search-database,2026-09-14
Minneapolis,MN,2012,fisc,388096,175204581,52617229,2432124881,2343617515,https://app.lincolninst.edu/research-data/data-toolkits/fiscally-standardized-cities/search-database,2026-09-14
Minneapolis,MN,2017,city_only,415315,160135792,62357071,1269352623,1199595160,https://app.lincolninst.edu/research-data/data-toolkits/fiscally-standardized-cities/search-database,2026-09-14
Minneapolis,MN,2017,fisc,415315,198430732,62357071,3179021224,3088429069,https://app.lincolninst.edu/research-data/data-toolkits/fiscally-standardized-cities/search-database,2026-09-14
Minneapolis,MN,2022,city_only,427853,169458003,73450841,1351234125,1222647895,https://app.lincolninst.edu/research-data/data-toolkits/fiscally-standardized-cities/search-database,2026-09-14
Minneapolis,MN,2022,fisc,427853,218100590,73450841,3407894667,3266351600,https://app.lincolninst.edu/research-data/data-toolkits/fiscally-standardized-cities/search-database,2026-09-14
Minneapolis,MN,2023,city_only,422613,180050043,77008541,1240297311,1150855495,https://app.lincolninst.edu/research-data/data-toolkits/fiscally-standardized-cities/search-database,2026-09-14
Minneapolis,MN,2023,fisc,422613,237212677,77008541,3399604625,3294593747,https://app.lincolninst.edu/research-data/data-toolkits/fiscally-standardized-cities/search-database,2026-09-14
St. Paul,MN,2012,city_only,288894,88524989,55554780,575986023,517115937,https://app.lincolninst.edu/research-data/data-toolkits/fiscally-standardized-cities/search-database,2026-09-14
St. Paul,MN,2012,fisc,288894,120644059,55554780,1607862571,1501838076,https://app.lincolninst.edu/research-data/data-toolkits/fiscally-standardized-cities/search-database,2026-09-14
St. Paul,MN,2017,city_only,303023,102829192,63450704,746587273,657299464,https://app.lincolninst.edu/research-data/data-toolkits/fiscally-standardized-cities/search-database,2026-09-14
St. Paul,MN,2017,fisc,303023,142253996,63450704,1897153859,1790234219,https://app.lincolninst.edu/research-data/data-toolkits/fiscally-standardized-cities/search-database,2026-09-14
St. Paul,MN,2022,city_only,307666,143992056,75036740,849561402,770798386,https://app.lincolninst.edu/research-data/data-toolkits/fiscally-standardized-cities/search-database,2026-09-14
St. Paul,MN,2022,fisc,307666,192344994,75036740,2177743909,2090789586,https://app.lincolninst.edu/research-data/data-toolkits/fiscally-standardized-cities/search-database,2026-09-14
St. Paul,MN,2023,city_only,305034,152123506,66622476,940615044,816505860,https://app.lincolninst.edu/research-data/data-toolkits/fiscally-standardized-cities/search-database,2026-09-14
St. Paul,MN,2023,fisc,305034,195596952,66622476,2252197187,2109544986,https://app.lincolninst.edu/research-data/data-toolkits/fiscally-standardized-cities/search-database,2026-09-14
Kansas City,MO,2012,city_only,462416,198013925,123881526,1723177596,1637048682,https://app.lincolninst.edu/research-data/data-toolkits/fiscally-standardized-cities/search-database,2026-09-14
Kansas City,MO,2012,fisc,462416,219655039,123881526,2715616561,2601808206,https://app.lincolninst.edu/research-data/data-toolkits/fiscally-standardized-cities/search-database,2026-09-14
Kansas City,MO,2017,city_only,482013,224427273,154793475,1706435205,1606955581,https://app.lincolninst.edu/research-data/data-toolkits/fiscally-standardized-cities/search-database,2026-09-14
Kansas City,MO,2017,fisc,482013,249379578,154793475,2857300652,2730565433,https://app.lincolninst.edu/research-data/data-toolkits/fiscally-standardized-cities/search-database,2026-09-14
Kansas City,MO,2022,city_only,508995,232814865,218833165,2388553506,2264219036,https://app.lincolninst.edu/research-data/data-toolkits/fiscally-standardized-cities/search-database,2026-09-14
Kansas City,MO,2022,fisc,508995,252731455,218833165,3772316519,3620732399,https://app.lincolninst.edu/research-data/data-toolkits/fiscally-standardized-cities/search-database,2026-09-14
Kansas City,MO,2023,city_only,508913,236827754,263072397,1670333892,1517680349,https://app.lincolninst.edu/research-data/data-toolkits/fiscally-standardized-cities/search-database,2026-09-14
Kansas City,MO,2023,fisc,508913,261510034,263072397,3115992873,2929873211,https://app.lincolninst.edu/research-data/data-toolkits/fiscally-standardized-cities/search-database,2026-09-14
St. Joseph,MO,2012,city_only,77216,13106776,10418744,103332737,98365113,https://app.lincolninst.edu/research-data/data-toolkits/fiscally-standardized-cities/search-database,2026-09-14
St. Joseph,MO,2012,fisc,77216,25926713,10418744,243564245,238354583,https://app.lincolninst.edu/research-data/data-toolkits/fiscally-standardized-cities/search-database,2026-09-14
St. Joseph,MO,2017,city_only,76478,17959278,11840166,120508223,115644187,https://app.lincolninst.edu/research-data/data-toolkits/fiscally-standardized-cities/search-database,2026-09-14
St. Joseph,MO,2017,fisc,76478,20166735,11840166,270208038,264739844,https://app.lincolninst.edu/research-data/data-toolkits/fiscally-standardized-cities/search-database,2026-09-14
St. Joseph,MO,2022,city_only,71400,19314720,14334656,152983003,145342836,https://app.lincolninst.edu/research-data/data-toolkits/fiscally-standardized-cities/search-database,2026-09-14
St. Joseph,MO,2022,fisc,71400,31371247,14334656,323577272,315725202,https://app.lincolninst.edu/research-data/data-toolkits/fiscally-standardized-cities/search-database,2026-09-14
St. Joseph,MO,2023,city_only,70702,20056743,14824088,162683181,153129220,https://app.lincolninst.edu/research-data/data-toolkits/fiscally-standardized-cities/search-database,2026-09-14
St. Joseph,MO,2023,fisc,70702,33238424,14824088,342800768,333032580,https://app.lincolninst.edu/research-data/data-toolkits/fiscally-standardized-cities/search-database,2026-09-14
St. Louis,MO,2012,city_only,319417,140815701,69886774,1115625127,1074473353,https://app.lincolninst.edu/research-data/data-toolkits/fiscally-standardized-cities/search-database,2026-09-14
St. Louis,MO,2012,fisc,319417,140815701,69886774,1796473024,1698036574,https://app.lincolninst.edu/research-data/data-toolkits/fiscally-standardized-cities/search-database,2026-09-14
St. Louis,MO,2017,city_only,312926,190423043,73099047,1045667798,991109094,https://app.lincolninst.edu/research-data/data-toolkits/fiscally-standardized-cities/search-database,2026-09-14
St. Louis,MO,2017,fisc,312926,190423043,73099047,1717037158,1604934163,https://app.lincolninst.edu/research-data/data-toolkits/fiscally-standardized-cities/search-database,2026-09-14
St. Louis,MO,2022,city_only,293484,224630486,81271755,1189134991,1091032157,https://app.lincolninst.edu/research-data/data-toolkits/fiscally-standardized-cities/search-database,2026-09-14
St. Louis,MO,2022,fisc,293484,224630486,81271755,1854011913,1702582947,https://app.lincolninst.edu/research-data/data-toolkits/fiscally-standardized-cities/search-database,2026-09-14
St. Louis,MO,2023,city_only,286292,294457048,85292113,1228218446,1166324979,https://app.lincolninst.edu/research-data/data-toolkits/fiscally-standardized-cities/search-database,2026-09-14
St. Louis,MO,2023,fisc,286292,294457048,85292113,1952834950,1826073441,https://app.lincolninst.edu/research-data/data-toolkits/fiscally-standardized-cities/search-database,2026-09-14
University City,MO,2012,city_only,35238,7337101,4099887,40510050,40510050,https://app.lincolninst.edu/research-data/data-toolkits/fiscally-standardized-cities/search-database,2026-09-14
University City,MO,2012,fisc,35238,10691941,4105729,139803734,133799010,https://app.lincolninst.edu/research-data/data-toolkits/fiscally-standardized-cities/search-database,2026-09-14
University City,MO,2017,city_only,34657,8929996,4892121,35617943,35617943,https://app.lincolninst.edu/research-data/data-toolkits/fiscally-standardized-cities/search-database,2026-09-14
University City,MO,2017,fisc,34657,12879212,4941748,125179141,119095146,https://app.lincolninst.edu/research-data/data-toolkits/fiscally-standardized-cities/search-database,2026-09-14
University City,MO,2022,city_only,34907,11557046,5631843,37102842,37102842,https://app.lincolninst.edu/research-data/data-toolkits/fiscally-standardized-cities/search-database,2026-09-14
University City,MO,2022,fisc,34907,20030962,5639889,138623200,132085461,https://app.lincolninst.edu/research-data/data-toolkits/fiscally-standardized-cities/search-database,2026-09-14
University City,MO,2023,city_only,34571,8514146,5619170,50828013,50828013,https://app.lincolninst.edu/research-data/data-toolkits/fiscally-standardized-cities/search-database,2026-09-14
University City,MO,2023,fisc,34571,14561997,5764714,147615750,139724919,https://app.lincolninst.edu/research-data/data-toolkits/fiscally-standardized-cities/search-database,2026-09-14
Gulfport,MS,2012,city_only,68885,23670794,11763249,517890229,508009059,https://app.lincolninst.edu/research-data/data-toolkits/fiscally-standardized-cities/search-database,2026-09-14
Gulfport,MS,2012,fisc,68885,28748668,12090770,713788316,702182340,https://app.lincolninst.edu/research-data/data-toolkits/fiscally-standardized-cities/search-database,2026-09-14
Gulfport,MS,2017,city_only,71593,18511146,12293921,582483993,576004717,https://app.lincolninst.edu/research-data/data-toolkits/fiscally-standardized-cities/search-database,2026-09-14
Gulfport,MS,2017,fisc,71593,23702054,12657337,770406021,760977955,https://app.lincolninst.edu/research-data/data-toolkits/fiscally-standardized-cities/search-database,2026-09-14
Gulfport,MS,2022,city_only,72200,16839143,12683273,852005283,846776640,https://app.lincolninst.edu/research-data/data-toolkits/fiscally-standardized-cities/search-database,2026-09-14
Gulfport,MS,2022,fisc,72200,23936644,14055618,1064424102,1056414709,https://app.lincolninst.edu/research-data/data-toolkits/fiscally-standardized-cities/search-database,2026-09-14
Gulfport,MS,2023,city_only,72229,19498941,14565700,884530780,880081473,https://app.lincolninst.edu/research-data/data-toolkits/fiscally-standardized-cities/search-database,2026-09-14
Gulfport,MS,2023,fisc,72229,26760845,15735088,1106158243,1096775696,https://app.lincolninst.edu/research-data/data-toolkits/fiscally-standardized-cities/search-database,2026-09-14
Jackson,MS,2012,city_only,175166,32615599,21181463,242904445,210698010,https://app.lincolninst.edu/research-data/data-toolkits/fiscally-standardized-cities/search-database,2026-09-14
Jackson,MS,2012,fisc,175166,40096689,21416402,615027958,582820202,https://app.lincolninst.edu/research-data/data-toolkits/fiscally-standardized-cities/search-database,2026-09-14
Jackson,MS,2017,city_only,169074,35665310,22069458,238380340,201258331,https://app.lincolninst.edu/research-data/data-toolkits/fiscally-standardized-cities/search-database,2026-09-14
Jackson,MS,2017,fisc,169074,43336440,22307481,614529537,577408888,https://app.lincolninst.edu/research-data/data-toolkits/fiscally-standardized-cities/search-database,2026-09-14
Jackson,MS,2022,city_only,149414,31360487,26317667,308613712,256826502,https://app.lincolninst.edu/research-data/data-toolkits/fiscally-standardized-cities/search-database,2026-09-14
Jackson,MS,2022,fisc,149414,39339451,26564498,703928343,652141133,https://app.lincolninst.edu/research-data/data-toolkits/fiscally-standardized-cities/search-database,2026-09-14
Jackson,MS,2023,city_only,145782,31618658,27039645,284735571,231869187,https://app.lincolninst.edu/research-data/data-toolkits/fiscally-standardized-cities/search-database,2026-09-14
Jackson,MS,2023,fisc,145782,39747462,27286017,704301998,651435614,https://app.lincolninst.edu/research-data/data-toolkits/fiscally-standardized-cities/search-database,2026-09-14
Billings,MT,2012,city_only,105489,19517866,14999864,152260818,123485180,https://app.lincolninst.edu/research-data/data-toolkits/fiscally-standardized-cities/search-database,2026-09-14
Billings,MT,2012,fisc,105489,25397469,15189041,339482105,309885374,https://app.lincolninst.edu/research-data/data-toolkits/fiscally-standardized-cities/search-database,2026-09-14
Billings,MT,2017,city_only,109715,22092638,19047630,176315685,147162158,https://app.lincolninst.edu/research-data/data-toolkits/fiscally-standardized-cities/search-database,2026-09-14
Billings,MT,2017,fisc,109715,30448317,19055573,420069034,390197062,https://app.lincolninst.edu/research-data/data-toolkits/fiscally-standardized-cities/search-database,2026-09-14
Billings,MT,2022,city_only,117763,27261038,23591848,198491391,167212794,https://app.lincolninst.edu/research-data/data-toolkits/fiscally-standardized-cities/search-database,2026-09-14
Billings,MT,2022,fisc,117763,35770074,23628042,479406079,445735271,https://app.lincolninst.edu/research-data/data-toolkits/fiscally-standardized-cities/search-database,2026-09-14
Billings,MT,2023,city_only,119952,29449416,25602555,224141108,185001970,https://app.lincolninst.edu/research-data/data-toolkits/fiscally-standardized-cities/search-database,2026-09-14
Billings,MT,2023,fisc,119952,38477003,25656533,515714432,473694047,https://app.lincolninst.edu/research-data/data-toolkits/fiscally-standardized-cities/search-database,2026-09-14
Missoula,MT,2012,city_only,68122,13319150,9650070,73411881,73411881,https://app.lincolninst.edu/research-data/data-toolkits/fiscally-standardized-cities/search-database,2026-09-14
Missoula,MT,2012,fisc,68122,19715914,9650070,205034216,201011471,https://app.lincolninst.edu/research-data/data-toolkits/fiscally-standardized-cities/search-database,2026-09-14
Missoula,MT,2017,city_only,72957,17583776,14838805,195981044,90450803,https://app.lincolninst.edu/research-data/data-toolkits/fiscally-standardized-cities/search-database,2026-09-14
Missoula,MT,2017,fisc,72957,24610830,14838805,388384294,278197522,https://app.lincolninst.edu/research-data/data-toolkits/fiscally-standardized-cities/search-database,2026-09-14
Missoula,MT,2022,city_only,75407,21364828,19501317,143690942,122654927,https://app.lincolninst.edu/research-data/data-toolkits/fiscally-standardized-cities/search-database,2026-09-14
Missoula,MT,2022,fisc,75407,27670201,19501317,347508893,318726960,https://app.lincolninst.edu/research-data/data-toolkits/fiscally-standardized-cities/search-database,2026-09-14
Missoula,MT,2023,city_only,76879,22274921,20308357,152215807,127763673,https://app.lincolninst.edu/research-data/data-toolkits/fiscally-standardized-cities/search-database,2026-09-14
Missoula,MT,2023,fisc,76879,37782185,20308357,364058198,329634088,https://app.lincolninst.edu/research-data/data-toolkits/fiscally-standardized-cities/search-database,2026-09-14
Charlotte,NC,2012,city_only,754943,248747659,108622314,1558285077,1249284601,https://app.lincolninst.edu/research-data/data-toolkits/fiscally-standardized-cities/search-database,2026-09-14
Charlotte,NC,2012,fisc,754943,279300706,109043264,5214474047,4794911472,https://app.lincolninst.edu/research-data/data-toolkits/fiscally-standardized-cities/search-database,2026-09-14
Charlotte,NC,2017,city_only,843989,269884092,129673365,2048573020,1511479915,https://app.lincolninst.edu/research-data/data-toolkits/fiscally-standardized-cities/search-database,2026-09-14
Charlotte,NC,2017,fisc,843989,363022959,134018669,6802912285,6114697667,https://app.lincolninst.edu/research-data/data-toolkits/fiscally-standardized-cities/search-database,2026-09-14
Charlotte,NC,2022,city_only,882341,330422897,160982646,2935823121,2224875757,https://app.lincolninst.edu/research-data/data-toolkits/fiscally-standardized-cities/search-database,2026-09-14
Charlotte,NC,2022,fisc,882341,424024357,168796185,10189974358,9285908836,https://app.lincolninst.edu/research-data/data-toolkits/fiscally-standardized-cities/search-database,2026-09-14
Charlotte,NC,2023,city_only,898699,363469824,181761873,3197580029,2575347802,https://app.lincolninst.edu/research-data/data-toolkits/fiscally-standardized-cities/search-database,2026-09-14
Charlotte,NC,2023,fisc,898699,460349576,191126316,10666478691,9824397728,https://app.lincolninst.edu/research-data/data-toolkits/fiscally-standardized-cities/search-database,2026-09-14
Durham,NC,2012,city_only,236237,62631195,23509171,352083973,302618057,https://app.lincolninst.edu/research-data/data-toolkits/fiscally-standardized-cities/search-database,2026-09-14
Durham,NC,2012,fisc,236237,83911739,29698419,1074554434,1010271349,https://app.lincolninst.edu/research-data/data-toolkits/fiscally-standardized-cities/search-database,2026-09-14
Durham,NC,2017,city_only,266595,87999064,27258435,358706849,308901764,https://app.lincolninst.edu/research-data/data-toolkits/fiscally-standardized-cities/search-database,2026-09-14
Durham,NC,2017,fisc,266595,113359488,35247237,1029245047,958729127,https://app.lincolninst.edu/research-data/data-toolkits/fiscally-standardized-cities/search-database,2026-09-14
Durham,NC,2022,city_only,286652,78548372,46537088,580643992,465015722,https://app.lincolninst.edu/research-data/data-toolkits/fiscally-standardized-cities/search-database,2026-09-14
Durham,NC,2022,fisc,286652,103695965,49155367,1482367187,1333987027,https://app.lincolninst.edu/research-data/data-toolkits/fiscally-standardized-cities/search-database,2026-09-14
Durham,NC,2023,city_only,290982,85339201,51445618,635987718,509430917,https://app.lincolninst.edu/research-data/data-toolkits/fiscally-standardized-cities/search-database,2026-09-14
Durham,NC,2023,fisc,290982,114582892,52059590,1592398995,1429556738,https://app.lincolninst.edu/research-data/data-toolkits/fiscally-standardized-cities/search-database,2026-09-14
Greensboro,NC,2012,city_only,272467,71583630,41483891,507661321,410582940,https://app.lincolninst.edu/research-data/data-toolkits/fiscally-standardized-cities/search-database,2026-09-14
Greensboro,NC,2012,fisc,272467,95577603,43235141,1241084029,1138823754,https://app.lincolninst.edu/research-data/data-toolkits/fiscally-standardized-cities/search-database,2026-09-14
Greensboro,NC,2017,city_only,289323,77197922,49901214,511864491,413381746,https://app.lincolninst.edu/research-data/data-toolkits/fiscally-standardized-cities/search-database,2026-09-14
Greensboro,NC,2017,fisc,289323,101722600,51481574,1251538262,1146266252,https://app.lincolninst.edu/research-data/data-toolkits/fiscally-standardized-cities/search-database,2026-09-14
Greensboro,NC,2022,city_only,297851,88399953,65657012,723660368,569906641,https://app.lincolninst.edu/research-data/data-toolkits/fiscally-standardized-cities/search-database,2026-09-14
Greensboro,NC,2022,fisc,297851,118289042,67436397,1584957011,1427249732,https://app.lincolninst.edu/research-data/data-toolkits/fiscally-standardized-cities/search-database,2026-09-14
Greensboro,NC,2023,city_only,301039,95077147,68399071,791031149,593393025,https://app.lincolninst.edu/research-data/data-toolkits/fiscally-standardized-cities/search-database,2026-09-14
Greensboro,NC,2023,fisc,301039,125858385,70807383,1704470776,1501368794,https://app.lincolninst.edu/research-data/data-toolkits/fiscally-standardized-cities/search-database,2026-09-14
Raleigh,NC,2012,city_only,414071,100905185,51527446,717325074,527358373,https://app.lincolninst.edu/research-data/data-toolkits/fiscally-standardized-cities/search-database,2026-09-14
Raleigh,NC,2012,fisc,414071,123962274,53349549,1794814985,1563451604,https://app.lincolninst.edu/research-data/data-toolkits/fiscally-standardized-cities/search-database,2026-09-14
Raleigh,NC,2017,city_only,459796,103923329,63135938,822679501,552399690,https://app.lincolninst.edu/research-data/data-toolkits/fiscally-standardized-cities/search-database,2026-09-14
Raleigh,NC,2017,fisc,459796,129260558,65606780,2088497901,1763001424,https://app.lincolninst.edu/research-data/data-toolkits/fiscally-standardized-cities/search-database,2026-09-14
Raleigh,NC,2022,city_only,471377,119432801,76676040,1059882355,863519980,https://app.lincolninst.edu/research-data/data-toolkits/fiscally-standardized-cities/search-database,2026-09-14
Raleigh,NC,2022,fisc,471377,149309111,87369757,2655863151,2373416800,https://app.lincolninst.edu/research-data/data-toolkits/fiscally-standardized-cities/search-database,2026-09-14
Raleigh,NC,2023,city_only,475200,128313504,79182576,1071409680,854965584,https://app.lincolninst.edu/research-data/data-toolkits/fiscally-standardized-cities/search-database,2026-09-14
Raleigh,NC,2023,fisc,475200,164713824,91456992,2684442816,2373880608,https://app.lincolninst.edu/research-data/data-toolkits/fiscally-standardized-cities/search-database,2026-09-14
Bismarck,ND,2012,city_only,62784,11703989,6117865,128035205,107123195,https://app.lincolninst.edu/research-data/data-toolkits/fiscally-standardized-cities/search-database,2026-09-14
Bismarck,ND,2012,fisc,62784,16077610,6117865,240213255,218616699,https://app.lincolninst.edu/research-data/data-toolkits/fiscally-standardized-cities/search-database,2026-09-14
Bismarck,ND,2017,city_only,72602,16216220,8627041,176538071,157344935,https://app.lincolninst.edu/research-data/data-toolkits/fiscally-standardized-cities/search-database,2026-09-14
Bismarck,ND,2017,fisc,72602,24863703,8627041,368135938,347969770,https://app.lincolninst.edu/research-data/data-toolkits/fiscally-standardized-cities/search-database,2026-09-14
Bismarck,ND,2022,city_only,74495,26921274,10957830,166546855,147358668,https://app.lincolninst.edu/research-data/data-toolkits/fiscally-standardized-cities/search-database,2026-09-14
Bismarck,ND,2022,fisc,74495,32302524,10957830,361548294,340277296,https://app.lincolninst.edu/research-data/data-toolkits/fiscally-standardized-cities/search-database,2026-09-14
Bismarck,ND,2023,city_only,75483,27068959,11960281,195374159,166180353,https://app.lincolninst.edu/research-data/data-toolkits/fiscally-standardized-cities/search-database,2026-09-14
Bismarck,ND,2023,fisc,75483,32752829,11960281,402713127,371481281,https://app.lincolninst.edu/research-data/data-toolkits/fiscally-standardized-cities/search-database,2026-09-14
Fargo,ND,2012,city_only,108178,14044602,8827803,247043171,230590690,https://app.lincolninst.edu/research-data/data-toolkits/fiscally-standardized-cities/search-database,2026-09-14
Fargo,ND,2012,fisc,108178,18279176,8827803,492970436,475365368,https://app.lincolninst.edu/research-data/data-toolkits/fiscally-standardized-cities/search-database,2026-09-14
Fargo,ND,2017,city_only,120434,18779044,12354660,416805056,398347667,https://app.lincolninst.edu/research-data/data-toolkits/fiscally-standardized-cities/search-database,2026-09-14
Fargo,ND,2017,fisc,120434,27301937,12354660,777624670,757637482,https://app.lincolninst.edu/research-data/data-toolkits/fiscally-standardized-cities/search-database,2026-09-14
Fargo,ND,2022,city_only,129486,23834831,16565612,409863332,371936538,https://app.lincolninst.edu/research-data/data-toolkits/fiscally-standardized-cities/search-database,2026-09-14
Fargo,ND,2022,fisc,129486,37440521,16565612,795797315,754786233,https://app.lincolninst.edu/research-data/data-toolkits/fiscally-standardized-cities/search-database,2026-09-14
Fargo,ND,2023,city_only,132030,24725258,16061450,430268606,382415653,https://app.lincolninst.edu/research-data/data-toolkits/fiscally-standardized-cities/search-database,2026-09-14
Fargo,ND,2023,fisc,132030,36574951,16061450,920691401,869816281,https://app.lincolninst.edu/research-data/data-toolkits/fiscally-standardized-cities/search-database,2026-09-14
Lincoln,NE,2012,city_only,262731,35745229,22853507,546662865,277482836,https://app.lincolninst.edu/research-data/data-toolkits/fiscally-standardized-cities/search-database,2026-09-14
Lincoln,NE,2012,fisc,262731,44905241,22853507,1124242502,855016941,https://app.lincolninst.edu/research-data/data-toolkits/fiscally-standardized-cities/search-database,2026-09-14
Lincoln,NE,2017,city_only,281565,40927588,26166113,415212636,325293803,https://app.lincolninst.edu/research-data/data-toolkits/fiscally-standardized-cities/search-database,2026-09-14
Lincoln,NE,2017,fisc,281565,52513432,26166113,1113162900,1023201030,https://app.lincolninst.edu/research-data/data-toolkits/fiscally-standardized-cities/search-database,2026-09-14
Lincoln,NE,2022,city_only,291691,53835216,34420247,534275856,405798068,https://app.lincolninst.edu/research-data/data-toolkits/fiscally-standardized-cities/search-database,2026-09-14
Lincoln,NE,2022,fisc,291691,68675200,34420247,1381101897,1252419594,https://app.lincolninst.edu/research-data/data-toolkits/fiscally-standardized-cities/search-database,2026-09-14
Lincoln,NE,2023,city_only,293306,64712103,41370811,523601072,416758495,https://app.lincolninst.edu/research-data/data-toolkits/fiscally-standardized-cities/search-database,2026-09-14
Lincoln,NE,2023,fisc,293306,80412773,41370811,1421428336,1314371646,https://app.lincolninst.edu/research-data/data-toolkits/fiscally-standardized-cities/search-database,2026-09-14
Omaha,NE,2012,city_only,462181,112054516,70044520,547655305,547655305,https://app.lincolninst.edu/research-data/data-toolkits/fiscally-standardized-cities/search-database,2026-09-14
Omaha,NE,2012,fisc,462181,126225011,70044520,2491903551,1697084735,https://app.lincolninst.edu/research-data/data-toolkits/fiscally-standardized-cities/search-database,2026-09-14
Omaha,NE,2017,city_only,475274,131921891,98639371,541402027,541402027,https://app.lincolninst.edu/research-data/data-toolkits/fiscally-standardized-cities/search-database,2026-09-14
Omaha,NE,2017,fisc,475274,147586278,98639371,2713976334,1945312621,https://app.lincolninst.edu/research-data/data-toolkits/fiscally-standardized-cities/search-database,2026-09-14
Omaha,NE,2022,city_only,488727,147472650,105493852,814523877,814523877,https://app.lincolninst.edu/research-data/data-toolkits/fiscally-standardized-cities/search-database,2026-09-14
Omaha,NE,2022,fisc,488727,162324592,105493852,3569446476,2434460499,https://app.lincolninst.edu/research-data/data-toolkits/fiscally-standardized-cities/search-database,2026-09-14
Omaha,NE,2023,city_only,486666,152083125,102355593,870470274,870470274,https://app.lincolninst.edu/research-data/data-toolkits/fiscally-standardized-cities/search-database,2026-09-14
Omaha,NE,2023,fisc,486666,167851103,102355593,3782338952,2615347951,https://app.lincolninst.edu/research-data/data-toolkits/fiscally-standardized-cities/search-database,2026-09-14
Manchester,NH,2012,city_only,110290,30623784,28212940,451830041,429926348,https://app.lincolninst.edu/research-data/data-toolkits/fiscally-standardized-cities/search-database,2026-09-14
Manchester,NH,2012,fisc,110290,31891118,28212940,502929793,473655616,https://app.lincolninst.edu/research-data/data-toolkits/fiscally-standardized-cities/search-database,2026-09-14
Manchester,NH,2017,city_only,111964,22988651,19704687,397078669,375169961,https://app.lincolninst.edu/research-data/data-toolkits/fiscally-standardized-cities/search-database,2026-09-14
Manchester,NH,2017,fisc,111964,24497329,19704687,454368806,424117783,https://app.lincolninst.edu/research-data/data-toolkits/fiscally-standardized-cities/search-database,2026-09-14
Manchester,NH,2022,city_only,115140,27990842,21384336,518988990,470857923,https://app.lincolninst.edu/research-data/data-toolkits/fiscally-standardized-cities/search-database,2026-09-14
Manchester,NH,2022,fisc,115140,29322318,21384336,594352268,535683303,https://app.lincolninst.edu/research-data/data-toolkits/fiscally-standardized-cities/search-database,2026-09-14
Manchester,NH,2023,city_only,115454,29077090,22592039,590213548,543851840,https://app.lincolninst.edu/research-data/data-toolkits/fiscally-standardized-cities/search-database,2026-09-14
Manchester,NH,2023,fisc,115454,31107926,22592039,669306465,620282388,https://app.lincolninst.edu/research-data/data-toolkits/fiscally-standardized-cities/search-database,2026-09-14
Nashua,NH,2012,city_only,86818,17514270,13939849,266694060,264028944,https://app.lincolninst.edu/research-data/data-toolkits/fiscally-standardized-cities/search-database,2026-09-14
Nashua,NH,2012,fisc,86818,18511235,13939849,297200931,288734578,https://app.lincolninst.edu/research-data/data-toolkits/fiscally-standardized-cities/search-database,2026-09-14
Nashua,NH,2017,city_only,88698,28767004,25396250,292266650,289451742,https://app.lincolninst.edu/research-data/data-toolkits/fiscally-standardized-cities/search-database,2026-09-14
Nashua,NH,2017,fisc,88698,29962180,25396250,327006682,317583697,https://app.lincolninst.edu/research-data/data-toolkits/fiscally-standardized-cities/search-database,2026-09-14
Nashua,NH,2022,city_only,91300,35658356,29243815,427248731,365787525,https://app.lincolninst.edu/research-data/data-toolkits/fiscally-standardized-cities/search-database,2026-09-14
Nashua,NH,2022,fisc,91300,36713269,29243815,458985580,389169248,https://app.lincolninst.edu/research-data/data-toolkits/fiscally-standardized-cities/search-database,2026-09-14
Nashua,NH,2023,city_only,91079,36438886,29637107,479981776,417404128,https://app.lincolninst.edu/research-data/data-toolkits/fiscally-standardized-cities/search-database,2026-09-14
Nashua,NH,2023,fisc,91079,38040966,29637107,509158023,444478271,https://app.lincolninst.edu/research-data/data-toolkits/fiscally-standardized-cities/search-database,2026-09-14
Atlantic City,NJ,2012,city_only,39484,37453055,31863971,237101132,225720952,https://app.lincolninst.edu/research-data/data-toolkits/fiscally-standardized-cities/search-database,2026-09-14
Atlantic City,NJ,2012,fisc,39484,38674050,31866946,455189380,438478059,https://app.lincolninst.edu/research-data/data-toolkits/fiscally-standardized-cities/search-database,2026-09-14
Atlantic City,NJ,2017,city_only,38202,37035017,17090012,229949013,213654957,https://app.lincolninst.edu/research-data/data-toolkits/fiscally-standardized-cities/search-database,2026-09-14
Atlantic City,NJ,2017,fisc,38202,38318074,17247052,423245927,398328499,https://app.lincolninst.edu/research-data/data-toolkits/fiscally-standardized-cities/search-database,2026-09-14
Atlantic City,NJ,2022,city_only,38453,30217939,19637838,147328101,133285932,https://app.lincolninst.edu/research-data/data-toolkits/fiscally-standardized-cities/search-database,2026-09-14
Atlantic City,NJ,2022,fisc,38453,32169461,19809944,407230664,381673258,https://app.lincolninst.edu/research-data/data-toolkits/fiscally-standardized-cities/search-database,2026-09-14
Atlantic City,NJ,2023,city_only,38597,33783182,20713852,199238872,187672895,https://app.lincolninst.edu/research-data/data-toolkits/fiscally-standardized-cities/search-database,2026-09-14
Atlantic City,NJ,2023,fisc,38597,35896754,20713852,483755500,461998371,https://app.lincolninst.edu/research-data/data-toolkits/fiscally-standardized-cities/search-database,2026-09-14
Bayonne,NJ,2012,city_only,63947,25010052,17736153,287023172,276352763,https://app.lincolninst.edu/research-data/data-toolkits/fiscally-standardized-cities/search-database,2026-09-14
Bayonne,NJ,2012,fisc,63947,27389392,17749644,367139179,347947861,https://app.lincolninst.edu/research-data/data-toolkits/fiscally-standardized-cities/search-database,2026-09-14
Bayonne,NJ,2017,city_only,65323,23139169,20767080,277301133,276866022,https://app.lincolninst.edu/research-data/data-toolkits/fiscally-standardized-cities/search-database,2026-09-14
Bayonne,NJ,2017,fisc,65323,25798180,20914744,366775776,358738839,https://app.lincolninst.edu/research-data/data-toolkits/fiscally-standardized-cities/search-database,2026-09-14
Bayonne,NJ,2022,city_only,69561,27177939,519788,318649797,318301045,https://app.lincolninst.edu/research-data/data-toolkits/fiscally-standardized-cities/search-database,2026-09-14
Bayonne,NJ,2022,fisc,69561,30610007,519788,402467206,399315743,https://app.lincolninst.edu/research-data/data-toolkits/fiscally-standardized-cities/search-database,2026-09-14
Bayonne,NJ,2023,city_only,70118,26231144,19128892,367278785,366907160,https://app.lincolninst.edu/research-data/data-toolkits/fiscally-standardized-cities/search-database,2026-09-14
Bayonne,NJ,2023,fisc,70118,29899016,19128892,450881879,447854184,https://app.lincolninst.edu/research-data/data-toolkits/fiscally-standardized-cities/search-database,2026-09-14
Camden,NJ,2012,city_only,77062,28582063,16828247,166985261,160218193,https://app.lincolninst.edu/research-data/data-toolkits/fiscally-standardized-cities/search-database,2026-09-14
Camden,NJ,2012,fisc,77062,31285639,16930444,658032579,614343359,https://app.lincolninst.edu/research-data/data-toolkits/fiscally-standardized-cities/search-database,2026-09-14
Camden,NJ,2017,city_only,73847,4033128,19167013,124567167,116187243,https://app.lincolninst.edu/research-data/data-toolkits/fiscally-standardized-cities/search-database,2026-09-14
Camden,NJ,2017,fisc,73847,6523462,19187211,575751780,511756390,https://app.lincolninst.edu/research-data/data-toolkits/fiscally-standardized-cities/search-database,2026-09-14
Camden,NJ,2022,city_only,71555,705815,21263793,76307740,64361117,https://app.lincolninst.edu/research-data/data-toolkits/fiscally-standardized-cities/search-database,2026-09-14
Camden,NJ,2022,fisc,71555,10469703,21263793,550469705,510289108,https://app.lincolninst.edu/research-data/data-toolkits/fiscally-standardized-cities/search-database,2026-09-14
Camden,NJ,2023,city_only,70922,1090780,20607096,89707819,77568810,https://app.lincolninst.edu/research-data/data-toolkits/fiscally-standardized-cities/search-database,2026-09-14
Camden,NJ,2023,fisc,70922,5646100,20921281,541983087,498368185,https://app.lincolninst.edu/research-data/data-toolkits/fiscally-standardized-cities/search-database,2026-09-14
Trenton,NJ,2012,city_only,84861,30156183,22711294,492601936,459499896,https://app.lincolninst.edu/research-data/data-toolkits/fiscally-standardized-cities/search-database,2026-09-14
Trenton,NJ,2012,fisc,84861,33343105,22711294,623267647,589282553,https://app.lincolninst.edu/research-data/data-toolkits/fiscally-standardized-cities/search-database,2026-09-14
Trenton,NJ,2017,city_only,83368,37530163,30761857,514829875,485143757,https://app.lincolninst.edu/research-data/data-toolkits/fiscally-standardized-cities/search-database,2026-09-14
Trenton,NJ,2017,fisc,83368,41299946,30768564,636862595,605835156,https://app.lincolninst.edu/research-data/data-toolkits/fiscally-standardized-cities/search-database,2026-09-14
Trenton,NJ,2022,city_only,90018,18720950,14532015,535262842,518528719,https://app.lincolninst.edu/research-data/data-toolkits/fiscally-standardized-cities/search-database,2026-09-14
Trenton,NJ,2022,fisc,90018,23335262,14532015,650663019,633928896,https://app.lincolninst.edu/research-data/data-toolkits/fiscally-standardized-cities/search-database,2026-09-14
Trenton,NJ,2023,city_only,89540,29943967,26391915,644369238,602183362,https://app.lincolninst.edu/research-data/data-toolkits/fiscally-standardized-cities/search-database,2026-09-14
Trenton,NJ,2023,fisc,89540,37719620,26391915,774963328,732777452,https://app.lincolninst.edu/research-data/data-toolkits/fiscally-standardized-cities/search-database,2026-09-14
Albuquerque,NM,2012,city_only,552105,162415636,71000939,1015192370,825548682,https://app.lincolninst.edu/research-data/data-toolkits/fiscally-standardized-cities/search-database,2026-09-14
Albuquerque,NM,2012,fisc,552105,200455865,89334632,2055757373,1842172137,https://app.lincolninst.edu/research-data/data-toolkits/fiscally-standardized-cities/search-database,2026-09-14
Albuquerque,NM,2017,city_only,559350,169424050,78916365,1056708941,838561752,https://app.lincolninst.edu/research-data/data-toolkits/fiscally-standardized-cities/search-database,2026-09-14
Albuquerque,NM,2017,fisc,559350,210452640,99291169,2123416294,1880853540,https://app.lincolninst.edu/research-data/data-toolkits/fiscally-standardized-cities/search-database,2026-09-14
Albuquerque,NM,2022,city_only,563441,197026984,82099988,1178573984,989935042,https://app.lincolninst.edu/research-data/data-toolkits/fiscally-standardized-cities/search-database,2026-09-14
Albuquerque,NM,2022,fisc,563441,259769536,109455828,2552708397,2314688241,https://app.lincolninst.edu/research-data/data-toolkits/fiscally-standardized-cities/search-database,2026-09-14
Albuquerque,NM,2023,city_only,561422,241097064,98787815,1372098525,1111261864,https://app.lincolninst.edu/research-data/data-toolkits/fiscally-standardized-cities/search-database,2026-09-14
Albuquerque,NM,2023,fisc,561422,302056264,128161414,2885866278,2582316631,https://app.lincolninst.edu/research-data/data-toolkits/fiscally-standardized-cities/search-database,2026-09-14
Las Cruces,NM,2012,city_only,100202,25587814,11354828,188348659,142717183,https://app.lincolninst.edu/research-data/data-toolkits/fiscally-standardized-cities/search-database,2026-09-14
Las Cruces,NM,2012,fisc,100202,35436366,12728975,369557042,322984805,https://app.lincolninst.edu/research-data/data-toolkits/fiscally-standardized-cities/search-database,2026-09-14
Las Cruces,NM,2017,city_only,101283,24801878,14403666,191869905,119542772,https://app.lincolninst.edu/research-data/data-toolkits/fiscally-standardized-cities/search-database,2026-09-14
Las Cruces,NM,2017,fisc,101283,36563216,15357773,387104033,314239146,https://app.lincolninst.edu/research-data/data-toolkits/fiscally-standardized-cities/search-database,2026-09-14
Las Cruces,NM,2022,city_only,112797,29890260,20668589,250681667,183289370,https://app.lincolninst.edu/research-data/data-toolkits/fiscally-standardized-cities/search-database,2026-09-14
Las Cruces,NM,2022,fisc,112797,45814759,21803964,494321411,425876074,https://app.lincolninst.edu/research-data/data-toolkits/fiscally-standardized-cities/search-database,2026-09-14
Las Cruces,NM,2023,city_only,113921,36819267,26267904,288517464,202076487,https://app.lincolninst.edu/research-data/data-toolkits/fiscally-standardized-cities/search-database,2026-09-14
Las Cruces,NM,2023,fisc,113921,54610310,32603051,580855838,492057836,https://app.lincolninst.edu/research-data/data-toolkits/fiscally-standardized-cities/search-database,2026-09-14
Las Vegas,NV,2012,city_only,586682,9274563,123031636,756800833,754820373,https://app.lincolninst.edu/research-data/data-toolkits/fiscally-standardized-cities/search-database,2026-09-14
Las Vegas,NV,2012,fisc,586682,186746737,167384207,3321964693,3044824118,https://app.lincolninst.edu/research-data/data-toolkits/fiscally-standardized-cities/search-database,2026-09-14
Las Vegas,NV,2017,city_only,626952,10838622,138894748,655512198,654084869,https://app.lincolninst.edu/research-data/data-toolkits/fiscally-standardized-cities/search-database,2026-09-14
Las Vegas,NV,2017,fisc,626952,220070934,184533972,3476211901,3154059203,https://app.lincolninst.edu/research-data/data-toolkits/fiscally-standardized-cities/search-database,2026-09-14
Las Vegas,NV,2022,city_only,651868,18037791,161626374,889593068,889593068,https://app.lincolninst.edu/research-data/data-toolkits/fiscally-standardized-cities/search-database,2026-09-14
Las Vegas,NV,2022,fisc,651868,266472211,213636070,4304264059,3979696511,https://app.lincolninst.edu/research-data/data-toolkits/fiscally-standardized-cities/search-database,2026-09-14
Las Vegas,NV,2023,city_only,656716,1865073,173484666,948350441,948350441,https://app.lincolninst.edu/research-data/data-toolkits/fiscally-standardized-cities/search-database,2026-09-14
Las Vegas,NV,2023,fisc,656716,267434457,230540152,4352076633,4046079813,https://app.lincolninst.edu/research-data/data-toolkits/fiscally-standardized-cities/search-database,2026-09-14
Reno,NV,2012,city_only,227103,53549485,43930667,287168160,287168160,https://app.lincolninst.edu/research-data/data-toolkits/fiscally-standardized-cities/search-database,2026-09-14
Reno,NV,2012,fisc,227103,73257707,58554829,1104512667,967326872,https://app.lincolninst.edu/research-data/data-toolkits/fiscally-standardized-cities/search-database,2026-09-14
Reno,NV,2017,city_only,242281,63498062,46894115,324356811,324356811,https://app.lincolninst.edu/research-data/data-toolkits/fiscally-standardized-cities/search-database,2026-09-14
Reno,NV,2017,fisc,242281,94308627,61587995,1223340001,1138211394,https://app.lincolninst.edu/research-data/data-toolkits/fiscally-standardized-cities/search-database,2026-09-14
Reno,NV,2022,city_only,270060,100445880,63092204,423247425,423247425,https://app.lincolninst.edu/research-data/data-toolkits/fiscally-standardized-cities/search-database,2026-09-14
Reno,NV,2022,fisc,270060,139498512,90882447,1535023151,1442179773,https://app.lincolninst.edu/research-data/data-toolkits/fiscally-standardized-cities/search-database,2026-09-14
Reno,NV,2023,city_only,273249,124363817,72550342,500698735,500698735,https://app.lincolninst.edu/research-data/data-toolkits/fiscally-standardized-cities/search-database,2026-09-14
Reno,NV,2023,fisc,273249,168788640,98623762,1705478169,1593713863,https://app.lincolninst.edu/research-data/data-toolkits/fiscally-standardized-cities/search-database,2026-09-14
Albany,NY,2012,city_only,97960,49505771,33469117,277589280,277589280,https://app.lincolninst.edu/research-data/data-toolkits/fiscally-standardized-cities/search-database,2026-09-14
Albany,NY,2012,fisc,97960,53800223,33469117,678385330,655455262,https://app.lincolninst.edu/research-data/data-toolkits/fiscally-standardized-cities/search-database,2026-09-14
Albany,NY,2017,city_only,97985,60169346,34533152,188492993,188492993,https://app.lincolninst.edu/research-data/data-toolkits/fiscally-standardized-cities/search-database,2026-09-14
Albany,NY,2017,fisc,97985,65048603,34533152,622178458,599431193,https://app.lincolninst.edu/research-data/data-toolkits/fiscally-standardized-cities/search-database,2026-09-14
Albany,NY,2022,city_only,100647,70301567,39394978,203496090,203496090,https://app.lincolninst.edu/research-data/data-toolkits/fiscally-standardized-cities/search-database,2026-09-14
Albany,NY,2022,fisc,100647,77043170,39394978,735248537,716163438,https://app.lincolninst.edu/research-data/data-toolkits/fiscally-standardized-cities/search-database,2026-09-14
Albany,NY,2023,city_only,100522,64084785,43026432,207815162,207815162,https://app.lincolninst.edu/research-data/data-toolkits/fiscally-standardized-cities/search-database,2026-09-14
Albany,NY,2023,fisc,100522,71195712,43026432,719708369,698521347,https://app.lincolninst.edu/research-data/data-toolkits/fiscally-standardized-cities/search-database,2026-09-14
Binghamton,NY,2012,city_only,46996,10697858,9739973,80505899,75438139,https://app.lincolninst.edu/research-data/data-toolkits/fiscally-standardized-cities/search-database,2026-09-14
Binghamton,NY,2012,fisc,46996,13728387,9739973,315520249,296802715,https://app.lincolninst.edu/research-data/data-toolkits/fiscally-standardized-cities/search-database,2026-09-14
Binghamton,NY,2017,city_only,45544,12111868,10329051,131320958,125605027,https://app.lincolninst.edu/research-data/data-toolkits/fiscally-standardized-cities/search-database,2026-09-14
Binghamton,NY,2017,fisc,45544,15222820,10329051,385122801,366333982,https://app.lincolninst.edu/research-data/data-toolkits/fiscally-standardized-cities/search-database,2026-09-14
Binghamton,NY,2022,city_only,47460,13205099,14570783,157622001,146944053,https://app.lincolninst.edu/research-data/data-toolkits/fiscally-standardized-cities/search-database,2026-09-14
Binghamton,NY,2022,fisc,47460,16801642,14570783,424056501,400608321,https://app.lincolninst.edu/research-data/data-toolkits/fiscally-standardized-cities/search-database,2026-09-14
Binghamton,NY,2023,city_only,47054,14884121,17454211,187147874,178896955,https://app.lincolninst.edu/research-data/data-toolkits/fiscally-standardized-cities/search-database,2026-09-14
Binghamton,NY,2023,fisc,47054,18545393,17454211,468045197,446472350,https://app.lincolninst.edu/research-data/data-toolkits/fiscally-standardized-cities/search-database,2026-09-14
Buffalo,NY,2012,city_only,260721,79353730,57963801,1542562022,1530497772,https://app.lincolninst.edu/research-data/data-toolkits/fiscally-standardized-cities/search-database,2026-09-14
Buffalo,NY,2012,fisc,260721,86970258,59071802,2111803677,2008409851,https://app.lincolninst.edu/research-data/data-toolkits/fiscally-standardized-cities/search-database,2026-09-14
Buffalo,NY,2017,city_only,256911,92881410,66236984,1555350780,1544359851,https://app.lincolninst.edu/research-data/data-toolkits/fiscally-standardized-cities/search-database,2026-09-14
Buffalo,NY,2017,fisc,256911,103983943,67359224,2142363107,2043510883,https://app.lincolninst.edu/research-data/data-toolkits/fiscally-standardized-cities/search-database,2026-09-14
Buffalo,NY,2022,city_only,277728,94505917,71824390,1665818500,1640208088,https://app.lincolninst.edu/research-data/data-toolkits/fiscally-standardized-cities/search-database,2026-09-14
Buffalo,NY,2022,fisc,277728,112028550,71976436,2328200174,2229986469,https://app.lincolninst.edu/research-data/data-toolkits/fiscally-standardized-cities/search-database,2026-09-14
Buffalo,NY,2023,city_only,275907,100085264,74409359,1860783026,1829969732,https://app.lincolninst.edu/research-data/data-toolkits/fiscally-standardized-cities/search-database,2026-09-14
Buffalo,NY,2023,fisc,275907,122251633,74555590,2549640033,2441523116,https://app.lincolninst.edu/research-data/data-toolkits/fiscally-standardized-cities/search-database,2026-09-14
New York,NY,2012,city_only,8272864,5065882674,1842660512,95327136720,74381522422,https://app.lincolninst.edu/research-data/data-toolkits/fiscally-standardized-cities/search-database,2026-09-14
New York,NY,2012,fisc,8272864,5077103204,1842660512,97768848907,76385010543,https://app.lincolninst.edu/research-data/data-toolkits/fiscally-standardized-cities/search-database,2026-09-14
New York,NY,2017,city_only,8468954,5685104589,2155401744,116611887544,94049558771,https://app.lincolninst.edu/research-data/data-toolkits/fiscally-standardized-cities/search-database,2026-09-14
New York,NY,2017,fisc,8468954,5698594160,2155401744,119551660128,96590775860,https://app.lincolninst.edu/research-data/data-toolkits/fiscally-standardized-cities/search-database,2026-09-14
New York,NY,2022,city_only,8453772,5867659236,2572672943,140903068267,119629088852,https://app.lincolninst.edu/research-data/data-toolkits/fiscally-standardized-cities/search-database,2026-09-14
New York,NY,2022,fisc,8453772,5882030803,2572672943,143744091662,122129092006,https://app.lincolninst.edu/research-data/data-toolkits/fiscally-standardized-cities/search-database,2026-09-14
New York,NY,2023,city_only,8356179,6300058349,2623088464,142589019902,118989496346,https://app.lincolninst.edu/research-data/data-toolkits/fiscally-standardized-cities/search-database,2026-09-14
New York,NY,2023,fisc,8356179,6315015911,2623088464,145357422336,121441199558,https://app.lincolninst.edu/research-data/data-toolkits/fiscally-standardized-cities/search-database,2026-09-14
Niagara Falls,NY,2012,city_only,49761,18794036,15227878,127641138,127641138,https://app.lincolninst.edu/research-data/data-toolkits/fiscally-standardized-cities/search-database,2026-09-14
Niagara Falls,NY,2012,fisc,49761,21967619,15291620,348661531,335998317,https://app.lincolninst.edu/research-data/data-toolkits/fiscally-standardized-cities/search-database,2026-09-14
Niagara Falls,NY,2017,city_only,48522,21328129,16966870,125606830,125161843,https://app.lincolninst.edu/research-data/data-toolkits/fiscally-standardized-cities/search-database,2026-09-14
Niagara Falls,NY,2017,fisc,48522,26720273,17078507,368128028,355001314,https://app.lincolninst.edu/research-data/data-toolkits/fiscally-standardized-cities/search-database,2026-09-14
Niagara Falls,NY,2022,city_only,48316,19423109,17498201,132686916,132123086,https://app.lincolninst.edu/research-data/data-toolkits/fiscally-standardized-cities/search-database,2026-09-14
Niagara Falls,NY,2022,fisc,48316,24969056,17653196,402014977,390561584,https://app.lincolninst.edu/research-data/data-toolkits/fiscally-standardized-cities/search-database,2026-09-14
Niagara Falls,NY,2023,city_only,47907,22896193,19468926,170096199,169539040,https://app.lincolninst.edu/research-data/data-toolkits/fiscally-standardized-cities/search-database,2026-09-14
Niagara Falls,NY,2023,fisc,47907,28343218,19616000,451380233,439587446,https://app.lincolninst.edu/research-data/data-toolkits/fiscally-standardized-cities/search-database,2026-09-14
Rochester,NY,2012,city_only,210481,81362438,45230607,1246180222,1220663366,https://app.lincolninst.edu/research-data/data-toolkits/fiscally-standardized-cities/search-database,2026-09-14
Rochester,NY,2012,fisc,210481,99656735,46022012,1663107802,1553408633,https://app.lincolninst.edu/research-data/data-toolkits/fiscally-standardized-cities/search-database,2026-09-14
Rochester,NY,2017,city_only,207737,91684680,51850985,1499295109,1471117733,https://app.lincolninst.edu/research-data/data-toolkits/fiscally-standardized-cities/search-database,2026-09-14
Rochester,NY,2017,fisc,207737,112699478,52564569,1939427697,1856571739,https://app.lincolninst.edu/research-data/data-toolkits/fiscally-standardized-cities/search-database,2026-09-14
Rochester,NY,2022,city_only,210285,100102822,63218902,1592625131,1540506548,https://app.lincolninst.edu/research-data/data-toolkits/fiscally-standardized-cities/search-database,2026-09-14
Rochester,NY,2022,fisc,210285,124929081,64069199,2028676198,1926975787,https://app.lincolninst.edu/research-data/data-toolkits/fiscally-standardized-cities/search-database,2026-09-14
Rochester,NY,2023,city_only,208203,113414420,62169416,1703231708,1654039585,https://app.lincolninst.edu/research-data/data-toolkits/fiscally-standardized-cities/search-database,2026-09-14
Rochester,NY,2023,fisc,208203,140657783,62998064,2137974146,2037782698,https://app.lincolninst.edu/research-data/data-toolkits/fiscally-standardized-cities/search-database,2026-09-14
Rome,NY,2012,city_only,33540,6099014,5736100,53248914,49472949,https://app.lincolninst.edu/research-data/data-toolkits/fiscally-standardized-cities/search-database,2026-09-14
Rome,NY,2012,fisc,33540,7901701,5783107,203191947,190191518,https://app.lincolninst.edu/research-data/data-toolkits/fiscally-standardized-cities/search-database,2026-09-14
Rome,NY,2017,city_only,32263,6612099,6369946,53921985,50040011,https://app.lincolninst.edu/research-data/data-toolkits/fiscally-standardized-cities/search-database,2026-09-14
Rome,NY,2017,fisc,32263,8899964,6409397,212764715,200512762,https://app.lincolninst.edu/research-data/data-toolkits/fiscally-standardized-cities/search-database,2026-09-14
Rome,NY,2022,city_only,31715,7239073,6501915,63129045,58681119,https://app.lincolninst.edu/research-data/data-toolkits/fiscally-standardized-cities/search-database,2026-09-14
Rome,NY,2022,fisc,31715,9997628,6501915,245992027,233788103,https://app.lincolninst.edu/research-data/data-toolkits/fiscally-standardized-cities/search-database,2026-09-14
Rome,NY,2023,city_only,31707,7552924,8051993,64173066,60692905,https://app.lincolninst.edu/research-data/data-toolkits/fiscally-standardized-cities/search-database,2026-09-14
Rome,NY,2023,fisc,31707,10561919,8051993,264437331,253005372,https://app.lincolninst.edu/research-data/data-toolkits/fiscally-standardized-cities/search-database,2026-09-14
Schenectady,NY,2012,city_only,66102,15953031,8785150,102996142,97378786,https://app.lincolninst.edu/research-data/data-toolkits/fiscally-standardized-cities/search-database,2026-09-14
Schenectady,NY,2012,fisc,66102,16924786,8785150,407427626,379616785,https://app.lincolninst.edu/research-data/data-toolkits/fiscally-standardized-cities/search-database,2026-09-14
Schenectady,NY,2017,city_only,65076,20303253,9836212,116015894,108915017,https://app.lincolninst.edu/research-data/data-toolkits/fiscally-standardized-cities/search-database,2026-09-14
Schenectady,NY,2017,fisc,65076,21537687,9836212,474918012,450548141,https://app.lincolninst.edu/research-data/data-toolkits/fiscally-standardized-cities/search-database,2026-09-14
Schenectady,NY,2022,city_only,68922,21081097,12086910,133263168,126286666,https://app.lincolninst.edu/research-data/data-toolkits/fiscally-standardized-cities/search-database,2026-09-14
Schenectady,NY,2022,fisc,68922,27439981,12086910,557006055,536379070,https://app.lincolninst.edu/research-data/data-toolkits/fiscally-standardized-cities/search-database,2026-09-14
Schenectady,NY,2023,city_only,68687,24464936,15278736,148357051,140817966,https://app.lincolninst.edu/research-data/data-toolkits/fiscally-standardized-cities/search-database,2026-09-14
Schenectady,NY,2023,fisc,68687,28332701,15278736,578279287,556306316,https://app.lincolninst.edu/research-data/data-toolkits/fiscally-standardized-cities/search-database,2026-09-14
Syracuse,NY,2012,city_only,144441,44557780,31108819,869059565,856029624,https://app.lincolninst.edu/research-data/data-toolkits/fiscally-standardized-cities/search-database,2026-09-14
Syracuse,NY,2012,fisc,144441,56040061,31108819,1231945355,1170017224,https://app.lincolninst.edu/research-data/data-toolkits/fiscally-standardized-cities/search-database,2026-09-14
Syracuse,NY,2017,city_only,142952,47790084,35938299,778633252,763653498,https://app.lincolninst.edu/research-data/data-toolkits/fiscally-standardized-cities/search-database,2026-09-14
Syracuse,NY,2017,fisc,142952,60292762,35938299,1141680109,1091161102,https://app.lincolninst.edu/research-data/data-toolkits/fiscally-standardized-cities/search-database,2026-09-14
Syracuse,NY,2022,city_only,145862,0,0,546694079,546694079,https://app.lincolninst.edu/research-data/data-toolkits/fiscally-standardized-cities/search-database,2026-09-14
Syracuse,NY,2022,fisc,145862,13126901,0,888758412,861763509,https://app.lincolninst.edu/research-data/data-toolkits/fiscally-standardized-cities/search-database,2026-09-14
Syracuse,NY,2023,city_only,146778,53468290,48573244,902109330,885809633,https://app.lincolninst.edu/research-data/data-toolkits/fiscally-standardized-cities/search-database,2026-09-14
Syracuse,NY,2023,fisc,146778,67517880,48573244,1246413824,1202258598,https://app.lincolninst.edu/research-data/data-toolkits/fiscally-standardized-cities/search-database,2026-09-14
Troy,NY,2012,city_only,50024,16972142,14503988,100481171,91264039,https://app.lincolninst.edu/research-data/data-toolkits/fiscally-standardized-cities/search-database,2026-09-14
Troy,NY,2012,fisc,50024,18694724,14504741,372304193,347652804,https://app.lincolninst.edu/research-data/data-toolkits/fiscally-standardized-cities/search-database,2026-09-14
Troy,NY,2017,city_only,49538,18938106,16653036,83913958,74263184,https://app.lincolninst.edu/research-data/data-toolkits/fiscally-standardized-cities/search-database,2026-09-14
Troy,NY,2017,fisc,49538,20608670,16655029,360703533,336919914,https://app.lincolninst.edu/research-data/data-toolkits/fiscally-standardized-cities/search-database,2026-09-14
Troy,NY,2022,city_only,51192,22448142,20123970,118145786,96658878,https://app.lincolninst.edu/research-data/data-toolkits/fiscally-standardized-cities/search-database,2026-09-14
Troy,NY,2022,fisc,51192,24879499,20139213,440741946,407112509,https://app.lincolninst.edu/research-data/data-toolkits/fiscally-standardized-cities/search-database,2026-09-14
Troy,NY,2023,city_only,50807,23252840,21529974,145084977,126812240,https://app.lincolninst.edu/research-data/data-toolkits/fiscally-standardized-cities/search-database,2026-09-14
Troy,NY,2023,fisc,50807,25730189,21550805,478293033,447074164,https://app.lincolninst.edu/research-data/data-toolkits/fiscally-standardized-cities/search-database,2026-09-14
Utica,NY,2012,city_only,62047,15131955,9720806,94120050,94120050,https://app.lincolninst.edu/research-data/data-toolkits/fiscally-standardized-cities/search-database,2026-09-14
Utica,NY,2012,fisc,62047,18466820,9808233,390760789,374351084,https://app.lincolninst.edu/research-data/data-toolkits/fiscally-standardized-cities/search-database,2026-09-14
Utica,NY,2017,city_only,60630,15340977,13200761,83226981,83166013,https://app.lincolninst.edu/research-data/data-toolkits/fiscally-standardized-cities/search-database,2026-09-14
Utica,NY,2017,fisc,60630,19640430,13274898,376656509,362071534,https://app.lincolninst.edu/research-data/data-toolkits/fiscally-standardized-cities/search-database,2026-09-14
Utica,NY,2022,city_only,64580,18802765,11731725,104449194,104055945,https://app.lincolninst.edu/research-data/data-toolkits/fiscally-standardized-cities/search-database,2026-09-14
Utica,NY,2022,fisc,64580,24419901,11731725,456999494,437472877,https://app.lincolninst.edu/research-data/data-toolkits/fiscally-standardized-cities/search-database,2026-09-14
Utica,NY,2023,city_only,64044,22394906,14555280,121668229,121362740,https://app.lincolninst.edu/research-data/data-toolkits/fiscally-standardized-cities/search-database,2026-09-14
Utica,NY,2023,fisc,64044,28472682,14555280,526195751,505549887,https://app.lincolninst.edu/research-data/data-toolkits/fiscally-standardized-cities/search-database,2026-09-14
Yonkers,NY,2012,city_only,197689,82206189,55429259,982684742,960303602,https://app.lincolninst.edu/research-data/data-toolkits/fiscally-standardized-cities/search-database,2026-09-14
Yonkers,NY,2012,fisc,197689,91404428,55429259,1727719760,1604083510,https://app.lincolninst.edu/research-data/data-toolkits/fiscally-standardized-cities/search-database,2026-09-14
Yonkers,NY,2017,city_only,200188,99418184,68116288,1161601969,1137252292,https://app.lincolninst.edu/research-data/data-toolkits/fiscally-standardized-cities/search-database,2026-09-14
Yonkers,NY,2017,fisc,200188,106122397,68116288,2073507022,1942901283,https://app.lincolninst.edu/research-data/data-toolkits/fiscally-standardized-cities/search-database,2026-09-14
Yonkers,NY,2022,city_only,210104,108262086,72045574,1340127992,1307967600,https://app.lincolninst.edu/research-data/data-toolkits/fiscally-standardized-cities/search-database,2026-09-14
Yonkers,NY,2022,fisc,210104,117821211,72045574,2401424962,2275342181,https://app.lincolninst.edu/research-data/data-toolkits/fiscally-standardized-cities/search-database,2026-09-14
Yonkers,NY,2023,city_only,208768,116068745,72477987,1456664106,1419607786,https://app.lincolninst.edu/research-data/data-toolkits/fiscally-standardized-cities/search-database,2026-09-14
Yonkers,NY,2023,fisc,208768,126584389,72477987,2564485235,2431687910,https://app.lincolninst.edu/research-data/data-toolkits/fiscally-standardized-cities/search-database,2026-09-14
Akron,OH,2012,city_only,198992,33795236,25800374,369105634,329948502,https://app.lincolninst.edu/research-data/data-toolkits/fiscally-standardized-cities/search-database,2026-09-14
Akron,OH,2012,fisc,198992,44553514,25800374,1019194988,955634934,https://app.lincolninst.edu/research-data/data-toolkits/fiscally-standardized-cities/search-database,2026-09-14
Akron,OH,2017,city_only,198019,59475488,50409841,445236221,400110293,https://app.lincolninst.edu/research-data/data-toolkits/fiscally-standardized-cities/search-database,2026-09-14
Akron,OH,2017,fisc,198019,67488176,50409841,1145981600,1074512567,https://app.lincolninst.edu/research-data/data-toolkits/fiscally-standardized-cities/search-database,2026-09-14
Akron,OH,2022,city_only,188644,73845774,68165608,530088979,500591979,https://app.lincolninst.edu/research-data/data-toolkits/fiscally-standardized-cities/search-database,2026-09-14
Akron,OH,2022,fisc,188644,84090002,68165608,1285203100,1226732727,https://app.lincolninst.edu/research-data/data-toolkits/fiscally-standardized-cities/search-database,2026-09-14
Akron,OH,2023,city_only,188750,74165538,40637875,427892475,391682675,https://app.lincolninst.edu/research-data/data-toolkits/fiscally-standardized-cities/search-database,2026-09-14
Akron,OH,2023,fisc,188750,87778188,40637875,1218079250,1153379525,https://app.lincolninst.edu/research-data/data-toolkits/fiscally-standardized-cities/search-database,2026-09-14
Canton,OH,2012,city_only,73213,20434129,18055912,134580262,111615106,https://app.lincolninst.edu/research-data/data-toolkits/fiscally-standardized-cities/search-database,2026-09-14
Canton,OH,2012,fisc,73213,25247384,18055912,324542470,295562538,https://app.lincolninst.edu/research-data/data-toolkits/fiscally-standardized-cities/search-database,2026-09-14
Canton,OH,2017,city_only,71683,19038994,18495204,179311731,161958890,https://app.lincolninst.edu/research-data/data-toolkits/fiscally-standardized-cities/search-database,2026-09-14
Canton,OH,2017,fisc,71683,24749077,18495204,402732733,374535231,https://app.lincolninst.edu/research-data/data-toolkits/fiscally-standardized-cities/search-database,2026-09-14
Canton,OH,2022,city_only,70164,21091015,18859736,205738654,182206102,https://app.lincolninst.edu/research-data/data-toolkits/fiscally-standardized-cities/search-database,2026-09-14
Canton,OH,2022,fisc,70164,24783308,18859736,446753222,414100122,https://app.lincolninst.edu/research-data/data-toolkits/fiscally-standardized-cities/search-database,2026-09-14
Canton,OH,2023,city_only,69592,21963931,19574838,143035221,126145243,https://app.lincolninst.edu/research-data/data-toolkits/fiscally-standardized-cities/search-database,2026-09-14
Canton,OH,2023,fisc,69592,22215158,19574838,402360762,372228122,https://app.lincolninst.edu/research-data/data-toolkits/fiscally-standardized-cities/search-database,2026-09-14
Cincinnati,OH,2012,city_only,296292,114028530,75050084,925308869,782031435,https://app.lincolninst.edu/research-data/data-toolkits/fiscally-standardized-cities/search-database,2026-09-14
Cincinnati,OH,2012,fisc,296292,146548149,75050084,2073519792,1866196613,https://app.lincolninst.edu/research-data/data-toolkits/fiscally-standardized-cities/search-database,2026-09-14
Cincinnati,OH,2017,city_only,299978,157514193,106253063,960223141,873367356,https://app.lincolninst.edu/research-data/data-toolkits/fiscally-standardized-cities/search-database,2026-09-14
Cincinnati,OH,2017,fisc,299978,194959770,106253063,2151956334,2005043316,https://app.lincolninst.edu/research-data/data-toolkits/fiscally-standardized-cities/search-database,2026-09-14
Cincinnati,OH,2022,city_only,308701,167905545,76140109,850812351,648925428,https://app.lincolninst.edu/research-data/data-toolkits/fiscally-standardized-cities/search-database,2026-09-14
Cincinnati,OH,2022,fisc,308701,207206057,76140109,2176486369,1919638029,https://app.lincolninst.edu/research-data/data-toolkits/fiscally-standardized-cities/search-database,2026-09-14
Cincinnati,OH,2023,city_only,310211,172688259,65792651,977837808,769006865,https://app.lincolninst.edu/research-data/data-toolkits/fiscally-standardized-cities/search-database,2026-09-14
Cincinnati,OH,2023,fisc,310211,209773985,66130781,2133286924,1866604731,https://app.lincolninst.edu/research-data/data-toolkits/fiscally-standardized-cities/search-database,2026-09-14
Cleveland,OH,2012,city_only,392862,172693815,89813335,1307589209,888503728,https://app.lincolninst.edu/research-data/data-toolkits/fiscally-standardized-cities/search-database,2026-09-14
Cleveland,OH,2012,fisc,392862,187950833,89834057,3064369424,2532665007,https://app.lincolninst.edu/research-data/data-toolkits/fiscally-standardized-cities/search-database,2026-09-14
Cleveland,OH,2017,city_only,387885,240555707,87426579,1440859786,1006597636,https://app.lincolninst.edu/research-data/data-toolkits/fiscally-standardized-cities/search-database,2026-09-14
Cleveland,OH,2017,fisc,387885,279120383,87426579,3529078158,2953422597,https://app.lincolninst.edu/research-data/data-toolkits/fiscally-standardized-cities/search-database,2026-09-14
Cleveland,OH,2022,city_only,365432,221477768,133812556,1250635841,800755395,https://app.lincolninst.edu/research-data/data-toolkits/fiscally-standardized-cities/search-database,2026-09-14
Cleveland,OH,2022,fisc,365432,255972452,133812556,3280729383,2737873340,https://app.lincolninst.edu/research-data/data-toolkits/fiscally-standardized-cities/search-database,2026-09-14
Cleveland,OH,2023,city_only,363622,222511210,134878308,1285447405,861365975,https://app.lincolninst.edu/research-data/data-toolkits/fiscally-standardized-cities/search-database,2026-09-14
Cleveland,OH,2023,fisc,363622,272527417,134878308,3451350939,2931553290,https://app.lincolninst.edu/research-data/data-toolkits/fiscally-standardized-cities/search-database,2026-09-14
Cleveland Heights,OH,2012,city_only,45742,8915170,6638986,67469014,56866007,https://app.lincolninst.edu/research-data/data-toolkits/fiscally-standardized-cities/search-database,2026-09-14
Cleveland Heights,OH,2012,fisc,45742,10691242,6641399,278529279,254134056,https://app.lincolninst.edu/research-data/data-toolkits/fiscally-standardized-cities/search-database,2026-09-14
Cleveland Heights,OH,2017,city_only,44767,7529994,5753824,68135838,54631980,https://app.lincolninst.edu/research-data/data-toolkits/fiscally-standardized-cities/search-database,2026-09-14
Cleveland Heights,OH,2017,fisc,44767,11980862,5753824,357449445,326847973,https://app.lincolninst.edu/research-data/data-toolkits/fiscally-standardized-cities/search-database,2026-09-14
Cleveland Heights,OH,2022,city_only,44727,10741800,9237819,29864825,29864825,https://app.lincolninst.edu/research-data/data-toolkits/fiscally-standardized-cities/search-database,2026-09-14
Cleveland Heights,OH,2022,fisc,44727,14963772,9237819,276285286,266292254,https://app.lincolninst.edu/research-data/data-toolkits/fiscally-standardized-cities/search-database,2026-09-14
Cleveland Heights,OH,2023,city_only,44293,10423915,8964017,28981796,28981796,https://app.lincolninst.edu/research-data/data-toolkits/fiscally-standardized-cities/search-database,2026-09-14
Cleveland Heights,OH,2023,fisc,44293,16516860,8964017,295728416,285277039,https://app.lincolninst.edu/research-data/data-toolkits/fiscally-standardized-cities/search-database,2026-09-14
Columbus,OH,2012,city_only,800677,255671921,189615197,1573168430,1316440712,https://app.lincolninst.edu/research-data/data-toolkits/fiscally-standardized-cities/search-database,2026-09-14
Columbus,OH,2012,fisc,800677,287068322,189615197,4408775039,4035662238,https://app.lincolninst.edu/research-data/data-toolkits/fiscally-standardized-cities/search-database,2026-09-14
Columbus,OH,2017,city_only,867384,311283952,259292813,2105714419,1749479867,https://app.lincolninst.edu/research-data/data-toolkits/fiscally-standardized-cities/search-database,2026-09-14
Columbus,OH,2017,fisc,867384,362772694,259292813,5783367092,5260957665,https://app.lincolninst.edu/research-data/data-toolkits/fiscally-standardized-cities/search-database,2026-09-14
Columbus,OH,2022,city_only,902862,356500263,283051376,2389560278,2079583425,https://app.lincolninst.edu/research-data/data-toolkits/fiscally-standardized-cities/search-database,2026-09-14
Columbus,OH,2022,fisc,902862,480262073,283051376,5983136005,5540751705,https://app.lincolninst.edu/research-data/data-toolkits/fiscally-standardized-cities/search-database,2026-09-14
Columbus,OH,2023,city_only,911227,393841422,300112612,2587483740,2256252726,https://app.lincolninst.edu/research-data/data-toolkits/fiscally-standardized-cities/search-database,2026-09-14
Columbus,OH,2023,fisc,911227,535236515,318920338,6073173046,5576599893,https://app.lincolninst.edu/research-data/data-toolkits/fiscally-standardized-cities/search-database,2026-09-14
Dayton,OH,2012,city_only,141962,43218625,34724229,347407018,297156261,https://app.lincolninst.edu/research-data/data-toolkits/fiscally-standardized-cities/search-database,2026-09-14
Dayton,OH,2012,fisc,141962,55851647,34724229,800866165,720755053,https://app.lincolninst.edu/research-data/data-toolkits/fiscally-standardized-cities/search-database,2026-09-14
Dayton,OH,2017,city_only,140907,56274475,38764719,331286569,276081020,https://app.lincolninst.edu/research-data/data-toolkits/fiscally-standardized-cities/search-database,2026-09-14
Dayton,OH,2017,fisc,140907,65729312,38764719,834292751,738279848,https://app.lincolninst.edu/research-data/data-toolkits/fiscally-standardized-cities/search-database,2026-09-14
Dayton,OH,2022,city_only,136909,60705114,45843439,430736084,369219640,https://app.lincolninst.edu/research-data/data-toolkits/fiscally-standardized-cities/search-database,2026-09-14
Dayton,OH,2022,fisc,136909,76840984,45843439,912859478,823423810,https://app.lincolninst.edu/research-data/data-toolkits/fiscally-standardized-cities/search-database,2026-09-14
Dayton,OH,2023,city_only,136100,56750978,45009631,298822521,257506644,https://app.lincolninst.edu/research-data/data-toolkits/fiscally-standardized-cities/search-database,2026-09-14
Dayton,OH,2023,fisc,136100,73455892,45009631,846290215,776385172,https://app.lincolninst.edu/research-data/data-toolkits/fiscally-standardized-cities/search-database,2026-09-14
Euclid,OH,2012,city_only,48506,11407079,7737150,78516962,71006052,https://app.lincolninst.edu/research-data/data-toolkits/fiscally-standardized-cities/search-database,2026-09-14
Euclid,OH,2012,fisc,48506,13290837,7739709,321205221,302780284,https://app.lincolninst.edu/research-data/data-toolkits/fiscally-standardized-cities/search-database,2026-09-14
Euclid,OH,2017,city_only,47497,11723008,8349887,132748038,131108858,https://app.lincolninst.edu/research-data/data-toolkits/fiscally-standardized-cities/search-database,2026-09-14
Euclid,OH,2017,fisc,47497,16445300,8349887,356112203,341006522,https://app.lincolninst.edu/research-data/data-toolkits/fiscally-standardized-cities/search-database,2026-09-14
Euclid,OH,2022,city_only,49057,14667179,10445930,145904720,145522126,https://app.lincolninst.edu/research-data/data-toolkits/fiscally-standardized-cities/search-database,2026-09-14
Euclid,OH,2022,fisc,49057,19297407,10445930,409081379,398337667,https://app.lincolninst.edu/research-data/data-toolkits/fiscally-standardized-cities/search-database,2026-09-14
Euclid,OH,2023,city_only,48603,14231930,10137128,140485999,140105924,https://app.lincolninst.edu/research-data/data-toolkits/fiscally-standardized-cities/search-database,2026-09-14
Euclid,OH,2023,fisc,48603,20917759,10137128,412880055,401724208,https://app.lincolninst.edu/research-data/data-toolkits/fiscally-standardized-cities/search-database,2026-09-14
Lima,OH,2012,city_only,38375,9028925,7691864,68206916,56491145,https://app.lincolninst.edu/research-data/data-toolkits/fiscally-standardized-cities/search-database,2026-09-14
Lima,OH,2012,fisc,38375,12863435,7691864,168065240,154288647,https://app.lincolninst.edu/research-data/data-toolkits/fiscally-standardized-cities/search-database,2026-09-14
Lima,OH,2017,city_only,37342,8520866,7425905,89140003,75372939,https://app.lincolninst.edu/research-data/data-toolkits/fiscally-standardized-cities/search-database,2026-09-14
Lima,OH,2017,fisc,37342,12835221,7425905,199474176,183247131,https://app.lincolninst.edu/research-data/data-toolkits/fiscally-standardized-cities/search-database,2026-09-14
Lima,OH,2022,city_only,35262,8282039,7431957,77626084,59873922,https://app.lincolninst.edu/research-data/data-toolkits/fiscally-standardized-cities/search-database,2026-09-14
Lima,OH,2022,fisc,35262,12938189,7431957,220003735,199978026,https://app.lincolninst.edu/research-data/data-toolkits/fiscally-standardized-cities/search-database,2026-09-14
Lima,OH,2023,city_only,34912,10558087,8354092,91068999,68258895,https://app.lincolninst.edu/research-data/data-toolkits/fiscally-standardized-cities/search-database,2026-09-14
Lima,OH,2023,fisc,34912,15219886,8354092,227609133,202407557,https://app.lincolninst.edu/research-data/data-toolkits/fiscally-standardized-cities/search-database,2026-09-14
Springfield,OH,2012,city_only,60273,12373111,13433118,87421088,79901121,https://app.lincolninst.edu/research-data/data-toolkits/fiscally-standardized-cities/search-database,2026-09-14
Springfield,OH,2012,fisc,60273,18513342,13433118,243970188,231492620,https://app.lincolninst.edu/research-data/data-toolkits/fiscally-standardized-cities/search-database,2026-09-14
Springfield,OH,2017,city_only,58937,24787171,7149781,97894155,85070066,https://app.lincolninst.edu/research-data/data-toolkits/fiscally-standardized-cities/search-database,2026-09-14
Springfield,OH,2017,fisc,58937,31842128,7149781,287316885,268059415,https://app.lincolninst.edu/research-data/data-toolkits/fiscally-standardized-cities/search-database,2026-09-14
Springfield,OH,2022,city_only,58333,30969858,8904878,109346677,98055063,https://app.lincolninst.edu/research-data/data-toolkits/fiscally-standardized-cities/search-database,2026-09-14
Springfield,OH,2022,fisc,58333,30969858,8904878,312077474,297182786,https://app.lincolninst.edu/research-data/data-toolkits/fiscally-standardized-cities/search-database,2026-09-14
Springfield,OH,2023,city_only,57955,30050247,8638772,106680087,94744254,https://app.lincolninst.edu/research-data/data-toolkits/fiscally-standardized-cities/search-database,2026-09-14
Springfield,OH,2023,fisc,57955,30050247,8638772,308636455,293330539,https://app.lincolninst.edu/research-data/data-toolkits/fiscally-standardized-cities/search-database,2026-09-14
Toledo,OH,2012,city_only,285457,94655899,38768331,420852771,366802095,https://app.lincolninst.edu/research-data/data-toolkits/fiscally-standardized-cities/search-database,2026-09-14
Toledo,OH,2012,fisc,285457,104739451,38768331,1299117639,1221256188,https://app.lincolninst.edu/research-data/data-toolkits/fiscally-standardized-cities/search-database,2026-09-14
Toledo,OH,2017,city_only,279041,86394371,79763327,555074909,449072494,https://app.lincolninst.edu/research-data/data-toolkits/fiscally-standardized-cities/search-database,2026-09-14
Toledo,OH,2017,fisc,279041,144358760,79763327,1606162648,1475698999,https://app.lincolninst.edu/research-data/data-toolkits/fiscally-standardized-cities/search-database,2026-09-14
Toledo,OH,2022,city_only,268860,0,0,234916962,179023087,https://app.lincolninst.edu/research-data/data-toolkits/fiscally-standardized-cities/search-database,2026-09-14
Toledo,OH,2022,fisc,268860,12472507,0,1094048051,1022773999,https://app.lincolninst.edu/research-data/data-toolkits/fiscally-standardized-cities/search-database,2026-09-14
Toledo,OH,2023,city_only,266637,0,0,255507572,209328710,https://app.lincolninst.edu/research-data/data-toolkits/fiscally-standardized-cities/search-database,2026-09-14
Toledo,OH,2023,fisc,266637,12555936,0,1158655085,1080903736,https://app.lincolninst.edu/research-data/data-toolkits/fiscally-standardized-cities/search-database,2026-09-14
Warren,OH,2012,city_only,41039,7338962,5921141,65638144,56820134,https://app.lincolninst.edu/research-data/data-toolkits/fiscally-standardized-cities/search-database,2026-09-14
Warren,OH,2012,fisc,41039,11418328,5921141,179263259,167671763,https://app.lincolninst.edu/research-data/data-toolkits/fiscally-standardized-cities/search-database,2026-09-14
Warren,OH,2017,city_only,39845,6387968,5091078,61433023,52217925,https://app.lincolninst.edu/research-data/data-toolkits/fiscally-standardized-cities/search-database,2026-09-14
Warren,OH,2017,fisc,39845,10698860,5091078,180447504,167417383,https://app.lincolninst.edu/research-data/data-toolkits/fiscally-standardized-cities/search-database,2026-09-14
Warren,OH,2022,city_only,39068,7097917,5243138,74543139,64984065,https://app.lincolninst.edu/research-data/data-toolkits/fiscally-standardized-cities/search-database,2026-09-14
Warren,OH,2022,fisc,39068,11925296,5243138,203305269,190354460,https://app.lincolninst.edu/research-data/data-toolkits/fiscally-standardized-cities/search-database,2026-09-14
Warren,OH,2023,city_only,38921,8076886,5531063,85372824,73712093,https://app.lincolninst.edu/research-data/data-toolkits/fiscally-standardized-cities/search-database,2026-09-14
Warren,OH,2023,fisc,38921,13201614,5531063,228804104,212465847,https://app.lincolninst.edu/research-data/data-toolkits/fiscally-standardized-cities/search-database,2026-09-14
Youngstown,OH,2012,city_only,66482,19795810,14012910,124148986,88677132,https://app.lincolninst.edu/research-data/data-toolkits/fiscally-standardized-cities/search-database,2026-09-14
Youngstown,OH,2012,fisc,66482,25382840,14012910,312719890,270712217,https://app.lincolninst.edu/research-data/data-toolkits/fiscally-standardized-cities/search-database,2026-09-14
Youngstown,OH,2017,city_only,64303,23000810,16282239,136459196,101128764,https://app.lincolninst.edu/research-data/data-toolkits/fiscally-standardized-cities/search-database,2026-09-14
Youngstown,OH,2017,fisc,64303,32172890,16282239,344507792,295639865,https://app.lincolninst.edu/research-data/data-toolkits/fiscally-standardized-cities/search-database,2026-09-14
Youngstown,OH,2022,city_only,59194,20832872,14705189,182015161,149086112,https://app.lincolninst.edu/research-data/data-toolkits/fiscally-standardized-cities/search-database,2026-09-14
Youngstown,OH,2022,fisc,59194,20833441,14705189,363867152,327014635,https://app.lincolninst.edu/research-data/data-toolkits/fiscally-standardized-cities/search-database,2026-09-14
Youngstown,OH,2023,city_only,59260,20210030,14266845,177593924,142880008,https://app.lincolninst.edu/research-data/data-toolkits/fiscally-standardized-cities/search-database,2026-09-14
Youngstown,OH,2023,fisc,59260,20210030,14266845,334210400,295496434,https://app.lincolninst.edu/research-data/data-toolkits/fiscally-standardized-cities/search-database,2026-09-14
Oklahoma,OK,2012,city_only,591042,154443677,133280542,1009519834,813996873,https://app.lincolninst.edu/research-data/data-toolkits/fiscally-standardized-cities/search-database,2026-09-14
Oklahoma,OK,2012,fisc,591042,164869371,133280542,1972647333,1776554321,https://app.lincolninst.edu/research-data/data-toolkits/fiscally-standardized-cities/search-database,2026-09-14
Oklahoma,OK,2017,city_only,640010,177225507,129111732,1291935947,989944136,https://app.lincolninst.edu/research-data/data-toolkits/fiscally-standardized-cities/search-database,2026-09-14
Oklahoma,OK,2017,fisc,640010,188969490,129111732,2301702237,1998660110,https://app.lincolninst.edu/research-data/data-toolkits/fiscally-standardized-cities/search-database,2026-09-14
Oklahoma,OK,2022,city_only,688596,159965725,141083593,1440987815,1004317827,https://app.lincolninst.edu/research-data/data-toolkits/fiscally-standardized-cities/search-database,2026-09-14
Oklahoma,OK,2022,fisc,688596,177505276,141083593,2816460252,2379671216,https://app.lincolninst.edu/research-data/data-toolkits/fiscally-standardized-cities/search-database,2026-09-14
Oklahoma,OK,2023,city_only,696756,196638478,199286151,1792941312,1210460264,https://app.lincolninst.edu/research-data/data-toolkits/fiscally-standardized-cities/search-database,2026-09-14
Oklahoma,OK,2023,fisc,696756,215632047,199286151,3222837910,2640231446,https://app.lincolninst.edu/research-data/data-toolkits/fiscally-standardized-cities/search-database,2026-09-14
Tulsa,OK,2012,city_only,392937,87148002,70324772,836104457,711807377,https://app.lincolninst.edu/research-data/data-toolkits/fiscally-standardized-cities/search-database,2026-09-14
Tulsa,OK,2012,fisc,392937,95313871,70324772,1586295564,1458688316,https://app.lincolninst.edu/research-data/data-toolkits/fiscally-standardized-cities/search-database,2026-09-14
Tulsa,OK,2017,city_only,404086,104701864,72064815,872810261,741455891,https://app.lincolninst.edu/research-data/data-toolkits/fiscally-standardized-cities/search-database,2026-09-14
Tulsa,OK,2017,fisc,404086,114928572,72064815,1679566255,1545318760,https://app.lincolninst.edu/research-data/data-toolkits/fiscally-standardized-cities/search-database,2026-09-14
Tulsa,OK,2022,city_only,412923,127077637,92066046,1089404590,919169259,https://app.lincolninst.edu/research-data/data-toolkits/fiscally-standardized-cities/search-database,2026-09-14
Tulsa,OK,2022,fisc,412923,169386613,92066046,2109051720,1938677580,https://app.lincolninst.edu/research-data/data-toolkits/fiscally-standardized-cities/search-database,2026-09-14
Tulsa,OK,2023,city_only,413062,142840970,114488395,1210692983,1020225964,https://app.lincolninst.edu/research-data/data-toolkits/fiscally-standardized-cities/search-database,2026-09-14
Tulsa,OK,2023,fisc,413062,151841591,114488395,2154081154,1963324992,https://app.lincolninst.edu/research-data/data-toolkits/fiscally-standardized-cities/search-database,2026-09-14
Eugene,OR,2012,city_only,157438,46410456,31296985,532581397,252874231,https://app.lincolninst.edu/research-data/data-toolkits/fiscally-standardized-cities/search-database,2026-09-14
Eugene,OR,2012,fisc,157438,56740763,31296985,868830028,559897157,https://app.lincolninst.edu/research-data/data-toolkits/fiscally-standardized-cities/search-database,2026-09-14
Eugene,OR,2017,city_only,166048,53447485,37244396,557569263,283496618,https://app.lincolninst.edu/research-data/data-toolkits/fiscally-standardized-cities/search-database,2026-09-14
Eugene,OR,2017,fisc,166048,62848750,37244396,961724794,643687412,https://app.lincolninst.edu/research-data/data-toolkits/fiscally-standardized-cities/search-database,2026-09-14
Eugene,OR,2022,city_only,180086,67133239,49471695,723995309,398451075,https://app.lincolninst.edu/research-data/data-toolkits/fiscally-standardized-cities/search-database,2026-09-14
Eugene,OR,2022,fisc,180086,78282619,49471695,1310960145,951895127,https://app.lincolninst.edu/research-data/data-toolkits/fiscally-standardized-cities/search-database,2026-09-14
Eugene,OR,2023,city_only,182053,72253195,51238817,766787210,396811821,https://app.lincolninst.edu/research-data/data-toolkits/fiscally-standardized-cities/search-database,2026-09-14
Eugene,OR,2023,fisc,182053,85444755,51238817,1371793022,963428117,https://app.lincolninst.edu/research-data/data-toolkits/fiscally-standardized-cities/search-database,2026-09-14
Portland,OR,2012,city_only,595610,172978736,96688216,1451835671,1280836117,https://app.lincolninst.edu/research-data/data-toolkits/fiscally-standardized-cities/search-database,2026-09-14
Portland,OR,2012,fisc,595610,197191182,96688216,3389773770,3032300239,https://app.lincolninst.edu/research-data/data-toolkits/fiscally-standardized-cities/search-database,2026-09-14
Portland,OR,2017,city_only,643065,205960123,115791461,1645435824,1455031476,https://app.lincolninst.edu/research-data/data-toolkits/fiscally-standardized-cities/search-database,2026-09-14
Portland,OR,2017,fisc,643065,235902534,115791461,4230948496,3812872156,https://app.lincolninst.edu/research-data/data-toolkits/fiscally-standardized-cities/search-database,2026-09-14
Portland,OR,2022,city_only,642803,214480666,146969264,2137249824,1875248788,https://app.lincolninst.edu/research-data/data-toolkits/fiscally-standardized-cities/search-database,2026-09-14
Portland,OR,2022,fisc,642803,257284190,146969264,5813994204,5303185717,https://app.lincolninst.edu/research-data/data-toolkits/fiscally-standardized-cities/search-database,2026-09-14
Portland,OR,2023,city_only,636093,240036054,173850578,2296728273,2046699198,https://app.lincolninst.edu/research-data/data-toolkits/fiscally-standardized-cities/search-database,2026-09-14
Portland,OR,2023,fisc,636093,282209020,173850578,6136592721,5637285159,https://app.lincolninst.edu/research-data/data-toolkits/fiscally-standardized-cities/search-database,2026-09-14
Salem,OR,2012,city_only,156149,33460987,25287230,264087540,234084545,https://app.lincolninst.edu/research-data/data-toolkits/fiscally-standardized-cities/search-database,2026-09-14
Salem,OR,2012,fisc,156149,41013506,25287230,661869603,617953455,https://app.lincolninst.edu/research-data/data-toolkits/fiscally-standardized-cities/search-database,2026-09-14
Salem,OR,2017,city_only,166557,41052617,28865058,311692517,279125368,https://app.lincolninst.edu/research-data/data-toolkits/fiscally-standardized-cities/search-database,2026-09-14
Salem,OR,2017,fisc,166557,51613559,28865058,739725569,690361670,https://app.lincolninst.edu/research-data/data-toolkits/fiscally-standardized-cities/search-database,2026-09-14
Salem,OR,2022,city_only,178215,51415695,40527645,387557053,341420205,https://app.lincolninst.edu/research-data/data-toolkits/fiscally-standardized-cities/search-database,2026-09-14
Salem,OR,2022,fisc,178215,66903051,40527645,1070958896,1006631936,https://app.lincolninst.edu/research-data/data-toolkits/fiscally-standardized-cities/search-database,2026-09-14
Salem,OR,2023,city_only,180167,53381680,45018328,492455866,442223505,https://app.lincolninst.edu/research-data/data-toolkits/fiscally-standardized-cities/search-database,2026-09-14
Salem,OR,2023,fisc,180167,68892257,45018328,1174216802,1101575270,https://app.lincolninst.edu/research-data/data-toolkits/fiscally-standardized-cities/search-database,2026-09-14
Altoona,PA,2012,city_only,45801,5203945,4117878,27075079,27075079,https://app.lincolninst.edu/research-data/data-toolkits/fiscally-standardized-cities/search-database,2026-09-14
Altoona,PA,2012,fisc,45801,6032905,4117878,155243846,145968268,https://app.lincolninst.edu/research-data/data-toolkits/fiscally-standardized-cities/search-database,2026-09-14
Altoona,PA,2017,city_only,44313,8956903,8797913,34446967,34446967,https://app.lincolninst.edu/research-data/data-toolkits/fiscally-standardized-cities/search-database,2026-09-14
Altoona,PA,2017,fisc,44313,11951331,8797913,172881490,167816987,https://app.lincolninst.edu/research-data/data-toolkits/fiscally-standardized-cities/search-database,2026-09-14
Altoona,PA,2022,city_only,43531,6442905,10769811,46662770,46518944,https://app.lincolninst.edu/research-data/data-toolkits/fiscally-standardized-cities/search-database,2026-09-14
Altoona,PA,2022,fisc,43531,7861097,10769811,209935848,196242271,https://app.lincolninst.edu/research-data/data-toolkits/fiscally-standardized-cities/search-database,2026-09-14
Altoona,PA,2023,city_only,43062,7373076,6858054,54280943,54132810,https://app.lincolninst.edu/research-data/data-toolkits/fiscally-standardized-cities/search-database,2026-09-14
Altoona,PA,2023,fisc,43062,8616276,6858054,224464981,210638634,https://app.lincolninst.edu/research-data/data-toolkits/fiscally-standardized-cities/search-database,2026-09-14
Chester,PA,2012,city_only,33753,14940108,6025078,45572122,45572122,https://app.lincolninst.edu/research-data/data-toolkits/fiscally-standardized-cities/search-database,2026-09-14
Chester,PA,2012,fisc,33753,15788044,6025078,221728461,178650044,https://app.lincolninst.edu/research-data/data-toolkits/fiscally-standardized-cities/search-database,2026-09-14
Chester,PA,2017,city_only,33978,17278015,10492927,55412048,55412048,https://app.lincolninst.edu/research-data/data-toolkits/fiscally-standardized-cities/search-database,2026-09-14
Chester,PA,2017,fisc,33978,18603708,10492927,246103536,230809414,https://app.lincolninst.edu/research-data/data-toolkits/fiscally-standardized-cities/search-database,2026-09-14
Chester,PA,2022,city_only,33693,19764075,12006852,62862922,62862922,https://app.lincolninst.edu/research-data/data-toolkits/fiscally-standardized-cities/search-database,2026-09-14
Chester,PA,2022,fisc,33693,19764075,12006852,282560187,270096076,https://app.lincolninst.edu/research-data/data-toolkits/fiscally-standardized-cities/search-database,2026-09-14
Chester,PA,2023,city_only,33681,20239923,12291881,64612957,64612957,https://app.lincolninst.edu/research-data/data-toolkits/fiscally-standardized-cities/search-database,2026-09-14
Chester,PA,2023,fisc,33681,20239923,12291881,302052555,287830079,https://app.lincolninst.edu/research-data/data-toolkits/fiscally-standardized-cities/search-database,2026-09-14
Erie,PA,2012,city_only,101405,14729366,10694206,105030302,105030302,https://app.lincolninst.edu/research-data/data-toolkits/fiscally-standardized-cities/search-database,2026-09-14
Erie,PA,2012,fisc,101405,16343124,10694206,460389523,433601286,https://app.lincolninst.edu/research-data/data-toolkits/fiscally-standardized-cities/search-database,2026-09-14
Erie,PA,2017,city_only,98496,17477853,12670612,106740257,106740257,https://app.lincolninst.edu/research-data/data-toolkits/fiscally-standardized-cities/search-database,2026-09-14
Erie,PA,2017,fisc,98496,17477853,12670612,470377544,463365959,https://app.lincolninst.edu/research-data/data-toolkits/fiscally-standardized-cities/search-database,2026-09-14
Erie,PA,2022,city_only,94317,20390441,14764024,179868710,179868710,https://app.lincolninst.edu/research-data/data-toolkits/fiscally-standardized-cities/search-database,2026-09-14
Erie,PA,2022,fisc,94317,20390441,14764024,646554261,641050137,https://app.lincolninst.edu/research-data/data-toolkits/fiscally-standardized-cities/search-database,2026-09-14
Erie,PA,2023,city_only,93796,23414295,18442170,207971057,207971057,https://app.lincolninst.edu/research-data/data-toolkits/fiscally-standardized-cities/search-database,2026-09-14
Erie,PA,2023,fisc,93796,23414295,18442170,710386517,704526143,https://app.lincolninst.edu/research-data/data-toolkits/fiscally-standardized-cities/search-database,2026-09-14
Harrisburg,PA,2012,city_only,49421,19598829,10572866,88189889,78679076,https://app.lincolninst.edu/research-data/data-toolkits/fiscally-standardized-cities/search-database,2026-09-14
Harrisburg,PA,2012,fisc,49421,21027313,10572866,339155073,310613696,https://app.lincolninst.edu/research-data/data-toolkits/fiscally-standardized-cities/search-database,2026-09-14
Harrisburg,PA,2017,city_only,49196,19323830,10389917,139865948,139637990,https://app.lincolninst.edu/research-data/data-toolkits/fiscally-standardized-cities/search-database,2026-09-14
Harrisburg,PA,2017,fisc,49196,20355183,10389917,403339976,387970988,https://app.lincolninst.edu/research-data/data-toolkits/fiscally-standardized-cities/search-database,2026-09-14
Harrisburg,PA,2022,city_only,50248,23106073,12066779,82865174,82493079,https://app.lincolninst.edu/research-data/data-toolkits/fiscally-standardized-cities/search-database,2026-09-14
Harrisburg,PA,2022,fisc,50248,24665397,12066779,346417844,328057306,https://app.lincolninst.edu/research-data/data-toolkits/fiscally-standardized-cities/search-database,2026-09-14
Harrisburg,PA,2023,city_only,50213,0,0,4168181,4168181,https://app.lincolninst.edu/research-data/data-toolkits/fiscally-standardized-cities/search-database,2026-09-14
Harrisburg,PA,2023,fisc,50213,1780051,0,287392599,272897612,https://app.lincolninst.edu/research-data/data-toolkits/fiscally-standardized-cities/search-database,2026-09-14
Johnstown,PA,2012,city_only,20775,2483982,2432950,24675923,24675923,https://app.lincolninst.edu/research-data/data-toolkits/fiscally-standardized-cities/search-database,2026-09-14
Johnstown,PA,2012,fisc,20775,5887639,2432950,104553759,100491224,https://app.lincolninst.edu/research-data/data-toolkits/fiscally-standardized-cities/search-database,2026-09-14
Johnstown,PA,2017,city_only,19767,2733029,2320061,48348070,48187939,https://app.lincolninst.edu/research-data/data-toolkits/fiscally-standardized-cities/search-database,2026-09-14
Johnstown,PA,2017,fisc,19767,3196246,2320061,131236426,127963375,https://app.lincolninst.edu/research-data/data-toolkits/fiscally-standardized-cities/search-database,2026-09-14
Johnstown,PA,2022,city_only,18232,2704948,2396051,36482912,36482912,https://app.lincolninst.edu/research-data/data-toolkits/fiscally-standardized-cities/search-database,2026-09-14
Johnstown,PA,2022,fisc,18232,3155510,2396051,139812551,136709224,https://app.lincolninst.edu/research-data/data-toolkits/fiscally-standardized-cities/search-database,2026-09-14
Johnstown,PA,2023,city_only,18088,2635964,2544077,44472966,44472966,https://app.lincolninst.edu/research-data/data-toolkits/fiscally-standardized-cities/search-database,2026-09-14
Johnstown,PA,2023,fisc,18088,3089250,2544077,148058962,144420561,https://app.lincolninst.edu/research-data/data-toolkits/fiscally-standardized-cities/search-database,2026-09-14
Mckeesport,PA,2012,city_only,19740,4172052,2132954,18402010,18402010,https://app.lincolninst.edu/research-data/data-toolkits/fiscally-standardized-cities/search-database,2026-09-14
Mckeesport,PA,2012,fisc,19740,5000245,2132954,116336586,104666917,https://app.lincolninst.edu/research-data/data-toolkits/fiscally-standardized-cities/search-database,2026-09-14
Mckeesport,PA,2017,city_only,19363,5421945,2756924,18649072,18649072,https://app.lincolninst.edu/research-data/data-toolkits/fiscally-standardized-cities/search-database,2026-09-14
Mckeesport,PA,2017,fisc,19363,6367452,2756924,114510855,105428225,https://app.lincolninst.edu/research-data/data-toolkits/fiscally-standardized-cities/search-database,2026-09-14
Mckeesport,PA,2022,city_only,17562,5279066,2664919,23694991,23694991,https://app.lincolninst.edu/research-data/data-toolkits/fiscally-standardized-cities/search-database,2026-09-14
Mckeesport,PA,2022,fisc,17562,6291631,2664919,135841205,127042874,https://app.lincolninst.edu/research-data/data-toolkits/fiscally-standardized-cities/search-database,2026-09-14
Mckeesport,PA,2023,city_only,17339,5263947,2779962,24449030,27901919,https://app.lincolninst.edu/research-data/data-toolkits/fiscally-standardized-cities/search-database,2026-09-14
Mckeesport,PA,2023,fisc,17339,7689500,2779962,139452895,133438690,https://app.lincolninst.edu/research-data/data-toolkits/fiscally-standardized-cities/search-database,2026-09-14
Philadelphia,PA,2012,city_only,1540615,610114467,199308471,6350358619,5386970497,https://app.lincolninst.edu/research-data/data-toolkits/fiscally-standardized-cities/search-database,2026-09-14
Philadelphia,PA,2012,fisc,1540615,610114467,199308471,11008214641,8767889455,https://app.lincolninst.edu/research-data/data-toolkits/fiscally-standardized-cities/search-database,2026-09-14
Philadelphia,PA,2017,city_only,1576604,673357644,255209028,7490756585,6668905387,https://app.lincolninst.edu/research-data/data-toolkits/fiscally-standardized-cities/search-database,2026-09-14
Philadelphia,PA,2017,fisc,1576604,673357644,255209028,12505229686,10750055660,https://app.lincolninst.edu/research-data/data-toolkits/fiscally-standardized-cities/search-database,2026-09-14
Philadelphia,PA,2022,city_only,1589918,783930819,344947274,10208035728,9281721962,https://app.lincolninst.edu/research-data/data-toolkits/fiscally-standardized-cities/search-database,2026-09-14
Philadelphia,PA,2022,fisc,1589918,783930819,344947274,16565837446,14663504155,https://app.lincolninst.edu/research-data/data-toolkits/fiscally-standardized-cities/search-database,2026-09-14
Philadelphia,PA,2023,city_only,1570554,791243090,369895936,11023454868,9915950124,https://app.lincolninst.edu/research-data/data-toolkits/fiscally-standardized-cities/search-database,2026-09-14
Philadelphia,PA,2023,fisc,1570554,791243090,369895936,17558591945,15354906124,https://app.lincolninst.edu/research-data/data-toolkits/fiscally-standardized-cities/search-database,2026-09-14
Pittsburgh,PA,2012,city_only,306117,77243489,51538716,548855957,548855957,https://app.lincolninst.edu/research-data/data-toolkits/fiscally-standardized-cities/search-database,2026-09-14
Pittsburgh,PA,2012,fisc,306117,90086650,51538716,2097365561,1774637336,https://app.lincolninst.edu/research-data/data-toolkits/fiscally-standardized-cities/search-database,2026-09-14
Pittsburgh,PA,2017,city_only,304789,94371158,68805202,755574881,755574881,https://app.lincolninst.edu/research-data/data-toolkits/fiscally-standardized-cities/search-database,2026-09-14
Pittsburgh,PA,2017,fisc,304789,109254187,68805202,2415074368,2108780638,https://app.lincolninst.edu/research-data/data-toolkits/fiscally-standardized-cities/search-database,2026-09-14
Pittsburgh,PA,2022,city_only,305427,130558884,90469509,761745056,761745056,https://app.lincolninst.edu/research-data/data-toolkits/fiscally-standardized-cities/search-database,2026-09-14
Pittsburgh,PA,2022,fisc,305427,148171690,90469509,2807922465,2343782199,https://app.lincolninst.edu/research-data/data-toolkits/fiscally-standardized-cities/search-database,2026-09-14
Pittsburgh,PA,2023,city_only,303057,129914475,95556903,803098019,803098019,https://app.lincolninst.edu/research-data/data-toolkits/fiscally-standardized-cities/search-database,2026-09-14
Pittsburgh,PA,2023,fisc,303057,172309118,95556903,2983162793,2497750335,https://app.lincolninst.edu/research-data/data-toolkits/fiscally-standardized-cities/search-database,2026-09-14
Reading,PA,2012,city_only,88200,28243082,11262807,152042909,135858813,https://app.lincolninst.edu/research-data/data-toolkits/fiscally-standardized-cities/search-database,2026-09-14
Reading,PA,2012,fisc,88200,30731971,11262807,515800935,481849025,https://app.lincolninst.edu/research-data/data-toolkits/fiscally-standardized-cities/search-database,2026-09-14
Reading,PA,2017,city_only,88155,34855702,13243749,148398773,125220972,https://app.lincolninst.edu/research-data/data-toolkits/fiscally-standardized-cities/search-database,2026-09-14
Reading,PA,2017,fisc,88155,38206530,13243749,532905039,487949339,https://app.lincolninst.edu/research-data/data-toolkits/fiscally-standardized-cities/search-database,2026-09-14
Reading,PA,2022,city_only,94963,40138995,18766130,172933874,154992268,https://app.lincolninst.edu/research-data/data-toolkits/fiscally-standardized-cities/search-database,2026-09-14
Reading,PA,2022,fisc,94963,42660908,18766130,656649446,615249039,https://app.lincolninst.edu/research-data/data-toolkits/fiscally-standardized-cities/search-database,2026-09-14
Reading,PA,2023,city_only,95011,43920735,30907078,202930194,185394964,https://app.lincolninst.edu/research-data/data-toolkits/fiscally-standardized-cities/search-database,2026-09-14
Reading,PA,2023,fisc,95011,46465130,30907078,725417536,682913415,https://app.lincolninst.edu/research-data/data-toolkits/fiscally-standardized-cities/search-database,2026-09-14
Scranton,PA,2012,city_only,75931,16212235,17135101,70236235,70236235,https://app.lincolninst.edu/research-data/data-toolkits/fiscally-standardized-cities/search-database,2026-09-14
Scranton,PA,2012,fisc,75931,17409157,17135101,297141155,287965703,https://app.lincolninst.edu/research-data/data-toolkits/fiscally-standardized-cities/search-database,2026-09-14
Scranton,PA,2017,city_only,77265,24891170,23393200,107436174,107436174,https://app.lincolninst.edu/research-data/data-toolkits/fiscally-standardized-cities/search-database,2026-09-14
Scranton,PA,2017,fisc,77265,26721678,23393200,379248178,372544605,https://app.lincolninst.edu/research-data/data-toolkits/fiscally-standardized-cities/search-database,2026-09-14
Scranton,PA,2022,city_only,76181,25298913,26874973,83521680,83521680,https://app.lincolninst.edu/research-data/data-toolkits/fiscally-standardized-cities/search-database,2026-09-14
Scranton,PA,2022,fisc,76181,27322036,26874973,396522557,391200976,https://app.lincolninst.edu/research-data/data-toolkits/fiscally-standardized-cities/search-database,2026-09-14
Scranton,PA,2023,city_only,75895,25880954,28978988,85161021,85161021,https://app.lincolninst.edu/research-data/data-toolkits/fiscally-standardized-cities/search-database,2026-09-14
Scranton,PA,2023,fisc,75895,27734310,28978988,445854285,439453301,https://app.lincolninst.edu/research-data/data-toolkits/fiscally-standardized-cities/search-database,2026-09-14
Wilkes-Barre,PA,2012,city_only,41398,9144073,6106134,60560999,57260099,https://app.lincolninst.edu/research-data/data-toolkits/fiscally-standardized-cities/search-database,2026-09-14
Wilkes-Barre,PA,2012,fisc,41398,9550212,6106134,173044572,160841349,https://app.lincolninst.edu/research-data/data-toolkits/fiscally-standardized-cities/search-database,2026-09-14
Wilkes-Barre,PA,2017,city_only,40797,10197995,7274108,51081868,50946980,https://app.lincolninst.edu/research-data/data-toolkits/fiscally-standardized-cities/search-database,2026-09-14
Wilkes-Barre,PA,2017,fisc,40797,11131709,7274108,179670202,173124030,https://app.lincolninst.edu/research-data/data-toolkits/fiscally-standardized-cities/search-database,2026-09-14
Wilkes-Barre,PA,2022,city_only,44346,12440894,7694792,88062054,87714924,https://app.lincolninst.edu/research-data/data-toolkits/fiscally-standardized-cities/search-database,2026-09-14
Wilkes-Barre,PA,2022,fisc,44346,13266766,7694792,261030898,250645952,https://app.lincolninst.edu/research-data/data-toolkits/fiscally-standardized-cities/search-database,2026-09-14
Wilkes-Barre,PA,2023,city_only,44323,14275109,7381996,124360144,131384010,https://app.lincolninst.edu/research-data/data-toolkits/fiscally-standardized-cities/search-database,2026-09-14
Wilkes-Barre,PA,2023,fisc,44323,15036135,7381996,298062424,296024896,https://app.lincolninst.edu/research-data/data-toolkits/fiscally-standardized-cities/search-database,2026-09-14
York,PA,2012,city_only,43762,9759886,5242996,63196895,63196895,https://app.lincolninst.edu/research-data/data-toolkits/fiscally-standardized-cities/search-database,2026-09-14
York,PA,2012,fisc,43762,10519296,5275311,270226642,234834112,https://app.lincolninst.edu/research-data/data-toolkits/fiscally-standardized-cities/search-database,2026-09-14
York,PA,2017,city_only,44088,10663846,6203878,66900941,66900941,https://app.lincolninst.edu/research-data/data-toolkits/fiscally-standardized-cities/search-database,2026-09-14
York,PA,2017,fisc,44088,11521437,6235798,274928752,265646344,https://app.lincolninst.edu/research-data/data-toolkits/fiscally-standardized-cities/search-database,2026-09-14
York,PA,2022,city_only,44852,12199017,7251863,74965927,74965927,https://app.lincolninst.edu/research-data/data-toolkits/fiscally-standardized-cities/search-database,2026-09-14
York,PA,2022,fisc,44852,13344479,7287618,315852784,308183058,https://app.lincolninst.edu/research-data/data-toolkits/fiscally-standardized-cities/search-database,2026-09-14
York,PA,2023,city_only,44879,12510919,7457992,76733217,76733217,https://app.lincolninst.edu/research-data/data-toolkits/fiscally-standardized-cities/search-database,2026-09-14
York,PA,2023,fisc,44879,13802536,7492549,327887769,320148834,https://app.lincolninst.edu/research-data/data-toolkits/fiscally-standardized-cities/search-database,2026-09-14
Providence,RI,2012,city_only,178317,82196240,63076461,777281505,714866107,https://app.lincolninst.edu/research-data/data-toolkits/fiscally-standardized-cities/search-database,2026-09-14
Providence,RI,2012,fisc,178317,82196240,63076461,834957938,766149574,https://app.lincolninst.edu/research-data/data-toolkits/fiscally-standardized-cities/search-database,2026-09-14
Providence,RI,2017,city_only,179634,94872396,72596487,865688213,778518094,https://app.lincolninst.edu/research-data/data-toolkits/fiscally-standardized-cities/search-database,2026-09-14
Providence,RI,2017,fisc,179634,94872396,72596487,925661926,829461501,https://app.lincolninst.edu/research-data/data-toolkits/fiscally-standardized-cities/search-database,2026-09-14
Providence,RI,2022,city_only,190200,90777335,85446733,1024544219,938900192,https://app.lincolninst.edu/research-data/data-toolkits/fiscally-standardized-cities/search-database,2026-09-14
Providence,RI,2022,fisc,190200,90777335,85446733,1103847425,1006605045,https://app.lincolninst.edu/research-data/data-toolkits/fiscally-standardized-cities/search-database,2026-09-14
Providence,RI,2023,city_only,190879,104242839,90644620,1145886722,1058700830,https://app.lincolninst.edu/research-data/data-toolkits/fiscally-standardized-cities/search-database,2026-09-14
Providence,RI,2023,fisc,190879,104242839,90644620,1235758281,1134033136,https://app.lincolninst.edu/research-data/data-toolkits/fiscally-standardized-cities/search-database,2026-09-14
Warwick,RI,2012,city_only,82053,19338935,21442297,314047014,304118181,https://app.lincolninst.edu/research-data/data-toolkits/fiscally-standardized-cities/search-database,2026-09-14
Warwick,RI,2012,fisc,82053,19338935,21442297,321593026,308723072,https://app.lincolninst.edu/research-data/data-toolkits/fiscally-standardized-cities/search-database,2026-09-14
Warwick,RI,2017,city_only,81092,22872733,22716169,343032938,332871918,https://app.lincolninst.edu/research-data/data-toolkits/fiscally-standardized-cities/search-database,2026-09-14
Warwick,RI,2017,fisc,81092,22872733,22716169,352015813,337778250,https://app.lincolninst.edu/research-data/data-toolkits/fiscally-standardized-cities/search-database,2026-09-14
Warwick,RI,2022,city_only,83059,22513320,26971150,392884191,380424923,https://app.lincolninst.edu/research-data/data-toolkits/fiscally-standardized-cities/search-database,2026-09-14
Warwick,RI,2022,fisc,83059,22513320,26971150,404026374,386502984,https://app.lincolninst.edu/research-data/data-toolkits/fiscally-standardized-cities/search-database,2026-09-14
Warwick,RI,2023,city_only,83141,23256201,28155700,436098656,424477207,https://app.lincolninst.edu/research-data/data-toolkits/fiscally-standardized-cities/search-database,2026-09-14
Warwick,RI,2023,fisc,83141,23256201,28155700,448758536,430803406,https://app.lincolninst.edu/research-data/data-toolkits/fiscally-standardized-cities/search-database,2026-09-14
Charleston,SC,2012,city_only,123105,40001839,21780057,265766784,169987407,https://app.lincolninst.edu/research-data/data-toolkits/fiscally-standardized-cities/search-database,2026-09-14
Charleston,SC,2012,fisc,123105,64478430,22503585,564984693,462879082,https://app.lincolninst.edu/research-data/data-toolkits/fiscally-standardized-cities/search-database,2026-09-14
Charleston,SC,2017,city_only,134637,49084923,28954461,216601207,175771658,https://app.lincolninst.edu/research-data/data-toolkits/fiscally-standardized-cities/search-database,2026-09-14
Charleston,SC,2017,fisc,134637,79328271,29685553,611454366,556992944,https://app.lincolninst.edu/research-data/data-toolkits/fiscally-standardized-cities/search-database,2026-09-14
Charleston,SC,2022,city_only,152116,60972632,38632217,621759257,334086426,https://app.lincolninst.edu/research-data/data-toolkits/fiscally-standardized-cities/search-database,2026-09-14
Charleston,SC,2022,fisc,152116,84097613,39638858,1175477480,870620165,https://app.lincolninst.edu/research-data/data-toolkits/fiscally-standardized-cities/search-database,2026-09-14
Charleston,SC,2023,city_only,154291,59044080,42781808,454914670,283497369,https://app.lincolninst.edu/research-data/data-toolkits/fiscally-standardized-cities/search-database,2026-09-14
Charleston,SC,2023,fisc,154291,89237286,43520862,1002224963,811303737,https://app.lincolninst.edu/research-data/data-toolkits/fiscally-standardized-cities/search-database,2026-09-14
Columbia,SC,2012,city_only,131463,33402297,21971024,283220174,200214674,https://app.lincolninst.edu/research-data/data-toolkits/fiscally-standardized-cities/search-database,2026-09-14
Columbia,SC,2012,fisc,131463,45783534,28477142,620370396,533840419,https://app.lincolninst.edu/research-data/data-toolkits/fiscally-standardized-cities/search-database,2026-09-14
Columbia,SC,2017,city_only,134424,43923680,24255457,369725395,287266575,https://app.lincolninst.edu/research-data/data-toolkits/fiscally-standardized-cities/search-database,2026-09-14
Columbia,SC,2017,fisc,134424,60366133,32762709,779473916,690801460,https://app.lincolninst.edu/research-data/data-toolkits/fiscally-standardized-cities/search-database,2026-09-14
Columbia,SC,2022,city_only,136400,54036496,54126891,477764527,324940823,https://app.lincolninst.edu/research-data/data-toolkits/fiscally-standardized-cities/search-database,2026-09-14
Columbia,SC,2022,fisc,136400,81861092,68846848,898569791,740005356,https://app.lincolninst.edu/research-data/data-toolkits/fiscally-standardized-cities/search-database,2026-09-14
Columbia,SC,2023,city_only,139639,49291171,52293409,429363394,335933731,https://app.lincolninst.edu/research-data/data-toolkits/fiscally-standardized-cities/search-database,2026-09-14
Columbia,SC,2023,fisc,139639,66334111,67145413,856322204,757456395,https://app.lincolninst.edu/research-data/data-toolkits/fiscally-standardized-cities/search-database,2026-09-14
Rapid City,SD,2012,city_only,69590,11924015,10992222,155637763,125451232,https://app.lincolninst.edu/research-data/data-toolkits/fiscally-standardized-cities/search-database,2026-09-14
Rapid City,SD,2012,fisc,69590,19303900,11128556,307761245,277473512,https://app.lincolninst.edu/research-data/data-toolkits/fiscally-standardized-cities/search-database,2026-09-14
Rapid City,SD,2017,city_only,74186,16253717,11191104,116243769,96162804,https://app.lincolninst.edu/research-data/data-toolkits/fiscally-standardized-cities/search-database,2026-09-14
Rapid City,SD,2017,fisc,74186,24759839,11402966,254048555,233840473,https://app.lincolninst.edu/research-data/data-toolkits/fiscally-standardized-cities/search-database,2026-09-14
Rapid City,SD,2022,city_only,76769,20312173,14400201,128360136,116994079,https://app.lincolninst.edu/research-data/data-toolkits/fiscally-standardized-cities/search-database,2026-09-14
Rapid City,SD,2022,fisc,76769,31881736,15235605,306934431,295392150,https://app.lincolninst.edu/research-data/data-toolkits/fiscally-standardized-cities/search-database,2026-09-14
Rapid City,SD,2023,city_only,78702,21262919,14979352,131092347,111420782,https://app.lincolninst.edu/research-data/data-toolkits/fiscally-standardized-cities/search-database,2026-09-14
Rapid City,SD,2023,fisc,78702,32785679,15679012,312230510,292330709,https://app.lincolninst.edu/research-data/data-toolkits/fiscally-standardized-cities/search-database,2026-09-14
Sioux Falls,SD,2012,city_only,156496,27855126,21495686,261582536,225712369,https://app.lincolninst.edu/research-data/data-toolkits/fiscally-standardized-cities/search-database,2026-09-14
Sioux Falls,SD,2012,fisc,156496,34009385,21910765,590040015,553480014,https://app.lincolninst.edu/research-data/data-toolkits/fiscally-standardized-cities/search-database,2026-09-14
Sioux Falls,SD,2017,city_only,173734,29636469,22030637,311773420,270487813,https://app.lincolninst.edu/research-data/data-toolkits/fiscally-standardized-cities/search-database,2026-09-14
Sioux Falls,SD,2017,fisc,173734,38772692,22463899,658104319,615732763,https://app.lincolninst.edu/research-data/data-toolkits/fiscally-standardized-cities/search-database,2026-09-14
Sioux Falls,SD,2022,city_only,196833,42916405,37917904,372917683,318533460,https://app.lincolninst.edu/research-data/data-toolkits/fiscally-standardized-cities/search-database,2026-09-14
Sioux Falls,SD,2022,fisc,196833,52206358,41167686,829841946,775119323,https://app.lincolninst.edu/research-data/data-toolkits/fiscally-standardized-cities/search-database,2026-09-14
Sioux Falls,SD,2023,city_only,201936,48317227,61313828,492818750,420200545,https://app.lincolninst.edu/research-data/data-toolkits/fiscally-standardized-cities/search-database,2026-09-14
Sioux Falls,SD,2023,fisc,201936,58250459,64823475,1020598680,947734113,https://app.lincolninst.edu/research-data/data-toolkits/fiscally-standardized-cities/search-database,2026-09-14
Chattanooga,TN,2012,city_only,172380,54878068,38528950,1107340698,395381868,https://app.lincolninst.edu/research-data/data-toolkits/fiscally-standardized-cities/search-database,2026-09-14
Chattanooga,TN,2012,fisc,172380,63868979,52212747,1743628842,1031667414,https://app.lincolninst.edu/research-data/data-toolkits/fiscally-standardized-cities/search-database,2026-09-14
Chattanooga,TN,2017,city_only,177933,70753915,40810538,1103678060,389807840,https://app.lincolninst.edu/research-data/data-toolkits/fiscally-standardized-cities/search-database,2026-09-14
Chattanooga,TN,2017,fisc,177933,81387758,41720906,1940658374,1226792449,https://app.lincolninst.edu/research-data/data-toolkits/fiscally-standardized-cities/search-database,2026-09-14
Chattanooga,TN,2022,city_only,181885,86022688,57030516,1320651426,535867784,https://app.lincolninst.edu/research-data/data-toolkits/fiscally-standardized-cities/search-database,2026-09-14
Chattanooga,TN,2022,fisc,181885,101259475,57030516,2323845907,1539057024,https://app.lincolninst.edu/research-data/data-toolkits/fiscally-standardized-cities/search-database,2026-09-14
Chattanooga,TN,2023,city_only,185030,89132652,60388241,1404242628,572442113,https://app.lincolninst.edu/research-data/data-toolkits/fiscally-standardized-cities/search-database,2026-09-14
Chattanooga,TN,2023,fisc,185030,109508155,60388241,2541997649,1710197134,https://app.lincolninst.edu/research-data/data-toolkits/fiscally-standardized-cities/search-database,2026-09-14
Knoxville,TN,2012,city_only,179978,49820529,33667541,1045706282,318211558,https://app.lincolninst.edu/research-data/data-toolkits/fiscally-standardized-cities/search-database,2026-09-14
Knoxville,TN,2012,fisc,179978,67724294,33934701,1418861867,689460410,https://app.lincolninst.edu/research-data/data-toolkits/fiscally-standardized-cities/search-database,2026-09-14
Knoxville,TN,2017,city_only,185121,33203664,23547557,1061170991,290056998,https://app.lincolninst.edu/research-data/data-toolkits/fiscally-standardized-cities/search-database,2026-09-14
Knoxville,TN,2017,fisc,185121,66323932,23547557,1483247401,710090198,https://app.lincolninst.edu/research-data/data-toolkits/fiscally-standardized-cities/search-database,2026-09-14
Knoxville,TN,2022,city_only,192158,66083756,47987592,1309398145,497796754,https://app.lincolninst.edu/research-data/data-toolkits/fiscally-standardized-cities/search-database,2026-09-14
Knoxville,TN,2022,fisc,192158,100834664,48262588,1827531628,1008653014,https://app.lincolninst.edu/research-data/data-toolkits/fiscally-standardized-cities/search-database,2026-09-14
Knoxville,TN,2023,city_only,196210,70360906,51093084,1411393469,534876308,https://app.lincolninst.edu/research-data/data-toolkits/fiscally-standardized-cities/search-database,2026-09-14
Knoxville,TN,2023,fisc,196210,107226803,51093084,1940834760,1062122010,https://app.lincolninst.edu/research-data/data-toolkits/fiscally-standardized-cities/search-database,2026-09-14
Memphis,TN,2012,city_only,655434,224988217,157673497,4064668271,2274541192,https://app.lincolninst.edu/research-data/data-toolkits/fiscally-standardized-cities/search-database,2026-09-14
Memphis,TN,2012,fisc,655434,328419780,172301978,5245708251,3455556479,https://app.lincolninst.edu/research-data/data-toolkits/fiscally-standardized-cities/search-database,2026-09-14
Memphis,TN,2017,city_only,653026,253041908,171851851,2831513104,1060209241,https://app.lincolninst.edu/research-data/data-toolkits/fiscally-standardized-cities/search-database,2026-09-14
Memphis,TN,2017,fisc,653026,376195484,189130019,4590613505,2818805323,https://app.lincolninst.edu/research-data/data-toolkits/fiscally-standardized-cities/search-database,2026-09-14
Memphis,TN,2022,city_only,622541,290801953,215211981,3037500691,1426014808,https://app.lincolninst.edu/research-data/data-toolkits/fiscally-standardized-cities/search-database,2026-09-14
Memphis,TN,2022,fisc,622541,419182928,234022774,5294365409,3682413142,https://app.lincolninst.edu/research-data/data-toolkits/fiscally-standardized-cities/search-database,2026-09-14
Memphis,TN,2023,city_only,618468,304675891,229600060,3385654634,1611492590,https://app.lincolninst.edu/research-data/data-toolkits/fiscally-standardized-cities/search-database,2026-09-14
Memphis,TN,2023,fisc,618468,442878750,249879626,5779700969,4005081259,https://app.lincolninst.edu/research-data/data-toolkits/fiscally-standardized-cities/search-database,2026-09-14
Nashville,TN,2012,city_only,636083,193911436,108607275,3743279634,2402919193,https://app.lincolninst.edu/research-data/data-toolkits/fiscally-standardized-cities/search-database,2026-09-14
Nashville,TN,2012,fisc,636083,199739611,110121834,3971537042,2628238549,https://app.lincolninst.edu/research-data/data-toolkits/fiscally-standardized-cities/search-database,2026-09-14
Nashville,TN,2017,city_only,686420,213302290,128225445,4845719126,3405658092,https://app.lincolninst.edu/research-data/data-toolkits/fiscally-standardized-cities/search-database,2026-09-14
Nashville,TN,2017,fisc,686420,221049601,129876511,5084604659,3640772126,https://app.lincolninst.edu/research-data/data-toolkits/fiscally-standardized-cities/search-database,2026-09-14
Nashville,TN,2022,city_only,700966,273023721,162314228,5403160502,3756252443,https://app.lincolninst.edu/research-data/data-toolkits/fiscally-standardized-cities/search-database,2026-09-14
Nashville,TN,2022,fisc,700966,283034972,165189012,5781500970,4129779162,https://app.lincolninst.edu/research-data/data-toolkits/fiscally-standardized-cities/search-database,2026-09-14
Nashville,TN,2023,city_only,711280,311611768,175465663,5822708787,3931927389,https://app.lincolninst.edu/research-data/data-toolkits/fiscally-standardized-cities/search-database,2026-09-14
Nashville,TN,2023,fisc,711280,322160050,178524167,6207248094,4312561768,https://app.lincolninst.edu/research-data/data-toolkits/fiscally-standardized-cities/search-database,2026-09-14
Arlington,TX,2012,city_only,370284,84657293,39053066,523615761,480012038,https://app.lincolninst.edu/research-data/data-toolkits/fiscally-standardized-cities/search-database,2026-09-14
Arlington,TX,2012,fisc,370284,98895186,39120028,1584362541,1504021537,https://app.lincolninst.edu/research-data/data-toolkits/fiscally-standardized-cities/search-database,2026-09-14
Arlington,TX,2017,city_only,394323,99374346,48461132,518585184,463294385,https://app.lincolninst.edu/research-data/data-toolkits/fiscally-standardized-cities/search-database,2026-09-14
Arlington,TX,2017,fisc,394323,111517385,48549953,1833357868,1707502307,https://app.lincolninst.edu/research-data/data-toolkits/fiscally-standardized-cities/search-database,2026-09-14
Arlington,TX,2022,city_only,393559,107408326,49574527,632894537,549360608,https://app.lincolninst.edu/research-data/data-toolkits/fiscally-standardized-cities/search-database,2026-09-14
Arlington,TX,2022,fisc,393559,125113784,49661467,2063165958,1945033809,https://app.lincolninst.edu/research-data/data-toolkits/fiscally-standardized-cities/search-database,2026-09-14
Arlington,TX,2023,city_only,395943,117298114,52058586,679121434,593257235,https://app.lincolninst.edu/research-data/data-toolkits/fiscally-standardized-cities/search-database,2026-09-14
Arlington,TX,2023,fisc,395943,130546367,52149653,2190503175,2057486124,https://app.lincolninst.edu/research-data/data-toolkits/fiscally-standardized-cities/search-database,2026-09-14
Austin,TX,2012,city_only,828569,269198424,127794020,2996301204,1511495646,https://app.lincolninst.edu/research-data/data-toolkits/fiscally-standardized-cities/search-database,2026-09-14
Austin,TX,2012,fisc,828569,314955538,127794020,5201651762,3445512573,https://app.lincolninst.edu/research-data/data-toolkits/fiscally-standardized-cities/search-database,2026-09-14
Austin,TX,2017,city_only,939778,347606719,167985848,3581719852,2008338094,https://app.lincolninst.edu/research-data/data-toolkits/fiscally-standardized-cities/search-database,2026-09-14
Austin,TX,2017,fisc,939778,406719290,167985848,6723924617,4546549819,https://app.lincolninst.edu/research-data/data-toolkits/fiscally-standardized-cities/search-database,2026-09-14
Austin,TX,2022,city_only,969940,445402999,239018317,4908618476,2893959662,https://app.lincolninst.edu/research-data/data-toolkits/fiscally-standardized-cities/search-database,2026-09-14
Austin,TX,2022,fisc,969940,517154142,239148740,9389506236,6415755800,https://app.lincolninst.edu/research-data/data-toolkits/fiscally-standardized-cities/search-database,2026-09-14
Austin,TX,2023,city_only,979214,364639709,229625683,5111095602,3011034089,https://app.lincolninst.edu/research-data/data-toolkits/fiscally-standardized-cities/search-database,2026-09-14
Austin,TX,2023,fisc,979214,439226440,229850902,9865776893,6577390230,https://app.lincolninst.edu/research-data/data-toolkits/fiscally-standardized-cities/search-database,2026-09-14
Corpus Christi,TX,2012,city_only,308090,73551092,46696342,519688619,380026743,https://app.lincolninst.edu/research-data/data-toolkits/fiscally-standardized-cities/search-database,2026-09-14
Corpus Christi,TX,2012,fisc,308090,82507318,46696342,1274163615,1111502948,https://app.lincolninst.edu/research-data/data-toolkits/fiscally-standardized-cities/search-database,2026-09-14
Corpus Christi,TX,2017,city_only,325851,85272008,55234137,560449156,416815759,https://app.lincolninst.edu/research-data/data-toolkits/fiscally-standardized-cities/search-database,2026-09-14
Corpus Christi,TX,2017,fisc,325851,96189865,55234137,1548270185,1370535849,https://app.lincolninst.edu/research-data/data-toolkits/fiscally-standardized-cities/search-database,2026-09-14
Corpus Christi,TX,2022,city_only,318162,85605934,67341257,718009308,500590281,https://app.lincolninst.edu/research-data/data-toolkits/fiscally-standardized-cities/search-database,2026-09-14
Corpus Christi,TX,2022,fisc,318162,99286871,67411541,1823421070,1527100593,https://app.lincolninst.edu/research-data/data-toolkits/fiscally-standardized-cities/search-database,2026-09-14
Corpus Christi,TX,2023,city_only,316441,86755465,65104571,737025898,517216486,https://app.lincolninst.edu/research-data/data-toolkits/fiscally-standardized-cities/search-database,2026-09-14
Corpus Christi,TX,2023,fisc,316441,101267449,65167860,2002157016,1707892201,https://app.lincolninst.edu/research-data/data-toolkits/fiscally-standardized-cities/search-database,2026-09-14
Dallas,TX,2012,city_only,1218214,355356458,189560773,2875860260,2531491369,https://app.lincolninst.edu/research-data/data-toolkits/fiscally-standardized-cities/search-database,2026-09-14
Dallas,TX,2012,fisc,1218214,371952549,189726000,7134896400,6229528225,https://app.lincolninst.edu/research-data/data-toolkits/fiscally-standardized-cities/search-database,2026-09-14
Dallas,TX,2017,city_only,1323587,410863781,216084940,3679790024,3224376159,https://app.lincolninst.edu/research-data/data-toolkits/fiscally-standardized-cities/search-database,2026-09-14
Dallas,TX,2017,fisc,1323587,434118414,216670565,8315809679,7418366140,https://app.lincolninst.edu/research-data/data-toolkits/fiscally-standardized-cities/search-database,2026-09-14
Dallas,TX,2022,city_only,1290070,593908124,386711854,4583247926,4186165108,https://app.lincolninst.edu/research-data/data-toolkits/fiscally-standardized-cities/search-database,2026-09-14
Dallas,TX,2022,fisc,1290070,621266656,387455292,10866578303,9841475930,https://app.lincolninst.edu/research-data/data-toolkits/fiscally-standardized-cities/search-database,2026-09-14
Dallas,TX,2023,city_only,1303012,619203382,408246063,4894861306,4452333050,https://app.lincolninst.edu/research-data/data-toolkits/fiscally-standardized-cities/search-database,2026-09-14
Dallas,TX,2023,fisc,1303012,648573228,409040899,11660636490,10485725403,https://app.lincolninst.edu/research-data/data-toolkits/fiscally-standardized-cities/search-database,2026-09-14
El Paso,TX,2012,city_only,664141,116715875,85038497,774959778,621592226,https://app.lincolninst.edu/research-data/data-toolkits/fiscally-standardized-cities/search-database,2026-09-14
El Paso,TX,2012,fisc,664141,149299035,87280434,2670342909,2513066979,https://app.lincolninst.edu/research-data/data-toolkits/fiscally-standardized-cities/search-database,2026-09-14
El Paso,TX,2017,city_only,679001,119607496,97692838,1067744207,744530308,https://app.lincolninst.edu/research-data/data-toolkits/fiscally-standardized-cities/search-database,2026-09-14
El Paso,TX,2017,fisc,679001,161541402,97692838,3357432722,3030662880,https://app.lincolninst.edu/research-data/data-toolkits/fiscally-standardized-cities/search-database,2026-09-14
El Paso,TX,2022,city_only,678546,147399066,157350801,1284998952,1011616274,https://app.lincolninst.edu/research-data/data-toolkits/fiscally-standardized-cities/search-database,2026-09-14
El Paso,TX,2022,fisc,678546,191885339,166513956,4572453680,4285573922,https://app.lincolninst.edu/research-data/data-toolkits/fiscally-standardized-cities/search-database,2026-09-14
El Paso,TX,2023,city_only,679247,148198110,133281846,1348318880,996944407,https://app.lincolninst.edu/research-data/data-toolkits/fiscally-standardized-cities/search-database,2026-09-14
El Paso,TX,2023,fisc,679247,200744658,144462252,4785838513,4427861759,https://app.lincolninst.edu/research-data/data-toolkits/fiscally-standardized-cities/search-database,2026-09-14
Ft. Worth,TX,2012,city_only,764124,234712658,107720817,1335878623,1116700240,https://app.lincolninst.edu/research-data/data-toolkits/fiscally-standardized-cities/search-database,2026-09-14
Ft. Worth,TX,2012,fisc,764124,264036626,107882033,3611460017,3228659304,https://app.lincolninst.edu/research-data/data-toolkits/fiscally-standardized-cities/search-database,2026-09-14
Ft. Worth,TX,2017,city_only,855947,284917901,135745360,1522552841,1302243782,https://app.lincolninst.edu/research-data/data-toolkits/fiscally-standardized-cities/search-database,2026-09-14
Ft. Worth,TX,2017,fisc,855947,311276490,135958818,4263970112,3752181048,https://app.lincolninst.edu/research-data/data-toolkits/fiscally-standardized-cities/search-database,2026-09-14
Ft. Worth,TX,2022,city_only,937692,361886348,186941290,2036774756,1732239766,https://app.lincolninst.edu/research-data/data-toolkits/fiscally-standardized-cities/search-database,2026-09-14
Ft. Worth,TX,2022,fisc,937692,403810119,187220482,5492049971,4965413562,https://app.lincolninst.edu/research-data/data-toolkits/fiscally-standardized-cities/search-database,2026-09-14
Ft. Worth,TX,2023,city_only,959520,398018491,184582862,2173101706,1791347078,https://app.lincolninst.edu/research-data/data-toolkits/fiscally-standardized-cities/search-database,2026-09-14
Ft. Worth,TX,2023,fisc,959520,430124030,184880314,5999062968,5347596864,https://app.lincolninst.edu/research-data/data-toolkits/fiscally-standardized-cities/search-database,2026-09-14
Galveston,TX,2012,city_only,47561,17782864,9595099,211527961,182325875,https://app.lincolninst.edu/research-data/data-toolkits/fiscally-standardized-cities/search-database,2026-09-14
Galveston,TX,2012,fisc,47561,20701460,9619110,402145530,361867903,https://app.lincolninst.edu/research-data/data-toolkits/fiscally-standardized-cities/search-database,2026-09-14
Galveston,TX,2017,city_only,50227,16148063,11008886,195591766,170213065,https://app.lincolninst.edu/research-data/data-toolkits/fiscally-standardized-cities/search-database,2026-09-14
Galveston,TX,2017,fisc,50227,19721526,11010098,349648687,304746446,https://app.lincolninst.edu/research-data/data-toolkits/fiscally-standardized-cities/search-database,2026-09-14
Galveston,TX,2022,city_only,53390,22942780,13366922,220035011,177284142,https://app.lincolninst.edu/research-data/data-toolkits/fiscally-standardized-cities/search-database,2026-09-14
Galveston,TX,2022,fisc,53390,27259455,13376152,425571884,352355078,https://app.lincolninst.edu/research-data/data-toolkits/fiscally-standardized-cities/search-database,2026-09-14
Galveston,TX,2023,city_only,53179,28702833,13435143,257699053,228076754,https://app.lincolninst.edu/research-data/data-toolkits/fiscally-standardized-cities/search-database,2026-09-14
Galveston,TX,2023,fisc,53179,33184760,13444183,535645478,461134253,https://app.lincolninst.edu/research-data/data-toolkits/fiscally-standardized-cities/search-database,2026-09-14
Garland,TX,2012,city_only,229983,45834259,27955623,456174696,234867436,https://app.lincolninst.edu/research-data/data-toolkits/fiscally-standardized-cities/search-database,2026-09-14
Garland,TX,2012,fisc,229983,48783706,27955623,1344306395,867272424,https://app.lincolninst.edu/research-data/data-toolkits/fiscally-standardized-cities/search-database,2026-09-14
Garland,TX,2017,city_only,236181,48023816,30574428,579331460,256219486,https://app.lincolninst.edu/research-data/data-toolkits/fiscally-standardized-cities/search-database,2026-09-14
Garland,TX,2017,fisc,236181,52040368,30654227,1610625628,1083300336,https://app.lincolninst.edu/research-data/data-toolkits/fiscally-standardized-cities/search-database,2026-09-14
Garland,TX,2022,city_only,244391,66852997,39676142,880900495,427069555,https://app.lincolninst.edu/research-data/data-toolkits/fiscally-standardized-cities/search-database,2026-09-14
Garland,TX,2022,fisc,244391,72017022,39793507,2103971629,1413050916,https://app.lincolninst.edu/research-data/data-toolkits/fiscally-standardized-cities/search-database,2026-09-14
Garland,TX,2023,city_only,246918,68386409,40052569,883023213,440662209,https://app.lincolninst.edu/research-data/data-toolkits/fiscally-standardized-cities/search-database,2026-09-14
Garland,TX,2023,fisc,246918,73900088,40173559,2151290359,1492987218,https://app.lincolninst.edu/research-data/data-toolkits/fiscally-standardized-cities/search-database,2026-09-14
Houston,TX,2012,city_only,2123298,594623963,351693051,3960234629,3648011451,https://app.lincolninst.edu/research-data/data-toolkits/fiscally-standardized-cities/search-database,2026-09-14
Houston,TX,2012,fisc,2123298,760855006,361420527,10633811067,9825198634,https://app.lincolninst.edu/research-data/data-toolkits/fiscally-standardized-cities/search-database,2026-09-14
Houston,TX,2017,city_only,2306360,729846786,400054818,4334533286,3901768300,https://app.lincolninst.edu/research-data/data-toolkits/fiscally-standardized-cities/search-database,2026-09-14
Houston,TX,2017,fisc,2306360,930449359,405583820,12839325424,11847185021,https://app.lincolninst.edu/research-data/data-toolkits/fiscally-standardized-cities/search-database,2026-09-14
Houston,TX,2022,city_only,2291070,980955079,517026415,5830146176,5285261597,https://app.lincolninst.edu/research-data/data-toolkits/fiscally-standardized-cities/search-database,2026-09-14
Houston,TX,2022,fisc,2291070,1228113774,524706114,16228811338,14854189143,https://app.lincolninst.edu/research-data/data-toolkits/fiscally-standardized-cities/search-database,2026-09-14
Houston,TX,2023,city_only,2314258,993210964,508396637,6019135691,5492155547,https://app.lincolninst.edu/research-data/data-toolkits/fiscally-standardized-cities/search-database,2026-09-14
Houston,TX,2023,fisc,2314258,1151645204,513233440,15850251027,14347139157,https://app.lincolninst.edu/research-data/data-toolkits/fiscally-standardized-cities/search-database,2026-09-14
Lubbock,TX,2012,city_only,233965,50301803,34832055,751753954,310168891,https://app.lincolninst.edu/research-data/data-toolkits/fiscally-standardized-cities/search-database,2026-09-14
Lubbock,TX,2012,fisc,233965,59781101,35405009,1652234332,1078237039,https://app.lincolninst.edu/research-data/data-toolkits/fiscally-standardized-cities/search-database,2026-09-14
Lubbock,TX,2017,city_only,251567,53586898,48930247,634923486,366169378,https://app.lincolninst.edu/research-data/data-toolkits/fiscally-standardized-cities/search-database,2026-09-14
Lubbock,TX,2017,fisc,251567,89696684,49533325,1751143487,1332998117,https://app.lincolninst.edu/research-data/data-toolkits/fiscally-standardized-cities/search-database,2026-09-14
Lubbock,TX,2022,city_only,261308,75019401,47667976,768811447,369678420,https://app.lincolninst.edu/research-data/data-toolkits/fiscally-standardized-cities/search-database,2026-09-14
Lubbock,TX,2022,fisc,261308,118506108,48819959,2057530857,1585592042,https://app.lincolninst.edu/research-data/data-toolkits/fiscally-standardized-cities/search-database,2026-09-14
Lubbock,TX,2023,city_only,264573,83766458,50051920,824409468,387594154,https://app.lincolninst.edu/research-data/data-toolkits/fiscally-standardized-cities/search-database,2026-09-14
Lubbock,TX,2023,fisc,264573,130659376,50893262,2235604810,1796233720,https://app.lincolninst.edu/research-data/data-toolkits/fiscally-standardized-cities/search-database,2026-09-14
San Antonio,TX,2012,city_only,1357807,308878259,226026449,4168904996,1743284747,https://app.lincolninst.edu/research-data/data-toolkits/fiscally-standardized-cities/search-database,2026-09-14
San Antonio,TX,2012,fisc,1357807,356627011,228973019,8327803933,5730269759,https://app.lincolninst.edu/research-data/data-toolkits/fiscally-standardized-cities/search-database,2026-09-14
San Antonio,TX,2017,city_only,1488500,389142657,269015907,5216999875,2286180180,https://app.lincolninst.edu/research-data/data-toolkits/fiscally-standardized-cities/search-database,2026-09-14
San Antonio,TX,2017,fisc,1488500,438453059,270979701,10352394505,7169921722,https://app.lincolninst.edu/research-data/data-toolkits/fiscally-standardized-cities/search-database,2026-09-14
San Antonio,TX,2022,city_only,1454238,492533509,342984229,6226415231,2950047074,https://app.lincolninst.edu/research-data/data-toolkits/fiscally-standardized-cities/search-database,2026-09-14
San Antonio,TX,2022,fisc,1454238,538416519,345679943,12400634174,8866022190,https://app.lincolninst.edu/research-data/data-toolkits/fiscally-standardized-cities/search-database,2026-09-14
San Antonio,TX,2023,city_only,1475931,519512601,349736373,7189889680,3184909347,https://app.lincolninst.edu/research-data/data-toolkits/fiscally-standardized-cities/search-database,2026-09-14
San Antonio,TX,2023,fisc,1475931,571317744,352939141,13879896628,9618296346,https://app.lincolninst.edu/research-data/data-toolkits/fiscally-standardized-cities/search-database,2026-09-14
Provo,UT,2012,city_only,115219,15167089,8311079,155218268,98079061,https://app.lincolninst.edu/research-data/data-toolkits/fiscally-standardized-cities/search-database,2026-09-14
Provo,UT,2012,fisc,115219,18839486,8841536,428448990,256566024,https://app.lincolninst.edu/research-data/data-toolkits/fiscally-standardized-cities/search-database,2026-09-14
Provo,UT,2017,city_only,116814,15070282,9513721,166763571,94367577,https://app.lincolninst.edu/research-data/data-toolkits/fiscally-standardized-cities/search-database,2026-09-14
Provo,UT,2017,fisc,116814,17407365,9920619,560643261,346357133,https://app.lincolninst.edu/research-data/data-toolkits/fiscally-standardized-cities/search-database,2026-09-14
Provo,UT,2022,city_only,114975,18070631,10804391,288332805,220260944,https://app.lincolninst.edu/research-data/data-toolkits/fiscally-standardized-cities/search-database,2026-09-14
Provo,UT,2022,fisc,114975,20631484,11333347,686718228,505434369,https://app.lincolninst.edu/research-data/data-toolkits/fiscally-standardized-cities/search-database,2026-09-14
Provo,UT,2023,city_only,114038,16625600,10445881,247503514,184445061,https://app.lincolninst.edu/research-data/data-toolkits/fiscally-standardized-cities/search-database,2026-09-14
Provo,UT,2023,fisc,114038,20150515,11212216,732869769,517902437,https://app.lincolninst.edu/research-data/data-toolkits/fiscally-standardized-cities/search-database,2026-09-14
Salt Lake City,UT,2012,city_only,188280,56893975,35528410,468452076,415890799,https://app.lincolninst.edu/research-data/data-toolkits/fiscally-standardized-cities/search-database,2026-09-14
Salt Lake City,UT,2012,fisc,188280,65145112,36413676,1009256241,849763573,https://app.lincolninst.edu/research-data/data-toolkits/fiscally-standardized-cities/search-database,2026-09-14
Salt Lake City,UT,2017,city_only,194797,75486848,36319750,883528811,816826901,https://app.lincolninst.edu/research-data/data-toolkits/fiscally-standardized-cities/search-database,2026-09-14
Salt Lake City,UT,2017,fisc,194797,95933847,36319750,1456706086,1316219155,https://app.lincolninst.edu/research-data/data-toolkits/fiscally-standardized-cities/search-database,2026-09-14
Salt Lake City,UT,2022,city_only,201161,64581575,44277388,1426291413,1315765069,https://app.lincolninst.edu/research-data/data-toolkits/fiscally-standardized-cities/search-database,2026-09-14
Salt Lake City,UT,2022,fisc,201161,80517339,44277388,2135697587,1923491874,https://app.lincolninst.edu/research-data/data-toolkits/fiscally-standardized-cities/search-database,2026-09-14
Salt Lake City,UT,2023,city_only,208579,75309534,38407737,1517608289,1413771406,https://app.lincolninst.edu/research-data/data-toolkits/fiscally-standardized-cities/search-database,2026-09-14
Salt Lake City,UT,2023,fisc,208579,94115016,38407737,2306696019,2096740398,https://app.lincolninst.edu/research-data/data-toolkits/fiscally-standardized-cities/search-database,2026-09-14
Chesapeake,VA,2012,city_only,225360,39635242,39159776,905142527,855165884,https://app.lincolninst.edu/research-data/data-toolkits/fiscally-standardized-cities/search-database,2026-09-14
Chesapeake,VA,2012,fisc,225360,39635242,39159776,1057894689,989220319,https://app.lincolninst.edu/research-data/data-toolkits/fiscally-standardized-cities/search-database,2026-09-14
Chesapeake,VA,2017,city_only,237656,62922566,44656821,1014920798,976330254,https://app.lincolninst.edu/research-data/data-toolkits/fiscally-standardized-cities/search-database,2026-09-14
Chesapeake,VA,2017,fisc,237656,62922566,44656821,1183512820,1127409797,https://app.lincolninst.edu/research-data/data-toolkits/fiscally-standardized-cities/search-database,2026-09-14
Chesapeake,VA,2022,city_only,251732,83430735,57877096,1202145330,1168748375,https://app.lincolninst.edu/research-data/data-toolkits/fiscally-standardized-cities/search-database,2026-09-14
Chesapeake,VA,2022,fisc,251732,83430735,57877096,1461625143,1409425022,https://app.lincolninst.edu/research-data/data-toolkits/fiscally-standardized-cities/search-database,2026-09-14
Chesapeake,VA,2023,city_only,252493,88758864,67046991,1338243199,1295900123,https://app.lincolninst.edu/research-data/data-toolkits/fiscally-standardized-cities/search-database,2026-09-14
Chesapeake,VA,2023,fisc,252493,88758864,67046991,1602626095,1537508150,https://app.lincolninst.edu/research-data/data-toolkits/fiscally-standardized-cities/search-database,2026-09-14
Danville,VA,2012,city_only,42657,9788906,7803161,302025101,182433957,https://app.lincolninst.edu/research-data/data-toolkits/fiscally-standardized-cities/search-database,2026-09-14
Danville,VA,2012,fisc,42657,9788906,7803161,304000882,184410059,https://app.lincolninst.edu/research-data/data-toolkits/fiscally-standardized-cities/search-database,2026-09-14
Danville,VA,2017,city_only,41682,13191930,8619922,333482020,201904067,https://app.lincolninst.edu/research-data/data-toolkits/fiscally-standardized-cities/search-database,2026-09-14
Danville,VA,2017,fisc,41682,13191930,8619922,338238117,206658822,https://app.lincolninst.edu/research-data/data-toolkits/fiscally-standardized-cities/search-database,2026-09-14
Danville,VA,2022,city_only,42292,17120874,11731022,427841099,272946925,https://app.lincolninst.edu/research-data/data-toolkits/fiscally-standardized-cities/search-database,2026-09-14
Danville,VA,2022,fisc,42292,17120874,11731022,432467703,277570687,https://app.lincolninst.edu/research-data/data-toolkits/fiscally-standardized-cities/search-database,2026-09-14
Danville,VA,2023,city_only,42099,36336910,13496097,501807450,337545993,https://app.lincolninst.edu/research-data/data-toolkits/fiscally-standardized-cities/search-database,2026-09-14
Danville,VA,2023,fisc,42099,36336910,13496097,506623576,342360435,https://app.lincolninst.edu/research-data/data-toolkits/fiscally-standardized-cities/search-database,2026-09-14
Norfolk,VA,2012,city_only,243701,68216536,40618853,1295941575,1218080816,https://app.lincolninst.edu/research-data/data-toolkits/fiscally-standardized-cities/search-database,2026-09-14
Norfolk,VA,2012,fisc,243701,68216536,40618853,1497318905,1399238698,https://app.lincolninst.edu/research-data/data-toolkits/fiscally-standardized-cities/search-database,2026-09-14
Norfolk,VA,2017,city_only,246042,73616273,44075153,1353974922,1260462680,https://app.lincolninst.edu/research-data/data-toolkits/fiscally-standardized-cities/search-database,2026-09-14
Norfolk,VA,2017,fisc,246042,73616273,44075153,1569309398,1457666726,https://app.lincolninst.edu/research-data/data-toolkits/fiscally-standardized-cities/search-database,2026-09-14
Norfolk,VA,2022,city_only,234920,89866915,41110126,1400959527,1327635940,https://app.lincolninst.edu/research-data/data-toolkits/fiscally-standardized-cities/search-database,2026-09-14
Norfolk,VA,2022,fisc,234920,89866915,41110126,1683635639,1592764662,https://app.lincolninst.edu/research-data/data-toolkits/fiscally-standardized-cities/search-database,2026-09-14
Norfolk,VA,2023,city_only,232766,93353132,41464935,1525713628,1435121101,https://app.lincolninst.edu/research-data/data-toolkits/fiscally-standardized-cities/search-database,2026-09-14
Norfolk,VA,2023,fisc,232766,93353132,41464935,1814985902,1703393226,https://app.lincolninst.edu/research-data/data-toolkits/fiscally-standardized-cities/search-database,2026-09-14
Richmond,VA,2012,city_only,206487,92064922,47129361,1258298389,1013563651,https://app.lincolninst.edu/research-data/data-toolkits/fiscally-standardized-cities/search-database,2026-09-14
Richmond,VA,2012,fisc,206487,92064922,47129361,1288523042,1043131720,https://app.lincolninst.edu/research-data/data-toolkits/fiscally-standardized-cities/search-database,2026-09-14
Richmond,VA,2017,city_only,225669,103295144,45822822,1500824939,1231581143,https://app.lincolninst.edu/research-data/data-toolkits/fiscally-standardized-cities/search-database,2026-09-14
Richmond,VA,2017,fisc,225669,103295144,45822822,1532062739,1262648293,https://app.lincolninst.edu/research-data/data-toolkits/fiscally-standardized-cities/search-database,2026-09-14
Richmond,VA,2022,city_only,227164,117875286,85641001,1809950522,1449035185,https://app.lincolninst.edu/research-data/data-toolkits/fiscally-standardized-cities/search-database,2026-09-14
Richmond,VA,2022,fisc,227164,117875286,85641001,1841427714,1480322557,https://app.lincolninst.edu/research-data/data-toolkits/fiscally-standardized-cities/search-database,2026-09-14
Richmond,VA,2023,city_only,228670,135185131,99828175,1944406164,1555982728,https://app.lincolninst.edu/research-data/data-toolkits/fiscally-standardized-cities/search-database,2026-09-14
Richmond,VA,2023,fisc,228670,135185131,99828175,1967046780,1578364948,https://app.lincolninst.edu/research-data/data-toolkits/fiscally-standardized-cities/search-database,2026-09-14
Virginia Beach,VA,2012,city_only,442654,89258987,47589673,1843702904,1793037980,https://app.lincolninst.edu/research-data/data-toolkits/fiscally-standardized-cities/search-database,2026-09-14
Virginia Beach,VA,2012,fisc,442654,89258987,47589673,2143736645,2056348824,https://app.lincolninst.edu/research-data/data-toolkits/fiscally-standardized-cities/search-database,2026-09-14
Virginia Beach,VA,2017,city_only,451510,97550217,55118760,1926548679,1844322748,https://app.lincolninst.edu/research-data/data-toolkits/fiscally-standardized-cities/search-database,2026-09-14
Virginia Beach,VA,2017,fisc,451510,97550217,55118760,2247654049,2132157091,https://app.lincolninst.edu/research-data/data-toolkits/fiscally-standardized-cities/search-database,2026-09-14
Virginia Beach,VA,2022,city_only,458599,115979410,84384700,2198442115,2143577525,https://app.lincolninst.edu/research-data/data-toolkits/fiscally-standardized-cities/search-database,2026-09-14
Virginia Beach,VA,2022,fisc,458599,115979410,84384700,2672966206,2583846483,https://app.lincolninst.edu/research-data/data-toolkits/fiscally-standardized-cities/search-database,2026-09-14
Virginia Beach,VA,2023,city_only,454886,130374876,99683718,2438894033,2376984049,https://app.lincolninst.edu/research-data/data-toolkits/fiscally-standardized-cities/search-database,2026-09-14
Virginia Beach,VA,2023,fisc,454886,130374876,99683718,2916733581,2813788330,https://app.lincolninst.edu/research-data/data-toolkits/fiscally-standardized-cities/search-database,2026-09-14
Burlington,VT,2012,city_only,42545,10510151,6628912,157620843,92790989,https://app.lincolninst.edu/research-data/data-toolkits/fiscally-standardized-cities/search-database,2026-09-14
Burlington,VT,2012,fisc,42545,10769498,6628912,258201878,188057483,https://app.lincolninst.edu/research-data/data-toolkits/fiscally-standardized-cities/search-database,2026-09-14
Burlington,VT,2017,city_only,42370,15554978,9913930,188192874,120190121,https://app.lincolninst.edu/research-data/data-toolkits/fiscally-standardized-cities/search-database,2026-09-14
Burlington,VT,2017,fisc,42370,15990924,9913930,303832322,229479555,https://app.lincolninst.edu/research-data/data-toolkits/fiscally-standardized-cities/search-database,2026-09-14
Burlington,VT,2022,city_only,44745,15231947,14085780,242898052,169815820,https://app.lincolninst.edu/research-data/data-toolkits/fiscally-standardized-cities/search-database,2026-09-14
Burlington,VT,2022,fisc,44745,15926438,14085780,389179411,310113215,https://app.lincolninst.edu/research-data/data-toolkits/fiscally-standardized-cities/search-database,2026-09-14
Burlington,VT,2023,city_only,44765,17107840,14146188,265886194,185285916,https://app.lincolninst.edu/research-data/data-toolkits/fiscally-standardized-cities/search-database,2026-09-14
Burlington,VT,2023,fisc,44765,17499981,14146188,432806374,345846332,https://app.lincolninst.edu/research-data/data-toolkits/fiscally-standardized-cities/search-database,2026-09-14
Rutland,VT,2012,city_only,16295,4632003,2859011,23425964,21555973,https://app.lincolninst.edu/research-data/data-toolkits/fiscally-standardized-cities/search-database,2026-09-14
Rutland,VT,2012,fisc,16295,5176179,2859011,71883408,68163194,https://app.lincolninst.edu/research-data/data-toolkits/fiscally-standardized-cities/search-database,2026-09-14
Rutland,VT,2017,city_only,15523,5955961,3451948,30143946,26489949,https://app.lincolninst.edu/research-data/data-toolkits/fiscally-standardized-cities/search-database,2026-09-14
Rutland,VT,2017,fisc,15523,6385660,3451948,82650313,76056610,https://app.lincolninst.edu/research-data/data-toolkits/fiscally-standardized-cities/search-database,2026-09-14
Rutland,VT,2022,city_only,15817,6914929,4996985,35774025,32875005,https://app.lincolninst.edu/research-data/data-toolkits/fiscally-standardized-cities/search-database,2026-09-14
Rutland,VT,2022,fisc,15817,7579107,4996985,103106699,95722045,https://app.lincolninst.edu/research-data/data-toolkits/fiscally-standardized-cities/search-database,2026-09-14
Rutland,VT,2023,city_only,15699,6895001,4237945,35827944,32285935,https://app.lincolninst.edu/research-data/data-toolkits/fiscally-standardized-cities/search-database,2026-09-14
Rutland,VT,2023,fisc,15699,7651065,4237945,109187016,101968302,https://app.lincolninst.edu/research-data/data-toolkits/fiscally-standardized-cities/search-database,2026-09-14
Seattle,WA,2012,city_only,623130,174097245,128764067,2497212489,1481932424,https://app.lincolninst.edu/research-data/data-toolkits/fiscally-standardized-cities/search-database,2026-09-14
Seattle,WA,2012,fisc,623130,222238215,128764067,4752447696,3260288896,https://app.lincolninst.edu/research-data/data-toolkits/fiscally-standardized-cities/search-database,2026-09-14
Seattle,WA,2017,city_only,710687,214965905,191405413,3749822934,2404616614,https://app.lincolninst.edu/research-data/data-toolkits/fiscally-standardized-cities/search-database,2026-09-14
Seattle,WA,2017,fisc,710687,269141886,191405413,6582358910,4694403701,https://app.lincolninst.edu/research-data/data-toolkits/fiscally-standardized-cities/search-database,2026-09-14
Seattle,WA,2022,city_only,733700,269269623,241864175,4240473328,2857770185,https://app.lincolninst.edu/research-data/data-toolkits/fiscally-standardized-cities/search-database,2026-09-14
Seattle,WA,2022,fisc,733700,336835432,241864175,8294499412,6202221378,https://app.lincolninst.edu/research-data/data-toolkits/fiscally-standardized-cities/search-database,2026-09-14
Seattle,WA,2023,city_only,751454,275595755,245635284,4632315639,3187637810,https://app.lincolninst.edu/research-data/data-toolkits/fiscally-standardized-cities/search-database,2026-09-14
Seattle,WA,2023,fisc,751454,346194858,245635284,9033228534,6800448293,https://app.lincolninst.edu/research-data/data-toolkits/fiscally-standardized-cities/search-database,2026-09-14
Spokane,WA,2012,city_only,209079,42569354,37477605,367935584,340608393,https://app.lincolninst.edu/research-data/data-toolkits/fiscally-standardized-cities/search-database,2026-09-14
Spokane,WA,2012,fisc,209079,58344008,37477605,984256201,928558895,https://app.lincolninst.edu/research-data/data-toolkits/fiscally-standardized-cities/search-database,2026-09-14
Spokane,WA,2017,city_only,215298,56947567,47367974,474594230,399949272,https://app.lincolninst.edu/research-data/data-toolkits/fiscally-standardized-cities/search-database,2026-09-14
Spokane,WA,2017,fisc,215298,73474138,47367974,1205837010,1099126138,https://app.lincolninst.edu/research-data/data-toolkits/fiscally-standardized-cities/search-database,2026-09-14
Spokane,WA,2022,city_only,230542,71881834,66727014,570083635,500431571,https://app.lincolninst.edu/research-data/data-toolkits/fiscally-standardized-cities/search-database,2026-09-14
Spokane,WA,2022,fisc,230542,93975816,66727014,1534971538,1410108876,https://app.lincolninst.edu/research-data/data-toolkits/fiscally-standardized-cities/search-database,2026-09-14
Spokane,WA,2023,city_only,230777,86541375,73802485,637440691,551263943,https://app.lincolninst.edu/research-data/data-toolkits/fiscally-standardized-cities/search-database,2026-09-14
Spokane,WA,2023,fisc,230777,119254015,73802485,1680169641,1535315533,https://app.lincolninst.edu/research-data/data-toolkits/fiscally-standardized-cities/search-database,2026-09-14
Tacoma,WA,2012,city_only,199635,57862732,44521481,943451651,519663473,https://app.lincolninst.edu/research-data/data-toolkits/fiscally-standardized-cities/search-database,2026-09-14
Tacoma,WA,2012,fisc,199635,75548276,44861443,1657089005,1155836128,https://app.lincolninst.edu/research-data/data-toolkits/fiscally-standardized-cities/search-database,2026-09-14
Tacoma,WA,2017,city_only,210610,85594468,72028456,1063284232,560076185,https://app.lincolninst.edu/research-data/data-toolkits/fiscally-standardized-cities/search-database,2026-09-14
Tacoma,WA,2017,fisc,210610,108799176,72482520,1977279648,1374318127,https://app.lincolninst.edu/research-data/data-toolkits/fiscally-standardized-cities/search-database,2026-09-14
Tacoma,WA,2022,city_only,219938,90580661,95120257,1239446793,651365368,https://app.lincolninst.edu/research-data/data-toolkits/fiscally-standardized-cities/search-database,2026-09-14
Tacoma,WA,2022,fisc,219938,128304296,95671599,2440565798,1684234174,https://app.lincolninst.edu/research-data/data-toolkits/fiscally-standardized-cities/search-database,2026-09-14
Tacoma,WA,2023,city_only,220993,106653432,108812533,1274557238,684989903,https://app.lincolninst.edu/research-data/data-toolkits/fiscally-standardized-cities/search-database,2026-09-14
Tacoma,WA,2023,fisc,220993,139835531,109479932,2517552256,1769477691,https://app.lincolninst.edu/research-data/data-toolkits/fiscally-standardized-cities/search-database,2026-09-14
Madison,WI,2012,city_only,237198,67929722,44117590,521107313,444067748,https://app.lincolninst.edu/research-data/data-toolkits/fiscally-standardized-cities/search-database,2026-09-14
Madison,WI,2012,fisc,237198,85207503,44117590,1142539071,1056913340,https://app.lincolninst.edu/research-data/data-toolkits/fiscally-standardized-cities/search-database,2026-09-14
Madison,WI,2017,city_only,253135,73347821,52238864,498939902,413204874,https://app.lincolninst.edu/research-data/data-toolkits/fiscally-standardized-cities/search-database,2026-09-14
Madison,WI,2017,fisc,253135,92874522,52238864,1224343923,1129388237,https://app.lincolninst.edu/research-data/data-toolkits/fiscally-standardized-cities/search-database,2026-09-14
Madison,WI,2022,city_only,271139,83281951,64586481,654893531,561861498,https://app.lincolninst.edu/research-data/data-toolkits/fiscally-standardized-cities/search-database,2026-09-14
Madison,WI,2022,fisc,271139,109006125,64641169,1552523479,1446658005,https://app.lincolninst.edu/research-data/data-toolkits/fiscally-standardized-cities/search-database,2026-09-14
Madison,WI,2023,city_only,277416,83649246,66688032,738864226,628804976,https://app.lincolninst.edu/research-data/data-toolkits/fiscally-standardized-cities/search-database,2026-09-14
Madison,WI,2023,fisc,277416,109498869,66746290,1807051760,1674804779,https://app.lincolninst.edu/research-data/data-toolkits/fiscally-standardized-cities/search-database,2026-09-14
Milwaukee,WI,2012,city_only,597132,256574356,91158047,1168663257,1080236352,https://app.lincolninst.edu/research-data/data-toolkits/fiscally-standardized-cities/search-database,2026-09-14
Milwaukee,WI,2012,fisc,597132,280943161,91158047,3358760077,3117947154,https://app.lincolninst.edu/research-data/data-toolkits/fiscally-standardized-cities/search-database,2026-09-14
Milwaukee,WI,2017,city_only,597179,315981857,110891982,1257600490,1202368280,https://app.lincolninst.edu/research-data/data-toolkits/fiscally-standardized-cities/search-database,2026-09-14
Milwaukee,WI,2017,fisc,597179,343441831,110891982,3448551837,3232028312,https://app.lincolninst.edu/research-data/data-toolkits/fiscally-standardized-cities/search-database,2026-09-14
Milwaukee,WI,2022,city_only,566415,310739012,133029308,1364843820,1278257533,https://app.lincolninst.edu/research-data/data-toolkits/fiscally-standardized-cities/search-database,2026-09-14
Milwaukee,WI,2022,fisc,566415,346927249,133029308,3683540369,3478444678,https://app.lincolninst.edu/research-data/data-toolkits/fiscally-standardized-cities/search-database,2026-09-14
Milwaukee,WI,2023,city_only,564614,318464881,135868713,1302875036,1204733830,https://app.lincolninst.edu/research-data/data-toolkits/fiscally-standardized-cities/search-database,2026-09-14
Milwaukee,WI,2023,fisc,564614,356079465,135868713,3896276999,3654023716,https://app.lincolninst.edu/research-data/data-toolkits/fiscally-standardized-cities/search-database,2026-09-14
Charleston,WV,2012,city_only,50939,22005959,19998160,118184971,118184971,https://app.lincolninst.edu/research-data/data-toolkits/fiscally-standardized-cities/search-database,2026-09-14
Charleston,WV,2012,fisc,50939,24656669,20157448,256288650,253369261,https://app.lincolninst.edu/research-data/data-toolkits/fiscally-standardized-cities/search-database,2026-09-14
Charleston,WV,2017,city_only,48781,26734185,22479147,171297980,171297980,https://app.lincolninst.edu/research-data/data-toolkits/fiscally-standardized-cities/search-database,2026-09-14
Charleston,WV,2017,fisc,48781,29493701,22649458,302510380,299084530,https://app.lincolninst.edu/research-data/data-toolkits/fiscally-standardized-cities/search-database,2026-09-14
Charleston,WV,2022,city_only,47949,27869106,26065201,148192812,148192812,https://app.lincolninst.edu/research-data/data-toolkits/fiscally-standardized-cities/search-database,2026-09-14
Charleston,WV,2022,fisc,47949,31610009,26251256,328197346,324116109,https://app.lincolninst.edu/research-data/data-toolkits/fiscally-standardized-cities/search-database,2026-09-14
Charleston,WV,2023,city_only,47228,48218843,47253975,200230190,200230190,https://app.lincolninst.edu/research-data/data-toolkits/fiscally-standardized-cities/search-database,2026-09-14
Charleston,WV,2023,fisc,47228,51994250,47454694,359820686,354699754,https://app.lincolninst.edu/research-data/data-toolkits/fiscally-standardized-cities/search-database,2026-09-14
Huntington,WV,2012,city_only,49268,12078165,10859026,69887045,69887045,https://app.lincolninst.edu/research-data/data-toolkits/fiscally-standardized-cities/search-database,2026-09-14
Huntington,WV,2012,fisc,49268,14917007,11232490,177342437,175995592,https://app.lincolninst.edu/research-data/data-toolkits/fiscally-standardized-cities/search-database,2026-09-14
Huntington,WV,2017,city_only,47725,13060832,12807824,72988855,72988855,https://app.lincolninst.edu/research-data/data-toolkits/fiscally-standardized-cities/search-database,2026-09-14
Huntington,WV,2017,fisc,47725,15225800,13181769,179885041,178811580,https://app.lincolninst.edu/research-data/data-toolkits/fiscally-standardized-cities/search-database,2026-09-14
Huntington,WV,2022,city_only,46219,13055131,11769994,80022996,80022996,https://app.lincolninst.edu/research-data/data-toolkits/fiscally-standardized-cities/search-database,2026-09-14
Huntington,WV,2022,fisc,46219,15893087,12167743,215332202,213219161,https://app.lincolninst.edu/research-data/data-toolkits/fiscally-standardized-cities/search-database,2026-09-14
Huntington,WV,2023,city_only,45649,13837125,12532020,93394202,93394202,https://app.lincolninst.edu/research-data/data-toolkits/fiscally-standardized-cities/search-database,2026-09-14
Huntington,WV,2023,fisc,45649,17034381,12978467,241128517,239710203,https://app.lincolninst.edu/research-data/data-toolkits/fiscally-standardized-cities/search-database,2026-09-14
Wheeling,WV,2012,city_only,28208,8301922,8441991,83260035,77864073,https://app.lincolninst.edu/research-data/data-toolkits/fiscally-standardized-cities/search-database,2026-09-14
Wheeling,WV,2012,fisc,28208,12122902,8914061,156806829,150665885,https://app.lincolninst.edu/research-data/data-toolkits/fiscally-standardized-cities/search-database,2026-09-14
Wheeling,WV,2017,city_only,27331,8478049,11105013,84550068,75218058,https://app.lincolninst.edu/research-data/data-toolkits/fiscally-standardized-cities/search-database,2026-09-14
Wheeling,WV,2017,fisc,27331,12762586,11694475,159570907,149211901,https://app.lincolninst.edu/research-data/data-toolkits/fiscally-standardized-cities/search-database,2026-09-14
Wheeling,WV,2022,city_only,26589,8649888,12974959,113411056,100785964,https://app.lincolninst.edu/research-data/data-toolkits/fiscally-standardized-cities/search-database,2026-09-14
Wheeling,WV,2022,fisc,26589,14126966,13234678,201679186,187836199,https://app.lincolninst.edu/research-data/data-toolkits/fiscally-standardized-cities/search-database,2026-09-14
Wheeling,WV,2023,city_only,26368,7856082,10922944,127562056,117683021,https://app.lincolninst.edu/research-data/data-toolkits/fiscally-standardized-cities/search-database,2026-09-14
Wheeling,WV,2023,fisc,26368,14277217,11227494,216419315,205681475,https://app.lincolninst.edu/research-data/data-toolkits/fiscally-standardized-cities/search-database,2026-09-14
Casper,WY,2012,city_only,56109,12795957,6969159,106360846,93654941,https://app.lincolninst.edu/research-data/data-toolkits/fiscally-standardized-cities/search-database,2026-09-14
Casper,WY,2012,fisc,56109,16912175,7768642,287365762,273422371,https://app.lincolninst.edu/research-data/data-toolkits/fiscally-standardized-cities/search-database,2026-09-14
Casper,WY,2017,city_only,59009,16266160,10540771,135680925,121325918,https://app.lincolninst.edu/research-data/data-toolkits/fiscally-standardized-cities/search-database,2026-09-14
Casper,WY,2017,fisc,59009,20584529,10586818,361066877,344501180,https://app.lincolninst.edu/research-data/data-toolkits/fiscally-standardized-cities/search-database,2026-09-14
Casper,WY,2022,city_only,58749,24452864,10609821,127658669,109322970,https://app.lincolninst.edu/research-data/data-toolkits/fiscally-standardized-cities/search-database,2026-09-14
Casper,WY,2022,fisc,58749,29574108,10609821,332871220,313506871,https://app.lincolninst.edu/research-data/data-toolkits/fiscally-standardized-cities/search-database,2026-09-14
Casper,WY,2023,city_only,58522,17996100,11717860,145784739,128995948,https://app.lincolninst.edu/research-data/data-toolkits/fiscally-standardized-cities/search-database,2026-09-14
Casper,WY,2023,fisc,58522,24193580,11717860,365812829,347585567,https://app.lincolninst.edu/research-data/data-toolkits/fiscally-standardized-cities/search-database,2026-09-14
Cheyenne,WY,2012,city_only,60180,12836046,9486802,97439131,84690150,https://app.lincolninst.edu/research-data/data-toolkits/fiscally-standardized-cities/search-database,2026-09-14
Cheyenne,WY,2012,fisc,60180,17031896,9788352,490224758,476711699,https://app.lincolninst.edu/research-data/data-toolkits/fiscally-standardized-cities/search-database,2026-09-14
Cheyenne,WY,2017,city_only,63530,18571851,10693163,130865137,108630942,https://app.lincolninst.edu/research-data/data-toolkits/fiscally-standardized-cities/search-database,2026-09-14
Cheyenne,WY,2017,fisc,63530,23098928,10835752,556905109,534310608,https://app.lincolninst.edu/research-data/data-toolkits/fiscally-standardized-cities/search-database,2026-09-14
Cheyenne,WY,2022,city_only,65151,16027985,13947989,149403674,128250163,https://app.lincolninst.edu/research-data/data-toolkits/fiscally-standardized-cities/search-database,2026-09-14
Cheyenne,WY,2022,fisc,65151,20783692,15161320,634955758,613801621,https://app.lincolninst.edu/research-data/data-toolkits/fiscally-standardized-cities/search-database,2026-09-14
Cheyenne,WY,2023,city_only,64668,18808041,27802067,155895148,134446065,https://app.lincolninst.edu/research-data/data-toolkits/fiscally-standardized-cities/search-database,2026-09-14
Cheyenne,WY,2023,fisc,64668,24517579,28426759,671182705,649732330,https://app.lincolninst.edu/research-data/data-toolkits/fiscally-standardized-cities/search-database,2026-09-14
