ori,agency_name,city,state,year,sworn_officers,civilians,total_employees,population_covered,source_url,retrieved
AK0010100,Anchorage,Anchorage,AK,2017,408,147,555,296188,https://cde.ucr.cjis.gov/LATEST/webapp/#/pages/downloads (Law Enforcement Employees Data; file additional-datasets/law-enforcement/lee_1960_2025.csv),2026-09-14
AK0010100,Anchorage,Anchorage,AK,2018,427,147,574,291992,https://cde.ucr.cjis.gov/LATEST/webapp/#/pages/downloads (Law Enforcement Employees Data; file additional-datasets/law-enforcement/lee_1960_2025.csv),2026-09-14
AK0010100,Anchorage,Anchorage,AK,2019,427,147,574,287731,https://cde.ucr.cjis.gov/LATEST/webapp/#/pages/downloads (Law Enforcement Employees Data; file additional-datasets/law-enforcement/lee_1960_2025.csv),2026-09-14
AK0010100,Anchorage,Anchorage,AK,2020,425,167,592,286388,https://cde.ucr.cjis.gov/LATEST/webapp/#/pages/downloads (Law Enforcement Employees Data; file additional-datasets/law-enforcement/lee_1960_2025.csv),2026-09-14
AK0010100,Anchorage,Anchorage,AK,2021,413,161,574,286238,https://cde.ucr.cjis.gov/LATEST/webapp/#/pages/downloads (Law Enforcement Employees Data; file additional-datasets/law-enforcement/lee_1960_2025.csv),2026-09-14
AK0010100,Anchorage,Anchorage,AK,2022,406,157,563,285821,https://cde.ucr.cjis.gov/LATEST/webapp/#/pages/downloads (Law Enforcement Employees Data; file additional-datasets/law-enforcement/lee_1960_2025.csv),2026-09-14
AK0010100,Anchorage,Anchorage,AK,2023,400,166,566,285026,https://cde.ucr.cjis.gov/LATEST/webapp/#/pages/downloads (Law Enforcement Employees Data; file additional-datasets/law-enforcement/lee_1960_2025.csv),2026-09-14
AK0010100,Anchorage,Anchorage,AK,2024,366,168,534,286958,https://cde.ucr.cjis.gov/LATEST/webapp/#/pages/downloads (Law Enforcement Employees Data; file additional-datasets/law-enforcement/lee_1960_2025.csv),2026-09-14
AL0010200,Birmingham,Birmingham,AL,2018,762,215,977,210564,https://cde.ucr.cjis.gov/LATEST/webapp/#/pages/downloads (Law Enforcement Employees Data; file additional-datasets/law-enforcement/lee_1960_2025.csv),2026-09-14
AL0010200,Birmingham,Birmingham,AL,2019,851,172,1023,209649,https://cde.ucr.cjis.gov/LATEST/webapp/#/pages/downloads (Law Enforcement Employees Data; file additional-datasets/law-enforcement/lee_1960_2025.csv),2026-09-14
AL0010200,Birmingham,Birmingham,AL,2020,828,206,1034,209081,https://cde.ucr.cjis.gov/LATEST/webapp/#/pages/downloads (Law Enforcement Employees Data; file additional-datasets/law-enforcement/lee_1960_2025.csv),2026-09-14
AL0010200,Birmingham,Birmingham,AL,2021,756,195,951,206476,https://cde.ucr.cjis.gov/LATEST/webapp/#/pages/downloads (Law Enforcement Employees Data; file additional-datasets/law-enforcement/lee_1960_2025.csv),2026-09-14
AL0010200,Birmingham,Birmingham,AL,2022,687,186,873,195050,https://cde.ucr.cjis.gov/LATEST/webapp/#/pages/downloads (Law Enforcement Employees Data; file additional-datasets/law-enforcement/lee_1960_2025.csv),2026-09-14
AL0010200,Birmingham,Birmingham,AL,2023,687,186,873,195224,https://cde.ucr.cjis.gov/LATEST/webapp/#/pages/downloads (Law Enforcement Employees Data; file additional-datasets/law-enforcement/lee_1960_2025.csv),2026-09-14
AL0010200,Birmingham,Birmingham,AL,2024,648,194,842,195418,https://cde.ucr.cjis.gov/LATEST/webapp/#/pages/downloads (Law Enforcement Employees Data; file additional-datasets/law-enforcement/lee_1960_2025.csv),2026-09-14
AL0011200,Hoover,Hoover,AL,2022,170,36,206,92491,https://cde.ucr.cjis.gov/LATEST/webapp/#/pages/downloads (Law Enforcement Employees Data; file additional-datasets/law-enforcement/lee_1960_2025.csv),2026-09-14
AL0011200,Hoover,Hoover,AL,2023,174,36,210,92296,https://cde.ucr.cjis.gov/LATEST/webapp/#/pages/downloads (Law Enforcement Employees Data; file additional-datasets/law-enforcement/lee_1960_2025.csv),2026-09-14
AL0011200,Hoover,Hoover,AL,2024,186,50,236,92352,https://cde.ucr.cjis.gov/LATEST/webapp/#/pages/downloads (Law Enforcement Employees Data; file additional-datasets/law-enforcement/lee_1960_2025.csv),2026-09-14
AL0470100,Huntsville,Huntsville,AL,2018,434,199,633,196620,https://cde.ucr.cjis.gov/LATEST/webapp/#/pages/downloads (Law Enforcement Employees Data; file additional-datasets/law-enforcement/lee_1960_2025.csv),2026-09-14
AL0470100,Huntsville,Huntsville,AL,2019,442,206,648,199465,https://cde.ucr.cjis.gov/LATEST/webapp/#/pages/downloads (Law Enforcement Employees Data; file additional-datasets/law-enforcement/lee_1960_2025.csv),2026-09-14
AL0470100,Huntsville,Huntsville,AL,2020,450,212,662,202884,https://cde.ucr.cjis.gov/LATEST/webapp/#/pages/downloads (Law Enforcement Employees Data; file additional-datasets/law-enforcement/lee_1960_2025.csv),2026-09-14
AL0470100,Huntsville,Huntsville,AL,2021,435,94,529,205307,https://cde.ucr.cjis.gov/LATEST/webapp/#/pages/downloads (Law Enforcement Employees Data; file additional-datasets/law-enforcement/lee_1960_2025.csv),2026-09-14
AL0470100,Huntsville,Huntsville,AL,2022,429,108,537,218897,https://cde.ucr.cjis.gov/LATEST/webapp/#/pages/downloads (Law Enforcement Employees Data; file additional-datasets/law-enforcement/lee_1960_2025.csv),2026-09-14
AL0470100,Huntsville,Huntsville,AL,2023,427,124,551,224777,https://cde.ucr.cjis.gov/LATEST/webapp/#/pages/downloads (Law Enforcement Employees Data; file additional-datasets/law-enforcement/lee_1960_2025.csv),2026-09-14
AL0470100,Huntsville,Huntsville,AL,2024,437,116,553,228697,https://cde.ucr.cjis.gov/LATEST/webapp/#/pages/downloads (Law Enforcement Employees Data; file additional-datasets/law-enforcement/lee_1960_2025.csv),2026-09-14
AL0020100,Mobile,Mobile,AL,2018,494,221,715,245475,https://cde.ucr.cjis.gov/LATEST/webapp/#/pages/downloads (Law Enforcement Employees Data; file additional-datasets/law-enforcement/lee_1960_2025.csv),2026-09-14
AL0020100,Mobile,Mobile,AL,2019,482,153,635,244775,https://cde.ucr.cjis.gov/LATEST/webapp/#/pages/downloads (Law Enforcement Employees Data; file additional-datasets/law-enforcement/lee_1960_2025.csv),2026-09-14
AL0020100,Mobile,Mobile,AL,2020,495,252,747,243900,https://cde.ucr.cjis.gov/LATEST/webapp/#/pages/downloads (Law Enforcement Employees Data; file additional-datasets/law-enforcement/lee_1960_2025.csv),2026-09-14
AL0020100,Mobile,Mobile,AL,2021,459,142,601,242894,https://cde.ucr.cjis.gov/LATEST/webapp/#/pages/downloads (Law Enforcement Employees Data; file additional-datasets/law-enforcement/lee_1960_2025.csv),2026-09-14
AL0020100,Mobile,Mobile,AL,2022,422,135,557,239323,https://cde.ucr.cjis.gov/LATEST/webapp/#/pages/downloads (Law Enforcement Employees Data; file additional-datasets/law-enforcement/lee_1960_2025.csv),2026-09-14
AL0020100,Mobile,Mobile,AL,2023,438,142,580,237469,https://cde.ucr.cjis.gov/LATEST/webapp/#/pages/downloads (Law Enforcement Employees Data; file additional-datasets/law-enforcement/lee_1960_2025.csv),2026-09-14
AL0020100,Mobile,Mobile,AL,2024,468,136,604,237092,https://cde.ucr.cjis.gov/LATEST/webapp/#/pages/downloads (Law Enforcement Employees Data; file additional-datasets/law-enforcement/lee_1960_2025.csv),2026-09-14
AL0030100,Montgomery,Montgomery,AL,2018,474,92,566,198662,https://cde.ucr.cjis.gov/LATEST/webapp/#/pages/downloads (Law Enforcement Employees Data; file additional-datasets/law-enforcement/lee_1960_2025.csv),2026-09-14
AL0030100,Montgomery,Montgomery,AL,2019,467,96,563,197315,https://cde.ucr.cjis.gov/LATEST/webapp/#/pages/downloads (Law Enforcement Employees Data; file additional-datasets/law-enforcement/lee_1960_2025.csv),2026-09-14
AL0030100,Montgomery,Montgomery,AL,2020,485,84,569,197755,https://cde.ucr.cjis.gov/LATEST/webapp/#/pages/downloads (Law Enforcement Employees Data; file additional-datasets/law-enforcement/lee_1960_2025.csv),2026-09-14
AL0030100,Montgomery,Montgomery,AL,2021,438,45,483,195361,https://cde.ucr.cjis.gov/LATEST/webapp/#/pages/downloads (Law Enforcement Employees Data; file additional-datasets/law-enforcement/lee_1960_2025.csv),2026-09-14
AL0030100,Montgomery,Montgomery,AL,2022,390,77,467,197333,https://cde.ucr.cjis.gov/LATEST/webapp/#/pages/downloads (Law Enforcement Employees Data; file additional-datasets/law-enforcement/lee_1960_2025.csv),2026-09-14
AL0030100,Montgomery,Montgomery,AL,2023,331,74,405,195484,https://cde.ucr.cjis.gov/LATEST/webapp/#/pages/downloads (Law Enforcement Employees Data; file additional-datasets/law-enforcement/lee_1960_2025.csv),2026-09-14
AL0030100,Montgomery,Montgomery,AL,2024,280,130,410,193728,https://cde.ucr.cjis.gov/LATEST/webapp/#/pages/downloads (Law Enforcement Employees Data; file additional-datasets/law-enforcement/lee_1960_2025.csv),2026-09-14
AL0630100,Tuscaloosa,Tuscaloosa,AL,2017,264,78,342,101124,https://cde.ucr.cjis.gov/LATEST/webapp/#/pages/downloads (Law Enforcement Employees Data; file additional-datasets/law-enforcement/lee_1960_2025.csv),2026-09-14
AL0630100,Tuscaloosa,Tuscaloosa,AL,2018,274,75,349,101764,https://cde.ucr.cjis.gov/LATEST/webapp/#/pages/downloads (Law Enforcement Employees Data; file additional-datasets/law-enforcement/lee_1960_2025.csv),2026-09-14
AL0630100,Tuscaloosa,Tuscaloosa,AL,2019,279,77,356,102518,https://cde.ucr.cjis.gov/LATEST/webapp/#/pages/downloads (Law Enforcement Employees Data; file additional-datasets/law-enforcement/lee_1960_2025.csv),2026-09-14
AL0630100,Tuscaloosa,Tuscaloosa,AL,2020,283,71,354,102391,https://cde.ucr.cjis.gov/LATEST/webapp/#/pages/downloads (Law Enforcement Employees Data; file additional-datasets/law-enforcement/lee_1960_2025.csv),2026-09-14
AL0630100,Tuscaloosa,Tuscaloosa,AL,2021,273,71,344,104151,https://cde.ucr.cjis.gov/LATEST/webapp/#/pages/downloads (Law Enforcement Employees Data; file additional-datasets/law-enforcement/lee_1960_2025.csv),2026-09-14
AL0630100,Tuscaloosa,Tuscaloosa,AL,2022,261,64,325,101280,https://cde.ucr.cjis.gov/LATEST/webapp/#/pages/downloads (Law Enforcement Employees Data; file additional-datasets/law-enforcement/lee_1960_2025.csv),2026-09-14
AL0630100,Tuscaloosa,Tuscaloosa,AL,2023,254,67,321,113956,https://cde.ucr.cjis.gov/LATEST/webapp/#/pages/downloads (Law Enforcement Employees Data; file additional-datasets/law-enforcement/lee_1960_2025.csv),2026-09-14
AL0630100,Tuscaloosa,Tuscaloosa,AL,2024,248,70,318,113834,https://cde.ucr.cjis.gov/LATEST/webapp/#/pages/downloads (Law Enforcement Employees Data; file additional-datasets/law-enforcement/lee_1960_2025.csv),2026-09-14
AR0720100,Fayetteville,Fayetteville,AR,2021,123,45,168,91309,https://cde.ucr.cjis.gov/LATEST/webapp/#/pages/downloads (Law Enforcement Employees Data; file additional-datasets/law-enforcement/lee_1960_2025.csv),2026-09-14
AR0720100,Fayetteville,Fayetteville,AR,2022,123,47,170,96456,https://cde.ucr.cjis.gov/LATEST/webapp/#/pages/downloads (Law Enforcement Employees Data; file additional-datasets/law-enforcement/lee_1960_2025.csv),2026-09-14
AR0720100,Fayetteville,Fayetteville,AR,2023,132,49,181,101624,https://cde.ucr.cjis.gov/LATEST/webapp/#/pages/downloads (Law Enforcement Employees Data; file additional-datasets/law-enforcement/lee_1960_2025.csv),2026-09-14
AR0720100,Fayetteville,Fayetteville,AR,2024,141,54,195,104089,https://cde.ucr.cjis.gov/LATEST/webapp/#/pages/downloads (Law Enforcement Employees Data; file additional-datasets/law-enforcement/lee_1960_2025.csv),2026-09-14
AR0660100,Fort Smith,Fort Smith,AR,2022,162,43,205,90013,https://cde.ucr.cjis.gov/LATEST/webapp/#/pages/downloads (Law Enforcement Employees Data; file additional-datasets/law-enforcement/lee_1960_2025.csv),2026-09-14
AR0660100,Fort Smith,Fort Smith,AR,2023,164,51,215,90417,https://cde.ucr.cjis.gov/LATEST/webapp/#/pages/downloads (Law Enforcement Employees Data; file additional-datasets/law-enforcement/lee_1960_2025.csv),2026-09-14
AR0600200,Little Rock,Little Rock,AR,2017,509,118,627,199314,https://cde.ucr.cjis.gov/LATEST/webapp/#/pages/downloads (Law Enforcement Employees Data; file additional-datasets/law-enforcement/lee_1960_2025.csv),2026-09-14
AR0600200,Little Rock,Little Rock,AR,2018,575,126,701,199288,https://cde.ucr.cjis.gov/LATEST/webapp/#/pages/downloads (Law Enforcement Employees Data; file additional-datasets/law-enforcement/lee_1960_2025.csv),2026-09-14
AR0600200,Little Rock,Little Rock,AR,2019,581,132,713,198382,https://cde.ucr.cjis.gov/LATEST/webapp/#/pages/downloads (Law Enforcement Employees Data; file additional-datasets/law-enforcement/lee_1960_2025.csv),2026-09-14
AR0600200,Little Rock,Little Rock,AR,2020,560,176,736,197688,https://cde.ucr.cjis.gov/LATEST/webapp/#/pages/downloads (Law Enforcement Employees Data; file additional-datasets/law-enforcement/lee_1960_2025.csv),2026-09-14
AR0600200,Little Rock,Little Rock,AR,2021,534,125,659,198260,https://cde.ucr.cjis.gov/LATEST/webapp/#/pages/downloads (Law Enforcement Employees Data; file additional-datasets/law-enforcement/lee_1960_2025.csv),2026-09-14
AR0600200,Little Rock,Little Rock,AR,2022,514,117,631,201513,https://cde.ucr.cjis.gov/LATEST/webapp/#/pages/downloads (Law Enforcement Employees Data; file additional-datasets/law-enforcement/lee_1960_2025.csv),2026-09-14
AR0600200,Little Rock,Little Rock,AR,2023,518,111,629,202986,https://cde.ucr.cjis.gov/LATEST/webapp/#/pages/downloads (Law Enforcement Employees Data; file additional-datasets/law-enforcement/lee_1960_2025.csv),2026-09-14
AR0600200,Little Rock,Little Rock,AR,2024,527,110,637,204247,https://cde.ucr.cjis.gov/LATEST/webapp/#/pages/downloads (Law Enforcement Employees Data; file additional-datasets/law-enforcement/lee_1960_2025.csv),2026-09-14
AR0720200,Springdale,Springdale,AR,2022,140,56,196,90892,https://cde.ucr.cjis.gov/LATEST/webapp/#/pages/downloads (Law Enforcement Employees Data; file additional-datasets/law-enforcement/lee_1960_2025.csv),2026-09-14
AR0720200,Springdale,Springdale,AR,2023,141,63,204,90937,https://cde.ucr.cjis.gov/LATEST/webapp/#/pages/downloads (Law Enforcement Employees Data; file additional-datasets/law-enforcement/lee_1960_2025.csv),2026-09-14
AR0720200,Springdale,Springdale,AR,2024,142,60,202,91630,https://cde.ucr.cjis.gov/LATEST/webapp/#/pages/downloads (Law Enforcement Employees Data; file additional-datasets/law-enforcement/lee_1960_2025.csv),2026-09-14
AZ0070100,Avondale,Avondale,AZ,2021,130,54,184,91009,https://cde.ucr.cjis.gov/LATEST/webapp/#/pages/downloads (Law Enforcement Employees Data; file additional-datasets/law-enforcement/lee_1960_2025.csv),2026-09-14
AZ0070100,Avondale,Avondale,AZ,2022,152,68,220,91467,https://cde.ucr.cjis.gov/LATEST/webapp/#/pages/downloads (Law Enforcement Employees Data; file additional-datasets/law-enforcement/lee_1960_2025.csv),2026-09-14
AZ0070100,Avondale,Avondale,AZ,2023,147,60,207,92661,https://cde.ucr.cjis.gov/LATEST/webapp/#/pages/downloads (Law Enforcement Employees Data; file additional-datasets/law-enforcement/lee_1960_2025.csv),2026-09-14
AZ0070100,Avondale,Avondale,AZ,2024,159,83,242,94911,https://cde.ucr.cjis.gov/LATEST/webapp/#/pages/downloads (Law Enforcement Employees Data; file additional-datasets/law-enforcement/lee_1960_2025.csv),2026-09-14
AZ0070300,Buckeye,Buckeye,AZ,2021,108,39,147,93218,https://cde.ucr.cjis.gov/LATEST/webapp/#/pages/downloads (Law Enforcement Employees Data; file additional-datasets/law-enforcement/lee_1960_2025.csv),2026-09-14
AZ0070300,Buckeye,Buckeye,AZ,2022,107,37,144,110002,https://cde.ucr.cjis.gov/LATEST/webapp/#/pages/downloads (Law Enforcement Employees Data; file additional-datasets/law-enforcement/lee_1960_2025.csv),2026-09-14
AZ0070300,Buckeye,Buckeye,AZ,2023,119,46,165,112048,https://cde.ucr.cjis.gov/LATEST/webapp/#/pages/downloads (Law Enforcement Employees Data; file additional-datasets/law-enforcement/lee_1960_2025.csv),2026-09-14
AZ0070300,Buckeye,Buckeye,AZ,2024,133,44,177,114513,https://cde.ucr.cjis.gov/LATEST/webapp/#/pages/downloads (Law Enforcement Employees Data; file additional-datasets/law-enforcement/lee_1960_2025.csv),2026-09-14
AZ0070500,Chandler,Chandler,AZ,2017,335,167,502,249355,https://cde.ucr.cjis.gov/LATEST/webapp/#/pages/downloads (Law Enforcement Employees Data; file additional-datasets/law-enforcement/lee_1960_2025.csv),2026-09-14
AZ0070500,Chandler,Chandler,AZ,2018,332,162,494,255986,https://cde.ucr.cjis.gov/LATEST/webapp/#/pages/downloads (Law Enforcement Employees Data; file additional-datasets/law-enforcement/lee_1960_2025.csv),2026-09-14
AZ0070500,Chandler,Chandler,AZ,2019,328,156,484,259881,https://cde.ucr.cjis.gov/LATEST/webapp/#/pages/downloads (Law Enforcement Employees Data; file additional-datasets/law-enforcement/lee_1960_2025.csv),2026-09-14
AZ0070500,Chandler,Chandler,AZ,2020,318,154,472,264071,https://cde.ucr.cjis.gov/LATEST/webapp/#/pages/downloads (Law Enforcement Employees Data; file additional-datasets/law-enforcement/lee_1960_2025.csv),2026-09-14
AZ0070500,Chandler,Chandler,AZ,2021,328,148,476,281162,https://cde.ucr.cjis.gov/LATEST/webapp/#/pages/downloads (Law Enforcement Employees Data; file additional-datasets/law-enforcement/lee_1960_2025.csv),2026-09-14
AZ0070500,Chandler,Chandler,AZ,2022,329,156,485,281373,https://cde.ucr.cjis.gov/LATEST/webapp/#/pages/downloads (Law Enforcement Employees Data; file additional-datasets/law-enforcement/lee_1960_2025.csv),2026-09-14
AZ0070500,Chandler,Chandler,AZ,2023,330,177,507,282419,https://cde.ucr.cjis.gov/LATEST/webapp/#/pages/downloads (Law Enforcement Employees Data; file additional-datasets/law-enforcement/lee_1960_2025.csv),2026-09-14
AZ0070500,Chandler,Chandler,AZ,2024,337,172,509,281117,https://cde.ucr.cjis.gov/LATEST/webapp/#/pages/downloads (Law Enforcement Employees Data; file additional-datasets/law-enforcement/lee_1960_2025.csv),2026-09-14
AZ0071100,Gilbert,Gilbert,AZ,2017,231,114,345,242090,https://cde.ucr.cjis.gov/LATEST/webapp/#/pages/downloads (Law Enforcement Employees Data; file additional-datasets/law-enforcement/lee_1960_2025.csv),2026-09-14
AZ0071100,Gilbert,Gilbert,AZ,2018,232,154,386,247463,https://cde.ucr.cjis.gov/LATEST/webapp/#/pages/downloads (Law Enforcement Employees Data; file additional-datasets/law-enforcement/lee_1960_2025.csv),2026-09-14
AZ0071100,Gilbert,Gilbert,AZ,2019,281,128,409,253619,https://cde.ucr.cjis.gov/LATEST/webapp/#/pages/downloads (Law Enforcement Employees Data; file additional-datasets/law-enforcement/lee_1960_2025.csv),2026-09-14
AZ0071100,Gilbert,Gilbert,AZ,2020,289,133,422,259629,https://cde.ucr.cjis.gov/LATEST/webapp/#/pages/downloads (Law Enforcement Employees Data; file additional-datasets/law-enforcement/lee_1960_2025.csv),2026-09-14
AZ0071100,Gilbert,Gilbert,AZ,2021,291,129,420,272941,https://cde.ucr.cjis.gov/LATEST/webapp/#/pages/downloads (Law Enforcement Employees Data; file additional-datasets/law-enforcement/lee_1960_2025.csv),2026-09-14
AZ0071100,Gilbert,Gilbert,AZ,2022,319,147,466,277123,https://cde.ucr.cjis.gov/LATEST/webapp/#/pages/downloads (Law Enforcement Employees Data; file additional-datasets/law-enforcement/lee_1960_2025.csv),2026-09-14
AZ0071100,Gilbert,Gilbert,AZ,2023,326,166,492,278495,https://cde.ucr.cjis.gov/LATEST/webapp/#/pages/downloads (Law Enforcement Employees Data; file additional-datasets/law-enforcement/lee_1960_2025.csv),2026-09-14
AZ0071100,Gilbert,Gilbert,AZ,2024,305,164,469,277527,https://cde.ucr.cjis.gov/LATEST/webapp/#/pages/downloads (Law Enforcement Employees Data; file additional-datasets/law-enforcement/lee_1960_2025.csv),2026-09-14
AZ0071300,Glendale,Glendale,AZ,2017,423,128,551,249273,https://cde.ucr.cjis.gov/LATEST/webapp/#/pages/downloads (Law Enforcement Employees Data; file additional-datasets/law-enforcement/lee_1960_2025.csv),2026-09-14
AZ0071300,Glendale,Glendale,AZ,2018,426,135,561,249799,https://cde.ucr.cjis.gov/LATEST/webapp/#/pages/downloads (Law Enforcement Employees Data; file additional-datasets/law-enforcement/lee_1960_2025.csv),2026-09-14
AZ0071300,Glendale,Glendale,AZ,2019,410,140,550,253951,https://cde.ucr.cjis.gov/LATEST/webapp/#/pages/downloads (Law Enforcement Employees Data; file additional-datasets/law-enforcement/lee_1960_2025.csv),2026-09-14
AZ0071300,Glendale,Glendale,AZ,2020,400,148,548,255468,https://cde.ucr.cjis.gov/LATEST/webapp/#/pages/downloads (Law Enforcement Employees Data; file additional-datasets/law-enforcement/lee_1960_2025.csv),2026-09-14
AZ0071300,Glendale,Glendale,AZ,2021,409,131,540,252981,https://cde.ucr.cjis.gov/LATEST/webapp/#/pages/downloads (Law Enforcement Employees Data; file additional-datasets/law-enforcement/lee_1960_2025.csv),2026-09-14
AZ0071300,Glendale,Glendale,AZ,2022,418,132,550,250466,https://cde.ucr.cjis.gov/LATEST/webapp/#/pages/downloads (Law Enforcement Employees Data; file additional-datasets/law-enforcement/lee_1960_2025.csv),2026-09-14
AZ0071300,Glendale,Glendale,AZ,2023,421,141,562,253768,https://cde.ucr.cjis.gov/LATEST/webapp/#/pages/downloads (Law Enforcement Employees Data; file additional-datasets/law-enforcement/lee_1960_2025.csv),2026-09-14
AZ0071300,Glendale,Glendale,AZ,2024,426,143,569,255512,https://cde.ucr.cjis.gov/LATEST/webapp/#/pages/downloads (Law Enforcement Employees Data; file additional-datasets/law-enforcement/lee_1960_2025.csv),2026-09-14
AZ0071500,Goodyear,Goodyear,AZ,2021,118,50,168,97081,https://cde.ucr.cjis.gov/LATEST/webapp/#/pages/downloads (Law Enforcement Employees Data; file additional-datasets/law-enforcement/lee_1960_2025.csv),2026-09-14
AZ0071500,Goodyear,Goodyear,AZ,2022,129,55,184,107212,https://cde.ucr.cjis.gov/LATEST/webapp/#/pages/downloads (Law Enforcement Employees Data; file additional-datasets/law-enforcement/lee_1960_2025.csv),2026-09-14
AZ0071500,Goodyear,Goodyear,AZ,2023,141,56,197,109929,https://cde.ucr.cjis.gov/LATEST/webapp/#/pages/downloads (Law Enforcement Employees Data; file additional-datasets/law-enforcement/lee_1960_2025.csv),2026-09-14
AZ0071500,Goodyear,Goodyear,AZ,2024,139,63,202,116892,https://cde.ucr.cjis.gov/LATEST/webapp/#/pages/downloads (Law Enforcement Employees Data; file additional-datasets/law-enforcement/lee_1960_2025.csv),2026-09-14
AZ0071700,Mesa,Mesa,AZ,2017,786,422,1208,492268,https://cde.ucr.cjis.gov/LATEST/webapp/#/pages/downloads (Law Enforcement Employees Data; file additional-datasets/law-enforcement/lee_1960_2025.csv),2026-09-14
AZ0071700,Mesa,Mesa,AZ,2018,779,423,1202,504873,https://cde.ucr.cjis.gov/LATEST/webapp/#/pages/downloads (Law Enforcement Employees Data; file additional-datasets/law-enforcement/lee_1960_2025.csv),2026-09-14
AZ0071700,Mesa,Mesa,AZ,2019,797,405,1202,518160,https://cde.ucr.cjis.gov/LATEST/webapp/#/pages/downloads (Law Enforcement Employees Data; file additional-datasets/law-enforcement/lee_1960_2025.csv),2026-09-14
AZ0071700,Mesa,Mesa,AZ,2020,828,440,1268,527361,https://cde.ucr.cjis.gov/LATEST/webapp/#/pages/downloads (Law Enforcement Employees Data; file additional-datasets/law-enforcement/lee_1960_2025.csv),2026-09-14
AZ0071700,Mesa,Mesa,AZ,2021,846,432,1278,513713,https://cde.ucr.cjis.gov/LATEST/webapp/#/pages/downloads (Law Enforcement Employees Data; file additional-datasets/law-enforcement/lee_1960_2025.csv),2026-09-14
AZ0071700,Mesa,Mesa,AZ,2022,834,474,1308,513116,https://cde.ucr.cjis.gov/LATEST/webapp/#/pages/downloads (Law Enforcement Employees Data; file additional-datasets/law-enforcement/lee_1960_2025.csv),2026-09-14
AZ0071700,Mesa,Mesa,AZ,2023,853,506,1359,515848,https://cde.ucr.cjis.gov/LATEST/webapp/#/pages/downloads (Law Enforcement Employees Data; file additional-datasets/law-enforcement/lee_1960_2025.csv),2026-09-14
AZ0071700,Mesa,Mesa,AZ,2024,887,568,1455,513585,https://cde.ucr.cjis.gov/LATEST/webapp/#/pages/downloads (Law Enforcement Employees Data; file additional-datasets/law-enforcement/lee_1960_2025.csv),2026-09-14
AZ0072100,Peoria,Peoria,AZ,2017,192,96,288,165889,https://cde.ucr.cjis.gov/LATEST/webapp/#/pages/downloads (Law Enforcement Employees Data; file additional-datasets/law-enforcement/lee_1960_2025.csv),2026-09-14
AZ0072100,Peoria,Peoria,AZ,2018,196,82,278,170177,https://cde.ucr.cjis.gov/LATEST/webapp/#/pages/downloads (Law Enforcement Employees Data; file additional-datasets/law-enforcement/lee_1960_2025.csv),2026-09-14
AZ0072100,Peoria,Peoria,AZ,2019,201,85,286,174571,https://cde.ucr.cjis.gov/LATEST/webapp/#/pages/downloads (Law Enforcement Employees Data; file additional-datasets/law-enforcement/lee_1960_2025.csv),2026-09-14
AZ0072100,Peoria,Peoria,AZ,2020,197,100,297,178486,https://cde.ucr.cjis.gov/LATEST/webapp/#/pages/downloads (Law Enforcement Employees Data; file additional-datasets/law-enforcement/lee_1960_2025.csv),2026-09-14
AZ0072100,Peoria,Peoria,AZ,2021,189,97,286,194566,https://cde.ucr.cjis.gov/LATEST/webapp/#/pages/downloads (Law Enforcement Employees Data; file additional-datasets/law-enforcement/lee_1960_2025.csv),2026-09-14
AZ0072100,Peoria,Peoria,AZ,2022,216,93,309,197894,https://cde.ucr.cjis.gov/LATEST/webapp/#/pages/downloads (Law Enforcement Employees Data; file additional-datasets/law-enforcement/lee_1960_2025.csv),2026-09-14
AZ0072100,Peoria,Peoria,AZ,2023,214,100,314,200886,https://cde.ucr.cjis.gov/LATEST/webapp/#/pages/downloads (Law Enforcement Employees Data; file additional-datasets/law-enforcement/lee_1960_2025.csv),2026-09-14
AZ0072100,Peoria,Peoria,AZ,2024,231,103,334,201056,https://cde.ucr.cjis.gov/LATEST/webapp/#/pages/downloads (Law Enforcement Employees Data; file additional-datasets/law-enforcement/lee_1960_2025.csv),2026-09-14
AZ0072300,Phoenix,Phoenix,AZ,2017,2838,978,3816,1644177,https://cde.ucr.cjis.gov/LATEST/webapp/#/pages/downloads (Law Enforcement Employees Data; file additional-datasets/law-enforcement/lee_1960_2025.csv),2026-09-14
AZ0072300,Phoenix,Phoenix,AZ,2018,2919,983,3902,1653080,https://cde.ucr.cjis.gov/LATEST/webapp/#/pages/downloads (Law Enforcement Employees Data; file additional-datasets/law-enforcement/lee_1960_2025.csv),2026-09-14
AZ0072300,Phoenix,Phoenix,AZ,2019,2928,991,3919,1688722,https://cde.ucr.cjis.gov/LATEST/webapp/#/pages/downloads (Law Enforcement Employees Data; file additional-datasets/law-enforcement/lee_1960_2025.csv),2026-09-14
AZ0072300,Phoenix,Phoenix,AZ,2020,2939,964,3903,1708960,https://cde.ucr.cjis.gov/LATEST/webapp/#/pages/downloads (Law Enforcement Employees Data; file additional-datasets/law-enforcement/lee_1960_2025.csv),2026-09-14
AZ0072300,Phoenix,Phoenix,AZ,2021,2795,977,3772,1638290,https://cde.ucr.cjis.gov/LATEST/webapp/#/pages/downloads (Law Enforcement Employees Data; file additional-datasets/law-enforcement/lee_1960_2025.csv),2026-09-14
AZ0072300,Phoenix,Phoenix,AZ,2022,2599,1015,3614,1637902,https://cde.ucr.cjis.gov/LATEST/webapp/#/pages/downloads (Law Enforcement Employees Data; file additional-datasets/law-enforcement/lee_1960_2025.csv),2026-09-14
AZ0072300,Phoenix,Phoenix,AZ,2023,2568,1047,3615,1660686,https://cde.ucr.cjis.gov/LATEST/webapp/#/pages/downloads (Law Enforcement Employees Data; file additional-datasets/law-enforcement/lee_1960_2025.csv),2026-09-14
AZ0072300,Phoenix,Phoenix,AZ,2024,2519,1180,3699,1662809,https://cde.ucr.cjis.gov/LATEST/webapp/#/pages/downloads (Law Enforcement Employees Data; file additional-datasets/law-enforcement/lee_1960_2025.csv),2026-09-14
AZ0072500,Scottsdale,Scottsdale,AZ,2017,392,231,623,251840,https://cde.ucr.cjis.gov/LATEST/webapp/#/pages/downloads (Law Enforcement Employees Data; file additional-datasets/law-enforcement/lee_1960_2025.csv),2026-09-14
AZ0072500,Scottsdale,Scottsdale,AZ,2018,381,227,608,254961,https://cde.ucr.cjis.gov/LATEST/webapp/#/pages/downloads (Law Enforcement Employees Data; file additional-datasets/law-enforcement/lee_1960_2025.csv),2026-09-14
AZ0072500,Scottsdale,Scottsdale,AZ,2019,385,231,616,260464,https://cde.ucr.cjis.gov/LATEST/webapp/#/pages/downloads (Law Enforcement Employees Data; file additional-datasets/law-enforcement/lee_1960_2025.csv),2026-09-14
AZ0072500,Scottsdale,Scottsdale,AZ,2020,379,234,613,263006,https://cde.ucr.cjis.gov/LATEST/webapp/#/pages/downloads (Law Enforcement Employees Data; file additional-datasets/law-enforcement/lee_1960_2025.csv),2026-09-14
AZ0072500,Scottsdale,Scottsdale,AZ,2021,375,238,613,245886,https://cde.ucr.cjis.gov/LATEST/webapp/#/pages/downloads (Law Enforcement Employees Data; file additional-datasets/law-enforcement/lee_1960_2025.csv),2026-09-14
AZ0072500,Scottsdale,Scottsdale,AZ,2022,351,240,591,243576,https://cde.ucr.cjis.gov/LATEST/webapp/#/pages/downloads (Law Enforcement Employees Data; file additional-datasets/law-enforcement/lee_1960_2025.csv),2026-09-14
AZ0072500,Scottsdale,Scottsdale,AZ,2023,358,245,603,243644,https://cde.ucr.cjis.gov/LATEST/webapp/#/pages/downloads (Law Enforcement Employees Data; file additional-datasets/law-enforcement/lee_1960_2025.csv),2026-09-14
AZ0072500,Scottsdale,Scottsdale,AZ,2024,374,241,615,245237,https://cde.ucr.cjis.gov/LATEST/webapp/#/pages/downloads (Law Enforcement Employees Data; file additional-datasets/law-enforcement/lee_1960_2025.csv),2026-09-14
AZ0072700,Surprise,Surprise,AZ,2017,135,56,191,135345,https://cde.ucr.cjis.gov/LATEST/webapp/#/pages/downloads (Law Enforcement Employees Data; file additional-datasets/law-enforcement/lee_1960_2025.csv),2026-09-14
AZ0072700,Surprise,Surprise,AZ,2018,139,54,193,136611,https://cde.ucr.cjis.gov/LATEST/webapp/#/pages/downloads (Law Enforcement Employees Data; file additional-datasets/law-enforcement/lee_1960_2025.csv),2026-09-14
AZ0072700,Surprise,Surprise,AZ,2019,143,55,198,140962,https://cde.ucr.cjis.gov/LATEST/webapp/#/pages/downloads (Law Enforcement Employees Data; file additional-datasets/law-enforcement/lee_1960_2025.csv),2026-09-14
AZ0072700,Surprise,Surprise,AZ,2020,140,59,199,144620,https://cde.ucr.cjis.gov/LATEST/webapp/#/pages/downloads (Law Enforcement Employees Data; file additional-datasets/law-enforcement/lee_1960_2025.csv),2026-09-14
AZ0072700,Surprise,Surprise,AZ,2021,143,63,206,145832,https://cde.ucr.cjis.gov/LATEST/webapp/#/pages/downloads (Law Enforcement Employees Data; file additional-datasets/law-enforcement/lee_1960_2025.csv),2026-09-14
AZ0072700,Surprise,Surprise,AZ,2022,159,57,216,154128,https://cde.ucr.cjis.gov/LATEST/webapp/#/pages/downloads (Law Enforcement Employees Data; file additional-datasets/law-enforcement/lee_1960_2025.csv),2026-09-14
AZ0072700,Surprise,Surprise,AZ,2023,168,66,234,159346,https://cde.ucr.cjis.gov/LATEST/webapp/#/pages/downloads (Law Enforcement Employees Data; file additional-datasets/law-enforcement/lee_1960_2025.csv),2026-09-14
AZ0072700,Surprise,Surprise,AZ,2024,187,70,257,163202,https://cde.ucr.cjis.gov/LATEST/webapp/#/pages/downloads (Law Enforcement Employees Data; file additional-datasets/law-enforcement/lee_1960_2025.csv),2026-09-14
AZ0072900,Tempe,Tempe,AZ,2017,356,139,495,186086,https://cde.ucr.cjis.gov/LATEST/webapp/#/pages/downloads (Law Enforcement Employees Data; file additional-datasets/law-enforcement/lee_1960_2025.csv),2026-09-14
AZ0072900,Tempe,Tempe,AZ,2018,346,142,488,188543,https://cde.ucr.cjis.gov/LATEST/webapp/#/pages/downloads (Law Enforcement Employees Data; file additional-datasets/law-enforcement/lee_1960_2025.csv),2026-09-14
AZ0072900,Tempe,Tempe,AZ,2019,338,142,480,196499,https://cde.ucr.cjis.gov/LATEST/webapp/#/pages/downloads (Law Enforcement Employees Data; file additional-datasets/law-enforcement/lee_1960_2025.csv),2026-09-14
AZ0072900,Tempe,Tempe,AZ,2020,346,141,487,199935,https://cde.ucr.cjis.gov/LATEST/webapp/#/pages/downloads (Law Enforcement Employees Data; file additional-datasets/law-enforcement/lee_1960_2025.csv),2026-09-14
AZ0072900,Tempe,Tempe,AZ,2021,326,134,460,183973,https://cde.ucr.cjis.gov/LATEST/webapp/#/pages/downloads (Law Enforcement Employees Data; file additional-datasets/law-enforcement/lee_1960_2025.csv),2026-09-14
AZ0072900,Tempe,Tempe,AZ,2022,343,124,467,187473,https://cde.ucr.cjis.gov/LATEST/webapp/#/pages/downloads (Law Enforcement Employees Data; file additional-datasets/law-enforcement/lee_1960_2025.csv),2026-09-14
AZ0072900,Tempe,Tempe,AZ,2023,345,128,473,188144,https://cde.ucr.cjis.gov/LATEST/webapp/#/pages/downloads (Law Enforcement Employees Data; file additional-datasets/law-enforcement/lee_1960_2025.csv),2026-09-14
AZ0072900,Tempe,Tempe,AZ,2024,327,137,464,191376,https://cde.ucr.cjis.gov/LATEST/webapp/#/pages/downloads (Law Enforcement Employees Data; file additional-datasets/law-enforcement/lee_1960_2025.csv),2026-09-14
AZ0100300,Tucson,Tucson,AZ,2017,834,340,1174,532323,https://cde.ucr.cjis.gov/LATEST/webapp/#/pages/downloads (Law Enforcement Employees Data; file additional-datasets/law-enforcement/lee_1960_2025.csv),2026-09-14
AZ0100300,Tucson,Tucson,AZ,2018,807,208,1015,537392,https://cde.ucr.cjis.gov/LATEST/webapp/#/pages/downloads (Law Enforcement Employees Data; file additional-datasets/law-enforcement/lee_1960_2025.csv),2026-09-14
AZ0100300,Tucson,Tucson,AZ,2019,901,228,1129,548374,https://cde.ucr.cjis.gov/LATEST/webapp/#/pages/downloads (Law Enforcement Employees Data; file additional-datasets/law-enforcement/lee_1960_2025.csv),2026-09-14
AZ0100300,Tucson,Tucson,AZ,2020,855,232,1087,550448,https://cde.ucr.cjis.gov/LATEST/webapp/#/pages/downloads (Law Enforcement Employees Data; file additional-datasets/law-enforcement/lee_1960_2025.csv),2026-09-14
AZ0100300,Tucson,Tucson,AZ,2021,820,239,1059,556297,https://cde.ucr.cjis.gov/LATEST/webapp/#/pages/downloads (Law Enforcement Employees Data; file additional-datasets/law-enforcement/lee_1960_2025.csv),2026-09-14
AZ0100300,Tucson,Tucson,AZ,2022,777,313,1090,544629,https://cde.ucr.cjis.gov/LATEST/webapp/#/pages/downloads (Law Enforcement Employees Data; file additional-datasets/law-enforcement/lee_1960_2025.csv),2026-09-14
AZ0100300,Tucson,Tucson,AZ,2023,777,366,1143,548544,https://cde.ucr.cjis.gov/LATEST/webapp/#/pages/downloads (Law Enforcement Employees Data; file additional-datasets/law-enforcement/lee_1960_2025.csv),2026-09-14
AZ0100300,Tucson,Tucson,AZ,2024,732,351,1083,548789,https://cde.ucr.cjis.gov/LATEST/webapp/#/pages/downloads (Law Enforcement Employees Data; file additional-datasets/law-enforcement/lee_1960_2025.csv),2026-09-14
AZ0140500,Yuma,Yuma,AZ,2017,168,84,252,95522,https://cde.ucr.cjis.gov/LATEST/webapp/#/pages/downloads (Law Enforcement Employees Data; file additional-datasets/law-enforcement/lee_1960_2025.csv),2026-09-14
AZ0140500,Yuma,Yuma,AZ,2018,173,96,269,96121,https://cde.ucr.cjis.gov/LATEST/webapp/#/pages/downloads (Law Enforcement Employees Data; file additional-datasets/law-enforcement/lee_1960_2025.csv),2026-09-14
AZ0140500,Yuma,Yuma,AZ,2019,153,103,256,98769,https://cde.ucr.cjis.gov/LATEST/webapp/#/pages/downloads (Law Enforcement Employees Data; file additional-datasets/law-enforcement/lee_1960_2025.csv),2026-09-14
AZ0140500,Yuma,Yuma,AZ,2020,137,90,227,99096,https://cde.ucr.cjis.gov/LATEST/webapp/#/pages/downloads (Law Enforcement Employees Data; file additional-datasets/law-enforcement/lee_1960_2025.csv),2026-09-14
AZ0140500,Yuma,Yuma,AZ,2021,132,110,242,100710,https://cde.ucr.cjis.gov/LATEST/webapp/#/pages/downloads (Law Enforcement Employees Data; file additional-datasets/law-enforcement/lee_1960_2025.csv),2026-09-14
AZ0140500,Yuma,Yuma,AZ,2022,147,99,246,98164,https://cde.ucr.cjis.gov/LATEST/webapp/#/pages/downloads (Law Enforcement Employees Data; file additional-datasets/law-enforcement/lee_1960_2025.csv),2026-09-14
AZ0140500,Yuma,Yuma,AZ,2023,138,115,253,99610,https://cde.ucr.cjis.gov/LATEST/webapp/#/pages/downloads (Law Enforcement Employees Data; file additional-datasets/law-enforcement/lee_1960_2025.csv),2026-09-14
AZ0140500,Yuma,Yuma,AZ,2024,138,115,253,101989,https://cde.ucr.cjis.gov/LATEST/webapp/#/pages/downloads (Law Enforcement Employees Data; file additional-datasets/law-enforcement/lee_1960_2025.csv),2026-09-14
CA0300100,Anaheim,Anaheim,CA,2017,419,183,602,353400,https://cde.ucr.cjis.gov/LATEST/webapp/#/pages/downloads (Law Enforcement Employees Data; file additional-datasets/law-enforcement/lee_1960_2025.csv),2026-09-14
CA0300100,Anaheim,Anaheim,CA,2018,419,178,597,354743,https://cde.ucr.cjis.gov/LATEST/webapp/#/pages/downloads (Law Enforcement Employees Data; file additional-datasets/law-enforcement/lee_1960_2025.csv),2026-09-14
CA0300100,Anaheim,Anaheim,CA,2019,418,174,592,353915,https://cde.ucr.cjis.gov/LATEST/webapp/#/pages/downloads (Law Enforcement Employees Data; file additional-datasets/law-enforcement/lee_1960_2025.csv),2026-09-14
CA0300100,Anaheim,Anaheim,CA,2020,402,154,556,351913,https://cde.ucr.cjis.gov/LATEST/webapp/#/pages/downloads (Law Enforcement Employees Data; file additional-datasets/law-enforcement/lee_1960_2025.csv),2026-09-14
CA0300100,Anaheim,Anaheim,CA,2021,390,160,550,355301,https://cde.ucr.cjis.gov/LATEST/webapp/#/pages/downloads (Law Enforcement Employees Data; file additional-datasets/law-enforcement/lee_1960_2025.csv),2026-09-14
CA0300100,Anaheim,Anaheim,CA,2022,396,155,551,344795,https://cde.ucr.cjis.gov/LATEST/webapp/#/pages/downloads (Law Enforcement Employees Data; file additional-datasets/law-enforcement/lee_1960_2025.csv),2026-09-14
CA0300100,Anaheim,Anaheim,CA,2023,424,168,592,343147,https://cde.ucr.cjis.gov/LATEST/webapp/#/pages/downloads (Law Enforcement Employees Data; file additional-datasets/law-enforcement/lee_1960_2025.csv),2026-09-14
CA0300100,Anaheim,Anaheim,CA,2024,425,156,581,338488,https://cde.ucr.cjis.gov/LATEST/webapp/#/pages/downloads (Law Enforcement Employees Data; file additional-datasets/law-enforcement/lee_1960_2025.csv),2026-09-14
CA0070100,Antioch,Antioch,CA,2017,96,36,132,112252,https://cde.ucr.cjis.gov/LATEST/webapp/#/pages/downloads (Law Enforcement Employees Data; file additional-datasets/law-enforcement/lee_1960_2025.csv),2026-09-14
CA0070100,Antioch,Antioch,CA,2018,97,36,133,112956,https://cde.ucr.cjis.gov/LATEST/webapp/#/pages/downloads (Law Enforcement Employees Data; file additional-datasets/law-enforcement/lee_1960_2025.csv),2026-09-14
CA0070100,Antioch,Antioch,CA,2019,106,43,149,112641,https://cde.ucr.cjis.gov/LATEST/webapp/#/pages/downloads (Law Enforcement Employees Data; file additional-datasets/law-enforcement/lee_1960_2025.csv),2026-09-14
CA0070100,Antioch,Antioch,CA,2020,120,46,166,112481,https://cde.ucr.cjis.gov/LATEST/webapp/#/pages/downloads (Law Enforcement Employees Data; file additional-datasets/law-enforcement/lee_1960_2025.csv),2026-09-14
CA0070100,Antioch,Antioch,CA,2021,112,43,155,112499,https://cde.ucr.cjis.gov/LATEST/webapp/#/pages/downloads (Law Enforcement Employees Data; file additional-datasets/law-enforcement/lee_1960_2025.csv),2026-09-14
CA0070100,Antioch,Antioch,CA,2022,101,31,132,114338,https://cde.ucr.cjis.gov/LATEST/webapp/#/pages/downloads (Law Enforcement Employees Data; file additional-datasets/law-enforcement/lee_1960_2025.csv),2026-09-14
CA0070100,Antioch,Antioch,CA,2023,88,37,125,115271,https://cde.ucr.cjis.gov/LATEST/webapp/#/pages/downloads (Law Enforcement Employees Data; file additional-datasets/law-enforcement/lee_1960_2025.csv),2026-09-14
CA0070100,Antioch,Antioch,CA,2024,80,38,118,117675,https://cde.ucr.cjis.gov/LATEST/webapp/#/pages/downloads (Law Enforcement Employees Data; file additional-datasets/law-enforcement/lee_1960_2025.csv),2026-09-14
CA0150200,Bakersfield,Bakersfield,CA,2017,364,150,514,381154,https://cde.ucr.cjis.gov/LATEST/webapp/#/pages/downloads (Law Enforcement Employees Data; file additional-datasets/law-enforcement/lee_1960_2025.csv),2026-09-14
CA0150200,Bakersfield,Bakersfield,CA,2018,398,139,537,385609,https://cde.ucr.cjis.gov/LATEST/webapp/#/pages/downloads (Law Enforcement Employees Data; file additional-datasets/law-enforcement/lee_1960_2025.csv),2026-09-14
CA0150200,Bakersfield,Bakersfield,CA,2019,380,179,559,388080,https://cde.ucr.cjis.gov/LATEST/webapp/#/pages/downloads (Law Enforcement Employees Data; file additional-datasets/law-enforcement/lee_1960_2025.csv),2026-09-14
CA0150200,Bakersfield,Bakersfield,CA,2020,403,185,588,388265,https://cde.ucr.cjis.gov/LATEST/webapp/#/pages/downloads (Law Enforcement Employees Data; file additional-datasets/law-enforcement/lee_1960_2025.csv),2026-09-14
CA0150200,Bakersfield,Bakersfield,CA,2021,422,214,636,389632,https://cde.ucr.cjis.gov/LATEST/webapp/#/pages/downloads (Law Enforcement Employees Data; file additional-datasets/law-enforcement/lee_1960_2025.csv),2026-09-14
CA0150200,Bakersfield,Bakersfield,CA,2022,469,209,678,411873,https://cde.ucr.cjis.gov/LATEST/webapp/#/pages/downloads (Law Enforcement Employees Data; file additional-datasets/law-enforcement/lee_1960_2025.csv),2026-09-14
CA0150200,Bakersfield,Bakersfield,CA,2023,467,195,662,413409,https://cde.ucr.cjis.gov/LATEST/webapp/#/pages/downloads (Law Enforcement Employees Data; file additional-datasets/law-enforcement/lee_1960_2025.csv),2026-09-14
CA0150200,Bakersfield,Bakersfield,CA,2024,464,209,673,416120,https://cde.ucr.cjis.gov/LATEST/webapp/#/pages/downloads (Law Enforcement Employees Data; file additional-datasets/law-enforcement/lee_1960_2025.csv),2026-09-14
CA0010300,Berkeley,Berkeley,CA,2017,162,85,247,122687,https://cde.ucr.cjis.gov/LATEST/webapp/#/pages/downloads (Law Enforcement Employees Data; file additional-datasets/law-enforcement/lee_1960_2025.csv),2026-09-14
CA0010300,Berkeley,Berkeley,CA,2018,153,94,247,123735,https://cde.ucr.cjis.gov/LATEST/webapp/#/pages/downloads (Law Enforcement Employees Data; file additional-datasets/law-enforcement/lee_1960_2025.csv),2026-09-14
CA0010300,Berkeley,Berkeley,CA,2019,159,94,253,122788,https://cde.ucr.cjis.gov/LATEST/webapp/#/pages/downloads (Law Enforcement Employees Data; file additional-datasets/law-enforcement/lee_1960_2025.csv),2026-09-14
CA0010300,Berkeley,Berkeley,CA,2020,163,91,254,122346,https://cde.ucr.cjis.gov/LATEST/webapp/#/pages/downloads (Law Enforcement Employees Data; file additional-datasets/law-enforcement/lee_1960_2025.csv),2026-09-14
CA0010300,Berkeley,Berkeley,CA,2021,149,90,239,123754,https://cde.ucr.cjis.gov/LATEST/webapp/#/pages/downloads (Law Enforcement Employees Data; file additional-datasets/law-enforcement/lee_1960_2025.csv),2026-09-14
CA0010300,Berkeley,Berkeley,CA,2022,150,108,258,114872,https://cde.ucr.cjis.gov/LATEST/webapp/#/pages/downloads (Law Enforcement Employees Data; file additional-datasets/law-enforcement/lee_1960_2025.csv),2026-09-14
CA0010300,Berkeley,Berkeley,CA,2023,148,96,244,116595,https://cde.ucr.cjis.gov/LATEST/webapp/#/pages/downloads (Law Enforcement Employees Data; file additional-datasets/law-enforcement/lee_1960_2025.csv),2026-09-14
CA0010300,Berkeley,Berkeley,CA,2024,142,93,235,117400,https://cde.ucr.cjis.gov/LATEST/webapp/#/pages/downloads (Law Enforcement Employees Data; file additional-datasets/law-enforcement/lee_1960_2025.csv),2026-09-14
CA0191200,Burbank,Burbank,CA,2017,157,82,239,104622,https://cde.ucr.cjis.gov/LATEST/webapp/#/pages/downloads (Law Enforcement Employees Data; file additional-datasets/law-enforcement/lee_1960_2025.csv),2026-09-14
CA0191200,Burbank,Burbank,CA,2018,148,83,231,105041,https://cde.ucr.cjis.gov/LATEST/webapp/#/pages/downloads (Law Enforcement Employees Data; file additional-datasets/law-enforcement/lee_1960_2025.csv),2026-09-14
CA0191200,Burbank,Burbank,CA,2019,139,76,215,103738,https://cde.ucr.cjis.gov/LATEST/webapp/#/pages/downloads (Law Enforcement Employees Data; file additional-datasets/law-enforcement/lee_1960_2025.csv),2026-09-14
CA0191200,Burbank,Burbank,CA,2020,147,83,230,102419,https://cde.ucr.cjis.gov/LATEST/webapp/#/pages/downloads (Law Enforcement Employees Data; file additional-datasets/law-enforcement/lee_1960_2025.csv),2026-09-14
CA0191200,Burbank,Burbank,CA,2021,152,78,230,101698,https://cde.ucr.cjis.gov/LATEST/webapp/#/pages/downloads (Law Enforcement Employees Data; file additional-datasets/law-enforcement/lee_1960_2025.csv),2026-09-14
CA0191200,Burbank,Burbank,CA,2022,150,73,223,103516,https://cde.ucr.cjis.gov/LATEST/webapp/#/pages/downloads (Law Enforcement Employees Data; file additional-datasets/law-enforcement/lee_1960_2025.csv),2026-09-14
CA0191200,Burbank,Burbank,CA,2023,149,66,215,102345,https://cde.ucr.cjis.gov/LATEST/webapp/#/pages/downloads (Law Enforcement Employees Data; file additional-datasets/law-enforcement/lee_1960_2025.csv),2026-09-14
CA0191200,Burbank,Burbank,CA,2024,152,63,215,101377,https://cde.ucr.cjis.gov/LATEST/webapp/#/pages/downloads (Law Enforcement Employees Data; file additional-datasets/law-enforcement/lee_1960_2025.csv),2026-09-14
CA0370100,Carlsbad,Carlsbad,CA,2017,115,45,160,115344,https://cde.ucr.cjis.gov/LATEST/webapp/#/pages/downloads (Law Enforcement Employees Data; file additional-datasets/law-enforcement/lee_1960_2025.csv),2026-09-14
CA0370100,Carlsbad,Carlsbad,CA,2018,117,45,162,116739,https://cde.ucr.cjis.gov/LATEST/webapp/#/pages/downloads (Law Enforcement Employees Data; file additional-datasets/law-enforcement/lee_1960_2025.csv),2026-09-14
CA0370100,Carlsbad,Carlsbad,CA,2019,126,56,182,117220,https://cde.ucr.cjis.gov/LATEST/webapp/#/pages/downloads (Law Enforcement Employees Data; file additional-datasets/law-enforcement/lee_1960_2025.csv),2026-09-14
CA0370100,Carlsbad,Carlsbad,CA,2020,128,52,180,116516,https://cde.ucr.cjis.gov/LATEST/webapp/#/pages/downloads (Law Enforcement Employees Data; file additional-datasets/law-enforcement/lee_1960_2025.csv),2026-09-14
CA0370100,Carlsbad,Carlsbad,CA,2021,123,37,160,116633,https://cde.ucr.cjis.gov/LATEST/webapp/#/pages/downloads (Law Enforcement Employees Data; file additional-datasets/law-enforcement/lee_1960_2025.csv),2026-09-14
CA0370100,Carlsbad,Carlsbad,CA,2022,129,59,188,115531,https://cde.ucr.cjis.gov/LATEST/webapp/#/pages/downloads (Law Enforcement Employees Data; file additional-datasets/law-enforcement/lee_1960_2025.csv),2026-09-14
CA0370100,Carlsbad,Carlsbad,CA,2023,127,51,178,113796,https://cde.ucr.cjis.gov/LATEST/webapp/#/pages/downloads (Law Enforcement Employees Data; file additional-datasets/law-enforcement/lee_1960_2025.csv),2026-09-14
CA0370100,Carlsbad,Carlsbad,CA,2024,129,51,180,113023,https://cde.ucr.cjis.gov/LATEST/webapp/#/pages/downloads (Law Enforcement Employees Data; file additional-datasets/law-enforcement/lee_1960_2025.csv),2026-09-14
CA0040200,Chico,Chico,CA,2017,89,49,138,92459,https://cde.ucr.cjis.gov/LATEST/webapp/#/pages/downloads (Law Enforcement Employees Data; file additional-datasets/law-enforcement/lee_1960_2025.csv),2026-09-14
CA0040200,Chico,Chico,CA,2018,91,50,141,94273,https://cde.ucr.cjis.gov/LATEST/webapp/#/pages/downloads (Law Enforcement Employees Data; file additional-datasets/law-enforcement/lee_1960_2025.csv),2026-09-14
CA0040200,Chico,Chico,CA,2019,95,51,146,95826,https://cde.ucr.cjis.gov/LATEST/webapp/#/pages/downloads (Law Enforcement Employees Data; file additional-datasets/law-enforcement/lee_1960_2025.csv),2026-09-14
CA0040200,Chico,Chico,CA,2020,94,50,144,105355,https://cde.ucr.cjis.gov/LATEST/webapp/#/pages/downloads (Law Enforcement Employees Data; file additional-datasets/law-enforcement/lee_1960_2025.csv),2026-09-14
CA0040200,Chico,Chico,CA,2021,95,45,140,104403,https://cde.ucr.cjis.gov/LATEST/webapp/#/pages/downloads (Law Enforcement Employees Data; file additional-datasets/law-enforcement/lee_1960_2025.csv),2026-09-14
CA0040200,Chico,Chico,CA,2022,90,50,140,102499,https://cde.ucr.cjis.gov/LATEST/webapp/#/pages/downloads (Law Enforcement Employees Data; file additional-datasets/law-enforcement/lee_1960_2025.csv),2026-09-14
CA0040200,Chico,Chico,CA,2023,92,51,143,100896,https://cde.ucr.cjis.gov/LATEST/webapp/#/pages/downloads (Law Enforcement Employees Data; file additional-datasets/law-enforcement/lee_1960_2025.csv),2026-09-14
CA0040200,Chico,Chico,CA,2024,105,61,166,100831,https://cde.ucr.cjis.gov/LATEST/webapp/#/pages/downloads (Law Enforcement Employees Data; file additional-datasets/law-enforcement/lee_1960_2025.csv),2026-09-14
CA0360200,Chino,Chino,CA,2018,102,51,153,91535,https://cde.ucr.cjis.gov/LATEST/webapp/#/pages/downloads (Law Enforcement Employees Data; file additional-datasets/law-enforcement/lee_1960_2025.csv),2026-09-14
CA0360200,Chino,Chino,CA,2019,109,51,160,93348,https://cde.ucr.cjis.gov/LATEST/webapp/#/pages/downloads (Law Enforcement Employees Data; file additional-datasets/law-enforcement/lee_1960_2025.csv),2026-09-14
CA0360200,Chino,Chino,CA,2020,114,51,165,96309,https://cde.ucr.cjis.gov/LATEST/webapp/#/pages/downloads (Law Enforcement Employees Data; file additional-datasets/law-enforcement/lee_1960_2025.csv),2026-09-14
CA0360200,Chino,Chino,CA,2021,114,53,167,93786,https://cde.ucr.cjis.gov/LATEST/webapp/#/pages/downloads (Law Enforcement Employees Data; file additional-datasets/law-enforcement/lee_1960_2025.csv),2026-09-14
CA0360200,Chino,Chino,CA,2022,116,55,171,94611,https://cde.ucr.cjis.gov/LATEST/webapp/#/pages/downloads (Law Enforcement Employees Data; file additional-datasets/law-enforcement/lee_1960_2025.csv),2026-09-14
CA0360200,Chino,Chino,CA,2023,117,53,170,94162,https://cde.ucr.cjis.gov/LATEST/webapp/#/pages/downloads (Law Enforcement Employees Data; file additional-datasets/law-enforcement/lee_1960_2025.csv),2026-09-14
CA0360200,Chino,Chino,CA,2024,118,54,172,93818,https://cde.ucr.cjis.gov/LATEST/webapp/#/pages/downloads (Law Enforcement Employees Data; file additional-datasets/law-enforcement/lee_1960_2025.csv),2026-09-14
CA0370200,Chula Vista,Chula Vista,CA,2017,223,86,309,271109,https://cde.ucr.cjis.gov/LATEST/webapp/#/pages/downloads (Law Enforcement Employees Data; file additional-datasets/law-enforcement/lee_1960_2025.csv),2026-09-14
CA0370200,Chula Vista,Chula Vista,CA,2018,221,84,305,274370,https://cde.ucr.cjis.gov/LATEST/webapp/#/pages/downloads (Law Enforcement Employees Data; file additional-datasets/law-enforcement/lee_1960_2025.csv),2026-09-14
CA0370200,Chula Vista,Chula Vista,CA,2019,232,83,315,275230,https://cde.ucr.cjis.gov/LATEST/webapp/#/pages/downloads (Law Enforcement Employees Data; file additional-datasets/law-enforcement/lee_1960_2025.csv),2026-09-14
CA0370200,Chula Vista,Chula Vista,CA,2020,243,99,342,278027,https://cde.ucr.cjis.gov/LATEST/webapp/#/pages/downloads (Law Enforcement Employees Data; file additional-datasets/law-enforcement/lee_1960_2025.csv),2026-09-14
CA0370200,Chula Vista,Chula Vista,CA,2021,241,12,253,275978,https://cde.ucr.cjis.gov/LATEST/webapp/#/pages/downloads (Law Enforcement Employees Data; file additional-datasets/law-enforcement/lee_1960_2025.csv),2026-09-14
CA0370200,Chula Vista,Chula Vista,CA,2022,252,96,348,277976,https://cde.ucr.cjis.gov/LATEST/webapp/#/pages/downloads (Law Enforcement Employees Data; file additional-datasets/law-enforcement/lee_1960_2025.csv),2026-09-14
CA0370200,Chula Vista,Chula Vista,CA,2023,274,117,391,280748,https://cde.ucr.cjis.gov/LATEST/webapp/#/pages/downloads (Law Enforcement Employees Data; file additional-datasets/law-enforcement/lee_1960_2025.csv),2026-09-14
CA0370200,Chula Vista,Chula Vista,CA,2024,281,100,381,273843,https://cde.ucr.cjis.gov/LATEST/webapp/#/pages/downloads (Law Enforcement Employees Data; file additional-datasets/law-enforcement/lee_1960_2025.csv),2026-09-14
CA0100100,Clovis,Clovis,CA,2017,100,67,167,108419,https://cde.ucr.cjis.gov/LATEST/webapp/#/pages/downloads (Law Enforcement Employees Data; file additional-datasets/law-enforcement/lee_1960_2025.csv),2026-09-14
CA0100100,Clovis,Clovis,CA,2018,101,65,166,111759,https://cde.ucr.cjis.gov/LATEST/webapp/#/pages/downloads (Law Enforcement Employees Data; file additional-datasets/law-enforcement/lee_1960_2025.csv),2026-09-14
CA0100100,Clovis,Clovis,CA,2019,100,60,160,114170,https://cde.ucr.cjis.gov/LATEST/webapp/#/pages/downloads (Law Enforcement Employees Data; file additional-datasets/law-enforcement/lee_1960_2025.csv),2026-09-14
CA0100100,Clovis,Clovis,CA,2020,98,67,165,116809,https://cde.ucr.cjis.gov/LATEST/webapp/#/pages/downloads (Law Enforcement Employees Data; file additional-datasets/law-enforcement/lee_1960_2025.csv),2026-09-14
CA0100100,Clovis,Clovis,CA,2021,101,63,164,120037,https://cde.ucr.cjis.gov/LATEST/webapp/#/pages/downloads (Law Enforcement Employees Data; file additional-datasets/law-enforcement/lee_1960_2025.csv),2026-09-14
CA0100100,Clovis,Clovis,CA,2022,105,66,171,125348,https://cde.ucr.cjis.gov/LATEST/webapp/#/pages/downloads (Law Enforcement Employees Data; file additional-datasets/law-enforcement/lee_1960_2025.csv),2026-09-14
CA0100100,Clovis,Clovis,CA,2023,112,66,178,126552,https://cde.ucr.cjis.gov/LATEST/webapp/#/pages/downloads (Law Enforcement Employees Data; file additional-datasets/law-enforcement/lee_1960_2025.csv),2026-09-14
CA0100100,Clovis,Clovis,CA,2024,116,67,183,127560,https://cde.ucr.cjis.gov/LATEST/webapp/#/pages/downloads (Law Enforcement Employees Data; file additional-datasets/law-enforcement/lee_1960_2025.csv),2026-09-14
CA0070400,Concord,Concord,CA,2017,152,53,205,129789,https://cde.ucr.cjis.gov/LATEST/webapp/#/pages/downloads (Law Enforcement Employees Data; file additional-datasets/law-enforcement/lee_1960_2025.csv),2026-09-14
CA0070400,Concord,Concord,CA,2018,145,52,197,130855,https://cde.ucr.cjis.gov/LATEST/webapp/#/pages/downloads (Law Enforcement Employees Data; file additional-datasets/law-enforcement/lee_1960_2025.csv),2026-09-14
CA0070400,Concord,Concord,CA,2019,146,54,200,130615,https://cde.ucr.cjis.gov/LATEST/webapp/#/pages/downloads (Law Enforcement Employees Data; file additional-datasets/law-enforcement/lee_1960_2025.csv),2026-09-14
CA0070400,Concord,Concord,CA,2020,135,43,178,130074,https://cde.ucr.cjis.gov/LATEST/webapp/#/pages/downloads (Law Enforcement Employees Data; file additional-datasets/law-enforcement/lee_1960_2025.csv),2026-09-14
CA0070400,Concord,Concord,CA,2021,131,38,169,129173,https://cde.ucr.cjis.gov/LATEST/webapp/#/pages/downloads (Law Enforcement Employees Data; file additional-datasets/law-enforcement/lee_1960_2025.csv),2026-09-14
CA0070400,Concord,Concord,CA,2022,128,43,171,122982,https://cde.ucr.cjis.gov/LATEST/webapp/#/pages/downloads (Law Enforcement Employees Data; file additional-datasets/law-enforcement/lee_1960_2025.csv),2026-09-14
CA0070400,Concord,Concord,CA,2023,138,49,187,121331,https://cde.ucr.cjis.gov/LATEST/webapp/#/pages/downloads (Law Enforcement Employees Data; file additional-datasets/law-enforcement/lee_1960_2025.csv),2026-09-14
CA0070400,Concord,Concord,CA,2024,138,58,196,121341,https://cde.ucr.cjis.gov/LATEST/webapp/#/pages/downloads (Law Enforcement Employees Data; file additional-datasets/law-enforcement/lee_1960_2025.csv),2026-09-14
CA0331500,Corona,Corona,CA,2017,154,63,217,169164,https://cde.ucr.cjis.gov/LATEST/webapp/#/pages/downloads (Law Enforcement Employees Data; file additional-datasets/law-enforcement/lee_1960_2025.csv),2026-09-14
CA0331500,Corona,Corona,CA,2018,148,61,209,170041,https://cde.ucr.cjis.gov/LATEST/webapp/#/pages/downloads (Law Enforcement Employees Data; file additional-datasets/law-enforcement/lee_1960_2025.csv),2026-09-14
CA0331500,Corona,Corona,CA,2019,143,66,209,170875,https://cde.ucr.cjis.gov/LATEST/webapp/#/pages/downloads (Law Enforcement Employees Data; file additional-datasets/law-enforcement/lee_1960_2025.csv),2026-09-14
CA0331500,Corona,Corona,CA,2020,142,67,209,171848,https://cde.ucr.cjis.gov/LATEST/webapp/#/pages/downloads (Law Enforcement Employees Data; file additional-datasets/law-enforcement/lee_1960_2025.csv),2026-09-14
CA0331500,Corona,Corona,CA,2021,151,71,222,172922,https://cde.ucr.cjis.gov/LATEST/webapp/#/pages/downloads (Law Enforcement Employees Data; file additional-datasets/law-enforcement/lee_1960_2025.csv),2026-09-14
CA0331500,Corona,Corona,CA,2022,154,74,228,161946,https://cde.ucr.cjis.gov/LATEST/webapp/#/pages/downloads (Law Enforcement Employees Data; file additional-datasets/law-enforcement/lee_1960_2025.csv),2026-09-14
CA0331500,Corona,Corona,CA,2023,151,72,223,160590,https://cde.ucr.cjis.gov/LATEST/webapp/#/pages/downloads (Law Enforcement Employees Data; file additional-datasets/law-enforcement/lee_1960_2025.csv),2026-09-14
CA0331500,Corona,Corona,CA,2024,149,93,242,161174,https://cde.ucr.cjis.gov/LATEST/webapp/#/pages/downloads (Law Enforcement Employees Data; file additional-datasets/law-enforcement/lee_1960_2025.csv),2026-09-14
CA0300400,Costa Mesa,Costa Mesa,CA,2017,119,64,183,113267,https://cde.ucr.cjis.gov/LATEST/webapp/#/pages/downloads (Law Enforcement Employees Data; file additional-datasets/law-enforcement/lee_1960_2025.csv),2026-09-14
CA0300400,Costa Mesa,Costa Mesa,CA,2018,128,60,188,114358,https://cde.ucr.cjis.gov/LATEST/webapp/#/pages/downloads (Law Enforcement Employees Data; file additional-datasets/law-enforcement/lee_1960_2025.csv),2026-09-14
CA0300400,Costa Mesa,Costa Mesa,CA,2019,127,65,192,114047,https://cde.ucr.cjis.gov/LATEST/webapp/#/pages/downloads (Law Enforcement Employees Data; file additional-datasets/law-enforcement/lee_1960_2025.csv),2026-09-14
CA0300400,Costa Mesa,Costa Mesa,CA,2020,129,61,190,113317,https://cde.ucr.cjis.gov/LATEST/webapp/#/pages/downloads (Law Enforcement Employees Data; file additional-datasets/law-enforcement/lee_1960_2025.csv),2026-09-14
CA0300400,Costa Mesa,Costa Mesa,CA,2021,134,76,210,112592,https://cde.ucr.cjis.gov/LATEST/webapp/#/pages/downloads (Law Enforcement Employees Data; file additional-datasets/law-enforcement/lee_1960_2025.csv),2026-09-14
CA0300400,Costa Mesa,Costa Mesa,CA,2022,133,67,200,109785,https://cde.ucr.cjis.gov/LATEST/webapp/#/pages/downloads (Law Enforcement Employees Data; file additional-datasets/law-enforcement/lee_1960_2025.csv),2026-09-14
CA0300400,Costa Mesa,Costa Mesa,CA,2023,133,84,217,108401,https://cde.ucr.cjis.gov/LATEST/webapp/#/pages/downloads (Law Enforcement Employees Data; file additional-datasets/law-enforcement/lee_1960_2025.csv),2026-09-14
CA0300400,Costa Mesa,Costa Mesa,CA,2024,124,89,213,107235,https://cde.ucr.cjis.gov/LATEST/webapp/#/pages/downloads (Law Enforcement Employees Data; file additional-datasets/law-enforcement/lee_1960_2025.csv),2026-09-14
CA0410600,Daly City,Daly City,CA,2017,98,28,126,107355,https://cde.ucr.cjis.gov/LATEST/webapp/#/pages/downloads (Law Enforcement Employees Data; file additional-datasets/law-enforcement/lee_1960_2025.csv),2026-09-14
CA0410600,Daly City,Daly City,CA,2018,98,26,124,107928,https://cde.ucr.cjis.gov/LATEST/webapp/#/pages/downloads (Law Enforcement Employees Data; file additional-datasets/law-enforcement/lee_1960_2025.csv),2026-09-14
CA0410600,Daly City,Daly City,CA,2019,101,26,127,107748,https://cde.ucr.cjis.gov/LATEST/webapp/#/pages/downloads (Law Enforcement Employees Data; file additional-datasets/law-enforcement/lee_1960_2025.csv),2026-09-14
CA0410600,Daly City,Daly City,CA,2020,98,29,127,106855,https://cde.ucr.cjis.gov/LATEST/webapp/#/pages/downloads (Law Enforcement Employees Data; file additional-datasets/law-enforcement/lee_1960_2025.csv),2026-09-14
CA0410600,Daly City,Daly City,CA,2021,92,24,116,106323,https://cde.ucr.cjis.gov/LATEST/webapp/#/pages/downloads (Law Enforcement Employees Data; file additional-datasets/law-enforcement/lee_1960_2025.csv),2026-09-14
CA0410600,Daly City,Daly City,CA,2022,85,27,112,98021,https://cde.ucr.cjis.gov/LATEST/webapp/#/pages/downloads (Law Enforcement Employees Data; file additional-datasets/law-enforcement/lee_1960_2025.csv),2026-09-14
CA0410600,Daly City,Daly City,CA,2023,85,23,108,97774,https://cde.ucr.cjis.gov/LATEST/webapp/#/pages/downloads (Law Enforcement Employees Data; file additional-datasets/law-enforcement/lee_1960_2025.csv),2026-09-14
CA0410600,Daly City,Daly City,CA,2024,89,26,115,98217,https://cde.ucr.cjis.gov/LATEST/webapp/#/pages/downloads (Law Enforcement Employees Data; file additional-datasets/law-enforcement/lee_1960_2025.csv),2026-09-14
CA0192000,Downey,Downey,CA,2017,110,44,154,113511,https://cde.ucr.cjis.gov/LATEST/webapp/#/pages/downloads (Law Enforcement Employees Data; file additional-datasets/law-enforcement/lee_1960_2025.csv),2026-09-14
CA0192000,Downey,Downey,CA,2018,116,49,165,113277,https://cde.ucr.cjis.gov/LATEST/webapp/#/pages/downloads (Law Enforcement Employees Data; file additional-datasets/law-enforcement/lee_1960_2025.csv),2026-09-14
CA0192000,Downey,Downey,CA,2019,117,44,161,112330,https://cde.ucr.cjis.gov/LATEST/webapp/#/pages/downloads (Law Enforcement Employees Data; file additional-datasets/law-enforcement/lee_1960_2025.csv),2026-09-14
CA0192000,Downey,Downey,CA,2020,116,44,160,111054,https://cde.ucr.cjis.gov/LATEST/webapp/#/pages/downloads (Law Enforcement Employees Data; file additional-datasets/law-enforcement/lee_1960_2025.csv),2026-09-14
CA0192000,Downey,Downey,CA,2021,112,47,159,108950,https://cde.ucr.cjis.gov/LATEST/webapp/#/pages/downloads (Law Enforcement Employees Data; file additional-datasets/law-enforcement/lee_1960_2025.csv),2026-09-14
CA0192000,Downey,Downey,CA,2022,114,44,158,109226,https://cde.ucr.cjis.gov/LATEST/webapp/#/pages/downloads (Law Enforcement Employees Data; file additional-datasets/law-enforcement/lee_1960_2025.csv),2026-09-14
CA0192000,Downey,Downey,CA,2023,115,44,159,107969,https://cde.ucr.cjis.gov/LATEST/webapp/#/pages/downloads (Law Enforcement Employees Data; file additional-datasets/law-enforcement/lee_1960_2025.csv),2026-09-14
CA0192000,Downey,Downey,CA,2024,113,44,157,107153,https://cde.ucr.cjis.gov/LATEST/webapp/#/pages/downloads (Law Enforcement Employees Data; file additional-datasets/law-enforcement/lee_1960_2025.csv),2026-09-14
CA0370500,El Cajon,El Cajon,CA,2017,116,56,172,104447,https://cde.ucr.cjis.gov/LATEST/webapp/#/pages/downloads (Law Enforcement Employees Data; file additional-datasets/law-enforcement/lee_1960_2025.csv),2026-09-14
CA0370500,El Cajon,El Cajon,CA,2018,119,63,182,104497,https://cde.ucr.cjis.gov/LATEST/webapp/#/pages/downloads (Law Enforcement Employees Data; file additional-datasets/law-enforcement/lee_1960_2025.csv),2026-09-14
CA0370500,El Cajon,El Cajon,CA,2019,120,63,183,103686,https://cde.ucr.cjis.gov/LATEST/webapp/#/pages/downloads (Law Enforcement Employees Data; file additional-datasets/law-enforcement/lee_1960_2025.csv),2026-09-14
CA0370500,El Cajon,El Cajon,CA,2020,120,56,176,103035,https://cde.ucr.cjis.gov/LATEST/webapp/#/pages/downloads (Law Enforcement Employees Data; file additional-datasets/law-enforcement/lee_1960_2025.csv),2026-09-14
CA0370500,El Cajon,El Cajon,CA,2021,118,52,170,102665,https://cde.ucr.cjis.gov/LATEST/webapp/#/pages/downloads (Law Enforcement Employees Data; file additional-datasets/law-enforcement/lee_1960_2025.csv),2026-09-14
CA0370500,El Cajon,El Cajon,CA,2022,124,54,178,104693,https://cde.ucr.cjis.gov/LATEST/webapp/#/pages/downloads (Law Enforcement Employees Data; file additional-datasets/law-enforcement/lee_1960_2025.csv),2026-09-14
CA0370500,El Cajon,El Cajon,CA,2023,124,48,172,103569,https://cde.ucr.cjis.gov/LATEST/webapp/#/pages/downloads (Law Enforcement Employees Data; file additional-datasets/law-enforcement/lee_1960_2025.csv),2026-09-14
CA0370500,El Cajon,El Cajon,CA,2024,128,47,175,101983,https://cde.ucr.cjis.gov/LATEST/webapp/#/pages/downloads (Law Enforcement Employees Data; file additional-datasets/law-enforcement/lee_1960_2025.csv),2026-09-14
CA0192200,El Monte,El Monte,CA,2017,118,46,164,116168,https://cde.ucr.cjis.gov/LATEST/webapp/#/pages/downloads (Law Enforcement Employees Data; file additional-datasets/law-enforcement/lee_1960_2025.csv),2026-09-14
CA0192200,El Monte,El Monte,CA,2018,119,43,162,116464,https://cde.ucr.cjis.gov/LATEST/webapp/#/pages/downloads (Law Enforcement Employees Data; file additional-datasets/law-enforcement/lee_1960_2025.csv),2026-09-14
CA0192200,El Monte,El Monte,CA,2019,118,42,160,115830,https://cde.ucr.cjis.gov/LATEST/webapp/#/pages/downloads (Law Enforcement Employees Data; file additional-datasets/law-enforcement/lee_1960_2025.csv),2026-09-14
CA0192200,El Monte,El Monte,CA,2020,118,39,157,115690,https://cde.ucr.cjis.gov/LATEST/webapp/#/pages/downloads (Law Enforcement Employees Data; file additional-datasets/law-enforcement/lee_1960_2025.csv),2026-09-14
CA0192200,El Monte,El Monte,CA,2021,116,36,152,112224,https://cde.ucr.cjis.gov/LATEST/webapp/#/pages/downloads (Law Enforcement Employees Data; file additional-datasets/law-enforcement/lee_1960_2025.csv),2026-09-14
CA0192200,El Monte,El Monte,CA,2022,111,41,152,104695,https://cde.ucr.cjis.gov/LATEST/webapp/#/pages/downloads (Law Enforcement Employees Data; file additional-datasets/law-enforcement/lee_1960_2025.csv),2026-09-14
CA0192200,El Monte,El Monte,CA,2023,113,41,154,103463,https://cde.ucr.cjis.gov/LATEST/webapp/#/pages/downloads (Law Enforcement Employees Data; file additional-datasets/law-enforcement/lee_1960_2025.csv),2026-09-14
CA0192200,El Monte,El Monte,CA,2024,115,40,155,102088,https://cde.ucr.cjis.gov/LATEST/webapp/#/pages/downloads (Law Enforcement Employees Data; file additional-datasets/law-enforcement/lee_1960_2025.csv),2026-09-14
CA0340H00,Elk Grove,Elk Grove,CA,2017,137,85,222,172620,https://cde.ucr.cjis.gov/LATEST/webapp/#/pages/downloads (Law Enforcement Employees Data; file additional-datasets/law-enforcement/lee_1960_2025.csv),2026-09-14
CA0340H00,Elk Grove,Elk Grove,CA,2018,139,87,226,174651,https://cde.ucr.cjis.gov/LATEST/webapp/#/pages/downloads (Law Enforcement Employees Data; file additional-datasets/law-enforcement/lee_1960_2025.csv),2026-09-14
CA0340H00,Elk Grove,Elk Grove,CA,2019,140,98,238,175492,https://cde.ucr.cjis.gov/LATEST/webapp/#/pages/downloads (Law Enforcement Employees Data; file additional-datasets/law-enforcement/lee_1960_2025.csv),2026-09-14
CA0340H00,Elk Grove,Elk Grove,CA,2020,135,107,242,177331,https://cde.ucr.cjis.gov/LATEST/webapp/#/pages/downloads (Law Enforcement Employees Data; file additional-datasets/law-enforcement/lee_1960_2025.csv),2026-09-14
CA0340H00,Elk Grove,Elk Grove,CA,2021,139,91,230,179887,https://cde.ucr.cjis.gov/LATEST/webapp/#/pages/downloads (Law Enforcement Employees Data; file additional-datasets/law-enforcement/lee_1960_2025.csv),2026-09-14
CA0340H00,Elk Grove,Elk Grove,CA,2022,135,95,230,180372,https://cde.ucr.cjis.gov/LATEST/webapp/#/pages/downloads (Law Enforcement Employees Data; file additional-datasets/law-enforcement/lee_1960_2025.csv),2026-09-14
CA0340H00,Elk Grove,Elk Grove,CA,2023,142,110,252,177976,https://cde.ucr.cjis.gov/LATEST/webapp/#/pages/downloads (Law Enforcement Employees Data; file additional-datasets/law-enforcement/lee_1960_2025.csv),2026-09-14
CA0340H00,Elk Grove,Elk Grove,CA,2024,145,134,279,179074,https://cde.ucr.cjis.gov/LATEST/webapp/#/pages/downloads (Law Enforcement Employees Data; file additional-datasets/law-enforcement/lee_1960_2025.csv),2026-09-14
CA0370600,Escondido,Escondido,CA,2017,159,55,214,152845,https://cde.ucr.cjis.gov/LATEST/webapp/#/pages/downloads (Law Enforcement Employees Data; file additional-datasets/law-enforcement/lee_1960_2025.csv),2026-09-14
CA0370600,Escondido,Escondido,CA,2018,155,54,209,153073,https://cde.ucr.cjis.gov/LATEST/webapp/#/pages/downloads (Law Enforcement Employees Data; file additional-datasets/law-enforcement/lee_1960_2025.csv),2026-09-14
CA0370600,Escondido,Escondido,CA,2019,154,57,211,153215,https://cde.ucr.cjis.gov/LATEST/webapp/#/pages/downloads (Law Enforcement Employees Data; file additional-datasets/law-enforcement/lee_1960_2025.csv),2026-09-14
CA0370600,Escondido,Escondido,CA,2020,151,57,208,152446,https://cde.ucr.cjis.gov/LATEST/webapp/#/pages/downloads (Law Enforcement Employees Data; file additional-datasets/law-enforcement/lee_1960_2025.csv),2026-09-14
CA0370600,Escondido,Escondido,CA,2021,144,55,199,150507,https://cde.ucr.cjis.gov/LATEST/webapp/#/pages/downloads (Law Enforcement Employees Data; file additional-datasets/law-enforcement/lee_1960_2025.csv),2026-09-14
CA0370600,Escondido,Escondido,CA,2022,144,54,198,150072,https://cde.ucr.cjis.gov/LATEST/webapp/#/pages/downloads (Law Enforcement Employees Data; file additional-datasets/law-enforcement/lee_1960_2025.csv),2026-09-14
CA0370600,Escondido,Escondido,CA,2023,147,50,197,149837,https://cde.ucr.cjis.gov/LATEST/webapp/#/pages/downloads (Law Enforcement Employees Data; file additional-datasets/law-enforcement/lee_1960_2025.csv),2026-09-14
CA0370600,Escondido,Escondido,CA,2024,158,53,211,147170,https://cde.ucr.cjis.gov/LATEST/webapp/#/pages/downloads (Law Enforcement Employees Data; file additional-datasets/law-enforcement/lee_1960_2025.csv),2026-09-14
CA0480300,Fairfield,Fairfield,CA,2017,111,56,167,116372,https://cde.ucr.cjis.gov/LATEST/webapp/#/pages/downloads (Law Enforcement Employees Data; file additional-datasets/law-enforcement/lee_1960_2025.csv),2026-09-14
CA0480300,Fairfield,Fairfield,CA,2018,119,58,177,117883,https://cde.ucr.cjis.gov/LATEST/webapp/#/pages/downloads (Law Enforcement Employees Data; file additional-datasets/law-enforcement/lee_1960_2025.csv),2026-09-14
CA0480300,Fairfield,Fairfield,CA,2019,116,67,183,118383,https://cde.ucr.cjis.gov/LATEST/webapp/#/pages/downloads (Law Enforcement Employees Data; file additional-datasets/law-enforcement/lee_1960_2025.csv),2026-09-14
CA0480300,Fairfield,Fairfield,CA,2020,117,62,179,118491,https://cde.ucr.cjis.gov/LATEST/webapp/#/pages/downloads (Law Enforcement Employees Data; file additional-datasets/law-enforcement/lee_1960_2025.csv),2026-09-14
CA0480300,Fairfield,Fairfield,CA,2021,113,66,179,118846,https://cde.ucr.cjis.gov/LATEST/webapp/#/pages/downloads (Law Enforcement Employees Data; file additional-datasets/law-enforcement/lee_1960_2025.csv),2026-09-14
CA0480300,Fairfield,Fairfield,CA,2022,126,72,198,119583,https://cde.ucr.cjis.gov/LATEST/webapp/#/pages/downloads (Law Enforcement Employees Data; file additional-datasets/law-enforcement/lee_1960_2025.csv),2026-09-14
CA0480300,Fairfield,Fairfield,CA,2023,121,65,186,119071,https://cde.ucr.cjis.gov/LATEST/webapp/#/pages/downloads (Law Enforcement Employees Data; file additional-datasets/law-enforcement/lee_1960_2025.csv),2026-09-14
CA0480300,Fairfield,Fairfield,CA,2024,118,60,178,121082,https://cde.ucr.cjis.gov/LATEST/webapp/#/pages/downloads (Law Enforcement Employees Data; file additional-datasets/law-enforcement/lee_1960_2025.csv),2026-09-14
CA0360400,Fontana,Fontana,CA,2017,179,102,281,211782,https://cde.ucr.cjis.gov/LATEST/webapp/#/pages/downloads (Law Enforcement Employees Data; file additional-datasets/law-enforcement/lee_1960_2025.csv),2026-09-14
CA0360400,Fontana,Fontana,CA,2018,183,107,290,213964,https://cde.ucr.cjis.gov/LATEST/webapp/#/pages/downloads (Law Enforcement Employees Data; file additional-datasets/law-enforcement/lee_1960_2025.csv),2026-09-14
CA0360400,Fontana,Fontana,CA,2019,188,97,285,215883,https://cde.ucr.cjis.gov/LATEST/webapp/#/pages/downloads (Law Enforcement Employees Data; file additional-datasets/law-enforcement/lee_1960_2025.csv),2026-09-14
CA0360400,Fontana,Fontana,CA,2020,186,111,297,216553,https://cde.ucr.cjis.gov/LATEST/webapp/#/pages/downloads (Law Enforcement Employees Data; file additional-datasets/law-enforcement/lee_1960_2025.csv),2026-09-14
CA0360400,Fontana,Fontana,CA,2021,191,97,288,218167,https://cde.ucr.cjis.gov/LATEST/webapp/#/pages/downloads (Law Enforcement Employees Data; file additional-datasets/law-enforcement/lee_1960_2025.csv),2026-09-14
CA0360400,Fontana,Fontana,CA,2022,189,106,295,212730,https://cde.ucr.cjis.gov/LATEST/webapp/#/pages/downloads (Law Enforcement Employees Data; file additional-datasets/law-enforcement/lee_1960_2025.csv),2026-09-14
CA0360400,Fontana,Fontana,CA,2023,186,93,279,214429,https://cde.ucr.cjis.gov/LATEST/webapp/#/pages/downloads (Law Enforcement Employees Data; file additional-datasets/law-enforcement/lee_1960_2025.csv),2026-09-14
CA0360400,Fontana,Fontana,CA,2024,197,96,293,217605,https://cde.ucr.cjis.gov/LATEST/webapp/#/pages/downloads (Law Enforcement Employees Data; file additional-datasets/law-enforcement/lee_1960_2025.csv),2026-09-14
CA0010500,Fremont,Fremont,CA,2017,178,100,278,236368,https://cde.ucr.cjis.gov/LATEST/webapp/#/pages/downloads (Law Enforcement Employees Data; file additional-datasets/law-enforcement/lee_1960_2025.csv),2026-09-14
CA0010500,Fremont,Fremont,CA,2018,181,97,278,238024,https://cde.ucr.cjis.gov/LATEST/webapp/#/pages/downloads (Law Enforcement Employees Data; file additional-datasets/law-enforcement/lee_1960_2025.csv),2026-09-14
CA0010500,Fremont,Fremont,CA,2019,181,100,281,240887,https://cde.ucr.cjis.gov/LATEST/webapp/#/pages/downloads (Law Enforcement Employees Data; file additional-datasets/law-enforcement/lee_1960_2025.csv),2026-09-14
CA0010500,Fremont,Fremont,CA,2020,195,106,301,244259,https://cde.ucr.cjis.gov/LATEST/webapp/#/pages/downloads (Law Enforcement Employees Data; file additional-datasets/law-enforcement/lee_1960_2025.csv),2026-09-14
CA0010500,Fremont,Fremont,CA,2021,189,100,289,236681,https://cde.ucr.cjis.gov/LATEST/webapp/#/pages/downloads (Law Enforcement Employees Data; file additional-datasets/law-enforcement/lee_1960_2025.csv),2026-09-14
CA0010500,Fremont,Fremont,CA,2022,177,88,265,223430,https://cde.ucr.cjis.gov/LATEST/webapp/#/pages/downloads (Law Enforcement Employees Data; file additional-datasets/law-enforcement/lee_1960_2025.csv),2026-09-14
CA0010500,Fremont,Fremont,CA,2023,172,93,265,220775,https://cde.ucr.cjis.gov/LATEST/webapp/#/pages/downloads (Law Enforcement Employees Data; file additional-datasets/law-enforcement/lee_1960_2025.csv),2026-09-14
CA0010500,Fremont,Fremont,CA,2024,172,93,265,224820,https://cde.ucr.cjis.gov/LATEST/webapp/#/pages/downloads (Law Enforcement Employees Data; file additional-datasets/law-enforcement/lee_1960_2025.csv),2026-09-14
CA0100500,Fresno,Fresno,CA,2017,786,273,1059,526371,https://cde.ucr.cjis.gov/LATEST/webapp/#/pages/downloads (Law Enforcement Employees Data; file additional-datasets/law-enforcement/lee_1960_2025.csv),2026-09-14
CA0100500,Fresno,Fresno,CA,2018,811,252,1063,531818,https://cde.ucr.cjis.gov/LATEST/webapp/#/pages/downloads (Law Enforcement Employees Data; file additional-datasets/law-enforcement/lee_1960_2025.csv),2026-09-14
CA0100500,Fresno,Fresno,CA,2019,806,271,1077,534285,https://cde.ucr.cjis.gov/LATEST/webapp/#/pages/downloads (Law Enforcement Employees Data; file additional-datasets/law-enforcement/lee_1960_2025.csv),2026-09-14
CA0100500,Fresno,Fresno,CA,2020,788,238,1026,535472,https://cde.ucr.cjis.gov/LATEST/webapp/#/pages/downloads (Law Enforcement Employees Data; file additional-datasets/law-enforcement/lee_1960_2025.csv),2026-09-14
CA0100500,Fresno,Fresno,CA,2021,769,301,1070,533633,https://cde.ucr.cjis.gov/LATEST/webapp/#/pages/downloads (Law Enforcement Employees Data; file additional-datasets/law-enforcement/lee_1960_2025.csv),2026-09-14
CA0100500,Fresno,Fresno,CA,2022,825,325,1150,546871,https://cde.ucr.cjis.gov/LATEST/webapp/#/pages/downloads (Law Enforcement Employees Data; file additional-datasets/law-enforcement/lee_1960_2025.csv),2026-09-14
CA0100500,Fresno,Fresno,CA,2023,849,369,1218,547134,https://cde.ucr.cjis.gov/LATEST/webapp/#/pages/downloads (Law Enforcement Employees Data; file additional-datasets/law-enforcement/lee_1960_2025.csv),2026-09-14
CA0100500,Fresno,Fresno,CA,2024,852,375,1227,546722,https://cde.ucr.cjis.gov/LATEST/webapp/#/pages/downloads (Law Enforcement Employees Data; file additional-datasets/law-enforcement/lee_1960_2025.csv),2026-09-14
CA0300800,Fullerton,Fullerton,CA,2017,141,72,213,141637,https://cde.ucr.cjis.gov/LATEST/webapp/#/pages/downloads (Law Enforcement Employees Data; file additional-datasets/law-enforcement/lee_1960_2025.csv),2026-09-14
CA0300800,Fullerton,Fullerton,CA,2018,124,65,189,141132,https://cde.ucr.cjis.gov/LATEST/webapp/#/pages/downloads (Law Enforcement Employees Data; file additional-datasets/law-enforcement/lee_1960_2025.csv),2026-09-14
CA0300800,Fullerton,Fullerton,CA,2019,134,59,193,140194,https://cde.ucr.cjis.gov/LATEST/webapp/#/pages/downloads (Law Enforcement Employees Data; file additional-datasets/law-enforcement/lee_1960_2025.csv),2026-09-14
CA0300800,Fullerton,Fullerton,CA,2020,121,60,181,139011,https://cde.ucr.cjis.gov/LATEST/webapp/#/pages/downloads (Law Enforcement Employees Data; file additional-datasets/law-enforcement/lee_1960_2025.csv),2026-09-14
CA0300800,Fullerton,Fullerton,CA,2021,114,55,169,140399,https://cde.ucr.cjis.gov/LATEST/webapp/#/pages/downloads (Law Enforcement Employees Data; file additional-datasets/law-enforcement/lee_1960_2025.csv),2026-09-14
CA0300800,Fullerton,Fullerton,CA,2022,116,50,166,140587,https://cde.ucr.cjis.gov/LATEST/webapp/#/pages/downloads (Law Enforcement Employees Data; file additional-datasets/law-enforcement/lee_1960_2025.csv),2026-09-14
CA0300800,Fullerton,Fullerton,CA,2023,116,48,164,139131,https://cde.ucr.cjis.gov/LATEST/webapp/#/pages/downloads (Law Enforcement Employees Data; file additional-datasets/law-enforcement/lee_1960_2025.csv),2026-09-14
CA0300800,Fullerton,Fullerton,CA,2024,125,55,180,137942,https://cde.ucr.cjis.gov/LATEST/webapp/#/pages/downloads (Law Enforcement Employees Data; file additional-datasets/law-enforcement/lee_1960_2025.csv),2026-09-14
CA0300900,Garden Grove,Garden Grove,CA,2017,162,60,222,175466,https://cde.ucr.cjis.gov/LATEST/webapp/#/pages/downloads (Law Enforcement Employees Data; file additional-datasets/law-enforcement/lee_1960_2025.csv),2026-09-14
CA0300900,Garden Grove,Garden Grove,CA,2018,155,58,213,174661,https://cde.ucr.cjis.gov/LATEST/webapp/#/pages/downloads (Law Enforcement Employees Data; file additional-datasets/law-enforcement/lee_1960_2025.csv),2026-09-14
CA0300900,Garden Grove,Garden Grove,CA,2019,163,76,239,172832,https://cde.ucr.cjis.gov/LATEST/webapp/#/pages/downloads (Law Enforcement Employees Data; file additional-datasets/law-enforcement/lee_1960_2025.csv),2026-09-14
CA0300900,Garden Grove,Garden Grove,CA,2020,171,65,236,171698,https://cde.ucr.cjis.gov/LATEST/webapp/#/pages/downloads (Law Enforcement Employees Data; file additional-datasets/law-enforcement/lee_1960_2025.csv),2026-09-14
CA0300900,Garden Grove,Garden Grove,CA,2021,172,65,237,171397,https://cde.ucr.cjis.gov/LATEST/webapp/#/pages/downloads (Law Enforcement Employees Data; file additional-datasets/law-enforcement/lee_1960_2025.csv),2026-09-14
CA0300900,Garden Grove,Garden Grove,CA,2022,171,65,236,169157,https://cde.ucr.cjis.gov/LATEST/webapp/#/pages/downloads (Law Enforcement Employees Data; file additional-datasets/law-enforcement/lee_1960_2025.csv),2026-09-14
CA0300900,Garden Grove,Garden Grove,CA,2023,169,65,234,168015,https://cde.ucr.cjis.gov/LATEST/webapp/#/pages/downloads (Law Enforcement Employees Data; file additional-datasets/law-enforcement/lee_1960_2025.csv),2026-09-14
CA0300900,Garden Grove,Garden Grove,CA,2024,180,67,247,167041,https://cde.ucr.cjis.gov/LATEST/webapp/#/pages/downloads (Law Enforcement Employees Data; file additional-datasets/law-enforcement/lee_1960_2025.csv),2026-09-14
CA0192500,Glendale,Glendale,CA,2017,233,94,327,202381,https://cde.ucr.cjis.gov/LATEST/webapp/#/pages/downloads (Law Enforcement Employees Data; file additional-datasets/law-enforcement/lee_1960_2025.csv),2026-09-14
CA0192500,Glendale,Glendale,CA,2018,223,100,323,204724,https://cde.ucr.cjis.gov/LATEST/webapp/#/pages/downloads (Law Enforcement Employees Data; file additional-datasets/law-enforcement/lee_1960_2025.csv),2026-09-14
CA0192500,Glendale,Glendale,CA,2019,231,104,335,202601,https://cde.ucr.cjis.gov/LATEST/webapp/#/pages/downloads (Law Enforcement Employees Data; file additional-datasets/law-enforcement/lee_1960_2025.csv),2026-09-14
CA0192500,Glendale,Glendale,CA,2020,225,129,354,200168,https://cde.ucr.cjis.gov/LATEST/webapp/#/pages/downloads (Law Enforcement Employees Data; file additional-datasets/law-enforcement/lee_1960_2025.csv),2026-09-14
CA0192500,Glendale,Glendale,CA,2021,228,100,328,198362,https://cde.ucr.cjis.gov/LATEST/webapp/#/pages/downloads (Law Enforcement Employees Data; file additional-datasets/law-enforcement/lee_1960_2025.csv),2026-09-14
CA0192500,Glendale,Glendale,CA,2022,233,105,338,188599,https://cde.ucr.cjis.gov/LATEST/webapp/#/pages/downloads (Law Enforcement Employees Data; file additional-datasets/law-enforcement/lee_1960_2025.csv),2026-09-14
CA0192500,Glendale,Glendale,CA,2023,228,99,327,185923,https://cde.ucr.cjis.gov/LATEST/webapp/#/pages/downloads (Law Enforcement Employees Data; file additional-datasets/law-enforcement/lee_1960_2025.csv),2026-09-14
CA0192500,Glendale,Glendale,CA,2024,236,123,359,184180,https://cde.ucr.cjis.gov/LATEST/webapp/#/pages/downloads (Law Enforcement Employees Data; file additional-datasets/law-enforcement/lee_1960_2025.csv),2026-09-14
CA0010600,Hayward,Hayward,CA,2017,189,112,301,161417,https://cde.ucr.cjis.gov/LATEST/webapp/#/pages/downloads (Law Enforcement Employees Data; file additional-datasets/law-enforcement/lee_1960_2025.csv),2026-09-14
CA0010600,Hayward,Hayward,CA,2018,177,115,292,162881,https://cde.ucr.cjis.gov/LATEST/webapp/#/pages/downloads (Law Enforcement Employees Data; file additional-datasets/law-enforcement/lee_1960_2025.csv),2026-09-14
CA0010600,Hayward,Hayward,CA,2019,180,114,294,161588,https://cde.ucr.cjis.gov/LATEST/webapp/#/pages/downloads (Law Enforcement Employees Data; file additional-datasets/law-enforcement/lee_1960_2025.csv),2026-09-14
CA0010600,Hayward,Hayward,CA,2020,174,113,287,160891,https://cde.ucr.cjis.gov/LATEST/webapp/#/pages/downloads (Law Enforcement Employees Data; file additional-datasets/law-enforcement/lee_1960_2025.csv),2026-09-14
CA0010600,Hayward,Hayward,CA,2021,170,112,282,159368,https://cde.ucr.cjis.gov/LATEST/webapp/#/pages/downloads (Law Enforcement Employees Data; file additional-datasets/law-enforcement/lee_1960_2025.csv),2026-09-14
CA0010600,Hayward,Hayward,CA,2022,159,111,270,156458,https://cde.ucr.cjis.gov/LATEST/webapp/#/pages/downloads (Law Enforcement Employees Data; file additional-datasets/law-enforcement/lee_1960_2025.csv),2026-09-14
CA0010600,Hayward,Hayward,CA,2023,159,118,277,153914,https://cde.ucr.cjis.gov/LATEST/webapp/#/pages/downloads (Law Enforcement Employees Data; file additional-datasets/law-enforcement/lee_1960_2025.csv),2026-09-14
CA0010600,Hayward,Hayward,CA,2024,166,115,281,153419,https://cde.ucr.cjis.gov/LATEST/webapp/#/pages/downloads (Law Enforcement Employees Data; file additional-datasets/law-enforcement/lee_1960_2025.csv),2026-09-14
CA0330800,Hemet,Hemet,CA,2022,65,32,97,91046,https://cde.ucr.cjis.gov/LATEST/webapp/#/pages/downloads (Law Enforcement Employees Data; file additional-datasets/law-enforcement/lee_1960_2025.csv),2026-09-14
CA0330800,Hemet,Hemet,CA,2023,77,41,118,91115,https://cde.ucr.cjis.gov/LATEST/webapp/#/pages/downloads (Law Enforcement Employees Data; file additional-datasets/law-enforcement/lee_1960_2025.csv),2026-09-14
CA0330800,Hemet,Hemet,CA,2024,78,41,119,93212,https://cde.ucr.cjis.gov/LATEST/webapp/#/pages/downloads (Law Enforcement Employees Data; file additional-datasets/law-enforcement/lee_1960_2025.csv),2026-09-14
CA0301000,Huntington Beach,Huntington Beach,CA,2017,208,119,327,202244,https://cde.ucr.cjis.gov/LATEST/webapp/#/pages/downloads (Law Enforcement Employees Data; file additional-datasets/law-enforcement/lee_1960_2025.csv),2026-09-14
CA0301000,Huntington Beach,Huntington Beach,CA,2018,215,134,349,203428,https://cde.ucr.cjis.gov/LATEST/webapp/#/pages/downloads (Law Enforcement Employees Data; file additional-datasets/law-enforcement/lee_1960_2025.csv),2026-09-14
CA0301000,Huntington Beach,Huntington Beach,CA,2019,196,107,303,201843,https://cde.ucr.cjis.gov/LATEST/webapp/#/pages/downloads (Law Enforcement Employees Data; file additional-datasets/law-enforcement/lee_1960_2025.csv),2026-09-14
CA0301000,Huntington Beach,Huntington Beach,CA,2020,199,122,321,200128,https://cde.ucr.cjis.gov/LATEST/webapp/#/pages/downloads (Law Enforcement Employees Data; file additional-datasets/law-enforcement/lee_1960_2025.csv),2026-09-14
CA0301000,Huntington Beach,Huntington Beach,CA,2021,183,106,289,198980,https://cde.ucr.cjis.gov/LATEST/webapp/#/pages/downloads (Law Enforcement Employees Data; file additional-datasets/law-enforcement/lee_1960_2025.csv),2026-09-14
CA0301000,Huntington Beach,Huntington Beach,CA,2022,205,103,308,194618,https://cde.ucr.cjis.gov/LATEST/webapp/#/pages/downloads (Law Enforcement Employees Data; file additional-datasets/law-enforcement/lee_1960_2025.csv),2026-09-14
CA0301000,Huntington Beach,Huntington Beach,CA,2023,198,103,301,192292,https://cde.ucr.cjis.gov/LATEST/webapp/#/pages/downloads (Law Enforcement Employees Data; file additional-datasets/law-enforcement/lee_1960_2025.csv),2026-09-14
CA0301000,Huntington Beach,Huntington Beach,CA,2024,207,109,316,190081,https://cde.ucr.cjis.gov/LATEST/webapp/#/pages/downloads (Law Enforcement Employees Data; file additional-datasets/law-enforcement/lee_1960_2025.csv),2026-09-14
CA0330900,Indio,Indio,CA,2017,63,36,99,90055,https://cde.ucr.cjis.gov/LATEST/webapp/#/pages/downloads (Law Enforcement Employees Data; file additional-datasets/law-enforcement/lee_1960_2025.csv),2026-09-14
CA0330900,Indio,Indio,CA,2018,64,39,103,91346,https://cde.ucr.cjis.gov/LATEST/webapp/#/pages/downloads (Law Enforcement Employees Data; file additional-datasets/law-enforcement/lee_1960_2025.csv),2026-09-14
CA0330900,Indio,Indio,CA,2019,68,40,108,92803,https://cde.ucr.cjis.gov/LATEST/webapp/#/pages/downloads (Law Enforcement Employees Data; file additional-datasets/law-enforcement/lee_1960_2025.csv),2026-09-14
CA0330900,Indio,Indio,CA,2020,70,42,112,93219,https://cde.ucr.cjis.gov/LATEST/webapp/#/pages/downloads (Law Enforcement Employees Data; file additional-datasets/law-enforcement/lee_1960_2025.csv),2026-09-14
CA0330900,Indio,Indio,CA,2021,64,41,105,93242,https://cde.ucr.cjis.gov/LATEST/webapp/#/pages/downloads (Law Enforcement Employees Data; file additional-datasets/law-enforcement/lee_1960_2025.csv),2026-09-14
CA0330900,Indio,Indio,CA,2022,62,42,104,91604,https://cde.ucr.cjis.gov/LATEST/webapp/#/pages/downloads (Law Enforcement Employees Data; file additional-datasets/law-enforcement/lee_1960_2025.csv),2026-09-14
CA0330900,Indio,Indio,CA,2023,59,55,114,93364,https://cde.ucr.cjis.gov/LATEST/webapp/#/pages/downloads (Law Enforcement Employees Data; file additional-datasets/law-enforcement/lee_1960_2025.csv),2026-09-14
CA0330900,Indio,Indio,CA,2024,68,51,119,94337,https://cde.ucr.cjis.gov/LATEST/webapp/#/pages/downloads (Law Enforcement Employees Data; file additional-datasets/law-enforcement/lee_1960_2025.csv),2026-09-14
CA0193300,Inglewood,Inglewood,CA,2017,175,44,219,110811,https://cde.ucr.cjis.gov/LATEST/webapp/#/pages/downloads (Law Enforcement Employees Data; file additional-datasets/law-enforcement/lee_1960_2025.csv),2026-09-14
CA0193300,Inglewood,Inglewood,CA,2018,185,50,235,110726,https://cde.ucr.cjis.gov/LATEST/webapp/#/pages/downloads (Law Enforcement Employees Data; file additional-datasets/law-enforcement/lee_1960_2025.csv),2026-09-14
CA0193300,Inglewood,Inglewood,CA,2019,192,55,247,109386,https://cde.ucr.cjis.gov/LATEST/webapp/#/pages/downloads (Law Enforcement Employees Data; file additional-datasets/law-enforcement/lee_1960_2025.csv),2026-09-14
CA0193300,Inglewood,Inglewood,CA,2020,191,58,249,107986,https://cde.ucr.cjis.gov/LATEST/webapp/#/pages/downloads (Law Enforcement Employees Data; file additional-datasets/law-enforcement/lee_1960_2025.csv),2026-09-14
CA0193300,Inglewood,Inglewood,CA,2021,180,53,233,106967,https://cde.ucr.cjis.gov/LATEST/webapp/#/pages/downloads (Law Enforcement Employees Data; file additional-datasets/law-enforcement/lee_1960_2025.csv),2026-09-14
CA0193300,Inglewood,Inglewood,CA,2022,170,52,222,102879,https://cde.ucr.cjis.gov/LATEST/webapp/#/pages/downloads (Law Enforcement Employees Data; file additional-datasets/law-enforcement/lee_1960_2025.csv),2026-09-14
CA0193300,Inglewood,Inglewood,CA,2023,178,59,237,101790,https://cde.ucr.cjis.gov/LATEST/webapp/#/pages/downloads (Law Enforcement Employees Data; file additional-datasets/law-enforcement/lee_1960_2025.csv),2026-09-14
CA0193300,Inglewood,Inglewood,CA,2024,175,63,238,101399,https://cde.ucr.cjis.gov/LATEST/webapp/#/pages/downloads (Law Enforcement Employees Data; file additional-datasets/law-enforcement/lee_1960_2025.csv),2026-09-14
CA0302600,Irvine,Irvine,CA,2017,211,91,302,276115,https://cde.ucr.cjis.gov/LATEST/webapp/#/pages/downloads (Law Enforcement Employees Data; file additional-datasets/law-enforcement/lee_1960_2025.csv),2026-09-14
CA0302600,Irvine,Irvine,CA,2018,216,94,310,288052,https://cde.ucr.cjis.gov/LATEST/webapp/#/pages/downloads (Law Enforcement Employees Data; file additional-datasets/law-enforcement/lee_1960_2025.csv),2026-09-14
CA0302600,Irvine,Irvine,CA,2019,224,101,325,292673,https://cde.ucr.cjis.gov/LATEST/webapp/#/pages/downloads (Law Enforcement Employees Data; file additional-datasets/law-enforcement/lee_1960_2025.csv),2026-09-14
CA0302600,Irvine,Irvine,CA,2020,218,101,319,297069,https://cde.ucr.cjis.gov/LATEST/webapp/#/pages/downloads (Law Enforcement Employees Data; file additional-datasets/law-enforcement/lee_1960_2025.csv),2026-09-14
CA0302600,Irvine,Irvine,CA,2021,210,99,309,291769,https://cde.ucr.cjis.gov/LATEST/webapp/#/pages/downloads (Law Enforcement Employees Data; file additional-datasets/law-enforcement/lee_1960_2025.csv),2026-09-14
CA0302600,Irvine,Irvine,CA,2022,228,107,335,311696,https://cde.ucr.cjis.gov/LATEST/webapp/#/pages/downloads (Law Enforcement Employees Data; file additional-datasets/law-enforcement/lee_1960_2025.csv),2026-09-14
CA0302600,Irvine,Irvine,CA,2023,249,103,352,316132,https://cde.ucr.cjis.gov/LATEST/webapp/#/pages/downloads (Law Enforcement Employees Data; file additional-datasets/law-enforcement/lee_1960_2025.csv),2026-09-14
CA0302600,Irvine,Irvine,CA,2024,238,106,344,316764,https://cde.ucr.cjis.gov/LATEST/webapp/#/pages/downloads (Law Enforcement Employees Data; file additional-datasets/law-enforcement/lee_1960_2025.csv),2026-09-14
CA0010700,Livermore,Livermore,CA,2017,90,48,138,90485,https://cde.ucr.cjis.gov/LATEST/webapp/#/pages/downloads (Law Enforcement Employees Data; file additional-datasets/law-enforcement/lee_1960_2025.csv),2026-09-14
CA0010700,Livermore,Livermore,CA,2018,92,49,141,91612,https://cde.ucr.cjis.gov/LATEST/webapp/#/pages/downloads (Law Enforcement Employees Data; file additional-datasets/law-enforcement/lee_1960_2025.csv),2026-09-14
CA0010700,Livermore,Livermore,CA,2019,95,49,144,91418,https://cde.ucr.cjis.gov/LATEST/webapp/#/pages/downloads (Law Enforcement Employees Data; file additional-datasets/law-enforcement/lee_1960_2025.csv),2026-09-14
CA0010700,Livermore,Livermore,CA,2020,88,37,125,91200,https://cde.ucr.cjis.gov/LATEST/webapp/#/pages/downloads (Law Enforcement Employees Data; file additional-datasets/law-enforcement/lee_1960_2025.csv),2026-09-14
CA0010700,Livermore,Livermore,CA,2021,90,38,128,92677,https://cde.ucr.cjis.gov/LATEST/webapp/#/pages/downloads (Law Enforcement Employees Data; file additional-datasets/law-enforcement/lee_1960_2025.csv),2026-09-14
CA0194100,Long Beach,Long Beach,CA,2017,799,381,1180,471397,https://cde.ucr.cjis.gov/LATEST/webapp/#/pages/downloads (Law Enforcement Employees Data; file additional-datasets/law-enforcement/lee_1960_2025.csv),2026-09-14
CA0194100,Long Beach,Long Beach,CA,2018,824,340,1164,470445,https://cde.ucr.cjis.gov/LATEST/webapp/#/pages/downloads (Law Enforcement Employees Data; file additional-datasets/law-enforcement/lee_1960_2025.csv),2026-09-14
CA0194100,Long Beach,Long Beach,CA,2019,817,386,1203,467974,https://cde.ucr.cjis.gov/LATEST/webapp/#/pages/downloads (Law Enforcement Employees Data; file additional-datasets/law-enforcement/lee_1960_2025.csv),2026-09-14
CA0194100,Long Beach,Long Beach,CA,2020,809,365,1174,462654,https://cde.ucr.cjis.gov/LATEST/webapp/#/pages/downloads (Law Enforcement Employees Data; file additional-datasets/law-enforcement/lee_1960_2025.csv),2026-09-14
CA0194100,Long Beach,Long Beach,CA,2021,772,251,1023,453931,https://cde.ucr.cjis.gov/LATEST/webapp/#/pages/downloads (Law Enforcement Employees Data; file additional-datasets/law-enforcement/lee_1960_2025.csv),2026-09-14
CA0194100,Long Beach,Long Beach,CA,2022,699,287,986,447528,https://cde.ucr.cjis.gov/LATEST/webapp/#/pages/downloads (Law Enforcement Employees Data; file additional-datasets/law-enforcement/lee_1960_2025.csv),2026-09-14
CA0194100,Long Beach,Long Beach,CA,2023,697,275,972,444415,https://cde.ucr.cjis.gov/LATEST/webapp/#/pages/downloads (Law Enforcement Employees Data; file additional-datasets/law-enforcement/lee_1960_2025.csv),2026-09-14
CA0194100,Long Beach,Long Beach,CA,2024,663,374,1037,444232,https://cde.ucr.cjis.gov/LATEST/webapp/#/pages/downloads (Law Enforcement Employees Data; file additional-datasets/law-enforcement/lee_1960_2025.csv),2026-09-14
CA0194200,Los Angeles,Los Angeles,CA,2017,9988,2869,12857,4007147,https://cde.ucr.cjis.gov/LATEST/webapp/#/pages/downloads (Law Enforcement Employees Data; file additional-datasets/law-enforcement/lee_1960_2025.csv),2026-09-14
CA0194200,Los Angeles,Los Angeles,CA,2018,9974,3036,13010,4029741,https://cde.ucr.cjis.gov/LATEST/webapp/#/pages/downloads (Law Enforcement Employees Data; file additional-datasets/law-enforcement/lee_1960_2025.csv),2026-09-14
CA0194200,Los Angeles,Los Angeles,CA,2019,10002,2952,12954,4015546,https://cde.ucr.cjis.gov/LATEST/webapp/#/pages/downloads (Law Enforcement Employees Data; file additional-datasets/law-enforcement/lee_1960_2025.csv),2026-09-14
CA0194200,Los Angeles,Los Angeles,CA,2020,9863,3000,12863,4000587,https://cde.ucr.cjis.gov/LATEST/webapp/#/pages/downloads (Law Enforcement Employees Data; file additional-datasets/law-enforcement/lee_1960_2025.csv),2026-09-14
CA0194200,Los Angeles,Los Angeles,CA,2021,9474,2692,12166,3988183,https://cde.ucr.cjis.gov/LATEST/webapp/#/pages/downloads (Law Enforcement Employees Data; file additional-datasets/law-enforcement/lee_1960_2025.csv),2026-09-14
CA0194200,Los Angeles,Los Angeles,CA,2022,9226,2668,11894,3809182,https://cde.ucr.cjis.gov/LATEST/webapp/#/pages/downloads (Law Enforcement Employees Data; file additional-datasets/law-enforcement/lee_1960_2025.csv),2026-09-14
CA0194200,Los Angeles,Los Angeles,CA,2023,8916,2619,11535,3786018,https://cde.ucr.cjis.gov/LATEST/webapp/#/pages/downloads (Law Enforcement Employees Data; file additional-datasets/law-enforcement/lee_1960_2025.csv),2026-09-14
CA0194200,Los Angeles,Los Angeles,CA,2024,8820,2615,11435,3796352,https://cde.ucr.cjis.gov/LATEST/webapp/#/pages/downloads (Law Enforcement Employees Data; file additional-datasets/law-enforcement/lee_1960_2025.csv),2026-09-14
CA0390300,Manteca,Manteca,CA,2024,77,32,109,93538,https://cde.ucr.cjis.gov/LATEST/webapp/#/pages/downloads (Law Enforcement Employees Data; file additional-datasets/law-enforcement/lee_1960_2025.csv),2026-09-14
CA033780X,Menifee,Menifee,CA,2020,58,22,80,96837,https://cde.ucr.cjis.gov/LATEST/webapp/#/pages/downloads (Law Enforcement Employees Data; file additional-datasets/law-enforcement/lee_1960_2025.csv),2026-09-14
CA0334900,Menifee,Menifee,CA,2021,67,27,94,99883,https://cde.ucr.cjis.gov/LATEST/webapp/#/pages/downloads (Law Enforcement Employees Data; file additional-datasets/law-enforcement/lee_1960_2025.csv),2026-09-14
CA0334900,Menifee,Menifee,CA,2022,78,25,103,109673,https://cde.ucr.cjis.gov/LATEST/webapp/#/pages/downloads (Law Enforcement Employees Data; file additional-datasets/law-enforcement/lee_1960_2025.csv),2026-09-14
CA0334900,Menifee,Menifee,CA,2023,88,24,112,112660,https://cde.ucr.cjis.gov/LATEST/webapp/#/pages/downloads (Law Enforcement Employees Data; file additional-datasets/law-enforcement/lee_1960_2025.csv),2026-09-14
CA0334900,Menifee,Menifee,CA,2024,88,31,119,117055,https://cde.ucr.cjis.gov/LATEST/webapp/#/pages/downloads (Law Enforcement Employees Data; file additional-datasets/law-enforcement/lee_1960_2025.csv),2026-09-14
CA0240600,Merced,Merced,CA,2022,95,41,136,92191,https://cde.ucr.cjis.gov/LATEST/webapp/#/pages/downloads (Law Enforcement Employees Data; file additional-datasets/law-enforcement/lee_1960_2025.csv),2026-09-14
CA0240600,Merced,Merced,CA,2023,86,38,124,94125,https://cde.ucr.cjis.gov/LATEST/webapp/#/pages/downloads (Law Enforcement Employees Data; file additional-datasets/law-enforcement/lee_1960_2025.csv),2026-09-14
CA0240600,Merced,Merced,CA,2024,91,39,130,96077,https://cde.ucr.cjis.gov/LATEST/webapp/#/pages/downloads (Law Enforcement Employees Data; file additional-datasets/law-enforcement/lee_1960_2025.csv),2026-09-14
CA0500200,Modesto,Modesto,CA,2017,213,98,311,213677,https://cde.ucr.cjis.gov/LATEST/webapp/#/pages/downloads (Law Enforcement Employees Data; file additional-datasets/law-enforcement/lee_1960_2025.csv),2026-09-14
CA0500200,Modesto,Modesto,CA,2018,217,84,301,215822,https://cde.ucr.cjis.gov/LATEST/webapp/#/pages/downloads (Law Enforcement Employees Data; file additional-datasets/law-enforcement/lee_1960_2025.csv),2026-09-14
CA0500200,Modesto,Modesto,CA,2019,205,104,309,216542,https://cde.ucr.cjis.gov/LATEST/webapp/#/pages/downloads (Law Enforcement Employees Data; file additional-datasets/law-enforcement/lee_1960_2025.csv),2026-09-14
CA0500200,Modesto,Modesto,CA,2020,203,99,302,216560,https://cde.ucr.cjis.gov/LATEST/webapp/#/pages/downloads (Law Enforcement Employees Data; file additional-datasets/law-enforcement/lee_1960_2025.csv),2026-09-14
CA0500200,Modesto,Modesto,CA,2021,184,91,275,216946,https://cde.ucr.cjis.gov/LATEST/webapp/#/pages/downloads (Law Enforcement Employees Data; file additional-datasets/law-enforcement/lee_1960_2025.csv),2026-09-14
CA0500200,Modesto,Modesto,CA,2022,172,84,256,219083,https://cde.ucr.cjis.gov/LATEST/webapp/#/pages/downloads (Law Enforcement Employees Data; file additional-datasets/law-enforcement/lee_1960_2025.csv),2026-09-14
CA0500200,Modesto,Modesto,CA,2023,175,110,285,217778,https://cde.ucr.cjis.gov/LATEST/webapp/#/pages/downloads (Law Enforcement Employees Data; file additional-datasets/law-enforcement/lee_1960_2025.csv),2026-09-14
CA0500200,Modesto,Modesto,CA,2024,181,146,327,218990,https://cde.ucr.cjis.gov/LATEST/webapp/#/pages/downloads (Law Enforcement Employees Data; file additional-datasets/law-enforcement/lee_1960_2025.csv),2026-09-14
CA0334200,Murrieta,Murrieta,CA,2017,85,42,127,113016,https://cde.ucr.cjis.gov/LATEST/webapp/#/pages/downloads (Law Enforcement Employees Data; file additional-datasets/law-enforcement/lee_1960_2025.csv),2026-09-14
CA0334200,Murrieta,Murrieta,CA,2018,88,41,129,114706,https://cde.ucr.cjis.gov/LATEST/webapp/#/pages/downloads (Law Enforcement Employees Data; file additional-datasets/law-enforcement/lee_1960_2025.csv),2026-09-14
CA0334200,Murrieta,Murrieta,CA,2019,99,39,138,116413,https://cde.ucr.cjis.gov/LATEST/webapp/#/pages/downloads (Law Enforcement Employees Data; file additional-datasets/law-enforcement/lee_1960_2025.csv),2026-09-14
CA0334200,Murrieta,Murrieta,CA,2020,100,51,151,117639,https://cde.ucr.cjis.gov/LATEST/webapp/#/pages/downloads (Law Enforcement Employees Data; file additional-datasets/law-enforcement/lee_1960_2025.csv),2026-09-14
CA0334200,Murrieta,Murrieta,CA,2021,102,57,159,117835,https://cde.ucr.cjis.gov/LATEST/webapp/#/pages/downloads (Law Enforcement Employees Data; file additional-datasets/law-enforcement/lee_1960_2025.csv),2026-09-14
CA0334200,Murrieta,Murrieta,CA,2022,103,53,156,114655,https://cde.ucr.cjis.gov/LATEST/webapp/#/pages/downloads (Law Enforcement Employees Data; file additional-datasets/law-enforcement/lee_1960_2025.csv),2026-09-14
CA0334200,Murrieta,Murrieta,CA,2023,109,53,162,115037,https://cde.ucr.cjis.gov/LATEST/webapp/#/pages/downloads (Law Enforcement Employees Data; file additional-datasets/law-enforcement/lee_1960_2025.csv),2026-09-14
CA0334200,Murrieta,Murrieta,CA,2024,113,61,174,112125,https://cde.ucr.cjis.gov/LATEST/webapp/#/pages/downloads (Law Enforcement Employees Data; file additional-datasets/law-enforcement/lee_1960_2025.csv),2026-09-14
CA0010900,Oakland,Oakland,CA,2017,744,293,1037,424915,https://cde.ucr.cjis.gov/LATEST/webapp/#/pages/downloads (Law Enforcement Employees Data; file additional-datasets/law-enforcement/lee_1960_2025.csv),2026-09-14
CA0010900,Oakland,Oakland,CA,2018,731,279,1010,430230,https://cde.ucr.cjis.gov/LATEST/webapp/#/pages/downloads (Law Enforcement Employees Data; file additional-datasets/law-enforcement/lee_1960_2025.csv),2026-09-14
CA0010900,Oakland,Oakland,CA,2019,740,283,1023,434036,https://cde.ucr.cjis.gov/LATEST/webapp/#/pages/downloads (Law Enforcement Employees Data; file additional-datasets/law-enforcement/lee_1960_2025.csv),2026-09-14
CA0010900,Oakland,Oakland,CA,2020,740,316,1056,437923,https://cde.ucr.cjis.gov/LATEST/webapp/#/pages/downloads (Law Enforcement Employees Data; file additional-datasets/law-enforcement/lee_1960_2025.csv),2026-09-14
CA0010900,Oakland,Oakland,CA,2021,682,305,987,428406,https://cde.ucr.cjis.gov/LATEST/webapp/#/pages/downloads (Law Enforcement Employees Data; file additional-datasets/law-enforcement/lee_1960_2025.csv),2026-09-14
CA0010900,Oakland,Oakland,CA,2022,700,254,954,428374,https://cde.ucr.cjis.gov/LATEST/webapp/#/pages/downloads (Law Enforcement Employees Data; file additional-datasets/law-enforcement/lee_1960_2025.csv),2026-09-14
CA0010900,Oakland,Oakland,CA,2023,710,263,973,425484,https://cde.ucr.cjis.gov/LATEST/webapp/#/pages/downloads (Law Enforcement Employees Data; file additional-datasets/law-enforcement/lee_1960_2025.csv),2026-09-14
CA0010900,Oakland,Oakland,CA,2024,682,258,940,435042,https://cde.ucr.cjis.gov/LATEST/webapp/#/pages/downloads (Law Enforcement Employees Data; file additional-datasets/law-enforcement/lee_1960_2025.csv),2026-09-14
CA0371000,Oceanside,Oceanside,CA,2017,204,78,282,176815,https://cde.ucr.cjis.gov/LATEST/webapp/#/pages/downloads (Law Enforcement Employees Data; file additional-datasets/law-enforcement/lee_1960_2025.csv),2026-09-14
CA0371000,Oceanside,Oceanside,CA,2018,207,86,293,177464,https://cde.ucr.cjis.gov/LATEST/webapp/#/pages/downloads (Law Enforcement Employees Data; file additional-datasets/law-enforcement/lee_1960_2025.csv),2026-09-14
CA0371000,Oceanside,Oceanside,CA,2019,203,85,288,177129,https://cde.ucr.cjis.gov/LATEST/webapp/#/pages/downloads (Law Enforcement Employees Data; file additional-datasets/law-enforcement/lee_1960_2025.csv),2026-09-14
CA0371000,Oceanside,Oceanside,CA,2020,208,91,299,176616,https://cde.ucr.cjis.gov/LATEST/webapp/#/pages/downloads (Law Enforcement Employees Data; file additional-datasets/law-enforcement/lee_1960_2025.csv),2026-09-14
CA0371000,Oceanside,Oceanside,CA,2021,200,88,288,175335,https://cde.ucr.cjis.gov/LATEST/webapp/#/pages/downloads (Law Enforcement Employees Data; file additional-datasets/law-enforcement/lee_1960_2025.csv),2026-09-14
CA0371000,Oceanside,Oceanside,CA,2022,203,79,282,171844,https://cde.ucr.cjis.gov/LATEST/webapp/#/pages/downloads (Law Enforcement Employees Data; file additional-datasets/law-enforcement/lee_1960_2025.csv),2026-09-14
CA0371000,Oceanside,Oceanside,CA,2023,190,81,271,171348,https://cde.ucr.cjis.gov/LATEST/webapp/#/pages/downloads (Law Enforcement Employees Data; file additional-datasets/law-enforcement/lee_1960_2025.csv),2026-09-14
CA0371000,Oceanside,Oceanside,CA,2024,198,80,278,168725,https://cde.ucr.cjis.gov/LATEST/webapp/#/pages/downloads (Law Enforcement Employees Data; file additional-datasets/law-enforcement/lee_1960_2025.csv),2026-09-14
CA0360700,Ontario,Ontario,CA,2017,273,100,373,174724,https://cde.ucr.cjis.gov/LATEST/webapp/#/pages/downloads (Law Enforcement Employees Data; file additional-datasets/law-enforcement/lee_1960_2025.csv),2026-09-14
CA0360700,Ontario,Ontario,CA,2018,280,101,381,177542,https://cde.ucr.cjis.gov/LATEST/webapp/#/pages/downloads (Law Enforcement Employees Data; file additional-datasets/law-enforcement/lee_1960_2025.csv),2026-09-14
CA0360700,Ontario,Ontario,CA,2019,283,105,388,183322,https://cde.ucr.cjis.gov/LATEST/webapp/#/pages/downloads (Law Enforcement Employees Data; file additional-datasets/law-enforcement/lee_1960_2025.csv),2026-09-14
CA0360700,Ontario,Ontario,CA,2020,258,79,337,187464,https://cde.ucr.cjis.gov/LATEST/webapp/#/pages/downloads (Law Enforcement Employees Data; file additional-datasets/law-enforcement/lee_1960_2025.csv),2026-09-14
CA0360700,Ontario,Ontario,CA,2021,261,78,339,185414,https://cde.ucr.cjis.gov/LATEST/webapp/#/pages/downloads (Law Enforcement Employees Data; file additional-datasets/law-enforcement/lee_1960_2025.csv),2026-09-14
CA0360700,Ontario,Ontario,CA,2022,278,82,360,180004,https://cde.ucr.cjis.gov/LATEST/webapp/#/pages/downloads (Law Enforcement Employees Data; file additional-datasets/law-enforcement/lee_1960_2025.csv),2026-09-14
CA0360700,Ontario,Ontario,CA,2023,287,87,374,180688,https://cde.ucr.cjis.gov/LATEST/webapp/#/pages/downloads (Law Enforcement Employees Data; file additional-datasets/law-enforcement/lee_1960_2025.csv),2026-09-14
CA0360700,Ontario,Ontario,CA,2024,299,101,400,184763,https://cde.ucr.cjis.gov/LATEST/webapp/#/pages/downloads (Law Enforcement Employees Data; file additional-datasets/law-enforcement/lee_1960_2025.csv),2026-09-14
CA0301500,Orange,Orange,CA,2017,153,66,219,141130,https://cde.ucr.cjis.gov/LATEST/webapp/#/pages/downloads (Law Enforcement Employees Data; file additional-datasets/law-enforcement/lee_1960_2025.csv),2026-09-14
CA0301500,Orange,Orange,CA,2018,152,66,218,141108,https://cde.ucr.cjis.gov/LATEST/webapp/#/pages/downloads (Law Enforcement Employees Data; file additional-datasets/law-enforcement/lee_1960_2025.csv),2026-09-14
CA0301500,Orange,Orange,CA,2019,143,73,216,139830,https://cde.ucr.cjis.gov/LATEST/webapp/#/pages/downloads (Law Enforcement Employees Data; file additional-datasets/law-enforcement/lee_1960_2025.csv),2026-09-14
CA0301500,Orange,Orange,CA,2020,150,68,218,138846,https://cde.ucr.cjis.gov/LATEST/webapp/#/pages/downloads (Law Enforcement Employees Data; file additional-datasets/law-enforcement/lee_1960_2025.csv),2026-09-14
CA0301500,Orange,Orange,CA,2021,150,68,218,138312,https://cde.ucr.cjis.gov/LATEST/webapp/#/pages/downloads (Law Enforcement Employees Data; file additional-datasets/law-enforcement/lee_1960_2025.csv),2026-09-14
CA0301500,Orange,Orange,CA,2022,147,81,228,135862,https://cde.ucr.cjis.gov/LATEST/webapp/#/pages/downloads (Law Enforcement Employees Data; file additional-datasets/law-enforcement/lee_1960_2025.csv),2026-09-14
CA0301500,Orange,Orange,CA,2023,159,73,232,134582,https://cde.ucr.cjis.gov/LATEST/webapp/#/pages/downloads (Law Enforcement Employees Data; file additional-datasets/law-enforcement/lee_1960_2025.csv),2026-09-14
CA0301500,Orange,Orange,CA,2024,155,73,228,137970,https://cde.ucr.cjis.gov/LATEST/webapp/#/pages/downloads (Law Enforcement Employees Data; file additional-datasets/law-enforcement/lee_1960_2025.csv),2026-09-14
CA0560400,Oxnard,Oxnard,CA,2017,238,112,350,209513,https://cde.ucr.cjis.gov/LATEST/webapp/#/pages/downloads (Law Enforcement Employees Data; file additional-datasets/law-enforcement/lee_1960_2025.csv),2026-09-14
CA0560400,Oxnard,Oxnard,CA,2018,239,118,357,211737,https://cde.ucr.cjis.gov/LATEST/webapp/#/pages/downloads (Law Enforcement Employees Data; file additional-datasets/law-enforcement/lee_1960_2025.csv),2026-09-14
CA0560400,Oxnard,Oxnard,CA,2019,230,94,324,211349,https://cde.ucr.cjis.gov/LATEST/webapp/#/pages/downloads (Law Enforcement Employees Data; file additional-datasets/law-enforcement/lee_1960_2025.csv),2026-09-14
CA0560400,Oxnard,Oxnard,CA,2020,227,98,325,210064,https://cde.ucr.cjis.gov/LATEST/webapp/#/pages/downloads (Law Enforcement Employees Data; file additional-datasets/law-enforcement/lee_1960_2025.csv),2026-09-14
CA0560400,Oxnard,Oxnard,CA,2021,227,90,317,208911,https://cde.ucr.cjis.gov/LATEST/webapp/#/pages/downloads (Law Enforcement Employees Data; file additional-datasets/law-enforcement/lee_1960_2025.csv),2026-09-14
CA0560400,Oxnard,Oxnard,CA,2022,232,122,354,201517,https://cde.ucr.cjis.gov/LATEST/webapp/#/pages/downloads (Law Enforcement Employees Data; file additional-datasets/law-enforcement/lee_1960_2025.csv),2026-09-14
CA0560400,Oxnard,Oxnard,CA,2023,226,120,346,199508,https://cde.ucr.cjis.gov/LATEST/webapp/#/pages/downloads (Law Enforcement Employees Data; file additional-datasets/law-enforcement/lee_1960_2025.csv),2026-09-14
CA0560400,Oxnard,Oxnard,CA,2024,215,127,342,197361,https://cde.ucr.cjis.gov/LATEST/webapp/#/pages/downloads (Law Enforcement Employees Data; file additional-datasets/law-enforcement/lee_1960_2025.csv),2026-09-14
CA0195300,Pasadena,Pasadena,CA,2017,229,105,334,142891,https://cde.ucr.cjis.gov/LATEST/webapp/#/pages/downloads (Law Enforcement Employees Data; file additional-datasets/law-enforcement/lee_1960_2025.csv),2026-09-14
CA0195300,Pasadena,Pasadena,CA,2018,222,111,333,143448,https://cde.ucr.cjis.gov/LATEST/webapp/#/pages/downloads (Law Enforcement Employees Data; file additional-datasets/law-enforcement/lee_1960_2025.csv),2026-09-14
CA0195300,Pasadena,Pasadena,CA,2019,222,121,343,141913,https://cde.ucr.cjis.gov/LATEST/webapp/#/pages/downloads (Law Enforcement Employees Data; file additional-datasets/law-enforcement/lee_1960_2025.csv),2026-09-14
CA0195300,Pasadena,Pasadena,CA,2020,233,125,358,141473,https://cde.ucr.cjis.gov/LATEST/webapp/#/pages/downloads (Law Enforcement Employees Data; file additional-datasets/law-enforcement/lee_1960_2025.csv),2026-09-14
CA0195300,Pasadena,Pasadena,CA,2021,221,104,325,141402,https://cde.ucr.cjis.gov/LATEST/webapp/#/pages/downloads (Law Enforcement Employees Data; file additional-datasets/law-enforcement/lee_1960_2025.csv),2026-09-14
CA0195300,Pasadena,Pasadena,CA,2022,219,107,326,133312,https://cde.ucr.cjis.gov/LATEST/webapp/#/pages/downloads (Law Enforcement Employees Data; file additional-datasets/law-enforcement/lee_1960_2025.csv),2026-09-14
CA0195300,Pasadena,Pasadena,CA,2023,213,107,320,132210,https://cde.ucr.cjis.gov/LATEST/webapp/#/pages/downloads (Law Enforcement Employees Data; file additional-datasets/law-enforcement/lee_1960_2025.csv),2026-09-14
CA0195300,Pasadena,Pasadena,CA,2024,220,113,333,131966,https://cde.ucr.cjis.gov/LATEST/webapp/#/pages/downloads (Law Enforcement Employees Data; file additional-datasets/law-enforcement/lee_1960_2025.csv),2026-09-14
CA0195500,Pomona,Pomona,CA,2017,147,106,253,153066,https://cde.ucr.cjis.gov/LATEST/webapp/#/pages/downloads (Law Enforcement Employees Data; file additional-datasets/law-enforcement/lee_1960_2025.csv),2026-09-14
CA0195500,Pomona,Pomona,CA,2018,146,123,269,153496,https://cde.ucr.cjis.gov/LATEST/webapp/#/pages/downloads (Law Enforcement Employees Data; file additional-datasets/law-enforcement/lee_1960_2025.csv),2026-09-14
CA0195500,Pomona,Pomona,CA,2019,147,105,252,152776,https://cde.ucr.cjis.gov/LATEST/webapp/#/pages/downloads (Law Enforcement Employees Data; file additional-datasets/law-enforcement/lee_1960_2025.csv),2026-09-14
CA0195500,Pomona,Pomona,CA,2020,152,92,244,151982,https://cde.ucr.cjis.gov/LATEST/webapp/#/pages/downloads (Law Enforcement Employees Data; file additional-datasets/law-enforcement/lee_1960_2025.csv),2026-09-14
CA0195500,Pomona,Pomona,CA,2021,146,122,268,149206,https://cde.ucr.cjis.gov/LATEST/webapp/#/pages/downloads (Law Enforcement Employees Data; file additional-datasets/law-enforcement/lee_1960_2025.csv),2026-09-14
CA0195500,Pomona,Pomona,CA,2022,147,92,239,145600,https://cde.ucr.cjis.gov/LATEST/webapp/#/pages/downloads (Law Enforcement Employees Data; file additional-datasets/law-enforcement/lee_1960_2025.csv),2026-09-14
CA0195500,Pomona,Pomona,CA,2023,137,119,256,143578,https://cde.ucr.cjis.gov/LATEST/webapp/#/pages/downloads (Law Enforcement Employees Data; file additional-datasets/law-enforcement/lee_1960_2025.csv),2026-09-14
CA0195500,Pomona,Pomona,CA,2024,143,103,246,143726,https://cde.ucr.cjis.gov/LATEST/webapp/#/pages/downloads (Law Enforcement Employees Data; file additional-datasets/law-enforcement/lee_1960_2025.csv),2026-09-14
CA0450200,Redding,Redding,CA,2017,103,31,134,92127,https://cde.ucr.cjis.gov/LATEST/webapp/#/pages/downloads (Law Enforcement Employees Data; file additional-datasets/law-enforcement/lee_1960_2025.csv),2026-09-14
CA0450200,Redding,Redding,CA,2018,104,31,135,92068,https://cde.ucr.cjis.gov/LATEST/webapp/#/pages/downloads (Law Enforcement Employees Data; file additional-datasets/law-enforcement/lee_1960_2025.csv),2026-09-14
CA0450200,Redding,Redding,CA,2019,101,39,140,92009,https://cde.ucr.cjis.gov/LATEST/webapp/#/pages/downloads (Law Enforcement Employees Data; file additional-datasets/law-enforcement/lee_1960_2025.csv),2026-09-14
CA0450200,Redding,Redding,CA,2020,101,41,142,92895,https://cde.ucr.cjis.gov/LATEST/webapp/#/pages/downloads (Law Enforcement Employees Data; file additional-datasets/law-enforcement/lee_1960_2025.csv),2026-09-14
CA0450200,Redding,Redding,CA,2021,101,46,147,92714,https://cde.ucr.cjis.gov/LATEST/webapp/#/pages/downloads (Law Enforcement Employees Data; file additional-datasets/law-enforcement/lee_1960_2025.csv),2026-09-14
CA0450200,Redding,Redding,CA,2022,110,43,153,93531,https://cde.ucr.cjis.gov/LATEST/webapp/#/pages/downloads (Law Enforcement Employees Data; file additional-datasets/law-enforcement/lee_1960_2025.csv),2026-09-14
CA0450200,Redding,Redding,CA,2023,120,44,164,92621,https://cde.ucr.cjis.gov/LATEST/webapp/#/pages/downloads (Law Enforcement Employees Data; file additional-datasets/law-enforcement/lee_1960_2025.csv),2026-09-14
CA0450200,Redding,Redding,CA,2024,115,46,161,92468,https://cde.ucr.cjis.gov/LATEST/webapp/#/pages/downloads (Law Enforcement Employees Data; file additional-datasets/law-enforcement/lee_1960_2025.csv),2026-09-14
CA0360900,Rialto,Rialto,CA,2017,102,35,137,103980,https://cde.ucr.cjis.gov/LATEST/webapp/#/pages/downloads (Law Enforcement Employees Data; file additional-datasets/law-enforcement/lee_1960_2025.csv),2026-09-14
CA0360900,Rialto,Rialto,CA,2018,96,29,125,104173,https://cde.ucr.cjis.gov/LATEST/webapp/#/pages/downloads (Law Enforcement Employees Data; file additional-datasets/law-enforcement/lee_1960_2025.csv),2026-09-14
CA0360900,Rialto,Rialto,CA,2019,102,32,134,103965,https://cde.ucr.cjis.gov/LATEST/webapp/#/pages/downloads (Law Enforcement Employees Data; file additional-datasets/law-enforcement/lee_1960_2025.csv),2026-09-14
CA0360900,Rialto,Rialto,CA,2020,106,35,141,104004,https://cde.ucr.cjis.gov/LATEST/webapp/#/pages/downloads (Law Enforcement Employees Data; file additional-datasets/law-enforcement/lee_1960_2025.csv),2026-09-14
CA0360900,Rialto,Rialto,CA,2021,111,35,146,104600,https://cde.ucr.cjis.gov/LATEST/webapp/#/pages/downloads (Law Enforcement Employees Data; file additional-datasets/law-enforcement/lee_1960_2025.csv),2026-09-14
CA0360900,Rialto,Rialto,CA,2022,110,43,153,104589,https://cde.ucr.cjis.gov/LATEST/webapp/#/pages/downloads (Law Enforcement Employees Data; file additional-datasets/law-enforcement/lee_1960_2025.csv),2026-09-14
CA0360900,Rialto,Rialto,CA,2023,104,49,153,103257,https://cde.ucr.cjis.gov/LATEST/webapp/#/pages/downloads (Law Enforcement Employees Data; file additional-datasets/law-enforcement/lee_1960_2025.csv),2026-09-14
CA0360900,Rialto,Rialto,CA,2024,123,51,174,103164,https://cde.ucr.cjis.gov/LATEST/webapp/#/pages/downloads (Law Enforcement Employees Data; file additional-datasets/law-enforcement/lee_1960_2025.csv),2026-09-14
CA0071000,Richmond,Richmond,CA,2017,177,67,244,110804,https://cde.ucr.cjis.gov/LATEST/webapp/#/pages/downloads (Law Enforcement Employees Data; file additional-datasets/law-enforcement/lee_1960_2025.csv),2026-09-14
CA0071000,Richmond,Richmond,CA,2018,181,72,253,110982,https://cde.ucr.cjis.gov/LATEST/webapp/#/pages/downloads (Law Enforcement Employees Data; file additional-datasets/law-enforcement/lee_1960_2025.csv),2026-09-14
CA0071000,Richmond,Richmond,CA,2019,163,64,227,110988,https://cde.ucr.cjis.gov/LATEST/webapp/#/pages/downloads (Law Enforcement Employees Data; file additional-datasets/law-enforcement/lee_1960_2025.csv),2026-09-14
CA0071000,Richmond,Richmond,CA,2020,145,55,200,111367,https://cde.ucr.cjis.gov/LATEST/webapp/#/pages/downloads (Law Enforcement Employees Data; file additional-datasets/law-enforcement/lee_1960_2025.csv),2026-09-14
CA0071000,Richmond,Richmond,CA,2021,130,50,180,110698,https://cde.ucr.cjis.gov/LATEST/webapp/#/pages/downloads (Law Enforcement Employees Data; file additional-datasets/law-enforcement/lee_1960_2025.csv),2026-09-14
CA0071000,Richmond,Richmond,CA,2022,106,47,153,115043,https://cde.ucr.cjis.gov/LATEST/webapp/#/pages/downloads (Law Enforcement Employees Data; file additional-datasets/law-enforcement/lee_1960_2025.csv),2026-09-14
CA0071000,Richmond,Richmond,CA,2023,120,48,168,113282,https://cde.ucr.cjis.gov/LATEST/webapp/#/pages/downloads (Law Enforcement Employees Data; file additional-datasets/law-enforcement/lee_1960_2025.csv),2026-09-14
CA0071000,Richmond,Richmond,CA,2024,92,63,155,113418,https://cde.ucr.cjis.gov/LATEST/webapp/#/pages/downloads (Law Enforcement Employees Data; file additional-datasets/law-enforcement/lee_1960_2025.csv),2026-09-14
CA0331300,Riverside,Riverside,CA,2017,350,146,496,328023,https://cde.ucr.cjis.gov/LATEST/webapp/#/pages/downloads (Law Enforcement Employees Data; file additional-datasets/law-enforcement/lee_1960_2025.csv),2026-09-14
CA0331300,Riverside,Riverside,CA,2018,370,152,522,331022,https://cde.ucr.cjis.gov/LATEST/webapp/#/pages/downloads (Law Enforcement Employees Data; file additional-datasets/law-enforcement/lee_1960_2025.csv),2026-09-14
CA0331300,Riverside,Riverside,CA,2019,366,146,512,333260,https://cde.ucr.cjis.gov/LATEST/webapp/#/pages/downloads (Law Enforcement Employees Data; file additional-datasets/law-enforcement/lee_1960_2025.csv),2026-09-14
CA0331300,Riverside,Riverside,CA,2020,379,143,522,334370,https://cde.ucr.cjis.gov/LATEST/webapp/#/pages/downloads (Law Enforcement Employees Data; file additional-datasets/law-enforcement/lee_1960_2025.csv),2026-09-14
CA0331300,Riverside,Riverside,CA,2021,363,157,520,333437,https://cde.ucr.cjis.gov/LATEST/webapp/#/pages/downloads (Law Enforcement Employees Data; file additional-datasets/law-enforcement/lee_1960_2025.csv),2026-09-14
CA0331300,Riverside,Riverside,CA,2022,345,151,496,319889,https://cde.ucr.cjis.gov/LATEST/webapp/#/pages/downloads (Law Enforcement Employees Data; file additional-datasets/law-enforcement/lee_1960_2025.csv),2026-09-14
CA0331300,Riverside,Riverside,CA,2023,357,173,530,323473,https://cde.ucr.cjis.gov/LATEST/webapp/#/pages/downloads (Law Enforcement Employees Data; file additional-datasets/law-enforcement/lee_1960_2025.csv),2026-09-14
CA0331300,Riverside,Riverside,CA,2024,381,193,574,320148,https://cde.ucr.cjis.gov/LATEST/webapp/#/pages/downloads (Law Enforcement Employees Data; file additional-datasets/law-enforcement/lee_1960_2025.csv),2026-09-14
CA0310500,Roseville,Roseville,CA,2017,125,66,191,135028,https://cde.ucr.cjis.gov/LATEST/webapp/#/pages/downloads (Law Enforcement Employees Data; file additional-datasets/law-enforcement/lee_1960_2025.csv),2026-09-14
CA0310500,Roseville,Roseville,CA,2018,122,63,185,137706,https://cde.ucr.cjis.gov/LATEST/webapp/#/pages/downloads (Law Enforcement Employees Data; file additional-datasets/law-enforcement/lee_1960_2025.csv),2026-09-14
CA0310500,Roseville,Roseville,CA,2019,130,61,191,141744,https://cde.ucr.cjis.gov/LATEST/webapp/#/pages/downloads (Law Enforcement Employees Data; file additional-datasets/law-enforcement/lee_1960_2025.csv),2026-09-14
CA0310500,Roseville,Roseville,CA,2020,136,60,196,144128,https://cde.ucr.cjis.gov/LATEST/webapp/#/pages/downloads (Law Enforcement Employees Data; file additional-datasets/law-enforcement/lee_1960_2025.csv),2026-09-14
CA0310500,Roseville,Roseville,CA,2021,135,62,197,147468,https://cde.ucr.cjis.gov/LATEST/webapp/#/pages/downloads (Law Enforcement Employees Data; file additional-datasets/law-enforcement/lee_1960_2025.csv),2026-09-14
CA0310500,Roseville,Roseville,CA,2022,130,64,194,155448,https://cde.ucr.cjis.gov/LATEST/webapp/#/pages/downloads (Law Enforcement Employees Data; file additional-datasets/law-enforcement/lee_1960_2025.csv),2026-09-14
CA0310500,Roseville,Roseville,CA,2023,146,72,218,158084,https://cde.ucr.cjis.gov/LATEST/webapp/#/pages/downloads (Law Enforcement Employees Data; file additional-datasets/law-enforcement/lee_1960_2025.csv),2026-09-14
CA0310500,Roseville,Roseville,CA,2024,146,67,213,162841,https://cde.ucr.cjis.gov/LATEST/webapp/#/pages/downloads (Law Enforcement Employees Data; file additional-datasets/law-enforcement/lee_1960_2025.csv),2026-09-14
CA0340400,Sacramento,Sacramento,CA,2017,644,281,925,499997,https://cde.ucr.cjis.gov/LATEST/webapp/#/pages/downloads (Law Enforcement Employees Data; file additional-datasets/law-enforcement/lee_1960_2025.csv),2026-09-14
CA0340400,Sacramento,Sacramento,CA,2018,651,297,948,507037,https://cde.ucr.cjis.gov/LATEST/webapp/#/pages/downloads (Law Enforcement Employees Data; file additional-datasets/law-enforcement/lee_1960_2025.csv),2026-09-14
CA0340400,Sacramento,Sacramento,CA,2019,678,315,993,513934,https://cde.ucr.cjis.gov/LATEST/webapp/#/pages/downloads (Law Enforcement Employees Data; file additional-datasets/law-enforcement/lee_1960_2025.csv),2026-09-14
CA0340400,Sacramento,Sacramento,CA,2020,684,328,1012,519050,https://cde.ucr.cjis.gov/LATEST/webapp/#/pages/downloads (Law Enforcement Employees Data; file additional-datasets/law-enforcement/lee_1960_2025.csv),2026-09-14
CA0340400,Sacramento,Sacramento,CA,2021,716,281,997,517637,https://cde.ucr.cjis.gov/LATEST/webapp/#/pages/downloads (Law Enforcement Employees Data; file additional-datasets/law-enforcement/lee_1960_2025.csv),2026-09-14
CA0340400,Sacramento,Sacramento,CA,2022,680,293,973,526671,https://cde.ucr.cjis.gov/LATEST/webapp/#/pages/downloads (Law Enforcement Employees Data; file additional-datasets/law-enforcement/lee_1960_2025.csv),2026-09-14
CA0340400,Sacramento,Sacramento,CA,2023,678,282,960,529172,https://cde.ucr.cjis.gov/LATEST/webapp/#/pages/downloads (Law Enforcement Employees Data; file additional-datasets/law-enforcement/lee_1960_2025.csv),2026-09-14
CA0340400,Sacramento,Sacramento,CA,2024,654,293,947,526670,https://cde.ucr.cjis.gov/LATEST/webapp/#/pages/downloads (Law Enforcement Employees Data; file additional-datasets/law-enforcement/lee_1960_2025.csv),2026-09-14
CA0270800,Salinas,Salinas,CA,2017,146,65,211,158313,https://cde.ucr.cjis.gov/LATEST/webapp/#/pages/downloads (Law Enforcement Employees Data; file additional-datasets/law-enforcement/lee_1960_2025.csv),2026-09-14
CA0270800,Salinas,Salinas,CA,2018,151,53,204,158590,https://cde.ucr.cjis.gov/LATEST/webapp/#/pages/downloads (Law Enforcement Employees Data; file additional-datasets/law-enforcement/lee_1960_2025.csv),2026-09-14
CA0270800,Salinas,Salinas,CA,2019,146,46,192,156943,https://cde.ucr.cjis.gov/LATEST/webapp/#/pages/downloads (Law Enforcement Employees Data; file additional-datasets/law-enforcement/lee_1960_2025.csv),2026-09-14
CA0270800,Salinas,Salinas,CA,2020,150,50,200,155984,https://cde.ucr.cjis.gov/LATEST/webapp/#/pages/downloads (Law Enforcement Employees Data; file additional-datasets/law-enforcement/lee_1960_2025.csv),2026-09-14
CA0270800,Salinas,Salinas,CA,2021,142,39,181,155283,https://cde.ucr.cjis.gov/LATEST/webapp/#/pages/downloads (Law Enforcement Employees Data; file additional-datasets/law-enforcement/lee_1960_2025.csv),2026-09-14
CA0270800,Salinas,Salinas,CA,2022,145,41,186,162187,https://cde.ucr.cjis.gov/LATEST/webapp/#/pages/downloads (Law Enforcement Employees Data; file additional-datasets/law-enforcement/lee_1960_2025.csv),2026-09-14
CA0270800,Salinas,Salinas,CA,2023,141,40,181,159896,https://cde.ucr.cjis.gov/LATEST/webapp/#/pages/downloads (Law Enforcement Employees Data; file additional-datasets/law-enforcement/lee_1960_2025.csv),2026-09-14
CA0270800,Salinas,Salinas,CA,2024,139,41,180,158233,https://cde.ucr.cjis.gov/LATEST/webapp/#/pages/downloads (Law Enforcement Employees Data; file additional-datasets/law-enforcement/lee_1960_2025.csv),2026-09-14
CA0361000,San Bernardino,San Bernardino,CA,2017,236,142,378,217259,https://cde.ucr.cjis.gov/LATEST/webapp/#/pages/downloads (Law Enforcement Employees Data; file additional-datasets/law-enforcement/lee_1960_2025.csv),2026-09-14
CA0361000,San Bernardino,San Bernardino,CA,2018,238,156,394,217986,https://cde.ucr.cjis.gov/LATEST/webapp/#/pages/downloads (Law Enforcement Employees Data; file additional-datasets/law-enforcement/lee_1960_2025.csv),2026-09-14
CA0361000,San Bernardino,San Bernardino,CA,2019,244,124,368,216715,https://cde.ucr.cjis.gov/LATEST/webapp/#/pages/downloads (Law Enforcement Employees Data; file additional-datasets/law-enforcement/lee_1960_2025.csv),2026-09-14
CA0361000,San Bernardino,San Bernardino,CA,2020,239,95,334,216365,https://cde.ucr.cjis.gov/LATEST/webapp/#/pages/downloads (Law Enforcement Employees Data; file additional-datasets/law-enforcement/lee_1960_2025.csv),2026-09-14
CA0361000,San Bernardino,San Bernardino,CA,2021,245,100,345,218205,https://cde.ucr.cjis.gov/LATEST/webapp/#/pages/downloads (Law Enforcement Employees Data; file additional-datasets/law-enforcement/lee_1960_2025.csv),2026-09-14
CA0361000,San Bernardino,San Bernardino,CA,2022,248,113,361,222623,https://cde.ucr.cjis.gov/LATEST/webapp/#/pages/downloads (Law Enforcement Employees Data; file additional-datasets/law-enforcement/lee_1960_2025.csv),2026-09-14
CA0361000,San Bernardino,San Bernardino,CA,2023,278,142,420,219483,https://cde.ucr.cjis.gov/LATEST/webapp/#/pages/downloads (Law Enforcement Employees Data; file additional-datasets/law-enforcement/lee_1960_2025.csv),2026-09-14
CA0361000,San Bernardino,San Bernardino,CA,2024,285,133,418,224283,https://cde.ucr.cjis.gov/LATEST/webapp/#/pages/downloads (Law Enforcement Employees Data; file additional-datasets/law-enforcement/lee_1960_2025.csv),2026-09-14
CA0371100,San Diego,San Diego,CA,2017,1752,530,2282,1424116,https://cde.ucr.cjis.gov/LATEST/webapp/#/pages/downloads (Law Enforcement Employees Data; file additional-datasets/law-enforcement/lee_1960_2025.csv),2026-09-14
CA0371100,San Diego,San Diego,CA,2018,1731,601,2332,1436495,https://cde.ucr.cjis.gov/LATEST/webapp/#/pages/downloads (Law Enforcement Employees Data; file additional-datasets/law-enforcement/lee_1960_2025.csv),2026-09-14
CA0371100,San Diego,San Diego,CA,2019,1764,623,2387,1441737,https://cde.ucr.cjis.gov/LATEST/webapp/#/pages/downloads (Law Enforcement Employees Data; file additional-datasets/law-enforcement/lee_1960_2025.csv),2026-09-14
CA0371100,San Diego,San Diego,CA,2020,1846,578,2424,1437608,https://cde.ucr.cjis.gov/LATEST/webapp/#/pages/downloads (Law Enforcement Employees Data; file additional-datasets/law-enforcement/lee_1960_2025.csv),2026-09-14
CA0371100,San Diego,San Diego,CA,2021,1877,517,2394,1434673,https://cde.ucr.cjis.gov/LATEST/webapp/#/pages/downloads (Law Enforcement Employees Data; file additional-datasets/law-enforcement/lee_1960_2025.csv),2026-09-14
CA0371100,San Diego,San Diego,CA,2022,1769,464,2233,1377838,https://cde.ucr.cjis.gov/LATEST/webapp/#/pages/downloads (Law Enforcement Employees Data; file additional-datasets/law-enforcement/lee_1960_2025.csv),2026-09-14
CA0371100,San Diego,San Diego,CA,2023,1777,566,2343,1378349,https://cde.ucr.cjis.gov/LATEST/webapp/#/pages/downloads (Law Enforcement Employees Data; file additional-datasets/law-enforcement/lee_1960_2025.csv),2026-09-14
CA0371100,San Diego,San Diego,CA,2024,1811,516,2327,1389024,https://cde.ucr.cjis.gov/LATEST/webapp/#/pages/downloads (Law Enforcement Employees Data; file additional-datasets/law-enforcement/lee_1960_2025.csv),2026-09-14
CA0380100,San Francisco,San Francisco,CA,2017,2332,603,2935,881255,https://cde.ucr.cjis.gov/LATEST/webapp/#/pages/downloads (Law Enforcement Employees Data; file additional-datasets/law-enforcement/lee_1960_2025.csv),2026-09-14
CA0380100,San Francisco,San Francisco,CA,2018,2306,607,2913,889282,https://cde.ucr.cjis.gov/LATEST/webapp/#/pages/downloads (Law Enforcement Employees Data; file additional-datasets/law-enforcement/lee_1960_2025.csv),2026-09-14
CA0380100,San Francisco,San Francisco,CA,2019,2279,628,2907,886007,https://cde.ucr.cjis.gov/LATEST/webapp/#/pages/downloads (Law Enforcement Employees Data; file additional-datasets/law-enforcement/lee_1960_2025.csv),2026-09-14
CA0380100,San Francisco,San Francisco,CA,2020,2239,753,2992,881514,https://cde.ucr.cjis.gov/LATEST/webapp/#/pages/downloads (Law Enforcement Employees Data; file additional-datasets/law-enforcement/lee_1960_2025.csv),2026-09-14
CA0380100,San Francisco,San Francisco,CA,2021,2129,728,2857,865393,https://cde.ucr.cjis.gov/LATEST/webapp/#/pages/downloads (Law Enforcement Employees Data; file additional-datasets/law-enforcement/lee_1960_2025.csv),2026-09-14
CA0380100,San Francisco,San Francisco,CA,2022,1942,744,2686,764693,https://cde.ucr.cjis.gov/LATEST/webapp/#/pages/downloads (Law Enforcement Employees Data; file additional-datasets/law-enforcement/lee_1960_2025.csv),2026-09-14
CA0380100,San Francisco,San Francisco,CA,2023,1869,853,2722,782846,https://cde.ucr.cjis.gov/LATEST/webapp/#/pages/downloads (Law Enforcement Employees Data; file additional-datasets/law-enforcement/lee_1960_2025.csv),2026-09-14
CA0380100,San Francisco,San Francisco,CA,2024,1865,897,2762,802856,https://cde.ucr.cjis.gov/LATEST/webapp/#/pages/downloads (Law Enforcement Employees Data; file additional-datasets/law-enforcement/lee_1960_2025.csv),2026-09-14
CA0431300,San Jose,San Jose,CA,2017,940,406,1346,1037529,https://cde.ucr.cjis.gov/LATEST/webapp/#/pages/downloads (Law Enforcement Employees Data; file additional-datasets/law-enforcement/lee_1960_2025.csv),2026-09-14
CA0431300,San Jose,San Jose,CA,2018,1113,437,1550,1047305,https://cde.ucr.cjis.gov/LATEST/webapp/#/pages/downloads (Law Enforcement Employees Data; file additional-datasets/law-enforcement/lee_1960_2025.csv),2026-09-14
CA0431300,San Jose,San Jose,CA,2019,1150,457,1607,1040008,https://cde.ucr.cjis.gov/LATEST/webapp/#/pages/downloads (Law Enforcement Employees Data; file additional-datasets/law-enforcement/lee_1960_2025.csv),2026-09-14
CA0431300,San Jose,San Jose,CA,2020,1170,461,1631,1029542,https://cde.ucr.cjis.gov/LATEST/webapp/#/pages/downloads (Law Enforcement Employees Data; file additional-datasets/law-enforcement/lee_1960_2025.csv),2026-09-14
CA0431300,San Jose,San Jose,CA,2021,1161,463,1624,1019772,https://cde.ucr.cjis.gov/LATEST/webapp/#/pages/downloads (Law Enforcement Employees Data; file additional-datasets/law-enforcement/lee_1960_2025.csv),2026-09-14
CA0431300,San Jose,San Jose,CA,2022,1109,458,1567,956814,https://cde.ucr.cjis.gov/LATEST/webapp/#/pages/downloads (Law Enforcement Employees Data; file additional-datasets/law-enforcement/lee_1960_2025.csv),2026-09-14
CA0431300,San Jose,San Jose,CA,2023,1075,473,1548,952530,https://cde.ucr.cjis.gov/LATEST/webapp/#/pages/downloads (Law Enforcement Employees Data; file additional-datasets/law-enforcement/lee_1960_2025.csv),2026-09-14
CA0431300,San Jose,San Jose,CA,2024,1056,499,1555,956840,https://cde.ucr.cjis.gov/LATEST/webapp/#/pages/downloads (Law Enforcement Employees Data; file additional-datasets/law-enforcement/lee_1960_2025.csv),2026-09-14
CA0011200,San Leandro,San Leandro,CA,2017,93,42,135,91386,https://cde.ucr.cjis.gov/LATEST/webapp/#/pages/downloads (Law Enforcement Employees Data; file additional-datasets/law-enforcement/lee_1960_2025.csv),2026-09-14
CA0011200,San Leandro,San Leandro,CA,2018,87,40,127,91359,https://cde.ucr.cjis.gov/LATEST/webapp/#/pages/downloads (Law Enforcement Employees Data; file additional-datasets/law-enforcement/lee_1960_2025.csv),2026-09-14
CA0011200,San Leandro,San Leandro,CA,2019,87,42,129,90297,https://cde.ucr.cjis.gov/LATEST/webapp/#/pages/downloads (Law Enforcement Employees Data; file additional-datasets/law-enforcement/lee_1960_2025.csv),2026-09-14
CA0411600,San Mateo,San Mateo,CA,2017,107,39,146,105090,https://cde.ucr.cjis.gov/LATEST/webapp/#/pages/downloads (Law Enforcement Employees Data; file additional-datasets/law-enforcement/lee_1960_2025.csv),2026-09-14
CA0411600,San Mateo,San Mateo,CA,2018,107,41,148,105839,https://cde.ucr.cjis.gov/LATEST/webapp/#/pages/downloads (Law Enforcement Employees Data; file additional-datasets/law-enforcement/lee_1960_2025.csv),2026-09-14
CA0411600,San Mateo,San Mateo,CA,2019,103,39,142,106020,https://cde.ucr.cjis.gov/LATEST/webapp/#/pages/downloads (Law Enforcement Employees Data; file additional-datasets/law-enforcement/lee_1960_2025.csv),2026-09-14
CA0411600,San Mateo,San Mateo,CA,2020,108,43,151,105246,https://cde.ucr.cjis.gov/LATEST/webapp/#/pages/downloads (Law Enforcement Employees Data; file additional-datasets/law-enforcement/lee_1960_2025.csv),2026-09-14
CA0411600,San Mateo,San Mateo,CA,2021,108,44,152,102930,https://cde.ucr.cjis.gov/LATEST/webapp/#/pages/downloads (Law Enforcement Employees Data; file additional-datasets/law-enforcement/lee_1960_2025.csv),2026-09-14
CA0411600,San Mateo,San Mateo,CA,2022,104,42,146,99184,https://cde.ucr.cjis.gov/LATEST/webapp/#/pages/downloads (Law Enforcement Employees Data; file additional-datasets/law-enforcement/lee_1960_2025.csv),2026-09-14
CA0411600,San Mateo,San Mateo,CA,2023,108,47,155,98883,https://cde.ucr.cjis.gov/LATEST/webapp/#/pages/downloads (Law Enforcement Employees Data; file additional-datasets/law-enforcement/lee_1960_2025.csv),2026-09-14
CA0411600,San Mateo,San Mateo,CA,2024,112,47,159,99929,https://cde.ucr.cjis.gov/LATEST/webapp/#/pages/downloads (Law Enforcement Employees Data; file additional-datasets/law-enforcement/lee_1960_2025.csv),2026-09-14
CA0301900,Santa Ana,Santa Ana,CA,2017,325,212,537,335699,https://cde.ucr.cjis.gov/LATEST/webapp/#/pages/downloads (Law Enforcement Employees Data; file additional-datasets/law-enforcement/lee_1960_2025.csv),2026-09-14
CA0301900,Santa Ana,Santa Ana,CA,2018,313,220,533,335403,https://cde.ucr.cjis.gov/LATEST/webapp/#/pages/downloads (Law Enforcement Employees Data; file additional-datasets/law-enforcement/lee_1960_2025.csv),2026-09-14
CA0301900,Santa Ana,Santa Ana,CA,2019,340,218,558,333664,https://cde.ucr.cjis.gov/LATEST/webapp/#/pages/downloads (Law Enforcement Employees Data; file additional-datasets/law-enforcement/lee_1960_2025.csv),2026-09-14
CA0301900,Santa Ana,Santa Ana,CA,2020,366,228,594,333107,https://cde.ucr.cjis.gov/LATEST/webapp/#/pages/downloads (Law Enforcement Employees Data; file additional-datasets/law-enforcement/lee_1960_2025.csv),2026-09-14
CA0301900,Santa Ana,Santa Ana,CA,2021,361,227,588,331934,https://cde.ucr.cjis.gov/LATEST/webapp/#/pages/downloads (Law Enforcement Employees Data; file additional-datasets/law-enforcement/lee_1960_2025.csv),2026-09-14
CA0301900,Santa Ana,Santa Ana,CA,2022,355,219,574,308995,https://cde.ucr.cjis.gov/LATEST/webapp/#/pages/downloads (Law Enforcement Employees Data; file additional-datasets/law-enforcement/lee_1960_2025.csv),2026-09-14
CA0301900,Santa Ana,Santa Ana,CA,2023,350,219,569,307327,https://cde.ucr.cjis.gov/LATEST/webapp/#/pages/downloads (Law Enforcement Employees Data; file additional-datasets/law-enforcement/lee_1960_2025.csv),2026-09-14
CA0301900,Santa Ana,Santa Ana,CA,2024,338,213,551,310304,https://cde.ucr.cjis.gov/LATEST/webapp/#/pages/downloads (Law Enforcement Employees Data; file additional-datasets/law-enforcement/lee_1960_2025.csv),2026-09-14
CA0420300,Santa Barbara,Santa Barbara,CA,2017,140,64,204,92508,https://cde.ucr.cjis.gov/LATEST/webapp/#/pages/downloads (Law Enforcement Employees Data; file additional-datasets/law-enforcement/lee_1960_2025.csv),2026-09-14
CA0420300,Santa Barbara,Santa Barbara,CA,2018,134,65,199,92630,https://cde.ucr.cjis.gov/LATEST/webapp/#/pages/downloads (Law Enforcement Employees Data; file additional-datasets/law-enforcement/lee_1960_2025.csv),2026-09-14
CA0420300,Santa Barbara,Santa Barbara,CA,2019,132,74,206,91717,https://cde.ucr.cjis.gov/LATEST/webapp/#/pages/downloads (Law Enforcement Employees Data; file additional-datasets/law-enforcement/lee_1960_2025.csv),2026-09-14
CA0420300,Santa Barbara,Santa Barbara,CA,2020,131,68,199,91692,https://cde.ucr.cjis.gov/LATEST/webapp/#/pages/downloads (Law Enforcement Employees Data; file additional-datasets/law-enforcement/lee_1960_2025.csv),2026-09-14
CA0420300,Santa Barbara,Santa Barbara,CA,2021,121,60,181,90428,https://cde.ucr.cjis.gov/LATEST/webapp/#/pages/downloads (Law Enforcement Employees Data; file additional-datasets/law-enforcement/lee_1960_2025.csv),2026-09-14
CA0431400,Santa Clara,Santa Clara,CA,2017,153,74,227,127538,https://cde.ucr.cjis.gov/LATEST/webapp/#/pages/downloads (Law Enforcement Employees Data; file additional-datasets/law-enforcement/lee_1960_2025.csv),2026-09-14
CA0431400,Santa Clara,Santa Clara,CA,2018,150,72,222,128682,https://cde.ucr.cjis.gov/LATEST/webapp/#/pages/downloads (Law Enforcement Employees Data; file additional-datasets/law-enforcement/lee_1960_2025.csv),2026-09-14
CA0431400,Santa Clara,Santa Clara,CA,2019,150,72,222,131173,https://cde.ucr.cjis.gov/LATEST/webapp/#/pages/downloads (Law Enforcement Employees Data; file additional-datasets/law-enforcement/lee_1960_2025.csv),2026-09-14
CA0431400,Santa Clara,Santa Clara,CA,2020,145,71,216,131976,https://cde.ucr.cjis.gov/LATEST/webapp/#/pages/downloads (Law Enforcement Employees Data; file additional-datasets/law-enforcement/lee_1960_2025.csv),2026-09-14
CA0431400,Santa Clara,Santa Clara,CA,2021,140,58,198,132572,https://cde.ucr.cjis.gov/LATEST/webapp/#/pages/downloads (Law Enforcement Employees Data; file additional-datasets/law-enforcement/lee_1960_2025.csv),2026-09-14
CA0431400,Santa Clara,Santa Clara,CA,2022,137,64,201,126877,https://cde.ucr.cjis.gov/LATEST/webapp/#/pages/downloads (Law Enforcement Employees Data; file additional-datasets/law-enforcement/lee_1960_2025.csv),2026-09-14
CA0431400,Santa Clara,Santa Clara,CA,2023,143,62,205,126452,https://cde.ucr.cjis.gov/LATEST/webapp/#/pages/downloads (Law Enforcement Employees Data; file additional-datasets/law-enforcement/lee_1960_2025.csv),2026-09-14
CA0431400,Santa Clara,Santa Clara,CA,2024,141,65,206,131901,https://cde.ucr.cjis.gov/LATEST/webapp/#/pages/downloads (Law Enforcement Employees Data; file additional-datasets/law-enforcement/lee_1960_2025.csv),2026-09-14
CA0420400,Santa Maria,Santa Maria,CA,2017,115,56,171,107424,https://cde.ucr.cjis.gov/LATEST/webapp/#/pages/downloads (Law Enforcement Employees Data; file additional-datasets/law-enforcement/lee_1960_2025.csv),2026-09-14
CA0420400,Santa Maria,Santa Maria,CA,2018,121,49,170,108100,https://cde.ucr.cjis.gov/LATEST/webapp/#/pages/downloads (Law Enforcement Employees Data; file additional-datasets/law-enforcement/lee_1960_2025.csv),2026-09-14
CA0420400,Santa Maria,Santa Maria,CA,2019,135,49,184,108414,https://cde.ucr.cjis.gov/LATEST/webapp/#/pages/downloads (Law Enforcement Employees Data; file additional-datasets/law-enforcement/lee_1960_2025.csv),2026-09-14
CA0420400,Santa Maria,Santa Maria,CA,2020,133,48,181,108140,https://cde.ucr.cjis.gov/LATEST/webapp/#/pages/downloads (Law Enforcement Employees Data; file additional-datasets/law-enforcement/lee_1960_2025.csv),2026-09-14
CA0420400,Santa Maria,Santa Maria,CA,2021,120,44,164,106495,https://cde.ucr.cjis.gov/LATEST/webapp/#/pages/downloads (Law Enforcement Employees Data; file additional-datasets/law-enforcement/lee_1960_2025.csv),2026-09-14
CA0420400,Santa Maria,Santa Maria,CA,2022,106,58,164,109518,https://cde.ucr.cjis.gov/LATEST/webapp/#/pages/downloads (Law Enforcement Employees Data; file additional-datasets/law-enforcement/lee_1960_2025.csv),2026-09-14
CA0420400,Santa Maria,Santa Maria,CA,2023,115,55,170,110317,https://cde.ucr.cjis.gov/LATEST/webapp/#/pages/downloads (Law Enforcement Employees Data; file additional-datasets/law-enforcement/lee_1960_2025.csv),2026-09-14
CA0420400,Santa Maria,Santa Maria,CA,2024,116,62,178,110056,https://cde.ucr.cjis.gov/LATEST/webapp/#/pages/downloads (Law Enforcement Employees Data; file additional-datasets/law-enforcement/lee_1960_2025.csv),2026-09-14
CA0196500,Santa Monica,Santa Monica,CA,2017,206,167,373,92935,https://cde.ucr.cjis.gov/LATEST/webapp/#/pages/downloads (Law Enforcement Employees Data; file additional-datasets/law-enforcement/lee_1960_2025.csv),2026-09-14
CA0196500,Santa Monica,Santa Monica,CA,2018,218,179,397,92674,https://cde.ucr.cjis.gov/LATEST/webapp/#/pages/downloads (Law Enforcement Employees Data; file additional-datasets/law-enforcement/lee_1960_2025.csv),2026-09-14
CA0196500,Santa Monica,Santa Monica,CA,2019,219,175,394,91621,https://cde.ucr.cjis.gov/LATEST/webapp/#/pages/downloads (Law Enforcement Employees Data; file additional-datasets/law-enforcement/lee_1960_2025.csv),2026-09-14
CA0196500,Santa Monica,Santa Monica,CA,2020,212,161,373,90474,https://cde.ucr.cjis.gov/LATEST/webapp/#/pages/downloads (Law Enforcement Employees Data; file additional-datasets/law-enforcement/lee_1960_2025.csv),2026-09-14
CA0196500,Santa Monica,Santa Monica,CA,2021,206,152,358,90050,https://cde.ucr.cjis.gov/LATEST/webapp/#/pages/downloads (Law Enforcement Employees Data; file additional-datasets/law-enforcement/lee_1960_2025.csv),2026-09-14
CA0490500,Santa Rosa,Santa Rosa,CA,2017,173,78,251,176361,https://cde.ucr.cjis.gov/LATEST/webapp/#/pages/downloads (Law Enforcement Employees Data; file additional-datasets/law-enforcement/lee_1960_2025.csv),2026-09-14
CA0490500,Santa Rosa,Santa Rosa,CA,2018,170,76,246,176325,https://cde.ucr.cjis.gov/LATEST/webapp/#/pages/downloads (Law Enforcement Employees Data; file additional-datasets/law-enforcement/lee_1960_2025.csv),2026-09-14
CA0490500,Santa Rosa,Santa Rosa,CA,2019,166,77,243,177884,https://cde.ucr.cjis.gov/LATEST/webapp/#/pages/downloads (Law Enforcement Employees Data; file additional-datasets/law-enforcement/lee_1960_2025.csv),2026-09-14
CA0490500,Santa Rosa,Santa Rosa,CA,2020,174,78,252,176932,https://cde.ucr.cjis.gov/LATEST/webapp/#/pages/downloads (Law Enforcement Employees Data; file additional-datasets/law-enforcement/lee_1960_2025.csv),2026-09-14
CA0490500,Santa Rosa,Santa Rosa,CA,2021,164,76,240,174562,https://cde.ucr.cjis.gov/LATEST/webapp/#/pages/downloads (Law Enforcement Employees Data; file additional-datasets/law-enforcement/lee_1960_2025.csv),2026-09-14
CA0490500,Santa Rosa,Santa Rosa,CA,2022,157,79,236,175999,https://cde.ucr.cjis.gov/LATEST/webapp/#/pages/downloads (Law Enforcement Employees Data; file additional-datasets/law-enforcement/lee_1960_2025.csv),2026-09-14
CA0490500,Santa Rosa,Santa Rosa,CA,2023,175,87,262,176855,https://cde.ucr.cjis.gov/LATEST/webapp/#/pages/downloads (Law Enforcement Employees Data; file additional-datasets/law-enforcement/lee_1960_2025.csv),2026-09-14
CA0490500,Santa Rosa,Santa Rosa,CA,2024,181,73,254,175147,https://cde.ucr.cjis.gov/LATEST/webapp/#/pages/downloads (Law Enforcement Employees Data; file additional-datasets/law-enforcement/lee_1960_2025.csv),2026-09-14
CA0560900,Simi Valley,Simi Valley,CA,2017,123,58,181,126635,https://cde.ucr.cjis.gov/LATEST/webapp/#/pages/downloads (Law Enforcement Employees Data; file additional-datasets/law-enforcement/lee_1960_2025.csv),2026-09-14
CA0560900,Simi Valley,Simi Valley,CA,2018,109,53,162,127222,https://cde.ucr.cjis.gov/LATEST/webapp/#/pages/downloads (Law Enforcement Employees Data; file additional-datasets/law-enforcement/lee_1960_2025.csv),2026-09-14
CA0560900,Simi Valley,Simi Valley,CA,2019,119,46,165,126025,https://cde.ucr.cjis.gov/LATEST/webapp/#/pages/downloads (Law Enforcement Employees Data; file additional-datasets/law-enforcement/lee_1960_2025.csv),2026-09-14
CA0560900,Simi Valley,Simi Valley,CA,2020,124,41,165,125742,https://cde.ucr.cjis.gov/LATEST/webapp/#/pages/downloads (Law Enforcement Employees Data; file additional-datasets/law-enforcement/lee_1960_2025.csv),2026-09-14
CA0560900,Simi Valley,Simi Valley,CA,2021,119,54,173,125243,https://cde.ucr.cjis.gov/LATEST/webapp/#/pages/downloads (Law Enforcement Employees Data; file additional-datasets/law-enforcement/lee_1960_2025.csv),2026-09-14
CA0560900,Simi Valley,Simi Valley,CA,2022,111,57,168,125585,https://cde.ucr.cjis.gov/LATEST/webapp/#/pages/downloads (Law Enforcement Employees Data; file additional-datasets/law-enforcement/lee_1960_2025.csv),2026-09-14
CA0560900,Simi Valley,Simi Valley,CA,2023,118,57,175,123443,https://cde.ucr.cjis.gov/LATEST/webapp/#/pages/downloads (Law Enforcement Employees Data; file additional-datasets/law-enforcement/lee_1960_2025.csv),2026-09-14
CA0560900,Simi Valley,Simi Valley,CA,2024,116,58,174,124707,https://cde.ucr.cjis.gov/LATEST/webapp/#/pages/downloads (Law Enforcement Employees Data; file additional-datasets/law-enforcement/lee_1960_2025.csv),2026-09-14
CA0196900,South Gate,South Gate,CA,2017,79,37,116,95717,https://cde.ucr.cjis.gov/LATEST/webapp/#/pages/downloads (Law Enforcement Employees Data; file additional-datasets/law-enforcement/lee_1960_2025.csv),2026-09-14
CA0196900,South Gate,South Gate,CA,2018,78,46,124,95570,https://cde.ucr.cjis.gov/LATEST/webapp/#/pages/downloads (Law Enforcement Employees Data; file additional-datasets/law-enforcement/lee_1960_2025.csv),2026-09-14
CA0196900,South Gate,South Gate,CA,2019,72,42,114,94445,https://cde.ucr.cjis.gov/LATEST/webapp/#/pages/downloads (Law Enforcement Employees Data; file additional-datasets/law-enforcement/lee_1960_2025.csv),2026-09-14
CA0196900,South Gate,South Gate,CA,2020,77,46,123,93336,https://cde.ucr.cjis.gov/LATEST/webapp/#/pages/downloads (Law Enforcement Employees Data; file additional-datasets/law-enforcement/lee_1960_2025.csv),2026-09-14
CA0196900,South Gate,South Gate,CA,2021,78,40,118,93012,https://cde.ucr.cjis.gov/LATEST/webapp/#/pages/downloads (Law Enforcement Employees Data; file additional-datasets/law-enforcement/lee_1960_2025.csv),2026-09-14
CA0196900,South Gate,South Gate,CA,2023,77,41,118,90184,https://cde.ucr.cjis.gov/LATEST/webapp/#/pages/downloads (Law Enforcement Employees Data; file additional-datasets/law-enforcement/lee_1960_2025.csv),2026-09-14
CA0390500,Stockton,Stockton,CA,2017,441,204,645,309566,https://cde.ucr.cjis.gov/LATEST/webapp/#/pages/downloads (Law Enforcement Employees Data; file additional-datasets/law-enforcement/lee_1960_2025.csv),2026-09-14
CA0390500,Stockton,Stockton,CA,2018,469,202,671,313158,https://cde.ucr.cjis.gov/LATEST/webapp/#/pages/downloads (Law Enforcement Employees Data; file additional-datasets/law-enforcement/lee_1960_2025.csv),2026-09-14
CA0390500,Stockton,Stockton,CA,2019,459,205,664,313604,https://cde.ucr.cjis.gov/LATEST/webapp/#/pages/downloads (Law Enforcement Employees Data; file additional-datasets/law-enforcement/lee_1960_2025.csv),2026-09-14
CA0390500,Stockton,Stockton,CA,2020,468,195,663,314981,https://cde.ucr.cjis.gov/LATEST/webapp/#/pages/downloads (Law Enforcement Employees Data; file additional-datasets/law-enforcement/lee_1960_2025.csv),2026-09-14
CA0390500,Stockton,Stockton,CA,2021,432,183,615,314764,https://cde.ucr.cjis.gov/LATEST/webapp/#/pages/downloads (Law Enforcement Employees Data; file additional-datasets/law-enforcement/lee_1960_2025.csv),2026-09-14
CA0390500,Stockton,Stockton,CA,2022,379,187,566,323501,https://cde.ucr.cjis.gov/LATEST/webapp/#/pages/downloads (Law Enforcement Employees Data; file additional-datasets/law-enforcement/lee_1960_2025.csv),2026-09-14
CA0390500,Stockton,Stockton,CA,2023,349,184,533,322220,https://cde.ucr.cjis.gov/LATEST/webapp/#/pages/downloads (Law Enforcement Employees Data; file additional-datasets/law-enforcement/lee_1960_2025.csv),2026-09-14
CA0390500,Stockton,Stockton,CA,2024,382,192,574,319069,https://cde.ucr.cjis.gov/LATEST/webapp/#/pages/downloads (Law Enforcement Employees Data; file additional-datasets/law-enforcement/lee_1960_2025.csv),2026-09-14
CA0431600,Sunnyvale,Sunnyvale,CA,2017,212,61,273,154919,https://cde.ucr.cjis.gov/LATEST/webapp/#/pages/downloads (Law Enforcement Employees Data; file additional-datasets/law-enforcement/lee_1960_2025.csv),2026-09-14
CA0431600,Sunnyvale,Sunnyvale,CA,2018,217,65,282,155637,https://cde.ucr.cjis.gov/LATEST/webapp/#/pages/downloads (Law Enforcement Employees Data; file additional-datasets/law-enforcement/lee_1960_2025.csv),2026-09-14
CA0431600,Sunnyvale,Sunnyvale,CA,2019,217,75,292,154859,https://cde.ucr.cjis.gov/LATEST/webapp/#/pages/downloads (Law Enforcement Employees Data; file additional-datasets/law-enforcement/lee_1960_2025.csv),2026-09-14
CA0431600,Sunnyvale,Sunnyvale,CA,2020,217,72,289,154133,https://cde.ucr.cjis.gov/LATEST/webapp/#/pages/downloads (Law Enforcement Employees Data; file additional-datasets/law-enforcement/lee_1960_2025.csv),2026-09-14
CA0431600,Sunnyvale,Sunnyvale,CA,2021,205,77,282,152893,https://cde.ucr.cjis.gov/LATEST/webapp/#/pages/downloads (Law Enforcement Employees Data; file additional-datasets/law-enforcement/lee_1960_2025.csv),2026-09-14
CA0431600,Sunnyvale,Sunnyvale,CA,2022,208,79,287,148739,https://cde.ucr.cjis.gov/LATEST/webapp/#/pages/downloads (Law Enforcement Employees Data; file additional-datasets/law-enforcement/lee_1960_2025.csv),2026-09-14
CA0431600,Sunnyvale,Sunnyvale,CA,2023,218,76,294,152031,https://cde.ucr.cjis.gov/LATEST/webapp/#/pages/downloads (Law Enforcement Employees Data; file additional-datasets/law-enforcement/lee_1960_2025.csv),2026-09-14
CA0431600,Sunnyvale,Sunnyvale,CA,2024,224,73,297,150893,https://cde.ucr.cjis.gov/LATEST/webapp/#/pages/downloads (Law Enforcement Employees Data; file additional-datasets/law-enforcement/lee_1960_2025.csv),2026-09-14
CA0197200,Torrance,Torrance,CA,2017,213,116,329,147482,https://cde.ucr.cjis.gov/LATEST/webapp/#/pages/downloads (Law Enforcement Employees Data; file additional-datasets/law-enforcement/lee_1960_2025.csv),2026-09-14
CA0197200,Torrance,Torrance,CA,2018,212,104,316,146968,https://cde.ucr.cjis.gov/LATEST/webapp/#/pages/downloads (Law Enforcement Employees Data; file additional-datasets/law-enforcement/lee_1960_2025.csv),2026-09-14
CA0197200,Torrance,Torrance,CA,2019,206,105,311,145183,https://cde.ucr.cjis.gov/LATEST/webapp/#/pages/downloads (Law Enforcement Employees Data; file additional-datasets/law-enforcement/lee_1960_2025.csv),2026-09-14
CA0197200,Torrance,Torrance,CA,2020,194,104,298,143421,https://cde.ucr.cjis.gov/LATEST/webapp/#/pages/downloads (Law Enforcement Employees Data; file additional-datasets/law-enforcement/lee_1960_2025.csv),2026-09-14
CA0197200,Torrance,Torrance,CA,2021,208,137,345,141185,https://cde.ucr.cjis.gov/LATEST/webapp/#/pages/downloads (Law Enforcement Employees Data; file additional-datasets/law-enforcement/lee_1960_2025.csv),2026-09-14
CA0197200,Torrance,Torrance,CA,2022,180,96,276,140499,https://cde.ucr.cjis.gov/LATEST/webapp/#/pages/downloads (Law Enforcement Employees Data; file additional-datasets/law-enforcement/lee_1960_2025.csv),2026-09-14
CA0197200,Torrance,Torrance,CA,2023,179,94,273,138472,https://cde.ucr.cjis.gov/LATEST/webapp/#/pages/downloads (Law Enforcement Employees Data; file additional-datasets/law-enforcement/lee_1960_2025.csv),2026-09-14
CA0197200,Torrance,Torrance,CA,2024,179,95,274,136899,https://cde.ucr.cjis.gov/LATEST/webapp/#/pages/downloads (Law Enforcement Employees Data; file additional-datasets/law-enforcement/lee_1960_2025.csv),2026-09-14
CA0390600,Tracy,Tracy,CA,2017,85,42,127,90263,https://cde.ucr.cjis.gov/LATEST/webapp/#/pages/downloads (Law Enforcement Employees Data; file additional-datasets/law-enforcement/lee_1960_2025.csv),2026-09-14
CA0390600,Tracy,Tracy,CA,2018,89,47,136,91988,https://cde.ucr.cjis.gov/LATEST/webapp/#/pages/downloads (Law Enforcement Employees Data; file additional-datasets/law-enforcement/lee_1960_2025.csv),2026-09-14
CA0390600,Tracy,Tracy,CA,2019,86,49,135,92895,https://cde.ucr.cjis.gov/LATEST/webapp/#/pages/downloads (Law Enforcement Employees Data; file additional-datasets/law-enforcement/lee_1960_2025.csv),2026-09-14
CA0390600,Tracy,Tracy,CA,2020,92,50,142,96067,https://cde.ucr.cjis.gov/LATEST/webapp/#/pages/downloads (Law Enforcement Employees Data; file additional-datasets/law-enforcement/lee_1960_2025.csv),2026-09-14
CA0390600,Tracy,Tracy,CA,2021,93,53,146,96252,https://cde.ucr.cjis.gov/LATEST/webapp/#/pages/downloads (Law Enforcement Employees Data; file additional-datasets/law-enforcement/lee_1960_2025.csv),2026-09-14
CA0390600,Tracy,Tracy,CA,2022,104,60,164,97219,https://cde.ucr.cjis.gov/LATEST/webapp/#/pages/downloads (Law Enforcement Employees Data; file additional-datasets/law-enforcement/lee_1960_2025.csv),2026-09-14
CA0390600,Tracy,Tracy,CA,2023,104,54,158,99347,https://cde.ucr.cjis.gov/LATEST/webapp/#/pages/downloads (Law Enforcement Employees Data; file additional-datasets/law-enforcement/lee_1960_2025.csv),2026-09-14
CA0390600,Tracy,Tracy,CA,2024,100,62,162,99519,https://cde.ucr.cjis.gov/LATEST/webapp/#/pages/downloads (Law Enforcement Employees Data; file additional-datasets/law-enforcement/lee_1960_2025.csv),2026-09-14
CA0480600,Vacaville,Vacaville,CA,2017,102,53,155,99293,https://cde.ucr.cjis.gov/LATEST/webapp/#/pages/downloads (Law Enforcement Employees Data; file additional-datasets/law-enforcement/lee_1960_2025.csv),2026-09-14
CA0480600,Vacaville,Vacaville,CA,2018,103,54,157,101146,https://cde.ucr.cjis.gov/LATEST/webapp/#/pages/downloads (Law Enforcement Employees Data; file additional-datasets/law-enforcement/lee_1960_2025.csv),2026-09-14
CA0480600,Vacaville,Vacaville,CA,2019,110,57,167,101147,https://cde.ucr.cjis.gov/LATEST/webapp/#/pages/downloads (Law Enforcement Employees Data; file additional-datasets/law-enforcement/lee_1960_2025.csv),2026-09-14
CA0480600,Vacaville,Vacaville,CA,2020,116,55,171,101616,https://cde.ucr.cjis.gov/LATEST/webapp/#/pages/downloads (Law Enforcement Employees Data; file additional-datasets/law-enforcement/lee_1960_2025.csv),2026-09-14
CA0480600,Vacaville,Vacaville,CA,2021,104,63,167,102258,https://cde.ucr.cjis.gov/LATEST/webapp/#/pages/downloads (Law Enforcement Employees Data; file additional-datasets/law-enforcement/lee_1960_2025.csv),2026-09-14
CA0480600,Vacaville,Vacaville,CA,2022,105,63,168,103486,https://cde.ucr.cjis.gov/LATEST/webapp/#/pages/downloads (Law Enforcement Employees Data; file additional-datasets/law-enforcement/lee_1960_2025.csv),2026-09-14
CA0480600,Vacaville,Vacaville,CA,2023,111,66,177,101975,https://cde.ucr.cjis.gov/LATEST/webapp/#/pages/downloads (Law Enforcement Employees Data; file additional-datasets/law-enforcement/lee_1960_2025.csv),2026-09-14
CA0480600,Vacaville,Vacaville,CA,2024,108,68,176,102672,https://cde.ucr.cjis.gov/LATEST/webapp/#/pages/downloads (Law Enforcement Employees Data; file additional-datasets/law-enforcement/lee_1960_2025.csv),2026-09-14
CA0480700,Vallejo,Vallejo,CA,2017,107,41,148,122174,https://cde.ucr.cjis.gov/LATEST/webapp/#/pages/downloads (Law Enforcement Employees Data; file additional-datasets/law-enforcement/lee_1960_2025.csv),2026-09-14
CA0480700,Vallejo,Vallejo,CA,2018,107,43,150,122974,https://cde.ucr.cjis.gov/LATEST/webapp/#/pages/downloads (Law Enforcement Employees Data; file additional-datasets/law-enforcement/lee_1960_2025.csv),2026-09-14
CA0480700,Vallejo,Vallejo,CA,2019,101,47,148,122657,https://cde.ucr.cjis.gov/LATEST/webapp/#/pages/downloads (Law Enforcement Employees Data; file additional-datasets/law-enforcement/lee_1960_2025.csv),2026-09-14
CA0480700,Vallejo,Vallejo,CA,2020,111,52,163,122326,https://cde.ucr.cjis.gov/LATEST/webapp/#/pages/downloads (Law Enforcement Employees Data; file additional-datasets/law-enforcement/lee_1960_2025.csv),2026-09-14
CA0480700,Vallejo,Vallejo,CA,2021,98,45,143,121221,https://cde.ucr.cjis.gov/LATEST/webapp/#/pages/downloads (Law Enforcement Employees Data; file additional-datasets/law-enforcement/lee_1960_2025.csv),2026-09-14
CA0480700,Vallejo,Vallejo,CA,2022,86,37,123,123940,https://cde.ucr.cjis.gov/LATEST/webapp/#/pages/downloads (Law Enforcement Employees Data; file additional-datasets/law-enforcement/lee_1960_2025.csv),2026-09-14
CA0480700,Vallejo,Vallejo,CA,2023,76,39,115,122419,https://cde.ucr.cjis.gov/LATEST/webapp/#/pages/downloads (Law Enforcement Employees Data; file additional-datasets/law-enforcement/lee_1960_2025.csv),2026-09-14
CA0480700,Vallejo,Vallejo,CA,2024,75,43,118,121795,https://cde.ucr.cjis.gov/LATEST/webapp/#/pages/downloads (Law Enforcement Employees Data; file additional-datasets/law-enforcement/lee_1960_2025.csv),2026-09-14
CA0560800,Ventura,Ventura,CA,2017,134,43,177,110006,https://cde.ucr.cjis.gov/LATEST/webapp/#/pages/downloads (Law Enforcement Employees Data; file additional-datasets/law-enforcement/lee_1960_2025.csv),2026-09-14
CA0560800,Ventura,Ventura,CA,2018,136,40,176,111272,https://cde.ucr.cjis.gov/LATEST/webapp/#/pages/downloads (Law Enforcement Employees Data; file additional-datasets/law-enforcement/lee_1960_2025.csv),2026-09-14
CA0560800,Ventura,Ventura,CA,2019,135,48,183,111596,https://cde.ucr.cjis.gov/LATEST/webapp/#/pages/downloads (Law Enforcement Employees Data; file additional-datasets/law-enforcement/lee_1960_2025.csv),2026-09-14
CA0560800,Ventura,Ventura,CA,2020,131,55,186,109295,https://cde.ucr.cjis.gov/LATEST/webapp/#/pages/downloads (Law Enforcement Employees Data; file additional-datasets/law-enforcement/lee_1960_2025.csv),2026-09-14
CA0560800,Ventura,Ventura,CA,2021,138,40,178,107118,https://cde.ucr.cjis.gov/LATEST/webapp/#/pages/downloads (Law Enforcement Employees Data; file additional-datasets/law-enforcement/lee_1960_2025.csv),2026-09-14
CA0560800,Ventura,Ventura,CA,2022,131,49,180,109439,https://cde.ucr.cjis.gov/LATEST/webapp/#/pages/downloads (Law Enforcement Employees Data; file additional-datasets/law-enforcement/lee_1960_2025.csv),2026-09-14
CA0560800,Ventura,Ventura,CA,2023,130,47,177,109035,https://cde.ucr.cjis.gov/LATEST/webapp/#/pages/downloads (Law Enforcement Employees Data; file additional-datasets/law-enforcement/lee_1960_2025.csv),2026-09-14
CA0560800,Ventura,Ventura,CA,2024,130,51,181,108543,https://cde.ucr.cjis.gov/LATEST/webapp/#/pages/downloads (Law Enforcement Employees Data; file additional-datasets/law-enforcement/lee_1960_2025.csv),2026-09-14
CA0540700,Visalia,Visalia,CA,2017,139,68,207,132143,https://cde.ucr.cjis.gov/LATEST/webapp/#/pages/downloads (Law Enforcement Employees Data; file additional-datasets/law-enforcement/lee_1960_2025.csv),2026-09-14
CA0540700,Visalia,Visalia,CA,2018,146,66,212,134224,https://cde.ucr.cjis.gov/LATEST/webapp/#/pages/downloads (Law Enforcement Employees Data; file additional-datasets/law-enforcement/lee_1960_2025.csv),2026-09-14
CA0540700,Visalia,Visalia,CA,2019,147,72,219,134961,https://cde.ucr.cjis.gov/LATEST/webapp/#/pages/downloads (Law Enforcement Employees Data; file additional-datasets/law-enforcement/lee_1960_2025.csv),2026-09-14
CA0540700,Visalia,Visalia,CA,2020,150,66,216,135733,https://cde.ucr.cjis.gov/LATEST/webapp/#/pages/downloads (Law Enforcement Employees Data; file additional-datasets/law-enforcement/lee_1960_2025.csv),2026-09-14
CA0540700,Visalia,Visalia,CA,2021,147,67,214,136077,https://cde.ucr.cjis.gov/LATEST/webapp/#/pages/downloads (Law Enforcement Employees Data; file additional-datasets/law-enforcement/lee_1960_2025.csv),2026-09-14
CA0540700,Visalia,Visalia,CA,2022,147,71,218,144137,https://cde.ucr.cjis.gov/LATEST/webapp/#/pages/downloads (Law Enforcement Employees Data; file additional-datasets/law-enforcement/lee_1960_2025.csv),2026-09-14
CA0540700,Visalia,Visalia,CA,2023,153,69,222,145031,https://cde.ucr.cjis.gov/LATEST/webapp/#/pages/downloads (Law Enforcement Employees Data; file additional-datasets/law-enforcement/lee_1960_2025.csv),2026-09-14
CA0540700,Visalia,Visalia,CA,2024,152,72,224,146090,https://cde.ucr.cjis.gov/LATEST/webapp/#/pages/downloads (Law Enforcement Employees Data; file additional-datasets/law-enforcement/lee_1960_2025.csv),2026-09-14
CA0197500,West Covina,West Covina,CA,2017,94,58,152,108128,https://cde.ucr.cjis.gov/LATEST/webapp/#/pages/downloads (Law Enforcement Employees Data; file additional-datasets/law-enforcement/lee_1960_2025.csv),2026-09-14
CA0197500,West Covina,West Covina,CA,2018,95,58,153,107806,https://cde.ucr.cjis.gov/LATEST/webapp/#/pages/downloads (Law Enforcement Employees Data; file additional-datasets/law-enforcement/lee_1960_2025.csv),2026-09-14
CA0197500,West Covina,West Covina,CA,2019,88,53,141,106335,https://cde.ucr.cjis.gov/LATEST/webapp/#/pages/downloads (Law Enforcement Employees Data; file additional-datasets/law-enforcement/lee_1960_2025.csv),2026-09-14
CA0197500,West Covina,West Covina,CA,2020,90,43,133,104989,https://cde.ucr.cjis.gov/LATEST/webapp/#/pages/downloads (Law Enforcement Employees Data; file additional-datasets/law-enforcement/lee_1960_2025.csv),2026-09-14
CA0197500,West Covina,West Covina,CA,2021,87,47,134,103417,https://cde.ucr.cjis.gov/LATEST/webapp/#/pages/downloads (Law Enforcement Employees Data; file additional-datasets/law-enforcement/lee_1960_2025.csv),2026-09-14
CA0197500,West Covina,West Covina,CA,2022,97,46,143,104739,https://cde.ucr.cjis.gov/LATEST/webapp/#/pages/downloads (Law Enforcement Employees Data; file additional-datasets/law-enforcement/lee_1960_2025.csv),2026-09-14
CA0197500,West Covina,West Covina,CA,2023,95,43,138,103014,https://cde.ucr.cjis.gov/LATEST/webapp/#/pages/downloads (Law Enforcement Employees Data; file additional-datasets/law-enforcement/lee_1960_2025.csv),2026-09-14
CA0197500,West Covina,West Covina,CA,2024,93,46,139,104467,https://cde.ucr.cjis.gov/LATEST/webapp/#/pages/downloads (Law Enforcement Employees Data; file additional-datasets/law-enforcement/lee_1960_2025.csv),2026-09-14
CA0302400,Westminster,Westminster,CA,2017,76,37,113,91863,https://cde.ucr.cjis.gov/LATEST/webapp/#/pages/downloads (Law Enforcement Employees Data; file additional-datasets/law-enforcement/lee_1960_2025.csv),2026-09-14
CA0302400,Westminster,Westminster,CA,2018,79,39,118,91821,https://cde.ucr.cjis.gov/LATEST/webapp/#/pages/downloads (Law Enforcement Employees Data; file additional-datasets/law-enforcement/lee_1960_2025.csv),2026-09-14
CA0302400,Westminster,Westminster,CA,2019,81,39,120,91086,https://cde.ucr.cjis.gov/LATEST/webapp/#/pages/downloads (Law Enforcement Employees Data; file additional-datasets/law-enforcement/lee_1960_2025.csv),2026-09-14
CA0302400,Westminster,Westminster,CA,2020,89,34,123,90741,https://cde.ucr.cjis.gov/LATEST/webapp/#/pages/downloads (Law Enforcement Employees Data; file additional-datasets/law-enforcement/lee_1960_2025.csv),2026-09-14
CO0300100,Arvada,Arvada,CO,2017,176,57,233,119346,https://cde.ucr.cjis.gov/LATEST/webapp/#/pages/downloads (Law Enforcement Employees Data; file additional-datasets/law-enforcement/lee_1960_2025.csv),2026-09-14
CO0300100,Arvada,Arvada,CO,2018,174,46,220,120631,https://cde.ucr.cjis.gov/LATEST/webapp/#/pages/downloads (Law Enforcement Employees Data; file additional-datasets/law-enforcement/lee_1960_2025.csv),2026-09-14
CO0300100,Arvada,Arvada,CO,2019,157,43,200,122312,https://cde.ucr.cjis.gov/LATEST/webapp/#/pages/downloads (Law Enforcement Employees Data; file additional-datasets/law-enforcement/lee_1960_2025.csv),2026-09-14
CO0300100,Arvada,Arvada,CO,2020,185,57,242,122983,https://cde.ucr.cjis.gov/LATEST/webapp/#/pages/downloads (Law Enforcement Employees Data; file additional-datasets/law-enforcement/lee_1960_2025.csv),2026-09-14
CO0300100,Arvada,Arvada,CO,2021,161,52,213,123548,https://cde.ucr.cjis.gov/LATEST/webapp/#/pages/downloads (Law Enforcement Employees Data; file additional-datasets/law-enforcement/lee_1960_2025.csv),2026-09-14
CO0300100,Arvada,Arvada,CO,2022,150,61,211,122403,https://cde.ucr.cjis.gov/LATEST/webapp/#/pages/downloads (Law Enforcement Employees Data; file additional-datasets/law-enforcement/lee_1960_2025.csv),2026-09-14
CO0300100,Arvada,Arvada,CO,2023,149,59,208,120200,https://cde.ucr.cjis.gov/LATEST/webapp/#/pages/downloads (Law Enforcement Employees Data; file additional-datasets/law-enforcement/lee_1960_2025.csv),2026-09-14
CO0300100,Arvada,Arvada,CO,2024,163,51,214,120456,https://cde.ucr.cjis.gov/LATEST/webapp/#/pages/downloads (Law Enforcement Employees Data; file additional-datasets/law-enforcement/lee_1960_2025.csv),2026-09-14
CO0010100,Aurora,Aurora,CO,2017,649,155,804,368018,https://cde.ucr.cjis.gov/LATEST/webapp/#/pages/downloads (Law Enforcement Employees Data; file additional-datasets/law-enforcement/lee_1960_2025.csv),2026-09-14
CO0010100,Aurora,Aurora,CO,2018,723,134,857,372824,https://cde.ucr.cjis.gov/LATEST/webapp/#/pages/downloads (Law Enforcement Employees Data; file additional-datasets/law-enforcement/lee_1960_2025.csv),2026-09-14
CO0010100,Aurora,Aurora,CO,2019,688,223,911,380600,https://cde.ucr.cjis.gov/LATEST/webapp/#/pages/downloads (Law Enforcement Employees Data; file additional-datasets/law-enforcement/lee_1960_2025.csv),2026-09-14
CO0010100,Aurora,Aurora,CO,2020,718,188,906,385720,https://cde.ucr.cjis.gov/LATEST/webapp/#/pages/downloads (Law Enforcement Employees Data; file additional-datasets/law-enforcement/lee_1960_2025.csv),2026-09-14
CO0010100,Aurora,Aurora,CO,2021,689,188,877,393897,https://cde.ucr.cjis.gov/LATEST/webapp/#/pages/downloads (Law Enforcement Employees Data; file additional-datasets/law-enforcement/lee_1960_2025.csv),2026-09-14
CO0010100,Aurora,Aurora,CO,2022,701,165,866,392134,https://cde.ucr.cjis.gov/LATEST/webapp/#/pages/downloads (Law Enforcement Employees Data; file additional-datasets/law-enforcement/lee_1960_2025.csv),2026-09-14
CO0010100,Aurora,Aurora,CO,2023,680,168,848,396976,https://cde.ucr.cjis.gov/LATEST/webapp/#/pages/downloads (Law Enforcement Employees Data; file additional-datasets/law-enforcement/lee_1960_2025.csv),2026-09-14
CO0010100,Aurora,Aurora,CO,2024,673,192,865,397852,https://cde.ucr.cjis.gov/LATEST/webapp/#/pages/downloads (Law Enforcement Employees Data; file additional-datasets/law-enforcement/lee_1960_2025.csv),2026-09-14
CO0070100,Boulder,Boulder,CO,2017,171,90,261,109722,https://cde.ucr.cjis.gov/LATEST/webapp/#/pages/downloads (Law Enforcement Employees Data; file additional-datasets/law-enforcement/lee_1960_2025.csv),2026-09-14
CO0070100,Boulder,Boulder,CO,2018,173,89,262,108380,https://cde.ucr.cjis.gov/LATEST/webapp/#/pages/downloads (Law Enforcement Employees Data; file additional-datasets/law-enforcement/lee_1960_2025.csv),2026-09-14
CO0070100,Boulder,Boulder,CO,2019,177,94,271,108519,https://cde.ucr.cjis.gov/LATEST/webapp/#/pages/downloads (Law Enforcement Employees Data; file additional-datasets/law-enforcement/lee_1960_2025.csv),2026-09-14
CO0070100,Boulder,Boulder,CO,2020,176,88,264,106598,https://cde.ucr.cjis.gov/LATEST/webapp/#/pages/downloads (Law Enforcement Employees Data; file additional-datasets/law-enforcement/lee_1960_2025.csv),2026-09-14
CO0070100,Boulder,Boulder,CO,2021,160,81,241,108698,https://cde.ucr.cjis.gov/LATEST/webapp/#/pages/downloads (Law Enforcement Employees Data; file additional-datasets/law-enforcement/lee_1960_2025.csv),2026-09-14
CO0070100,Boulder,Boulder,CO,2022,165,89,254,103099,https://cde.ucr.cjis.gov/LATEST/webapp/#/pages/downloads (Law Enforcement Employees Data; file additional-datasets/law-enforcement/lee_1960_2025.csv),2026-09-14
CO0070100,Boulder,Boulder,CO,2023,173,85,258,104232,https://cde.ucr.cjis.gov/LATEST/webapp/#/pages/downloads (Law Enforcement Employees Data; file additional-datasets/law-enforcement/lee_1960_2025.csv),2026-09-14
CO0070100,Boulder,Boulder,CO,2024,176,89,265,105195,https://cde.ucr.cjis.gov/LATEST/webapp/#/pages/downloads (Law Enforcement Employees Data; file additional-datasets/law-enforcement/lee_1960_2025.csv),2026-09-14
CO0031100,Centennial,Centennial,CO,2017,126,38,164,111416,https://cde.ucr.cjis.gov/LATEST/webapp/#/pages/downloads (Law Enforcement Employees Data; file additional-datasets/law-enforcement/lee_1960_2025.csv),2026-09-14
CO0031100,Centennial,Centennial,CO,2018,122,41,163,111646,https://cde.ucr.cjis.gov/LATEST/webapp/#/pages/downloads (Law Enforcement Employees Data; file additional-datasets/law-enforcement/lee_1960_2025.csv),2026-09-14
CO0031100,Centennial,Centennial,CO,2019,133,46,179,112129,https://cde.ucr.cjis.gov/LATEST/webapp/#/pages/downloads (Law Enforcement Employees Data; file additional-datasets/law-enforcement/lee_1960_2025.csv),2026-09-14
CO0031100,Centennial,Centennial,CO,2020,143,48,191,112104,https://cde.ucr.cjis.gov/LATEST/webapp/#/pages/downloads (Law Enforcement Employees Data; file additional-datasets/law-enforcement/lee_1960_2025.csv),2026-09-14
CO0031100,Centennial,Centennial,CO,2021,138,53,191,111199,https://cde.ucr.cjis.gov/LATEST/webapp/#/pages/downloads (Law Enforcement Employees Data; file additional-datasets/law-enforcement/lee_1960_2025.csv),2026-09-14
CO0031100,Centennial,Centennial,CO,2022,0,0,0,105849,https://cde.ucr.cjis.gov/LATEST/webapp/#/pages/downloads (Law Enforcement Employees Data; file additional-datasets/law-enforcement/lee_1960_2025.csv),2026-09-14
CO0031100,Centennial,Centennial,CO,2023,141,56,197,104724,https://cde.ucr.cjis.gov/LATEST/webapp/#/pages/downloads (Law Enforcement Employees Data; file additional-datasets/law-enforcement/lee_1960_2025.csv),2026-09-14
CO0031100,Centennial,Centennial,CO,2024,141,55,196,106454,https://cde.ucr.cjis.gov/LATEST/webapp/#/pages/downloads (Law Enforcement Employees Data; file additional-datasets/law-enforcement/lee_1960_2025.csv),2026-09-14
CO0210100,Colorado Springs,Colorado Springs,CO,2017,707,290,997,472958,https://cde.ucr.cjis.gov/LATEST/webapp/#/pages/downloads (Law Enforcement Employees Data; file additional-datasets/law-enforcement/lee_1960_2025.csv),2026-09-14
CO0210100,Colorado Springs,Colorado Springs,CO,2018,702,293,995,471124,https://cde.ucr.cjis.gov/LATEST/webapp/#/pages/downloads (Law Enforcement Employees Data; file additional-datasets/law-enforcement/lee_1960_2025.csv),2026-09-14
CO0210100,Colorado Springs,Colorado Springs,CO,2019,725,303,1028,479648,https://cde.ucr.cjis.gov/LATEST/webapp/#/pages/downloads (Law Enforcement Employees Data; file additional-datasets/law-enforcement/lee_1960_2025.csv),2026-09-14
CO0210100,Colorado Springs,Colorado Springs,CO,2020,725,293,1018,485083,https://cde.ucr.cjis.gov/LATEST/webapp/#/pages/downloads (Law Enforcement Employees Data; file additional-datasets/law-enforcement/lee_1960_2025.csv),2026-09-14
CO0210100,Colorado Springs,Colorado Springs,CO,2021,766,289,1055,488747,https://cde.ucr.cjis.gov/LATEST/webapp/#/pages/downloads (Law Enforcement Employees Data; file additional-datasets/law-enforcement/lee_1960_2025.csv),2026-09-14
CO0210100,Colorado Springs,Colorado Springs,CO,2022,732,310,1042,487728,https://cde.ucr.cjis.gov/LATEST/webapp/#/pages/downloads (Law Enforcement Employees Data; file additional-datasets/law-enforcement/lee_1960_2025.csv),2026-09-14
CO0210100,Colorado Springs,Colorado Springs,CO,2023,772,355,1127,489254,https://cde.ucr.cjis.gov/LATEST/webapp/#/pages/downloads (Law Enforcement Employees Data; file additional-datasets/law-enforcement/lee_1960_2025.csv),2026-09-14
CO0210100,Colorado Springs,Colorado Springs,CO,2024,725,377,1102,491474,https://cde.ucr.cjis.gov/LATEST/webapp/#/pages/downloads (Law Enforcement Employees Data; file additional-datasets/law-enforcement/lee_1960_2025.csv),2026-09-14
CODPD0000,Denver,Denver,CO,2017,1479,295,1774,706616,https://cde.ucr.cjis.gov/LATEST/webapp/#/pages/downloads (Law Enforcement Employees Data; file additional-datasets/law-enforcement/lee_1960_2025.csv),2026-09-14
CODPD0000,Denver,Denver,CO,2018,1517,307,1824,720745,https://cde.ucr.cjis.gov/LATEST/webapp/#/pages/downloads (Law Enforcement Employees Data; file additional-datasets/law-enforcement/lee_1960_2025.csv),2026-09-14
CODPD0000,Denver,Denver,CO,2019,1551,308,1859,728941,https://cde.ucr.cjis.gov/LATEST/webapp/#/pages/downloads (Law Enforcement Employees Data; file additional-datasets/law-enforcement/lee_1960_2025.csv),2026-09-14
CODPD0000,Denver,Denver,CO,2020,1552,266,1818,737709,https://cde.ucr.cjis.gov/LATEST/webapp/#/pages/downloads (Law Enforcement Employees Data; file additional-datasets/law-enforcement/lee_1960_2025.csv),2026-09-14
CODPD0000,Denver,Denver,CO,2021,1447,337,1784,740209,https://cde.ucr.cjis.gov/LATEST/webapp/#/pages/downloads (Law Enforcement Employees Data; file additional-datasets/law-enforcement/lee_1960_2025.csv),2026-09-14
CODPD0000,Denver,Denver,CO,2022,1512,319,1831,705264,https://cde.ucr.cjis.gov/LATEST/webapp/#/pages/downloads (Law Enforcement Employees Data; file additional-datasets/law-enforcement/lee_1960_2025.csv),2026-09-14
CODPD0000,Denver,Denver,CO,2023,1508,327,1835,712222,https://cde.ucr.cjis.gov/LATEST/webapp/#/pages/downloads (Law Enforcement Employees Data; file additional-datasets/law-enforcement/lee_1960_2025.csv),2026-09-14
CODPD0000,Denver,Denver,CO,2024,1536,295,1831,722031,https://cde.ucr.cjis.gov/LATEST/webapp/#/pages/downloads (Law Enforcement Employees Data; file additional-datasets/law-enforcement/lee_1960_2025.csv),2026-09-14
CO0350300,Fort Collins,Fort Collins,CO,2017,205,110,315,167633,https://cde.ucr.cjis.gov/LATEST/webapp/#/pages/downloads (Law Enforcement Employees Data; file additional-datasets/law-enforcement/lee_1960_2025.csv),2026-09-14
CO0350300,Fort Collins,Fort Collins,CO,2018,207,95,302,168163,https://cde.ucr.cjis.gov/LATEST/webapp/#/pages/downloads (Law Enforcement Employees Data; file additional-datasets/law-enforcement/lee_1960_2025.csv),2026-09-14
CO0350300,Fort Collins,Fort Collins,CO,2019,214,103,317,170889,https://cde.ucr.cjis.gov/LATEST/webapp/#/pages/downloads (Law Enforcement Employees Data; file additional-datasets/law-enforcement/lee_1960_2025.csv),2026-09-14
CO0350300,Fort Collins,Fort Collins,CO,2020,222,101,323,173274,https://cde.ucr.cjis.gov/LATEST/webapp/#/pages/downloads (Law Enforcement Employees Data; file additional-datasets/law-enforcement/lee_1960_2025.csv),2026-09-14
CO0350300,Fort Collins,Fort Collins,CO,2021,214,99,313,170744,https://cde.ucr.cjis.gov/LATEST/webapp/#/pages/downloads (Law Enforcement Employees Data; file additional-datasets/law-enforcement/lee_1960_2025.csv),2026-09-14
CO0350300,Fort Collins,Fort Collins,CO,2022,212,110,322,168045,https://cde.ucr.cjis.gov/LATEST/webapp/#/pages/downloads (Law Enforcement Employees Data; file additional-datasets/law-enforcement/lee_1960_2025.csv),2026-09-14
CO0350300,Fort Collins,Fort Collins,CO,2023,220,111,331,168886,https://cde.ucr.cjis.gov/LATEST/webapp/#/pages/downloads (Law Enforcement Employees Data; file additional-datasets/law-enforcement/lee_1960_2025.csv),2026-09-14
CO0350300,Fort Collins,Fort Collins,CO,2024,232,116,348,170509,https://cde.ucr.cjis.gov/LATEST/webapp/#/pages/downloads (Law Enforcement Employees Data; file additional-datasets/law-enforcement/lee_1960_2025.csv),2026-09-14
CO0620200,Greeley,Greeley,CO,2017,149,51,200,105906,https://cde.ucr.cjis.gov/LATEST/webapp/#/pages/downloads (Law Enforcement Employees Data; file additional-datasets/law-enforcement/lee_1960_2025.csv),2026-09-14
CO0620200,Greeley,Greeley,CO,2018,156,52,208,107325,https://cde.ucr.cjis.gov/LATEST/webapp/#/pages/downloads (Law Enforcement Employees Data; file additional-datasets/law-enforcement/lee_1960_2025.csv),2026-09-14
CO0620200,Greeley,Greeley,CO,2019,152,57,209,109255,https://cde.ucr.cjis.gov/LATEST/webapp/#/pages/downloads (Law Enforcement Employees Data; file additional-datasets/law-enforcement/lee_1960_2025.csv),2026-09-14
CO0620200,Greeley,Greeley,CO,2020,155,57,212,110505,https://cde.ucr.cjis.gov/LATEST/webapp/#/pages/downloads (Law Enforcement Employees Data; file additional-datasets/law-enforcement/lee_1960_2025.csv),2026-09-14
CO0620200,Greeley,Greeley,CO,2021,149,59,208,110660,https://cde.ucr.cjis.gov/LATEST/webapp/#/pages/downloads (Law Enforcement Employees Data; file additional-datasets/law-enforcement/lee_1960_2025.csv),2026-09-14
CO0620200,Greeley,Greeley,CO,2022,151,58,209,109258,https://cde.ucr.cjis.gov/LATEST/webapp/#/pages/downloads (Law Enforcement Employees Data; file additional-datasets/law-enforcement/lee_1960_2025.csv),2026-09-14
CO0620200,Greeley,Greeley,CO,2023,141,28,169,109183,https://cde.ucr.cjis.gov/LATEST/webapp/#/pages/downloads (Law Enforcement Employees Data; file additional-datasets/law-enforcement/lee_1960_2025.csv),2026-09-14
CO0620200,Greeley,Greeley,CO,2024,150,78,228,113757,https://cde.ucr.cjis.gov/LATEST/webapp/#/pages/downloads (Law Enforcement Employees Data; file additional-datasets/law-enforcement/lee_1960_2025.csv),2026-09-14
CO0300400,Lakewood,Lakewood,CO,2017,279,153,432,156344,https://cde.ucr.cjis.gov/LATEST/webapp/#/pages/downloads (Law Enforcement Employees Data; file additional-datasets/law-enforcement/lee_1960_2025.csv),2026-09-14
CO0300400,Lakewood,Lakewood,CO,2018,285,124,409,156779,https://cde.ucr.cjis.gov/LATEST/webapp/#/pages/downloads (Law Enforcement Employees Data; file additional-datasets/law-enforcement/lee_1960_2025.csv),2026-09-14
CO0300400,Lakewood,Lakewood,CO,2019,311,126,437,158645,https://cde.ucr.cjis.gov/LATEST/webapp/#/pages/downloads (Law Enforcement Employees Data; file additional-datasets/law-enforcement/lee_1960_2025.csv),2026-09-14
CO0300400,Lakewood,Lakewood,CO,2020,295,113,408,159719,https://cde.ucr.cjis.gov/LATEST/webapp/#/pages/downloads (Law Enforcement Employees Data; file additional-datasets/law-enforcement/lee_1960_2025.csv),2026-09-14
CO0300400,Lakewood,Lakewood,CO,2021,280,117,397,158977,https://cde.ucr.cjis.gov/LATEST/webapp/#/pages/downloads (Law Enforcement Employees Data; file additional-datasets/law-enforcement/lee_1960_2025.csv),2026-09-14
CO0300400,Lakewood,Lakewood,CO,2022,269,116,385,157068,https://cde.ucr.cjis.gov/LATEST/webapp/#/pages/downloads (Law Enforcement Employees Data; file additional-datasets/law-enforcement/lee_1960_2025.csv),2026-09-14
CO0300400,Lakewood,Lakewood,CO,2023,262,109,371,156065,https://cde.ucr.cjis.gov/LATEST/webapp/#/pages/downloads (Law Enforcement Employees Data; file additional-datasets/law-enforcement/lee_1960_2025.csv),2026-09-14
CO0300400,Lakewood,Lakewood,CO,2024,278,134,412,155868,https://cde.ucr.cjis.gov/LATEST/webapp/#/pages/downloads (Law Enforcement Employees Data; file additional-datasets/law-enforcement/lee_1960_2025.csv),2026-09-14
CO0070400,Longmont,Longmont,CO,2017,142,72,214,93979,https://cde.ucr.cjis.gov/LATEST/webapp/#/pages/downloads (Law Enforcement Employees Data; file additional-datasets/law-enforcement/lee_1960_2025.csv),2026-09-14
CO0070400,Longmont,Longmont,CO,2018,169,76,245,95534,https://cde.ucr.cjis.gov/LATEST/webapp/#/pages/downloads (Law Enforcement Employees Data; file additional-datasets/law-enforcement/lee_1960_2025.csv),2026-09-14
CO0070400,Longmont,Longmont,CO,2019,150,77,227,97928,https://cde.ucr.cjis.gov/LATEST/webapp/#/pages/downloads (Law Enforcement Employees Data; file additional-datasets/law-enforcement/lee_1960_2025.csv),2026-09-14
CO0070400,Longmont,Longmont,CO,2020,156,71,227,98545,https://cde.ucr.cjis.gov/LATEST/webapp/#/pages/downloads (Law Enforcement Employees Data; file additional-datasets/law-enforcement/lee_1960_2025.csv),2026-09-14
CO0070400,Longmont,Longmont,CO,2021,149,71,220,99714,https://cde.ucr.cjis.gov/LATEST/webapp/#/pages/downloads (Law Enforcement Employees Data; file additional-datasets/law-enforcement/lee_1960_2025.csv),2026-09-14
CO0070400,Longmont,Longmont,CO,2022,151,99,250,101159,https://cde.ucr.cjis.gov/LATEST/webapp/#/pages/downloads (Law Enforcement Employees Data; file additional-datasets/law-enforcement/lee_1960_2025.csv),2026-09-14
CO0070400,Longmont,Longmont,CO,2023,146,91,237,98444,https://cde.ucr.cjis.gov/LATEST/webapp/#/pages/downloads (Law Enforcement Employees Data; file additional-datasets/law-enforcement/lee_1960_2025.csv),2026-09-14
CO0070400,Longmont,Longmont,CO,2024,157,94,251,98446,https://cde.ucr.cjis.gov/LATEST/webapp/#/pages/downloads (Law Enforcement Employees Data; file additional-datasets/law-enforcement/lee_1960_2025.csv),2026-09-14
CO0510100,Pueblo,Pueblo,CO,2017,200,53,253,110872,https://cde.ucr.cjis.gov/LATEST/webapp/#/pages/downloads (Law Enforcement Employees Data; file additional-datasets/law-enforcement/lee_1960_2025.csv),2026-09-14
CO0510100,Pueblo,Pueblo,CO,2018,219,60,279,111756,https://cde.ucr.cjis.gov/LATEST/webapp/#/pages/downloads (Law Enforcement Employees Data; file additional-datasets/law-enforcement/lee_1960_2025.csv),2026-09-14
CO0510100,Pueblo,Pueblo,CO,2019,218,51,269,112381,https://cde.ucr.cjis.gov/LATEST/webapp/#/pages/downloads (Law Enforcement Employees Data; file additional-datasets/law-enforcement/lee_1960_2025.csv),2026-09-14
CO0510100,Pueblo,Pueblo,CO,2020,208,57,265,113002,https://cde.ucr.cjis.gov/LATEST/webapp/#/pages/downloads (Law Enforcement Employees Data; file additional-datasets/law-enforcement/lee_1960_2025.csv),2026-09-14
CO0510100,Pueblo,Pueblo,CO,2021,202,50,252,113371,https://cde.ucr.cjis.gov/LATEST/webapp/#/pages/downloads (Law Enforcement Employees Data; file additional-datasets/law-enforcement/lee_1960_2025.csv),2026-09-14
CO0510100,Pueblo,Pueblo,CO,2022,200,56,256,112618,https://cde.ucr.cjis.gov/LATEST/webapp/#/pages/downloads (Law Enforcement Employees Data; file additional-datasets/law-enforcement/lee_1960_2025.csv),2026-09-14
CO0510100,Pueblo,Pueblo,CO,2023,178,59,237,111240,https://cde.ucr.cjis.gov/LATEST/webapp/#/pages/downloads (Law Enforcement Employees Data; file additional-datasets/law-enforcement/lee_1960_2025.csv),2026-09-14
CO0510100,Pueblo,Pueblo,CO,2024,186,71,257,110805,https://cde.ucr.cjis.gov/LATEST/webapp/#/pages/downloads (Law Enforcement Employees Data; file additional-datasets/law-enforcement/lee_1960_2025.csv),2026-09-14
CO0010400,Thornton,Thornton,CO,2017,218,69,287,139825,https://cde.ucr.cjis.gov/LATEST/webapp/#/pages/downloads (Law Enforcement Employees Data; file additional-datasets/law-enforcement/lee_1960_2025.csv),2026-09-14
CO0010400,Thornton,Thornton,CO,2018,233,80,313,139697,https://cde.ucr.cjis.gov/LATEST/webapp/#/pages/downloads (Law Enforcement Employees Data; file additional-datasets/law-enforcement/lee_1960_2025.csv),2026-09-14
CO0010400,Thornton,Thornton,CO,2019,242,77,319,142168,https://cde.ucr.cjis.gov/LATEST/webapp/#/pages/downloads (Law Enforcement Employees Data; file additional-datasets/law-enforcement/lee_1960_2025.csv),2026-09-14
CO0010400,Thornton,Thornton,CO,2020,236,75,311,144156,https://cde.ucr.cjis.gov/LATEST/webapp/#/pages/downloads (Law Enforcement Employees Data; file additional-datasets/law-enforcement/lee_1960_2025.csv),2026-09-14
CO0010400,Thornton,Thornton,CO,2021,227,87,314,151324,https://cde.ucr.cjis.gov/LATEST/webapp/#/pages/downloads (Law Enforcement Employees Data; file additional-datasets/law-enforcement/lee_1960_2025.csv),2026-09-14
CO0010400,Thornton,Thornton,CO,2022,240,83,323,143055,https://cde.ucr.cjis.gov/LATEST/webapp/#/pages/downloads (Law Enforcement Employees Data; file additional-datasets/law-enforcement/lee_1960_2025.csv),2026-09-14
CO0010400,Thornton,Thornton,CO,2023,243,87,330,143838,https://cde.ucr.cjis.gov/LATEST/webapp/#/pages/downloads (Law Enforcement Employees Data; file additional-datasets/law-enforcement/lee_1960_2025.csv),2026-09-14
CO0010400,Thornton,Thornton,CO,2024,248,87,335,145847,https://cde.ucr.cjis.gov/LATEST/webapp/#/pages/downloads (Law Enforcement Employees Data; file additional-datasets/law-enforcement/lee_1960_2025.csv),2026-09-14
CO0010500,Westminster,Westminster,CO,2017,190,75,265,115155,https://cde.ucr.cjis.gov/LATEST/webapp/#/pages/downloads (Law Enforcement Employees Data; file additional-datasets/law-enforcement/lee_1960_2025.csv),2026-09-14
CO0010500,Westminster,Westminster,CO,2018,174,73,247,113751,https://cde.ucr.cjis.gov/LATEST/webapp/#/pages/downloads (Law Enforcement Employees Data; file additional-datasets/law-enforcement/lee_1960_2025.csv),2026-09-14
CO0010500,Westminster,Westminster,CO,2019,195,76,271,114392,https://cde.ucr.cjis.gov/LATEST/webapp/#/pages/downloads (Law Enforcement Employees Data; file additional-datasets/law-enforcement/lee_1960_2025.csv),2026-09-14
CO0010500,Westminster,Westminster,CO,2020,193,74,267,113941,https://cde.ucr.cjis.gov/LATEST/webapp/#/pages/downloads (Law Enforcement Employees Data; file additional-datasets/law-enforcement/lee_1960_2025.csv),2026-09-14
CO0010500,Westminster,Westminster,CO,2021,170,66,236,115942,https://cde.ucr.cjis.gov/LATEST/webapp/#/pages/downloads (Law Enforcement Employees Data; file additional-datasets/law-enforcement/lee_1960_2025.csv),2026-09-14
CO0010500,Westminster,Westminster,CO,2022,172,76,248,112844,https://cde.ucr.cjis.gov/LATEST/webapp/#/pages/downloads (Law Enforcement Employees Data; file additional-datasets/law-enforcement/lee_1960_2025.csv),2026-09-14
CO0010500,Westminster,Westminster,CO,2023,184,90,274,113660,https://cde.ucr.cjis.gov/LATEST/webapp/#/pages/downloads (Law Enforcement Employees Data; file additional-datasets/law-enforcement/lee_1960_2025.csv),2026-09-14
CO0010500,Westminster,Westminster,CO,2024,193,89,282,114310,https://cde.ucr.cjis.gov/LATEST/webapp/#/pages/downloads (Law Enforcement Employees Data; file additional-datasets/law-enforcement/lee_1960_2025.csv),2026-09-14
CT0001500,Bridgeport,Bridgeport,CT,2018,392,53,445,146819,https://cde.ucr.cjis.gov/LATEST/webapp/#/pages/downloads (Law Enforcement Employees Data; file additional-datasets/law-enforcement/lee_1960_2025.csv),2026-09-14
CT0001500,Bridgeport,Bridgeport,CT,2019,365,46,411,144908,https://cde.ucr.cjis.gov/LATEST/webapp/#/pages/downloads (Law Enforcement Employees Data; file additional-datasets/law-enforcement/lee_1960_2025.csv),2026-09-14
CT0001500,Bridgeport,Bridgeport,CT,2020,364,45,409,144350,https://cde.ucr.cjis.gov/LATEST/webapp/#/pages/downloads (Law Enforcement Employees Data; file additional-datasets/law-enforcement/lee_1960_2025.csv),2026-09-14
CT0001500,Bridgeport,Bridgeport,CT,2021,330,48,378,143394,https://cde.ucr.cjis.gov/LATEST/webapp/#/pages/downloads (Law Enforcement Employees Data; file additional-datasets/law-enforcement/lee_1960_2025.csv),2026-09-14
CT0001500,Bridgeport,Bridgeport,CT,2022,287,43,330,148395,https://cde.ucr.cjis.gov/LATEST/webapp/#/pages/downloads (Law Enforcement Employees Data; file additional-datasets/law-enforcement/lee_1960_2025.csv),2026-09-14
CT0001500,Bridgeport,Bridgeport,CT,2023,273,54,327,148483,https://cde.ucr.cjis.gov/LATEST/webapp/#/pages/downloads (Law Enforcement Employees Data; file additional-datasets/law-enforcement/lee_1960_2025.csv),2026-09-14
CT0001500,Bridgeport,Bridgeport,CT,2024,284,73,357,148132,https://cde.ucr.cjis.gov/LATEST/webapp/#/pages/downloads (Law Enforcement Employees Data; file additional-datasets/law-enforcement/lee_1960_2025.csv),2026-09-14
CT0006400,Hartford,Hartford,CT,2017,390,45,435,122891,https://cde.ucr.cjis.gov/LATEST/webapp/#/pages/downloads (Law Enforcement Employees Data; file additional-datasets/law-enforcement/lee_1960_2025.csv),2026-09-14
CT0006400,Hartford,Hartford,CT,2018,394,31,425,123117,https://cde.ucr.cjis.gov/LATEST/webapp/#/pages/downloads (Law Enforcement Employees Data; file additional-datasets/law-enforcement/lee_1960_2025.csv),2026-09-14
CT0006400,Hartford,Hartford,CT,2019,447,36,483,122245,https://cde.ucr.cjis.gov/LATEST/webapp/#/pages/downloads (Law Enforcement Employees Data; file additional-datasets/law-enforcement/lee_1960_2025.csv),2026-09-14
CT0006400,Hartford,Hartford,CT,2020,430,28,458,121749,https://cde.ucr.cjis.gov/LATEST/webapp/#/pages/downloads (Law Enforcement Employees Data; file additional-datasets/law-enforcement/lee_1960_2025.csv),2026-09-14
CT0006400,Hartford,Hartford,CT,2021,395,24,419,121160,https://cde.ucr.cjis.gov/LATEST/webapp/#/pages/downloads (Law Enforcement Employees Data; file additional-datasets/law-enforcement/lee_1960_2025.csv),2026-09-14
CT0006400,Hartford,Hartford,CT,2022,391,24,415,120196,https://cde.ucr.cjis.gov/LATEST/webapp/#/pages/downloads (Law Enforcement Employees Data; file additional-datasets/law-enforcement/lee_1960_2025.csv),2026-09-14
CT0006400,Hartford,Hartford,CT,2023,377,36,413,120710,https://cde.ucr.cjis.gov/LATEST/webapp/#/pages/downloads (Law Enforcement Employees Data; file additional-datasets/law-enforcement/lee_1960_2025.csv),2026-09-14
CT0006400,Hartford,Hartford,CT,2024,363,26,389,119626,https://cde.ucr.cjis.gov/LATEST/webapp/#/pages/downloads (Law Enforcement Employees Data; file additional-datasets/law-enforcement/lee_1960_2025.csv),2026-09-14
CT0009300,New Haven,New Haven,CT,2017,427,49,476,129953,https://cde.ucr.cjis.gov/LATEST/webapp/#/pages/downloads (Law Enforcement Employees Data; file additional-datasets/law-enforcement/lee_1960_2025.csv),2026-09-14
CT0009300,New Haven,New Haven,CT,2018,406,54,460,131181,https://cde.ucr.cjis.gov/LATEST/webapp/#/pages/downloads (Law Enforcement Employees Data; file additional-datasets/law-enforcement/lee_1960_2025.csv),2026-09-14
CT0009300,New Haven,New Haven,CT,2020,325,50,375,130299,https://cde.ucr.cjis.gov/LATEST/webapp/#/pages/downloads (Law Enforcement Employees Data; file additional-datasets/law-enforcement/lee_1960_2025.csv),2026-09-14
CT0009300,New Haven,New Haven,CT,2021,315,46,361,130903,https://cde.ucr.cjis.gov/LATEST/webapp/#/pages/downloads (Law Enforcement Employees Data; file additional-datasets/law-enforcement/lee_1960_2025.csv),2026-09-14
CT0009300,New Haven,New Haven,CT,2022,317,54,371,136205,https://cde.ucr.cjis.gov/LATEST/webapp/#/pages/downloads (Law Enforcement Employees Data; file additional-datasets/law-enforcement/lee_1960_2025.csv),2026-09-14
CT0009300,New Haven,New Haven,CT,2023,326,49,375,141481,https://cde.ucr.cjis.gov/LATEST/webapp/#/pages/downloads (Law Enforcement Employees Data; file additional-datasets/law-enforcement/lee_1960_2025.csv),2026-09-14
CT0009300,New Haven,New Haven,CT,2024,331,50,381,137243,https://cde.ucr.cjis.gov/LATEST/webapp/#/pages/downloads (Law Enforcement Employees Data; file additional-datasets/law-enforcement/lee_1960_2025.csv),2026-09-14
CT0010300,Norwalk,Norwalk,CT,2022,176,31,207,91414,https://cde.ucr.cjis.gov/LATEST/webapp/#/pages/downloads (Law Enforcement Employees Data; file additional-datasets/law-enforcement/lee_1960_2025.csv),2026-09-14
CT0010300,Norwalk,Norwalk,CT,2023,182,32,214,91639,https://cde.ucr.cjis.gov/LATEST/webapp/#/pages/downloads (Law Enforcement Employees Data; file additional-datasets/law-enforcement/lee_1960_2025.csv),2026-09-14
CT0010300,Norwalk,Norwalk,CT,2024,181,35,216,92987,https://cde.ucr.cjis.gov/LATEST/webapp/#/pages/downloads (Law Enforcement Employees Data; file additional-datasets/law-enforcement/lee_1960_2025.csv),2026-09-14
CT0013500,Stamford,Stamford,CT,2017,283,50,333,130189,https://cde.ucr.cjis.gov/LATEST/webapp/#/pages/downloads (Law Enforcement Employees Data; file additional-datasets/law-enforcement/lee_1960_2025.csv),2026-09-14
CT0013500,Stamford,Stamford,CT,2018,282,22,304,132007,https://cde.ucr.cjis.gov/LATEST/webapp/#/pages/downloads (Law Enforcement Employees Data; file additional-datasets/law-enforcement/lee_1960_2025.csv),2026-09-14
CT0013500,Stamford,Stamford,CT,2019,266,19,285,130678,https://cde.ucr.cjis.gov/LATEST/webapp/#/pages/downloads (Law Enforcement Employees Data; file additional-datasets/law-enforcement/lee_1960_2025.csv),2026-09-14
CT0013500,Stamford,Stamford,CT,2020,263,25,288,130425,https://cde.ucr.cjis.gov/LATEST/webapp/#/pages/downloads (Law Enforcement Employees Data; file additional-datasets/law-enforcement/lee_1960_2025.csv),2026-09-14
CT0013500,Stamford,Stamford,CT,2021,260,22,282,132292,https://cde.ucr.cjis.gov/LATEST/webapp/#/pages/downloads (Law Enforcement Employees Data; file additional-datasets/law-enforcement/lee_1960_2025.csv),2026-09-14
CT0013500,Stamford,Stamford,CT,2022,271,24,295,136936,https://cde.ucr.cjis.gov/LATEST/webapp/#/pages/downloads (Law Enforcement Employees Data; file additional-datasets/law-enforcement/lee_1960_2025.csv),2026-09-14
CT0013500,Stamford,Stamford,CT,2023,271,24,295,136512,https://cde.ucr.cjis.gov/LATEST/webapp/#/pages/downloads (Law Enforcement Employees Data; file additional-datasets/law-enforcement/lee_1960_2025.csv),2026-09-14
CT0013500,Stamford,Stamford,CT,2024,268,25,293,136483,https://cde.ucr.cjis.gov/LATEST/webapp/#/pages/downloads (Law Enforcement Employees Data; file additional-datasets/law-enforcement/lee_1960_2025.csv),2026-09-14
CT0015100,Waterbury,Waterbury,CT,2017,277,44,321,107924,https://cde.ucr.cjis.gov/LATEST/webapp/#/pages/downloads (Law Enforcement Employees Data; file additional-datasets/law-enforcement/lee_1960_2025.csv),2026-09-14
CT0015100,Waterbury,Waterbury,CT,2018,264,51,315,108378,https://cde.ucr.cjis.gov/LATEST/webapp/#/pages/downloads (Law Enforcement Employees Data; file additional-datasets/law-enforcement/lee_1960_2025.csv),2026-09-14
CT0015100,Waterbury,Waterbury,CT,2019,293,42,335,107812,https://cde.ucr.cjis.gov/LATEST/webapp/#/pages/downloads (Law Enforcement Employees Data; file additional-datasets/law-enforcement/lee_1960_2025.csv),2026-09-14
CT0015100,Waterbury,Waterbury,CT,2020,287,46,333,107263,https://cde.ucr.cjis.gov/LATEST/webapp/#/pages/downloads (Law Enforcement Employees Data; file additional-datasets/law-enforcement/lee_1960_2025.csv),2026-09-14
CT0015100,Waterbury,Waterbury,CT,2021,276,43,319,106480,https://cde.ucr.cjis.gov/LATEST/webapp/#/pages/downloads (Law Enforcement Employees Data; file additional-datasets/law-enforcement/lee_1960_2025.csv),2026-09-14
CT0015100,Waterbury,Waterbury,CT,2022,248,49,297,113464,https://cde.ucr.cjis.gov/LATEST/webapp/#/pages/downloads (Law Enforcement Employees Data; file additional-datasets/law-enforcement/lee_1960_2025.csv),2026-09-14
CT0015100,Waterbury,Waterbury,CT,2023,246,46,292,115380,https://cde.ucr.cjis.gov/LATEST/webapp/#/pages/downloads (Law Enforcement Employees Data; file additional-datasets/law-enforcement/lee_1960_2025.csv),2026-09-14
CT0015100,Waterbury,Waterbury,CT,2024,284,45,329,115363,https://cde.ucr.cjis.gov/LATEST/webapp/#/pages/downloads (Law Enforcement Employees Data; file additional-datasets/law-enforcement/lee_1960_2025.csv),2026-09-14
DCMPD0000,Washington,Washington,DC,2017,3836,637,4473,693972,https://cde.ucr.cjis.gov/LATEST/webapp/#/pages/downloads (Law Enforcement Employees Data; file additional-datasets/law-enforcement/lee_1960_2025.csv),2026-09-14
DCMPD0000,Washington,Washington,DC,2018,3841,679,4520,702455,https://cde.ucr.cjis.gov/LATEST/webapp/#/pages/downloads (Law Enforcement Employees Data; file additional-datasets/law-enforcement/lee_1960_2025.csv),2026-09-14
DCMPD0000,Washington,Washington,DC,2019,3809,715,4524,705749,https://cde.ucr.cjis.gov/LATEST/webapp/#/pages/downloads (Law Enforcement Employees Data; file additional-datasets/law-enforcement/lee_1960_2025.csv),2026-09-14
DCMPD0000,Washington,Washington,DC,2020,3766,700,4466,712816,https://cde.ucr.cjis.gov/LATEST/webapp/#/pages/downloads (Law Enforcement Employees Data; file additional-datasets/law-enforcement/lee_1960_2025.csv),2026-09-14
DCMPD0000,Washington,Washington,DC,2021,3575,604,4179,670050,https://cde.ucr.cjis.gov/LATEST/webapp/#/pages/downloads (Law Enforcement Employees Data; file additional-datasets/law-enforcement/lee_1960_2025.csv),2026-09-14
DCMPD0000,Washington,Washington,DC,2022,3425,634,4059,671803,https://cde.ucr.cjis.gov/LATEST/webapp/#/pages/downloads (Law Enforcement Employees Data; file additional-datasets/law-enforcement/lee_1960_2025.csv),2026-09-14
DCMPD0000,Washington,Washington,DC,2023,3342,680,4022,678972,https://cde.ucr.cjis.gov/LATEST/webapp/#/pages/downloads (Law Enforcement Employees Data; file additional-datasets/law-enforcement/lee_1960_2025.csv),2026-09-14
DCMPD0000,Washington,Washington,DC,2024,3276,693,3969,702250,https://cde.ucr.cjis.gov/LATEST/webapp/#/pages/downloads (Law Enforcement Employees Data; file additional-datasets/law-enforcement/lee_1960_2025.csv),2026-09-14
FL0500200,Boca Raton,Boca Raton,FL,2017,205,97,302,98069,https://cde.ucr.cjis.gov/LATEST/webapp/#/pages/downloads (Law Enforcement Employees Data; file additional-datasets/law-enforcement/lee_1960_2025.csv),2026-09-14
FL0500200,Boca Raton,Boca Raton,FL,2018,200,102,302,100162,https://cde.ucr.cjis.gov/LATEST/webapp/#/pages/downloads (Law Enforcement Employees Data; file additional-datasets/law-enforcement/lee_1960_2025.csv),2026-09-14
FL0500200,Boca Raton,Boca Raton,FL,2019,209,95,304,101163,https://cde.ucr.cjis.gov/LATEST/webapp/#/pages/downloads (Law Enforcement Employees Data; file additional-datasets/law-enforcement/lee_1960_2025.csv),2026-09-14
FL0500200,Boca Raton,Boca Raton,FL,2020,214,100,314,101583,https://cde.ucr.cjis.gov/LATEST/webapp/#/pages/downloads (Law Enforcement Employees Data; file additional-datasets/law-enforcement/lee_1960_2025.csv),2026-09-14
FL0500200,Boca Raton,Boca Raton,FL,2021,207,96,303,101504,https://cde.ucr.cjis.gov/LATEST/webapp/#/pages/downloads (Law Enforcement Employees Data; file additional-datasets/law-enforcement/lee_1960_2025.csv),2026-09-14
FL0500200,Boca Raton,Boca Raton,FL,2022,196,99,295,95335,https://cde.ucr.cjis.gov/LATEST/webapp/#/pages/downloads (Law Enforcement Employees Data; file additional-datasets/law-enforcement/lee_1960_2025.csv),2026-09-14
FL0500200,Boca Raton,Boca Raton,FL,2023,185,110,295,99395,https://cde.ucr.cjis.gov/LATEST/webapp/#/pages/downloads (Law Enforcement Employees Data; file additional-datasets/law-enforcement/lee_1960_2025.csv),2026-09-14
FL0500200,Boca Raton,Boca Raton,FL,2024,189,92,281,100557,https://cde.ucr.cjis.gov/LATEST/webapp/#/pages/downloads (Law Enforcement Employees Data; file additional-datasets/law-enforcement/lee_1960_2025.csv),2026-09-14
FL0360200,Cape Coral,Cape Coral,FL,2017,219,98,317,184346,https://cde.ucr.cjis.gov/LATEST/webapp/#/pages/downloads (Law Enforcement Employees Data; file additional-datasets/law-enforcement/lee_1960_2025.csv),2026-09-14
FL0360200,Cape Coral,Cape Coral,FL,2018,228,83,311,187869,https://cde.ucr.cjis.gov/LATEST/webapp/#/pages/downloads (Law Enforcement Employees Data; file additional-datasets/law-enforcement/lee_1960_2025.csv),2026-09-14
FL0360200,Cape Coral,Cape Coral,FL,2020,255,82,337,199503,https://cde.ucr.cjis.gov/LATEST/webapp/#/pages/downloads (Law Enforcement Employees Data; file additional-datasets/law-enforcement/lee_1960_2025.csv),2026-09-14
FL0360200,Cape Coral,Cape Coral,FL,2021,272,88,360,206298,https://cde.ucr.cjis.gov/LATEST/webapp/#/pages/downloads (Law Enforcement Employees Data; file additional-datasets/law-enforcement/lee_1960_2025.csv),2026-09-14
FL0360200,Cape Coral,Cape Coral,FL,2022,243,89,332,213074,https://cde.ucr.cjis.gov/LATEST/webapp/#/pages/downloads (Law Enforcement Employees Data; file additional-datasets/law-enforcement/lee_1960_2025.csv),2026-09-14
FL0360200,Cape Coral,Cape Coral,FL,2023,243,89,332,228672,https://cde.ucr.cjis.gov/LATEST/webapp/#/pages/downloads (Law Enforcement Employees Data; file additional-datasets/law-enforcement/lee_1960_2025.csv),2026-09-14
FL0360200,Cape Coral,Cape Coral,FL,2024,285,90,375,235076,https://cde.ucr.cjis.gov/LATEST/webapp/#/pages/downloads (Law Enforcement Employees Data; file additional-datasets/law-enforcement/lee_1960_2025.csv),2026-09-14
FL0520300,Clearwater,Clearwater,FL,2017,240,88,328,115295,https://cde.ucr.cjis.gov/LATEST/webapp/#/pages/downloads (Law Enforcement Employees Data; file additional-datasets/law-enforcement/lee_1960_2025.csv),2026-09-14
FL0520300,Clearwater,Clearwater,FL,2018,233,88,321,116504,https://cde.ucr.cjis.gov/LATEST/webapp/#/pages/downloads (Law Enforcement Employees Data; file additional-datasets/law-enforcement/lee_1960_2025.csv),2026-09-14
FL0520300,Clearwater,Clearwater,FL,2019,245,85,330,117458,https://cde.ucr.cjis.gov/LATEST/webapp/#/pages/downloads (Law Enforcement Employees Data; file additional-datasets/law-enforcement/lee_1960_2025.csv),2026-09-14
FL0520300,Clearwater,Clearwater,FL,2020,237,99,336,117859,https://cde.ucr.cjis.gov/LATEST/webapp/#/pages/downloads (Law Enforcement Employees Data; file additional-datasets/law-enforcement/lee_1960_2025.csv),2026-09-14
FL0520300,Clearwater,Clearwater,FL,2021,237,92,329,117336,https://cde.ucr.cjis.gov/LATEST/webapp/#/pages/downloads (Law Enforcement Employees Data; file additional-datasets/law-enforcement/lee_1960_2025.csv),2026-09-14
FL0520300,Clearwater,Clearwater,FL,2022,233,94,327,116303,https://cde.ucr.cjis.gov/LATEST/webapp/#/pages/downloads (Law Enforcement Employees Data; file additional-datasets/law-enforcement/lee_1960_2025.csv),2026-09-14
FL0520300,Clearwater,Clearwater,FL,2023,236,108,344,116899,https://cde.ucr.cjis.gov/LATEST/webapp/#/pages/downloads (Law Enforcement Employees Data; file additional-datasets/law-enforcement/lee_1960_2025.csv),2026-09-14
FL0520300,Clearwater,Clearwater,FL,2024,235,107,342,116689,https://cde.ucr.cjis.gov/LATEST/webapp/#/pages/downloads (Law Enforcement Employees Data; file additional-datasets/law-enforcement/lee_1960_2025.csv),2026-09-14
FL0062800,Coral Springs,Coral Springs,FL,2017,211,94,305,131558,https://cde.ucr.cjis.gov/LATEST/webapp/#/pages/downloads (Law Enforcement Employees Data; file additional-datasets/law-enforcement/lee_1960_2025.csv),2026-09-14
FL0062800,Coral Springs,Coral Springs,FL,2018,210,97,307,134640,https://cde.ucr.cjis.gov/LATEST/webapp/#/pages/downloads (Law Enforcement Employees Data; file additional-datasets/law-enforcement/lee_1960_2025.csv),2026-09-14
FL0062800,Coral Springs,Coral Springs,FL,2019,218,90,308,134967,https://cde.ucr.cjis.gov/LATEST/webapp/#/pages/downloads (Law Enforcement Employees Data; file additional-datasets/law-enforcement/lee_1960_2025.csv),2026-09-14
FL0062800,Coral Springs,Coral Springs,FL,2020,216,91,307,135027,https://cde.ucr.cjis.gov/LATEST/webapp/#/pages/downloads (Law Enforcement Employees Data; file additional-datasets/law-enforcement/lee_1960_2025.csv),2026-09-14
FL0062800,Coral Springs,Coral Springs,FL,2021,215,98,313,135168,https://cde.ucr.cjis.gov/LATEST/webapp/#/pages/downloads (Law Enforcement Employees Data; file additional-datasets/law-enforcement/lee_1960_2025.csv),2026-09-14
FL0062800,Coral Springs,Coral Springs,FL,2022,220,109,329,131628,https://cde.ucr.cjis.gov/LATEST/webapp/#/pages/downloads (Law Enforcement Employees Data; file additional-datasets/law-enforcement/lee_1960_2025.csv),2026-09-14
FL0062800,Coral Springs,Coral Springs,FL,2023,214,111,325,132977,https://cde.ucr.cjis.gov/LATEST/webapp/#/pages/downloads (Law Enforcement Employees Data; file additional-datasets/law-enforcement/lee_1960_2025.csv),2026-09-14
FL0062800,Coral Springs,Coral Springs,FL,2024,214,113,327,135157,https://cde.ucr.cjis.gov/LATEST/webapp/#/pages/downloads (Law Enforcement Employees Data; file additional-datasets/law-enforcement/lee_1960_2025.csv),2026-09-14
FL0061200,Davie,Davie,FL,2017,185,63,248,103555,https://cde.ucr.cjis.gov/LATEST/webapp/#/pages/downloads (Law Enforcement Employees Data; file additional-datasets/law-enforcement/lee_1960_2025.csv),2026-09-14
FL0061200,Davie,Davie,FL,2018,187,71,258,107120,https://cde.ucr.cjis.gov/LATEST/webapp/#/pages/downloads (Law Enforcement Employees Data; file additional-datasets/law-enforcement/lee_1960_2025.csv),2026-09-14
FL0061200,Davie,Davie,FL,2020,186,76,262,107988,https://cde.ucr.cjis.gov/LATEST/webapp/#/pages/downloads (Law Enforcement Employees Data; file additional-datasets/law-enforcement/lee_1960_2025.csv),2026-09-14
FL0061200,Davie,Davie,FL,2022,197,78,275,104215,https://cde.ucr.cjis.gov/LATEST/webapp/#/pages/downloads (Law Enforcement Employees Data; file additional-datasets/law-enforcement/lee_1960_2025.csv),2026-09-14
FL0061200,Davie,Davie,FL,2023,195,87,282,106759,https://cde.ucr.cjis.gov/LATEST/webapp/#/pages/downloads (Law Enforcement Employees Data; file additional-datasets/law-enforcement/lee_1960_2025.csv),2026-09-14
FL0061200,Davie,Davie,FL,2024,197,78,275,108397,https://cde.ucr.cjis.gov/LATEST/webapp/#/pages/downloads (Law Enforcement Employees Data; file additional-datasets/law-enforcement/lee_1960_2025.csv),2026-09-14
FL0060300,Fort Lauderdale,Fort Lauderdale,FL,2017,503,152,655,180972,https://cde.ucr.cjis.gov/LATEST/webapp/#/pages/downloads (Law Enforcement Employees Data; file additional-datasets/law-enforcement/lee_1960_2025.csv),2026-09-14
FL0060300,Fort Lauderdale,Fort Lauderdale,FL,2018,525,154,679,182150,https://cde.ucr.cjis.gov/LATEST/webapp/#/pages/downloads (Law Enforcement Employees Data; file additional-datasets/law-enforcement/lee_1960_2025.csv),2026-09-14
FL0060300,Fort Lauderdale,Fort Lauderdale,FL,2019,525,165,690,184765,https://cde.ucr.cjis.gov/LATEST/webapp/#/pages/downloads (Law Enforcement Employees Data; file additional-datasets/law-enforcement/lee_1960_2025.csv),2026-09-14
FL0060300,Fort Lauderdale,Fort Lauderdale,FL,2020,517,157,674,184347,https://cde.ucr.cjis.gov/LATEST/webapp/#/pages/downloads (Law Enforcement Employees Data; file additional-datasets/law-enforcement/lee_1960_2025.csv),2026-09-14
FL0060300,Fort Lauderdale,Fort Lauderdale,FL,2021,502,162,664,183810,https://cde.ucr.cjis.gov/LATEST/webapp/#/pages/downloads (Law Enforcement Employees Data; file additional-datasets/law-enforcement/lee_1960_2025.csv),2026-09-14
FL0060300,Fort Lauderdale,Fort Lauderdale,FL,2022,529,159,688,180554,https://cde.ucr.cjis.gov/LATEST/webapp/#/pages/downloads (Law Enforcement Employees Data; file additional-datasets/law-enforcement/lee_1960_2025.csv),2026-09-14
FL0060300,Fort Lauderdale,Fort Lauderdale,FL,2023,514,173,687,183282,https://cde.ucr.cjis.gov/LATEST/webapp/#/pages/downloads (Law Enforcement Employees Data; file additional-datasets/law-enforcement/lee_1960_2025.csv),2026-09-14
FL0060300,Fort Lauderdale,Fort Lauderdale,FL,2024,549,178,727,184714,https://cde.ucr.cjis.gov/LATEST/webapp/#/pages/downloads (Law Enforcement Employees Data; file additional-datasets/law-enforcement/lee_1960_2025.csv),2026-09-14
FL0360100,Fort Myers,Fort Myers,FL,2020,233,77,310,90380,https://cde.ucr.cjis.gov/LATEST/webapp/#/pages/downloads (Law Enforcement Employees Data; file additional-datasets/law-enforcement/lee_1960_2025.csv),2026-09-14
FL0360100,Fort Myers,Fort Myers,FL,2021,238,86,324,94586,https://cde.ucr.cjis.gov/LATEST/webapp/#/pages/downloads (Law Enforcement Employees Data; file additional-datasets/law-enforcement/lee_1960_2025.csv),2026-09-14
FL0360100,Fort Myers,Fort Myers,FL,2022,232,89,321,98538,https://cde.ucr.cjis.gov/LATEST/webapp/#/pages/downloads (Law Enforcement Employees Data; file additional-datasets/law-enforcement/lee_1960_2025.csv),2026-09-14
FL0360100,Fort Myers,Fort Myers,FL,2023,226,88,314,100625,https://cde.ucr.cjis.gov/LATEST/webapp/#/pages/downloads (Law Enforcement Employees Data; file additional-datasets/law-enforcement/lee_1960_2025.csv),2026-09-14
FL0360100,Fort Myers,Fort Myers,FL,2024,235,94,329,101014,https://cde.ucr.cjis.gov/LATEST/webapp/#/pages/downloads (Law Enforcement Employees Data; file additional-datasets/law-enforcement/lee_1960_2025.csv),2026-09-14
FL0010100,Gainesville,Gainesville,FL,2017,284,114,398,132777,https://cde.ucr.cjis.gov/LATEST/webapp/#/pages/downloads (Law Enforcement Employees Data; file additional-datasets/law-enforcement/lee_1960_2025.csv),2026-09-14
FL0010100,Gainesville,Gainesville,FL,2018,262,68,330,133400,https://cde.ucr.cjis.gov/LATEST/webapp/#/pages/downloads (Law Enforcement Employees Data; file additional-datasets/law-enforcement/lee_1960_2025.csv),2026-09-14
FL0010100,Gainesville,Gainesville,FL,2019,253,90,343,135085,https://cde.ucr.cjis.gov/LATEST/webapp/#/pages/downloads (Law Enforcement Employees Data; file additional-datasets/law-enforcement/lee_1960_2025.csv),2026-09-14
FL0010100,Gainesville,Gainesville,FL,2020,268,99,367,135076,https://cde.ucr.cjis.gov/LATEST/webapp/#/pages/downloads (Law Enforcement Employees Data; file additional-datasets/law-enforcement/lee_1960_2025.csv),2026-09-14
FL0010100,Gainesville,Gainesville,FL,2021,247,86,333,136085,https://cde.ucr.cjis.gov/LATEST/webapp/#/pages/downloads (Law Enforcement Employees Data; file additional-datasets/law-enforcement/lee_1960_2025.csv),2026-09-14
FL0010100,Gainesville,Gainesville,FL,2022,233,78,311,140869,https://cde.ucr.cjis.gov/LATEST/webapp/#/pages/downloads (Law Enforcement Employees Data; file additional-datasets/law-enforcement/lee_1960_2025.csv),2026-09-14
FL0010100,Gainesville,Gainesville,FL,2023,225,86,311,146744,https://cde.ucr.cjis.gov/LATEST/webapp/#/pages/downloads (Law Enforcement Employees Data; file additional-datasets/law-enforcement/lee_1960_2025.csv),2026-09-14
FL0010100,Gainesville,Gainesville,FL,2024,239,73,312,147022,https://cde.ucr.cjis.gov/LATEST/webapp/#/pages/downloads (Law Enforcement Employees Data; file additional-datasets/law-enforcement/lee_1960_2025.csv),2026-09-14
FL0130400,Hialeah,Hialeah,FL,2017,281,66,347,238260,https://cde.ucr.cjis.gov/LATEST/webapp/#/pages/downloads (Law Enforcement Employees Data; file additional-datasets/law-enforcement/lee_1960_2025.csv),2026-09-14
FL0130400,Hialeah,Hialeah,FL,2018,269,66,335,241778,https://cde.ucr.cjis.gov/LATEST/webapp/#/pages/downloads (Law Enforcement Employees Data; file additional-datasets/law-enforcement/lee_1960_2025.csv),2026-09-14
FL0130400,Hialeah,Hialeah,FL,2019,272,72,344,240688,https://cde.ucr.cjis.gov/LATEST/webapp/#/pages/downloads (Law Enforcement Employees Data; file additional-datasets/law-enforcement/lee_1960_2025.csv),2026-09-14
FL0130400,Hialeah,Hialeah,FL,2020,277,73,350,234235,https://cde.ucr.cjis.gov/LATEST/webapp/#/pages/downloads (Law Enforcement Employees Data; file additional-datasets/law-enforcement/lee_1960_2025.csv),2026-09-14
FL0130400,Hialeah,Hialeah,FL,2021,288,65,353,232699,https://cde.ucr.cjis.gov/LATEST/webapp/#/pages/downloads (Law Enforcement Employees Data; file additional-datasets/law-enforcement/lee_1960_2025.csv),2026-09-14
FL0130400,Hialeah,Hialeah,FL,2022,290,64,354,218839,https://cde.ucr.cjis.gov/LATEST/webapp/#/pages/downloads (Law Enforcement Employees Data; file additional-datasets/law-enforcement/lee_1960_2025.csv),2026-09-14
FL0130400,Hialeah,Hialeah,FL,2023,296,68,364,219251,https://cde.ucr.cjis.gov/LATEST/webapp/#/pages/downloads (Law Enforcement Employees Data; file additional-datasets/law-enforcement/lee_1960_2025.csv),2026-09-14
FL0130400,Hialeah,Hialeah,FL,2024,309,113,422,220935,https://cde.ucr.cjis.gov/LATEST/webapp/#/pages/downloads (Law Enforcement Employees Data; file additional-datasets/law-enforcement/lee_1960_2025.csv),2026-09-14
FL0060500,Hollywood,Hollywood,FL,2017,302,89,391,153893,https://cde.ucr.cjis.gov/LATEST/webapp/#/pages/downloads (Law Enforcement Employees Data; file additional-datasets/law-enforcement/lee_1960_2025.csv),2026-09-14
FL0060500,Hollywood,Hollywood,FL,2018,300,94,394,155503,https://cde.ucr.cjis.gov/LATEST/webapp/#/pages/downloads (Law Enforcement Employees Data; file additional-datasets/law-enforcement/lee_1960_2025.csv),2026-09-14
FL0060500,Hollywood,Hollywood,FL,2020,319,88,407,156434,https://cde.ucr.cjis.gov/LATEST/webapp/#/pages/downloads (Law Enforcement Employees Data; file additional-datasets/law-enforcement/lee_1960_2025.csv),2026-09-14
FL0060500,Hollywood,Hollywood,FL,2021,314,93,407,153948,https://cde.ucr.cjis.gov/LATEST/webapp/#/pages/downloads (Law Enforcement Employees Data; file additional-datasets/law-enforcement/lee_1960_2025.csv),2026-09-14
FL0060500,Hollywood,Hollywood,FL,2022,324,112,436,151559,https://cde.ucr.cjis.gov/LATEST/webapp/#/pages/downloads (Law Enforcement Employees Data; file additional-datasets/law-enforcement/lee_1960_2025.csv),2026-09-14
FL0060500,Hollywood,Hollywood,FL,2023,333,109,442,152579,https://cde.ucr.cjis.gov/LATEST/webapp/#/pages/downloads (Law Enforcement Employees Data; file additional-datasets/law-enforcement/lee_1960_2025.csv),2026-09-14
FL0060500,Hollywood,Hollywood,FL,2024,336,101,437,154214,https://cde.ucr.cjis.gov/LATEST/webapp/#/pages/downloads (Law Enforcement Employees Data; file additional-datasets/law-enforcement/lee_1960_2025.csv),2026-09-14
FL0160200,Jacksonville,Jacksonville,FL,2017,1665,1429,3094,894638,https://cde.ucr.cjis.gov/LATEST/webapp/#/pages/downloads (Law Enforcement Employees Data; file additional-datasets/law-enforcement/lee_1960_2025.csv),2026-09-14
FL0160200,Jacksonville,Jacksonville,FL,2018,1724,1308,3032,903213,https://cde.ucr.cjis.gov/LATEST/webapp/#/pages/downloads (Law Enforcement Employees Data; file additional-datasets/law-enforcement/lee_1960_2025.csv),2026-09-14
FL0160200,Jacksonville,Jacksonville,FL,2019,1731,1319,3050,909142,https://cde.ucr.cjis.gov/LATEST/webapp/#/pages/downloads (Law Enforcement Employees Data; file additional-datasets/law-enforcement/lee_1960_2025.csv),2026-09-14
FL0160200,Jacksonville,Jacksonville,FL,2020,1789,1289,3078,920508,https://cde.ucr.cjis.gov/LATEST/webapp/#/pages/downloads (Law Enforcement Employees Data; file additional-datasets/law-enforcement/lee_1960_2025.csv),2026-09-14
FL0531200,Lakeland,Lakeland,FL,2017,230,106,336,107927,https://cde.ucr.cjis.gov/LATEST/webapp/#/pages/downloads (Law Enforcement Employees Data; file additional-datasets/law-enforcement/lee_1960_2025.csv),2026-09-14
FL0531200,Lakeland,Lakeland,FL,2018,241,110,351,109616,https://cde.ucr.cjis.gov/LATEST/webapp/#/pages/downloads (Law Enforcement Employees Data; file additional-datasets/law-enforcement/lee_1960_2025.csv),2026-09-14
FL0531200,Lakeland,Lakeland,FL,2019,236,100,336,112237,https://cde.ucr.cjis.gov/LATEST/webapp/#/pages/downloads (Law Enforcement Employees Data; file additional-datasets/law-enforcement/lee_1960_2025.csv),2026-09-14
FL0531200,Lakeland,Lakeland,FL,2020,239,112,351,113876,https://cde.ucr.cjis.gov/LATEST/webapp/#/pages/downloads (Law Enforcement Employees Data; file additional-datasets/law-enforcement/lee_1960_2025.csv),2026-09-14
FL0531200,Lakeland,Lakeland,FL,2021,248,107,355,117214,https://cde.ucr.cjis.gov/LATEST/webapp/#/pages/downloads (Law Enforcement Employees Data; file additional-datasets/law-enforcement/lee_1960_2025.csv),2026-09-14
FL0531200,Lakeland,Lakeland,FL,2022,252,106,358,118365,https://cde.ucr.cjis.gov/LATEST/webapp/#/pages/downloads (Law Enforcement Employees Data; file additional-datasets/law-enforcement/lee_1960_2025.csv),2026-09-14
FL0531200,Lakeland,Lakeland,FL,2023,255,107,362,123284,https://cde.ucr.cjis.gov/LATEST/webapp/#/pages/downloads (Law Enforcement Employees Data; file additional-datasets/law-enforcement/lee_1960_2025.csv),2026-09-14
FL0531200,Lakeland,Lakeland,FL,2024,246,110,356,125193,https://cde.ucr.cjis.gov/LATEST/webapp/#/pages/downloads (Law Enforcement Employees Data; file additional-datasets/law-enforcement/lee_1960_2025.csv),2026-09-14
FL0130600,Miami,Miami,FL,2017,1217,449,1666,463009,https://cde.ucr.cjis.gov/LATEST/webapp/#/pages/downloads (Law Enforcement Employees Data; file additional-datasets/law-enforcement/lee_1960_2025.csv),2026-09-14
FL0130600,Miami,Miami,FL,2018,1309,432,1741,473047,https://cde.ucr.cjis.gov/LATEST/webapp/#/pages/downloads (Law Enforcement Employees Data; file additional-datasets/law-enforcement/lee_1960_2025.csv),2026-09-14
FL0130600,Miami,Miami,FL,2019,1298,462,1760,480505,https://cde.ucr.cjis.gov/LATEST/webapp/#/pages/downloads (Law Enforcement Employees Data; file additional-datasets/law-enforcement/lee_1960_2025.csv),2026-09-14
FL0130600,Miami,Miami,FL,2020,1317,420,1737,476102,https://cde.ucr.cjis.gov/LATEST/webapp/#/pages/downloads (Law Enforcement Employees Data; file additional-datasets/law-enforcement/lee_1960_2025.csv),2026-09-14
FL0130600,Miami,Miami,FL,2021,1275,421,1696,479262,https://cde.ucr.cjis.gov/LATEST/webapp/#/pages/downloads (Law Enforcement Employees Data; file additional-datasets/law-enforcement/lee_1960_2025.csv),2026-09-14
FL0130600,Miami,Miami,FL,2022,1269,419,1688,437900,https://cde.ucr.cjis.gov/LATEST/webapp/#/pages/downloads (Law Enforcement Employees Data; file additional-datasets/law-enforcement/lee_1960_2025.csv),2026-09-14
FL0130600,Miami,Miami,FL,2023,1304,353,1657,452929,https://cde.ucr.cjis.gov/LATEST/webapp/#/pages/downloads (Law Enforcement Employees Data; file additional-datasets/law-enforcement/lee_1960_2025.csv),2026-09-14
FL0130600,Miami,Miami,FL,2024,1334,338,1672,460392,https://cde.ucr.cjis.gov/LATEST/webapp/#/pages/downloads (Law Enforcement Employees Data; file additional-datasets/law-enforcement/lee_1960_2025.csv),2026-09-14
FL0130700,Miami Beach,Miami Beach,FL,2018,393,115,508,92928,https://cde.ucr.cjis.gov/LATEST/webapp/#/pages/downloads (Law Enforcement Employees Data; file additional-datasets/law-enforcement/lee_1960_2025.csv),2026-09-14
FL0130700,Miami Beach,Miami Beach,FL,2019,410,81,491,92185,https://cde.ucr.cjis.gov/LATEST/webapp/#/pages/downloads (Law Enforcement Employees Data; file additional-datasets/law-enforcement/lee_1960_2025.csv),2026-09-14
FL0139700,Miami Gardens,Miami Gardens,FL,2017,204,56,260,114008,https://cde.ucr.cjis.gov/LATEST/webapp/#/pages/downloads (Law Enforcement Employees Data; file additional-datasets/law-enforcement/lee_1960_2025.csv),2026-09-14
FL0139700,Miami Gardens,Miami Gardens,FL,2018,214,50,264,114670,https://cde.ucr.cjis.gov/LATEST/webapp/#/pages/downloads (Law Enforcement Employees Data; file additional-datasets/law-enforcement/lee_1960_2025.csv),2026-09-14
FL0139700,Miami Gardens,Miami Gardens,FL,2019,203,62,265,113786,https://cde.ucr.cjis.gov/LATEST/webapp/#/pages/downloads (Law Enforcement Employees Data; file additional-datasets/law-enforcement/lee_1960_2025.csv),2026-09-14
FL0139700,Miami Gardens,Miami Gardens,FL,2020,212,49,261,110284,https://cde.ucr.cjis.gov/LATEST/webapp/#/pages/downloads (Law Enforcement Employees Data; file additional-datasets/law-enforcement/lee_1960_2025.csv),2026-09-14
FL0139700,Miami Gardens,Miami Gardens,FL,2021,206,46,252,109296,https://cde.ucr.cjis.gov/LATEST/webapp/#/pages/downloads (Law Enforcement Employees Data; file additional-datasets/law-enforcement/lee_1960_2025.csv),2026-09-14
FL0139700,Miami Gardens,Miami Gardens,FL,2022,209,48,257,110649,https://cde.ucr.cjis.gov/LATEST/webapp/#/pages/downloads (Law Enforcement Employees Data; file additional-datasets/law-enforcement/lee_1960_2025.csv),2026-09-14
FL0139700,Miami Gardens,Miami Gardens,FL,2023,209,49,258,110010,https://cde.ucr.cjis.gov/LATEST/webapp/#/pages/downloads (Law Enforcement Employees Data; file additional-datasets/law-enforcement/lee_1960_2025.csv),2026-09-14
FL0139700,Miami Gardens,Miami Gardens,FL,2024,201,51,252,110466,https://cde.ucr.cjis.gov/LATEST/webapp/#/pages/downloads (Law Enforcement Employees Data; file additional-datasets/law-enforcement/lee_1960_2025.csv),2026-09-14
FL0062200,Miramar,Miramar,FL,2017,214,79,293,141328,https://cde.ucr.cjis.gov/LATEST/webapp/#/pages/downloads (Law Enforcement Employees Data; file additional-datasets/law-enforcement/lee_1960_2025.csv),2026-09-14
FL0062200,Miramar,Miramar,FL,2018,215,75,290,143103,https://cde.ucr.cjis.gov/LATEST/webapp/#/pages/downloads (Law Enforcement Employees Data; file additional-datasets/law-enforcement/lee_1960_2025.csv),2026-09-14
FL0062200,Miramar,Miramar,FL,2019,219,81,300,143334,https://cde.ucr.cjis.gov/LATEST/webapp/#/pages/downloads (Law Enforcement Employees Data; file additional-datasets/law-enforcement/lee_1960_2025.csv),2026-09-14
FL0062200,Miramar,Miramar,FL,2020,203,80,283,143470,https://cde.ucr.cjis.gov/LATEST/webapp/#/pages/downloads (Law Enforcement Employees Data; file additional-datasets/law-enforcement/lee_1960_2025.csv),2026-09-14
FL0062200,Miramar,Miramar,FL,2021,207,85,292,135497,https://cde.ucr.cjis.gov/LATEST/webapp/#/pages/downloads (Law Enforcement Employees Data; file additional-datasets/law-enforcement/lee_1960_2025.csv),2026-09-14
FL0062200,Miramar,Miramar,FL,2022,216,101,317,135785,https://cde.ucr.cjis.gov/LATEST/webapp/#/pages/downloads (Law Enforcement Employees Data; file additional-datasets/law-enforcement/lee_1960_2025.csv),2026-09-14
FL0062200,Miramar,Miramar,FL,2023,213,84,297,138613,https://cde.ucr.cjis.gov/LATEST/webapp/#/pages/downloads (Law Enforcement Employees Data; file additional-datasets/law-enforcement/lee_1960_2025.csv),2026-09-14
FL0062200,Miramar,Miramar,FL,2024,226,81,307,139611,https://cde.ucr.cjis.gov/LATEST/webapp/#/pages/downloads (Law Enforcement Employees Data; file additional-datasets/law-enforcement/lee_1960_2025.csv),2026-09-14
FL0580300,North Port,North Port,FL,2023,131,41,172,90356,https://cde.ucr.cjis.gov/LATEST/webapp/#/pages/downloads (Law Enforcement Employees Data; file additional-datasets/law-enforcement/lee_1960_2025.csv),2026-09-14
FL0580300,North Port,North Port,FL,2024,110,35,145,93930,https://cde.ucr.cjis.gov/LATEST/webapp/#/pages/downloads (Law Enforcement Employees Data; file additional-datasets/law-enforcement/lee_1960_2025.csv),2026-09-14
FL0480400,Orlando,Orlando,FL,2017,714,212,926,283982,https://cde.ucr.cjis.gov/LATEST/webapp/#/pages/downloads (Law Enforcement Employees Data; file additional-datasets/law-enforcement/lee_1960_2025.csv),2026-09-14
FL0480400,Orlando,Orlando,FL,2018,729,215,944,286679,https://cde.ucr.cjis.gov/LATEST/webapp/#/pages/downloads (Law Enforcement Employees Data; file additional-datasets/law-enforcement/lee_1960_2025.csv),2026-09-14
FL0480400,Orlando,Orlando,FL,2019,745,217,962,292120,https://cde.ucr.cjis.gov/LATEST/webapp/#/pages/downloads (Law Enforcement Employees Data; file additional-datasets/law-enforcement/lee_1960_2025.csv),2026-09-14
FL0480400,Orlando,Orlando,FL,2020,806,268,1074,293363,https://cde.ucr.cjis.gov/LATEST/webapp/#/pages/downloads (Law Enforcement Employees Data; file additional-datasets/law-enforcement/lee_1960_2025.csv),2026-09-14
FL0480400,Orlando,Orlando,FL,2021,822,220,1042,295040,https://cde.ucr.cjis.gov/LATEST/webapp/#/pages/downloads (Law Enforcement Employees Data; file additional-datasets/law-enforcement/lee_1960_2025.csv),2026-09-14
FL0480400,Orlando,Orlando,FL,2022,790,240,1030,310713,https://cde.ucr.cjis.gov/LATEST/webapp/#/pages/downloads (Law Enforcement Employees Data; file additional-datasets/law-enforcement/lee_1960_2025.csv),2026-09-14
FL0480400,Orlando,Orlando,FL,2023,834,235,1069,320346,https://cde.ucr.cjis.gov/LATEST/webapp/#/pages/downloads (Law Enforcement Employees Data; file additional-datasets/law-enforcement/lee_1960_2025.csv),2026-09-14
FL0480400,Orlando,Orlando,FL,2024,885,257,1142,325168,https://cde.ucr.cjis.gov/LATEST/webapp/#/pages/downloads (Law Enforcement Employees Data; file additional-datasets/law-enforcement/lee_1960_2025.csv),2026-09-14
FL0051200,Palm Bay,Palm Bay,FL,2017,156,62,218,111275,https://cde.ucr.cjis.gov/LATEST/webapp/#/pages/downloads (Law Enforcement Employees Data; file additional-datasets/law-enforcement/lee_1960_2025.csv),2026-09-14
FL0051200,Palm Bay,Palm Bay,FL,2018,152,57,209,112902,https://cde.ucr.cjis.gov/LATEST/webapp/#/pages/downloads (Law Enforcement Employees Data; file additional-datasets/law-enforcement/lee_1960_2025.csv),2026-09-14
FL0051200,Palm Bay,Palm Bay,FL,2019,156,63,219,115520,https://cde.ucr.cjis.gov/LATEST/webapp/#/pages/downloads (Law Enforcement Employees Data; file additional-datasets/law-enforcement/lee_1960_2025.csv),2026-09-14
FL0051200,Palm Bay,Palm Bay,FL,2020,151,61,212,116897,https://cde.ucr.cjis.gov/LATEST/webapp/#/pages/downloads (Law Enforcement Employees Data; file additional-datasets/law-enforcement/lee_1960_2025.csv),2026-09-14
FL0051200,Palm Bay,Palm Bay,FL,2021,146,58,204,118296,https://cde.ucr.cjis.gov/LATEST/webapp/#/pages/downloads (Law Enforcement Employees Data; file additional-datasets/law-enforcement/lee_1960_2025.csv),2026-09-14
FL0051200,Palm Bay,Palm Bay,FL,2022,155,70,225,125766,https://cde.ucr.cjis.gov/LATEST/webapp/#/pages/downloads (Law Enforcement Employees Data; file additional-datasets/law-enforcement/lee_1960_2025.csv),2026-09-14
FL0051200,Palm Bay,Palm Bay,FL,2023,170,71,241,134040,https://cde.ucr.cjis.gov/LATEST/webapp/#/pages/downloads (Law Enforcement Employees Data; file additional-datasets/law-enforcement/lee_1960_2025.csv),2026-09-14
FL0060800,Pembroke Pines,Pembroke Pines,FL,2017,241,86,327,170923,https://cde.ucr.cjis.gov/LATEST/webapp/#/pages/downloads (Law Enforcement Employees Data; file additional-datasets/law-enforcement/lee_1960_2025.csv),2026-09-14
FL0060800,Pembroke Pines,Pembroke Pines,FL,2018,267,94,361,173053,https://cde.ucr.cjis.gov/LATEST/webapp/#/pages/downloads (Law Enforcement Employees Data; file additional-datasets/law-enforcement/lee_1960_2025.csv),2026-09-14
FL0060800,Pembroke Pines,Pembroke Pines,FL,2019,240,92,332,174641,https://cde.ucr.cjis.gov/LATEST/webapp/#/pages/downloads (Law Enforcement Employees Data; file additional-datasets/law-enforcement/lee_1960_2025.csv),2026-09-14
FL0060800,Pembroke Pines,Pembroke Pines,FL,2020,235,96,331,175757,https://cde.ucr.cjis.gov/LATEST/webapp/#/pages/downloads (Law Enforcement Employees Data; file additional-datasets/law-enforcement/lee_1960_2025.csv),2026-09-14
FL0060800,Pembroke Pines,Pembroke Pines,FL,2021,244,96,340,172163,https://cde.ucr.cjis.gov/LATEST/webapp/#/pages/downloads (Law Enforcement Employees Data; file additional-datasets/law-enforcement/lee_1960_2025.csv),2026-09-14
FL0060800,Pembroke Pines,Pembroke Pines,FL,2022,251,94,345,167816,https://cde.ucr.cjis.gov/LATEST/webapp/#/pages/downloads (Law Enforcement Employees Data; file additional-datasets/law-enforcement/lee_1960_2025.csv),2026-09-14
FL0060800,Pembroke Pines,Pembroke Pines,FL,2023,257,90,347,169288,https://cde.ucr.cjis.gov/LATEST/webapp/#/pages/downloads (Law Enforcement Employees Data; file additional-datasets/law-enforcement/lee_1960_2025.csv),2026-09-14
FL0060800,Pembroke Pines,Pembroke Pines,FL,2024,247,95,342,171138,https://cde.ucr.cjis.gov/LATEST/webapp/#/pages/downloads (Law Enforcement Employees Data; file additional-datasets/law-enforcement/lee_1960_2025.csv),2026-09-14
FL0060600,Plantation,Plantation,FL,2017,169,92,261,93995,https://cde.ucr.cjis.gov/LATEST/webapp/#/pages/downloads (Law Enforcement Employees Data; file additional-datasets/law-enforcement/lee_1960_2025.csv),2026-09-14
FL0060600,Plantation,Plantation,FL,2018,183,94,277,95204,https://cde.ucr.cjis.gov/LATEST/webapp/#/pages/downloads (Law Enforcement Employees Data; file additional-datasets/law-enforcement/lee_1960_2025.csv),2026-09-14
FL0060600,Plantation,Plantation,FL,2019,165,97,262,95474,https://cde.ucr.cjis.gov/LATEST/webapp/#/pages/downloads (Law Enforcement Employees Data; file additional-datasets/law-enforcement/lee_1960_2025.csv),2026-09-14
FL0060600,Plantation,Plantation,FL,2020,164,89,253,95669,https://cde.ucr.cjis.gov/LATEST/webapp/#/pages/downloads (Law Enforcement Employees Data; file additional-datasets/law-enforcement/lee_1960_2025.csv),2026-09-14
FL0060600,Plantation,Plantation,FL,2021,166,86,252,92278,https://cde.ucr.cjis.gov/LATEST/webapp/#/pages/downloads (Law Enforcement Employees Data; file additional-datasets/law-enforcement/lee_1960_2025.csv),2026-09-14
FL0060600,Plantation,Plantation,FL,2022,164,92,256,94014,https://cde.ucr.cjis.gov/LATEST/webapp/#/pages/downloads (Law Enforcement Employees Data; file additional-datasets/law-enforcement/lee_1960_2025.csv),2026-09-14
FL0060600,Plantation,Plantation,FL,2023,163,96,259,98106,https://cde.ucr.cjis.gov/LATEST/webapp/#/pages/downloads (Law Enforcement Employees Data; file additional-datasets/law-enforcement/lee_1960_2025.csv),2026-09-14
FL0060600,Plantation,Plantation,FL,2024,165,93,258,98100,https://cde.ucr.cjis.gov/LATEST/webapp/#/pages/downloads (Law Enforcement Employees Data; file additional-datasets/law-enforcement/lee_1960_2025.csv),2026-09-14
FL0060700,Pompano Beach,Pompano Beach,FL,2017,208,27,235,111027,https://cde.ucr.cjis.gov/LATEST/webapp/#/pages/downloads (Law Enforcement Employees Data; file additional-datasets/law-enforcement/lee_1960_2025.csv),2026-09-14
FL0060700,Pompano Beach,Pompano Beach,FL,2018,231,27,258,112045,https://cde.ucr.cjis.gov/LATEST/webapp/#/pages/downloads (Law Enforcement Employees Data; file additional-datasets/law-enforcement/lee_1960_2025.csv),2026-09-14
FL0060700,Pompano Beach,Pompano Beach,FL,2019,224,28,252,113536,https://cde.ucr.cjis.gov/LATEST/webapp/#/pages/downloads (Law Enforcement Employees Data; file additional-datasets/law-enforcement/lee_1960_2025.csv),2026-09-14
FL0060700,Pompano Beach,Pompano Beach,FL,2021,243,30,273,112691,https://cde.ucr.cjis.gov/LATEST/webapp/#/pages/downloads (Law Enforcement Employees Data; file additional-datasets/law-enforcement/lee_1960_2025.csv),2026-09-14
FL0060700,Pompano Beach,Pompano Beach,FL,2022,240,30,270,110733,https://cde.ucr.cjis.gov/LATEST/webapp/#/pages/downloads (Law Enforcement Employees Data; file additional-datasets/law-enforcement/lee_1960_2025.csv),2026-09-14
FL0060700,Pompano Beach,Pompano Beach,FL,2023,235,28,263,112478,https://cde.ucr.cjis.gov/LATEST/webapp/#/pages/downloads (Law Enforcement Employees Data; file additional-datasets/law-enforcement/lee_1960_2025.csv),2026-09-14
FL0560200,Port St. Lucie,Port St. Lucie,FL,2017,231,66,297,188652,https://cde.ucr.cjis.gov/LATEST/webapp/#/pages/downloads (Law Enforcement Employees Data; file additional-datasets/law-enforcement/lee_1960_2025.csv),2026-09-14
FL0560200,Port St. Lucie,Port St. Lucie,FL,2018,232,67,299,193137,https://cde.ucr.cjis.gov/LATEST/webapp/#/pages/downloads (Law Enforcement Employees Data; file additional-datasets/law-enforcement/lee_1960_2025.csv),2026-09-14
FL0560200,Port St. Lucie,Port St. Lucie,FL,2019,232,68,300,199433,https://cde.ucr.cjis.gov/LATEST/webapp/#/pages/downloads (Law Enforcement Employees Data; file additional-datasets/law-enforcement/lee_1960_2025.csv),2026-09-14
FL0560200,Port St. Lucie,Port St. Lucie,FL,2020,242,68,310,206450,https://cde.ucr.cjis.gov/LATEST/webapp/#/pages/downloads (Law Enforcement Employees Data; file additional-datasets/law-enforcement/lee_1960_2025.csv),2026-09-14
FL0560200,Port St. Lucie,Port St. Lucie,FL,2021,248,71,319,214836,https://cde.ucr.cjis.gov/LATEST/webapp/#/pages/downloads (Law Enforcement Employees Data; file additional-datasets/law-enforcement/lee_1960_2025.csv),2026-09-14
FL0560200,Port St. Lucie,Port St. Lucie,FL,2022,251,71,322,228855,https://cde.ucr.cjis.gov/LATEST/webapp/#/pages/downloads (Law Enforcement Employees Data; file additional-datasets/law-enforcement/lee_1960_2025.csv),2026-09-14
FL0560200,Port St. Lucie,Port St. Lucie,FL,2023,281,75,356,245394,https://cde.ucr.cjis.gov/LATEST/webapp/#/pages/downloads (Law Enforcement Employees Data; file additional-datasets/law-enforcement/lee_1960_2025.csv),2026-09-14
FL0560200,Port St. Lucie,Port St. Lucie,FL,2024,288,83,371,259267,https://cde.ucr.cjis.gov/LATEST/webapp/#/pages/downloads (Law Enforcement Employees Data; file additional-datasets/law-enforcement/lee_1960_2025.csv),2026-09-14
FL0521400,St. Petersburg,St. Petersburg,FL,2017,556,200,756,263712,https://cde.ucr.cjis.gov/LATEST/webapp/#/pages/downloads (Law Enforcement Employees Data; file additional-datasets/law-enforcement/lee_1960_2025.csv),2026-09-14
FL0521400,St. Petersburg,St. Petersburg,FL,2018,549,232,781,265942,https://cde.ucr.cjis.gov/LATEST/webapp/#/pages/downloads (Law Enforcement Employees Data; file additional-datasets/law-enforcement/lee_1960_2025.csv),2026-09-14
FL0521400,St. Petersburg,St. Petersburg,FL,2019,552,205,757,267696,https://cde.ucr.cjis.gov/LATEST/webapp/#/pages/downloads (Law Enforcement Employees Data; file additional-datasets/law-enforcement/lee_1960_2025.csv),2026-09-14
FL0521400,St. Petersburg,St. Petersburg,FL,2020,557,219,776,267690,https://cde.ucr.cjis.gov/LATEST/webapp/#/pages/downloads (Law Enforcement Employees Data; file additional-datasets/law-enforcement/lee_1960_2025.csv),2026-09-14
FL0521400,St. Petersburg,St. Petersburg,FL,2021,551,199,750,270175,https://cde.ucr.cjis.gov/LATEST/webapp/#/pages/downloads (Law Enforcement Employees Data; file additional-datasets/law-enforcement/lee_1960_2025.csv),2026-09-14
FL0521400,St. Petersburg,St. Petersburg,FL,2022,554,213,767,257745,https://cde.ucr.cjis.gov/LATEST/webapp/#/pages/downloads (Law Enforcement Employees Data; file additional-datasets/law-enforcement/lee_1960_2025.csv),2026-09-14
FL0521400,St. Petersburg,St. Petersburg,FL,2023,544,223,767,262395,https://cde.ucr.cjis.gov/LATEST/webapp/#/pages/downloads (Law Enforcement Employees Data; file additional-datasets/law-enforcement/lee_1960_2025.csv),2026-09-14
FL0521400,St. Petersburg,St. Petersburg,FL,2024,559,219,778,264999,https://cde.ucr.cjis.gov/LATEST/webapp/#/pages/downloads (Law Enforcement Employees Data; file additional-datasets/law-enforcement/lee_1960_2025.csv),2026-09-14
FL0062700,Sunrise,Sunrise,FL,2018,145,85,230,95812,https://cde.ucr.cjis.gov/LATEST/webapp/#/pages/downloads (Law Enforcement Employees Data; file additional-datasets/law-enforcement/lee_1960_2025.csv),2026-09-14
FL0062700,Sunrise,Sunrise,FL,2019,187,62,249,96919,https://cde.ucr.cjis.gov/LATEST/webapp/#/pages/downloads (Law Enforcement Employees Data; file additional-datasets/law-enforcement/lee_1960_2025.csv),2026-09-14
FL0062700,Sunrise,Sunrise,FL,2020,181,55,236,96428,https://cde.ucr.cjis.gov/LATEST/webapp/#/pages/downloads (Law Enforcement Employees Data; file additional-datasets/law-enforcement/lee_1960_2025.csv),2026-09-14
FL0062700,Sunrise,Sunrise,FL,2021,177,59,236,97895,https://cde.ucr.cjis.gov/LATEST/webapp/#/pages/downloads (Law Enforcement Employees Data; file additional-datasets/law-enforcement/lee_1960_2025.csv),2026-09-14
FL0062700,Sunrise,Sunrise,FL,2022,190,59,249,95018,https://cde.ucr.cjis.gov/LATEST/webapp/#/pages/downloads (Law Enforcement Employees Data; file additional-datasets/law-enforcement/lee_1960_2025.csv),2026-09-14
FL0062700,Sunrise,Sunrise,FL,2023,186,88,274,95911,https://cde.ucr.cjis.gov/LATEST/webapp/#/pages/downloads (Law Enforcement Employees Data; file additional-datasets/law-enforcement/lee_1960_2025.csv),2026-09-14
FL0062700,Sunrise,Sunrise,FL,2024,170,52,222,96709,https://cde.ucr.cjis.gov/LATEST/webapp/#/pages/downloads (Law Enforcement Employees Data; file additional-datasets/law-enforcement/lee_1960_2025.csv),2026-09-14
FL0370300,Tallahassee,Tallahassee,FL,2017,375,71,446,192455,https://cde.ucr.cjis.gov/LATEST/webapp/#/pages/downloads (Law Enforcement Employees Data; file additional-datasets/law-enforcement/lee_1960_2025.csv),2026-09-14
FL0370300,Tallahassee,Tallahassee,FL,2018,377,70,447,192443,https://cde.ucr.cjis.gov/LATEST/webapp/#/pages/downloads (Law Enforcement Employees Data; file additional-datasets/law-enforcement/lee_1960_2025.csv),2026-09-14
FL0370300,Tallahassee,Tallahassee,FL,2019,369,65,434,195104,https://cde.ucr.cjis.gov/LATEST/webapp/#/pages/downloads (Law Enforcement Employees Data; file additional-datasets/law-enforcement/lee_1960_2025.csv),2026-09-14
FL0370300,Tallahassee,Tallahassee,FL,2020,366,93,459,196012,https://cde.ucr.cjis.gov/LATEST/webapp/#/pages/downloads (Law Enforcement Employees Data; file additional-datasets/law-enforcement/lee_1960_2025.csv),2026-09-14
FL0370300,Tallahassee,Tallahassee,FL,2021,367,78,445,197883,https://cde.ucr.cjis.gov/LATEST/webapp/#/pages/downloads (Law Enforcement Employees Data; file additional-datasets/law-enforcement/lee_1960_2025.csv),2026-09-14
FL0370300,Tallahassee,Tallahassee,FL,2022,357,105,462,197865,https://cde.ucr.cjis.gov/LATEST/webapp/#/pages/downloads (Law Enforcement Employees Data; file additional-datasets/law-enforcement/lee_1960_2025.csv),2026-09-14
FL0370300,Tallahassee,Tallahassee,FL,2023,356,106,462,203661,https://cde.ucr.cjis.gov/LATEST/webapp/#/pages/downloads (Law Enforcement Employees Data; file additional-datasets/law-enforcement/lee_1960_2025.csv),2026-09-14
FL0370300,Tallahassee,Tallahassee,FL,2024,362,115,477,203672,https://cde.ucr.cjis.gov/LATEST/webapp/#/pages/downloads (Law Enforcement Employees Data; file additional-datasets/law-enforcement/lee_1960_2025.csv),2026-09-14
FL0290200,Tampa,Tampa,FL,2017,956,257,1213,384360,https://cde.ucr.cjis.gov/LATEST/webapp/#/pages/downloads (Law Enforcement Employees Data; file additional-datasets/law-enforcement/lee_1960_2025.csv),2026-09-14
FL0290200,Tampa,Tampa,FL,2018,946,260,1206,392945,https://cde.ucr.cjis.gov/LATEST/webapp/#/pages/downloads (Law Enforcement Employees Data; file additional-datasets/law-enforcement/lee_1960_2025.csv),2026-09-14
FL0290200,Tampa,Tampa,FL,2019,936,279,1215,400501,https://cde.ucr.cjis.gov/LATEST/webapp/#/pages/downloads (Law Enforcement Employees Data; file additional-datasets/law-enforcement/lee_1960_2025.csv),2026-09-14
FL0290200,Tampa,Tampa,FL,2020,926,255,1181,407350,https://cde.ucr.cjis.gov/LATEST/webapp/#/pages/downloads (Law Enforcement Employees Data; file additional-datasets/law-enforcement/lee_1960_2025.csv),2026-09-14
FL0290200,Tampa,Tampa,FL,2021,919,258,1177,415413,https://cde.ucr.cjis.gov/LATEST/webapp/#/pages/downloads (Law Enforcement Employees Data; file additional-datasets/law-enforcement/lee_1960_2025.csv),2026-09-14
FL0290200,Tampa,Tampa,FL,2022,929,266,1195,390145,https://cde.ucr.cjis.gov/LATEST/webapp/#/pages/downloads (Law Enforcement Employees Data; file additional-datasets/law-enforcement/lee_1960_2025.csv),2026-09-14
FL0290200,Tampa,Tampa,FL,2023,944,265,1209,403407,https://cde.ucr.cjis.gov/LATEST/webapp/#/pages/downloads (Law Enforcement Employees Data; file additional-datasets/law-enforcement/lee_1960_2025.csv),2026-09-14
FL0290200,Tampa,Tampa,FL,2024,947,277,1224,408646,https://cde.ucr.cjis.gov/LATEST/webapp/#/pages/downloads (Law Enforcement Employees Data; file additional-datasets/law-enforcement/lee_1960_2025.csv),2026-09-14
FL0500800,West Palm Beach,West Palm Beach,FL,2017,268,89,357,109459,https://cde.ucr.cjis.gov/LATEST/webapp/#/pages/downloads (Law Enforcement Employees Data; file additional-datasets/law-enforcement/lee_1960_2025.csv),2026-09-14
FL0500800,West Palm Beach,West Palm Beach,FL,2018,287,90,377,111659,https://cde.ucr.cjis.gov/LATEST/webapp/#/pages/downloads (Law Enforcement Employees Data; file additional-datasets/law-enforcement/lee_1960_2025.csv),2026-09-14
FL0500800,West Palm Beach,West Palm Beach,FL,2019,285,92,377,112798,https://cde.ucr.cjis.gov/LATEST/webapp/#/pages/downloads (Law Enforcement Employees Data; file additional-datasets/law-enforcement/lee_1960_2025.csv),2026-09-14
FL0500800,West Palm Beach,West Palm Beach,FL,2020,292,98,390,113268,https://cde.ucr.cjis.gov/LATEST/webapp/#/pages/downloads (Law Enforcement Employees Data; file additional-datasets/law-enforcement/lee_1960_2025.csv),2026-09-14
FL0500800,West Palm Beach,West Palm Beach,FL,2021,288,101,389,114055,https://cde.ucr.cjis.gov/LATEST/webapp/#/pages/downloads (Law Enforcement Employees Data; file additional-datasets/law-enforcement/lee_1960_2025.csv),2026-09-14
FL0500800,West Palm Beach,West Palm Beach,FL,2022,292,95,387,117393,https://cde.ucr.cjis.gov/LATEST/webapp/#/pages/downloads (Law Enforcement Employees Data; file additional-datasets/law-enforcement/lee_1960_2025.csv),2026-09-14
FL0500800,West Palm Beach,West Palm Beach,FL,2023,297,93,390,122697,https://cde.ucr.cjis.gov/LATEST/webapp/#/pages/downloads (Law Enforcement Employees Data; file additional-datasets/law-enforcement/lee_1960_2025.csv),2026-09-14
FL0500800,West Palm Beach,West Palm Beach,FL,2024,298,107,405,126427,https://cde.ucr.cjis.gov/LATEST/webapp/#/pages/downloads (Law Enforcement Employees Data; file additional-datasets/law-enforcement/lee_1960_2025.csv),2026-09-14
GA0290100,Athens-Clarke County,Athens,GA,2017,227,64,291,124903,https://cde.ucr.cjis.gov/LATEST/webapp/#/pages/downloads (Law Enforcement Employees Data; file additional-datasets/law-enforcement/lee_1960_2025.csv),2026-09-14
GA0290100,Athens-Clarke County,Athens,GA,2018,218,60,278,127014,https://cde.ucr.cjis.gov/LATEST/webapp/#/pages/downloads (Law Enforcement Employees Data; file additional-datasets/law-enforcement/lee_1960_2025.csv),2026-09-14
GA0290100,Athens-Clarke County,Athens,GA,2019,215,65,280,127246,https://cde.ucr.cjis.gov/LATEST/webapp/#/pages/downloads (Law Enforcement Employees Data; file additional-datasets/law-enforcement/lee_1960_2025.csv),2026-09-14
GA0290100,Athens-Clarke County,Athens,GA,2020,215,58,273,128152,https://cde.ucr.cjis.gov/LATEST/webapp/#/pages/downloads (Law Enforcement Employees Data; file additional-datasets/law-enforcement/lee_1960_2025.csv),2026-09-14
GA0290100,Athens-Clarke County,Athens,GA,2021,210,60,270,127410,https://cde.ucr.cjis.gov/LATEST/webapp/#/pages/downloads (Law Enforcement Employees Data; file additional-datasets/law-enforcement/lee_1960_2025.csv),2026-09-14
GA0290100,Athens-Clarke County,Athens,GA,2022,207,60,267,128177,https://cde.ucr.cjis.gov/LATEST/webapp/#/pages/downloads (Law Enforcement Employees Data; file additional-datasets/law-enforcement/lee_1960_2025.csv),2026-09-14
GA0290100,Athens-Clarke County,Athens,GA,2023,210,58,268,129595,https://cde.ucr.cjis.gov/LATEST/webapp/#/pages/downloads (Law Enforcement Employees Data; file additional-datasets/law-enforcement/lee_1960_2025.csv),2026-09-14
GA0290100,Athens-Clarke County,Athens,GA,2024,235,58,293,129765,https://cde.ucr.cjis.gov/LATEST/webapp/#/pages/downloads (Law Enforcement Employees Data; file additional-datasets/law-enforcement/lee_1960_2025.csv),2026-09-14
GAAPD0000,Atlanta,Atlanta,GA,2017,1621,466,2087,481343,https://cde.ucr.cjis.gov/LATEST/webapp/#/pages/downloads (Law Enforcement Employees Data; file additional-datasets/law-enforcement/lee_1960_2025.csv),2026-09-14
GAAPD0000,Atlanta,Atlanta,GA,2018,1535,452,1987,496106,https://cde.ucr.cjis.gov/LATEST/webapp/#/pages/downloads (Law Enforcement Employees Data; file additional-datasets/law-enforcement/lee_1960_2025.csv),2026-09-14
GAAPD0000,Atlanta,Atlanta,GA,2019,1600,490,2090,507369,https://cde.ucr.cjis.gov/LATEST/webapp/#/pages/downloads (Law Enforcement Employees Data; file additional-datasets/law-enforcement/lee_1960_2025.csv),2026-09-14
GAAPD0000,Atlanta,Atlanta,GA,2020,1548,467,2015,515945,https://cde.ucr.cjis.gov/LATEST/webapp/#/pages/downloads (Law Enforcement Employees Data; file additional-datasets/law-enforcement/lee_1960_2025.csv),2026-09-14
GAAPD0000,Atlanta,Atlanta,GA,2021,1641,454,2095,521274,https://cde.ucr.cjis.gov/LATEST/webapp/#/pages/downloads (Law Enforcement Employees Data; file additional-datasets/law-enforcement/lee_1960_2025.csv),2026-09-14
GAAPD0000,Atlanta,Atlanta,GA,2022,1643,434,2077,495707,https://cde.ucr.cjis.gov/LATEST/webapp/#/pages/downloads (Law Enforcement Employees Data; file additional-datasets/law-enforcement/lee_1960_2025.csv),2026-09-14
GAAPD0000,Atlanta,Atlanta,GA,2023,1630,461,2091,500212,https://cde.ucr.cjis.gov/LATEST/webapp/#/pages/downloads (Law Enforcement Employees Data; file additional-datasets/law-enforcement/lee_1960_2025.csv),2026-09-14
GAAPD0000,Atlanta,Atlanta,GA,2024,1623,529,2152,517123,https://cde.ucr.cjis.gov/LATEST/webapp/#/pages/downloads (Law Enforcement Employees Data; file additional-datasets/law-enforcement/lee_1960_2025.csv),2026-09-14
GA1060100,Columbus,Columbus,GA,2018,403,100,503,194135,https://cde.ucr.cjis.gov/LATEST/webapp/#/pages/downloads (Law Enforcement Employees Data; file additional-datasets/law-enforcement/lee_1960_2025.csv),2026-09-14
GA1060100,Columbus,Columbus,GA,2020,386,101,487,195998,https://cde.ucr.cjis.gov/LATEST/webapp/#/pages/downloads (Law Enforcement Employees Data; file additional-datasets/law-enforcement/lee_1960_2025.csv),2026-09-14
GA1060100,Columbus,Columbus,GA,2021,336,93,429,196633,https://cde.ucr.cjis.gov/LATEST/webapp/#/pages/downloads (Law Enforcement Employees Data; file additional-datasets/law-enforcement/lee_1960_2025.csv),2026-09-14
GA1060100,Columbus,Columbus,GA,2022,305,99,404,204986,https://cde.ucr.cjis.gov/LATEST/webapp/#/pages/downloads (Law Enforcement Employees Data; file additional-datasets/law-enforcement/lee_1960_2025.csv),2026-09-14
GA1060100,Columbus,Columbus,GA,2023,313,110,423,200848,https://cde.ucr.cjis.gov/LATEST/webapp/#/pages/downloads (Law Enforcement Employees Data; file additional-datasets/law-enforcement/lee_1960_2025.csv),2026-09-14
GA1060100,Columbus,Columbus,GA,2024,365,127,492,201061,https://cde.ucr.cjis.gov/LATEST/webapp/#/pages/downloads (Law Enforcement Employees Data; file additional-datasets/law-enforcement/lee_1960_2025.csv),2026-09-14
GA0600500,Roswell,Roswell,GA,2017,145,40,185,95602,https://cde.ucr.cjis.gov/LATEST/webapp/#/pages/downloads (Law Enforcement Employees Data; file additional-datasets/law-enforcement/lee_1960_2025.csv),2026-09-14
GA0600500,Roswell,Roswell,GA,2018,134,41,175,95677,https://cde.ucr.cjis.gov/LATEST/webapp/#/pages/downloads (Law Enforcement Employees Data; file additional-datasets/law-enforcement/lee_1960_2025.csv),2026-09-14
GA0600500,Roswell,Roswell,GA,2020,138,47,185,95396,https://cde.ucr.cjis.gov/LATEST/webapp/#/pages/downloads (Law Enforcement Employees Data; file additional-datasets/law-enforcement/lee_1960_2025.csv),2026-09-14
GA0600500,Roswell,Roswell,GA,2021,151,44,195,96041,https://cde.ucr.cjis.gov/LATEST/webapp/#/pages/downloads (Law Enforcement Employees Data; file additional-datasets/law-enforcement/lee_1960_2025.csv),2026-09-14
GA0600500,Roswell,Roswell,GA,2022,156,42,198,92550,https://cde.ucr.cjis.gov/LATEST/webapp/#/pages/downloads (Law Enforcement Employees Data; file additional-datasets/law-enforcement/lee_1960_2025.csv),2026-09-14
GA0600500,Roswell,Roswell,GA,2023,163,48,211,93241,https://cde.ucr.cjis.gov/LATEST/webapp/#/pages/downloads (Law Enforcement Employees Data; file additional-datasets/law-enforcement/lee_1960_2025.csv),2026-09-14
GA0600500,Roswell,Roswell,GA,2024,163,49,212,91789,https://cde.ucr.cjis.gov/LATEST/webapp/#/pages/downloads (Law Enforcement Employees Data; file additional-datasets/law-enforcement/lee_1960_2025.csv),2026-09-14
GA0605600,Sandy Springs,Sandy Springs,GA,2017,129,21,150,107740,https://cde.ucr.cjis.gov/LATEST/webapp/#/pages/downloads (Law Enforcement Employees Data; file additional-datasets/law-enforcement/lee_1960_2025.csv),2026-09-14
GA0605600,Sandy Springs,Sandy Springs,GA,2018,139,18,157,108654,https://cde.ucr.cjis.gov/LATEST/webapp/#/pages/downloads (Law Enforcement Employees Data; file additional-datasets/law-enforcement/lee_1960_2025.csv),2026-09-14
GA0605600,Sandy Springs,Sandy Springs,GA,2019,134,17,151,110760,https://cde.ucr.cjis.gov/LATEST/webapp/#/pages/downloads (Law Enforcement Employees Data; file additional-datasets/law-enforcement/lee_1960_2025.csv),2026-09-14
GA0605600,Sandy Springs,Sandy Springs,GA,2020,141,19,160,111219,https://cde.ucr.cjis.gov/LATEST/webapp/#/pages/downloads (Law Enforcement Employees Data; file additional-datasets/law-enforcement/lee_1960_2025.csv),2026-09-14
GA0605600,Sandy Springs,Sandy Springs,GA,2021,139,21,160,111533,https://cde.ucr.cjis.gov/LATEST/webapp/#/pages/downloads (Law Enforcement Employees Data; file additional-datasets/law-enforcement/lee_1960_2025.csv),2026-09-14
GA0605600,Sandy Springs,Sandy Springs,GA,2022,154,24,178,106747,https://cde.ucr.cjis.gov/LATEST/webapp/#/pages/downloads (Law Enforcement Employees Data; file additional-datasets/law-enforcement/lee_1960_2025.csv),2026-09-14
GA0605600,Sandy Springs,Sandy Springs,GA,2023,130,21,151,107895,https://cde.ucr.cjis.gov/LATEST/webapp/#/pages/downloads (Law Enforcement Employees Data; file additional-datasets/law-enforcement/lee_1960_2025.csv),2026-09-14
GA0605600,Sandy Springs,Sandy Springs,GA,2024,150,29,179,105580,https://cde.ucr.cjis.gov/LATEST/webapp/#/pages/downloads (Law Enforcement Employees Data; file additional-datasets/law-enforcement/lee_1960_2025.csv),2026-09-14
GA0250300,Savannah,Savannah,GA,2017,620,192,812,242941,https://cde.ucr.cjis.gov/LATEST/webapp/#/pages/downloads (Law Enforcement Employees Data; file additional-datasets/law-enforcement/lee_1960_2025.csv),2026-09-14
GA0250300,Savannah,Savannah,GA,2018,519,168,687,242265,https://cde.ucr.cjis.gov/LATEST/webapp/#/pages/downloads (Law Enforcement Employees Data; file additional-datasets/law-enforcement/lee_1960_2025.csv),2026-09-14
GA0250300,Savannah,Savannah,GA,2019,493,79,572,240631,https://cde.ucr.cjis.gov/LATEST/webapp/#/pages/downloads (Law Enforcement Employees Data; file additional-datasets/law-enforcement/lee_1960_2025.csv),2026-09-14
GA0250300,Savannah,Savannah,GA,2022,411,100,511,239089,https://cde.ucr.cjis.gov/LATEST/webapp/#/pages/downloads (Law Enforcement Employees Data; file additional-datasets/law-enforcement/lee_1960_2025.csv),2026-09-14
GA0250300,Savannah,Savannah,GA,2023,430,88,518,241771,https://cde.ucr.cjis.gov/LATEST/webapp/#/pages/downloads (Law Enforcement Employees Data; file additional-datasets/law-enforcement/lee_1960_2025.csv),2026-09-14
GA0250300,Savannah,Savannah,GA,2024,437,95,532,241780,https://cde.ucr.cjis.gov/LATEST/webapp/#/pages/downloads (Law Enforcement Employees Data; file additional-datasets/law-enforcement/lee_1960_2025.csv),2026-09-14
GA0607200,South Fulton,South Fulton,GA,2020,138,18,156,100658,https://cde.ucr.cjis.gov/LATEST/webapp/#/pages/downloads (Law Enforcement Employees Data; file additional-datasets/law-enforcement/lee_1960_2025.csv),2026-09-14
GA0607200,South Fulton,South Fulton,GA,2021,139,19,158,104282,https://cde.ucr.cjis.gov/LATEST/webapp/#/pages/downloads (Law Enforcement Employees Data; file additional-datasets/law-enforcement/lee_1960_2025.csv),2026-09-14
GA0607200,South Fulton,South Fulton,GA,2022,116,17,133,110102,https://cde.ucr.cjis.gov/LATEST/webapp/#/pages/downloads (Law Enforcement Employees Data; file additional-datasets/law-enforcement/lee_1960_2025.csv),2026-09-14
GA0607200,South Fulton,South Fulton,GA,2023,166,23,189,113003,https://cde.ucr.cjis.gov/LATEST/webapp/#/pages/downloads (Law Enforcement Employees Data; file additional-datasets/law-enforcement/lee_1960_2025.csv),2026-09-14
GA0607200,South Fulton,South Fulton,GA,2024,206,36,242,112441,https://cde.ucr.cjis.gov/LATEST/webapp/#/pages/downloads (Law Enforcement Employees Data; file additional-datasets/law-enforcement/lee_1960_2025.csv),2026-09-14
HI0020000,Honolulu,Honolulu,HI,2017,2013,497,2510,990384,https://cde.ucr.cjis.gov/LATEST/webapp/#/pages/downloads (Law Enforcement Employees Data; file additional-datasets/law-enforcement/lee_1960_2025.csv),2026-09-14
HI0020000,Honolulu,Honolulu,HI,2018,1942,492,2434,982019,https://cde.ucr.cjis.gov/LATEST/webapp/#/pages/downloads (Law Enforcement Employees Data; file additional-datasets/law-enforcement/lee_1960_2025.csv),2026-09-14
HI0020000,Honolulu,Honolulu,HI,2019,1864,485,2349,974902,https://cde.ucr.cjis.gov/LATEST/webapp/#/pages/downloads (Law Enforcement Employees Data; file additional-datasets/law-enforcement/lee_1960_2025.csv),2026-09-14
HI0020000,Honolulu,Honolulu,HI,2020,2005,511,2516,966438,https://cde.ucr.cjis.gov/LATEST/webapp/#/pages/downloads (Law Enforcement Employees Data; file additional-datasets/law-enforcement/lee_1960_2025.csv),2026-09-14
HI0020000,Honolulu,Honolulu,HI,2021,1942,495,2437,985138,https://cde.ucr.cjis.gov/LATEST/webapp/#/pages/downloads (Law Enforcement Employees Data; file additional-datasets/law-enforcement/lee_1960_2025.csv),2026-09-14
HI0020000,Honolulu,Honolulu,HI,2022,1857,404,2261,994799,https://cde.ucr.cjis.gov/LATEST/webapp/#/pages/downloads (Law Enforcement Employees Data; file additional-datasets/law-enforcement/lee_1960_2025.csv),2026-09-14
HI0020000,Honolulu,Honolulu,HI,2023,1800,449,2249,987546,https://cde.ucr.cjis.gov/LATEST/webapp/#/pages/downloads (Law Enforcement Employees Data; file additional-datasets/law-enforcement/lee_1960_2025.csv),2026-09-14
HI0020000,Honolulu,Honolulu,HI,2024,1809,483,2292,992973,https://cde.ucr.cjis.gov/LATEST/webapp/#/pages/downloads (Law Enforcement Employees Data; file additional-datasets/law-enforcement/lee_1960_2025.csv),2026-09-14
IA0570100,Cedar Rapids,Cedar Rapids,IA,2017,209,65,274,131878,https://cde.ucr.cjis.gov/LATEST/webapp/#/pages/downloads (Law Enforcement Employees Data; file additional-datasets/law-enforcement/lee_1960_2025.csv),2026-09-14
IA0570100,Cedar Rapids,Cedar Rapids,IA,2018,212,67,279,133039,https://cde.ucr.cjis.gov/LATEST/webapp/#/pages/downloads (Law Enforcement Employees Data; file additional-datasets/law-enforcement/lee_1960_2025.csv),2026-09-14
IA0570100,Cedar Rapids,Cedar Rapids,IA,2019,220,64,284,134007,https://cde.ucr.cjis.gov/LATEST/webapp/#/pages/downloads (Law Enforcement Employees Data; file additional-datasets/law-enforcement/lee_1960_2025.csv),2026-09-14
IA0570100,Cedar Rapids,Cedar Rapids,IA,2020,219,63,282,134330,https://cde.ucr.cjis.gov/LATEST/webapp/#/pages/downloads (Law Enforcement Employees Data; file additional-datasets/law-enforcement/lee_1960_2025.csv),2026-09-14
IA0570100,Cedar Rapids,Cedar Rapids,IA,2021,223,57,280,134763,https://cde.ucr.cjis.gov/LATEST/webapp/#/pages/downloads (Law Enforcement Employees Data; file additional-datasets/law-enforcement/lee_1960_2025.csv),2026-09-14
IA0570100,Cedar Rapids,Cedar Rapids,IA,2022,220,64,284,135362,https://cde.ucr.cjis.gov/LATEST/webapp/#/pages/downloads (Law Enforcement Employees Data; file additional-datasets/law-enforcement/lee_1960_2025.csv),2026-09-14
IA0570100,Cedar Rapids,Cedar Rapids,IA,2023,222,66,288,135777,https://cde.ucr.cjis.gov/LATEST/webapp/#/pages/downloads (Law Enforcement Employees Data; file additional-datasets/law-enforcement/lee_1960_2025.csv),2026-09-14
IA0570100,Cedar Rapids,Cedar Rapids,IA,2024,225,59,284,135363,https://cde.ucr.cjis.gov/LATEST/webapp/#/pages/downloads (Law Enforcement Employees Data; file additional-datasets/law-enforcement/lee_1960_2025.csv),2026-09-14
IA0820200,Davenport,Davenport,IA,2017,160,19,179,103063,https://cde.ucr.cjis.gov/LATEST/webapp/#/pages/downloads (Law Enforcement Employees Data; file additional-datasets/law-enforcement/lee_1960_2025.csv),2026-09-14
IA0820200,Davenport,Davenport,IA,2018,170,23,193,102706,https://cde.ucr.cjis.gov/LATEST/webapp/#/pages/downloads (Law Enforcement Employees Data; file additional-datasets/law-enforcement/lee_1960_2025.csv),2026-09-14
IA0820200,Davenport,Davenport,IA,2019,169,23,192,102392,https://cde.ucr.cjis.gov/LATEST/webapp/#/pages/downloads (Law Enforcement Employees Data; file additional-datasets/law-enforcement/lee_1960_2025.csv),2026-09-14
IA0820200,Davenport,Davenport,IA,2020,167,22,189,101806,https://cde.ucr.cjis.gov/LATEST/webapp/#/pages/downloads (Law Enforcement Employees Data; file additional-datasets/law-enforcement/lee_1960_2025.csv),2026-09-14
IA0820200,Davenport,Davenport,IA,2021,162,25,187,102014,https://cde.ucr.cjis.gov/LATEST/webapp/#/pages/downloads (Law Enforcement Employees Data; file additional-datasets/law-enforcement/lee_1960_2025.csv),2026-09-14
IA0820200,Davenport,Davenport,IA,2022,155,27,182,100437,https://cde.ucr.cjis.gov/LATEST/webapp/#/pages/downloads (Law Enforcement Employees Data; file additional-datasets/law-enforcement/lee_1960_2025.csv),2026-09-14
IA0820200,Davenport,Davenport,IA,2023,153,26,179,99911,https://cde.ucr.cjis.gov/LATEST/webapp/#/pages/downloads (Law Enforcement Employees Data; file additional-datasets/law-enforcement/lee_1960_2025.csv),2026-09-14
IA0820200,Davenport,Davenport,IA,2024,149,28,177,99926,https://cde.ucr.cjis.gov/LATEST/webapp/#/pages/downloads (Law Enforcement Employees Data; file additional-datasets/law-enforcement/lee_1960_2025.csv),2026-09-14
IA0770300,Des Moines,Des Moines,IA,2017,350,105,455,217277,https://cde.ucr.cjis.gov/LATEST/webapp/#/pages/downloads (Law Enforcement Employees Data; file additional-datasets/law-enforcement/lee_1960_2025.csv),2026-09-14
IA0770300,Des Moines,Des Moines,IA,2019,351,99,450,218384,https://cde.ucr.cjis.gov/LATEST/webapp/#/pages/downloads (Law Enforcement Employees Data; file additional-datasets/law-enforcement/lee_1960_2025.csv),2026-09-14
IA0770300,Des Moines,Des Moines,IA,2020,367,97,464,215290,https://cde.ucr.cjis.gov/LATEST/webapp/#/pages/downloads (Law Enforcement Employees Data; file additional-datasets/law-enforcement/lee_1960_2025.csv),2026-09-14
IA0770300,Des Moines,Des Moines,IA,2021,364,97,461,213060,https://cde.ucr.cjis.gov/LATEST/webapp/#/pages/downloads (Law Enforcement Employees Data; file additional-datasets/law-enforcement/lee_1960_2025.csv),2026-09-14
IA0770300,Des Moines,Des Moines,IA,2022,339,138,477,210376,https://cde.ucr.cjis.gov/LATEST/webapp/#/pages/downloads (Law Enforcement Employees Data; file additional-datasets/law-enforcement/lee_1960_2025.csv),2026-09-14
IA0770300,Des Moines,Des Moines,IA,2023,377,118,495,209658,https://cde.ucr.cjis.gov/LATEST/webapp/#/pages/downloads (Law Enforcement Employees Data; file additional-datasets/law-enforcement/lee_1960_2025.csv),2026-09-14
IA0770300,Des Moines,Des Moines,IA,2024,356,143,499,209245,https://cde.ucr.cjis.gov/LATEST/webapp/#/pages/downloads (Law Enforcement Employees Data; file additional-datasets/law-enforcement/lee_1960_2025.csv),2026-09-14
ID0010100,Boise,Boise,ID,2017,290,85,375,225677,https://cde.ucr.cjis.gov/LATEST/webapp/#/pages/downloads (Law Enforcement Employees Data; file additional-datasets/law-enforcement/lee_1960_2025.csv),2026-09-14
ID0010100,Boise,Boise,ID,2018,292,84,376,229265,https://cde.ucr.cjis.gov/LATEST/webapp/#/pages/downloads (Law Enforcement Employees Data; file additional-datasets/law-enforcement/lee_1960_2025.csv),2026-09-14
ID0010100,Boise,Boise,ID,2019,298,87,385,231314,https://cde.ucr.cjis.gov/LATEST/webapp/#/pages/downloads (Law Enforcement Employees Data; file additional-datasets/law-enforcement/lee_1960_2025.csv),2026-09-14
ID0010100,Boise,Boise,ID,2020,288,85,373,231223,https://cde.ucr.cjis.gov/LATEST/webapp/#/pages/downloads (Law Enforcement Employees Data; file additional-datasets/law-enforcement/lee_1960_2025.csv),2026-09-14
ID0010100,Boise,Boise,ID,2021,280,77,357,231902,https://cde.ucr.cjis.gov/LATEST/webapp/#/pages/downloads (Law Enforcement Employees Data; file additional-datasets/law-enforcement/lee_1960_2025.csv),2026-09-14
ID0010100,Boise,Boise,ID,2022,288,79,367,239074,https://cde.ucr.cjis.gov/LATEST/webapp/#/pages/downloads (Law Enforcement Employees Data; file additional-datasets/law-enforcement/lee_1960_2025.csv),2026-09-14
ID0010100,Boise,Boise,ID,2023,295,87,382,236949,https://cde.ucr.cjis.gov/LATEST/webapp/#/pages/downloads (Law Enforcement Employees Data; file additional-datasets/law-enforcement/lee_1960_2025.csv),2026-09-14
ID0010100,Boise,Boise,ID,2024,330,94,424,235223,https://cde.ucr.cjis.gov/LATEST/webapp/#/pages/downloads (Law Enforcement Employees Data; file additional-datasets/law-enforcement/lee_1960_2025.csv),2026-09-14
ID0010300,Meridian,Meridian,ID,2017,98,25,123,99241,https://cde.ucr.cjis.gov/LATEST/webapp/#/pages/downloads (Law Enforcement Employees Data; file additional-datasets/law-enforcement/lee_1960_2025.csv),2026-09-14
ID0010300,Meridian,Meridian,ID,2018,105,30,135,103774,https://cde.ucr.cjis.gov/LATEST/webapp/#/pages/downloads (Law Enforcement Employees Data; file additional-datasets/law-enforcement/lee_1960_2025.csv),2026-09-14
ID0010300,Meridian,Meridian,ID,2019,112,33,145,111196,https://cde.ucr.cjis.gov/LATEST/webapp/#/pages/downloads (Law Enforcement Employees Data; file additional-datasets/law-enforcement/lee_1960_2025.csv),2026-09-14
ID0010300,Meridian,Meridian,ID,2020,124,30,154,119203,https://cde.ucr.cjis.gov/LATEST/webapp/#/pages/downloads (Law Enforcement Employees Data; file additional-datasets/law-enforcement/lee_1960_2025.csv),2026-09-14
ID0010300,Meridian,Meridian,ID,2021,120,37,157,126744,https://cde.ucr.cjis.gov/LATEST/webapp/#/pages/downloads (Law Enforcement Employees Data; file additional-datasets/law-enforcement/lee_1960_2025.csv),2026-09-14
ID0010300,Meridian,Meridian,ID,2022,132,38,170,132522,https://cde.ucr.cjis.gov/LATEST/webapp/#/pages/downloads (Law Enforcement Employees Data; file additional-datasets/law-enforcement/lee_1960_2025.csv),2026-09-14
ID0010300,Meridian,Meridian,ID,2023,127,42,169,135239,https://cde.ucr.cjis.gov/LATEST/webapp/#/pages/downloads (Law Enforcement Employees Data; file additional-datasets/law-enforcement/lee_1960_2025.csv),2026-09-14
ID0010300,Meridian,Meridian,ID,2024,116,44,160,140353,https://cde.ucr.cjis.gov/LATEST/webapp/#/pages/downloads (Law Enforcement Employees Data; file additional-datasets/law-enforcement/lee_1960_2025.csv),2026-09-14
ID0140200,Nampa,Nampa,ID,2017,113,52,165,93064,https://cde.ucr.cjis.gov/LATEST/webapp/#/pages/downloads (Law Enforcement Employees Data; file additional-datasets/law-enforcement/lee_1960_2025.csv),2026-09-14
ID0140200,Nampa,Nampa,ID,2018,123,55,178,95386,https://cde.ucr.cjis.gov/LATEST/webapp/#/pages/downloads (Law Enforcement Employees Data; file additional-datasets/law-enforcement/lee_1960_2025.csv),2026-09-14
ID0140200,Nampa,Nampa,ID,2019,125,51,176,98208,https://cde.ucr.cjis.gov/LATEST/webapp/#/pages/downloads (Law Enforcement Employees Data; file additional-datasets/law-enforcement/lee_1960_2025.csv),2026-09-14
ID0140200,Nampa,Nampa,ID,2020,128,57,185,101411,https://cde.ucr.cjis.gov/LATEST/webapp/#/pages/downloads (Law Enforcement Employees Data; file additional-datasets/law-enforcement/lee_1960_2025.csv),2026-09-14
ID0140200,Nampa,Nampa,ID,2021,140,60,200,105619,https://cde.ucr.cjis.gov/LATEST/webapp/#/pages/downloads (Law Enforcement Employees Data; file additional-datasets/law-enforcement/lee_1960_2025.csv),2026-09-14
ID0140200,Nampa,Nampa,ID,2022,138,67,205,111501,https://cde.ucr.cjis.gov/LATEST/webapp/#/pages/downloads (Law Enforcement Employees Data; file additional-datasets/law-enforcement/lee_1960_2025.csv),2026-09-14
ID0140200,Nampa,Nampa,ID,2023,143,66,209,116116,https://cde.ucr.cjis.gov/LATEST/webapp/#/pages/downloads (Law Enforcement Employees Data; file additional-datasets/law-enforcement/lee_1960_2025.csv),2026-09-14
ID0140200,Nampa,Nampa,ID,2024,150,67,217,118950,https://cde.ucr.cjis.gov/LATEST/webapp/#/pages/downloads (Law Enforcement Employees Data; file additional-datasets/law-enforcement/lee_1960_2025.csv),2026-09-14
IL0450100,Aurora,Aurora,IL,2019,298,64,362,199784,https://cde.ucr.cjis.gov/LATEST/webapp/#/pages/downloads (Law Enforcement Employees Data; file additional-datasets/law-enforcement/lee_1960_2025.csv),2026-09-14
IL0450100,Aurora,Aurora,IL,2020,291,61,352,197709,https://cde.ucr.cjis.gov/LATEST/webapp/#/pages/downloads (Law Enforcement Employees Data; file additional-datasets/law-enforcement/lee_1960_2025.csv),2026-09-14
IL0450100,Aurora,Aurora,IL,2022,299,74,373,178184,https://cde.ucr.cjis.gov/LATEST/webapp/#/pages/downloads (Law Enforcement Employees Data; file additional-datasets/law-enforcement/lee_1960_2025.csv),2026-09-14
IL0450100,Aurora,Aurora,IL,2023,321,78,399,176712,https://cde.ucr.cjis.gov/LATEST/webapp/#/pages/downloads (Law Enforcement Employees Data; file additional-datasets/law-enforcement/lee_1960_2025.csv),2026-09-14
IL0450100,Aurora,Aurora,IL,2024,324,84,408,176688,https://cde.ucr.cjis.gov/LATEST/webapp/#/pages/downloads (Law Enforcement Employees Data; file additional-datasets/law-enforcement/lee_1960_2025.csv),2026-09-14
ILCPD0000,Chicago,Chicago,IL,2017,12383,1183,13566,2706171,https://cde.ucr.cjis.gov/LATEST/webapp/#/pages/downloads (Law Enforcement Employees Data; file additional-datasets/law-enforcement/lee_1960_2025.csv),2026-09-14
ILCPD0000,Chicago,Chicago,IL,2018,13138,948,14086,2719151,https://cde.ucr.cjis.gov/LATEST/webapp/#/pages/downloads (Law Enforcement Employees Data; file additional-datasets/law-enforcement/lee_1960_2025.csv),2026-09-14
ILCPD0000,Chicago,Chicago,IL,2019,13160,855,14015,2707064,https://cde.ucr.cjis.gov/LATEST/webapp/#/pages/downloads (Law Enforcement Employees Data; file additional-datasets/law-enforcement/lee_1960_2025.csv),2026-09-14
ILCPD0000,Chicago,Chicago,IL,2020,12727,835,13562,2693598,https://cde.ucr.cjis.gov/LATEST/webapp/#/pages/downloads (Law Enforcement Employees Data; file additional-datasets/law-enforcement/lee_1960_2025.csv),2026-09-14
ILCPD0000,Chicago,Chicago,IL,2021,12070,795,12865,2721948,https://cde.ucr.cjis.gov/LATEST/webapp/#/pages/downloads (Law Enforcement Employees Data; file additional-datasets/law-enforcement/lee_1960_2025.csv),2026-09-14
ILCPD0000,Chicago,Chicago,IL,2022,11678,585,12263,2652124,https://cde.ucr.cjis.gov/LATEST/webapp/#/pages/downloads (Law Enforcement Employees Data; file additional-datasets/law-enforcement/lee_1960_2025.csv),2026-09-14
ILCPD0000,Chicago,Chicago,IL,2023,11793,637,12430,2628298,https://cde.ucr.cjis.gov/LATEST/webapp/#/pages/downloads (Law Enforcement Employees Data; file additional-datasets/law-enforcement/lee_1960_2025.csv),2026-09-14
ILCPD0000,Chicago,Chicago,IL,2024,11667,703,12370,2638698,https://cde.ucr.cjis.gov/LATEST/webapp/#/pages/downloads (Law Enforcement Employees Data; file additional-datasets/law-enforcement/lee_1960_2025.csv),2026-09-14
IL0450600,Elgin,Elgin,IL,2017,182,51,233,112767,https://cde.ucr.cjis.gov/LATEST/webapp/#/pages/downloads (Law Enforcement Employees Data; file additional-datasets/law-enforcement/lee_1960_2025.csv),2026-09-14
IL0450600,Elgin,Elgin,IL,2018,181,52,233,113060,https://cde.ucr.cjis.gov/LATEST/webapp/#/pages/downloads (Law Enforcement Employees Data; file additional-datasets/law-enforcement/lee_1960_2025.csv),2026-09-14
IL0450600,Elgin,Elgin,IL,2019,180,63,243,112112,https://cde.ucr.cjis.gov/LATEST/webapp/#/pages/downloads (Law Enforcement Employees Data; file additional-datasets/law-enforcement/lee_1960_2025.csv),2026-09-14
IL0450600,Elgin,Elgin,IL,2020,184,54,238,111127,https://cde.ucr.cjis.gov/LATEST/webapp/#/pages/downloads (Law Enforcement Employees Data; file additional-datasets/law-enforcement/lee_1960_2025.csv),2026-09-14
IL0450600,Elgin,Elgin,IL,2021,189,81,270,110380,https://cde.ucr.cjis.gov/LATEST/webapp/#/pages/downloads (Law Enforcement Employees Data; file additional-datasets/law-enforcement/lee_1960_2025.csv),2026-09-14
IL0450600,Elgin,Elgin,IL,2022,191,58,249,113205,https://cde.ucr.cjis.gov/LATEST/webapp/#/pages/downloads (Law Enforcement Employees Data; file additional-datasets/law-enforcement/lee_1960_2025.csv),2026-09-14
IL0450600,Elgin,Elgin,IL,2023,195,61,256,112470,https://cde.ucr.cjis.gov/LATEST/webapp/#/pages/downloads (Law Enforcement Employees Data; file additional-datasets/law-enforcement/lee_1960_2025.csv),2026-09-14
IL0450600,Elgin,Elgin,IL,2024,200,60,260,112879,https://cde.ucr.cjis.gov/LATEST/webapp/#/pages/downloads (Law Enforcement Employees Data; file additional-datasets/law-enforcement/lee_1960_2025.csv),2026-09-14
IL0990700,Joliet,Joliet,IL,2017,267,69,336,148342,https://cde.ucr.cjis.gov/LATEST/webapp/#/pages/downloads (Law Enforcement Employees Data; file additional-datasets/law-enforcement/lee_1960_2025.csv),2026-09-14
IL0990700,Joliet,Joliet,IL,2018,269,71,340,148553,https://cde.ucr.cjis.gov/LATEST/webapp/#/pages/downloads (Law Enforcement Employees Data; file additional-datasets/law-enforcement/lee_1960_2025.csv),2026-09-14
IL0990700,Joliet,Joliet,IL,2019,270,69,339,148155,https://cde.ucr.cjis.gov/LATEST/webapp/#/pages/downloads (Law Enforcement Employees Data; file additional-datasets/law-enforcement/lee_1960_2025.csv),2026-09-14
IL0990700,Joliet,Joliet,IL,2020,254,63,317,147324,https://cde.ucr.cjis.gov/LATEST/webapp/#/pages/downloads (Law Enforcement Employees Data; file additional-datasets/law-enforcement/lee_1960_2025.csv),2026-09-14
IL0990700,Joliet,Joliet,IL,2021,252,63,315,146589,https://cde.ucr.cjis.gov/LATEST/webapp/#/pages/downloads (Law Enforcement Employees Data; file additional-datasets/law-enforcement/lee_1960_2025.csv),2026-09-14
IL0990700,Joliet,Joliet,IL,2022,267,66,333,150545,https://cde.ucr.cjis.gov/LATEST/webapp/#/pages/downloads (Law Enforcement Employees Data; file additional-datasets/law-enforcement/lee_1960_2025.csv),2026-09-14
IL0990700,Joliet,Joliet,IL,2023,264,67,331,149940,https://cde.ucr.cjis.gov/LATEST/webapp/#/pages/downloads (Law Enforcement Employees Data; file additional-datasets/law-enforcement/lee_1960_2025.csv),2026-09-14
IL0990700,Joliet,Joliet,IL,2024,267,67,334,150569,https://cde.ucr.cjis.gov/LATEST/webapp/#/pages/downloads (Law Enforcement Employees Data; file additional-datasets/law-enforcement/lee_1960_2025.csv),2026-09-14
IL0221400,Naperville,Naperville,IL,2019,166,85,251,149061,https://cde.ucr.cjis.gov/LATEST/webapp/#/pages/downloads (Law Enforcement Employees Data; file additional-datasets/law-enforcement/lee_1960_2025.csv),2026-09-14
IL0221400,Naperville,Naperville,IL,2020,174,90,264,149137,https://cde.ucr.cjis.gov/LATEST/webapp/#/pages/downloads (Law Enforcement Employees Data; file additional-datasets/law-enforcement/lee_1960_2025.csv),2026-09-14
IL0221400,Naperville,Naperville,IL,2023,182,88,270,150197,https://cde.ucr.cjis.gov/LATEST/webapp/#/pages/downloads (Law Enforcement Employees Data; file additional-datasets/law-enforcement/lee_1960_2025.csv),2026-09-14
IL0221400,Naperville,Naperville,IL,2024,184,86,270,150521,https://cde.ucr.cjis.gov/LATEST/webapp/#/pages/downloads (Law Enforcement Employees Data; file additional-datasets/law-enforcement/lee_1960_2025.csv),2026-09-14
IL0720700,Peoria,Peoria,IL,2018,207,19,226,112595,https://cde.ucr.cjis.gov/LATEST/webapp/#/pages/downloads (Law Enforcement Employees Data; file additional-datasets/law-enforcement/lee_1960_2025.csv),2026-09-14
IL0720700,Peoria,Peoria,IL,2019,203,22,225,110955,https://cde.ucr.cjis.gov/LATEST/webapp/#/pages/downloads (Law Enforcement Employees Data; file additional-datasets/law-enforcement/lee_1960_2025.csv),2026-09-14
IL0720700,Peoria,Peoria,IL,2020,203,21,224,109924,https://cde.ucr.cjis.gov/LATEST/webapp/#/pages/downloads (Law Enforcement Employees Data; file additional-datasets/law-enforcement/lee_1960_2025.csv),2026-09-14
IL0720700,Peoria,Peoria,IL,2021,196,20,216,108891,https://cde.ucr.cjis.gov/LATEST/webapp/#/pages/downloads (Law Enforcement Employees Data; file additional-datasets/law-enforcement/lee_1960_2025.csv),2026-09-14
IL0720700,Peoria,Peoria,IL,2022,196,27,223,110551,https://cde.ucr.cjis.gov/LATEST/webapp/#/pages/downloads (Law Enforcement Employees Data; file additional-datasets/law-enforcement/lee_1960_2025.csv),2026-09-14
IL0720700,Peoria,Peoria,IL,2023,211,28,239,110118,https://cde.ucr.cjis.gov/LATEST/webapp/#/pages/downloads (Law Enforcement Employees Data; file additional-datasets/law-enforcement/lee_1960_2025.csv),2026-09-14
IL0720700,Peoria,Peoria,IL,2024,209,29,238,109677,https://cde.ucr.cjis.gov/LATEST/webapp/#/pages/downloads (Law Enforcement Employees Data; file additional-datasets/law-enforcement/lee_1960_2025.csv),2026-09-14
IL1010400,Rockford,Rockford,IL,2017,284,39,323,146770,https://cde.ucr.cjis.gov/LATEST/webapp/#/pages/downloads (Law Enforcement Employees Data; file additional-datasets/law-enforcement/lee_1960_2025.csv),2026-09-14
IL1010400,Rockford,Rockford,IL,2018,299,40,339,146198,https://cde.ucr.cjis.gov/LATEST/webapp/#/pages/downloads (Law Enforcement Employees Data; file additional-datasets/law-enforcement/lee_1960_2025.csv),2026-09-14
IL1010400,Rockford,Rockford,IL,2019,298,40,338,145719,https://cde.ucr.cjis.gov/LATEST/webapp/#/pages/downloads (Law Enforcement Employees Data; file additional-datasets/law-enforcement/lee_1960_2025.csv),2026-09-14
IL1010400,Rockford,Rockford,IL,2020,289,43,332,144795,https://cde.ucr.cjis.gov/LATEST/webapp/#/pages/downloads (Law Enforcement Employees Data; file additional-datasets/law-enforcement/lee_1960_2025.csv),2026-09-14
IL1010400,Rockford,Rockford,IL,2021,282,43,325,144027,https://cde.ucr.cjis.gov/LATEST/webapp/#/pages/downloads (Law Enforcement Employees Data; file additional-datasets/law-enforcement/lee_1960_2025.csv),2026-09-14
IL1010400,Rockford,Rockford,IL,2022,272,47,319,146710,https://cde.ucr.cjis.gov/LATEST/webapp/#/pages/downloads (Law Enforcement Employees Data; file additional-datasets/law-enforcement/lee_1960_2025.csv),2026-09-14
IL1010400,Rockford,Rockford,IL,2023,278,42,320,145873,https://cde.ucr.cjis.gov/LATEST/webapp/#/pages/downloads (Law Enforcement Employees Data; file additional-datasets/law-enforcement/lee_1960_2025.csv),2026-09-14
IL1010400,Rockford,Rockford,IL,2024,273,42,315,145280,https://cde.ucr.cjis.gov/LATEST/webapp/#/pages/downloads (Law Enforcement Employees Data; file additional-datasets/law-enforcement/lee_1960_2025.csv),2026-09-14
IL0840200,Springfield,Springfield,IL,2017,238,29,267,115568,https://cde.ucr.cjis.gov/LATEST/webapp/#/pages/downloads (Law Enforcement Employees Data; file additional-datasets/law-enforcement/lee_1960_2025.csv),2026-09-14
IL0840200,Springfield,Springfield,IL,2018,239,29,268,114623,https://cde.ucr.cjis.gov/LATEST/webapp/#/pages/downloads (Law Enforcement Employees Data; file additional-datasets/law-enforcement/lee_1960_2025.csv),2026-09-14
IL0840200,Springfield,Springfield,IL,2019,241,28,269,114393,https://cde.ucr.cjis.gov/LATEST/webapp/#/pages/downloads (Law Enforcement Employees Data; file additional-datasets/law-enforcement/lee_1960_2025.csv),2026-09-14
IL0840200,Springfield,Springfield,IL,2020,229,28,257,113912,https://cde.ucr.cjis.gov/LATEST/webapp/#/pages/downloads (Law Enforcement Employees Data; file additional-datasets/law-enforcement/lee_1960_2025.csv),2026-09-14
IL0840200,Springfield,Springfield,IL,2021,216,23,239,113331,https://cde.ucr.cjis.gov/LATEST/webapp/#/pages/downloads (Law Enforcement Employees Data; file additional-datasets/law-enforcement/lee_1960_2025.csv),2026-09-14
IL0840200,Springfield,Springfield,IL,2022,232,28,260,112549,https://cde.ucr.cjis.gov/LATEST/webapp/#/pages/downloads (Law Enforcement Employees Data; file additional-datasets/law-enforcement/lee_1960_2025.csv),2026-09-14
IL0840200,Springfield,Springfield,IL,2023,241,28,269,112781,https://cde.ucr.cjis.gov/LATEST/webapp/#/pages/downloads (Law Enforcement Employees Data; file additional-datasets/law-enforcement/lee_1960_2025.csv),2026-09-14
IL0840200,Springfield,Springfield,IL,2024,247,28,275,111965,https://cde.ucr.cjis.gov/LATEST/webapp/#/pages/downloads (Law Enforcement Employees Data; file additional-datasets/law-enforcement/lee_1960_2025.csv),2026-09-14
IN0290100,Carmel,Carmel,IN,2017,113,24,137,93098,https://cde.ucr.cjis.gov/LATEST/webapp/#/pages/downloads (Law Enforcement Employees Data; file additional-datasets/law-enforcement/lee_1960_2025.csv),2026-09-14
IN0290100,Carmel,Carmel,IN,2018,115,25,140,94128,https://cde.ucr.cjis.gov/LATEST/webapp/#/pages/downloads (Law Enforcement Employees Data; file additional-datasets/law-enforcement/lee_1960_2025.csv),2026-09-14
IN0290100,Carmel,Carmel,IN,2019,119,25,144,95388,https://cde.ucr.cjis.gov/LATEST/webapp/#/pages/downloads (Law Enforcement Employees Data; file additional-datasets/law-enforcement/lee_1960_2025.csv),2026-09-14
IN0290100,Carmel,Carmel,IN,2020,128,25,153,103100,https://cde.ucr.cjis.gov/LATEST/webapp/#/pages/downloads (Law Enforcement Employees Data; file additional-datasets/law-enforcement/lee_1960_2025.csv),2026-09-14
IN0290100,Carmel,Carmel,IN,2022,137,25,162,101670,https://cde.ucr.cjis.gov/LATEST/webapp/#/pages/downloads (Law Enforcement Employees Data; file additional-datasets/law-enforcement/lee_1960_2025.csv),2026-09-14
IN0290100,Carmel,Carmel,IN,2023,148,25,173,103013,https://cde.ucr.cjis.gov/LATEST/webapp/#/pages/downloads (Law Enforcement Employees Data; file additional-datasets/law-enforcement/lee_1960_2025.csv),2026-09-14
IN0290100,Carmel,Carmel,IN,2024,151,38,189,103107,https://cde.ucr.cjis.gov/LATEST/webapp/#/pages/downloads (Law Enforcement Employees Data; file additional-datasets/law-enforcement/lee_1960_2025.csv),2026-09-14
IN0820100,Evansville,Evansville,IN,2017,282,22,304,119371,https://cde.ucr.cjis.gov/LATEST/webapp/#/pages/downloads (Law Enforcement Employees Data; file additional-datasets/law-enforcement/lee_1960_2025.csv),2026-09-14
IN0820100,Evansville,Evansville,IN,2020,283,27,310,117747,https://cde.ucr.cjis.gov/LATEST/webapp/#/pages/downloads (Law Enforcement Employees Data; file additional-datasets/law-enforcement/lee_1960_2025.csv),2026-09-14
IN0820100,Evansville,Evansville,IN,2022,264,27,291,115719,https://cde.ucr.cjis.gov/LATEST/webapp/#/pages/downloads (Law Enforcement Employees Data; file additional-datasets/law-enforcement/lee_1960_2025.csv),2026-09-14
IN0820100,Evansville,Evansville,IN,2023,272,28,300,114950,https://cde.ucr.cjis.gov/LATEST/webapp/#/pages/downloads (Law Enforcement Employees Data; file additional-datasets/law-enforcement/lee_1960_2025.csv),2026-09-14
IN0820100,Evansville,Evansville,IN,2024,261,28,289,114660,https://cde.ucr.cjis.gov/LATEST/webapp/#/pages/downloads (Law Enforcement Employees Data; file additional-datasets/law-enforcement/lee_1960_2025.csv),2026-09-14
IN0290700,Fishers,Fishers,IN,2017,110,11,121,92367,https://cde.ucr.cjis.gov/LATEST/webapp/#/pages/downloads (Law Enforcement Employees Data; file additional-datasets/law-enforcement/lee_1960_2025.csv),2026-09-14
IN0290700,Fishers,Fishers,IN,2018,114,11,125,94035,https://cde.ucr.cjis.gov/LATEST/webapp/#/pages/downloads (Law Enforcement Employees Data; file additional-datasets/law-enforcement/lee_1960_2025.csv),2026-09-14
IN0290700,Fishers,Fishers,IN,2021,117,14,131,99184,https://cde.ucr.cjis.gov/LATEST/webapp/#/pages/downloads (Law Enforcement Employees Data; file additional-datasets/law-enforcement/lee_1960_2025.csv),2026-09-14
IN0290700,Fishers,Fishers,IN,2022,118,17,135,102921,https://cde.ucr.cjis.gov/LATEST/webapp/#/pages/downloads (Law Enforcement Employees Data; file additional-datasets/law-enforcement/lee_1960_2025.csv),2026-09-14
IN0290700,Fishers,Fishers,IN,2023,123,18,141,103247,https://cde.ucr.cjis.gov/LATEST/webapp/#/pages/downloads (Law Enforcement Employees Data; file additional-datasets/law-enforcement/lee_1960_2025.csv),2026-09-14
IN0290700,Fishers,Fishers,IN,2024,125,19,144,105680,https://cde.ucr.cjis.gov/LATEST/webapp/#/pages/downloads (Law Enforcement Employees Data; file additional-datasets/law-enforcement/lee_1960_2025.csv),2026-09-14
IN0020100,Fort Wayne,Fort Wayne,IN,2017,462,60,522,266259,https://cde.ucr.cjis.gov/LATEST/webapp/#/pages/downloads (Law Enforcement Employees Data; file additional-datasets/law-enforcement/lee_1960_2025.csv),2026-09-14
IN0020100,Fort Wayne,Fort Wayne,IN,2018,470,61,531,267634,https://cde.ucr.cjis.gov/LATEST/webapp/#/pages/downloads (Law Enforcement Employees Data; file additional-datasets/law-enforcement/lee_1960_2025.csv),2026-09-14
IN0020100,Fort Wayne,Fort Wayne,IN,2019,480,62,542,269366,https://cde.ucr.cjis.gov/LATEST/webapp/#/pages/downloads (Law Enforcement Employees Data; file additional-datasets/law-enforcement/lee_1960_2025.csv),2026-09-14
IN0020100,Fort Wayne,Fort Wayne,IN,2020,474,64,538,272270,https://cde.ucr.cjis.gov/LATEST/webapp/#/pages/downloads (Law Enforcement Employees Data; file additional-datasets/law-enforcement/lee_1960_2025.csv),2026-09-14
IN0020100,Fort Wayne,Fort Wayne,IN,2021,462,67,529,274295,https://cde.ucr.cjis.gov/LATEST/webapp/#/pages/downloads (Law Enforcement Employees Data; file additional-datasets/law-enforcement/lee_1960_2025.csv),2026-09-14
IN0020100,Fort Wayne,Fort Wayne,IN,2022,479,69,548,267791,https://cde.ucr.cjis.gov/LATEST/webapp/#/pages/downloads (Law Enforcement Employees Data; file additional-datasets/law-enforcement/lee_1960_2025.csv),2026-09-14
IN0020100,Fort Wayne,Fort Wayne,IN,2023,497,74,571,269728,https://cde.ucr.cjis.gov/LATEST/webapp/#/pages/downloads (Law Enforcement Employees Data; file additional-datasets/law-enforcement/lee_1960_2025.csv),2026-09-14
IN0020100,Fort Wayne,Fort Wayne,IN,2024,503,80,583,271892,https://cde.ucr.cjis.gov/LATEST/webapp/#/pages/downloads (Law Enforcement Employees Data; file additional-datasets/law-enforcement/lee_1960_2025.csv),2026-09-14
INIPD0000,Indianapolis,Indianapolis,IN,2017,1625,209,1834,870788,https://cde.ucr.cjis.gov/LATEST/webapp/#/pages/downloads (Law Enforcement Employees Data; file additional-datasets/law-enforcement/lee_1960_2025.csv),2026-09-14
INIPD0000,Indianapolis,Indianapolis,IN,2018,2080,635,2715,877584,https://cde.ucr.cjis.gov/LATEST/webapp/#/pages/downloads (Law Enforcement Employees Data; file additional-datasets/law-enforcement/lee_1960_2025.csv),2026-09-14
INIPD0000,Indianapolis,Indianapolis,IN,2019,2121,682,2803,883699,https://cde.ucr.cjis.gov/LATEST/webapp/#/pages/downloads (Law Enforcement Employees Data; file additional-datasets/law-enforcement/lee_1960_2025.csv),2026-09-14
INIPD0000,Indianapolis,Indianapolis,IN,2020,2086,570,2656,890672,https://cde.ucr.cjis.gov/LATEST/webapp/#/pages/downloads (Law Enforcement Employees Data; file additional-datasets/law-enforcement/lee_1960_2025.csv),2026-09-14
INIPD0000,Indianapolis,Indianapolis,IN,2022,2022,491,2513,886455,https://cde.ucr.cjis.gov/LATEST/webapp/#/pages/downloads (Law Enforcement Employees Data; file additional-datasets/law-enforcement/lee_1960_2025.csv),2026-09-14
INIPD0000,Indianapolis,Indianapolis,IN,2023,1890,743,2633,887131,https://cde.ucr.cjis.gov/LATEST/webapp/#/pages/downloads (Law Enforcement Employees Data; file additional-datasets/law-enforcement/lee_1960_2025.csv),2026-09-14
INIPD0000,Indianapolis,Indianapolis,IN,2024,1845,783,2628,890685,https://cde.ucr.cjis.gov/LATEST/webapp/#/pages/downloads (Law Enforcement Employees Data; file additional-datasets/law-enforcement/lee_1960_2025.csv),2026-09-14
IN0710200,South Bend,South Bend,IN,2017,241,48,289,101857,https://cde.ucr.cjis.gov/LATEST/webapp/#/pages/downloads (Law Enforcement Employees Data; file additional-datasets/law-enforcement/lee_1960_2025.csv),2026-09-14
IN0710200,South Bend,South Bend,IN,2018,237,46,283,102397,https://cde.ucr.cjis.gov/LATEST/webapp/#/pages/downloads (Law Enforcement Employees Data; file additional-datasets/law-enforcement/lee_1960_2025.csv),2026-09-14
IN0710200,South Bend,South Bend,IN,2019,234,44,278,101944,https://cde.ucr.cjis.gov/LATEST/webapp/#/pages/downloads (Law Enforcement Employees Data; file additional-datasets/law-enforcement/lee_1960_2025.csv),2026-09-14
IN0710200,South Bend,South Bend,IN,2020,224,48,272,102119,https://cde.ucr.cjis.gov/LATEST/webapp/#/pages/downloads (Law Enforcement Employees Data; file additional-datasets/law-enforcement/lee_1960_2025.csv),2026-09-14
IN0710200,South Bend,South Bend,IN,2021,222,63,285,101936,https://cde.ucr.cjis.gov/LATEST/webapp/#/pages/downloads (Law Enforcement Employees Data; file additional-datasets/law-enforcement/lee_1960_2025.csv),2026-09-14
IN0710200,South Bend,South Bend,IN,2022,221,70,291,103179,https://cde.ucr.cjis.gov/LATEST/webapp/#/pages/downloads (Law Enforcement Employees Data; file additional-datasets/law-enforcement/lee_1960_2025.csv),2026-09-14
IN0710200,South Bend,South Bend,IN,2023,245,46,291,102999,https://cde.ucr.cjis.gov/LATEST/webapp/#/pages/downloads (Law Enforcement Employees Data; file additional-datasets/law-enforcement/lee_1960_2025.csv),2026-09-14
IN0710200,South Bend,South Bend,IN,2024,247,55,302,103415,https://cde.ucr.cjis.gov/LATEST/webapp/#/pages/downloads (Law Enforcement Employees Data; file additional-datasets/law-enforcement/lee_1960_2025.csv),2026-09-14
KS1050200,Kansas City,Kansas City,KS,2017,341,90,431,152573,https://cde.ucr.cjis.gov/LATEST/webapp/#/pages/downloads (Law Enforcement Employees Data; file additional-datasets/law-enforcement/lee_1960_2025.csv),2026-09-14
KS1050200,Kansas City,Kansas City,KS,2019,324,99,423,153601,https://cde.ucr.cjis.gov/LATEST/webapp/#/pages/downloads (Law Enforcement Employees Data; file additional-datasets/law-enforcement/lee_1960_2025.csv),2026-09-14
KS1050200,Kansas City,Kansas City,KS,2023,317,116,433,152115,https://cde.ucr.cjis.gov/LATEST/webapp/#/pages/downloads (Law Enforcement Employees Data; file additional-datasets/law-enforcement/lee_1960_2025.csv),2026-09-14
KS1050200,Kansas City,Kansas City,KS,2024,316,119,435,153363,https://cde.ucr.cjis.gov/LATEST/webapp/#/pages/downloads (Law Enforcement Employees Data; file additional-datasets/law-enforcement/lee_1960_2025.csv),2026-09-14
KS0230100,Lawrence,Lawrence,KS,2017,149,24,173,96629,https://cde.ucr.cjis.gov/LATEST/webapp/#/pages/downloads (Law Enforcement Employees Data; file additional-datasets/law-enforcement/lee_1960_2025.csv),2026-09-14
KS0230100,Lawrence,Lawrence,KS,2018,153,27,180,98219,https://cde.ucr.cjis.gov/LATEST/webapp/#/pages/downloads (Law Enforcement Employees Data; file additional-datasets/law-enforcement/lee_1960_2025.csv),2026-09-14
KS0230100,Lawrence,Lawrence,KS,2019,143,25,168,98505,https://cde.ucr.cjis.gov/LATEST/webapp/#/pages/downloads (Law Enforcement Employees Data; file additional-datasets/law-enforcement/lee_1960_2025.csv),2026-09-14
KS0230100,Lawrence,Lawrence,KS,2020,143,26,169,99368,https://cde.ucr.cjis.gov/LATEST/webapp/#/pages/downloads (Law Enforcement Employees Data; file additional-datasets/law-enforcement/lee_1960_2025.csv),2026-09-14
KS0230100,Lawrence,Lawrence,KS,2021,136,24,160,99530,https://cde.ucr.cjis.gov/LATEST/webapp/#/pages/downloads (Law Enforcement Employees Data; file additional-datasets/law-enforcement/lee_1960_2025.csv),2026-09-14
KS0230100,Lawrence,Lawrence,KS,2022,145,30,175,95580,https://cde.ucr.cjis.gov/LATEST/webapp/#/pages/downloads (Law Enforcement Employees Data; file additional-datasets/law-enforcement/lee_1960_2025.csv),2026-09-14
KS0230100,Lawrence,Lawrence,KS,2023,139,37,176,96232,https://cde.ucr.cjis.gov/LATEST/webapp/#/pages/downloads (Law Enforcement Employees Data; file additional-datasets/law-enforcement/lee_1960_2025.csv),2026-09-14
KS0230100,Lawrence,Lawrence,KS,2024,149,34,183,96636,https://cde.ucr.cjis.gov/LATEST/webapp/#/pages/downloads (Law Enforcement Employees Data; file additional-datasets/law-enforcement/lee_1960_2025.csv),2026-09-14
KS0460500,Olathe,Olathe,KS,2017,171,29,200,137070,https://cde.ucr.cjis.gov/LATEST/webapp/#/pages/downloads (Law Enforcement Employees Data; file additional-datasets/law-enforcement/lee_1960_2025.csv),2026-09-14
KS0460500,Olathe,Olathe,KS,2018,182,29,211,139154,https://cde.ucr.cjis.gov/LATEST/webapp/#/pages/downloads (Law Enforcement Employees Data; file additional-datasets/law-enforcement/lee_1960_2025.csv),2026-09-14
KS0460500,Olathe,Olathe,KS,2019,187,28,215,141371,https://cde.ucr.cjis.gov/LATEST/webapp/#/pages/downloads (Law Enforcement Employees Data; file additional-datasets/law-enforcement/lee_1960_2025.csv),2026-09-14
KS0460500,Olathe,Olathe,KS,2020,184,27,211,142228,https://cde.ucr.cjis.gov/LATEST/webapp/#/pages/downloads (Law Enforcement Employees Data; file additional-datasets/law-enforcement/lee_1960_2025.csv),2026-09-14
KS0460500,Olathe,Olathe,KS,2022,191,24,215,144646,https://cde.ucr.cjis.gov/LATEST/webapp/#/pages/downloads (Law Enforcement Employees Data; file additional-datasets/law-enforcement/lee_1960_2025.csv),2026-09-14
KS0460500,Olathe,Olathe,KS,2023,197,22,219,147680,https://cde.ucr.cjis.gov/LATEST/webapp/#/pages/downloads (Law Enforcement Employees Data; file additional-datasets/law-enforcement/lee_1960_2025.csv),2026-09-14
KS0460500,Olathe,Olathe,KS,2024,207,24,231,149473,https://cde.ucr.cjis.gov/LATEST/webapp/#/pages/downloads (Law Enforcement Employees Data; file additional-datasets/law-enforcement/lee_1960_2025.csv),2026-09-14
KS0460600,Overland Park,Overland Park,KS,2017,251,60,311,191566,https://cde.ucr.cjis.gov/LATEST/webapp/#/pages/downloads (Law Enforcement Employees Data; file additional-datasets/law-enforcement/lee_1960_2025.csv),2026-09-14
KS0460600,Overland Park,Overland Park,KS,2018,237,58,295,193877,https://cde.ucr.cjis.gov/LATEST/webapp/#/pages/downloads (Law Enforcement Employees Data; file additional-datasets/law-enforcement/lee_1960_2025.csv),2026-09-14
KS0460600,Overland Park,Overland Park,KS,2019,246,64,310,194983,https://cde.ucr.cjis.gov/LATEST/webapp/#/pages/downloads (Law Enforcement Employees Data; file additional-datasets/law-enforcement/lee_1960_2025.csv),2026-09-14
KS0460600,Overland Park,Overland Park,KS,2020,257,68,325,198036,https://cde.ucr.cjis.gov/LATEST/webapp/#/pages/downloads (Law Enforcement Employees Data; file additional-datasets/law-enforcement/lee_1960_2025.csv),2026-09-14
KS0460600,Overland Park,Overland Park,KS,2021,251,67,318,199881,https://cde.ucr.cjis.gov/LATEST/webapp/#/pages/downloads (Law Enforcement Employees Data; file additional-datasets/law-enforcement/lee_1960_2025.csv),2026-09-14
KS0460600,Overland Park,Overland Park,KS,2022,246,67,313,196626,https://cde.ucr.cjis.gov/LATEST/webapp/#/pages/downloads (Law Enforcement Employees Data; file additional-datasets/law-enforcement/lee_1960_2025.csv),2026-09-14
KS0460600,Overland Park,Overland Park,KS,2023,241,77,318,197728,https://cde.ucr.cjis.gov/LATEST/webapp/#/pages/downloads (Law Enforcement Employees Data; file additional-datasets/law-enforcement/lee_1960_2025.csv),2026-09-14
KS0460600,Overland Park,Overland Park,KS,2024,250,79,329,196875,https://cde.ucr.cjis.gov/LATEST/webapp/#/pages/downloads (Law Enforcement Employees Data; file additional-datasets/law-enforcement/lee_1960_2025.csv),2026-09-14
KS0890100,Topeka,Topeka,KS,2017,274,54,328,126624,https://cde.ucr.cjis.gov/LATEST/webapp/#/pages/downloads (Law Enforcement Employees Data; file additional-datasets/law-enforcement/lee_1960_2025.csv),2026-09-14
KS0890100,Topeka,Topeka,KS,2018,267,57,324,126399,https://cde.ucr.cjis.gov/LATEST/webapp/#/pages/downloads (Law Enforcement Employees Data; file additional-datasets/law-enforcement/lee_1960_2025.csv),2026-09-14
KS0890100,Topeka,Topeka,KS,2019,278,50,328,125655,https://cde.ucr.cjis.gov/LATEST/webapp/#/pages/downloads (Law Enforcement Employees Data; file additional-datasets/law-enforcement/lee_1960_2025.csv),2026-09-14
KS0890100,Topeka,Topeka,KS,2020,285,45,330,125024,https://cde.ucr.cjis.gov/LATEST/webapp/#/pages/downloads (Law Enforcement Employees Data; file additional-datasets/law-enforcement/lee_1960_2025.csv),2026-09-14
KS0890100,Topeka,Topeka,KS,2021,263,55,318,124227,https://cde.ucr.cjis.gov/LATEST/webapp/#/pages/downloads (Law Enforcement Employees Data; file additional-datasets/law-enforcement/lee_1960_2025.csv),2026-09-14
KS0890100,Topeka,Topeka,KS,2022,261,47,308,125658,https://cde.ucr.cjis.gov/LATEST/webapp/#/pages/downloads (Law Enforcement Employees Data; file additional-datasets/law-enforcement/lee_1960_2025.csv),2026-09-14
KS0890100,Topeka,Topeka,KS,2023,261,44,305,124967,https://cde.ucr.cjis.gov/LATEST/webapp/#/pages/downloads (Law Enforcement Employees Data; file additional-datasets/law-enforcement/lee_1960_2025.csv),2026-09-14
KS0890100,Topeka,Topeka,KS,2024,261,45,306,125156,https://cde.ucr.cjis.gov/LATEST/webapp/#/pages/downloads (Law Enforcement Employees Data; file additional-datasets/law-enforcement/lee_1960_2025.csv),2026-09-14
KS0870300,Wichita,Wichita,KS,2017,638,181,819,391084,https://cde.ucr.cjis.gov/LATEST/webapp/#/pages/downloads (Law Enforcement Employees Data; file additional-datasets/law-enforcement/lee_1960_2025.csv),2026-09-14
KS0870300,Wichita,Wichita,KS,2018,648,176,824,391726,https://cde.ucr.cjis.gov/LATEST/webapp/#/pages/downloads (Law Enforcement Employees Data; file additional-datasets/law-enforcement/lee_1960_2025.csv),2026-09-14
KS0870300,Wichita,Wichita,KS,2019,649,195,844,390080,https://cde.ucr.cjis.gov/LATEST/webapp/#/pages/downloads (Law Enforcement Employees Data; file additional-datasets/law-enforcement/lee_1960_2025.csv),2026-09-14
KS0870300,Wichita,Wichita,KS,2022,665,172,837,394286,https://cde.ucr.cjis.gov/LATEST/webapp/#/pages/downloads (Law Enforcement Employees Data; file additional-datasets/law-enforcement/lee_1960_2025.csv),2026-09-14
KS0870300,Wichita,Wichita,KS,2023,634,178,812,395290,https://cde.ucr.cjis.gov/LATEST/webapp/#/pages/downloads (Law Enforcement Employees Data; file additional-datasets/law-enforcement/lee_1960_2025.csv),2026-09-14
KS0870300,Wichita,Wichita,KS,2024,615,205,820,395486,https://cde.ucr.cjis.gov/LATEST/webapp/#/pages/downloads (Law Enforcement Employees Data; file additional-datasets/law-enforcement/lee_1960_2025.csv),2026-09-14
KY0340200,Lexington,Lexington,KY,2017,506,75,581,322332,https://cde.ucr.cjis.gov/LATEST/webapp/#/pages/downloads (Law Enforcement Employees Data; file additional-datasets/law-enforcement/lee_1960_2025.csv),2026-09-14
KY0340200,Lexington,Lexington,KY,2018,611,90,701,325579,https://cde.ucr.cjis.gov/LATEST/webapp/#/pages/downloads (Law Enforcement Employees Data; file additional-datasets/law-enforcement/lee_1960_2025.csv),2026-09-14
KY0340200,Lexington,Lexington,KY,2019,602,90,692,326070,https://cde.ucr.cjis.gov/LATEST/webapp/#/pages/downloads (Law Enforcement Employees Data; file additional-datasets/law-enforcement/lee_1960_2025.csv),2026-09-14
KY0340200,Lexington,Lexington,KY,2020,580,90,670,325851,https://cde.ucr.cjis.gov/LATEST/webapp/#/pages/downloads (Law Enforcement Employees Data; file additional-datasets/law-enforcement/lee_1960_2025.csv),2026-09-14
KY0340200,Lexington,Lexington,KY,2021,521,114,635,328965,https://cde.ucr.cjis.gov/LATEST/webapp/#/pages/downloads (Law Enforcement Employees Data; file additional-datasets/law-enforcement/lee_1960_2025.csv),2026-09-14
KY0340200,Lexington,Lexington,KY,2023,540,92,632,319994,https://cde.ucr.cjis.gov/LATEST/webapp/#/pages/downloads (Law Enforcement Employees Data; file additional-datasets/law-enforcement/lee_1960_2025.csv),2026-09-14
KY0340200,Lexington,Lexington,KY,2024,553,97,650,323254,https://cde.ucr.cjis.gov/LATEST/webapp/#/pages/downloads (Law Enforcement Employees Data; file additional-datasets/law-enforcement/lee_1960_2025.csv),2026-09-14
KY0568000,Louisville Metro,Louisville,KY,2017,1249,261,1510,685171,https://cde.ucr.cjis.gov/LATEST/webapp/#/pages/downloads (Law Enforcement Employees Data; file additional-datasets/law-enforcement/lee_1960_2025.csv),2026-09-14
KY0568000,Louisville Metro,Louisville,KY,2018,1246,292,1538,683335,https://cde.ucr.cjis.gov/LATEST/webapp/#/pages/downloads (Law Enforcement Employees Data; file additional-datasets/law-enforcement/lee_1960_2025.csv),2026-09-14
KY0568000,Louisville Metro,Louisville,KY,2019,1191,255,1446,675501,https://cde.ucr.cjis.gov/LATEST/webapp/#/pages/downloads (Law Enforcement Employees Data; file additional-datasets/law-enforcement/lee_1960_2025.csv),2026-09-14
KY0568000,Louisville Metro,Louisville,KY,2020,1124,264,1388,673730,https://cde.ucr.cjis.gov/LATEST/webapp/#/pages/downloads (Law Enforcement Employees Data; file additional-datasets/law-enforcement/lee_1960_2025.csv),2026-09-14
KY0568000,Louisville Metro,Louisville,KY,2021,1038,282,1320,678236,https://cde.ucr.cjis.gov/LATEST/webapp/#/pages/downloads (Law Enforcement Employees Data; file additional-datasets/law-enforcement/lee_1960_2025.csv),2026-09-14
KY0568000,Louisville Metro,Louisville,KY,2022,1050,305,1355,677554,https://cde.ucr.cjis.gov/LATEST/webapp/#/pages/downloads (Law Enforcement Employees Data; file additional-datasets/law-enforcement/lee_1960_2025.csv),2026-09-14
KY0568000,Louisville Metro,Louisville,KY,2023,1067,289,1356,669468,https://cde.ucr.cjis.gov/LATEST/webapp/#/pages/downloads (Law Enforcement Employees Data; file additional-datasets/law-enforcement/lee_1960_2025.csv),2026-09-14
KY0568000,Louisville Metro,Louisville,KY,2024,1010,380,1390,676843,https://cde.ucr.cjis.gov/LATEST/webapp/#/pages/downloads (Law Enforcement Employees Data; file additional-datasets/law-enforcement/lee_1960_2025.csv),2026-09-14
LA0170200,Baton Rouge,Baton Rouge,LA,2017,641,172,813,227403,https://cde.ucr.cjis.gov/LATEST/webapp/#/pages/downloads (Law Enforcement Employees Data; file additional-datasets/law-enforcement/lee_1960_2025.csv),2026-09-14
LA0170200,Baton Rouge,Baton Rouge,LA,2018,631,164,795,224790,https://cde.ucr.cjis.gov/LATEST/webapp/#/pages/downloads (Law Enforcement Employees Data; file additional-datasets/law-enforcement/lee_1960_2025.csv),2026-09-14
LA0170200,Baton Rouge,Baton Rouge,LA,2019,616,154,770,220648,https://cde.ucr.cjis.gov/LATEST/webapp/#/pages/downloads (Law Enforcement Employees Data; file additional-datasets/law-enforcement/lee_1960_2025.csv),2026-09-14
LA0170200,Baton Rouge,Baton Rouge,LA,2021,575,150,725,218060,https://cde.ucr.cjis.gov/LATEST/webapp/#/pages/downloads (Law Enforcement Employees Data; file additional-datasets/law-enforcement/lee_1960_2025.csv),2026-09-14
LA0170200,Baton Rouge,Baton Rouge,LA,2022,577,235,812,219913,https://cde.ucr.cjis.gov/LATEST/webapp/#/pages/downloads (Law Enforcement Employees Data; file additional-datasets/law-enforcement/lee_1960_2025.csv),2026-09-14
LA0170200,Baton Rouge,Baton Rouge,LA,2023,574,70,644,219086,https://cde.ucr.cjis.gov/LATEST/webapp/#/pages/downloads (Law Enforcement Employees Data; file additional-datasets/law-enforcement/lee_1960_2025.csv),2026-09-14
LA0170200,Baton Rouge,Baton Rouge,LA,2024,548,154,702,217387,https://cde.ucr.cjis.gov/LATEST/webapp/#/pages/downloads (Law Enforcement Employees Data; file additional-datasets/law-enforcement/lee_1960_2025.csv),2026-09-14
LA0280300,Lafayette,Lafayette,LA,2017,264,57,321,128691,https://cde.ucr.cjis.gov/LATEST/webapp/#/pages/downloads (Law Enforcement Employees Data; file additional-datasets/law-enforcement/lee_1960_2025.csv),2026-09-14
LA0280300,Lafayette,Lafayette,LA,2018,283,49,332,127592,https://cde.ucr.cjis.gov/LATEST/webapp/#/pages/downloads (Law Enforcement Employees Data; file additional-datasets/law-enforcement/lee_1960_2025.csv),2026-09-14
LA0280300,Lafayette,Lafayette,LA,2019,280,54,334,126694,https://cde.ucr.cjis.gov/LATEST/webapp/#/pages/downloads (Law Enforcement Employees Data; file additional-datasets/law-enforcement/lee_1960_2025.csv),2026-09-14
LA0280300,Lafayette,Lafayette,LA,2020,275,52,327,126679,https://cde.ucr.cjis.gov/LATEST/webapp/#/pages/downloads (Law Enforcement Employees Data; file additional-datasets/law-enforcement/lee_1960_2025.csv),2026-09-14
LA0280300,Lafayette,Lafayette,LA,2022,275,45,320,121546,https://cde.ucr.cjis.gov/LATEST/webapp/#/pages/downloads (Law Enforcement Employees Data; file additional-datasets/law-enforcement/lee_1960_2025.csv),2026-09-14
LA0280300,Lafayette,Lafayette,LA,2023,271,46,317,121361,https://cde.ucr.cjis.gov/LATEST/webapp/#/pages/downloads (Law Enforcement Employees Data; file additional-datasets/law-enforcement/lee_1960_2025.csv),2026-09-14
LA0280300,Lafayette,Lafayette,LA,2024,276,52,328,121471,https://cde.ucr.cjis.gov/LATEST/webapp/#/pages/downloads (Law Enforcement Employees Data; file additional-datasets/law-enforcement/lee_1960_2025.csv),2026-09-14
LANPD0000,New Orleans,New Orleans,LA,2017,1101,335,1436,397447,https://cde.ucr.cjis.gov/LATEST/webapp/#/pages/downloads (Law Enforcement Employees Data; file additional-datasets/law-enforcement/lee_1960_2025.csv),2026-09-14
LANPD0000,New Orleans,New Orleans,LA,2018,1209,248,1457,396374,https://cde.ucr.cjis.gov/LATEST/webapp/#/pages/downloads (Law Enforcement Employees Data; file additional-datasets/law-enforcement/lee_1960_2025.csv),2026-09-14
LANPD0000,New Orleans,New Orleans,LA,2019,1154,294,1448,394498,https://cde.ucr.cjis.gov/LATEST/webapp/#/pages/downloads (Law Enforcement Employees Data; file additional-datasets/law-enforcement/lee_1960_2025.csv),2026-09-14
LANPD0000,New Orleans,New Orleans,LA,2022,945,199,1144,370128,https://cde.ucr.cjis.gov/LATEST/webapp/#/pages/downloads (Law Enforcement Employees Data; file additional-datasets/law-enforcement/lee_1960_2025.csv),2026-09-14
LANPD0000,New Orleans,New Orleans,LA,2023,910,297,1207,364197,https://cde.ucr.cjis.gov/LATEST/webapp/#/pages/downloads (Law Enforcement Employees Data; file additional-datasets/law-enforcement/lee_1960_2025.csv),2026-09-14
LANPD0000,New Orleans,New Orleans,LA,2024,931,328,1259,361802,https://cde.ucr.cjis.gov/LATEST/webapp/#/pages/downloads (Law Enforcement Employees Data; file additional-datasets/law-enforcement/lee_1960_2025.csv),2026-09-14
LA0090100,Shreveport,Shreveport,LA,2017,508,100,608,193937,https://cde.ucr.cjis.gov/LATEST/webapp/#/pages/downloads (Law Enforcement Employees Data; file additional-datasets/law-enforcement/lee_1960_2025.csv),2026-09-14
LA0090100,Shreveport,Shreveport,LA,2018,524,197,721,190808,https://cde.ucr.cjis.gov/LATEST/webapp/#/pages/downloads (Law Enforcement Employees Data; file additional-datasets/law-enforcement/lee_1960_2025.csv),2026-09-14
LA0090100,Shreveport,Shreveport,LA,2019,536,173,709,187556,https://cde.ucr.cjis.gov/LATEST/webapp/#/pages/downloads (Law Enforcement Employees Data; file additional-datasets/law-enforcement/lee_1960_2025.csv),2026-09-14
LA0090100,Shreveport,Shreveport,LA,2020,471,141,612,185588,https://cde.ucr.cjis.gov/LATEST/webapp/#/pages/downloads (Law Enforcement Employees Data; file additional-datasets/law-enforcement/lee_1960_2025.csv),2026-09-14
LA0090100,Shreveport,Shreveport,LA,2022,456,64,520,180763,https://cde.ucr.cjis.gov/LATEST/webapp/#/pages/downloads (Law Enforcement Employees Data; file additional-datasets/law-enforcement/lee_1960_2025.csv),2026-09-14
LA0090100,Shreveport,Shreveport,LA,2023,437,206,643,176906,https://cde.ucr.cjis.gov/LATEST/webapp/#/pages/downloads (Law Enforcement Employees Data; file additional-datasets/law-enforcement/lee_1960_2025.csv),2026-09-14
LA0090100,Shreveport,Shreveport,LA,2024,433,146,579,175092,https://cde.ucr.cjis.gov/LATEST/webapp/#/pages/downloads (Law Enforcement Employees Data; file additional-datasets/law-enforcement/lee_1960_2025.csv),2026-09-14
MA0130100,Boston,Boston,MA,2017,2205,573,2778,682903,https://cde.ucr.cjis.gov/LATEST/webapp/#/pages/downloads (Law Enforcement Employees Data; file additional-datasets/law-enforcement/lee_1960_2025.csv),2026-09-14
MA0130100,Boston,Boston,MA,2018,2122,593,2715,694673,https://cde.ucr.cjis.gov/LATEST/webapp/#/pages/downloads (Law Enforcement Employees Data; file additional-datasets/law-enforcement/lee_1960_2025.csv),2026-09-14
MA0130100,Boston,Boston,MA,2019,2143,779,2922,698941,https://cde.ucr.cjis.gov/LATEST/webapp/#/pages/downloads (Law Enforcement Employees Data; file additional-datasets/law-enforcement/lee_1960_2025.csv),2026-09-14
MA0130100,Boston,Boston,MA,2020,2132,583,2715,697323,https://cde.ucr.cjis.gov/LATEST/webapp/#/pages/downloads (Law Enforcement Employees Data; file additional-datasets/law-enforcement/lee_1960_2025.csv),2026-09-14
MA0130100,Boston,Boston,MA,2021,2184,532,2716,704758,https://cde.ucr.cjis.gov/LATEST/webapp/#/pages/downloads (Law Enforcement Employees Data; file additional-datasets/law-enforcement/lee_1960_2025.csv),2026-09-14
MA0130100,Boston,Boston,MA,2022,2112,670,2782,638925,https://cde.ucr.cjis.gov/LATEST/webapp/#/pages/downloads (Law Enforcement Employees Data; file additional-datasets/law-enforcement/lee_1960_2025.csv),2026-09-14
MA0130100,Boston,Boston,MA,2023,2091,683,2774,642823,https://cde.ucr.cjis.gov/LATEST/webapp/#/pages/downloads (Law Enforcement Employees Data; file additional-datasets/law-enforcement/lee_1960_2025.csv),2026-09-14
MA0130100,Boston,Boston,MA,2024,2129,535,2664,659049,https://cde.ucr.cjis.gov/LATEST/webapp/#/pages/downloads (Law Enforcement Employees Data; file additional-datasets/law-enforcement/lee_1960_2025.csv),2026-09-14
MA0120300,Brockton,Brockton,MA,2017,180,21,201,96016,https://cde.ucr.cjis.gov/LATEST/webapp/#/pages/downloads (Law Enforcement Employees Data; file additional-datasets/law-enforcement/lee_1960_2025.csv),2026-09-14
MA0120300,Brockton,Brockton,MA,2018,183,24,207,95922,https://cde.ucr.cjis.gov/LATEST/webapp/#/pages/downloads (Law Enforcement Employees Data; file additional-datasets/law-enforcement/lee_1960_2025.csv),2026-09-14
MA0120300,Brockton,Brockton,MA,2019,195,23,218,95287,https://cde.ucr.cjis.gov/LATEST/webapp/#/pages/downloads (Law Enforcement Employees Data; file additional-datasets/law-enforcement/lee_1960_2025.csv),2026-09-14
MA0120300,Brockton,Brockton,MA,2020,187,24,211,95230,https://cde.ucr.cjis.gov/LATEST/webapp/#/pages/downloads (Law Enforcement Employees Data; file additional-datasets/law-enforcement/lee_1960_2025.csv),2026-09-14
MA0120300,Brockton,Brockton,MA,2021,192,28,220,96586,https://cde.ucr.cjis.gov/LATEST/webapp/#/pages/downloads (Law Enforcement Employees Data; file additional-datasets/law-enforcement/lee_1960_2025.csv),2026-09-14
MA0120300,Brockton,Brockton,MA,2022,193,31,224,105929,https://cde.ucr.cjis.gov/LATEST/webapp/#/pages/downloads (Law Enforcement Employees Data; file additional-datasets/law-enforcement/lee_1960_2025.csv),2026-09-14
MA0120300,Brockton,Brockton,MA,2023,180,24,204,104890,https://cde.ucr.cjis.gov/LATEST/webapp/#/pages/downloads (Law Enforcement Employees Data; file additional-datasets/law-enforcement/lee_1960_2025.csv),2026-09-14
MA0120300,Brockton,Brockton,MA,2024,173,24,197,106650,https://cde.ucr.cjis.gov/LATEST/webapp/#/pages/downloads (Law Enforcement Employees Data; file additional-datasets/law-enforcement/lee_1960_2025.csv),2026-09-14
MA0091100,Cambridge,Cambridge,MA,2017,278,33,311,111707,https://cde.ucr.cjis.gov/LATEST/webapp/#/pages/downloads (Law Enforcement Employees Data; file additional-datasets/law-enforcement/lee_1960_2025.csv),2026-09-14
MA0091100,Cambridge,Cambridge,MA,2018,277,43,320,114881,https://cde.ucr.cjis.gov/LATEST/webapp/#/pages/downloads (Law Enforcement Employees Data; file additional-datasets/law-enforcement/lee_1960_2025.csv),2026-09-14
MA0091100,Cambridge,Cambridge,MA,2019,267,34,301,119908,https://cde.ucr.cjis.gov/LATEST/webapp/#/pages/downloads (Law Enforcement Employees Data; file additional-datasets/law-enforcement/lee_1960_2025.csv),2026-09-14
MA0091100,Cambridge,Cambridge,MA,2020,271,41,312,119938,https://cde.ucr.cjis.gov/LATEST/webapp/#/pages/downloads (Law Enforcement Employees Data; file additional-datasets/law-enforcement/lee_1960_2025.csv),2026-09-14
MA0091100,Cambridge,Cambridge,MA,2021,262,41,303,121699,https://cde.ucr.cjis.gov/LATEST/webapp/#/pages/downloads (Law Enforcement Employees Data; file additional-datasets/law-enforcement/lee_1960_2025.csv),2026-09-14
MA0091100,Cambridge,Cambridge,MA,2022,260,39,299,117044,https://cde.ucr.cjis.gov/LATEST/webapp/#/pages/downloads (Law Enforcement Employees Data; file additional-datasets/law-enforcement/lee_1960_2025.csv),2026-09-14
MA0091100,Cambridge,Cambridge,MA,2023,258,38,296,118960,https://cde.ucr.cjis.gov/LATEST/webapp/#/pages/downloads (Law Enforcement Employees Data; file additional-datasets/law-enforcement/lee_1960_2025.csv),2026-09-14
MA0091100,Cambridge,Cambridge,MA,2024,264,41,305,120447,https://cde.ucr.cjis.gov/LATEST/webapp/#/pages/downloads (Law Enforcement Employees Data; file additional-datasets/law-enforcement/lee_1960_2025.csv),2026-09-14
MA0030800,Fall River,Fall River,MA,2021,222,47,269,90618,https://cde.ucr.cjis.gov/LATEST/webapp/#/pages/downloads (Law Enforcement Employees Data; file additional-datasets/law-enforcement/lee_1960_2025.csv),2026-09-14
MA0030800,Fall River,Fall River,MA,2022,220,44,264,94339,https://cde.ucr.cjis.gov/LATEST/webapp/#/pages/downloads (Law Enforcement Employees Data; file additional-datasets/law-enforcement/lee_1960_2025.csv),2026-09-14
MA0030800,Fall River,Fall River,MA,2023,210,48,258,93879,https://cde.ucr.cjis.gov/LATEST/webapp/#/pages/downloads (Law Enforcement Employees Data; file additional-datasets/law-enforcement/lee_1960_2025.csv),2026-09-14
MA0030800,Fall River,Fall River,MA,2024,209,52,261,95573,https://cde.ucr.cjis.gov/LATEST/webapp/#/pages/downloads (Law Enforcement Employees Data; file additional-datasets/law-enforcement/lee_1960_2025.csv),2026-09-14
MA0092600,Lowell,Lowell,MA,2017,220,82,302,111294,https://cde.ucr.cjis.gov/LATEST/webapp/#/pages/downloads (Law Enforcement Employees Data; file additional-datasets/law-enforcement/lee_1960_2025.csv),2026-09-14
MA0092600,Lowell,Lowell,MA,2018,241,75,316,111989,https://cde.ucr.cjis.gov/LATEST/webapp/#/pages/downloads (Law Enforcement Employees Data; file additional-datasets/law-enforcement/lee_1960_2025.csv),2026-09-14
MA0092600,Lowell,Lowell,MA,2019,244,98,342,111423,https://cde.ucr.cjis.gov/LATEST/webapp/#/pages/downloads (Law Enforcement Employees Data; file additional-datasets/law-enforcement/lee_1960_2025.csv),2026-09-14
MA0092600,Lowell,Lowell,MA,2020,232,78,310,110876,https://cde.ucr.cjis.gov/LATEST/webapp/#/pages/downloads (Law Enforcement Employees Data; file additional-datasets/law-enforcement/lee_1960_2025.csv),2026-09-14
MA0092600,Lowell,Lowell,MA,2021,236,70,306,112230,https://cde.ucr.cjis.gov/LATEST/webapp/#/pages/downloads (Law Enforcement Employees Data; file additional-datasets/law-enforcement/lee_1960_2025.csv),2026-09-14
MA0092600,Lowell,Lowell,MA,2022,242,70,312,113277,https://cde.ucr.cjis.gov/LATEST/webapp/#/pages/downloads (Law Enforcement Employees Data; file additional-datasets/law-enforcement/lee_1960_2025.csv),2026-09-14
MA0092600,Lowell,Lowell,MA,2023,229,72,301,113124,https://cde.ucr.cjis.gov/LATEST/webapp/#/pages/downloads (Law Enforcement Employees Data; file additional-datasets/law-enforcement/lee_1960_2025.csv),2026-09-14
MA0092600,Lowell,Lowell,MA,2024,224,77,301,116062,https://cde.ucr.cjis.gov/LATEST/webapp/#/pages/downloads (Law Enforcement Employees Data; file additional-datasets/law-enforcement/lee_1960_2025.csv),2026-09-14
MA0051400,Lynn,Lynn,MA,2017,168,18,186,93140,https://cde.ucr.cjis.gov/LATEST/webapp/#/pages/downloads (Law Enforcement Employees Data; file additional-datasets/law-enforcement/lee_1960_2025.csv),2026-09-14
MA0051400,Lynn,Lynn,MA,2018,161,18,179,94558,https://cde.ucr.cjis.gov/LATEST/webapp/#/pages/downloads (Law Enforcement Employees Data; file additional-datasets/law-enforcement/lee_1960_2025.csv),2026-09-14
MA0051400,Lynn,Lynn,MA,2019,168,19,187,94449,https://cde.ucr.cjis.gov/LATEST/webapp/#/pages/downloads (Law Enforcement Employees Data; file additional-datasets/law-enforcement/lee_1960_2025.csv),2026-09-14
MA0051400,Lynn,Lynn,MA,2020,177,18,195,94223,https://cde.ucr.cjis.gov/LATEST/webapp/#/pages/downloads (Law Enforcement Employees Data; file additional-datasets/law-enforcement/lee_1960_2025.csv),2026-09-14
MA0051400,Lynn,Lynn,MA,2021,184,18,202,95727,https://cde.ucr.cjis.gov/LATEST/webapp/#/pages/downloads (Law Enforcement Employees Data; file additional-datasets/law-enforcement/lee_1960_2025.csv),2026-09-14
MA0051400,Lynn,Lynn,MA,2022,176,19,195,101056,https://cde.ucr.cjis.gov/LATEST/webapp/#/pages/downloads (Law Enforcement Employees Data; file additional-datasets/law-enforcement/lee_1960_2025.csv),2026-09-14
MA0051400,Lynn,Lynn,MA,2023,185,20,205,101144,https://cde.ucr.cjis.gov/LATEST/webapp/#/pages/downloads (Law Enforcement Employees Data; file additional-datasets/law-enforcement/lee_1960_2025.csv),2026-09-14
MA0051400,Lynn,Lynn,MA,2024,175,20,195,103200,https://cde.ucr.cjis.gov/LATEST/webapp/#/pages/downloads (Law Enforcement Employees Data; file additional-datasets/law-enforcement/lee_1960_2025.csv),2026-09-14
MA0031100,New Bedford,New Bedford,MA,2017,247,50,297,95107,https://cde.ucr.cjis.gov/LATEST/webapp/#/pages/downloads (Law Enforcement Employees Data; file additional-datasets/law-enforcement/lee_1960_2025.csv),2026-09-14
MA0031100,New Bedford,New Bedford,MA,2018,254,45,299,95106,https://cde.ucr.cjis.gov/LATEST/webapp/#/pages/downloads (Law Enforcement Employees Data; file additional-datasets/law-enforcement/lee_1960_2025.csv),2026-09-14
MA0031100,New Bedford,New Bedford,MA,2019,243,58,301,94613,https://cde.ucr.cjis.gov/LATEST/webapp/#/pages/downloads (Law Enforcement Employees Data; file additional-datasets/law-enforcement/lee_1960_2025.csv),2026-09-14
MA0031100,New Bedford,New Bedford,MA,2020,248,43,291,94886,https://cde.ucr.cjis.gov/LATEST/webapp/#/pages/downloads (Law Enforcement Employees Data; file additional-datasets/law-enforcement/lee_1960_2025.csv),2026-09-14
MA0031100,New Bedford,New Bedford,MA,2021,234,37,271,96346,https://cde.ucr.cjis.gov/LATEST/webapp/#/pages/downloads (Law Enforcement Employees Data; file additional-datasets/law-enforcement/lee_1960_2025.csv),2026-09-14
MA0031100,New Bedford,New Bedford,MA,2022,224,39,263,101402,https://cde.ucr.cjis.gov/LATEST/webapp/#/pages/downloads (Law Enforcement Employees Data; file additional-datasets/law-enforcement/lee_1960_2025.csv),2026-09-14
MA0031100,New Bedford,New Bedford,MA,2023,205,52,257,100876,https://cde.ucr.cjis.gov/LATEST/webapp/#/pages/downloads (Law Enforcement Employees Data; file additional-datasets/law-enforcement/lee_1960_2025.csv),2026-09-14
MA0031100,New Bedford,New Bedford,MA,2024,206,50,256,102491,https://cde.ucr.cjis.gov/LATEST/webapp/#/pages/downloads (Law Enforcement Employees Data; file additional-datasets/law-enforcement/lee_1960_2025.csv),2026-09-14
MA0112000,Quincy,Quincy,MA,2017,212,71,283,93966,https://cde.ucr.cjis.gov/LATEST/webapp/#/pages/downloads (Law Enforcement Employees Data; file additional-datasets/law-enforcement/lee_1960_2025.csv),2026-09-14
MA0112000,Quincy,Quincy,MA,2018,212,32,244,94388,https://cde.ucr.cjis.gov/LATEST/webapp/#/pages/downloads (Law Enforcement Employees Data; file additional-datasets/law-enforcement/lee_1960_2025.csv),2026-09-14
MA0112000,Quincy,Quincy,MA,2019,209,31,240,94113,https://cde.ucr.cjis.gov/LATEST/webapp/#/pages/downloads (Law Enforcement Employees Data; file additional-datasets/law-enforcement/lee_1960_2025.csv),2026-09-14
MA0112000,Quincy,Quincy,MA,2020,224,34,258,94119,https://cde.ucr.cjis.gov/LATEST/webapp/#/pages/downloads (Law Enforcement Employees Data; file additional-datasets/law-enforcement/lee_1960_2025.csv),2026-09-14
MA0112000,Quincy,Quincy,MA,2021,211,32,243,95396,https://cde.ucr.cjis.gov/LATEST/webapp/#/pages/downloads (Law Enforcement Employees Data; file additional-datasets/law-enforcement/lee_1960_2025.csv),2026-09-14
MA0112000,Quincy,Quincy,MA,2022,238,35,273,101130,https://cde.ucr.cjis.gov/LATEST/webapp/#/pages/downloads (Law Enforcement Employees Data; file additional-datasets/law-enforcement/lee_1960_2025.csv),2026-09-14
MA0112000,Quincy,Quincy,MA,2023,269,39,308,102211,https://cde.ucr.cjis.gov/LATEST/webapp/#/pages/downloads (Law Enforcement Employees Data; file additional-datasets/law-enforcement/lee_1960_2025.csv),2026-09-14
MA0112000,Quincy,Quincy,MA,2024,233,41,274,103550,https://cde.ucr.cjis.gov/LATEST/webapp/#/pages/downloads (Law Enforcement Employees Data; file additional-datasets/law-enforcement/lee_1960_2025.csv),2026-09-14
MA0071800,Springfield,Springfield,MA,2017,448,68,516,154562,https://cde.ucr.cjis.gov/LATEST/webapp/#/pages/downloads (Law Enforcement Employees Data; file additional-datasets/law-enforcement/lee_1960_2025.csv),2026-09-14
MA0071800,Springfield,Springfield,MA,2018,489,63,552,155179,https://cde.ucr.cjis.gov/LATEST/webapp/#/pages/downloads (Law Enforcement Employees Data; file additional-datasets/law-enforcement/lee_1960_2025.csv),2026-09-14
MA0071800,Springfield,Springfield,MA,2019,489,63,552,154306,https://cde.ucr.cjis.gov/LATEST/webapp/#/pages/downloads (Law Enforcement Employees Data; file additional-datasets/law-enforcement/lee_1960_2025.csv),2026-09-14
MA0071800,Springfield,Springfield,MA,2020,474,148,622,153084,https://cde.ucr.cjis.gov/LATEST/webapp/#/pages/downloads (Law Enforcement Employees Data; file additional-datasets/law-enforcement/lee_1960_2025.csv),2026-09-14
MA0071800,Springfield,Springfield,MA,2021,465,109,574,154098,https://cde.ucr.cjis.gov/LATEST/webapp/#/pages/downloads (Law Enforcement Employees Data; file additional-datasets/law-enforcement/lee_1960_2025.csv),2026-09-14
MA0071800,Springfield,Springfield,MA,2022,475,81,556,155046,https://cde.ucr.cjis.gov/LATEST/webapp/#/pages/downloads (Law Enforcement Employees Data; file additional-datasets/law-enforcement/lee_1960_2025.csv),2026-09-14
MA0071800,Springfield,Springfield,MA,2023,473,71,544,154218,https://cde.ucr.cjis.gov/LATEST/webapp/#/pages/downloads (Law Enforcement Employees Data; file additional-datasets/law-enforcement/lee_1960_2025.csv),2026-09-14
MA0071800,Springfield,Springfield,MA,2024,454,80,534,155491,https://cde.ucr.cjis.gov/LATEST/webapp/#/pages/downloads (Law Enforcement Employees Data; file additional-datasets/law-enforcement/lee_1960_2025.csv),2026-09-14
MA0146000,Worcester,Worcester,MA,2017,453,52,505,185107,https://cde.ucr.cjis.gov/LATEST/webapp/#/pages/downloads (Law Enforcement Employees Data; file additional-datasets/law-enforcement/lee_1960_2025.csv),2026-09-14
MA0146000,Worcester,Worcester,MA,2018,445,50,495,186188,https://cde.ucr.cjis.gov/LATEST/webapp/#/pages/downloads (Law Enforcement Employees Data; file additional-datasets/law-enforcement/lee_1960_2025.csv),2026-09-14
MA0146000,Worcester,Worcester,MA,2019,456,50,506,184945,https://cde.ucr.cjis.gov/LATEST/webapp/#/pages/downloads (Law Enforcement Employees Data; file additional-datasets/law-enforcement/lee_1960_2025.csv),2026-09-14
MA0146000,Worcester,Worcester,MA,2020,442,50,492,184850,https://cde.ucr.cjis.gov/LATEST/webapp/#/pages/downloads (Law Enforcement Employees Data; file additional-datasets/law-enforcement/lee_1960_2025.csv),2026-09-14
MA0146000,Worcester,Worcester,MA,2021,447,50,497,186365,https://cde.ucr.cjis.gov/LATEST/webapp/#/pages/downloads (Law Enforcement Employees Data; file additional-datasets/law-enforcement/lee_1960_2025.csv),2026-09-14
MA0146000,Worcester,Worcester,MA,2022,468,52,520,206575,https://cde.ucr.cjis.gov/LATEST/webapp/#/pages/downloads (Law Enforcement Employees Data; file additional-datasets/law-enforcement/lee_1960_2025.csv),2026-09-14
MA0146000,Worcester,Worcester,MA,2023,447,57,504,206145,https://cde.ucr.cjis.gov/LATEST/webapp/#/pages/downloads (Law Enforcement Employees Data; file additional-datasets/law-enforcement/lee_1960_2025.csv),2026-09-14
MA0146000,Worcester,Worcester,MA,2024,449,50,499,212425,https://cde.ucr.cjis.gov/LATEST/webapp/#/pages/downloads (Law Enforcement Employees Data; file additional-datasets/law-enforcement/lee_1960_2025.csv),2026-09-14
MDBPD0000,Baltimore,Baltimore,MD,2017,2516,421,2937,613217,https://cde.ucr.cjis.gov/LATEST/webapp/#/pages/downloads (Law Enforcement Employees Data; file additional-datasets/law-enforcement/lee_1960_2025.csv),2026-09-14
MDBPD0000,Baltimore,Baltimore,MD,2018,2488,447,2935,605436,https://cde.ucr.cjis.gov/LATEST/webapp/#/pages/downloads (Law Enforcement Employees Data; file additional-datasets/law-enforcement/lee_1960_2025.csv),2026-09-14
MDBPD0000,Baltimore,Baltimore,MD,2019,2465,475,2940,597239,https://cde.ucr.cjis.gov/LATEST/webapp/#/pages/downloads (Law Enforcement Employees Data; file additional-datasets/law-enforcement/lee_1960_2025.csv),2026-09-14
MDBPD0000,Baltimore,Baltimore,MD,2020,2465,475,2940,588594,https://cde.ucr.cjis.gov/LATEST/webapp/#/pages/downloads (Law Enforcement Employees Data; file additional-datasets/law-enforcement/lee_1960_2025.csv),2026-09-14
MDBPD0000,Baltimore,Baltimore,MD,2021,2360,483,2843,590536,https://cde.ucr.cjis.gov/LATEST/webapp/#/pages/downloads (Law Enforcement Employees Data; file additional-datasets/law-enforcement/lee_1960_2025.csv),2026-09-14
MDBPD0000,Baltimore,Baltimore,MD,2022,2360,483,2843,570546,https://cde.ucr.cjis.gov/LATEST/webapp/#/pages/downloads (Law Enforcement Employees Data; file additional-datasets/law-enforcement/lee_1960_2025.csv),2026-09-14
MDBPD0000,Baltimore,Baltimore,MD,2023,2047,474,2521,565192,https://cde.ucr.cjis.gov/LATEST/webapp/#/pages/downloads (Law Enforcement Employees Data; file additional-datasets/law-enforcement/lee_1960_2025.csv),2026-09-14
MDBPD0000,Baltimore,Baltimore,MD,2024,1986,527,2513,566632,https://cde.ucr.cjis.gov/LATEST/webapp/#/pages/downloads (Law Enforcement Employees Data; file additional-datasets/law-enforcement/lee_1960_2025.csv),2026-09-14
MI8121800,Ann Arbor,Ann Arbor,MI,2017,119,24,143,121930,https://cde.ucr.cjis.gov/LATEST/webapp/#/pages/downloads (Law Enforcement Employees Data; file additional-datasets/law-enforcement/lee_1960_2025.csv),2026-09-14
MI8121800,Ann Arbor,Ann Arbor,MI,2018,119,26,145,122571,https://cde.ucr.cjis.gov/LATEST/webapp/#/pages/downloads (Law Enforcement Employees Data; file additional-datasets/law-enforcement/lee_1960_2025.csv),2026-09-14
MI8121800,Ann Arbor,Ann Arbor,MI,2019,124,29,153,122893,https://cde.ucr.cjis.gov/LATEST/webapp/#/pages/downloads (Law Enforcement Employees Data; file additional-datasets/law-enforcement/lee_1960_2025.csv),2026-09-14
MI8121800,Ann Arbor,Ann Arbor,MI,2020,118,27,145,120647,https://cde.ucr.cjis.gov/LATEST/webapp/#/pages/downloads (Law Enforcement Employees Data; file additional-datasets/law-enforcement/lee_1960_2025.csv),2026-09-14
MI8121800,Ann Arbor,Ann Arbor,MI,2021,115,28,143,119805,https://cde.ucr.cjis.gov/LATEST/webapp/#/pages/downloads (Law Enforcement Employees Data; file additional-datasets/law-enforcement/lee_1960_2025.csv),2026-09-14
MI8121800,Ann Arbor,Ann Arbor,MI,2022,111,28,139,120549,https://cde.ucr.cjis.gov/LATEST/webapp/#/pages/downloads (Law Enforcement Employees Data; file additional-datasets/law-enforcement/lee_1960_2025.csv),2026-09-14
MI8121800,Ann Arbor,Ann Arbor,MI,2023,100,40,140,118072,https://cde.ucr.cjis.gov/LATEST/webapp/#/pages/downloads (Law Enforcement Employees Data; file additional-datasets/law-enforcement/lee_1960_2025.csv),2026-09-14
MI8121800,Ann Arbor,Ann Arbor,MI,2024,110,27,137,118025,https://cde.ucr.cjis.gov/LATEST/webapp/#/pages/downloads (Law Enforcement Employees Data; file additional-datasets/law-enforcement/lee_1960_2025.csv),2026-09-14
MI8290800,Canton Township,Canton Township,MI,2017,82,37,119,90294,https://cde.ucr.cjis.gov/LATEST/webapp/#/pages/downloads (Law Enforcement Employees Data; file additional-datasets/law-enforcement/lee_1960_2025.csv),2026-09-14
MI8290800,Canton Township,Canton Township,MI,2018,82,37,119,92055,https://cde.ucr.cjis.gov/LATEST/webapp/#/pages/downloads (Law Enforcement Employees Data; file additional-datasets/law-enforcement/lee_1960_2025.csv),2026-09-14
MI8290800,Canton Township,Canton Township,MI,2019,91,40,131,93406,https://cde.ucr.cjis.gov/LATEST/webapp/#/pages/downloads (Law Enforcement Employees Data; file additional-datasets/law-enforcement/lee_1960_2025.csv),2026-09-14
MI8290800,Canton Township,Canton Township,MI,2020,93,9,102,94128,https://cde.ucr.cjis.gov/LATEST/webapp/#/pages/downloads (Law Enforcement Employees Data; file additional-datasets/law-enforcement/lee_1960_2025.csv),2026-09-14
MI8290800,Canton Township,Canton Township,MI,2021,93,26,119,94777,https://cde.ucr.cjis.gov/LATEST/webapp/#/pages/downloads (Law Enforcement Employees Data; file additional-datasets/law-enforcement/lee_1960_2025.csv),2026-09-14
MI8290800,Canton Township,Canton Township,MI,2022,88,48,136,98582,https://cde.ucr.cjis.gov/LATEST/webapp/#/pages/downloads (Law Enforcement Employees Data; file additional-datasets/law-enforcement/lee_1960_2025.csv),2026-09-14
MI8290800,Canton Township,Canton Township,MI,2023,86,49,135,98915,https://cde.ucr.cjis.gov/LATEST/webapp/#/pages/downloads (Law Enforcement Employees Data; file additional-datasets/law-enforcement/lee_1960_2025.csv),2026-09-14
MI8290800,Canton Township,Canton Township,MI,2024,93,40,133,97844,https://cde.ucr.cjis.gov/LATEST/webapp/#/pages/downloads (Law Enforcement Employees Data; file additional-datasets/law-enforcement/lee_1960_2025.csv),2026-09-14
MI5084900,Clinton Township,Clinton Township,MI,2017,93,9,102,100999,https://cde.ucr.cjis.gov/LATEST/webapp/#/pages/downloads (Law Enforcement Employees Data; file additional-datasets/law-enforcement/lee_1960_2025.csv),2026-09-14
MI5084900,Clinton Township,Clinton Township,MI,2018,93,8,101,101279,https://cde.ucr.cjis.gov/LATEST/webapp/#/pages/downloads (Law Enforcement Employees Data; file additional-datasets/law-enforcement/lee_1960_2025.csv),2026-09-14
MI5084900,Clinton Township,Clinton Township,MI,2019,95,9,104,101308,https://cde.ucr.cjis.gov/LATEST/webapp/#/pages/downloads (Law Enforcement Employees Data; file additional-datasets/law-enforcement/lee_1960_2025.csv),2026-09-14
MI5084900,Clinton Township,Clinton Township,MI,2020,94,9,103,100884,https://cde.ucr.cjis.gov/LATEST/webapp/#/pages/downloads (Law Enforcement Employees Data; file additional-datasets/law-enforcement/lee_1960_2025.csv),2026-09-14
MI5084900,Clinton Township,Clinton Township,MI,2021,92,8,100,100094,https://cde.ucr.cjis.gov/LATEST/webapp/#/pages/downloads (Law Enforcement Employees Data; file additional-datasets/law-enforcement/lee_1960_2025.csv),2026-09-14
MI5084900,Clinton Township,Clinton Township,MI,2022,94,11,105,99274,https://cde.ucr.cjis.gov/LATEST/webapp/#/pages/downloads (Law Enforcement Employees Data; file additional-datasets/law-enforcement/lee_1960_2025.csv),2026-09-14
MI5084900,Clinton Township,Clinton Township,MI,2023,91,12,103,99012,https://cde.ucr.cjis.gov/LATEST/webapp/#/pages/downloads (Law Enforcement Employees Data; file additional-datasets/law-enforcement/lee_1960_2025.csv),2026-09-14
MI5084900,Clinton Township,Clinton Township,MI,2024,94,10,104,99056,https://cde.ucr.cjis.gov/LATEST/webapp/#/pages/downloads (Law Enforcement Employees Data; file additional-datasets/law-enforcement/lee_1960_2025.csv),2026-09-14
MI8234300,Dearborn,Dearborn,MI,2017,187,33,220,93889,https://cde.ucr.cjis.gov/LATEST/webapp/#/pages/downloads (Law Enforcement Employees Data; file additional-datasets/law-enforcement/lee_1960_2025.csv),2026-09-14
MI8234300,Dearborn,Dearborn,MI,2018,191,33,224,94022,https://cde.ucr.cjis.gov/LATEST/webapp/#/pages/downloads (Law Enforcement Employees Data; file additional-datasets/law-enforcement/lee_1960_2025.csv),2026-09-14
MI8234300,Dearborn,Dearborn,MI,2019,187,47,234,93902,https://cde.ucr.cjis.gov/LATEST/webapp/#/pages/downloads (Law Enforcement Employees Data; file additional-datasets/law-enforcement/lee_1960_2025.csv),2026-09-14
MI8234300,Dearborn,Dearborn,MI,2020,186,44,230,93507,https://cde.ucr.cjis.gov/LATEST/webapp/#/pages/downloads (Law Enforcement Employees Data; file additional-datasets/law-enforcement/lee_1960_2025.csv),2026-09-14
MI8234300,Dearborn,Dearborn,MI,2021,190,41,231,92930,https://cde.ucr.cjis.gov/LATEST/webapp/#/pages/downloads (Law Enforcement Employees Data; file additional-datasets/law-enforcement/lee_1960_2025.csv),2026-09-14
MI8234300,Dearborn,Dearborn,MI,2022,181,41,222,107197,https://cde.ucr.cjis.gov/LATEST/webapp/#/pages/downloads (Law Enforcement Employees Data; file additional-datasets/law-enforcement/lee_1960_2025.csv),2026-09-14
MI8234300,Dearborn,Dearborn,MI,2023,182,43,225,106747,https://cde.ucr.cjis.gov/LATEST/webapp/#/pages/downloads (Law Enforcement Employees Data; file additional-datasets/law-enforcement/lee_1960_2025.csv),2026-09-14
MI8234300,Dearborn,Dearborn,MI,2024,179,41,220,104571,https://cde.ucr.cjis.gov/LATEST/webapp/#/pages/downloads (Law Enforcement Employees Data; file additional-datasets/law-enforcement/lee_1960_2025.csv),2026-09-14
MI8234900,Detroit,Detroit,MI,2017,2499,585,3084,670792,https://cde.ucr.cjis.gov/LATEST/webapp/#/pages/downloads (Law Enforcement Employees Data; file additional-datasets/law-enforcement/lee_1960_2025.csv),2026-09-14
MI8234900,Detroit,Detroit,MI,2018,2398,621,3019,671275,https://cde.ucr.cjis.gov/LATEST/webapp/#/pages/downloads (Law Enforcement Employees Data; file additional-datasets/law-enforcement/lee_1960_2025.csv),2026-09-14
MI8234900,Detroit,Detroit,MI,2019,2517,609,3126,663502,https://cde.ucr.cjis.gov/LATEST/webapp/#/pages/downloads (Law Enforcement Employees Data; file additional-datasets/law-enforcement/lee_1960_2025.csv),2026-09-14
MI8234900,Detroit,Detroit,MI,2020,2528,621,3149,659616,https://cde.ucr.cjis.gov/LATEST/webapp/#/pages/downloads (Law Enforcement Employees Data; file additional-datasets/law-enforcement/lee_1960_2025.csv),2026-09-14
MI8234900,Detroit,Detroit,MI,2021,2475,625,3100,673708,https://cde.ucr.cjis.gov/LATEST/webapp/#/pages/downloads (Law Enforcement Employees Data; file additional-datasets/law-enforcement/lee_1960_2025.csv),2026-09-14
MI8234900,Detroit,Detroit,MI,2022,2381,699,3080,626757,https://cde.ucr.cjis.gov/LATEST/webapp/#/pages/downloads (Law Enforcement Employees Data; file additional-datasets/law-enforcement/lee_1960_2025.csv),2026-09-14
MI8234900,Detroit,Detroit,MI,2023,2465,679,3144,615501,https://cde.ucr.cjis.gov/LATEST/webapp/#/pages/downloads (Law Enforcement Employees Data; file additional-datasets/law-enforcement/lee_1960_2025.csv),2026-09-14
MI8234900,Detroit,Detroit,MI,2024,2619,841,3460,651171,https://cde.ucr.cjis.gov/LATEST/webapp/#/pages/downloads (Law Enforcement Employees Data; file additional-datasets/law-enforcement/lee_1960_2025.csv),2026-09-14
MI2539800,Flint,Flint,MI,2017,107,13,120,96605,https://cde.ucr.cjis.gov/LATEST/webapp/#/pages/downloads (Law Enforcement Employees Data; file additional-datasets/law-enforcement/lee_1960_2025.csv),2026-09-14
MI2539800,Flint,Flint,MI,2018,106,13,119,95677,https://cde.ucr.cjis.gov/LATEST/webapp/#/pages/downloads (Law Enforcement Employees Data; file additional-datasets/law-enforcement/lee_1960_2025.csv),2026-09-14
MI2539800,Flint,Flint,MI,2019,94,23,117,95212,https://cde.ucr.cjis.gov/LATEST/webapp/#/pages/downloads (Law Enforcement Employees Data; file additional-datasets/law-enforcement/lee_1960_2025.csv),2026-09-14
MI2539800,Flint,Flint,MI,2020,95,22,117,94842,https://cde.ucr.cjis.gov/LATEST/webapp/#/pages/downloads (Law Enforcement Employees Data; file additional-datasets/law-enforcement/lee_1960_2025.csv),2026-09-14
MI2539800,Flint,Flint,MI,2021,99,17,116,94290,https://cde.ucr.cjis.gov/LATEST/webapp/#/pages/downloads (Law Enforcement Employees Data; file additional-datasets/law-enforcement/lee_1960_2025.csv),2026-09-14
MI4143600,Grand Rapids,Grand Rapids,MI,2017,276,59,335,197868,https://cde.ucr.cjis.gov/LATEST/webapp/#/pages/downloads (Law Enforcement Employees Data; file additional-datasets/law-enforcement/lee_1960_2025.csv),2026-09-14
MI4143600,Grand Rapids,Grand Rapids,MI,2018,276,59,335,200428,https://cde.ucr.cjis.gov/LATEST/webapp/#/pages/downloads (Law Enforcement Employees Data; file additional-datasets/law-enforcement/lee_1960_2025.csv),2026-09-14
MI4143600,Grand Rapids,Grand Rapids,MI,2019,299,69,368,201799,https://cde.ucr.cjis.gov/LATEST/webapp/#/pages/downloads (Law Enforcement Employees Data; file additional-datasets/law-enforcement/lee_1960_2025.csv),2026-09-14
MI4143600,Grand Rapids,Grand Rapids,MI,2020,291,69,360,202513,https://cde.ucr.cjis.gov/LATEST/webapp/#/pages/downloads (Law Enforcement Employees Data; file additional-datasets/law-enforcement/lee_1960_2025.csv),2026-09-14
MI4143600,Grand Rapids,Grand Rapids,MI,2021,283,102,385,201280,https://cde.ucr.cjis.gov/LATEST/webapp/#/pages/downloads (Law Enforcement Employees Data; file additional-datasets/law-enforcement/lee_1960_2025.csv),2026-09-14
MI4143600,Grand Rapids,Grand Rapids,MI,2022,277,114,391,196662,https://cde.ucr.cjis.gov/LATEST/webapp/#/pages/downloads (Law Enforcement Employees Data; file additional-datasets/law-enforcement/lee_1960_2025.csv),2026-09-14
MI4143600,Grand Rapids,Grand Rapids,MI,2023,270,122,392,196019,https://cde.ucr.cjis.gov/LATEST/webapp/#/pages/downloads (Law Enforcement Employees Data; file additional-datasets/law-enforcement/lee_1960_2025.csv),2026-09-14
MI4143600,Grand Rapids,Grand Rapids,MI,2024,286,106,392,195913,https://cde.ucr.cjis.gov/LATEST/webapp/#/pages/downloads (Law Enforcement Employees Data; file additional-datasets/law-enforcement/lee_1960_2025.csv),2026-09-14
MI3351900,Lansing,Lansing,MI,2017,188,25,213,116302,https://cde.ucr.cjis.gov/LATEST/webapp/#/pages/downloads (Law Enforcement Employees Data; file additional-datasets/law-enforcement/lee_1960_2025.csv),2026-09-14
MI3351900,Lansing,Lansing,MI,2018,188,25,213,117380,https://cde.ucr.cjis.gov/LATEST/webapp/#/pages/downloads (Law Enforcement Employees Data; file additional-datasets/law-enforcement/lee_1960_2025.csv),2026-09-14
MI3351900,Lansing,Lansing,MI,2019,200,46,246,118953,https://cde.ucr.cjis.gov/LATEST/webapp/#/pages/downloads (Law Enforcement Employees Data; file additional-datasets/law-enforcement/lee_1960_2025.csv),2026-09-14
MI3351900,Lansing,Lansing,MI,2020,199,51,250,118651,https://cde.ucr.cjis.gov/LATEST/webapp/#/pages/downloads (Law Enforcement Employees Data; file additional-datasets/law-enforcement/lee_1960_2025.csv),2026-09-14
MI3351900,Lansing,Lansing,MI,2021,190,52,242,117865,https://cde.ucr.cjis.gov/LATEST/webapp/#/pages/downloads (Law Enforcement Employees Data; file additional-datasets/law-enforcement/lee_1960_2025.csv),2026-09-14
MI3351900,Lansing,Lansing,MI,2022,192,51,243,112567,https://cde.ucr.cjis.gov/LATEST/webapp/#/pages/downloads (Law Enforcement Employees Data; file additional-datasets/law-enforcement/lee_1960_2025.csv),2026-09-14
MI3351900,Lansing,Lansing,MI,2023,183,55,238,112529,https://cde.ucr.cjis.gov/LATEST/webapp/#/pages/downloads (Law Enforcement Employees Data; file additional-datasets/law-enforcement/lee_1960_2025.csv),2026-09-14
MI3351900,Lansing,Lansing,MI,2024,186,55,241,111965,https://cde.ucr.cjis.gov/LATEST/webapp/#/pages/downloads (Law Enforcement Employees Data; file additional-datasets/law-enforcement/lee_1960_2025.csv),2026-09-14
MI8253800,Livonia,Livonia,MI,2017,147,39,186,93603,https://cde.ucr.cjis.gov/LATEST/webapp/#/pages/downloads (Law Enforcement Employees Data; file additional-datasets/law-enforcement/lee_1960_2025.csv),2026-09-14
MI8253800,Livonia,Livonia,MI,2018,133,34,167,93740,https://cde.ucr.cjis.gov/LATEST/webapp/#/pages/downloads (Law Enforcement Employees Data; file additional-datasets/law-enforcement/lee_1960_2025.csv),2026-09-14
MI8253800,Livonia,Livonia,MI,2019,124,36,160,93644,https://cde.ucr.cjis.gov/LATEST/webapp/#/pages/downloads (Law Enforcement Employees Data; file additional-datasets/law-enforcement/lee_1960_2025.csv),2026-09-14
MI8253800,Livonia,Livonia,MI,2020,118,39,157,93342,https://cde.ucr.cjis.gov/LATEST/webapp/#/pages/downloads (Law Enforcement Employees Data; file additional-datasets/law-enforcement/lee_1960_2025.csv),2026-09-14
MI8253800,Livonia,Livonia,MI,2021,120,37,157,92852,https://cde.ucr.cjis.gov/LATEST/webapp/#/pages/downloads (Law Enforcement Employees Data; file additional-datasets/law-enforcement/lee_1960_2025.csv),2026-09-14
MI8253800,Livonia,Livonia,MI,2022,135,32,167,93517,https://cde.ucr.cjis.gov/LATEST/webapp/#/pages/downloads (Law Enforcement Employees Data; file additional-datasets/law-enforcement/lee_1960_2025.csv),2026-09-14
MI8253800,Livonia,Livonia,MI,2023,139,31,170,93042,https://cde.ucr.cjis.gov/LATEST/webapp/#/pages/downloads (Law Enforcement Employees Data; file additional-datasets/law-enforcement/lee_1960_2025.csv),2026-09-14
MI8253800,Livonia,Livonia,MI,2024,137,30,167,91189,https://cde.ucr.cjis.gov/LATEST/webapp/#/pages/downloads (Law Enforcement Employees Data; file additional-datasets/law-enforcement/lee_1960_2025.csv),2026-09-14
MI5076500,Sterling Heights,Sterling Heights,MI,2017,141,22,163,132882,https://cde.ucr.cjis.gov/LATEST/webapp/#/pages/downloads (Law Enforcement Employees Data; file additional-datasets/law-enforcement/lee_1960_2025.csv),2026-09-14
MI5076500,Sterling Heights,Sterling Heights,MI,2018,146,22,168,133055,https://cde.ucr.cjis.gov/LATEST/webapp/#/pages/downloads (Law Enforcement Employees Data; file additional-datasets/law-enforcement/lee_1960_2025.csv),2026-09-14
MI5076500,Sterling Heights,Sterling Heights,MI,2019,152,22,174,133377,https://cde.ucr.cjis.gov/LATEST/webapp/#/pages/downloads (Law Enforcement Employees Data; file additional-datasets/law-enforcement/lee_1960_2025.csv),2026-09-14
MI5076500,Sterling Heights,Sterling Heights,MI,2020,150,21,171,132745,https://cde.ucr.cjis.gov/LATEST/webapp/#/pages/downloads (Law Enforcement Employees Data; file additional-datasets/law-enforcement/lee_1960_2025.csv),2026-09-14
MI5076500,Sterling Heights,Sterling Heights,MI,2021,149,25,174,131911,https://cde.ucr.cjis.gov/LATEST/webapp/#/pages/downloads (Law Enforcement Employees Data; file additional-datasets/law-enforcement/lee_1960_2025.csv),2026-09-14
MI5076500,Sterling Heights,Sterling Heights,MI,2022,156,20,176,132393,https://cde.ucr.cjis.gov/LATEST/webapp/#/pages/downloads (Law Enforcement Employees Data; file additional-datasets/law-enforcement/lee_1960_2025.csv),2026-09-14
MI5076500,Sterling Heights,Sterling Heights,MI,2023,158,20,178,131801,https://cde.ucr.cjis.gov/LATEST/webapp/#/pages/downloads (Law Enforcement Employees Data; file additional-datasets/law-enforcement/lee_1960_2025.csv),2026-09-14
MI5076500,Sterling Heights,Sterling Heights,MI,2024,155,23,178,133058,https://cde.ucr.cjis.gov/LATEST/webapp/#/pages/downloads (Law Enforcement Employees Data; file additional-datasets/law-enforcement/lee_1960_2025.csv),2026-09-14
MI5080600,Warren,Warren,MI,2017,196,39,235,135303,https://cde.ucr.cjis.gov/LATEST/webapp/#/pages/downloads (Law Enforcement Employees Data; file additional-datasets/law-enforcement/lee_1960_2025.csv),2026-09-14
MI5080600,Warren,Warren,MI,2018,207,39,246,135160,https://cde.ucr.cjis.gov/LATEST/webapp/#/pages/downloads (Law Enforcement Employees Data; file additional-datasets/law-enforcement/lee_1960_2025.csv),2026-09-14
MI5080600,Warren,Warren,MI,2019,203,38,241,134653,https://cde.ucr.cjis.gov/LATEST/webapp/#/pages/downloads (Law Enforcement Employees Data; file additional-datasets/law-enforcement/lee_1960_2025.csv),2026-09-14
MI5080600,Warren,Warren,MI,2020,198,36,234,133928,https://cde.ucr.cjis.gov/LATEST/webapp/#/pages/downloads (Law Enforcement Employees Data; file additional-datasets/law-enforcement/lee_1960_2025.csv),2026-09-14
MI5080600,Warren,Warren,MI,2021,209,39,248,132758,https://cde.ucr.cjis.gov/LATEST/webapp/#/pages/downloads (Law Enforcement Employees Data; file additional-datasets/law-enforcement/lee_1960_2025.csv),2026-09-14
MI5080600,Warren,Warren,MI,2022,224,35,259,137138,https://cde.ucr.cjis.gov/LATEST/webapp/#/pages/downloads (Law Enforcement Employees Data; file additional-datasets/law-enforcement/lee_1960_2025.csv),2026-09-14
MI5080600,Warren,Warren,MI,2023,214,40,254,136121,https://cde.ucr.cjis.gov/LATEST/webapp/#/pages/downloads (Law Enforcement Employees Data; file additional-datasets/law-enforcement/lee_1960_2025.csv),2026-09-14
MI5080600,Warren,Warren,MI,2024,221,42,263,135843,https://cde.ucr.cjis.gov/LATEST/webapp/#/pages/downloads (Law Enforcement Employees Data; file additional-datasets/law-enforcement/lee_1960_2025.csv),2026-09-14
MN0271100,Minneapolis,Minneapolis,MN,2017,847,187,1034,418971,https://cde.ucr.cjis.gov/LATEST/webapp/#/pages/downloads (Law Enforcement Employees Data; file additional-datasets/law-enforcement/lee_1960_2025.csv),2026-09-14
MN0271100,Minneapolis,Minneapolis,MN,2018,849,188,1037,428261,https://cde.ucr.cjis.gov/LATEST/webapp/#/pages/downloads (Law Enforcement Employees Data; file additional-datasets/law-enforcement/lee_1960_2025.csv),2026-09-14
MN0271100,Minneapolis,Minneapolis,MN,2019,861,180,1041,431016,https://cde.ucr.cjis.gov/LATEST/webapp/#/pages/downloads (Law Enforcement Employees Data; file additional-datasets/law-enforcement/lee_1960_2025.csv),2026-09-14
MN0271100,Minneapolis,Minneapolis,MN,2020,833,141,974,435116,https://cde.ucr.cjis.gov/LATEST/webapp/#/pages/downloads (Law Enforcement Employees Data; file additional-datasets/law-enforcement/lee_1960_2025.csv),2026-09-14
MN0271100,Minneapolis,Minneapolis,MN,2021,648,126,774,438463,https://cde.ucr.cjis.gov/LATEST/webapp/#/pages/downloads (Law Enforcement Employees Data; file additional-datasets/law-enforcement/lee_1960_2025.csv),2026-09-14
MN0271100,Minneapolis,Minneapolis,MN,2022,592,152,744,421690,https://cde.ucr.cjis.gov/LATEST/webapp/#/pages/downloads (Law Enforcement Employees Data; file additional-datasets/law-enforcement/lee_1960_2025.csv),2026-09-14
MN0271100,Minneapolis,Minneapolis,MN,2023,571,189,760,422341,https://cde.ucr.cjis.gov/LATEST/webapp/#/pages/downloads (Law Enforcement Employees Data; file additional-datasets/law-enforcement/lee_1960_2025.csv),2026-09-14
MN0271100,Minneapolis,Minneapolis,MN,2024,577,215,792,423282,https://cde.ucr.cjis.gov/LATEST/webapp/#/pages/downloads (Law Enforcement Employees Data; file additional-datasets/law-enforcement/lee_1960_2025.csv),2026-09-14
MN0550100,Rochester,Rochester,MN,2017,138,62,200,115228,https://cde.ucr.cjis.gov/LATEST/webapp/#/pages/downloads (Law Enforcement Employees Data; file additional-datasets/law-enforcement/lee_1960_2025.csv),2026-09-14
MN0550100,Rochester,Rochester,MN,2018,137,61,198,117037,https://cde.ucr.cjis.gov/LATEST/webapp/#/pages/downloads (Law Enforcement Employees Data; file additional-datasets/law-enforcement/lee_1960_2025.csv),2026-09-14
MN0550100,Rochester,Rochester,MN,2019,138,65,203,118267,https://cde.ucr.cjis.gov/LATEST/webapp/#/pages/downloads (Law Enforcement Employees Data; file additional-datasets/law-enforcement/lee_1960_2025.csv),2026-09-14
MN0550100,Rochester,Rochester,MN,2020,145,64,209,120336,https://cde.ucr.cjis.gov/LATEST/webapp/#/pages/downloads (Law Enforcement Employees Data; file additional-datasets/law-enforcement/lee_1960_2025.csv),2026-09-14
MN0550100,Rochester,Rochester,MN,2021,144,67,211,121225,https://cde.ucr.cjis.gov/LATEST/webapp/#/pages/downloads (Law Enforcement Employees Data; file additional-datasets/law-enforcement/lee_1960_2025.csv),2026-09-14
MN0550100,Rochester,Rochester,MN,2022,144,63,207,121534,https://cde.ucr.cjis.gov/LATEST/webapp/#/pages/downloads (Law Enforcement Employees Data; file additional-datasets/law-enforcement/lee_1960_2025.csv),2026-09-14
MN0550100,Rochester,Rochester,MN,2023,145,67,212,122035,https://cde.ucr.cjis.gov/LATEST/webapp/#/pages/downloads (Law Enforcement Employees Data; file additional-datasets/law-enforcement/lee_1960_2025.csv),2026-09-14
MN0550100,Rochester,Rochester,MN,2024,154,81,235,122694,https://cde.ucr.cjis.gov/LATEST/webapp/#/pages/downloads (Law Enforcement Employees Data; file additional-datasets/law-enforcement/lee_1960_2025.csv),2026-09-14
MN0620900,St. Paul,St. Paul,MN,2017,645,177,822,306696,https://cde.ucr.cjis.gov/LATEST/webapp/#/pages/downloads (Law Enforcement Employees Data; file additional-datasets/law-enforcement/lee_1960_2025.csv),2026-09-14
MN0620900,St. Paul,St. Paul,MN,2018,631,137,768,309756,https://cde.ucr.cjis.gov/LATEST/webapp/#/pages/downloads (Law Enforcement Employees Data; file additional-datasets/law-enforcement/lee_1960_2025.csv),2026-09-14
MN0620900,St. Paul,St. Paul,MN,2019,649,183,832,310263,https://cde.ucr.cjis.gov/LATEST/webapp/#/pages/downloads (Law Enforcement Employees Data; file additional-datasets/law-enforcement/lee_1960_2025.csv),2026-09-14
MN0620900,St. Paul,St. Paul,MN,2020,621,142,763,309859,https://cde.ucr.cjis.gov/LATEST/webapp/#/pages/downloads (Law Enforcement Employees Data; file additional-datasets/law-enforcement/lee_1960_2025.csv),2026-09-14
MN0620900,St. Paul,St. Paul,MN,2021,627,133,760,309957,https://cde.ucr.cjis.gov/LATEST/webapp/#/pages/downloads (Law Enforcement Employees Data; file additional-datasets/law-enforcement/lee_1960_2025.csv),2026-09-14
MN0620900,St. Paul,St. Paul,MN,2022,579,189,768,277533,https://cde.ucr.cjis.gov/LATEST/webapp/#/pages/downloads (Law Enforcement Employees Data; file additional-datasets/law-enforcement/lee_1960_2025.csv),2026-09-14
MN0620900,St. Paul,St. Paul,MN,2023,590,191,781,300368,https://cde.ucr.cjis.gov/LATEST/webapp/#/pages/downloads (Law Enforcement Employees Data; file additional-datasets/law-enforcement/lee_1960_2025.csv),2026-09-14
MN0620900,St. Paul,St. Paul,MN,2024,572,199,771,304051,https://cde.ucr.cjis.gov/LATEST/webapp/#/pages/downloads (Law Enforcement Employees Data; file additional-datasets/law-enforcement/lee_1960_2025.csv),2026-09-14
MO0100200,Columbia,Columbia,MO,2017,158,33,191,122585,https://cde.ucr.cjis.gov/LATEST/webapp/#/pages/downloads (Law Enforcement Employees Data; file additional-datasets/law-enforcement/lee_1960_2025.csv),2026-09-14
MO0100200,Columbia,Columbia,MO,2018,158,37,195,123586,https://cde.ucr.cjis.gov/LATEST/webapp/#/pages/downloads (Law Enforcement Employees Data; file additional-datasets/law-enforcement/lee_1960_2025.csv),2026-09-14
MO0100200,Columbia,Columbia,MO,2019,158,37,195,125017,https://cde.ucr.cjis.gov/LATEST/webapp/#/pages/downloads (Law Enforcement Employees Data; file additional-datasets/law-enforcement/lee_1960_2025.csv),2026-09-14
MO0100200,Columbia,Columbia,MO,2020,158,37,195,124829,https://cde.ucr.cjis.gov/LATEST/webapp/#/pages/downloads (Law Enforcement Employees Data; file additional-datasets/law-enforcement/lee_1960_2025.csv),2026-09-14
MO0100200,Columbia,Columbia,MO,2021,162,46,208,126418,https://cde.ucr.cjis.gov/LATEST/webapp/#/pages/downloads (Law Enforcement Employees Data; file additional-datasets/law-enforcement/lee_1960_2025.csv),2026-09-14
MO0100200,Columbia,Columbia,MO,2022,157,52,209,127862,https://cde.ucr.cjis.gov/LATEST/webapp/#/pages/downloads (Law Enforcement Employees Data; file additional-datasets/law-enforcement/lee_1960_2025.csv),2026-09-14
MO0100200,Columbia,Columbia,MO,2023,149,48,197,129602,https://cde.ucr.cjis.gov/LATEST/webapp/#/pages/downloads (Law Enforcement Employees Data; file additional-datasets/law-enforcement/lee_1960_2025.csv),2026-09-14
MO0100200,Columbia,Columbia,MO,2024,164,47,211,130354,https://cde.ucr.cjis.gov/LATEST/webapp/#/pages/downloads (Law Enforcement Employees Data; file additional-datasets/law-enforcement/lee_1960_2025.csv),2026-09-14
MO0480600,Independence,Independence,MO,2017,184,76,260,117055,https://cde.ucr.cjis.gov/LATEST/webapp/#/pages/downloads (Law Enforcement Employees Data; file additional-datasets/law-enforcement/lee_1960_2025.csv),2026-09-14
MO0480600,Independence,Independence,MO,2018,200,85,285,117368,https://cde.ucr.cjis.gov/LATEST/webapp/#/pages/downloads (Law Enforcement Employees Data; file additional-datasets/law-enforcement/lee_1960_2025.csv),2026-09-14
MO0480600,Independence,Independence,MO,2019,199,73,272,116931,https://cde.ucr.cjis.gov/LATEST/webapp/#/pages/downloads (Law Enforcement Employees Data; file additional-datasets/law-enforcement/lee_1960_2025.csv),2026-09-14
MO0480600,Independence,Independence,MO,2020,176,81,257,116648,https://cde.ucr.cjis.gov/LATEST/webapp/#/pages/downloads (Law Enforcement Employees Data; file additional-datasets/law-enforcement/lee_1960_2025.csv),2026-09-14
MO0480600,Independence,Independence,MO,2021,191,76,267,116761,https://cde.ucr.cjis.gov/LATEST/webapp/#/pages/downloads (Law Enforcement Employees Data; file additional-datasets/law-enforcement/lee_1960_2025.csv),2026-09-14
MO0480600,Independence,Independence,MO,2022,230,92,322,121255,https://cde.ucr.cjis.gov/LATEST/webapp/#/pages/downloads (Law Enforcement Employees Data; file additional-datasets/law-enforcement/lee_1960_2025.csv),2026-09-14
MO0480600,Independence,Independence,MO,2023,193,71,264,120326,https://cde.ucr.cjis.gov/LATEST/webapp/#/pages/downloads (Law Enforcement Employees Data; file additional-datasets/law-enforcement/lee_1960_2025.csv),2026-09-14
MO0480600,Independence,Independence,MO,2024,200,73,273,120271,https://cde.ucr.cjis.gov/LATEST/webapp/#/pages/downloads (Law Enforcement Employees Data; file additional-datasets/law-enforcement/lee_1960_2025.csv),2026-09-14
MOKPD0000,Kansas City,Kansas City,MO,2017,1299,520,1819,484948,https://cde.ucr.cjis.gov/LATEST/webapp/#/pages/downloads (Law Enforcement Employees Data; file additional-datasets/law-enforcement/lee_1960_2025.csv),2026-09-14
MOKPD0000,Kansas City,Kansas City,MO,2018,1299,520,1819,493115,https://cde.ucr.cjis.gov/LATEST/webapp/#/pages/downloads (Law Enforcement Employees Data; file additional-datasets/law-enforcement/lee_1960_2025.csv),2026-09-14
MOKPD0000,Kansas City,Kansas City,MO,2019,1299,520,1819,495964,https://cde.ucr.cjis.gov/LATEST/webapp/#/pages/downloads (Law Enforcement Employees Data; file additional-datasets/law-enforcement/lee_1960_2025.csv),2026-09-14
MOKPD0000,Kansas City,Kansas City,MO,2020,989,252,1241,499335,https://cde.ucr.cjis.gov/LATEST/webapp/#/pages/downloads (Law Enforcement Employees Data; file additional-datasets/law-enforcement/lee_1960_2025.csv),2026-09-14
MOKPD0000,Kansas City,Kansas City,MO,2021,1286,553,1839,500965,https://cde.ucr.cjis.gov/LATEST/webapp/#/pages/downloads (Law Enforcement Employees Data; file additional-datasets/law-enforcement/lee_1960_2025.csv),2026-09-14
MOKPD0000,Kansas City,Kansas City,MO,2022,1119,505,1624,508856,https://cde.ucr.cjis.gov/LATEST/webapp/#/pages/downloads (Law Enforcement Employees Data; file additional-datasets/law-enforcement/lee_1960_2025.csv),2026-09-14
MOKPD0000,Kansas City,Kansas City,MO,2023,1089,562,1651,509855,https://cde.ucr.cjis.gov/LATEST/webapp/#/pages/downloads (Law Enforcement Employees Data; file additional-datasets/law-enforcement/lee_1960_2025.csv),2026-09-14
MOKPD0000,Kansas City,Kansas City,MO,2024,1103,565,1668,511535,https://cde.ucr.cjis.gov/LATEST/webapp/#/pages/downloads (Law Enforcement Employees Data; file additional-datasets/law-enforcement/lee_1960_2025.csv),2026-09-14
MO0480800,Lee's Summit,Lee's Summit,MO,2017,140,53,193,96855,https://cde.ucr.cjis.gov/LATEST/webapp/#/pages/downloads (Law Enforcement Employees Data; file additional-datasets/law-enforcement/lee_1960_2025.csv),2026-09-14
MO0480800,Lee's Summit,Lee's Summit,MO,2018,145,56,201,98144,https://cde.ucr.cjis.gov/LATEST/webapp/#/pages/downloads (Law Enforcement Employees Data; file additional-datasets/law-enforcement/lee_1960_2025.csv),2026-09-14
MO0480800,Lee's Summit,Lee's Summit,MO,2019,145,58,203,99365,https://cde.ucr.cjis.gov/LATEST/webapp/#/pages/downloads (Law Enforcement Employees Data; file additional-datasets/law-enforcement/lee_1960_2025.csv),2026-09-14
MO0480800,Lee's Summit,Lee's Summit,MO,2020,140,52,192,100268,https://cde.ucr.cjis.gov/LATEST/webapp/#/pages/downloads (Law Enforcement Employees Data; file additional-datasets/law-enforcement/lee_1960_2025.csv),2026-09-14
MO0480800,Lee's Summit,Lee's Summit,MO,2021,134,53,187,102519,https://cde.ucr.cjis.gov/LATEST/webapp/#/pages/downloads (Law Enforcement Employees Data; file additional-datasets/law-enforcement/lee_1960_2025.csv),2026-09-14
MO0480800,Lee's Summit,Lee's Summit,MO,2022,145,53,198,103976,https://cde.ucr.cjis.gov/LATEST/webapp/#/pages/downloads (Law Enforcement Employees Data; file additional-datasets/law-enforcement/lee_1960_2025.csv),2026-09-14
MO0480800,Lee's Summit,Lee's Summit,MO,2023,150,52,202,104402,https://cde.ucr.cjis.gov/LATEST/webapp/#/pages/downloads (Law Enforcement Employees Data; file additional-datasets/law-enforcement/lee_1960_2025.csv),2026-09-14
MO0480800,Lee's Summit,Lee's Summit,MO,2024,151,55,206,105053,https://cde.ucr.cjis.gov/LATEST/webapp/#/pages/downloads (Law Enforcement Employees Data; file additional-datasets/law-enforcement/lee_1960_2025.csv),2026-09-14
MO0920100,O'Fallon,O'Fallon,MO,2021,114,33,147,90813,https://cde.ucr.cjis.gov/LATEST/webapp/#/pages/downloads (Law Enforcement Employees Data; file additional-datasets/law-enforcement/lee_1960_2025.csv),2026-09-14
MO0920100,O'Fallon,O'Fallon,MO,2023,118,38,156,94702,https://cde.ucr.cjis.gov/LATEST/webapp/#/pages/downloads (Law Enforcement Employees Data; file additional-datasets/law-enforcement/lee_1960_2025.csv),2026-09-14
MO0920100,O'Fallon,O'Fallon,MO,2024,119,39,158,94911,https://cde.ucr.cjis.gov/LATEST/webapp/#/pages/downloads (Law Enforcement Employees Data; file additional-datasets/law-enforcement/lee_1960_2025.csv),2026-09-14
MO0390300,Springfield,Springfield,MO,2017,335,74,409,168654,https://cde.ucr.cjis.gov/LATEST/webapp/#/pages/downloads (Law Enforcement Employees Data; file additional-datasets/law-enforcement/lee_1960_2025.csv),2026-09-14
MO0390300,Springfield,Springfield,MO,2018,335,74,409,168537,https://cde.ucr.cjis.gov/LATEST/webapp/#/pages/downloads (Law Enforcement Employees Data; file additional-datasets/law-enforcement/lee_1960_2025.csv),2026-09-14
MO0390300,Springfield,Springfield,MO,2019,347,74,421,169235,https://cde.ucr.cjis.gov/LATEST/webapp/#/pages/downloads (Law Enforcement Employees Data; file additional-datasets/law-enforcement/lee_1960_2025.csv),2026-09-14
MO0390300,Springfield,Springfield,MO,2020,329,75,404,168856,https://cde.ucr.cjis.gov/LATEST/webapp/#/pages/downloads (Law Enforcement Employees Data; file additional-datasets/law-enforcement/lee_1960_2025.csv),2026-09-14
MO0390300,Springfield,Springfield,MO,2021,309,77,386,168988,https://cde.ucr.cjis.gov/LATEST/webapp/#/pages/downloads (Law Enforcement Employees Data; file additional-datasets/law-enforcement/lee_1960_2025.csv),2026-09-14
MO0390300,Springfield,Springfield,MO,2022,310,65,375,169822,https://cde.ucr.cjis.gov/LATEST/webapp/#/pages/downloads (Law Enforcement Employees Data; file additional-datasets/law-enforcement/lee_1960_2025.csv),2026-09-14
MO0390300,Springfield,Springfield,MO,2023,316,96,412,170521,https://cde.ucr.cjis.gov/LATEST/webapp/#/pages/downloads (Law Enforcement Employees Data; file additional-datasets/law-enforcement/lee_1960_2025.csv),2026-09-14
MO0390300,Springfield,Springfield,MO,2024,294,100,394,170527,https://cde.ucr.cjis.gov/LATEST/webapp/#/pages/downloads (Law Enforcement Employees Data; file additional-datasets/law-enforcement/lee_1960_2025.csv),2026-09-14
MOSPD0000,St. Louis,St. Louis,MO,2017,1188,436,1624,310284,https://cde.ucr.cjis.gov/LATEST/webapp/#/pages/downloads (Law Enforcement Employees Data; file additional-datasets/law-enforcement/lee_1960_2025.csv),2026-09-14
MOSPD0000,St. Louis,St. Louis,MO,2018,1189,419,1608,306875,https://cde.ucr.cjis.gov/LATEST/webapp/#/pages/downloads (Law Enforcement Employees Data; file additional-datasets/law-enforcement/lee_1960_2025.csv),2026-09-14
MOSPD0000,St. Louis,St. Louis,MO,2019,1201,408,1609,300521,https://cde.ucr.cjis.gov/LATEST/webapp/#/pages/downloads (Law Enforcement Employees Data; file additional-datasets/law-enforcement/lee_1960_2025.csv),2026-09-14
MOSPD0000,St. Louis,St. Louis,MO,2020,1262,397,1659,298422,https://cde.ucr.cjis.gov/LATEST/webapp/#/pages/downloads (Law Enforcement Employees Data; file additional-datasets/law-enforcement/lee_1960_2025.csv),2026-09-14
MOSPD0000,St. Louis,St. Louis,MO,2021,1131,380,1511,295536,https://cde.ucr.cjis.gov/LATEST/webapp/#/pages/downloads (Law Enforcement Employees Data; file additional-datasets/law-enforcement/lee_1960_2025.csv),2026-09-14
MOSPD0000,St. Louis,St. Louis,MO,2022,1010,347,1357,286053,https://cde.ucr.cjis.gov/LATEST/webapp/#/pages/downloads (Law Enforcement Employees Data; file additional-datasets/law-enforcement/lee_1960_2025.csv),2026-09-14
MOSPD0000,St. Louis,St. Louis,MO,2023,926,373,1299,280108,https://cde.ucr.cjis.gov/LATEST/webapp/#/pages/downloads (Law Enforcement Employees Data; file additional-datasets/law-enforcement/lee_1960_2025.csv),2026-09-14
MOSPD0000,St. Louis,St. Louis,MO,2024,860,364,1224,277294,https://cde.ucr.cjis.gov/LATEST/webapp/#/pages/downloads (Law Enforcement Employees Data; file additional-datasets/law-enforcement/lee_1960_2025.csv),2026-09-14
MS0250100,Jackson,Jackson,MS,2021,278,138,416,156320,https://cde.ucr.cjis.gov/LATEST/webapp/#/pages/downloads (Law Enforcement Employees Data; file additional-datasets/law-enforcement/lee_1960_2025.csv),2026-09-14
MS0250100,Jackson,Jackson,MS,2022,248,130,378,146738,https://cde.ucr.cjis.gov/LATEST/webapp/#/pages/downloads (Law Enforcement Employees Data; file additional-datasets/law-enforcement/lee_1960_2025.csv),2026-09-14
MS0250100,Jackson,Jackson,MS,2023,249,122,371,142618,https://cde.ucr.cjis.gov/LATEST/webapp/#/pages/downloads (Law Enforcement Employees Data; file additional-datasets/law-enforcement/lee_1960_2025.csv),2026-09-14
MS0250100,Jackson,Jackson,MS,2024,268,140,408,140741,https://cde.ucr.cjis.gov/LATEST/webapp/#/pages/downloads (Law Enforcement Employees Data; file additional-datasets/law-enforcement/lee_1960_2025.csv),2026-09-14
MT0560100,Billings,Billings,MT,2017,150,23,173,111317,https://cde.ucr.cjis.gov/LATEST/webapp/#/pages/downloads (Law Enforcement Employees Data; file additional-datasets/law-enforcement/lee_1960_2025.csv),2026-09-14
MT0560100,Billings,Billings,MT,2018,148,37,185,110397,https://cde.ucr.cjis.gov/LATEST/webapp/#/pages/downloads (Law Enforcement Employees Data; file additional-datasets/law-enforcement/lee_1960_2025.csv),2026-09-14
MT0560100,Billings,Billings,MT,2019,151,26,177,110198,https://cde.ucr.cjis.gov/LATEST/webapp/#/pages/downloads (Law Enforcement Employees Data; file additional-datasets/law-enforcement/lee_1960_2025.csv),2026-09-14
MT0560100,Billings,Billings,MT,2020,156,28,184,110157,https://cde.ucr.cjis.gov/LATEST/webapp/#/pages/downloads (Law Enforcement Employees Data; file additional-datasets/law-enforcement/lee_1960_2025.csv),2026-09-14
MT0560100,Billings,Billings,MT,2021,154,31,185,110274,https://cde.ucr.cjis.gov/LATEST/webapp/#/pages/downloads (Law Enforcement Employees Data; file additional-datasets/law-enforcement/lee_1960_2025.csv),2026-09-14
MT0560100,Billings,Billings,MT,2022,159,34,193,117866,https://cde.ucr.cjis.gov/LATEST/webapp/#/pages/downloads (Law Enforcement Employees Data; file additional-datasets/law-enforcement/lee_1960_2025.csv),2026-09-14
MT0560100,Billings,Billings,MT,2023,158,41,199,121365,https://cde.ucr.cjis.gov/LATEST/webapp/#/pages/downloads (Law Enforcement Employees Data; file additional-datasets/law-enforcement/lee_1960_2025.csv),2026-09-14
MT0560100,Billings,Billings,MT,2024,168,37,205,122105,https://cde.ucr.cjis.gov/LATEST/webapp/#/pages/downloads (Law Enforcement Employees Data; file additional-datasets/law-enforcement/lee_1960_2025.csv),2026-09-14
NB0550100,Lincoln,Lincoln,NB,2017,330,136,466,284063,https://cde.ucr.cjis.gov/LATEST/webapp/#/pages/downloads (Law Enforcement Employees Data; file additional-datasets/law-enforcement/lee_1960_2025.csv),2026-09-14
NB0550100,Lincoln,Lincoln,NB,2018,344,135,479,288589,https://cde.ucr.cjis.gov/LATEST/webapp/#/pages/downloads (Law Enforcement Employees Data; file additional-datasets/law-enforcement/lee_1960_2025.csv),2026-09-14
NB0550100,Lincoln,Lincoln,NB,2019,344,136,480,291128,https://cde.ucr.cjis.gov/LATEST/webapp/#/pages/downloads (Law Enforcement Employees Data; file additional-datasets/law-enforcement/lee_1960_2025.csv),2026-09-14
NB0550100,Lincoln,Lincoln,NB,2020,342,139,481,292600,https://cde.ucr.cjis.gov/LATEST/webapp/#/pages/downloads (Law Enforcement Employees Data; file additional-datasets/law-enforcement/lee_1960_2025.csv),2026-09-14
NB0550100,Lincoln,Lincoln,NB,2021,354,136,490,293808,https://cde.ucr.cjis.gov/LATEST/webapp/#/pages/downloads (Law Enforcement Employees Data; file additional-datasets/law-enforcement/lee_1960_2025.csv),2026-09-14
NB0550100,Lincoln,Lincoln,NB,2022,336,138,474,293937,https://cde.ucr.cjis.gov/LATEST/webapp/#/pages/downloads (Law Enforcement Employees Data; file additional-datasets/law-enforcement/lee_1960_2025.csv),2026-09-14
NB0550100,Lincoln,Lincoln,NB,2023,334,139,473,293155,https://cde.ucr.cjis.gov/LATEST/webapp/#/pages/downloads (Law Enforcement Employees Data; file additional-datasets/law-enforcement/lee_1960_2025.csv),2026-09-14
NB0550100,Lincoln,Lincoln,NB,2024,346,138,484,295808,https://cde.ucr.cjis.gov/LATEST/webapp/#/pages/downloads (Law Enforcement Employees Data; file additional-datasets/law-enforcement/lee_1960_2025.csv),2026-09-14
NB0280200,Omaha,Omaha,NB,2017,814,149,963,449388,https://cde.ucr.cjis.gov/LATEST/webapp/#/pages/downloads (Law Enforcement Employees Data; file additional-datasets/law-enforcement/lee_1960_2025.csv),2026-09-14
NB0280200,Omaha,Omaha,NB,2018,879,137,1016,469351,https://cde.ucr.cjis.gov/LATEST/webapp/#/pages/downloads (Law Enforcement Employees Data; file additional-datasets/law-enforcement/lee_1960_2025.csv),2026-09-14
NB0280200,Omaha,Omaha,NB,2019,868,152,1020,470481,https://cde.ucr.cjis.gov/LATEST/webapp/#/pages/downloads (Law Enforcement Employees Data; file additional-datasets/law-enforcement/lee_1960_2025.csv),2026-09-14
NB0280200,Omaha,Omaha,NB,2020,867,145,1012,480297,https://cde.ucr.cjis.gov/LATEST/webapp/#/pages/downloads (Law Enforcement Employees Data; file additional-datasets/law-enforcement/lee_1960_2025.csv),2026-09-14
NB0280200,Omaha,Omaha,NB,2021,895,149,1044,480307,https://cde.ucr.cjis.gov/LATEST/webapp/#/pages/downloads (Law Enforcement Employees Data; file additional-datasets/law-enforcement/lee_1960_2025.csv),2026-09-14
NB0280200,Omaha,Omaha,NB,2022,827,141,968,483462,https://cde.ucr.cjis.gov/LATEST/webapp/#/pages/downloads (Law Enforcement Employees Data; file additional-datasets/law-enforcement/lee_1960_2025.csv),2026-09-14
NB0280200,Omaha,Omaha,NB,2023,816,159,975,481471,https://cde.ucr.cjis.gov/LATEST/webapp/#/pages/downloads (Law Enforcement Employees Data; file additional-datasets/law-enforcement/lee_1960_2025.csv),2026-09-14
NB0280200,Omaha,Omaha,NB,2024,816,159,975,480235,https://cde.ucr.cjis.gov/LATEST/webapp/#/pages/downloads (Law Enforcement Employees Data; file additional-datasets/law-enforcement/lee_1960_2025.csv),2026-09-14
NC0110100,Asheville,Asheville,NC,2017,206,69,275,90103,https://cde.ucr.cjis.gov/LATEST/webapp/#/pages/downloads (Law Enforcement Employees Data; file additional-datasets/law-enforcement/lee_1960_2025.csv),2026-09-14
NC0110100,Asheville,Asheville,NC,2018,222,61,283,93186,https://cde.ucr.cjis.gov/LATEST/webapp/#/pages/downloads (Law Enforcement Employees Data; file additional-datasets/law-enforcement/lee_1960_2025.csv),2026-09-14
NC0110100,Asheville,Asheville,NC,2019,232,54,286,93641,https://cde.ucr.cjis.gov/LATEST/webapp/#/pages/downloads (Law Enforcement Employees Data; file additional-datasets/law-enforcement/lee_1960_2025.csv),2026-09-14
NC0110100,Asheville,Asheville,NC,2020,202,50,252,93980,https://cde.ucr.cjis.gov/LATEST/webapp/#/pages/downloads (Law Enforcement Employees Data; file additional-datasets/law-enforcement/lee_1960_2025.csv),2026-09-14
NC0110100,Asheville,Asheville,NC,2021,162,49,211,93855,https://cde.ucr.cjis.gov/LATEST/webapp/#/pages/downloads (Law Enforcement Employees Data; file additional-datasets/law-enforcement/lee_1960_2025.csv),2026-09-14
NC0110100,Asheville,Asheville,NC,2022,165,42,207,93729,https://cde.ucr.cjis.gov/LATEST/webapp/#/pages/downloads (Law Enforcement Employees Data; file additional-datasets/law-enforcement/lee_1960_2025.csv),2026-09-14
NC0110100,Asheville,Asheville,NC,2023,165,39,204,93471,https://cde.ucr.cjis.gov/LATEST/webapp/#/pages/downloads (Law Enforcement Employees Data; file additional-datasets/law-enforcement/lee_1960_2025.csv),2026-09-14
NC0110100,Asheville,Asheville,NC,2024,170,46,216,95219,https://cde.ucr.cjis.gov/LATEST/webapp/#/pages/downloads (Law Enforcement Employees Data; file additional-datasets/law-enforcement/lee_1960_2025.csv),2026-09-14
NC0920300,Cary,Cary,NC,2017,187,40,227,166986,https://cde.ucr.cjis.gov/LATEST/webapp/#/pages/downloads (Law Enforcement Employees Data; file additional-datasets/law-enforcement/lee_1960_2025.csv),2026-09-14
NC0920300,Cary,Cary,NC,2018,190,41,231,170518,https://cde.ucr.cjis.gov/LATEST/webapp/#/pages/downloads (Law Enforcement Employees Data; file additional-datasets/law-enforcement/lee_1960_2025.csv),2026-09-14
NC0920300,Cary,Cary,NC,2019,186,41,227,172525,https://cde.ucr.cjis.gov/LATEST/webapp/#/pages/downloads (Law Enforcement Employees Data; file additional-datasets/law-enforcement/lee_1960_2025.csv),2026-09-14
NC0920300,Cary,Cary,NC,2020,174,38,212,174441,https://cde.ucr.cjis.gov/LATEST/webapp/#/pages/downloads (Law Enforcement Employees Data; file additional-datasets/law-enforcement/lee_1960_2025.csv),2026-09-14
NC0920300,Cary,Cary,NC,2021,171,45,216,177735,https://cde.ucr.cjis.gov/LATEST/webapp/#/pages/downloads (Law Enforcement Employees Data; file additional-datasets/law-enforcement/lee_1960_2025.csv),2026-09-14
NC0920300,Cary,Cary,NC,2022,177,43,220,178600,https://cde.ucr.cjis.gov/LATEST/webapp/#/pages/downloads (Law Enforcement Employees Data; file additional-datasets/law-enforcement/lee_1960_2025.csv),2026-09-14
NC0920300,Cary,Cary,NC,2023,181,57,238,182878,https://cde.ucr.cjis.gov/LATEST/webapp/#/pages/downloads (Law Enforcement Employees Data; file additional-datasets/law-enforcement/lee_1960_2025.csv),2026-09-14
NC0920300,Cary,Cary,NC,2024,198,69,267,181793,https://cde.ucr.cjis.gov/LATEST/webapp/#/pages/downloads (Law Enforcement Employees Data; file additional-datasets/law-enforcement/lee_1960_2025.csv),2026-09-14
NC0600100,Charlotte-Mecklenburg,Charlotte,NC,2017,2035,1387,3422,914609,https://cde.ucr.cjis.gov/LATEST/webapp/#/pages/downloads (Law Enforcement Employees Data; file additional-datasets/law-enforcement/lee_1960_2025.csv),2026-09-14
NC0600100,Charlotte-Mecklenburg,Charlotte,NC,2018,1817,525,2342,931235,https://cde.ucr.cjis.gov/LATEST/webapp/#/pages/downloads (Law Enforcement Employees Data; file additional-datasets/law-enforcement/lee_1960_2025.csv),2026-09-14
NC0600100,Charlotte-Mecklenburg,Charlotte,NC,2019,1823,472,2295,944260,https://cde.ucr.cjis.gov/LATEST/webapp/#/pages/downloads (Law Enforcement Employees Data; file additional-datasets/law-enforcement/lee_1960_2025.csv),2026-09-14
NC0600100,Charlotte-Mecklenburg,Charlotte,NC,2020,1749,571,2320,958358,https://cde.ucr.cjis.gov/LATEST/webapp/#/pages/downloads (Law Enforcement Employees Data; file additional-datasets/law-enforcement/lee_1960_2025.csv),2026-09-14
NC0600100,Charlotte-Mecklenburg,Charlotte,NC,2021,1734,547,2281,956282,https://cde.ucr.cjis.gov/LATEST/webapp/#/pages/downloads (Law Enforcement Employees Data; file additional-datasets/law-enforcement/lee_1960_2025.csv),2026-09-14
NC0600100,Charlotte-Mecklenburg,Charlotte,NC,2022,1668,539,2207,955466,https://cde.ucr.cjis.gov/LATEST/webapp/#/pages/downloads (Law Enforcement Employees Data; file additional-datasets/law-enforcement/lee_1960_2025.csv),2026-09-14
NC0600100,Charlotte-Mecklenburg,Charlotte,NC,2023,1608,642,2250,979304,https://cde.ucr.cjis.gov/LATEST/webapp/#/pages/downloads (Law Enforcement Employees Data; file additional-datasets/law-enforcement/lee_1960_2025.csv),2026-09-14
NC0600100,Charlotte-Mecklenburg,Charlotte,NC,2024,1641,618,2259,1003130,https://cde.ucr.cjis.gov/LATEST/webapp/#/pages/downloads (Law Enforcement Employees Data; file additional-datasets/law-enforcement/lee_1960_2025.csv),2026-09-14
NC0130100,Concord,Concord,NC,2017,164,25,189,91756,https://cde.ucr.cjis.gov/LATEST/webapp/#/pages/downloads (Law Enforcement Employees Data; file additional-datasets/law-enforcement/lee_1960_2025.csv),2026-09-14
NC0130100,Concord,Concord,NC,2018,170,19,189,94022,https://cde.ucr.cjis.gov/LATEST/webapp/#/pages/downloads (Law Enforcement Employees Data; file additional-datasets/law-enforcement/lee_1960_2025.csv),2026-09-14
NC0130100,Concord,Concord,NC,2019,171,30,201,96138,https://cde.ucr.cjis.gov/LATEST/webapp/#/pages/downloads (Law Enforcement Employees Data; file additional-datasets/law-enforcement/lee_1960_2025.csv),2026-09-14
NC0130100,Concord,Concord,NC,2020,184,21,205,98411,https://cde.ucr.cjis.gov/LATEST/webapp/#/pages/downloads (Law Enforcement Employees Data; file additional-datasets/law-enforcement/lee_1960_2025.csv),2026-09-14
NC0130100,Concord,Concord,NC,2021,185,29,214,100631,https://cde.ucr.cjis.gov/LATEST/webapp/#/pages/downloads (Law Enforcement Employees Data; file additional-datasets/law-enforcement/lee_1960_2025.csv),2026-09-14
NC0130100,Concord,Concord,NC,2022,185,29,214,109660,https://cde.ucr.cjis.gov/LATEST/webapp/#/pages/downloads (Law Enforcement Employees Data; file additional-datasets/law-enforcement/lee_1960_2025.csv),2026-09-14
NC0130100,Concord,Concord,NC,2023,183,29,212,111915,https://cde.ucr.cjis.gov/LATEST/webapp/#/pages/downloads (Law Enforcement Employees Data; file additional-datasets/law-enforcement/lee_1960_2025.csv),2026-09-14
NC0130100,Concord,Concord,NC,2024,198,20,218,111922,https://cde.ucr.cjis.gov/LATEST/webapp/#/pages/downloads (Law Enforcement Employees Data; file additional-datasets/law-enforcement/lee_1960_2025.csv),2026-09-14
NC0320100,Durham,Durham,NC,2017,505,172,677,269088,https://cde.ucr.cjis.gov/LATEST/webapp/#/pages/downloads (Law Enforcement Employees Data; file additional-datasets/law-enforcement/lee_1960_2025.csv),2026-09-14
NC0320100,Durham,Durham,NC,2018,530,111,641,273759,https://cde.ucr.cjis.gov/LATEST/webapp/#/pages/downloads (Law Enforcement Employees Data; file additional-datasets/law-enforcement/lee_1960_2025.csv),2026-09-14
NC0320100,Durham,Durham,NC,2019,471,167,638,280282,https://cde.ucr.cjis.gov/LATEST/webapp/#/pages/downloads (Law Enforcement Employees Data; file additional-datasets/law-enforcement/lee_1960_2025.csv),2026-09-14
NC0320100,Durham,Durham,NC,2020,507,172,679,284925,https://cde.ucr.cjis.gov/LATEST/webapp/#/pages/downloads (Law Enforcement Employees Data; file additional-datasets/law-enforcement/lee_1960_2025.csv),2026-09-14
NC0320100,Durham,Durham,NC,2021,460,174,634,291962,https://cde.ucr.cjis.gov/LATEST/webapp/#/pages/downloads (Law Enforcement Employees Data; file additional-datasets/law-enforcement/lee_1960_2025.csv),2026-09-14
NC0320100,Durham,Durham,NC,2022,428,112,540,286377,https://cde.ucr.cjis.gov/LATEST/webapp/#/pages/downloads (Law Enforcement Employees Data; file additional-datasets/law-enforcement/lee_1960_2025.csv),2026-09-14
NC0320100,Durham,Durham,NC,2023,388,143,531,295788,https://cde.ucr.cjis.gov/LATEST/webapp/#/pages/downloads (Law Enforcement Employees Data; file additional-datasets/law-enforcement/lee_1960_2025.csv),2026-09-14
NC0320100,Durham,Durham,NC,2024,365,108,473,300208,https://cde.ucr.cjis.gov/LATEST/webapp/#/pages/downloads (Law Enforcement Employees Data; file additional-datasets/law-enforcement/lee_1960_2025.csv),2026-09-14
NC0260100,Fayetteville,Fayetteville,NC,2017,438,157,595,205432,https://cde.ucr.cjis.gov/LATEST/webapp/#/pages/downloads (Law Enforcement Employees Data; file additional-datasets/law-enforcement/lee_1960_2025.csv),2026-09-14
NC0260100,Fayetteville,Fayetteville,NC,2018,428,154,582,210117,https://cde.ucr.cjis.gov/LATEST/webapp/#/pages/downloads (Law Enforcement Employees Data; file additional-datasets/law-enforcement/lee_1960_2025.csv),2026-09-14
NC0260100,Fayetteville,Fayetteville,NC,2019,396,164,560,209614,https://cde.ucr.cjis.gov/LATEST/webapp/#/pages/downloads (Law Enforcement Employees Data; file additional-datasets/law-enforcement/lee_1960_2025.csv),2026-09-14
NC0260100,Fayetteville,Fayetteville,NC,2020,372,156,528,212033,https://cde.ucr.cjis.gov/LATEST/webapp/#/pages/downloads (Law Enforcement Employees Data; file additional-datasets/law-enforcement/lee_1960_2025.csv),2026-09-14
NC0260100,Fayetteville,Fayetteville,NC,2021,348,173,521,212047,https://cde.ucr.cjis.gov/LATEST/webapp/#/pages/downloads (Law Enforcement Employees Data; file additional-datasets/law-enforcement/lee_1960_2025.csv),2026-09-14
NC0260100,Fayetteville,Fayetteville,NC,2022,360,191,551,208980,https://cde.ucr.cjis.gov/LATEST/webapp/#/pages/downloads (Law Enforcement Employees Data; file additional-datasets/law-enforcement/lee_1960_2025.csv),2026-09-14
NC0260100,Fayetteville,Fayetteville,NC,2023,356,164,520,209262,https://cde.ucr.cjis.gov/LATEST/webapp/#/pages/downloads (Law Enforcement Employees Data; file additional-datasets/law-enforcement/lee_1960_2025.csv),2026-09-14
NC0260100,Fayetteville,Fayetteville,NC,2024,332,141,473,209945,https://cde.ucr.cjis.gov/LATEST/webapp/#/pages/downloads (Law Enforcement Employees Data; file additional-datasets/law-enforcement/lee_1960_2025.csv),2026-09-14
NC0410200,Greensboro,Greensboro,NC,2017,656,93,749,290051,https://cde.ucr.cjis.gov/LATEST/webapp/#/pages/downloads (Law Enforcement Employees Data; file additional-datasets/law-enforcement/lee_1960_2025.csv),2026-09-14
NC0410200,Greensboro,Greensboro,NC,2018,630,151,781,293298,https://cde.ucr.cjis.gov/LATEST/webapp/#/pages/downloads (Law Enforcement Employees Data; file additional-datasets/law-enforcement/lee_1960_2025.csv),2026-09-14
NC0410200,Greensboro,Greensboro,NC,2019,637,130,767,298025,https://cde.ucr.cjis.gov/LATEST/webapp/#/pages/downloads (Law Enforcement Employees Data; file additional-datasets/law-enforcement/lee_1960_2025.csv),2026-09-14
NC0410200,Greensboro,Greensboro,NC,2020,643,103,746,299887,https://cde.ucr.cjis.gov/LATEST/webapp/#/pages/downloads (Law Enforcement Employees Data; file additional-datasets/law-enforcement/lee_1960_2025.csv),2026-09-14
NC0410200,Greensboro,Greensboro,NC,2021,671,103,774,300865,https://cde.ucr.cjis.gov/LATEST/webapp/#/pages/downloads (Law Enforcement Employees Data; file additional-datasets/law-enforcement/lee_1960_2025.csv),2026-09-14
NC0410200,Greensboro,Greensboro,NC,2022,573,146,719,298719,https://cde.ucr.cjis.gov/LATEST/webapp/#/pages/downloads (Law Enforcement Employees Data; file additional-datasets/law-enforcement/lee_1960_2025.csv),2026-09-14
NC0410200,Greensboro,Greensboro,NC,2023,569,117,686,303237,https://cde.ucr.cjis.gov/LATEST/webapp/#/pages/downloads (Law Enforcement Employees Data; file additional-datasets/law-enforcement/lee_1960_2025.csv),2026-09-14
NC0410200,Greensboro,Greensboro,NC,2024,623,118,741,304306,https://cde.ucr.cjis.gov/LATEST/webapp/#/pages/downloads (Law Enforcement Employees Data; file additional-datasets/law-enforcement/lee_1960_2025.csv),2026-09-14
NC0740300,Greenville,Greenville,NC,2017,183,45,228,92630,https://cde.ucr.cjis.gov/LATEST/webapp/#/pages/downloads (Law Enforcement Employees Data; file additional-datasets/law-enforcement/lee_1960_2025.csv),2026-09-14
NC0740300,Greenville,Greenville,NC,2018,187,45,232,93235,https://cde.ucr.cjis.gov/LATEST/webapp/#/pages/downloads (Law Enforcement Employees Data; file additional-datasets/law-enforcement/lee_1960_2025.csv),2026-09-14
NC0740300,Greenville,Greenville,NC,2019,194,50,244,94193,https://cde.ucr.cjis.gov/LATEST/webapp/#/pages/downloads (Law Enforcement Employees Data; file additional-datasets/law-enforcement/lee_1960_2025.csv),2026-09-14
NC0740300,Greenville,Greenville,NC,2020,195,48,243,94372,https://cde.ucr.cjis.gov/LATEST/webapp/#/pages/downloads (Law Enforcement Employees Data; file additional-datasets/law-enforcement/lee_1960_2025.csv),2026-09-14
NC0740300,Greenville,Greenville,NC,2021,178,45,223,95815,https://cde.ucr.cjis.gov/LATEST/webapp/#/pages/downloads (Law Enforcement Employees Data; file additional-datasets/law-enforcement/lee_1960_2025.csv),2026-09-14
NC0740300,Greenville,Greenville,NC,2023,172,44,216,90048,https://cde.ucr.cjis.gov/LATEST/webapp/#/pages/downloads (Law Enforcement Employees Data; file additional-datasets/law-enforcement/lee_1960_2025.csv),2026-09-14
NC0740300,Greenville,Greenville,NC,2024,173,50,223,90871,https://cde.ucr.cjis.gov/LATEST/webapp/#/pages/downloads (Law Enforcement Employees Data; file additional-datasets/law-enforcement/lee_1960_2025.csv),2026-09-14
NC0410300,High Point,High Point,NC,2017,232,47,279,112368,https://cde.ucr.cjis.gov/LATEST/webapp/#/pages/downloads (Law Enforcement Employees Data; file additional-datasets/law-enforcement/lee_1960_2025.csv),2026-09-14
NC0410300,High Point,High Point,NC,2018,237,52,289,112526,https://cde.ucr.cjis.gov/LATEST/webapp/#/pages/downloads (Law Enforcement Employees Data; file additional-datasets/law-enforcement/lee_1960_2025.csv),2026-09-14
NC0410300,High Point,High Point,NC,2019,231,53,284,113307,https://cde.ucr.cjis.gov/LATEST/webapp/#/pages/downloads (Law Enforcement Employees Data; file additional-datasets/law-enforcement/lee_1960_2025.csv),2026-09-14
NC0410300,High Point,High Point,NC,2020,243,45,288,113727,https://cde.ucr.cjis.gov/LATEST/webapp/#/pages/downloads (Law Enforcement Employees Data; file additional-datasets/law-enforcement/lee_1960_2025.csv),2026-09-14
NC0410300,High Point,High Point,NC,2021,231,43,274,114492,https://cde.ucr.cjis.gov/LATEST/webapp/#/pages/downloads (Law Enforcement Employees Data; file additional-datasets/law-enforcement/lee_1960_2025.csv),2026-09-14
NC0410300,High Point,High Point,NC,2022,214,39,253,114280,https://cde.ucr.cjis.gov/LATEST/webapp/#/pages/downloads (Law Enforcement Employees Data; file additional-datasets/law-enforcement/lee_1960_2025.csv),2026-09-14
NC0410300,High Point,High Point,NC,2023,212,63,275,115490,https://cde.ucr.cjis.gov/LATEST/webapp/#/pages/downloads (Law Enforcement Employees Data; file additional-datasets/law-enforcement/lee_1960_2025.csv),2026-09-14
NC0410300,High Point,High Point,NC,2024,212,52,264,117629,https://cde.ucr.cjis.gov/LATEST/webapp/#/pages/downloads (Law Enforcement Employees Data; file additional-datasets/law-enforcement/lee_1960_2025.csv),2026-09-14
NC0920100,Raleigh,Raleigh,NC,2017,713,156,869,468261,https://cde.ucr.cjis.gov/LATEST/webapp/#/pages/downloads (Law Enforcement Employees Data; file additional-datasets/law-enforcement/lee_1960_2025.csv),2026-09-14
NC0920100,Raleigh,Raleigh,NC,2018,732,123,855,473765,https://cde.ucr.cjis.gov/LATEST/webapp/#/pages/downloads (Law Enforcement Employees Data; file additional-datasets/law-enforcement/lee_1960_2025.csv),2026-09-14
NC0920100,Raleigh,Raleigh,NC,2019,544,102,646,477828,https://cde.ucr.cjis.gov/LATEST/webapp/#/pages/downloads (Law Enforcement Employees Data; file additional-datasets/law-enforcement/lee_1960_2025.csv),2026-09-14
NC0920100,Raleigh,Raleigh,NC,2020,695,127,822,482264,https://cde.ucr.cjis.gov/LATEST/webapp/#/pages/downloads (Law Enforcement Employees Data; file additional-datasets/law-enforcement/lee_1960_2025.csv),2026-09-14
NC0920100,Raleigh,Raleigh,NC,2021,648,96,744,481823,https://cde.ucr.cjis.gov/LATEST/webapp/#/pages/downloads (Law Enforcement Employees Data; file additional-datasets/law-enforcement/lee_1960_2025.csv),2026-09-14
NC0920100,Raleigh,Raleigh,NC,2022,637,147,784,470829,https://cde.ucr.cjis.gov/LATEST/webapp/#/pages/downloads (Law Enforcement Employees Data; file additional-datasets/law-enforcement/lee_1960_2025.csv),2026-09-14
NC0920100,Raleigh,Raleigh,NC,2023,703,98,801,482842,https://cde.ucr.cjis.gov/LATEST/webapp/#/pages/downloads (Law Enforcement Employees Data; file additional-datasets/law-enforcement/lee_1960_2025.csv),2026-09-14
NC0920100,Raleigh,Raleigh,NC,2024,729,113,842,488085,https://cde.ucr.cjis.gov/LATEST/webapp/#/pages/downloads (Law Enforcement Employees Data; file additional-datasets/law-enforcement/lee_1960_2025.csv),2026-09-14
NC0650200,Wilmington,Wilmington,NC,2017,270,75,345,119422,https://cde.ucr.cjis.gov/LATEST/webapp/#/pages/downloads (Law Enforcement Employees Data; file additional-datasets/law-enforcement/lee_1960_2025.csv),2026-09-14
NC0650200,Wilmington,Wilmington,NC,2018,268,65,333,120920,https://cde.ucr.cjis.gov/LATEST/webapp/#/pages/downloads (Law Enforcement Employees Data; file additional-datasets/law-enforcement/lee_1960_2025.csv),2026-09-14
NC0650200,Wilmington,Wilmington,NC,2019,267,69,336,124750,https://cde.ucr.cjis.gov/LATEST/webapp/#/pages/downloads (Law Enforcement Employees Data; file additional-datasets/law-enforcement/lee_1960_2025.csv),2026-09-14
NC0650200,Wilmington,Wilmington,NC,2020,253,74,327,125794,https://cde.ucr.cjis.gov/LATEST/webapp/#/pages/downloads (Law Enforcement Employees Data; file additional-datasets/law-enforcement/lee_1960_2025.csv),2026-09-14
NC0650200,Wilmington,Wilmington,NC,2021,243,78,321,126759,https://cde.ucr.cjis.gov/LATEST/webapp/#/pages/downloads (Law Enforcement Employees Data; file additional-datasets/law-enforcement/lee_1960_2025.csv),2026-09-14
NC0650200,Wilmington,Wilmington,NC,2022,235,110,345,119159,https://cde.ucr.cjis.gov/LATEST/webapp/#/pages/downloads (Law Enforcement Employees Data; file additional-datasets/law-enforcement/lee_1960_2025.csv),2026-09-14
NC0650200,Wilmington,Wilmington,NC,2023,249,91,340,122675,https://cde.ucr.cjis.gov/LATEST/webapp/#/pages/downloads (Law Enforcement Employees Data; file additional-datasets/law-enforcement/lee_1960_2025.csv),2026-09-14
NC0650200,Wilmington,Wilmington,NC,2024,243,84,327,125101,https://cde.ucr.cjis.gov/LATEST/webapp/#/pages/downloads (Law Enforcement Employees Data; file additional-datasets/law-enforcement/lee_1960_2025.csv),2026-09-14
NC0340200,Winston-Salem,Winston-Salem,NC,2017,511,160,671,244278,https://cde.ucr.cjis.gov/LATEST/webapp/#/pages/downloads (Law Enforcement Employees Data; file additional-datasets/law-enforcement/lee_1960_2025.csv),2026-09-14
NC0340200,Winston-Salem,Winston-Salem,NC,2018,502,184,686,246759,https://cde.ucr.cjis.gov/LATEST/webapp/#/pages/downloads (Law Enforcement Employees Data; file additional-datasets/law-enforcement/lee_1960_2025.csv),2026-09-14
NC0340200,Winston-Salem,Winston-Salem,NC,2019,518,156,674,248445,https://cde.ucr.cjis.gov/LATEST/webapp/#/pages/downloads (Law Enforcement Employees Data; file additional-datasets/law-enforcement/lee_1960_2025.csv),2026-09-14
NC0340200,Winston-Salem,Winston-Salem,NC,2020,498,171,669,250021,https://cde.ucr.cjis.gov/LATEST/webapp/#/pages/downloads (Law Enforcement Employees Data; file additional-datasets/law-enforcement/lee_1960_2025.csv),2026-09-14
NC0340200,Winston-Salem,Winston-Salem,NC,2021,456,170,626,249998,https://cde.ucr.cjis.gov/LATEST/webapp/#/pages/downloads (Law Enforcement Employees Data; file additional-datasets/law-enforcement/lee_1960_2025.csv),2026-09-14
NC0340200,Winston-Salem,Winston-Salem,NC,2022,404,129,533,251295,https://cde.ucr.cjis.gov/LATEST/webapp/#/pages/downloads (Law Enforcement Employees Data; file additional-datasets/law-enforcement/lee_1960_2025.csv),2026-09-14
NC0340200,Winston-Salem,Winston-Salem,NC,2023,378,143,521,252132,https://cde.ucr.cjis.gov/LATEST/webapp/#/pages/downloads (Law Enforcement Employees Data; file additional-datasets/law-enforcement/lee_1960_2025.csv),2026-09-14
NC0340200,Winston-Salem,Winston-Salem,NC,2024,380,146,526,254041,https://cde.ucr.cjis.gov/LATEST/webapp/#/pages/downloads (Law Enforcement Employees Data; file additional-datasets/law-enforcement/lee_1960_2025.csv),2026-09-14
ND0090200,Fargo,Fargo,ND,2017,174,23,197,123430,https://cde.ucr.cjis.gov/LATEST/webapp/#/pages/downloads (Law Enforcement Employees Data; file additional-datasets/law-enforcement/lee_1960_2025.csv),2026-09-14
ND0090200,Fargo,Fargo,ND,2018,174,22,196,124906,https://cde.ucr.cjis.gov/LATEST/webapp/#/pages/downloads (Law Enforcement Employees Data; file additional-datasets/law-enforcement/lee_1960_2025.csv),2026-09-14
ND0090200,Fargo,Fargo,ND,2019,178,23,201,127423,https://cde.ucr.cjis.gov/LATEST/webapp/#/pages/downloads (Law Enforcement Employees Data; file additional-datasets/law-enforcement/lee_1960_2025.csv),2026-09-14
ND0090200,Fargo,Fargo,ND,2020,181,23,204,126927,https://cde.ucr.cjis.gov/LATEST/webapp/#/pages/downloads (Law Enforcement Employees Data; file additional-datasets/law-enforcement/lee_1960_2025.csv),2026-09-14
ND0090200,Fargo,Fargo,ND,2021,180,19,199,127313,https://cde.ucr.cjis.gov/LATEST/webapp/#/pages/downloads (Law Enforcement Employees Data; file additional-datasets/law-enforcement/lee_1960_2025.csv),2026-09-14
ND0090200,Fargo,Fargo,ND,2022,175,20,195,127649,https://cde.ucr.cjis.gov/LATEST/webapp/#/pages/downloads (Law Enforcement Employees Data; file additional-datasets/law-enforcement/lee_1960_2025.csv),2026-09-14
ND0090200,Fargo,Fargo,ND,2023,177,19,196,134268,https://cde.ucr.cjis.gov/LATEST/webapp/#/pages/downloads (Law Enforcement Employees Data; file additional-datasets/law-enforcement/lee_1960_2025.csv),2026-09-14
ND0090200,Fargo,Fargo,ND,2024,185,27,212,135682,https://cde.ucr.cjis.gov/LATEST/webapp/#/pages/downloads (Law Enforcement Employees Data; file additional-datasets/law-enforcement/lee_1960_2025.csv),2026-09-14
NH0063400,Manchester,Manchester,NH,2017,236,55,291,110655,https://cde.ucr.cjis.gov/LATEST/webapp/#/pages/downloads (Law Enforcement Employees Data; file additional-datasets/law-enforcement/lee_1960_2025.csv),2026-09-14
NH0063400,Manchester,Manchester,NH,2018,227,52,279,111422,https://cde.ucr.cjis.gov/LATEST/webapp/#/pages/downloads (Law Enforcement Employees Data; file additional-datasets/law-enforcement/lee_1960_2025.csv),2026-09-14
NH0063400,Manchester,Manchester,NH,2019,225,54,279,112895,https://cde.ucr.cjis.gov/LATEST/webapp/#/pages/downloads (Law Enforcement Employees Data; file additional-datasets/law-enforcement/lee_1960_2025.csv),2026-09-14
NH0063400,Manchester,Manchester,NH,2020,225,54,279,113018,https://cde.ucr.cjis.gov/LATEST/webapp/#/pages/downloads (Law Enforcement Employees Data; file additional-datasets/law-enforcement/lee_1960_2025.csv),2026-09-14
NH0063400,Manchester,Manchester,NH,2021,222,47,269,112844,https://cde.ucr.cjis.gov/LATEST/webapp/#/pages/downloads (Law Enforcement Employees Data; file additional-datasets/law-enforcement/lee_1960_2025.csv),2026-09-14
NH0063400,Manchester,Manchester,NH,2022,251,56,307,114650,https://cde.ucr.cjis.gov/LATEST/webapp/#/pages/downloads (Law Enforcement Employees Data; file additional-datasets/law-enforcement/lee_1960_2025.csv),2026-09-14
NH0063400,Manchester,Manchester,NH,2023,248,54,302,114963,https://cde.ucr.cjis.gov/LATEST/webapp/#/pages/downloads (Law Enforcement Employees Data; file additional-datasets/law-enforcement/lee_1960_2025.csv),2026-09-14
NH0063400,Manchester,Manchester,NH,2024,246,55,301,115464,https://cde.ucr.cjis.gov/LATEST/webapp/#/pages/downloads (Law Enforcement Employees Data; file additional-datasets/law-enforcement/lee_1960_2025.csv),2026-09-14
NH0064600,Nashua,Nashua,NH,2022,167,56,223,91027,https://cde.ucr.cjis.gov/LATEST/webapp/#/pages/downloads (Law Enforcement Employees Data; file additional-datasets/law-enforcement/lee_1960_2025.csv),2026-09-14
NH0064600,Nashua,Nashua,NH,2023,168,58,226,91145,https://cde.ucr.cjis.gov/LATEST/webapp/#/pages/downloads (Law Enforcement Employees Data; file additional-datasets/law-enforcement/lee_1960_2025.csv),2026-09-14
NH0064600,Nashua,Nashua,NH,2024,164,63,227,90938,https://cde.ucr.cjis.gov/LATEST/webapp/#/pages/downloads (Law Enforcement Employees Data; file additional-datasets/law-enforcement/lee_1960_2025.csv),2026-09-14
NJ0120500,Edison Township,Edison Township,NJ,2017,181,47,228,102699,https://cde.ucr.cjis.gov/LATEST/webapp/#/pages/downloads (Law Enforcement Employees Data; file additional-datasets/law-enforcement/lee_1960_2025.csv),2026-09-14
NJ0120500,Edison Township,Edison Township,NJ,2018,170,49,219,101309,https://cde.ucr.cjis.gov/LATEST/webapp/#/pages/downloads (Law Enforcement Employees Data; file additional-datasets/law-enforcement/lee_1960_2025.csv),2026-09-14
NJ0120500,Edison Township,Edison Township,NJ,2019,173,50,223,100282,https://cde.ucr.cjis.gov/LATEST/webapp/#/pages/downloads (Law Enforcement Employees Data; file additional-datasets/law-enforcement/lee_1960_2025.csv),2026-09-14
NJ0120500,Edison Township,Edison Township,NJ,2020,184,47,231,99584,https://cde.ucr.cjis.gov/LATEST/webapp/#/pages/downloads (Law Enforcement Employees Data; file additional-datasets/law-enforcement/lee_1960_2025.csv),2026-09-14
NJ0120500,Edison Township,Edison Township,NJ,2021,181,50,231,102726,https://cde.ucr.cjis.gov/LATEST/webapp/#/pages/downloads (Law Enforcement Employees Data; file additional-datasets/law-enforcement/lee_1960_2025.csv),2026-09-14
NJ0120500,Edison Township,Edison Township,NJ,2022,185,48,233,108050,https://cde.ucr.cjis.gov/LATEST/webapp/#/pages/downloads (Law Enforcement Employees Data; file additional-datasets/law-enforcement/lee_1960_2025.csv),2026-09-14
NJ0120500,Edison Township,Edison Township,NJ,2023,189,48,237,107894,https://cde.ucr.cjis.gov/LATEST/webapp/#/pages/downloads (Law Enforcement Employees Data; file additional-datasets/law-enforcement/lee_1960_2025.csv),2026-09-14
NJ0120500,Edison Township,Edison Township,NJ,2024,194,49,243,109086,https://cde.ucr.cjis.gov/LATEST/webapp/#/pages/downloads (Law Enforcement Employees Data; file additional-datasets/law-enforcement/lee_1960_2025.csv),2026-09-14
NJ0200400,Elizabeth,Elizabeth,NJ,2017,293,97,390,129726,https://cde.ucr.cjis.gov/LATEST/webapp/#/pages/downloads (Law Enforcement Employees Data; file additional-datasets/law-enforcement/lee_1960_2025.csv),2026-09-14
NJ0200400,Elizabeth,Elizabeth,NJ,2018,313,98,411,129080,https://cde.ucr.cjis.gov/LATEST/webapp/#/pages/downloads (Law Enforcement Employees Data; file additional-datasets/law-enforcement/lee_1960_2025.csv),2026-09-14
NJ0200400,Elizabeth,Elizabeth,NJ,2019,313,98,411,128753,https://cde.ucr.cjis.gov/LATEST/webapp/#/pages/downloads (Law Enforcement Employees Data; file additional-datasets/law-enforcement/lee_1960_2025.csv),2026-09-14
NJ0200400,Elizabeth,Elizabeth,NJ,2020,312,95,407,129518,https://cde.ucr.cjis.gov/LATEST/webapp/#/pages/downloads (Law Enforcement Employees Data; file additional-datasets/law-enforcement/lee_1960_2025.csv),2026-09-14
NJ0200400,Elizabeth,Elizabeth,NJ,2021,331,101,432,134131,https://cde.ucr.cjis.gov/LATEST/webapp/#/pages/downloads (Law Enforcement Employees Data; file additional-datasets/law-enforcement/lee_1960_2025.csv),2026-09-14
NJ0200400,Elizabeth,Elizabeth,NJ,2022,343,105,448,134065,https://cde.ucr.cjis.gov/LATEST/webapp/#/pages/downloads (Law Enforcement Employees Data; file additional-datasets/law-enforcement/lee_1960_2025.csv),2026-09-14
NJ0200400,Elizabeth,Elizabeth,NJ,2023,357,110,467,133578,https://cde.ucr.cjis.gov/LATEST/webapp/#/pages/downloads (Law Enforcement Employees Data; file additional-datasets/law-enforcement/lee_1960_2025.csv),2026-09-14
NJ0200400,Elizabeth,Elizabeth,NJ,2024,355,198,553,138500,https://cde.ucr.cjis.gov/LATEST/webapp/#/pages/downloads (Law Enforcement Employees Data; file additional-datasets/law-enforcement/lee_1960_2025.csv),2026-09-14
NJ0110300,"Hamilton Township, Mercer County","Hamilton Township, Mercer County",NJ,2021,171,32,203,90195,https://cde.ucr.cjis.gov/LATEST/webapp/#/pages/downloads (Law Enforcement Employees Data; file additional-datasets/law-enforcement/lee_1960_2025.csv),2026-09-14
NJ0110300,"Hamilton Township, Mercer County","Hamilton Township, Mercer County",NJ,2022,171,32,203,91408,https://cde.ucr.cjis.gov/LATEST/webapp/#/pages/downloads (Law Enforcement Employees Data; file additional-datasets/law-enforcement/lee_1960_2025.csv),2026-09-14
NJ0110300,"Hamilton Township, Mercer County","Hamilton Township, Mercer County",NJ,2023,169,30,199,91606,https://cde.ucr.cjis.gov/LATEST/webapp/#/pages/downloads (Law Enforcement Employees Data; file additional-datasets/law-enforcement/lee_1960_2025.csv),2026-09-14
NJ0110300,"Hamilton Township, Mercer County","Hamilton Township, Mercer County",NJ,2024,173,32,205,93487,https://cde.ucr.cjis.gov/LATEST/webapp/#/pages/downloads (Law Enforcement Employees Data; file additional-datasets/law-enforcement/lee_1960_2025.csv),2026-09-14
NJ0090600,Jersey City,Jersey City,NJ,2017,890,148,1038,267906,https://cde.ucr.cjis.gov/LATEST/webapp/#/pages/downloads (Law Enforcement Employees Data; file additional-datasets/law-enforcement/lee_1960_2025.csv),2026-09-14
NJ0090600,Jersey City,Jersey City,NJ,2018,886,69,955,270175,https://cde.ucr.cjis.gov/LATEST/webapp/#/pages/downloads (Law Enforcement Employees Data; file additional-datasets/law-enforcement/lee_1960_2025.csv),2026-09-14
NJ0090600,Jersey City,Jersey City,NJ,2019,1005,279,1284,266508,https://cde.ucr.cjis.gov/LATEST/webapp/#/pages/downloads (Law Enforcement Employees Data; file additional-datasets/law-enforcement/lee_1960_2025.csv),2026-09-14
NJ0090600,Jersey City,Jersey City,NJ,2020,1005,279,1284,263273,https://cde.ucr.cjis.gov/LATEST/webapp/#/pages/downloads (Law Enforcement Employees Data; file additional-datasets/law-enforcement/lee_1960_2025.csv),2026-09-14
NJ0090600,Jersey City,Jersey City,NJ,2021,934,510,1444,275213,https://cde.ucr.cjis.gov/LATEST/webapp/#/pages/downloads (Law Enforcement Employees Data; file additional-datasets/law-enforcement/lee_1960_2025.csv),2026-09-14
NJ0090600,Jersey City,Jersey City,NJ,2022,921,247,1168,276300,https://cde.ucr.cjis.gov/LATEST/webapp/#/pages/downloads (Law Enforcement Employees Data; file additional-datasets/law-enforcement/lee_1960_2025.csv),2026-09-14
NJ0090600,Jersey City,Jersey City,NJ,2023,913,309,1222,285117,https://cde.ucr.cjis.gov/LATEST/webapp/#/pages/downloads (Law Enforcement Employees Data; file additional-datasets/law-enforcement/lee_1960_2025.csv),2026-09-14
NJ0090600,Jersey City,Jersey City,NJ,2024,836,304,1140,297922,https://cde.ucr.cjis.gov/LATEST/webapp/#/pages/downloads (Law Enforcement Employees Data; file additional-datasets/law-enforcement/lee_1960_2025.csv),2026-09-14
NJ0151400,Lakewood Township,Lakewood Township,NJ,2017,133,30,163,102759,https://cde.ucr.cjis.gov/LATEST/webapp/#/pages/downloads (Law Enforcement Employees Data; file additional-datasets/law-enforcement/lee_1960_2025.csv),2026-09-14
NJ0151400,Lakewood Township,Lakewood Township,NJ,2018,137,34,171,102915,https://cde.ucr.cjis.gov/LATEST/webapp/#/pages/downloads (Law Enforcement Employees Data; file additional-datasets/law-enforcement/lee_1960_2025.csv),2026-09-14
NJ0151400,Lakewood Township,Lakewood Township,NJ,2019,149,33,182,105403,https://cde.ucr.cjis.gov/LATEST/webapp/#/pages/downloads (Law Enforcement Employees Data; file additional-datasets/law-enforcement/lee_1960_2025.csv),2026-09-14
NJ0151400,Lakewood Township,Lakewood Township,NJ,2020,148,41,189,108023,https://cde.ucr.cjis.gov/LATEST/webapp/#/pages/downloads (Law Enforcement Employees Data; file additional-datasets/law-enforcement/lee_1960_2025.csv),2026-09-14
NJ0151400,Lakewood Township,Lakewood Township,NJ,2021,148,40,188,113868,https://cde.ucr.cjis.gov/LATEST/webapp/#/pages/downloads (Law Enforcement Employees Data; file additional-datasets/law-enforcement/lee_1960_2025.csv),2026-09-14
NJ0151400,Lakewood Township,Lakewood Township,NJ,2022,155,33,188,141190,https://cde.ucr.cjis.gov/LATEST/webapp/#/pages/downloads (Law Enforcement Employees Data; file additional-datasets/law-enforcement/lee_1960_2025.csv),2026-09-14
NJ0151400,Lakewood Township,Lakewood Township,NJ,2023,165,49,214,142510,https://cde.ucr.cjis.gov/LATEST/webapp/#/pages/downloads (Law Enforcement Employees Data; file additional-datasets/law-enforcement/lee_1960_2025.csv),2026-09-14
NJ0151400,Lakewood Township,Lakewood Township,NJ,2024,173,50,223,144876,https://cde.ucr.cjis.gov/LATEST/webapp/#/pages/downloads (Law Enforcement Employees Data; file additional-datasets/law-enforcement/lee_1960_2025.csv),2026-09-14
NJNPD0000,Newark,Newark,NJ,2017,1171,320,1491,283673,https://cde.ucr.cjis.gov/LATEST/webapp/#/pages/downloads (Law Enforcement Employees Data; file additional-datasets/law-enforcement/lee_1960_2025.csv),2026-09-14
NJNPD0000,Newark,Newark,NJ,2018,1155,335,1490,282258,https://cde.ucr.cjis.gov/LATEST/webapp/#/pages/downloads (Law Enforcement Employees Data; file additional-datasets/law-enforcement/lee_1960_2025.csv),2026-09-14
NJNPD0000,Newark,Newark,NJ,2019,1187,346,1533,281422,https://cde.ucr.cjis.gov/LATEST/webapp/#/pages/downloads (Law Enforcement Employees Data; file additional-datasets/law-enforcement/lee_1960_2025.csv),2026-09-14
NJNPD0000,Newark,Newark,NJ,2020,1062,345,1407,282242,https://cde.ucr.cjis.gov/LATEST/webapp/#/pages/downloads (Law Enforcement Employees Data; file additional-datasets/law-enforcement/lee_1960_2025.csv),2026-09-14
NJNPD0000,Newark,Newark,NJ,2021,1032,305,1337,295039,https://cde.ucr.cjis.gov/LATEST/webapp/#/pages/downloads (Law Enforcement Employees Data; file additional-datasets/law-enforcement/lee_1960_2025.csv),2026-09-14
NJNPD0000,Newark,Newark,NJ,2022,1118,205,1323,304311,https://cde.ucr.cjis.gov/LATEST/webapp/#/pages/downloads (Law Enforcement Employees Data; file additional-datasets/law-enforcement/lee_1960_2025.csv),2026-09-14
NJNPD0000,Newark,Newark,NJ,2023,1078,183,1261,303827,https://cde.ucr.cjis.gov/LATEST/webapp/#/pages/downloads (Law Enforcement Employees Data; file additional-datasets/law-enforcement/lee_1960_2025.csv),2026-09-14
NJNPD0000,Newark,Newark,NJ,2024,1067,303,1370,309708,https://cde.ucr.cjis.gov/LATEST/webapp/#/pages/downloads (Law Enforcement Employees Data; file additional-datasets/law-enforcement/lee_1960_2025.csv),2026-09-14
NJ0160800,Paterson,Paterson,NJ,2017,400,94,494,147690,https://cde.ucr.cjis.gov/LATEST/webapp/#/pages/downloads (Law Enforcement Employees Data; file additional-datasets/law-enforcement/lee_1960_2025.csv),2026-09-14
NJ0160800,Paterson,Paterson,NJ,2018,419,107,526,146893,https://cde.ucr.cjis.gov/LATEST/webapp/#/pages/downloads (Law Enforcement Employees Data; file additional-datasets/law-enforcement/lee_1960_2025.csv),2026-09-14
NJ0160800,Paterson,Paterson,NJ,2019,419,107,526,144866,https://cde.ucr.cjis.gov/LATEST/webapp/#/pages/downloads (Law Enforcement Employees Data; file additional-datasets/law-enforcement/lee_1960_2025.csv),2026-09-14
NJ0160800,Paterson,Paterson,NJ,2020,403,27,430,144947,https://cde.ucr.cjis.gov/LATEST/webapp/#/pages/downloads (Law Enforcement Employees Data; file additional-datasets/law-enforcement/lee_1960_2025.csv),2026-09-14
NJ0160800,Paterson,Paterson,NJ,2021,408,68,476,150757,https://cde.ucr.cjis.gov/LATEST/webapp/#/pages/downloads (Law Enforcement Employees Data; file additional-datasets/law-enforcement/lee_1960_2025.csv),2026-09-14
NJ0160800,Paterson,Paterson,NJ,2022,412,68,480,156292,https://cde.ucr.cjis.gov/LATEST/webapp/#/pages/downloads (Law Enforcement Employees Data; file additional-datasets/law-enforcement/lee_1960_2025.csv),2026-09-14
NJ0160800,Paterson,Paterson,NJ,2023,412,68,480,155991,https://cde.ucr.cjis.gov/LATEST/webapp/#/pages/downloads (Law Enforcement Employees Data; file additional-datasets/law-enforcement/lee_1960_2025.csv),2026-09-14
NJ0160800,Paterson,Paterson,NJ,2024,412,68,480,158903,https://cde.ucr.cjis.gov/LATEST/webapp/#/pages/downloads (Law Enforcement Employees Data; file additional-datasets/law-enforcement/lee_1960_2025.csv),2026-09-14
NJ0150700,Toms River Township,Toms River Township,NJ,2017,160,47,207,92543,https://cde.ucr.cjis.gov/LATEST/webapp/#/pages/downloads (Law Enforcement Employees Data; file additional-datasets/law-enforcement/lee_1960_2025.csv),2026-09-14
NJ0150700,Toms River Township,Toms River Township,NJ,2018,160,21,181,92191,https://cde.ucr.cjis.gov/LATEST/webapp/#/pages/downloads (Law Enforcement Employees Data; file additional-datasets/law-enforcement/lee_1960_2025.csv),2026-09-14
NJ0150700,Toms River Township,Toms River Township,NJ,2019,163,29,192,93836,https://cde.ucr.cjis.gov/LATEST/webapp/#/pages/downloads (Law Enforcement Employees Data; file additional-datasets/law-enforcement/lee_1960_2025.csv),2026-09-14
NJ0150700,Toms River Township,Toms River Township,NJ,2020,162,45,207,94561,https://cde.ucr.cjis.gov/LATEST/webapp/#/pages/downloads (Law Enforcement Employees Data; file additional-datasets/law-enforcement/lee_1960_2025.csv),2026-09-14
NJ0150700,Toms River Township,Toms River Township,NJ,2021,161,46,207,100051,https://cde.ucr.cjis.gov/LATEST/webapp/#/pages/downloads (Law Enforcement Employees Data; file additional-datasets/law-enforcement/lee_1960_2025.csv),2026-09-14
NJ0150700,Toms River Township,Toms River Township,NJ,2022,162,48,210,99239,https://cde.ucr.cjis.gov/LATEST/webapp/#/pages/downloads (Law Enforcement Employees Data; file additional-datasets/law-enforcement/lee_1960_2025.csv),2026-09-14
NJ0150700,Toms River Township,Toms River Township,NJ,2023,162,48,210,100329,https://cde.ucr.cjis.gov/LATEST/webapp/#/pages/downloads (Law Enforcement Employees Data; file additional-datasets/law-enforcement/lee_1960_2025.csv),2026-09-14
NJ0150700,Toms River Township,Toms River Township,NJ,2024,154,53,207,102734,https://cde.ucr.cjis.gov/LATEST/webapp/#/pages/downloads (Law Enforcement Employees Data; file additional-datasets/law-enforcement/lee_1960_2025.csv),2026-09-14
NJ0111100,Trenton,Trenton,NJ,2022,270,68,338,90313,https://cde.ucr.cjis.gov/LATEST/webapp/#/pages/downloads (Law Enforcement Employees Data; file additional-datasets/law-enforcement/lee_1960_2025.csv),2026-09-14
NJ0111100,Trenton,Trenton,NJ,2024,236,91,327,91236,https://cde.ucr.cjis.gov/LATEST/webapp/#/pages/downloads (Law Enforcement Employees Data; file additional-datasets/law-enforcement/lee_1960_2025.csv),2026-09-14
NJ0122500,Woodbridge Township,Woodbridge Township,NJ,2017,198,41,239,102129,https://cde.ucr.cjis.gov/LATEST/webapp/#/pages/downloads (Law Enforcement Employees Data; file additional-datasets/law-enforcement/lee_1960_2025.csv),2026-09-14
NJ0122500,Woodbridge Township,Woodbridge Township,NJ,2018,196,68,264,100884,https://cde.ucr.cjis.gov/LATEST/webapp/#/pages/downloads (Law Enforcement Employees Data; file additional-datasets/law-enforcement/lee_1960_2025.csv),2026-09-14
NJ0122500,Woodbridge Township,Woodbridge Township,NJ,2019,206,66,272,100125,https://cde.ucr.cjis.gov/LATEST/webapp/#/pages/downloads (Law Enforcement Employees Data; file additional-datasets/law-enforcement/lee_1960_2025.csv),2026-09-14
NJ0122500,Woodbridge Township,Woodbridge Township,NJ,2020,203,60,263,100119,https://cde.ucr.cjis.gov/LATEST/webapp/#/pages/downloads (Law Enforcement Employees Data; file additional-datasets/law-enforcement/lee_1960_2025.csv),2026-09-14
NJ0122500,Woodbridge Township,Woodbridge Township,NJ,2021,208,62,270,103633,https://cde.ucr.cjis.gov/LATEST/webapp/#/pages/downloads (Law Enforcement Employees Data; file additional-datasets/law-enforcement/lee_1960_2025.csv),2026-09-14
NJ0122500,Woodbridge Township,Woodbridge Township,NJ,2022,213,63,276,102980,https://cde.ucr.cjis.gov/LATEST/webapp/#/pages/downloads (Law Enforcement Employees Data; file additional-datasets/law-enforcement/lee_1960_2025.csv),2026-09-14
NJ0122500,Woodbridge Township,Woodbridge Township,NJ,2023,222,67,289,103449,https://cde.ucr.cjis.gov/LATEST/webapp/#/pages/downloads (Law Enforcement Employees Data; file additional-datasets/law-enforcement/lee_1960_2025.csv),2026-09-14
NJ0122500,Woodbridge Township,Woodbridge Township,NJ,2024,231,72,303,105287,https://cde.ucr.cjis.gov/LATEST/webapp/#/pages/downloads (Law Enforcement Employees Data; file additional-datasets/law-enforcement/lee_1960_2025.csv),2026-09-14
NM0010100,Albuquerque,Albuquerque,NM,2019,908,556,1464,561920,https://cde.ucr.cjis.gov/LATEST/webapp/#/pages/downloads (Law Enforcement Employees Data; file additional-datasets/law-enforcement/lee_1960_2025.csv),2026-09-14
NM0010100,Albuquerque,Albuquerque,NM,2021,940,534,1474,564147,https://cde.ucr.cjis.gov/LATEST/webapp/#/pages/downloads (Law Enforcement Employees Data; file additional-datasets/law-enforcement/lee_1960_2025.csv),2026-09-14
NM0010100,Albuquerque,Albuquerque,NM,2022,899,584,1483,560557,https://cde.ucr.cjis.gov/LATEST/webapp/#/pages/downloads (Law Enforcement Employees Data; file additional-datasets/law-enforcement/lee_1960_2025.csv),2026-09-14
NM0010100,Albuquerque,Albuquerque,NM,2023,881,694,1575,559094,https://cde.ucr.cjis.gov/LATEST/webapp/#/pages/downloads (Law Enforcement Employees Data; file additional-datasets/law-enforcement/lee_1960_2025.csv),2026-09-14
NM0010100,Albuquerque,Albuquerque,NM,2024,970,628,1598,558745,https://cde.ucr.cjis.gov/LATEST/webapp/#/pages/downloads (Law Enforcement Employees Data; file additional-datasets/law-enforcement/lee_1960_2025.csv),2026-09-14
NM0070100,Las Cruces,Las Cruces,NM,2017,187,74,261,102350,https://cde.ucr.cjis.gov/LATEST/webapp/#/pages/downloads (Law Enforcement Employees Data; file additional-datasets/law-enforcement/lee_1960_2025.csv),2026-09-14
NM0070100,Las Cruces,Las Cruces,NM,2019,187,72,259,103520,https://cde.ucr.cjis.gov/LATEST/webapp/#/pages/downloads (Law Enforcement Employees Data; file additional-datasets/law-enforcement/lee_1960_2025.csv),2026-09-14
NM0070100,Las Cruces,Las Cruces,NM,2021,172,71,243,105805,https://cde.ucr.cjis.gov/LATEST/webapp/#/pages/downloads (Law Enforcement Employees Data; file additional-datasets/law-enforcement/lee_1960_2025.csv),2026-09-14
NM0070100,Las Cruces,Las Cruces,NM,2022,186,70,256,114102,https://cde.ucr.cjis.gov/LATEST/webapp/#/pages/downloads (Law Enforcement Employees Data; file additional-datasets/law-enforcement/lee_1960_2025.csv),2026-09-14
NM0070100,Las Cruces,Las Cruces,NM,2023,199,73,272,114999,https://cde.ucr.cjis.gov/LATEST/webapp/#/pages/downloads (Law Enforcement Employees Data; file additional-datasets/law-enforcement/lee_1960_2025.csv),2026-09-14
NM0070100,Las Cruces,Las Cruces,NM,2024,183,93,276,115977,https://cde.ucr.cjis.gov/LATEST/webapp/#/pages/downloads (Law Enforcement Employees Data; file additional-datasets/law-enforcement/lee_1960_2025.csv),2026-09-14
NM0230600,Rio Rancho,Rio Rancho,NM,2018,125,89,214,97394,https://cde.ucr.cjis.gov/LATEST/webapp/#/pages/downloads (Law Enforcement Employees Data; file additional-datasets/law-enforcement/lee_1960_2025.csv),2026-09-14
NM0230600,Rio Rancho,Rio Rancho,NM,2022,126,71,197,107435,https://cde.ucr.cjis.gov/LATEST/webapp/#/pages/downloads (Law Enforcement Employees Data; file additional-datasets/law-enforcement/lee_1960_2025.csv),2026-09-14
NM0230600,Rio Rancho,Rio Rancho,NM,2023,135,73,208,109992,https://cde.ucr.cjis.gov/LATEST/webapp/#/pages/downloads (Law Enforcement Employees Data; file additional-datasets/law-enforcement/lee_1960_2025.csv),2026-09-14
NM0230600,Rio Rancho,Rio Rancho,NM,2024,138,66,204,112817,https://cde.ucr.cjis.gov/LATEST/webapp/#/pages/downloads (Law Enforcement Employees Data; file additional-datasets/law-enforcement/lee_1960_2025.csv),2026-09-14
NV0020300,Henderson,Henderson,NV,2017,364,249,613,299285,https://cde.ucr.cjis.gov/LATEST/webapp/#/pages/downloads (Law Enforcement Employees Data; file additional-datasets/law-enforcement/lee_1960_2025.csv),2026-09-14
NV0020300,Henderson,Henderson,NV,2018,380,284,664,309586,https://cde.ucr.cjis.gov/LATEST/webapp/#/pages/downloads (Law Enforcement Employees Data; file additional-datasets/law-enforcement/lee_1960_2025.csv),2026-09-14
NV0020300,Henderson,Henderson,NV,2019,0,0,0,317732,https://cde.ucr.cjis.gov/LATEST/webapp/#/pages/downloads (Law Enforcement Employees Data; file additional-datasets/law-enforcement/lee_1960_2025.csv),2026-09-14
NV0020300,Henderson,Henderson,NV,2020,463,191,654,328056,https://cde.ucr.cjis.gov/LATEST/webapp/#/pages/downloads (Law Enforcement Employees Data; file additional-datasets/law-enforcement/lee_1960_2025.csv),2026-09-14
NV0020300,Henderson,Henderson,NV,2021,469,173,642,337375,https://cde.ucr.cjis.gov/LATEST/webapp/#/pages/downloads (Law Enforcement Employees Data; file additional-datasets/law-enforcement/lee_1960_2025.csv),2026-09-14
NV0020300,Henderson,Henderson,NV,2022,471,196,667,325332,https://cde.ucr.cjis.gov/LATEST/webapp/#/pages/downloads (Law Enforcement Employees Data; file additional-datasets/law-enforcement/lee_1960_2025.csv),2026-09-14
NV0020300,Henderson,Henderson,NV,2023,489,181,670,337794,https://cde.ucr.cjis.gov/LATEST/webapp/#/pages/downloads (Law Enforcement Employees Data; file additional-datasets/law-enforcement/lee_1960_2025.csv),2026-09-14
NV0020300,Henderson,Henderson,NV,2024,519,192,711,343619,https://cde.ucr.cjis.gov/LATEST/webapp/#/pages/downloads (Law Enforcement Employees Data; file additional-datasets/law-enforcement/lee_1960_2025.csv),2026-09-14
NV0020100,Las Vegas Metropolitan Police Department,Las Vegas,NV,2017,3563,1816,5379,1627244,https://cde.ucr.cjis.gov/LATEST/webapp/#/pages/downloads (Law Enforcement Employees Data; file additional-datasets/law-enforcement/lee_1960_2025.csv),2026-09-14
NV0020100,Las Vegas Metropolitan Police Department,Las Vegas,NV,2018,2962,1573,4535,1644390,https://cde.ucr.cjis.gov/LATEST/webapp/#/pages/downloads (Law Enforcement Employees Data; file additional-datasets/law-enforcement/lee_1960_2025.csv),2026-09-14
NV0020100,Las Vegas Metropolitan Police Department,Las Vegas,NV,2019,3115,1447,4562,1666803,https://cde.ucr.cjis.gov/LATEST/webapp/#/pages/downloads (Law Enforcement Employees Data; file additional-datasets/law-enforcement/lee_1960_2025.csv),2026-09-14
NV0020100,Las Vegas Metropolitan Police Department,Las Vegas,NV,2020,4115,1601,5716,1693061,https://cde.ucr.cjis.gov/LATEST/webapp/#/pages/downloads (Law Enforcement Employees Data; file additional-datasets/law-enforcement/lee_1960_2025.csv),2026-09-14
NV0020100,Las Vegas Metropolitan Police Department,Las Vegas,NV,2021,3994,1766,5760,1685021,https://cde.ucr.cjis.gov/LATEST/webapp/#/pages/downloads (Law Enforcement Employees Data; file additional-datasets/law-enforcement/lee_1960_2025.csv),2026-09-14
NV0020100,Las Vegas Metropolitan Police Department,Las Vegas,NV,2022,4102,1584,5686,1667961,https://cde.ucr.cjis.gov/LATEST/webapp/#/pages/downloads (Law Enforcement Employees Data; file additional-datasets/law-enforcement/lee_1960_2025.csv),2026-09-14
NV0020100,Las Vegas Metropolitan Police Department,Las Vegas,NV,2023,3149,2747,5896,1670226,https://cde.ucr.cjis.gov/LATEST/webapp/#/pages/downloads (Law Enforcement Employees Data; file additional-datasets/law-enforcement/lee_1960_2025.csv),2026-09-14
NV0020100,Las Vegas Metropolitan Police Department,Las Vegas,NV,2024,3212,2879,6091,1716565,https://cde.ucr.cjis.gov/LATEST/webapp/#/pages/downloads (Law Enforcement Employees Data; file additional-datasets/law-enforcement/lee_1960_2025.csv),2026-09-14
NV0020200,North Las Vegas,North Las Vegas,NV,2017,300,112,412,242537,https://cde.ucr.cjis.gov/LATEST/webapp/#/pages/downloads (Law Enforcement Employees Data; file additional-datasets/law-enforcement/lee_1960_2025.csv),2026-09-14
NV0020200,North Las Vegas,North Las Vegas,NV,2018,296,124,420,246951,https://cde.ucr.cjis.gov/LATEST/webapp/#/pages/downloads (Law Enforcement Employees Data; file additional-datasets/law-enforcement/lee_1960_2025.csv),2026-09-14
NV0020200,North Las Vegas,North Las Vegas,NV,2022,282,112,394,284422,https://cde.ucr.cjis.gov/LATEST/webapp/#/pages/downloads (Law Enforcement Employees Data; file additional-datasets/law-enforcement/lee_1960_2025.csv),2026-09-14
NV0020200,North Las Vegas,North Las Vegas,NV,2023,303,124,427,290751,https://cde.ucr.cjis.gov/LATEST/webapp/#/pages/downloads (Law Enforcement Employees Data; file additional-datasets/law-enforcement/lee_1960_2025.csv),2026-09-14
NV0020200,North Las Vegas,North Las Vegas,NV,2024,309,271,580,293100,https://cde.ucr.cjis.gov/LATEST/webapp/#/pages/downloads (Law Enforcement Employees Data; file additional-datasets/law-enforcement/lee_1960_2025.csv),2026-09-14
NV0160100,Reno,Reno,NV,2017,318,67,385,248531,https://cde.ucr.cjis.gov/LATEST/webapp/#/pages/downloads (Law Enforcement Employees Data; file additional-datasets/law-enforcement/lee_1960_2025.csv),2026-09-14
NV0160100,Reno,Reno,NV,2018,320,66,386,252341,https://cde.ucr.cjis.gov/LATEST/webapp/#/pages/downloads (Law Enforcement Employees Data; file additional-datasets/law-enforcement/lee_1960_2025.csv),2026-09-14
NV0160100,Reno,Reno,NV,2019,324,118,442,254349,https://cde.ucr.cjis.gov/LATEST/webapp/#/pages/downloads (Law Enforcement Employees Data; file additional-datasets/law-enforcement/lee_1960_2025.csv),2026-09-14
NV0160100,Reno,Reno,NV,2020,339,130,469,259168,https://cde.ucr.cjis.gov/LATEST/webapp/#/pages/downloads (Law Enforcement Employees Data; file additional-datasets/law-enforcement/lee_1960_2025.csv),2026-09-14
NV0160100,Reno,Reno,NV,2021,327,126,453,262919,https://cde.ucr.cjis.gov/LATEST/webapp/#/pages/downloads (Law Enforcement Employees Data; file additional-datasets/law-enforcement/lee_1960_2025.csv),2026-09-14
NV0160100,Reno,Reno,NV,2022,346,74,420,273671,https://cde.ucr.cjis.gov/LATEST/webapp/#/pages/downloads (Law Enforcement Employees Data; file additional-datasets/law-enforcement/lee_1960_2025.csv),2026-09-14
NV0160100,Reno,Reno,NV,2023,358,82,440,277792,https://cde.ucr.cjis.gov/LATEST/webapp/#/pages/downloads (Law Enforcement Employees Data; file additional-datasets/law-enforcement/lee_1960_2025.csv),2026-09-14
NV0160100,Reno,Reno,NV,2024,345,85,430,278313,https://cde.ucr.cjis.gov/LATEST/webapp/#/pages/downloads (Law Enforcement Employees Data; file additional-datasets/law-enforcement/lee_1960_2025.csv),2026-09-14
NV0160200,Sparks,Sparks,NV,2017,109,44,153,99732,https://cde.ucr.cjis.gov/LATEST/webapp/#/pages/downloads (Law Enforcement Employees Data; file additional-datasets/law-enforcement/lee_1960_2025.csv),2026-09-14
NV0160200,Sparks,Sparks,NV,2018,112,50,162,102354,https://cde.ucr.cjis.gov/LATEST/webapp/#/pages/downloads (Law Enforcement Employees Data; file additional-datasets/law-enforcement/lee_1960_2025.csv),2026-09-14
NV0160200,Sparks,Sparks,NV,2019,111,45,156,106010,https://cde.ucr.cjis.gov/LATEST/webapp/#/pages/downloads (Law Enforcement Employees Data; file additional-datasets/law-enforcement/lee_1960_2025.csv),2026-09-14
NV0160200,Sparks,Sparks,NV,2020,108,51,159,106664,https://cde.ucr.cjis.gov/LATEST/webapp/#/pages/downloads (Law Enforcement Employees Data; file additional-datasets/law-enforcement/lee_1960_2025.csv),2026-09-14
NV0160200,Sparks,Sparks,NV,2021,0,0,0,108612,https://cde.ucr.cjis.gov/LATEST/webapp/#/pages/downloads (Law Enforcement Employees Data; file additional-datasets/law-enforcement/lee_1960_2025.csv),2026-09-14
NV0160200,Sparks,Sparks,NV,2022,120,55,175,110475,https://cde.ucr.cjis.gov/LATEST/webapp/#/pages/downloads (Law Enforcement Employees Data; file additional-datasets/law-enforcement/lee_1960_2025.csv),2026-09-14
NV0160200,Sparks,Sparks,NV,2023,128,58,186,109403,https://cde.ucr.cjis.gov/LATEST/webapp/#/pages/downloads (Law Enforcement Employees Data; file additional-datasets/law-enforcement/lee_1960_2025.csv),2026-09-14
NV0160200,Sparks,Sparks,NV,2024,117,55,172,110807,https://cde.ucr.cjis.gov/LATEST/webapp/#/pages/downloads (Law Enforcement Employees Data; file additional-datasets/law-enforcement/lee_1960_2025.csv),2026-09-14
NY0010100,Albany,Albany,NY,2017,333,85,418,98174,https://cde.ucr.cjis.gov/LATEST/webapp/#/pages/downloads (Law Enforcement Employees Data; file additional-datasets/law-enforcement/lee_1960_2025.csv),2026-09-14
NY0010100,Albany,Albany,NY,2018,316,88,404,98322,https://cde.ucr.cjis.gov/LATEST/webapp/#/pages/downloads (Law Enforcement Employees Data; file additional-datasets/law-enforcement/lee_1960_2025.csv),2026-09-14
NY0010100,Albany,Albany,NY,2019,293,89,382,97221,https://cde.ucr.cjis.gov/LATEST/webapp/#/pages/downloads (Law Enforcement Employees Data; file additional-datasets/law-enforcement/lee_1960_2025.csv),2026-09-14
NY0010100,Albany,Albany,NY,2020,295,76,371,96318,https://cde.ucr.cjis.gov/LATEST/webapp/#/pages/downloads (Law Enforcement Employees Data; file additional-datasets/law-enforcement/lee_1960_2025.csv),2026-09-14
NY0010100,Albany,Albany,NY,2021,283,76,359,95201,https://cde.ucr.cjis.gov/LATEST/webapp/#/pages/downloads (Law Enforcement Employees Data; file additional-datasets/law-enforcement/lee_1960_2025.csv),2026-09-14
NY0010100,Albany,Albany,NY,2022,294,79,373,98104,https://cde.ucr.cjis.gov/LATEST/webapp/#/pages/downloads (Law Enforcement Employees Data; file additional-datasets/law-enforcement/lee_1960_2025.csv),2026-09-14
NY0010100,Albany,Albany,NY,2023,286,62,348,101930,https://cde.ucr.cjis.gov/LATEST/webapp/#/pages/downloads (Law Enforcement Employees Data; file additional-datasets/law-enforcement/lee_1960_2025.csv),2026-09-14
NY0010100,Albany,Albany,NY,2024,268,74,342,102095,https://cde.ucr.cjis.gov/LATEST/webapp/#/pages/downloads (Law Enforcement Employees Data; file additional-datasets/law-enforcement/lee_1960_2025.csv),2026-09-14
NY0145100,Amherst Town,Amherst Town,NY,2017,152,30,182,121150,https://cde.ucr.cjis.gov/LATEST/webapp/#/pages/downloads (Law Enforcement Employees Data; file additional-datasets/law-enforcement/lee_1960_2025.csv),2026-09-14
NY0145100,Amherst Town,Amherst Town,NY,2018,151,30,181,121343,https://cde.ucr.cjis.gov/LATEST/webapp/#/pages/downloads (Law Enforcement Employees Data; file additional-datasets/law-enforcement/lee_1960_2025.csv),2026-09-14
NY0145100,Amherst Town,Amherst Town,NY,2019,152,28,180,120864,https://cde.ucr.cjis.gov/LATEST/webapp/#/pages/downloads (Law Enforcement Employees Data; file additional-datasets/law-enforcement/lee_1960_2025.csv),2026-09-14
NY0145100,Amherst Town,Amherst Town,NY,2020,155,28,183,121304,https://cde.ucr.cjis.gov/LATEST/webapp/#/pages/downloads (Law Enforcement Employees Data; file additional-datasets/law-enforcement/lee_1960_2025.csv),2026-09-14
NY0145100,Amherst Town,Amherst Town,NY,2021,153,31,184,121185,https://cde.ucr.cjis.gov/LATEST/webapp/#/pages/downloads (Law Enforcement Employees Data; file additional-datasets/law-enforcement/lee_1960_2025.csv),2026-09-14
NY0145100,Amherst Town,Amherst Town,NY,2022,154,33,187,123527,https://cde.ucr.cjis.gov/LATEST/webapp/#/pages/downloads (Law Enforcement Employees Data; file additional-datasets/law-enforcement/lee_1960_2025.csv),2026-09-14
NY0145100,Amherst Town,Amherst Town,NY,2023,154,33,187,125647,https://cde.ucr.cjis.gov/LATEST/webapp/#/pages/downloads (Law Enforcement Employees Data; file additional-datasets/law-enforcement/lee_1960_2025.csv),2026-09-14
NY0145100,Amherst Town,Amherst Town,NY,2024,154,34,188,126184,https://cde.ucr.cjis.gov/LATEST/webapp/#/pages/downloads (Law Enforcement Employees Data; file additional-datasets/law-enforcement/lee_1960_2025.csv),2026-09-14
NY0140100,Buffalo,Buffalo,NY,2017,781,201,982,256169,https://cde.ucr.cjis.gov/LATEST/webapp/#/pages/downloads (Law Enforcement Employees Data; file additional-datasets/law-enforcement/lee_1960_2025.csv),2026-09-14
NY0140100,Buffalo,Buffalo,NY,2018,784,189,973,258219,https://cde.ucr.cjis.gov/LATEST/webapp/#/pages/downloads (Law Enforcement Employees Data; file additional-datasets/law-enforcement/lee_1960_2025.csv),2026-09-14
NY0140100,Buffalo,Buffalo,NY,2019,729,179,908,255686,https://cde.ucr.cjis.gov/LATEST/webapp/#/pages/downloads (Law Enforcement Employees Data; file additional-datasets/law-enforcement/lee_1960_2025.csv),2026-09-14
NY0140100,Buffalo,Buffalo,NY,2020,752,175,927,254627,https://cde.ucr.cjis.gov/LATEST/webapp/#/pages/downloads (Law Enforcement Employees Data; file additional-datasets/law-enforcement/lee_1960_2025.csv),2026-09-14
NY0140100,Buffalo,Buffalo,NY,2021,722,173,895,253809,https://cde.ucr.cjis.gov/LATEST/webapp/#/pages/downloads (Law Enforcement Employees Data; file additional-datasets/law-enforcement/lee_1960_2025.csv),2026-09-14
NY0140100,Buffalo,Buffalo,NY,2022,759,162,921,275710,https://cde.ucr.cjis.gov/LATEST/webapp/#/pages/downloads (Law Enforcement Employees Data; file additional-datasets/law-enforcement/lee_1960_2025.csv),2026-09-14
NY0140100,Buffalo,Buffalo,NY,2023,750,182,932,275922,https://cde.ucr.cjis.gov/LATEST/webapp/#/pages/downloads (Law Enforcement Employees Data; file additional-datasets/law-enforcement/lee_1960_2025.csv),2026-09-14
NY0140100,Buffalo,Buffalo,NY,2024,785,175,960,273728,https://cde.ucr.cjis.gov/LATEST/webapp/#/pages/downloads (Law Enforcement Employees Data; file additional-datasets/law-enforcement/lee_1960_2025.csv),2026-09-14
NY0275400,Greece Town,Greece Town,NY,2017,97,6,103,96219,https://cde.ucr.cjis.gov/LATEST/webapp/#/pages/downloads (Law Enforcement Employees Data; file additional-datasets/law-enforcement/lee_1960_2025.csv),2026-09-14
NY0275400,Greece Town,Greece Town,NY,2018,99,7,106,96650,https://cde.ucr.cjis.gov/LATEST/webapp/#/pages/downloads (Law Enforcement Employees Data; file additional-datasets/law-enforcement/lee_1960_2025.csv),2026-09-14
NY0275400,Greece Town,Greece Town,NY,2019,99,8,107,95777,https://cde.ucr.cjis.gov/LATEST/webapp/#/pages/downloads (Law Enforcement Employees Data; file additional-datasets/law-enforcement/lee_1960_2025.csv),2026-09-14
NY0275400,Greece Town,Greece Town,NY,2021,94,12,106,95202,https://cde.ucr.cjis.gov/LATEST/webapp/#/pages/downloads (Law Enforcement Employees Data; file additional-datasets/law-enforcement/lee_1960_2025.csv),2026-09-14
NY0275400,Greece Town,Greece Town,NY,2022,96,12,108,95525,https://cde.ucr.cjis.gov/LATEST/webapp/#/pages/downloads (Law Enforcement Employees Data; file additional-datasets/law-enforcement/lee_1960_2025.csv),2026-09-14
NY0275400,Greece Town,Greece Town,NY,2023,88,13,101,94724,https://cde.ucr.cjis.gov/LATEST/webapp/#/pages/downloads (Law Enforcement Employees Data; file additional-datasets/law-enforcement/lee_1960_2025.csv),2026-09-14
NY0275400,Greece Town,Greece Town,NY,2024,93,11,104,93943,https://cde.ucr.cjis.gov/LATEST/webapp/#/pages/downloads (Law Enforcement Employees Data; file additional-datasets/law-enforcement/lee_1960_2025.csv),2026-09-14
NY0303000,New York,New York,NY,2017,36378,15701,52079,8616333,https://cde.ucr.cjis.gov/LATEST/webapp/#/pages/downloads (Law Enforcement Employees Data; file additional-datasets/law-enforcement/lee_1960_2025.csv),2026-09-14
NY0303000,New York,New York,NY,2018,36134,16144,52278,8523171,https://cde.ucr.cjis.gov/LATEST/webapp/#/pages/downloads (Law Enforcement Employees Data; file additional-datasets/law-enforcement/lee_1960_2025.csv),2026-09-14
NY0303000,New York,New York,NY,2019,36563,16133,52696,8379043,https://cde.ucr.cjis.gov/LATEST/webapp/#/pages/downloads (Law Enforcement Employees Data; file additional-datasets/law-enforcement/lee_1960_2025.csv),2026-09-14
NY0303000,New York,New York,NY,2020,34018,16065,50083,8300377,https://cde.ucr.cjis.gov/LATEST/webapp/#/pages/downloads (Law Enforcement Employees Data; file additional-datasets/law-enforcement/lee_1960_2025.csv),2026-09-14
NY0303000,New York,New York,NY,2021,35047,14982,50029,8475387,https://cde.ucr.cjis.gov/LATEST/webapp/#/pages/downloads (Law Enforcement Employees Data; file additional-datasets/law-enforcement/lee_1960_2025.csv),2026-09-14
NY0303000,New York,New York,NY,2022,34012,14572,48584,8236567,https://cde.ucr.cjis.gov/LATEST/webapp/#/pages/downloads (Law Enforcement Employees Data; file additional-datasets/law-enforcement/lee_1960_2025.csv),2026-09-14
NY0303000,New York,New York,NY,2023,33316,14100,47416,8184044,https://cde.ucr.cjis.gov/LATEST/webapp/#/pages/downloads (Law Enforcement Employees Data; file additional-datasets/law-enforcement/lee_1960_2025.csv),2026-09-14
NY0303000,New York,New York,NY,2024,33307,13497,46804,8299271,https://cde.ucr.cjis.gov/LATEST/webapp/#/pages/downloads (Law Enforcement Employees Data; file additional-datasets/law-enforcement/lee_1960_2025.csv),2026-09-14
NY0435300,Ramapo Town,Ramapo Town,NY,2017,99,22,121,94019,https://cde.ucr.cjis.gov/LATEST/webapp/#/pages/downloads (Law Enforcement Employees Data; file additional-datasets/law-enforcement/lee_1960_2025.csv),2026-09-14
NY0435300,Ramapo Town,Ramapo Town,NY,2019,105,21,126,94633,https://cde.ucr.cjis.gov/LATEST/webapp/#/pages/downloads (Law Enforcement Employees Data; file additional-datasets/law-enforcement/lee_1960_2025.csv),2026-09-14
NY0435300,Ramapo Town,Ramapo Town,NY,2021,101,17,118,96160,https://cde.ucr.cjis.gov/LATEST/webapp/#/pages/downloads (Law Enforcement Employees Data; file additional-datasets/law-enforcement/lee_1960_2025.csv),2026-09-14
NY0435300,Ramapo Town,Ramapo Town,NY,2022,105,19,124,107404,https://cde.ucr.cjis.gov/LATEST/webapp/#/pages/downloads (Law Enforcement Employees Data; file additional-datasets/law-enforcement/lee_1960_2025.csv),2026-09-14
NY0435300,Ramapo Town,Ramapo Town,NY,2023,111,17,128,108558,https://cde.ucr.cjis.gov/LATEST/webapp/#/pages/downloads (Law Enforcement Employees Data; file additional-datasets/law-enforcement/lee_1960_2025.csv),2026-09-14
NY0435300,Ramapo Town,Ramapo Town,NY,2024,110,18,128,110136,https://cde.ucr.cjis.gov/LATEST/webapp/#/pages/downloads (Law Enforcement Employees Data; file additional-datasets/law-enforcement/lee_1960_2025.csv),2026-09-14
NY0270100,Rochester,Rochester,NY,2017,761,128,889,208591,https://cde.ucr.cjis.gov/LATEST/webapp/#/pages/downloads (Law Enforcement Employees Data; file additional-datasets/law-enforcement/lee_1960_2025.csv),2026-09-14
NY0270100,Rochester,Rochester,NY,2018,747,116,863,207701,https://cde.ucr.cjis.gov/LATEST/webapp/#/pages/downloads (Law Enforcement Employees Data; file additional-datasets/law-enforcement/lee_1960_2025.csv),2026-09-14
NY0270100,Rochester,Rochester,NY,2019,738,112,850,205769,https://cde.ucr.cjis.gov/LATEST/webapp/#/pages/downloads (Law Enforcement Employees Data; file additional-datasets/law-enforcement/lee_1960_2025.csv),2026-09-14
NY0270100,Rochester,Rochester,NY,2020,711,99,810,205199,https://cde.ucr.cjis.gov/LATEST/webapp/#/pages/downloads (Law Enforcement Employees Data; file additional-datasets/law-enforcement/lee_1960_2025.csv),2026-09-14
NY0270100,Rochester,Rochester,NY,2021,668,88,756,204735,https://cde.ucr.cjis.gov/LATEST/webapp/#/pages/downloads (Law Enforcement Employees Data; file additional-datasets/law-enforcement/lee_1960_2025.csv),2026-09-14
NY0270100,Rochester,Rochester,NY,2022,663,78,741,210270,https://cde.ucr.cjis.gov/LATEST/webapp/#/pages/downloads (Law Enforcement Employees Data; file additional-datasets/law-enforcement/lee_1960_2025.csv),2026-09-14
NY0270100,Rochester,Rochester,NY,2023,626,89,715,208452,https://cde.ucr.cjis.gov/LATEST/webapp/#/pages/downloads (Law Enforcement Employees Data; file additional-datasets/law-enforcement/lee_1960_2025.csv),2026-09-14
NY0270100,Rochester,Rochester,NY,2024,618,80,698,206093,https://cde.ucr.cjis.gov/LATEST/webapp/#/pages/downloads (Law Enforcement Employees Data; file additional-datasets/law-enforcement/lee_1960_2025.csv),2026-09-14
NY0330100,Syracuse,Syracuse,NY,2017,420,75,495,143069,https://cde.ucr.cjis.gov/LATEST/webapp/#/pages/downloads (Law Enforcement Employees Data; file additional-datasets/law-enforcement/lee_1960_2025.csv),2026-09-14
NY0330100,Syracuse,Syracuse,NY,2018,418,70,488,143129,https://cde.ucr.cjis.gov/LATEST/webapp/#/pages/downloads (Law Enforcement Employees Data; file additional-datasets/law-enforcement/lee_1960_2025.csv),2026-09-14
NY0330100,Syracuse,Syracuse,NY,2019,403,68,471,142438,https://cde.ucr.cjis.gov/LATEST/webapp/#/pages/downloads (Law Enforcement Employees Data; file additional-datasets/law-enforcement/lee_1960_2025.csv),2026-09-14
NY0330100,Syracuse,Syracuse,NY,2020,422,71,493,142011,https://cde.ucr.cjis.gov/LATEST/webapp/#/pages/downloads (Law Enforcement Employees Data; file additional-datasets/law-enforcement/lee_1960_2025.csv),2026-09-14
NY0330100,Syracuse,Syracuse,NY,2021,376,67,443,140847,https://cde.ucr.cjis.gov/LATEST/webapp/#/pages/downloads (Law Enforcement Employees Data; file additional-datasets/law-enforcement/lee_1960_2025.csv),2026-09-14
NY0330100,Syracuse,Syracuse,NY,2022,373,81,454,145179,https://cde.ucr.cjis.gov/LATEST/webapp/#/pages/downloads (Law Enforcement Employees Data; file additional-datasets/law-enforcement/lee_1960_2025.csv),2026-09-14
NY0330100,Syracuse,Syracuse,NY,2023,385,76,461,143295,https://cde.ucr.cjis.gov/LATEST/webapp/#/pages/downloads (Law Enforcement Employees Data; file additional-datasets/law-enforcement/lee_1960_2025.csv),2026-09-14
NY0330100,Syracuse,Syracuse,NY,2024,380,77,457,145175,https://cde.ucr.cjis.gov/LATEST/webapp/#/pages/downloads (Law Enforcement Employees Data; file additional-datasets/law-enforcement/lee_1960_2025.csv),2026-09-14
NY0590700,Yonkers,Yonkers,NY,2017,607,82,689,201554,https://cde.ucr.cjis.gov/LATEST/webapp/#/pages/downloads (Law Enforcement Employees Data; file additional-datasets/law-enforcement/lee_1960_2025.csv),2026-09-14
NY0590700,Yonkers,Yonkers,NY,2018,587,82,669,202827,https://cde.ucr.cjis.gov/LATEST/webapp/#/pages/downloads (Law Enforcement Employees Data; file additional-datasets/law-enforcement/lee_1960_2025.csv),2026-09-14
NY0590700,Yonkers,Yonkers,NY,2019,598,83,681,200075,https://cde.ucr.cjis.gov/LATEST/webapp/#/pages/downloads (Law Enforcement Employees Data; file additional-datasets/law-enforcement/lee_1960_2025.csv),2026-09-14
NY0590700,Yonkers,Yonkers,NY,2020,607,81,688,200816,https://cde.ucr.cjis.gov/LATEST/webapp/#/pages/downloads (Law Enforcement Employees Data; file additional-datasets/law-enforcement/lee_1960_2025.csv),2026-09-14
NY0590700,Yonkers,Yonkers,NY,2021,613,81,694,200397,https://cde.ucr.cjis.gov/LATEST/webapp/#/pages/downloads (Law Enforcement Employees Data; file additional-datasets/law-enforcement/lee_1960_2025.csv),2026-09-14
NY0590700,Yonkers,Yonkers,NY,2022,620,83,703,208100,https://cde.ucr.cjis.gov/LATEST/webapp/#/pages/downloads (Law Enforcement Employees Data; file additional-datasets/law-enforcement/lee_1960_2025.csv),2026-09-14
NY0590700,Yonkers,Yonkers,NY,2023,622,86,708,206702,https://cde.ucr.cjis.gov/LATEST/webapp/#/pages/downloads (Law Enforcement Employees Data; file additional-datasets/law-enforcement/lee_1960_2025.csv),2026-09-14
OH0770100,Akron,Akron,OH,2017,435,34,469,197412,https://cde.ucr.cjis.gov/LATEST/webapp/#/pages/downloads (Law Enforcement Employees Data; file additional-datasets/law-enforcement/lee_1960_2025.csv),2026-09-14
OH0770100,Akron,Akron,OH,2018,442,33,475,197690,https://cde.ucr.cjis.gov/LATEST/webapp/#/pages/downloads (Law Enforcement Employees Data; file additional-datasets/law-enforcement/lee_1960_2025.csv),2026-09-14
OH0770100,Akron,Akron,OH,2021,451,37,488,195701,https://cde.ucr.cjis.gov/LATEST/webapp/#/pages/downloads (Law Enforcement Employees Data; file additional-datasets/law-enforcement/lee_1960_2025.csv),2026-09-14
OH0770100,Akron,Akron,OH,2022,446,38,484,188534,https://cde.ucr.cjis.gov/LATEST/webapp/#/pages/downloads (Law Enforcement Employees Data; file additional-datasets/law-enforcement/lee_1960_2025.csv),2026-09-14
OH0770100,Akron,Akron,OH,2023,451,39,490,187705,https://cde.ucr.cjis.gov/LATEST/webapp/#/pages/downloads (Law Enforcement Employees Data; file additional-datasets/law-enforcement/lee_1960_2025.csv),2026-09-14
OH0770100,Akron,Akron,OH,2024,451,40,491,188223,https://cde.ucr.cjis.gov/LATEST/webapp/#/pages/downloads (Law Enforcement Employees Data; file additional-datasets/law-enforcement/lee_1960_2025.csv),2026-09-14
OHCIP0000,Cincinnati,Cincinnati,OH,2017,1025,249,1274,299116,https://cde.ucr.cjis.gov/LATEST/webapp/#/pages/downloads (Law Enforcement Employees Data; file additional-datasets/law-enforcement/lee_1960_2025.csv),2026-09-14
OHCIP0000,Cincinnati,Cincinnati,OH,2018,1032,135,1167,301952,https://cde.ucr.cjis.gov/LATEST/webapp/#/pages/downloads (Law Enforcement Employees Data; file additional-datasets/law-enforcement/lee_1960_2025.csv),2026-09-14
OHCIP0000,Cincinnati,Cincinnati,OH,2019,1024,133,1157,303335,https://cde.ucr.cjis.gov/LATEST/webapp/#/pages/downloads (Law Enforcement Employees Data; file additional-datasets/law-enforcement/lee_1960_2025.csv),2026-09-14
OHCIP0000,Cincinnati,Cincinnati,OH,2020,1005,119,1124,304724,https://cde.ucr.cjis.gov/LATEST/webapp/#/pages/downloads (Law Enforcement Employees Data; file additional-datasets/law-enforcement/lee_1960_2025.csv),2026-09-14
OHCIP0000,Cincinnati,Cincinnati,OH,2022,986,111,1097,307761,https://cde.ucr.cjis.gov/LATEST/webapp/#/pages/downloads (Law Enforcement Employees Data; file additional-datasets/law-enforcement/lee_1960_2025.csv),2026-09-14
OHCIP0000,Cincinnati,Cincinnati,OH,2023,916,167,1083,309484,https://cde.ucr.cjis.gov/LATEST/webapp/#/pages/downloads (Law Enforcement Employees Data; file additional-datasets/law-enforcement/lee_1960_2025.csv),2026-09-14
OHCIP0000,Cincinnati,Cincinnati,OH,2024,970,135,1105,311599,https://cde.ucr.cjis.gov/LATEST/webapp/#/pages/downloads (Law Enforcement Employees Data; file additional-datasets/law-enforcement/lee_1960_2025.csv),2026-09-14
OHCLP0000,Cleveland,Cleveland,OH,2018,1462,213,1675,384666,https://cde.ucr.cjis.gov/LATEST/webapp/#/pages/downloads (Law Enforcement Employees Data; file additional-datasets/law-enforcement/lee_1960_2025.csv),2026-09-14
OHCLP0000,Cleveland,Cleveland,OH,2019,1560,225,1785,381829,https://cde.ucr.cjis.gov/LATEST/webapp/#/pages/downloads (Law Enforcement Employees Data; file additional-datasets/law-enforcement/lee_1960_2025.csv),2026-09-14
OHCLP0000,Cleveland,Cleveland,OH,2020,1546,242,1788,379121,https://cde.ucr.cjis.gov/LATEST/webapp/#/pages/downloads (Law Enforcement Employees Data; file additional-datasets/law-enforcement/lee_1960_2025.csv),2026-09-14
OHCLP0000,Cleveland,Cleveland,OH,2021,1475,221,1696,379313,https://cde.ucr.cjis.gov/LATEST/webapp/#/pages/downloads (Law Enforcement Employees Data; file additional-datasets/law-enforcement/lee_1960_2025.csv),2026-09-14
OHCLP0000,Cleveland,Cleveland,OH,2022,1308,201,1509,363764,https://cde.ucr.cjis.gov/LATEST/webapp/#/pages/downloads (Law Enforcement Employees Data; file additional-datasets/law-enforcement/lee_1960_2025.csv),2026-09-14
OHCLP0000,Cleveland,Cleveland,OH,2023,1175,205,1380,358146,https://cde.ucr.cjis.gov/LATEST/webapp/#/pages/downloads (Law Enforcement Employees Data; file additional-datasets/law-enforcement/lee_1960_2025.csv),2026-09-14
OHCLP0000,Cleveland,Cleveland,OH,2024,1113,201,1314,362762,https://cde.ucr.cjis.gov/LATEST/webapp/#/pages/downloads (Law Enforcement Employees Data; file additional-datasets/law-enforcement/lee_1960_2025.csv),2026-09-14
OHCOP0000,Columbus,Columbus,OH,2017,1551,386,1937,872205,https://cde.ucr.cjis.gov/LATEST/webapp/#/pages/downloads (Law Enforcement Employees Data; file additional-datasets/law-enforcement/lee_1960_2025.csv),2026-09-14
OHCOP0000,Columbus,Columbus,OH,2018,1870,385,2255,892576,https://cde.ucr.cjis.gov/LATEST/webapp/#/pages/downloads (Law Enforcement Employees Data; file additional-datasets/law-enforcement/lee_1960_2025.csv),2026-09-14
OHCOP0000,Columbus,Columbus,OH,2020,1897,380,2277,911383,https://cde.ucr.cjis.gov/LATEST/webapp/#/pages/downloads (Law Enforcement Employees Data; file additional-datasets/law-enforcement/lee_1960_2025.csv),2026-09-14
OHCOP0000,Columbus,Columbus,OH,2022,1716,380,2096,907196,https://cde.ucr.cjis.gov/LATEST/webapp/#/pages/downloads (Law Enforcement Employees Data; file additional-datasets/law-enforcement/lee_1960_2025.csv),2026-09-14
OHCOP0000,Columbus,Columbus,OH,2023,1811,466,2277,908834,https://cde.ucr.cjis.gov/LATEST/webapp/#/pages/downloads (Law Enforcement Employees Data; file additional-datasets/law-enforcement/lee_1960_2025.csv),2026-09-14
OHCOP0000,Columbus,Columbus,OH,2024,1870,272,2142,915447,https://cde.ucr.cjis.gov/LATEST/webapp/#/pages/downloads (Law Enforcement Employees Data; file additional-datasets/law-enforcement/lee_1960_2025.csv),2026-09-14
OH0570200,Dayton,Dayton,OH,2018,358,66,424,140094,https://cde.ucr.cjis.gov/LATEST/webapp/#/pages/downloads (Law Enforcement Employees Data; file additional-datasets/law-enforcement/lee_1960_2025.csv),2026-09-14
OH0570200,Dayton,Dayton,OH,2019,363,63,426,140427,https://cde.ucr.cjis.gov/LATEST/webapp/#/pages/downloads (Law Enforcement Employees Data; file additional-datasets/law-enforcement/lee_1960_2025.csv),2026-09-14
OH0570200,Dayton,Dayton,OH,2021,355,40,395,139671,https://cde.ucr.cjis.gov/LATEST/webapp/#/pages/downloads (Law Enforcement Employees Data; file additional-datasets/law-enforcement/lee_1960_2025.csv),2026-09-14
OH0570200,Dayton,Dayton,OH,2022,346,60,406,137084,https://cde.ucr.cjis.gov/LATEST/webapp/#/pages/downloads (Law Enforcement Employees Data; file additional-datasets/law-enforcement/lee_1960_2025.csv),2026-09-14
OH0570200,Dayton,Dayton,OH,2023,325,58,383,135181,https://cde.ucr.cjis.gov/LATEST/webapp/#/pages/downloads (Law Enforcement Employees Data; file additional-datasets/law-enforcement/lee_1960_2025.csv),2026-09-14
OH0570200,Dayton,Dayton,OH,2024,332,45,377,134857,https://cde.ucr.cjis.gov/LATEST/webapp/#/pages/downloads (Law Enforcement Employees Data; file additional-datasets/law-enforcement/lee_1960_2025.csv),2026-09-14
OH0480700,Toledo,Toledo,OH,2017,587,101,688,277116,https://cde.ucr.cjis.gov/LATEST/webapp/#/pages/downloads (Law Enforcement Employees Data; file additional-datasets/law-enforcement/lee_1960_2025.csv),2026-09-14
OH0480700,Toledo,Toledo,OH,2018,590,96,686,275023,https://cde.ucr.cjis.gov/LATEST/webapp/#/pages/downloads (Law Enforcement Employees Data; file additional-datasets/law-enforcement/lee_1960_2025.csv),2026-09-14
OH0480700,Toledo,Toledo,OH,2019,637,58,695,273505,https://cde.ucr.cjis.gov/LATEST/webapp/#/pages/downloads (Law Enforcement Employees Data; file additional-datasets/law-enforcement/lee_1960_2025.csv),2026-09-14
OH0480700,Toledo,Toledo,OH,2020,609,73,682,271237,https://cde.ucr.cjis.gov/LATEST/webapp/#/pages/downloads (Law Enforcement Employees Data; file additional-datasets/law-enforcement/lee_1960_2025.csv),2026-09-14
OH0480700,Toledo,Toledo,OH,2021,580,52,632,269941,https://cde.ucr.cjis.gov/LATEST/webapp/#/pages/downloads (Law Enforcement Employees Data; file additional-datasets/law-enforcement/lee_1960_2025.csv),2026-09-14
OH0480700,Toledo,Toledo,OH,2022,591,57,648,266984,https://cde.ucr.cjis.gov/LATEST/webapp/#/pages/downloads (Law Enforcement Employees Data; file additional-datasets/law-enforcement/lee_1960_2025.csv),2026-09-14
OH0480700,Toledo,Toledo,OH,2023,596,59,655,264341,https://cde.ucr.cjis.gov/LATEST/webapp/#/pages/downloads (Law Enforcement Employees Data; file additional-datasets/law-enforcement/lee_1960_2025.csv),2026-09-14
OH0480700,Toledo,Toledo,OH,2024,587,63,650,263668,https://cde.ucr.cjis.gov/LATEST/webapp/#/pages/downloads (Law Enforcement Employees Data; file additional-datasets/law-enforcement/lee_1960_2025.csv),2026-09-14
OK0720100,Broken Arrow,Broken Arrow,OK,2017,131,53,184,108823,https://cde.ucr.cjis.gov/LATEST/webapp/#/pages/downloads (Law Enforcement Employees Data; file additional-datasets/law-enforcement/lee_1960_2025.csv),2026-09-14
OK0720100,Broken Arrow,Broken Arrow,OK,2018,146,52,198,109663,https://cde.ucr.cjis.gov/LATEST/webapp/#/pages/downloads (Law Enforcement Employees Data; file additional-datasets/law-enforcement/lee_1960_2025.csv),2026-09-14
OK0720100,Broken Arrow,Broken Arrow,OK,2019,152,53,205,110480,https://cde.ucr.cjis.gov/LATEST/webapp/#/pages/downloads (Law Enforcement Employees Data; file additional-datasets/law-enforcement/lee_1960_2025.csv),2026-09-14
OK0720100,Broken Arrow,Broken Arrow,OK,2020,148,53,201,111488,https://cde.ucr.cjis.gov/LATEST/webapp/#/pages/downloads (Law Enforcement Employees Data; file additional-datasets/law-enforcement/lee_1960_2025.csv),2026-09-14
OK0720100,Broken Arrow,Broken Arrow,OK,2021,151,62,213,112990,https://cde.ucr.cjis.gov/LATEST/webapp/#/pages/downloads (Law Enforcement Employees Data; file additional-datasets/law-enforcement/lee_1960_2025.csv),2026-09-14
OK0720100,Broken Arrow,Broken Arrow,OK,2022,155,57,212,118683,https://cde.ucr.cjis.gov/LATEST/webapp/#/pages/downloads (Law Enforcement Employees Data; file additional-datasets/law-enforcement/lee_1960_2025.csv),2026-09-14
OK0720100,Broken Arrow,Broken Arrow,OK,2023,166,59,225,119959,https://cde.ucr.cjis.gov/LATEST/webapp/#/pages/downloads (Law Enforcement Employees Data; file additional-datasets/law-enforcement/lee_1960_2025.csv),2026-09-14
OK0720100,Broken Arrow,Broken Arrow,OK,2024,162,64,226,121004,https://cde.ucr.cjis.gov/LATEST/webapp/#/pages/downloads (Law Enforcement Employees Data; file additional-datasets/law-enforcement/lee_1960_2025.csv),2026-09-14
OK0550300,Edmond,Edmond,OK,2017,115,38,153,92876,https://cde.ucr.cjis.gov/LATEST/webapp/#/pages/downloads (Law Enforcement Employees Data; file additional-datasets/law-enforcement/lee_1960_2025.csv),2026-09-14
OK0550300,Edmond,Edmond,OK,2018,127,39,166,93557,https://cde.ucr.cjis.gov/LATEST/webapp/#/pages/downloads (Law Enforcement Employees Data; file additional-datasets/law-enforcement/lee_1960_2025.csv),2026-09-14
OK0550300,Edmond,Edmond,OK,2019,122,35,157,94699,https://cde.ucr.cjis.gov/LATEST/webapp/#/pages/downloads (Law Enforcement Employees Data; file additional-datasets/law-enforcement/lee_1960_2025.csv),2026-09-14
OK0550300,Edmond,Edmond,OK,2020,117,37,154,95571,https://cde.ucr.cjis.gov/LATEST/webapp/#/pages/downloads (Law Enforcement Employees Data; file additional-datasets/law-enforcement/lee_1960_2025.csv),2026-09-14
OK0550300,Edmond,Edmond,OK,2021,121,37,158,96861,https://cde.ucr.cjis.gov/LATEST/webapp/#/pages/downloads (Law Enforcement Employees Data; file additional-datasets/law-enforcement/lee_1960_2025.csv),2026-09-14
OK0550300,Edmond,Edmond,OK,2022,126,42,168,95946,https://cde.ucr.cjis.gov/LATEST/webapp/#/pages/downloads (Law Enforcement Employees Data; file additional-datasets/law-enforcement/lee_1960_2025.csv),2026-09-14
OK0550300,Edmond,Edmond,OK,2023,123,43,166,97063,https://cde.ucr.cjis.gov/LATEST/webapp/#/pages/downloads (Law Enforcement Employees Data; file additional-datasets/law-enforcement/lee_1960_2025.csv),2026-09-14
OK0550300,Edmond,Edmond,OK,2024,126,56,182,99249,https://cde.ucr.cjis.gov/LATEST/webapp/#/pages/downloads (Law Enforcement Employees Data; file additional-datasets/law-enforcement/lee_1960_2025.csv),2026-09-14
OK0160100,Lawton,Lawton,OK,2017,182,57,239,94134,https://cde.ucr.cjis.gov/LATEST/webapp/#/pages/downloads (Law Enforcement Employees Data; file additional-datasets/law-enforcement/lee_1960_2025.csv),2026-09-14
OK0160100,Lawton,Lawton,OK,2018,189,89,278,93140,https://cde.ucr.cjis.gov/LATEST/webapp/#/pages/downloads (Law Enforcement Employees Data; file additional-datasets/law-enforcement/lee_1960_2025.csv),2026-09-14
OK0160100,Lawton,Lawton,OK,2019,190,32,222,92256,https://cde.ucr.cjis.gov/LATEST/webapp/#/pages/downloads (Law Enforcement Employees Data; file additional-datasets/law-enforcement/lee_1960_2025.csv),2026-09-14
OK0160100,Lawton,Lawton,OK,2020,170,38,208,92507,https://cde.ucr.cjis.gov/LATEST/webapp/#/pages/downloads (Law Enforcement Employees Data; file additional-datasets/law-enforcement/lee_1960_2025.csv),2026-09-14
OK0160100,Lawton,Lawton,OK,2021,165,44,209,92711,https://cde.ucr.cjis.gov/LATEST/webapp/#/pages/downloads (Law Enforcement Employees Data; file additional-datasets/law-enforcement/lee_1960_2025.csv),2026-09-14
OK0160100,Lawton,Lawton,OK,2022,165,50,215,91596,https://cde.ucr.cjis.gov/LATEST/webapp/#/pages/downloads (Law Enforcement Employees Data; file additional-datasets/law-enforcement/lee_1960_2025.csv),2026-09-14
OK0160100,Lawton,Lawton,OK,2023,163,40,203,92137,https://cde.ucr.cjis.gov/LATEST/webapp/#/pages/downloads (Law Enforcement Employees Data; file additional-datasets/law-enforcement/lee_1960_2025.csv),2026-09-14
OK0160100,Lawton,Lawton,OK,2024,163,40,203,90209,https://cde.ucr.cjis.gov/LATEST/webapp/#/pages/downloads (Law Enforcement Employees Data; file additional-datasets/law-enforcement/lee_1960_2025.csv),2026-09-14
OK0140200,Norman,Norman,OK,2017,168,63,231,124074,https://cde.ucr.cjis.gov/LATEST/webapp/#/pages/downloads (Law Enforcement Employees Data; file additional-datasets/law-enforcement/lee_1960_2025.csv),2026-09-14
OK0140200,Norman,Norman,OK,2018,176,63,239,124577,https://cde.ucr.cjis.gov/LATEST/webapp/#/pages/downloads (Law Enforcement Employees Data; file additional-datasets/law-enforcement/lee_1960_2025.csv),2026-09-14
OK0140200,Norman,Norman,OK,2019,179,63,242,125076,https://cde.ucr.cjis.gov/LATEST/webapp/#/pages/downloads (Law Enforcement Employees Data; file additional-datasets/law-enforcement/lee_1960_2025.csv),2026-09-14
OK0140200,Norman,Norman,OK,2020,164,66,230,126480,https://cde.ucr.cjis.gov/LATEST/webapp/#/pages/downloads (Law Enforcement Employees Data; file additional-datasets/law-enforcement/lee_1960_2025.csv),2026-09-14
OK0140200,Norman,Norman,OK,2021,162,63,225,127304,https://cde.ucr.cjis.gov/LATEST/webapp/#/pages/downloads (Law Enforcement Employees Data; file additional-datasets/law-enforcement/lee_1960_2025.csv),2026-09-14
OK0140200,Norman,Norman,OK,2022,159,62,221,128878,https://cde.ucr.cjis.gov/LATEST/webapp/#/pages/downloads (Law Enforcement Employees Data; file additional-datasets/law-enforcement/lee_1960_2025.csv),2026-09-14
OK0140200,Norman,Norman,OK,2023,165,68,233,130366,https://cde.ucr.cjis.gov/LATEST/webapp/#/pages/downloads (Law Enforcement Employees Data; file additional-datasets/law-enforcement/lee_1960_2025.csv),2026-09-14
OK0140200,Norman,Norman,OK,2024,173,72,245,130681,https://cde.ucr.cjis.gov/LATEST/webapp/#/pages/downloads (Law Enforcement Employees Data; file additional-datasets/law-enforcement/lee_1960_2025.csv),2026-09-14
OK0550600,Oklahoma City,Oklahoma City,OK,2017,1088,280,1368,648260,https://cde.ucr.cjis.gov/LATEST/webapp/#/pages/downloads (Law Enforcement Employees Data; file additional-datasets/law-enforcement/lee_1960_2025.csv),2026-09-14
OK0550600,Oklahoma City,Oklahoma City,OK,2018,1102,280,1382,652936,https://cde.ucr.cjis.gov/LATEST/webapp/#/pages/downloads (Law Enforcement Employees Data; file additional-datasets/law-enforcement/lee_1960_2025.csv),2026-09-14
OK0550600,Oklahoma City,Oklahoma City,OK,2019,1173,282,1455,657890,https://cde.ucr.cjis.gov/LATEST/webapp/#/pages/downloads (Law Enforcement Employees Data; file additional-datasets/law-enforcement/lee_1960_2025.csv),2026-09-14
OK0550600,Oklahoma City,Oklahoma City,OK,2020,1161,282,1443,663661,https://cde.ucr.cjis.gov/LATEST/webapp/#/pages/downloads (Law Enforcement Employees Data; file additional-datasets/law-enforcement/lee_1960_2025.csv),2026-09-14
OK0550600,Oklahoma City,Oklahoma City,OK,2021,1105,273,1378,670872,https://cde.ucr.cjis.gov/LATEST/webapp/#/pages/downloads (Law Enforcement Employees Data; file additional-datasets/law-enforcement/lee_1960_2025.csv),2026-09-14
OK0550600,Oklahoma City,Oklahoma City,OK,2022,1089,286,1375,692726,https://cde.ucr.cjis.gov/LATEST/webapp/#/pages/downloads (Law Enforcement Employees Data; file additional-datasets/law-enforcement/lee_1960_2025.csv),2026-09-14
OK0550600,Oklahoma City,Oklahoma City,OK,2023,1078,302,1380,700764,https://cde.ucr.cjis.gov/LATEST/webapp/#/pages/downloads (Law Enforcement Employees Data; file additional-datasets/law-enforcement/lee_1960_2025.csv),2026-09-14
OK0550600,Oklahoma City,Oklahoma City,OK,2024,1070,343,1413,709456,https://cde.ucr.cjis.gov/LATEST/webapp/#/pages/downloads (Law Enforcement Employees Data; file additional-datasets/law-enforcement/lee_1960_2025.csv),2026-09-14
OK0720500,Tulsa,Tulsa,OK,2017,777,169,946,404868,https://cde.ucr.cjis.gov/LATEST/webapp/#/pages/downloads (Law Enforcement Employees Data; file additional-datasets/law-enforcement/lee_1960_2025.csv),2026-09-14
OK0720500,Tulsa,Tulsa,OK,2018,807,180,987,403147,https://cde.ucr.cjis.gov/LATEST/webapp/#/pages/downloads (Law Enforcement Employees Data; file additional-datasets/law-enforcement/lee_1960_2025.csv),2026-09-14
OK0720500,Tulsa,Tulsa,OK,2019,842,195,1037,401700,https://cde.ucr.cjis.gov/LATEST/webapp/#/pages/downloads (Law Enforcement Employees Data; file additional-datasets/law-enforcement/lee_1960_2025.csv),2026-09-14
OK0720500,Tulsa,Tulsa,OK,2020,819,215,1034,402166,https://cde.ucr.cjis.gov/LATEST/webapp/#/pages/downloads (Law Enforcement Employees Data; file additional-datasets/law-enforcement/lee_1960_2025.csv),2026-09-14
OK0720500,Tulsa,Tulsa,OK,2021,801,207,1008,404255,https://cde.ucr.cjis.gov/LATEST/webapp/#/pages/downloads (Law Enforcement Employees Data; file additional-datasets/law-enforcement/lee_1960_2025.csv),2026-09-14
OK0720500,Tulsa,Tulsa,OK,2022,824,191,1015,410135,https://cde.ucr.cjis.gov/LATEST/webapp/#/pages/downloads (Law Enforcement Employees Data; file additional-datasets/law-enforcement/lee_1960_2025.csv),2026-09-14
OK0720500,Tulsa,Tulsa,OK,2023,812,213,1025,411002,https://cde.ucr.cjis.gov/LATEST/webapp/#/pages/downloads (Law Enforcement Employees Data; file additional-datasets/law-enforcement/lee_1960_2025.csv),2026-09-14
OK0720500,Tulsa,Tulsa,OK,2024,817,227,1044,411310,https://cde.ucr.cjis.gov/LATEST/webapp/#/pages/downloads (Law Enforcement Employees Data; file additional-datasets/law-enforcement/lee_1960_2025.csv),2026-09-14
OR0340100,Beaverton,Beaverton,OR,2017,139,40,179,98897,https://cde.ucr.cjis.gov/LATEST/webapp/#/pages/downloads (Law Enforcement Employees Data; file additional-datasets/law-enforcement/lee_1960_2025.csv),2026-09-14
OR0340100,Beaverton,Beaverton,OR,2018,142,41,183,98616,https://cde.ucr.cjis.gov/LATEST/webapp/#/pages/downloads (Law Enforcement Employees Data; file additional-datasets/law-enforcement/lee_1960_2025.csv),2026-09-14
OR0340100,Beaverton,Beaverton,OR,2019,142,41,183,100130,https://cde.ucr.cjis.gov/LATEST/webapp/#/pages/downloads (Law Enforcement Employees Data; file additional-datasets/law-enforcement/lee_1960_2025.csv),2026-09-14
OR0340100,Beaverton,Beaverton,OR,2020,131,45,176,100085,https://cde.ucr.cjis.gov/LATEST/webapp/#/pages/downloads (Law Enforcement Employees Data; file additional-datasets/law-enforcement/lee_1960_2025.csv),2026-09-14
OR0340100,Beaverton,Beaverton,OR,2021,131,44,175,99886,https://cde.ucr.cjis.gov/LATEST/webapp/#/pages/downloads (Law Enforcement Employees Data; file additional-datasets/law-enforcement/lee_1960_2025.csv),2026-09-14
OR0340100,Beaverton,Beaverton,OR,2022,136,41,177,98991,https://cde.ucr.cjis.gov/LATEST/webapp/#/pages/downloads (Law Enforcement Employees Data; file additional-datasets/law-enforcement/lee_1960_2025.csv),2026-09-14
OR0340100,Beaverton,Beaverton,OR,2023,139,40,179,96840,https://cde.ucr.cjis.gov/LATEST/webapp/#/pages/downloads (Law Enforcement Employees Data; file additional-datasets/law-enforcement/lee_1960_2025.csv),2026-09-14
OR0340100,Beaverton,Beaverton,OR,2024,133,37,170,96762,https://cde.ucr.cjis.gov/LATEST/webapp/#/pages/downloads (Law Enforcement Employees Data; file additional-datasets/law-enforcement/lee_1960_2025.csv),2026-09-14
OR0090100,Bend,Bend,OR,2017,96,27,123,93786,https://cde.ucr.cjis.gov/LATEST/webapp/#/pages/downloads (Law Enforcement Employees Data; file additional-datasets/law-enforcement/lee_1960_2025.csv),2026-09-14
OR0090100,Bend,Bend,OR,2018,101,32,133,97403,https://cde.ucr.cjis.gov/LATEST/webapp/#/pages/downloads (Law Enforcement Employees Data; file additional-datasets/law-enforcement/lee_1960_2025.csv),2026-09-14
OR0090100,Bend,Bend,OR,2019,101,32,133,100588,https://cde.ucr.cjis.gov/LATEST/webapp/#/pages/downloads (Law Enforcement Employees Data; file additional-datasets/law-enforcement/lee_1960_2025.csv),2026-09-14
OR0090100,Bend,Bend,OR,2020,97,34,131,103485,https://cde.ucr.cjis.gov/LATEST/webapp/#/pages/downloads (Law Enforcement Employees Data; file additional-datasets/law-enforcement/lee_1960_2025.csv),2026-09-14
OR0090100,Bend,Bend,OR,2021,97,35,132,104833,https://cde.ucr.cjis.gov/LATEST/webapp/#/pages/downloads (Law Enforcement Employees Data; file additional-datasets/law-enforcement/lee_1960_2025.csv),2026-09-14
OR0090100,Bend,Bend,OR,2022,99,34,133,104649,https://cde.ucr.cjis.gov/LATEST/webapp/#/pages/downloads (Law Enforcement Employees Data; file additional-datasets/law-enforcement/lee_1960_2025.csv),2026-09-14
OR0090100,Bend,Bend,OR,2023,105,30,135,105099,https://cde.ucr.cjis.gov/LATEST/webapp/#/pages/downloads (Law Enforcement Employees Data; file additional-datasets/law-enforcement/lee_1960_2025.csv),2026-09-14
OR0090100,Bend,Bend,OR,2024,101,39,140,106241,https://cde.ucr.cjis.gov/LATEST/webapp/#/pages/downloads (Law Enforcement Employees Data; file additional-datasets/law-enforcement/lee_1960_2025.csv),2026-09-14
OR0200200,Eugene,Eugene,OR,2017,188,119,307,168310,https://cde.ucr.cjis.gov/LATEST/webapp/#/pages/downloads (Law Enforcement Employees Data; file additional-datasets/law-enforcement/lee_1960_2025.csv),2026-09-14
OR0200200,Eugene,Eugene,OR,2018,181,125,306,170771,https://cde.ucr.cjis.gov/LATEST/webapp/#/pages/downloads (Law Enforcement Employees Data; file additional-datasets/law-enforcement/lee_1960_2025.csv),2026-09-14
OR0200200,Eugene,Eugene,OR,2019,181,125,306,173183,https://cde.ucr.cjis.gov/LATEST/webapp/#/pages/downloads (Law Enforcement Employees Data; file additional-datasets/law-enforcement/lee_1960_2025.csv),2026-09-14
OR0200200,Eugene,Eugene,OR,2020,197,120,317,174513,https://cde.ucr.cjis.gov/LATEST/webapp/#/pages/downloads (Law Enforcement Employees Data; file additional-datasets/law-enforcement/lee_1960_2025.csv),2026-09-14
OR0200200,Eugene,Eugene,OR,2021,187,115,302,175007,https://cde.ucr.cjis.gov/LATEST/webapp/#/pages/downloads (Law Enforcement Employees Data; file additional-datasets/law-enforcement/lee_1960_2025.csv),2026-09-14
OR0200200,Eugene,Eugene,OR,2022,197,120,317,175390,https://cde.ucr.cjis.gov/LATEST/webapp/#/pages/downloads (Law Enforcement Employees Data; file additional-datasets/law-enforcement/lee_1960_2025.csv),2026-09-14
OR0200200,Eugene,Eugene,OR,2023,200,130,330,178191,https://cde.ucr.cjis.gov/LATEST/webapp/#/pages/downloads (Law Enforcement Employees Data; file additional-datasets/law-enforcement/lee_1960_2025.csv),2026-09-14
OR0200200,Eugene,Eugene,OR,2024,197,120,317,178057,https://cde.ucr.cjis.gov/LATEST/webapp/#/pages/downloads (Law Enforcement Employees Data; file additional-datasets/law-enforcement/lee_1960_2025.csv),2026-09-14
OR0260100,Gresham,Gresham,OR,2017,125,30,155,112466,https://cde.ucr.cjis.gov/LATEST/webapp/#/pages/downloads (Law Enforcement Employees Data; file additional-datasets/law-enforcement/lee_1960_2025.csv),2026-09-14
OR0260100,Gresham,Gresham,OR,2018,132,31,163,111797,https://cde.ucr.cjis.gov/LATEST/webapp/#/pages/downloads (Law Enforcement Employees Data; file additional-datasets/law-enforcement/lee_1960_2025.csv),2026-09-14
OR0260100,Gresham,Gresham,OR,2019,130,31,161,110692,https://cde.ucr.cjis.gov/LATEST/webapp/#/pages/downloads (Law Enforcement Employees Data; file additional-datasets/law-enforcement/lee_1960_2025.csv),2026-09-14
OR0260100,Gresham,Gresham,OR,2020,127,28,155,109767,https://cde.ucr.cjis.gov/LATEST/webapp/#/pages/downloads (Law Enforcement Employees Data; file additional-datasets/law-enforcement/lee_1960_2025.csv),2026-09-14
OR0260100,Gresham,Gresham,OR,2021,115,26,141,110448,https://cde.ucr.cjis.gov/LATEST/webapp/#/pages/downloads (Law Enforcement Employees Data; file additional-datasets/law-enforcement/lee_1960_2025.csv),2026-09-14
OR0260100,Gresham,Gresham,OR,2022,113,33,146,111590,https://cde.ucr.cjis.gov/LATEST/webapp/#/pages/downloads (Law Enforcement Employees Data; file additional-datasets/law-enforcement/lee_1960_2025.csv),2026-09-14
OR0260100,Gresham,Gresham,OR,2023,118,23,141,110225,https://cde.ucr.cjis.gov/LATEST/webapp/#/pages/downloads (Law Enforcement Employees Data; file additional-datasets/law-enforcement/lee_1960_2025.csv),2026-09-14
OR0260100,Gresham,Gresham,OR,2024,118,40,158,109452,https://cde.ucr.cjis.gov/LATEST/webapp/#/pages/downloads (Law Enforcement Employees Data; file additional-datasets/law-enforcement/lee_1960_2025.csv),2026-09-14
OR0340300,Hillsboro,Hillsboro,OR,2017,130,47,177,107433,https://cde.ucr.cjis.gov/LATEST/webapp/#/pages/downloads (Law Enforcement Employees Data; file additional-datasets/law-enforcement/lee_1960_2025.csv),2026-09-14
OR0340300,Hillsboro,Hillsboro,OR,2018,135,47,182,109121,https://cde.ucr.cjis.gov/LATEST/webapp/#/pages/downloads (Law Enforcement Employees Data; file additional-datasets/law-enforcement/lee_1960_2025.csv),2026-09-14
OR0340300,Hillsboro,Hillsboro,OR,2019,134,48,182,110549,https://cde.ucr.cjis.gov/LATEST/webapp/#/pages/downloads (Law Enforcement Employees Data; file additional-datasets/law-enforcement/lee_1960_2025.csv),2026-09-14
OR0340300,Hillsboro,Hillsboro,OR,2020,135,50,185,111146,https://cde.ucr.cjis.gov/LATEST/webapp/#/pages/downloads (Law Enforcement Employees Data; file additional-datasets/law-enforcement/lee_1960_2025.csv),2026-09-14
OR0340300,Hillsboro,Hillsboro,OR,2021,134,48,182,113053,https://cde.ucr.cjis.gov/LATEST/webapp/#/pages/downloads (Law Enforcement Employees Data; file additional-datasets/law-enforcement/lee_1960_2025.csv),2026-09-14
OR0340300,Hillsboro,Hillsboro,OR,2022,132,45,177,106345,https://cde.ucr.cjis.gov/LATEST/webapp/#/pages/downloads (Law Enforcement Employees Data; file additional-datasets/law-enforcement/lee_1960_2025.csv),2026-09-14
OR0340300,Hillsboro,Hillsboro,OR,2023,129,49,178,107459,https://cde.ucr.cjis.gov/LATEST/webapp/#/pages/downloads (Law Enforcement Employees Data; file additional-datasets/law-enforcement/lee_1960_2025.csv),2026-09-14
OR0340300,Hillsboro,Hillsboro,OR,2024,133,50,183,107978,https://cde.ucr.cjis.gov/LATEST/webapp/#/pages/downloads (Law Enforcement Employees Data; file additional-datasets/law-enforcement/lee_1960_2025.csv),2026-09-14
OR0260200,Portland,Portland,OR,2017,925,249,1174,649408,https://cde.ucr.cjis.gov/LATEST/webapp/#/pages/downloads (Law Enforcement Employees Data; file additional-datasets/law-enforcement/lee_1960_2025.csv),2026-09-14
OR0260200,Portland,Portland,OR,2018,922,255,1177,657260,https://cde.ucr.cjis.gov/LATEST/webapp/#/pages/downloads (Law Enforcement Employees Data; file additional-datasets/law-enforcement/lee_1960_2025.csv),2026-09-14
OR0260200,Portland,Portland,OR,2019,889,268,1157,662114,https://cde.ucr.cjis.gov/LATEST/webapp/#/pages/downloads (Law Enforcement Employees Data; file additional-datasets/law-enforcement/lee_1960_2025.csv),2026-09-14
OR0260200,Portland,Portland,OR,2020,873,259,1132,662941,https://cde.ucr.cjis.gov/LATEST/webapp/#/pages/downloads (Law Enforcement Employees Data; file additional-datasets/law-enforcement/lee_1960_2025.csv),2026-09-14
OR0260200,Portland,Portland,OR,2021,791,249,1040,664350,https://cde.ucr.cjis.gov/LATEST/webapp/#/pages/downloads (Law Enforcement Employees Data; file additional-datasets/law-enforcement/lee_1960_2025.csv),2026-09-14
OR0260200,Portland,Portland,OR,2022,791,250,1041,630129,https://cde.ucr.cjis.gov/LATEST/webapp/#/pages/downloads (Law Enforcement Employees Data; file additional-datasets/law-enforcement/lee_1960_2025.csv),2026-09-14
OR0260200,Portland,Portland,OR,2023,804,298,1102,626146,https://cde.ucr.cjis.gov/LATEST/webapp/#/pages/downloads (Law Enforcement Employees Data; file additional-datasets/law-enforcement/lee_1960_2025.csv),2026-09-14
OR0260200,Portland,Portland,OR,2024,798,301,1099,623066,https://cde.ucr.cjis.gov/LATEST/webapp/#/pages/downloads (Law Enforcement Employees Data; file additional-datasets/law-enforcement/lee_1960_2025.csv),2026-09-14
OR0240200,Salem,Salem,OR,2017,189,148,337,169565,https://cde.ucr.cjis.gov/LATEST/webapp/#/pages/downloads (Law Enforcement Employees Data; file additional-datasets/law-enforcement/lee_1960_2025.csv),2026-09-14
OR0240200,Salem,Salem,OR,2018,190,128,318,172022,https://cde.ucr.cjis.gov/LATEST/webapp/#/pages/downloads (Law Enforcement Employees Data; file additional-datasets/law-enforcement/lee_1960_2025.csv),2026-09-14
OR0240200,Salem,Salem,OR,2019,183,139,322,175867,https://cde.ucr.cjis.gov/LATEST/webapp/#/pages/downloads (Law Enforcement Employees Data; file additional-datasets/law-enforcement/lee_1960_2025.csv),2026-09-14
OR0240200,Salem,Salem,OR,2020,189,147,336,176632,https://cde.ucr.cjis.gov/LATEST/webapp/#/pages/downloads (Law Enforcement Employees Data; file additional-datasets/law-enforcement/lee_1960_2025.csv),2026-09-14
OR0240200,Salem,Salem,OR,2021,180,65,245,178106,https://cde.ucr.cjis.gov/LATEST/webapp/#/pages/downloads (Law Enforcement Employees Data; file additional-datasets/law-enforcement/lee_1960_2025.csv),2026-09-14
OR0240200,Salem,Salem,OR,2022,176,45,221,179661,https://cde.ucr.cjis.gov/LATEST/webapp/#/pages/downloads (Law Enforcement Employees Data; file additional-datasets/law-enforcement/lee_1960_2025.csv),2026-09-14
OR0240200,Salem,Salem,OR,2023,180,53,233,178276,https://cde.ucr.cjis.gov/LATEST/webapp/#/pages/downloads (Law Enforcement Employees Data; file additional-datasets/law-enforcement/lee_1960_2025.csv),2026-09-14
OR0240200,Salem,Salem,OR,2024,185,47,232,177936,https://cde.ucr.cjis.gov/LATEST/webapp/#/pages/downloads (Law Enforcement Employees Data; file additional-datasets/law-enforcement/lee_1960_2025.csv),2026-09-14
PA0390100,Allentown,Allentown,PA,2017,212,22,234,120823,https://cde.ucr.cjis.gov/LATEST/webapp/#/pages/downloads (Law Enforcement Employees Data; file additional-datasets/law-enforcement/lee_1960_2025.csv),2026-09-14
PA0390100,Allentown,Allentown,PA,2018,211,21,232,121743,https://cde.ucr.cjis.gov/LATEST/webapp/#/pages/downloads (Law Enforcement Employees Data; file additional-datasets/law-enforcement/lee_1960_2025.csv),2026-09-14
PA0390100,Allentown,Allentown,PA,2019,214,22,236,121855,https://cde.ucr.cjis.gov/LATEST/webapp/#/pages/downloads (Law Enforcement Employees Data; file additional-datasets/law-enforcement/lee_1960_2025.csv),2026-09-14
PA0390100,Allentown,Allentown,PA,2020,214,20,234,121818,https://cde.ucr.cjis.gov/LATEST/webapp/#/pages/downloads (Law Enforcement Employees Data; file additional-datasets/law-enforcement/lee_1960_2025.csv),2026-09-14
PA0390100,Allentown,Allentown,PA,2021,216,21,237,121819,https://cde.ucr.cjis.gov/LATEST/webapp/#/pages/downloads (Law Enforcement Employees Data; file additional-datasets/law-enforcement/lee_1960_2025.csv),2026-09-14
PA0390100,Allentown,Allentown,PA,2022,216,19,235,125917,https://cde.ucr.cjis.gov/LATEST/webapp/#/pages/downloads (Law Enforcement Employees Data; file additional-datasets/law-enforcement/lee_1960_2025.csv),2026-09-14
PA0390100,Allentown,Allentown,PA,2023,211,21,232,124782,https://cde.ucr.cjis.gov/LATEST/webapp/#/pages/downloads (Law Enforcement Employees Data; file additional-datasets/law-enforcement/lee_1960_2025.csv),2026-09-14
PA0390100,Allentown,Allentown,PA,2024,217,21,238,124599,https://cde.ucr.cjis.gov/LATEST/webapp/#/pages/downloads (Law Enforcement Employees Data; file additional-datasets/law-enforcement/lee_1960_2025.csv),2026-09-14
PA0250200,Erie,Erie,PA,2017,174,21,195,98071,https://cde.ucr.cjis.gov/LATEST/webapp/#/pages/downloads (Law Enforcement Employees Data; file additional-datasets/law-enforcement/lee_1960_2025.csv),2026-09-14
PA0250200,Erie,Erie,PA,2018,174,24,198,96758,https://cde.ucr.cjis.gov/LATEST/webapp/#/pages/downloads (Law Enforcement Employees Data; file additional-datasets/law-enforcement/lee_1960_2025.csv),2026-09-14
PA0250200,Erie,Erie,PA,2019,172,21,193,95834,https://cde.ucr.cjis.gov/LATEST/webapp/#/pages/downloads (Law Enforcement Employees Data; file additional-datasets/law-enforcement/lee_1960_2025.csv),2026-09-14
PA0250200,Erie,Erie,PA,2020,173,21,194,94842,https://cde.ucr.cjis.gov/LATEST/webapp/#/pages/downloads (Law Enforcement Employees Data; file additional-datasets/law-enforcement/lee_1960_2025.csv),2026-09-14
PA0250200,Erie,Erie,PA,2021,175,24,199,94437,https://cde.ucr.cjis.gov/LATEST/webapp/#/pages/downloads (Law Enforcement Employees Data; file additional-datasets/law-enforcement/lee_1960_2025.csv),2026-09-14
PA0250200,Erie,Erie,PA,2022,183,24,207,93363,https://cde.ucr.cjis.gov/LATEST/webapp/#/pages/downloads (Law Enforcement Employees Data; file additional-datasets/law-enforcement/lee_1960_2025.csv),2026-09-14
PA0250200,Erie,Erie,PA,2023,189,23,212,92920,https://cde.ucr.cjis.gov/LATEST/webapp/#/pages/downloads (Law Enforcement Employees Data; file additional-datasets/law-enforcement/lee_1960_2025.csv),2026-09-14
PA0250200,Erie,Erie,PA,2024,194,23,217,92379,https://cde.ucr.cjis.gov/LATEST/webapp/#/pages/downloads (Law Enforcement Employees Data; file additional-datasets/law-enforcement/lee_1960_2025.csv),2026-09-14
PAPEP0000,Philadelphia,Philadelphia,PA,2017,6558,789,7347,1575595,https://cde.ucr.cjis.gov/LATEST/webapp/#/pages/downloads (Law Enforcement Employees Data; file additional-datasets/law-enforcement/lee_1960_2025.csv),2026-09-14
PAPEP0000,Philadelphia,Philadelphia,PA,2018,6577,789,7366,1586916,https://cde.ucr.cjis.gov/LATEST/webapp/#/pages/downloads (Law Enforcement Employees Data; file additional-datasets/law-enforcement/lee_1960_2025.csv),2026-09-14
PAPEP0000,Philadelphia,Philadelphia,PA,2019,6584,828,7412,1589014,https://cde.ucr.cjis.gov/LATEST/webapp/#/pages/downloads (Law Enforcement Employees Data; file additional-datasets/law-enforcement/lee_1960_2025.csv),2026-09-14
PAPEP0000,Philadelphia,Philadelphia,PA,2020,6359,781,7140,1586666,https://cde.ucr.cjis.gov/LATEST/webapp/#/pages/downloads (Law Enforcement Employees Data; file additional-datasets/law-enforcement/lee_1960_2025.csv),2026-09-14
PAPEP0000,Philadelphia,Philadelphia,PA,2022,5800,1384,7184,1555812,https://cde.ucr.cjis.gov/LATEST/webapp/#/pages/downloads (Law Enforcement Employees Data; file additional-datasets/law-enforcement/lee_1960_2025.csv),2026-09-14
PAPEP0000,Philadelphia,Philadelphia,PA,2023,5444,822,6266,1550843,https://cde.ucr.cjis.gov/LATEST/webapp/#/pages/downloads (Law Enforcement Employees Data; file additional-datasets/law-enforcement/lee_1960_2025.csv),2026-09-14
PAPEP0000,Philadelphia,Philadelphia,PA,2024,5151,817,5968,1549259,https://cde.ucr.cjis.gov/LATEST/webapp/#/pages/downloads (Law Enforcement Employees Data; file additional-datasets/law-enforcement/lee_1960_2025.csv),2026-09-14
PAPPD0000,Pittsburgh,Pittsburgh,PA,2017,885,18,903,305932,https://cde.ucr.cjis.gov/LATEST/webapp/#/pages/downloads (Law Enforcement Employees Data; file additional-datasets/law-enforcement/lee_1960_2025.csv),2026-09-14
PAPPD0000,Pittsburgh,Pittsburgh,PA,2018,950,49,999,302544,https://cde.ucr.cjis.gov/LATEST/webapp/#/pages/downloads (Law Enforcement Employees Data; file additional-datasets/law-enforcement/lee_1960_2025.csv),2026-09-14
PAPPD0000,Pittsburgh,Pittsburgh,PA,2019,1013,51,1064,300548,https://cde.ucr.cjis.gov/LATEST/webapp/#/pages/downloads (Law Enforcement Employees Data; file additional-datasets/law-enforcement/lee_1960_2025.csv),2026-09-14
PAPPD0000,Pittsburgh,Pittsburgh,PA,2020,998,38,1036,298608,https://cde.ucr.cjis.gov/LATEST/webapp/#/pages/downloads (Law Enforcement Employees Data; file additional-datasets/law-enforcement/lee_1960_2025.csv),2026-09-14
PAPPD0000,Pittsburgh,Pittsburgh,PA,2021,907,34,941,316632,https://cde.ucr.cjis.gov/LATEST/webapp/#/pages/downloads (Law Enforcement Employees Data; file additional-datasets/law-enforcement/lee_1960_2025.csv),2026-09-14
PAPPD0000,Pittsburgh,Pittsburgh,PA,2022,837,43,880,303137,https://cde.ucr.cjis.gov/LATEST/webapp/#/pages/downloads (Law Enforcement Employees Data; file additional-datasets/law-enforcement/lee_1960_2025.csv),2026-09-14
PAPPD0000,Pittsburgh,Pittsburgh,PA,2023,777,32,809,304825,https://cde.ucr.cjis.gov/LATEST/webapp/#/pages/downloads (Law Enforcement Employees Data; file additional-datasets/law-enforcement/lee_1960_2025.csv),2026-09-14
PAPPD0000,Pittsburgh,Pittsburgh,PA,2024,777,32,809,317177,https://cde.ucr.cjis.gov/LATEST/webapp/#/pages/downloads (Law Enforcement Employees Data; file additional-datasets/law-enforcement/lee_1960_2025.csv),2026-09-14
PA0061400,Reading,Reading,PA,2021,156,25,181,91031,https://cde.ucr.cjis.gov/LATEST/webapp/#/pages/downloads (Law Enforcement Employees Data; file additional-datasets/law-enforcement/lee_1960_2025.csv),2026-09-14
PA0061400,Reading,Reading,PA,2022,158,26,184,97698,https://cde.ucr.cjis.gov/LATEST/webapp/#/pages/downloads (Law Enforcement Employees Data; file additional-datasets/law-enforcement/lee_1960_2025.csv),2026-09-14
PA0061400,Reading,Reading,PA,2023,147,25,172,97790,https://cde.ucr.cjis.gov/LATEST/webapp/#/pages/downloads (Law Enforcement Employees Data; file additional-datasets/law-enforcement/lee_1960_2025.csv),2026-09-14
PA0061400,Reading,Reading,PA,2024,148,28,176,97868,https://cde.ucr.cjis.gov/LATEST/webapp/#/pages/downloads (Law Enforcement Employees Data; file additional-datasets/law-enforcement/lee_1960_2025.csv),2026-09-14
RI0040900,Providence,Providence,RI,2017,431,97,528,179854,https://cde.ucr.cjis.gov/LATEST/webapp/#/pages/downloads (Law Enforcement Employees Data; file additional-datasets/law-enforcement/lee_1960_2025.csv),2026-09-14
RI0040900,Providence,Providence,RI,2018,410,95,505,180169,https://cde.ucr.cjis.gov/LATEST/webapp/#/pages/downloads (Law Enforcement Employees Data; file additional-datasets/law-enforcement/lee_1960_2025.csv),2026-09-14
RI0040900,Providence,Providence,RI,2019,436,90,526,179762,https://cde.ucr.cjis.gov/LATEST/webapp/#/pages/downloads (Law Enforcement Employees Data; file additional-datasets/law-enforcement/lee_1960_2025.csv),2026-09-14
RI0040900,Providence,Providence,RI,2020,420,90,510,179603,https://cde.ucr.cjis.gov/LATEST/webapp/#/pages/downloads (Law Enforcement Employees Data; file additional-datasets/law-enforcement/lee_1960_2025.csv),2026-09-14
RI0040900,Providence,Providence,RI,2021,449,84,533,185868,https://cde.ucr.cjis.gov/LATEST/webapp/#/pages/downloads (Law Enforcement Employees Data; file additional-datasets/law-enforcement/lee_1960_2025.csv),2026-09-14
RI0040900,Providence,Providence,RI,2022,424,76,500,189064,https://cde.ucr.cjis.gov/LATEST/webapp/#/pages/downloads (Law Enforcement Employees Data; file additional-datasets/law-enforcement/lee_1960_2025.csv),2026-09-14
RI0040900,Providence,Providence,RI,2023,427,81,508,189590,https://cde.ucr.cjis.gov/LATEST/webapp/#/pages/downloads (Law Enforcement Employees Data; file additional-datasets/law-enforcement/lee_1960_2025.csv),2026-09-14
RI0040900,Providence,Providence,RI,2024,448,80,528,193679,https://cde.ucr.cjis.gov/LATEST/webapp/#/pages/downloads (Law Enforcement Employees Data; file additional-datasets/law-enforcement/lee_1960_2025.csv),2026-09-14
SC0100100,Charleston,Charleston,SC,2017,439,94,533,136845,https://cde.ucr.cjis.gov/LATEST/webapp/#/pages/downloads (Law Enforcement Employees Data; file additional-datasets/law-enforcement/lee_1960_2025.csv),2026-09-14
SC0100100,Charleston,Charleston,SC,2018,410,104,514,137092,https://cde.ucr.cjis.gov/LATEST/webapp/#/pages/downloads (Law Enforcement Employees Data; file additional-datasets/law-enforcement/lee_1960_2025.csv),2026-09-14
SC0100100,Charleston,Charleston,SC,2019,403,107,510,138254,https://cde.ucr.cjis.gov/LATEST/webapp/#/pages/downloads (Law Enforcement Employees Data; file additional-datasets/law-enforcement/lee_1960_2025.csv),2026-09-14
SC0100100,Charleston,Charleston,SC,2020,409,96,505,139582,https://cde.ucr.cjis.gov/LATEST/webapp/#/pages/downloads (Law Enforcement Employees Data; file additional-datasets/law-enforcement/lee_1960_2025.csv),2026-09-14
SC0100100,Charleston,Charleston,SC,2021,413,91,504,141768,https://cde.ucr.cjis.gov/LATEST/webapp/#/pages/downloads (Law Enforcement Employees Data; file additional-datasets/law-enforcement/lee_1960_2025.csv),2026-09-14
SC0100100,Charleston,Charleston,SC,2022,415,88,503,152324,https://cde.ucr.cjis.gov/LATEST/webapp/#/pages/downloads (Law Enforcement Employees Data; file additional-datasets/law-enforcement/lee_1960_2025.csv),2026-09-14
SC0100100,Charleston,Charleston,SC,2023,407,93,500,155159,https://cde.ucr.cjis.gov/LATEST/webapp/#/pages/downloads (Law Enforcement Employees Data; file additional-datasets/law-enforcement/lee_1960_2025.csv),2026-09-14
SC0100100,Charleston,Charleston,SC,2024,414,100,514,156898,https://cde.ucr.cjis.gov/LATEST/webapp/#/pages/downloads (Law Enforcement Employees Data; file additional-datasets/law-enforcement/lee_1960_2025.csv),2026-09-14
SC0400100,Columbia,Columbia,SC,2017,301,85,386,134957,https://cde.ucr.cjis.gov/LATEST/webapp/#/pages/downloads (Law Enforcement Employees Data; file additional-datasets/law-enforcement/lee_1960_2025.csv),2026-09-14
SC0400100,Columbia,Columbia,SC,2018,363,91,454,133540,https://cde.ucr.cjis.gov/LATEST/webapp/#/pages/downloads (Law Enforcement Employees Data; file additional-datasets/law-enforcement/lee_1960_2025.csv),2026-09-14
SC0400100,Columbia,Columbia,SC,2019,349,93,442,133790,https://cde.ucr.cjis.gov/LATEST/webapp/#/pages/downloads (Law Enforcement Employees Data; file additional-datasets/law-enforcement/lee_1960_2025.csv),2026-09-14
SC0400100,Columbia,Columbia,SC,2020,343,88,431,131777,https://cde.ucr.cjis.gov/LATEST/webapp/#/pages/downloads (Law Enforcement Employees Data; file additional-datasets/law-enforcement/lee_1960_2025.csv),2026-09-14
SC0400100,Columbia,Columbia,SC,2021,324,97,421,132255,https://cde.ucr.cjis.gov/LATEST/webapp/#/pages/downloads (Law Enforcement Employees Data; file additional-datasets/law-enforcement/lee_1960_2025.csv),2026-09-14
SC0400100,Columbia,Columbia,SC,2022,289,80,369,137768,https://cde.ucr.cjis.gov/LATEST/webapp/#/pages/downloads (Law Enforcement Employees Data; file additional-datasets/law-enforcement/lee_1960_2025.csv),2026-09-14
SC0400100,Columbia,Columbia,SC,2023,304,97,401,141497,https://cde.ucr.cjis.gov/LATEST/webapp/#/pages/downloads (Law Enforcement Employees Data; file additional-datasets/law-enforcement/lee_1960_2025.csv),2026-09-14
SC0100300,Mount Pleasant,Mount Pleasant,SC,2019,148,23,171,92448,https://cde.ucr.cjis.gov/LATEST/webapp/#/pages/downloads (Law Enforcement Employees Data; file additional-datasets/law-enforcement/lee_1960_2025.csv),2026-09-14
SC0100300,Mount Pleasant,Mount Pleasant,SC,2020,158,17,175,94704,https://cde.ucr.cjis.gov/LATEST/webapp/#/pages/downloads (Law Enforcement Employees Data; file additional-datasets/law-enforcement/lee_1960_2025.csv),2026-09-14
SC0100300,Mount Pleasant,Mount Pleasant,SC,2022,154,24,178,93951,https://cde.ucr.cjis.gov/LATEST/webapp/#/pages/downloads (Law Enforcement Employees Data; file additional-datasets/law-enforcement/lee_1960_2025.csv),2026-09-14
SC0100300,Mount Pleasant,Mount Pleasant,SC,2023,158,26,184,96320,https://cde.ucr.cjis.gov/LATEST/webapp/#/pages/downloads (Law Enforcement Employees Data; file additional-datasets/law-enforcement/lee_1960_2025.csv),2026-09-14
SC0100300,Mount Pleasant,Mount Pleasant,SC,2024,165,26,191,96608,https://cde.ucr.cjis.gov/LATEST/webapp/#/pages/downloads (Law Enforcement Employees Data; file additional-datasets/law-enforcement/lee_1960_2025.csv),2026-09-14
SC0100800,North Charleston,North Charleston,SC,2017,339,72,411,111305,https://cde.ucr.cjis.gov/LATEST/webapp/#/pages/downloads (Law Enforcement Employees Data; file additional-datasets/law-enforcement/lee_1960_2025.csv),2026-09-14
SC0100800,North Charleston,North Charleston,SC,2018,323,66,389,112840,https://cde.ucr.cjis.gov/LATEST/webapp/#/pages/downloads (Law Enforcement Employees Data; file additional-datasets/law-enforcement/lee_1960_2025.csv),2026-09-14
SC0100800,North Charleston,North Charleston,SC,2019,332,81,413,115312,https://cde.ucr.cjis.gov/LATEST/webapp/#/pages/downloads (Law Enforcement Employees Data; file additional-datasets/law-enforcement/lee_1960_2025.csv),2026-09-14
SC0100800,North Charleston,North Charleston,SC,2020,321,75,396,117503,https://cde.ucr.cjis.gov/LATEST/webapp/#/pages/downloads (Law Enforcement Employees Data; file additional-datasets/law-enforcement/lee_1960_2025.csv),2026-09-14
SC0100800,North Charleston,North Charleston,SC,2021,145,21,166,121060,https://cde.ucr.cjis.gov/LATEST/webapp/#/pages/downloads (Law Enforcement Employees Data; file additional-datasets/law-enforcement/lee_1960_2025.csv),2026-09-14
SC0100800,North Charleston,North Charleston,SC,2022,325,76,401,119198,https://cde.ucr.cjis.gov/LATEST/webapp/#/pages/downloads (Law Enforcement Employees Data; file additional-datasets/law-enforcement/lee_1960_2025.csv),2026-09-14
SC0100800,North Charleston,North Charleston,SC,2023,321,64,385,120162,https://cde.ucr.cjis.gov/LATEST/webapp/#/pages/downloads (Law Enforcement Employees Data; file additional-datasets/law-enforcement/lee_1960_2025.csv),2026-09-14
SC0100800,North Charleston,North Charleston,SC,2024,295,74,369,123511,https://cde.ucr.cjis.gov/LATEST/webapp/#/pages/downloads (Law Enforcement Employees Data; file additional-datasets/law-enforcement/lee_1960_2025.csv),2026-09-14
SD0490200,Sioux Falls,Sioux Falls,SD,2017,258,35,293,177888,https://cde.ucr.cjis.gov/LATEST/webapp/#/pages/downloads (Law Enforcement Employees Data; file additional-datasets/law-enforcement/lee_1960_2025.csv),2026-09-14
SD0490200,Sioux Falls,Sioux Falls,SD,2018,256,37,293,180335,https://cde.ucr.cjis.gov/LATEST/webapp/#/pages/downloads (Law Enforcement Employees Data; file additional-datasets/law-enforcement/lee_1960_2025.csv),2026-09-14
SD0490200,Sioux Falls,Sioux Falls,SD,2019,255,35,290,185628,https://cde.ucr.cjis.gov/LATEST/webapp/#/pages/downloads (Law Enforcement Employees Data; file additional-datasets/law-enforcement/lee_1960_2025.csv),2026-09-14
SD0490200,Sioux Falls,Sioux Falls,SD,2020,273,35,308,187370,https://cde.ucr.cjis.gov/LATEST/webapp/#/pages/downloads (Law Enforcement Employees Data; file additional-datasets/law-enforcement/lee_1960_2025.csv),2026-09-14
SD0490200,Sioux Falls,Sioux Falls,SD,2021,271,35,306,191508,https://cde.ucr.cjis.gov/LATEST/webapp/#/pages/downloads (Law Enforcement Employees Data; file additional-datasets/law-enforcement/lee_1960_2025.csv),2026-09-14
SD0490200,Sioux Falls,Sioux Falls,SD,2022,282,35,317,199879,https://cde.ucr.cjis.gov/LATEST/webapp/#/pages/downloads (Law Enforcement Employees Data; file additional-datasets/law-enforcement/lee_1960_2025.csv),2026-09-14
SD0490200,Sioux Falls,Sioux Falls,SD,2023,273,36,309,206559,https://cde.ucr.cjis.gov/LATEST/webapp/#/pages/downloads (Law Enforcement Employees Data; file additional-datasets/law-enforcement/lee_1960_2025.csv),2026-09-14
SD0490200,Sioux Falls,Sioux Falls,SD,2024,284,36,320,210926,https://cde.ucr.cjis.gov/LATEST/webapp/#/pages/downloads (Law Enforcement Employees Data; file additional-datasets/law-enforcement/lee_1960_2025.csv),2026-09-14
TN0330100,Chattanooga,Chattanooga,TN,2017,483,75,558,178753,https://cde.ucr.cjis.gov/LATEST/webapp/#/pages/downloads (Law Enforcement Employees Data; file additional-datasets/law-enforcement/lee_1960_2025.csv),2026-09-14
TN0330100,Chattanooga,Chattanooga,TN,2018,490,111,601,180397,https://cde.ucr.cjis.gov/LATEST/webapp/#/pages/downloads (Law Enforcement Employees Data; file additional-datasets/law-enforcement/lee_1960_2025.csv),2026-09-14
TN0330100,Chattanooga,Chattanooga,TN,2019,469,94,563,181848,https://cde.ucr.cjis.gov/LATEST/webapp/#/pages/downloads (Law Enforcement Employees Data; file additional-datasets/law-enforcement/lee_1960_2025.csv),2026-09-14
TN0330100,Chattanooga,Chattanooga,TN,2020,470,103,573,184211,https://cde.ucr.cjis.gov/LATEST/webapp/#/pages/downloads (Law Enforcement Employees Data; file additional-datasets/law-enforcement/lee_1960_2025.csv),2026-09-14
TN0330100,Chattanooga,Chattanooga,TN,2021,420,74,494,186222,https://cde.ucr.cjis.gov/LATEST/webapp/#/pages/downloads (Law Enforcement Employees Data; file additional-datasets/law-enforcement/lee_1960_2025.csv),2026-09-14
TN0330100,Chattanooga,Chattanooga,TN,2022,463,104,567,182603,https://cde.ucr.cjis.gov/LATEST/webapp/#/pages/downloads (Law Enforcement Employees Data; file additional-datasets/law-enforcement/lee_1960_2025.csv),2026-09-14
TN0330100,Chattanooga,Chattanooga,TN,2023,453,105,558,185370,https://cde.ucr.cjis.gov/LATEST/webapp/#/pages/downloads (Law Enforcement Employees Data; file additional-datasets/law-enforcement/lee_1960_2025.csv),2026-09-14
TN0330100,Chattanooga,Chattanooga,TN,2024,439,106,545,188894,https://cde.ucr.cjis.gov/LATEST/webapp/#/pages/downloads (Law Enforcement Employees Data; file additional-datasets/law-enforcement/lee_1960_2025.csv),2026-09-14
TN0630100,Clarksville,Clarksville,TN,2017,286,64,350,153294,https://cde.ucr.cjis.gov/LATEST/webapp/#/pages/downloads (Law Enforcement Employees Data; file additional-datasets/law-enforcement/lee_1960_2025.csv),2026-09-14
TN0630100,Clarksville,Clarksville,TN,2018,278,64,342,156264,https://cde.ucr.cjis.gov/LATEST/webapp/#/pages/downloads (Law Enforcement Employees Data; file additional-datasets/law-enforcement/lee_1960_2025.csv),2026-09-14
TN0630100,Clarksville,Clarksville,TN,2019,289,64,353,159996,https://cde.ucr.cjis.gov/LATEST/webapp/#/pages/downloads (Law Enforcement Employees Data; file additional-datasets/law-enforcement/lee_1960_2025.csv),2026-09-14
TN0630100,Clarksville,Clarksville,TN,2020,304,64,368,161167,https://cde.ucr.cjis.gov/LATEST/webapp/#/pages/downloads (Law Enforcement Employees Data; file additional-datasets/law-enforcement/lee_1960_2025.csv),2026-09-14
TN0630100,Clarksville,Clarksville,TN,2021,312,66,378,164336,https://cde.ucr.cjis.gov/LATEST/webapp/#/pages/downloads (Law Enforcement Employees Data; file additional-datasets/law-enforcement/lee_1960_2025.csv),2026-09-14
TN0630100,Clarksville,Clarksville,TN,2022,308,77,385,174738,https://cde.ucr.cjis.gov/LATEST/webapp/#/pages/downloads (Law Enforcement Employees Data; file additional-datasets/law-enforcement/lee_1960_2025.csv),2026-09-14
TN0630100,Clarksville,Clarksville,TN,2023,319,79,398,181916,https://cde.ucr.cjis.gov/LATEST/webapp/#/pages/downloads (Law Enforcement Employees Data; file additional-datasets/law-enforcement/lee_1960_2025.csv),2026-09-14
TN0630100,Clarksville,Clarksville,TN,2024,338,80,418,185349,https://cde.ucr.cjis.gov/LATEST/webapp/#/pages/downloads (Law Enforcement Employees Data; file additional-datasets/law-enforcement/lee_1960_2025.csv),2026-09-14
TN0940100,Franklin,Franklin,TN,2024,132,13,145,90077,https://cde.ucr.cjis.gov/LATEST/webapp/#/pages/downloads (Law Enforcement Employees Data; file additional-datasets/law-enforcement/lee_1960_2025.csv),2026-09-14
TN0470100,Knoxville,Knoxville,TN,2017,396,90,486,187539,https://cde.ucr.cjis.gov/LATEST/webapp/#/pages/downloads (Law Enforcement Employees Data; file additional-datasets/law-enforcement/lee_1960_2025.csv),2026-09-14
TN0470100,Knoxville,Knoxville,TN,2018,387,115,502,188653,https://cde.ucr.cjis.gov/LATEST/webapp/#/pages/downloads (Law Enforcement Employees Data; file additional-datasets/law-enforcement/lee_1960_2025.csv),2026-09-14
TN0470100,Knoxville,Knoxville,TN,2019,370,120,490,188666,https://cde.ucr.cjis.gov/LATEST/webapp/#/pages/downloads (Law Enforcement Employees Data; file additional-datasets/law-enforcement/lee_1960_2025.csv),2026-09-14
TN0470100,Knoxville,Knoxville,TN,2020,371,124,495,188672,https://cde.ucr.cjis.gov/LATEST/webapp/#/pages/downloads (Law Enforcement Employees Data; file additional-datasets/law-enforcement/lee_1960_2025.csv),2026-09-14
TN0470100,Knoxville,Knoxville,TN,2021,382,110,492,191463,https://cde.ucr.cjis.gov/LATEST/webapp/#/pages/downloads (Law Enforcement Employees Data; file additional-datasets/law-enforcement/lee_1960_2025.csv),2026-09-14
TN0470100,Knoxville,Knoxville,TN,2022,380,98,478,194724,https://cde.ucr.cjis.gov/LATEST/webapp/#/pages/downloads (Law Enforcement Employees Data; file additional-datasets/law-enforcement/lee_1960_2025.csv),2026-09-14
TN0470100,Knoxville,Knoxville,TN,2023,355,102,457,198132,https://cde.ucr.cjis.gov/LATEST/webapp/#/pages/downloads (Law Enforcement Employees Data; file additional-datasets/law-enforcement/lee_1960_2025.csv),2026-09-14
TN0470100,Knoxville,Knoxville,TN,2024,346,147,493,200457,https://cde.ucr.cjis.gov/LATEST/webapp/#/pages/downloads (Law Enforcement Employees Data; file additional-datasets/law-enforcement/lee_1960_2025.csv),2026-09-14
TNMPD0000,Memphis,Memphis,TN,2017,1972,529,2501,652765,https://cde.ucr.cjis.gov/LATEST/webapp/#/pages/downloads (Law Enforcement Employees Data; file additional-datasets/law-enforcement/lee_1960_2025.csv),2026-09-14
TNMPD0000,Memphis,Memphis,TN,2018,1995,610,2605,652226,https://cde.ucr.cjis.gov/LATEST/webapp/#/pages/downloads (Law Enforcement Employees Data; file additional-datasets/law-enforcement/lee_1960_2025.csv),2026-09-14
TNMPD0000,Memphis,Memphis,TN,2019,2058,577,2635,650410,https://cde.ucr.cjis.gov/LATEST/webapp/#/pages/downloads (Law Enforcement Employees Data; file additional-datasets/law-enforcement/lee_1960_2025.csv),2026-09-14
TNMPD0000,Memphis,Memphis,TN,2020,2064,499,2563,650937,https://cde.ucr.cjis.gov/LATEST/webapp/#/pages/downloads (Law Enforcement Employees Data; file additional-datasets/law-enforcement/lee_1960_2025.csv),2026-09-14
TNMPD0000,Memphis,Memphis,TN,2021,2027,419,2446,649444,https://cde.ucr.cjis.gov/LATEST/webapp/#/pages/downloads (Law Enforcement Employees Data; file additional-datasets/law-enforcement/lee_1960_2025.csv),2026-09-14
TNMPD0000,Memphis,Memphis,TN,2022,1904,557,2461,624944,https://cde.ucr.cjis.gov/LATEST/webapp/#/pages/downloads (Law Enforcement Employees Data; file additional-datasets/law-enforcement/lee_1960_2025.csv),2026-09-14
TNMPD0000,Memphis,Memphis,TN,2023,1945,497,2442,616061,https://cde.ucr.cjis.gov/LATEST/webapp/#/pages/downloads (Law Enforcement Employees Data; file additional-datasets/law-enforcement/lee_1960_2025.csv),2026-09-14
TNMPD0000,Memphis,Memphis,TN,2024,1995,412,2407,613207,https://cde.ucr.cjis.gov/LATEST/webapp/#/pages/downloads (Law Enforcement Employees Data; file additional-datasets/law-enforcement/lee_1960_2025.csv),2026-09-14
TN0750100,Murfreesboro,Murfreesboro,TN,2017,228,47,275,136102,https://cde.ucr.cjis.gov/LATEST/webapp/#/pages/downloads (Law Enforcement Employees Data; file additional-datasets/law-enforcement/lee_1960_2025.csv),2026-09-14
TN0750100,Murfreesboro,Murfreesboro,TN,2018,242,50,292,140702,https://cde.ucr.cjis.gov/LATEST/webapp/#/pages/downloads (Law Enforcement Employees Data; file additional-datasets/law-enforcement/lee_1960_2025.csv),2026-09-14
TN0750100,Murfreesboro,Murfreesboro,TN,2019,248,52,300,145929,https://cde.ucr.cjis.gov/LATEST/webapp/#/pages/downloads (Law Enforcement Employees Data; file additional-datasets/law-enforcement/lee_1960_2025.csv),2026-09-14
TN0750100,Murfreesboro,Murfreesboro,TN,2020,265,59,324,151769,https://cde.ucr.cjis.gov/LATEST/webapp/#/pages/downloads (Law Enforcement Employees Data; file additional-datasets/law-enforcement/lee_1960_2025.csv),2026-09-14
TN0750100,Murfreesboro,Murfreesboro,TN,2021,267,59,326,155652,https://cde.ucr.cjis.gov/LATEST/webapp/#/pages/downloads (Law Enforcement Employees Data; file additional-datasets/law-enforcement/lee_1960_2025.csv),2026-09-14
TN0750100,Murfreesboro,Murfreesboro,TN,2022,265,61,326,161810,https://cde.ucr.cjis.gov/LATEST/webapp/#/pages/downloads (Law Enforcement Employees Data; file additional-datasets/law-enforcement/lee_1960_2025.csv),2026-09-14
TN0750100,Murfreesboro,Murfreesboro,TN,2023,302,66,368,166916,https://cde.ucr.cjis.gov/LATEST/webapp/#/pages/downloads (Law Enforcement Employees Data; file additional-datasets/law-enforcement/lee_1960_2025.csv),2026-09-14
TN0750100,Murfreesboro,Murfreesboro,TN,2024,299,78,377,169520,https://cde.ucr.cjis.gov/LATEST/webapp/#/pages/downloads (Law Enforcement Employees Data; file additional-datasets/law-enforcement/lee_1960_2025.csv),2026-09-14
TN0190100,Metropolitan Nashville Police Department,Nashville,TN,2017,1394,331,1725,681186,https://cde.ucr.cjis.gov/LATEST/webapp/#/pages/downloads (Law Enforcement Employees Data; file additional-datasets/law-enforcement/lee_1960_2025.csv),2026-09-14
TN0190100,Metropolitan Nashville Police Department,Nashville,TN,2018,1435,322,1757,686492,https://cde.ucr.cjis.gov/LATEST/webapp/#/pages/downloads (Law Enforcement Employees Data; file additional-datasets/law-enforcement/lee_1960_2025.csv),2026-09-14
TN0190100,Metropolitan Nashville Police Department,Nashville,TN,2019,1412,363,1775,687361,https://cde.ucr.cjis.gov/LATEST/webapp/#/pages/downloads (Law Enforcement Employees Data; file additional-datasets/law-enforcement/lee_1960_2025.csv),2026-09-14
TN0190100,Metropolitan Nashville Police Department,Nashville,TN,2020,1419,498,1917,688013,https://cde.ucr.cjis.gov/LATEST/webapp/#/pages/downloads (Law Enforcement Employees Data; file additional-datasets/law-enforcement/lee_1960_2025.csv),2026-09-14
TN0190100,Metropolitan Nashville Police Department,Nashville,TN,2021,1450,400,1850,690553,https://cde.ucr.cjis.gov/LATEST/webapp/#/pages/downloads (Law Enforcement Employees Data; file additional-datasets/law-enforcement/lee_1960_2025.csv),2026-09-14
TN0190100,Metropolitan Nashville Police Department,Nashville,TN,2022,1389,438,1827,679562,https://cde.ucr.cjis.gov/LATEST/webapp/#/pages/downloads (Law Enforcement Employees Data; file additional-datasets/law-enforcement/lee_1960_2025.csv),2026-09-14
TN0190100,Metropolitan Nashville Police Department,Nashville,TN,2023,1499,341,1840,690495,https://cde.ucr.cjis.gov/LATEST/webapp/#/pages/downloads (Law Enforcement Employees Data; file additional-datasets/law-enforcement/lee_1960_2025.csv),2026-09-14
TN0190100,Metropolitan Nashville Police Department,Nashville,TN,2024,1540,492,2032,698987,https://cde.ucr.cjis.gov/LATEST/webapp/#/pages/downloads (Law Enforcement Employees Data; file additional-datasets/law-enforcement/lee_1960_2025.csv),2026-09-14
TX2210100,Abilene,Abilene,TX,2017,200,60,260,122981,https://cde.ucr.cjis.gov/LATEST/webapp/#/pages/downloads (Law Enforcement Employees Data; file additional-datasets/law-enforcement/lee_1960_2025.csv),2026-09-14
TX2210100,Abilene,Abilene,TX,2018,202,66,268,122480,https://cde.ucr.cjis.gov/LATEST/webapp/#/pages/downloads (Law Enforcement Employees Data; file additional-datasets/law-enforcement/lee_1960_2025.csv),2026-09-14
TX2210100,Abilene,Abilene,TX,2019,213,61,274,123665,https://cde.ucr.cjis.gov/LATEST/webapp/#/pages/downloads (Law Enforcement Employees Data; file additional-datasets/law-enforcement/lee_1960_2025.csv),2026-09-14
TX2210100,Abilene,Abilene,TX,2020,211,64,275,124061,https://cde.ucr.cjis.gov/LATEST/webapp/#/pages/downloads (Law Enforcement Employees Data; file additional-datasets/law-enforcement/lee_1960_2025.csv),2026-09-14
TX2210100,Abilene,Abilene,TX,2021,210,75,285,125088,https://cde.ucr.cjis.gov/LATEST/webapp/#/pages/downloads (Law Enforcement Employees Data; file additional-datasets/law-enforcement/lee_1960_2025.csv),2026-09-14
TX2210100,Abilene,Abilene,TX,2022,215,63,278,125186,https://cde.ucr.cjis.gov/LATEST/webapp/#/pages/downloads (Law Enforcement Employees Data; file additional-datasets/law-enforcement/lee_1960_2025.csv),2026-09-14
TX2210100,Abilene,Abilene,TX,2023,204,59,263,128387,https://cde.ucr.cjis.gov/LATEST/webapp/#/pages/downloads (Law Enforcement Employees Data; file additional-datasets/law-enforcement/lee_1960_2025.csv),2026-09-14
TX2210100,Abilene,Abilene,TX,2024,201,86,287,130275,https://cde.ucr.cjis.gov/LATEST/webapp/#/pages/downloads (Law Enforcement Employees Data; file additional-datasets/law-enforcement/lee_1960_2025.csv),2026-09-14
TX0430100,Allen,Allen,TX,2017,127,57,184,101779,https://cde.ucr.cjis.gov/LATEST/webapp/#/pages/downloads (Law Enforcement Employees Data; file additional-datasets/law-enforcement/lee_1960_2025.csv),2026-09-14
TX0430100,Allen,Allen,TX,2018,134,56,190,103168,https://cde.ucr.cjis.gov/LATEST/webapp/#/pages/downloads (Law Enforcement Employees Data; file additional-datasets/law-enforcement/lee_1960_2025.csv),2026-09-14
TX0430100,Allen,Allen,TX,2019,138,59,197,105961,https://cde.ucr.cjis.gov/LATEST/webapp/#/pages/downloads (Law Enforcement Employees Data; file additional-datasets/law-enforcement/lee_1960_2025.csv),2026-09-14
TX0430100,Allen,Allen,TX,2020,144,63,207,108218,https://cde.ucr.cjis.gov/LATEST/webapp/#/pages/downloads (Law Enforcement Employees Data; file additional-datasets/law-enforcement/lee_1960_2025.csv),2026-09-14
TX0430100,Allen,Allen,TX,2021,141,59,200,112186,https://cde.ucr.cjis.gov/LATEST/webapp/#/pages/downloads (Law Enforcement Employees Data; file additional-datasets/law-enforcement/lee_1960_2025.csv),2026-09-14
TX0430100,Allen,Allen,TX,2022,137,62,199,108135,https://cde.ucr.cjis.gov/LATEST/webapp/#/pages/downloads (Law Enforcement Employees Data; file additional-datasets/law-enforcement/lee_1960_2025.csv),2026-09-14
TX0430100,Allen,Allen,TX,2023,147,63,210,114696,https://cde.ucr.cjis.gov/LATEST/webapp/#/pages/downloads (Law Enforcement Employees Data; file additional-datasets/law-enforcement/lee_1960_2025.csv),2026-09-14
TX0430100,Allen,Allen,TX,2024,149,67,216,113737,https://cde.ucr.cjis.gov/LATEST/webapp/#/pages/downloads (Law Enforcement Employees Data; file additional-datasets/law-enforcement/lee_1960_2025.csv),2026-09-14
TX1880100,Amarillo,Amarillo,TX,2019,333,80,413,201036,https://cde.ucr.cjis.gov/LATEST/webapp/#/pages/downloads (Law Enforcement Employees Data; file additional-datasets/law-enforcement/lee_1960_2025.csv),2026-09-14
TX1880100,Amarillo,Amarillo,TX,2020,354,62,416,200296,https://cde.ucr.cjis.gov/LATEST/webapp/#/pages/downloads (Law Enforcement Employees Data; file additional-datasets/law-enforcement/lee_1960_2025.csv),2026-09-14
TX1880100,Amarillo,Amarillo,TX,2021,345,60,405,200515,https://cde.ucr.cjis.gov/LATEST/webapp/#/pages/downloads (Law Enforcement Employees Data; file additional-datasets/law-enforcement/lee_1960_2025.csv),2026-09-14
TX1880100,Amarillo,Amarillo,TX,2022,342,80,422,201572,https://cde.ucr.cjis.gov/LATEST/webapp/#/pages/downloads (Law Enforcement Employees Data; file additional-datasets/law-enforcement/lee_1960_2025.csv),2026-09-14
TX1880100,Amarillo,Amarillo,TX,2023,358,75,433,201684,https://cde.ucr.cjis.gov/LATEST/webapp/#/pages/downloads (Law Enforcement Employees Data; file additional-datasets/law-enforcement/lee_1960_2025.csv),2026-09-14
TX1880100,Amarillo,Amarillo,TX,2024,351,82,433,203039,https://cde.ucr.cjis.gov/LATEST/webapp/#/pages/downloads (Law Enforcement Employees Data; file additional-datasets/law-enforcement/lee_1960_2025.csv),2026-09-14
TX2200100,Arlington,Arlington,TX,2018,673,198,871,400920,https://cde.ucr.cjis.gov/LATEST/webapp/#/pages/downloads (Law Enforcement Employees Data; file additional-datasets/law-enforcement/lee_1960_2025.csv),2026-09-14
TX2200100,Arlington,Arlington,TX,2019,680,202,882,402304,https://cde.ucr.cjis.gov/LATEST/webapp/#/pages/downloads (Law Enforcement Employees Data; file additional-datasets/law-enforcement/lee_1960_2025.csv),2026-09-14
TX2200100,Arlington,Arlington,TX,2020,682,194,876,402700,https://cde.ucr.cjis.gov/LATEST/webapp/#/pages/downloads (Law Enforcement Employees Data; file additional-datasets/law-enforcement/lee_1960_2025.csv),2026-09-14
TX2200100,Arlington,Arlington,TX,2021,674,186,860,402323,https://cde.ucr.cjis.gov/LATEST/webapp/#/pages/downloads (Law Enforcement Employees Data; file additional-datasets/law-enforcement/lee_1960_2025.csv),2026-09-14
TX2200100,Arlington,Arlington,TX,2022,679,191,870,391591,https://cde.ucr.cjis.gov/LATEST/webapp/#/pages/downloads (Law Enforcement Employees Data; file additional-datasets/law-enforcement/lee_1960_2025.csv),2026-09-14
TX2200100,Arlington,Arlington,TX,2023,697,210,907,394799,https://cde.ucr.cjis.gov/LATEST/webapp/#/pages/downloads (Law Enforcement Employees Data; file additional-datasets/law-enforcement/lee_1960_2025.csv),2026-09-14
TX2200100,Arlington,Arlington,TX,2024,736,202,938,399840,https://cde.ucr.cjis.gov/LATEST/webapp/#/pages/downloads (Law Enforcement Employees Data; file additional-datasets/law-enforcement/lee_1960_2025.csv),2026-09-14
TX2270100,Austin,Austin,TX,2017,1808,558,2366,971949,https://cde.ucr.cjis.gov/LATEST/webapp/#/pages/downloads (Law Enforcement Employees Data; file additional-datasets/law-enforcement/lee_1960_2025.csv),2026-09-14
TX2270100,Austin,Austin,TX,2018,1851,571,2422,973344,https://cde.ucr.cjis.gov/LATEST/webapp/#/pages/downloads (Law Enforcement Employees Data; file additional-datasets/law-enforcement/lee_1960_2025.csv),2026-09-14
TX2270100,Austin,Austin,TX,2019,1802,667,2469,986062,https://cde.ucr.cjis.gov/LATEST/webapp/#/pages/downloads (Law Enforcement Employees Data; file additional-datasets/law-enforcement/lee_1960_2025.csv),2026-09-14
TX2270100,Austin,Austin,TX,2020,1738,552,2290,1000276,https://cde.ucr.cjis.gov/LATEST/webapp/#/pages/downloads (Law Enforcement Employees Data; file additional-datasets/law-enforcement/lee_1960_2025.csv),2026-09-14
TX2270100,Austin,Austin,TX,2021,1613,474,2087,1016721,https://cde.ucr.cjis.gov/LATEST/webapp/#/pages/downloads (Law Enforcement Employees Data; file additional-datasets/law-enforcement/lee_1960_2025.csv),2026-09-14
TX2270100,Austin,Austin,TX,2022,1527,651,2178,965234,https://cde.ucr.cjis.gov/LATEST/webapp/#/pages/downloads (Law Enforcement Employees Data; file additional-datasets/law-enforcement/lee_1960_2025.csv),2026-09-14
TX2270100,Austin,Austin,TX,2023,1488,630,2118,978816,https://cde.ucr.cjis.gov/LATEST/webapp/#/pages/downloads (Law Enforcement Employees Data; file additional-datasets/law-enforcement/lee_1960_2025.csv),2026-09-14
TX2270100,Austin,Austin,TX,2024,1507,652,2159,984613,https://cde.ucr.cjis.gov/LATEST/webapp/#/pages/downloads (Law Enforcement Employees Data; file additional-datasets/law-enforcement/lee_1960_2025.csv),2026-09-14
TX1230100,Beaumont,Beaumont,TX,2017,250,70,320,118456,https://cde.ucr.cjis.gov/LATEST/webapp/#/pages/downloads (Law Enforcement Employees Data; file additional-datasets/law-enforcement/lee_1960_2025.csv),2026-09-14
TX1230100,Beaumont,Beaumont,TX,2019,248,70,318,118562,https://cde.ucr.cjis.gov/LATEST/webapp/#/pages/downloads (Law Enforcement Employees Data; file additional-datasets/law-enforcement/lee_1960_2025.csv),2026-09-14
TX1230100,Beaumont,Beaumont,TX,2020,261,59,320,116766,https://cde.ucr.cjis.gov/LATEST/webapp/#/pages/downloads (Law Enforcement Employees Data; file additional-datasets/law-enforcement/lee_1960_2025.csv),2026-09-14
TX1230100,Beaumont,Beaumont,TX,2021,243,76,319,115290,https://cde.ucr.cjis.gov/LATEST/webapp/#/pages/downloads (Law Enforcement Employees Data; file additional-datasets/law-enforcement/lee_1960_2025.csv),2026-09-14
TX1230100,Beaumont,Beaumont,TX,2022,244,68,312,110898,https://cde.ucr.cjis.gov/LATEST/webapp/#/pages/downloads (Law Enforcement Employees Data; file additional-datasets/law-enforcement/lee_1960_2025.csv),2026-09-14
TX1230100,Beaumont,Beaumont,TX,2023,238,76,314,110671,https://cde.ucr.cjis.gov/LATEST/webapp/#/pages/downloads (Law Enforcement Employees Data; file additional-datasets/law-enforcement/lee_1960_2025.csv),2026-09-14
TX1230100,Beaumont,Beaumont,TX,2024,242,74,316,111320,https://cde.ucr.cjis.gov/LATEST/webapp/#/pages/downloads (Law Enforcement Employees Data; file additional-datasets/law-enforcement/lee_1960_2025.csv),2026-09-14
TX0310100,Brownsville,Brownsville,TX,2018,197,102,299,184461,https://cde.ucr.cjis.gov/LATEST/webapp/#/pages/downloads (Law Enforcement Employees Data; file additional-datasets/law-enforcement/lee_1960_2025.csv),2026-09-14
TX0310100,Brownsville,Brownsville,TX,2019,234,83,317,184418,https://cde.ucr.cjis.gov/LATEST/webapp/#/pages/downloads (Law Enforcement Employees Data; file additional-datasets/law-enforcement/lee_1960_2025.csv),2026-09-14
TX0310100,Brownsville,Brownsville,TX,2020,225,87,312,183627,https://cde.ucr.cjis.gov/LATEST/webapp/#/pages/downloads (Law Enforcement Employees Data; file additional-datasets/law-enforcement/lee_1960_2025.csv),2026-09-14
TX0310100,Brownsville,Brownsville,TX,2021,226,75,301,184287,https://cde.ucr.cjis.gov/LATEST/webapp/#/pages/downloads (Law Enforcement Employees Data; file additional-datasets/law-enforcement/lee_1960_2025.csv),2026-09-14
TX0310100,Brownsville,Brownsville,TX,2022,220,74,294,188906,https://cde.ucr.cjis.gov/LATEST/webapp/#/pages/downloads (Law Enforcement Employees Data; file additional-datasets/law-enforcement/lee_1960_2025.csv),2026-09-14
TX0310100,Brownsville,Brownsville,TX,2023,218,71,289,190590,https://cde.ucr.cjis.gov/LATEST/webapp/#/pages/downloads (Law Enforcement Employees Data; file additional-datasets/law-enforcement/lee_1960_2025.csv),2026-09-14
TX0310100,Brownsville,Brownsville,TX,2024,217,75,292,191221,https://cde.ucr.cjis.gov/LATEST/webapp/#/pages/downloads (Law Enforcement Employees Data; file additional-datasets/law-enforcement/lee_1960_2025.csv),2026-09-14
TX0210100,Bryan,Bryan,TX,2024,147,33,180,91450,https://cde.ucr.cjis.gov/LATEST/webapp/#/pages/downloads (Law Enforcement Employees Data; file additional-datasets/law-enforcement/lee_1960_2025.csv),2026-09-14
TX0570400,Carrollton,Carrollton,TX,2017,167,52,219,135823,https://cde.ucr.cjis.gov/LATEST/webapp/#/pages/downloads (Law Enforcement Employees Data; file additional-datasets/law-enforcement/lee_1960_2025.csv),2026-09-14
TX0570400,Carrollton,Carrollton,TX,2018,165,53,218,138216,https://cde.ucr.cjis.gov/LATEST/webapp/#/pages/downloads (Law Enforcement Employees Data; file additional-datasets/law-enforcement/lee_1960_2025.csv),2026-09-14
TX0570400,Carrollton,Carrollton,TX,2019,162,45,207,139179,https://cde.ucr.cjis.gov/LATEST/webapp/#/pages/downloads (Law Enforcement Employees Data; file additional-datasets/law-enforcement/lee_1960_2025.csv),2026-09-14
TX0570400,Carrollton,Carrollton,TX,2020,169,53,222,141745,https://cde.ucr.cjis.gov/LATEST/webapp/#/pages/downloads (Law Enforcement Employees Data; file additional-datasets/law-enforcement/lee_1960_2025.csv),2026-09-14
TX0570400,Carrollton,Carrollton,TX,2021,174,55,229,141694,https://cde.ucr.cjis.gov/LATEST/webapp/#/pages/downloads (Law Enforcement Employees Data; file additional-datasets/law-enforcement/lee_1960_2025.csv),2026-09-14
TX0570400,Carrollton,Carrollton,TX,2022,161,47,208,133610,https://cde.ucr.cjis.gov/LATEST/webapp/#/pages/downloads (Law Enforcement Employees Data; file additional-datasets/law-enforcement/lee_1960_2025.csv),2026-09-14
TX0570400,Carrollton,Carrollton,TX,2023,161,49,210,134261,https://cde.ucr.cjis.gov/LATEST/webapp/#/pages/downloads (Law Enforcement Employees Data; file additional-datasets/law-enforcement/lee_1960_2025.csv),2026-09-14
TX0570400,Carrollton,Carrollton,TX,2024,173,45,218,133471,https://cde.ucr.cjis.gov/LATEST/webapp/#/pages/downloads (Law Enforcement Employees Data; file additional-datasets/law-enforcement/lee_1960_2025.csv),2026-09-14
TX0210200,College Station,College Station,TX,2018,143,71,214,116565,https://cde.ucr.cjis.gov/LATEST/webapp/#/pages/downloads (Law Enforcement Employees Data; file additional-datasets/law-enforcement/lee_1960_2025.csv),2026-09-14
TX0210200,College Station,College Station,TX,2019,141,63,204,119246,https://cde.ucr.cjis.gov/LATEST/webapp/#/pages/downloads (Law Enforcement Employees Data; file additional-datasets/law-enforcement/lee_1960_2025.csv),2026-09-14
TX0210200,College Station,College Station,TX,2020,142,59,201,120831,https://cde.ucr.cjis.gov/LATEST/webapp/#/pages/downloads (Law Enforcement Employees Data; file additional-datasets/law-enforcement/lee_1960_2025.csv),2026-09-14
TX0210200,College Station,College Station,TX,2021,146,55,201,122051,https://cde.ucr.cjis.gov/LATEST/webapp/#/pages/downloads (Law Enforcement Employees Data; file additional-datasets/law-enforcement/lee_1960_2025.csv),2026-09-14
TX0210200,College Station,College Station,TX,2022,150,59,209,121618,https://cde.ucr.cjis.gov/LATEST/webapp/#/pages/downloads (Law Enforcement Employees Data; file additional-datasets/law-enforcement/lee_1960_2025.csv),2026-09-14
TX0210200,College Station,College Station,TX,2023,146,60,206,126136,https://cde.ucr.cjis.gov/LATEST/webapp/#/pages/downloads (Law Enforcement Employees Data; file additional-datasets/law-enforcement/lee_1960_2025.csv),2026-09-14
TX0210200,College Station,College Station,TX,2024,156,64,220,126702,https://cde.ucr.cjis.gov/LATEST/webapp/#/pages/downloads (Law Enforcement Employees Data; file additional-datasets/law-enforcement/lee_1960_2025.csv),2026-09-14
TX1700100,Conroe,Conroe,TX,2020,142,44,186,94451,https://cde.ucr.cjis.gov/LATEST/webapp/#/pages/downloads (Law Enforcement Employees Data; file additional-datasets/law-enforcement/lee_1960_2025.csv),2026-09-14
TX1700100,Conroe,Conroe,TX,2021,151,42,193,99965,https://cde.ucr.cjis.gov/LATEST/webapp/#/pages/downloads (Law Enforcement Employees Data; file additional-datasets/law-enforcement/lee_1960_2025.csv),2026-09-14
TX1700100,Conroe,Conroe,TX,2022,146,45,191,98623,https://cde.ucr.cjis.gov/LATEST/webapp/#/pages/downloads (Law Enforcement Employees Data; file additional-datasets/law-enforcement/lee_1960_2025.csv),2026-09-14
TX1700100,Conroe,Conroe,TX,2023,153,55,208,106904,https://cde.ucr.cjis.gov/LATEST/webapp/#/pages/downloads (Law Enforcement Employees Data; file additional-datasets/law-enforcement/lee_1960_2025.csv),2026-09-14
TX1700100,Conroe,Conroe,TX,2024,163,41,204,114592,https://cde.ucr.cjis.gov/LATEST/webapp/#/pages/downloads (Law Enforcement Employees Data; file additional-datasets/law-enforcement/lee_1960_2025.csv),2026-09-14
TX1780200,Corpus Christi,Corpus Christi,TX,2017,436,168,604,329256,https://cde.ucr.cjis.gov/LATEST/webapp/#/pages/downloads (Law Enforcement Employees Data; file additional-datasets/law-enforcement/lee_1960_2025.csv),2026-09-14
TX1780200,Corpus Christi,Corpus Christi,TX,2018,443,209,652,328614,https://cde.ucr.cjis.gov/LATEST/webapp/#/pages/downloads (Law Enforcement Employees Data; file additional-datasets/law-enforcement/lee_1960_2025.csv),2026-09-14
TX1780200,Corpus Christi,Corpus Christi,TX,2019,426,234,660,329320,https://cde.ucr.cjis.gov/LATEST/webapp/#/pages/downloads (Law Enforcement Employees Data; file additional-datasets/law-enforcement/lee_1960_2025.csv),2026-09-14
TX1780200,Corpus Christi,Corpus Christi,TX,2020,425,201,626,329050,https://cde.ucr.cjis.gov/LATEST/webapp/#/pages/downloads (Law Enforcement Employees Data; file additional-datasets/law-enforcement/lee_1960_2025.csv),2026-09-14
TX1780200,Corpus Christi,Corpus Christi,TX,2021,425,169,594,329538,https://cde.ucr.cjis.gov/LATEST/webapp/#/pages/downloads (Law Enforcement Employees Data; file additional-datasets/law-enforcement/lee_1960_2025.csv),2026-09-14
TX1780200,Corpus Christi,Corpus Christi,TX,2022,439,172,611,317694,https://cde.ucr.cjis.gov/LATEST/webapp/#/pages/downloads (Law Enforcement Employees Data; file additional-datasets/law-enforcement/lee_1960_2025.csv),2026-09-14
TX1780200,Corpus Christi,Corpus Christi,TX,2023,458,214,672,315340,https://cde.ucr.cjis.gov/LATEST/webapp/#/pages/downloads (Law Enforcement Employees Data; file additional-datasets/law-enforcement/lee_1960_2025.csv),2026-09-14
TX1780200,Corpus Christi,Corpus Christi,TX,2024,457,192,649,316108,https://cde.ucr.cjis.gov/LATEST/webapp/#/pages/downloads (Law Enforcement Employees Data; file additional-datasets/law-enforcement/lee_1960_2025.csv),2026-09-14
TXDPD0000,Dallas,Dallas,TX,2017,3053,605,3658,1338551,https://cde.ucr.cjis.gov/LATEST/webapp/#/pages/downloads (Law Enforcement Employees Data; file additional-datasets/law-enforcement/lee_1960_2025.csv),2026-09-14
TXDPD0000,Dallas,Dallas,TX,2018,3007,574,3581,1362465,https://cde.ucr.cjis.gov/LATEST/webapp/#/pages/downloads (Law Enforcement Employees Data; file additional-datasets/law-enforcement/lee_1960_2025.csv),2026-09-14
TXDPD0000,Dallas,Dallas,TX,2019,3075,549,3624,1363295,https://cde.ucr.cjis.gov/LATEST/webapp/#/pages/downloads (Law Enforcement Employees Data; file additional-datasets/law-enforcement/lee_1960_2025.csv),2026-09-14
TXDPD0000,Dallas,Dallas,TX,2020,3137,509,3646,1363028,https://cde.ucr.cjis.gov/LATEST/webapp/#/pages/downloads (Law Enforcement Employees Data; file additional-datasets/law-enforcement/lee_1960_2025.csv),2026-09-14
TXDPD0000,Dallas,Dallas,TX,2021,3118,643,3761,1349185,https://cde.ucr.cjis.gov/LATEST/webapp/#/pages/downloads (Law Enforcement Employees Data; file additional-datasets/law-enforcement/lee_1960_2025.csv),2026-09-14
TXDPD0000,Dallas,Dallas,TX,2022,3060,673,3733,1286121,https://cde.ucr.cjis.gov/LATEST/webapp/#/pages/downloads (Law Enforcement Employees Data; file additional-datasets/law-enforcement/lee_1960_2025.csv),2026-09-14
TXDPD0000,Dallas,Dallas,TX,2023,3047,637,3684,1304989,https://cde.ucr.cjis.gov/LATEST/webapp/#/pages/downloads (Law Enforcement Employees Data; file additional-datasets/law-enforcement/lee_1960_2025.csv),2026-09-14
TXDPD0000,Dallas,Dallas,TX,2024,3112,674,3786,1321502,https://cde.ucr.cjis.gov/LATEST/webapp/#/pages/downloads (Law Enforcement Employees Data; file additional-datasets/law-enforcement/lee_1960_2025.csv),2026-09-14
TX0610200,Denton,Denton,TX,2017,171,61,232,136836,https://cde.ucr.cjis.gov/LATEST/webapp/#/pages/downloads (Law Enforcement Employees Data; file additional-datasets/law-enforcement/lee_1960_2025.csv),2026-09-14
TX0610200,Denton,Denton,TX,2018,174,53,227,139262,https://cde.ucr.cjis.gov/LATEST/webapp/#/pages/downloads (Law Enforcement Employees Data; file additional-datasets/law-enforcement/lee_1960_2025.csv),2026-09-14
TX0610200,Denton,Denton,TX,2019,181,43,224,141492,https://cde.ucr.cjis.gov/LATEST/webapp/#/pages/downloads (Law Enforcement Employees Data; file additional-datasets/law-enforcement/lee_1960_2025.csv),2026-09-14
TX0610200,Denton,Denton,TX,2020,185,44,229,144569,https://cde.ucr.cjis.gov/LATEST/webapp/#/pages/downloads (Law Enforcement Employees Data; file additional-datasets/law-enforcement/lee_1960_2025.csv),2026-09-14
TX0610200,Denton,Denton,TX,2021,191,81,272,150975,https://cde.ucr.cjis.gov/LATEST/webapp/#/pages/downloads (Law Enforcement Employees Data; file additional-datasets/law-enforcement/lee_1960_2025.csv),2026-09-14
TX0610200,Denton,Denton,TX,2022,192,84,276,154230,https://cde.ucr.cjis.gov/LATEST/webapp/#/pages/downloads (Law Enforcement Employees Data; file additional-datasets/law-enforcement/lee_1960_2025.csv),2026-09-14
TX0610200,Denton,Denton,TX,2023,195,97,292,155215,https://cde.ucr.cjis.gov/LATEST/webapp/#/pages/downloads (Law Enforcement Employees Data; file additional-datasets/law-enforcement/lee_1960_2025.csv),2026-09-14
TX0610200,Denton,Denton,TX,2024,189,92,281,164565,https://cde.ucr.cjis.gov/LATEST/webapp/#/pages/downloads (Law Enforcement Employees Data; file additional-datasets/law-enforcement/lee_1960_2025.csv),2026-09-14
TX1080400,Edinburg,Edinburg,TX,2019,160,60,220,100896,https://cde.ucr.cjis.gov/LATEST/webapp/#/pages/downloads (Law Enforcement Employees Data; file additional-datasets/law-enforcement/lee_1960_2025.csv),2026-09-14
TX1080400,Edinburg,Edinburg,TX,2020,156,59,215,103491,https://cde.ucr.cjis.gov/LATEST/webapp/#/pages/downloads (Law Enforcement Employees Data; file additional-datasets/law-enforcement/lee_1960_2025.csv),2026-09-14
TX1080400,Edinburg,Edinburg,TX,2021,171,59,230,104604,https://cde.ucr.cjis.gov/LATEST/webapp/#/pages/downloads (Law Enforcement Employees Data; file additional-datasets/law-enforcement/lee_1960_2025.csv),2026-09-14
TX1080400,Edinburg,Edinburg,TX,2022,163,77,240,104987,https://cde.ucr.cjis.gov/LATEST/webapp/#/pages/downloads (Law Enforcement Employees Data; file additional-datasets/law-enforcement/lee_1960_2025.csv),2026-09-14
TX1080400,Edinburg,Edinburg,TX,2023,177,68,245,106137,https://cde.ucr.cjis.gov/LATEST/webapp/#/pages/downloads (Law Enforcement Employees Data; file additional-datasets/law-enforcement/lee_1960_2025.csv),2026-09-14
TX1080400,Edinburg,Edinburg,TX,2024,183,67,250,107552,https://cde.ucr.cjis.gov/LATEST/webapp/#/pages/downloads (Law Enforcement Employees Data; file additional-datasets/law-enforcement/lee_1960_2025.csv),2026-09-14
TX0710200,El Paso,El Paso,TX,2017,1043,226,1269,688667,https://cde.ucr.cjis.gov/LATEST/webapp/#/pages/downloads (Law Enforcement Employees Data; file additional-datasets/law-enforcement/lee_1960_2025.csv),2026-09-14
TX0710200,El Paso,El Paso,TX,2018,1103,238,1341,688442,https://cde.ucr.cjis.gov/LATEST/webapp/#/pages/downloads (Law Enforcement Employees Data; file additional-datasets/law-enforcement/lee_1960_2025.csv),2026-09-14
TX0710200,El Paso,El Paso,TX,2019,1171,241,1412,686793,https://cde.ucr.cjis.gov/LATEST/webapp/#/pages/downloads (Law Enforcement Employees Data; file additional-datasets/law-enforcement/lee_1960_2025.csv),2026-09-14
TX0710200,El Paso,El Paso,TX,2020,1189,266,1455,685288,https://cde.ucr.cjis.gov/LATEST/webapp/#/pages/downloads (Law Enforcement Employees Data; file additional-datasets/law-enforcement/lee_1960_2025.csv),2026-09-14
TX0710200,El Paso,El Paso,TX,2021,1138,257,1395,684737,https://cde.ucr.cjis.gov/LATEST/webapp/#/pages/downloads (Law Enforcement Employees Data; file additional-datasets/law-enforcement/lee_1960_2025.csv),2026-09-14
TX0710200,El Paso,El Paso,TX,2022,1133,270,1403,678232,https://cde.ucr.cjis.gov/LATEST/webapp/#/pages/downloads (Law Enforcement Employees Data; file additional-datasets/law-enforcement/lee_1960_2025.csv),2026-09-14
TX0710200,El Paso,El Paso,TX,2023,1104,280,1384,676665,https://cde.ucr.cjis.gov/LATEST/webapp/#/pages/downloads (Law Enforcement Employees Data; file additional-datasets/law-enforcement/lee_1960_2025.csv),2026-09-14
TX0710200,El Paso,El Paso,TX,2024,1101,325,1426,678860,https://cde.ucr.cjis.gov/LATEST/webapp/#/pages/downloads (Law Enforcement Employees Data; file additional-datasets/law-enforcement/lee_1960_2025.csv),2026-09-14
TX2201200,Fort Worth,Fort Worth,TX,2017,1681,517,2198,873069,https://cde.ucr.cjis.gov/LATEST/webapp/#/pages/downloads (Law Enforcement Employees Data; file additional-datasets/law-enforcement/lee_1960_2025.csv),2026-09-14
TX2201200,Fort Worth,Fort Worth,TX,2018,1694,438,2132,893756,https://cde.ucr.cjis.gov/LATEST/webapp/#/pages/downloads (Law Enforcement Employees Data; file additional-datasets/law-enforcement/lee_1960_2025.csv),2026-09-14
TX2201200,Fort Worth,Fort Worth,TX,2019,1650,425,2075,915237,https://cde.ucr.cjis.gov/LATEST/webapp/#/pages/downloads (Law Enforcement Employees Data; file additional-datasets/law-enforcement/lee_1960_2025.csv),2026-09-14
TX2201200,Fort Worth,Fort Worth,TX,2020,1667,418,2085,929509,https://cde.ucr.cjis.gov/LATEST/webapp/#/pages/downloads (Law Enforcement Employees Data; file additional-datasets/law-enforcement/lee_1960_2025.csv),2026-09-14
TX2201200,Fort Worth,Fort Worth,TX,2021,1631,457,2088,947862,https://cde.ucr.cjis.gov/LATEST/webapp/#/pages/downloads (Law Enforcement Employees Data; file additional-datasets/law-enforcement/lee_1960_2025.csv),2026-09-14
TX2201200,Fort Worth,Fort Worth,TX,2022,1672,433,2105,948605,https://cde.ucr.cjis.gov/LATEST/webapp/#/pages/downloads (Law Enforcement Employees Data; file additional-datasets/law-enforcement/lee_1960_2025.csv),2026-09-14
TX2201200,Fort Worth,Fort Worth,TX,2023,1663,485,2148,973722,https://cde.ucr.cjis.gov/LATEST/webapp/#/pages/downloads (Law Enforcement Employees Data; file additional-datasets/law-enforcement/lee_1960_2025.csv),2026-09-14
TX2201200,Fort Worth,Fort Worth,TX,2024,1670,510,2180,997476,https://cde.ucr.cjis.gov/LATEST/webapp/#/pages/downloads (Law Enforcement Employees Data; file additional-datasets/law-enforcement/lee_1960_2025.csv),2026-09-14
TX0430400,Frisco,Frisco,TX,2017,173,94,267,172804,https://cde.ucr.cjis.gov/LATEST/webapp/#/pages/downloads (Law Enforcement Employees Data; file additional-datasets/law-enforcement/lee_1960_2025.csv),2026-09-14
TX0430400,Frisco,Frisco,TX,2018,186,99,285,187889,https://cde.ucr.cjis.gov/LATEST/webapp/#/pages/downloads (Law Enforcement Employees Data; file additional-datasets/law-enforcement/lee_1960_2025.csv),2026-09-14
TX0430400,Frisco,Frisco,TX,2019,199,100,299,199445,https://cde.ucr.cjis.gov/LATEST/webapp/#/pages/downloads (Law Enforcement Employees Data; file additional-datasets/law-enforcement/lee_1960_2025.csv),2026-09-14
TX0430400,Frisco,Frisco,TX,2020,212,98,310,212626,https://cde.ucr.cjis.gov/LATEST/webapp/#/pages/downloads (Law Enforcement Employees Data; file additional-datasets/law-enforcement/lee_1960_2025.csv),2026-09-14
TX0430400,Frisco,Frisco,TX,2021,216,93,309,222416,https://cde.ucr.cjis.gov/LATEST/webapp/#/pages/downloads (Law Enforcement Employees Data; file additional-datasets/law-enforcement/lee_1960_2025.csv),2026-09-14
TX0430400,Frisco,Frisco,TX,2022,233,100,333,218962,https://cde.ucr.cjis.gov/LATEST/webapp/#/pages/downloads (Law Enforcement Employees Data; file additional-datasets/law-enforcement/lee_1960_2025.csv),2026-09-14
TX0430400,Frisco,Frisco,TX,2023,242,105,347,228527,https://cde.ucr.cjis.gov/LATEST/webapp/#/pages/downloads (Law Enforcement Employees Data; file additional-datasets/law-enforcement/lee_1960_2025.csv),2026-09-14
TX0430400,Frisco,Frisco,TX,2024,269,89,358,232961,https://cde.ucr.cjis.gov/LATEST/webapp/#/pages/downloads (Law Enforcement Employees Data; file additional-datasets/law-enforcement/lee_1960_2025.csv),2026-09-14
TX0571100,Garland,Garland,TX,2017,342,127,469,236243,https://cde.ucr.cjis.gov/LATEST/webapp/#/pages/downloads (Law Enforcement Employees Data; file additional-datasets/law-enforcement/lee_1960_2025.csv),2026-09-14
TX0571100,Garland,Garland,TX,2018,344,127,471,239577,https://cde.ucr.cjis.gov/LATEST/webapp/#/pages/downloads (Law Enforcement Employees Data; file additional-datasets/law-enforcement/lee_1960_2025.csv),2026-09-14
TX0571100,Garland,Garland,TX,2019,355,122,477,244277,https://cde.ucr.cjis.gov/LATEST/webapp/#/pages/downloads (Law Enforcement Employees Data; file additional-datasets/law-enforcement/lee_1960_2025.csv),2026-09-14
TX0571100,Garland,Garland,TX,2020,354,123,477,241845,https://cde.ucr.cjis.gov/LATEST/webapp/#/pages/downloads (Law Enforcement Employees Data; file additional-datasets/law-enforcement/lee_1960_2025.csv),2026-09-14
TX0571100,Garland,Garland,TX,2021,343,129,472,237510,https://cde.ucr.cjis.gov/LATEST/webapp/#/pages/downloads (Law Enforcement Employees Data; file additional-datasets/law-enforcement/lee_1960_2025.csv),2026-09-14
TX0571100,Garland,Garland,TX,2022,346,129,475,241095,https://cde.ucr.cjis.gov/LATEST/webapp/#/pages/downloads (Law Enforcement Employees Data; file additional-datasets/law-enforcement/lee_1960_2025.csv),2026-09-14
TX0571100,Garland,Garland,TX,2023,334,128,462,240051,https://cde.ucr.cjis.gov/LATEST/webapp/#/pages/downloads (Law Enforcement Employees Data; file additional-datasets/law-enforcement/lee_1960_2025.csv),2026-09-14
TX0571100,Garland,Garland,TX,2024,345,142,487,246255,https://cde.ucr.cjis.gov/LATEST/webapp/#/pages/downloads (Law Enforcement Employees Data; file additional-datasets/law-enforcement/lee_1960_2025.csv),2026-09-14
TX2460200,Georgetown,Georgetown,TX,2021,84,31,115,90629,https://cde.ucr.cjis.gov/LATEST/webapp/#/pages/downloads (Law Enforcement Employees Data; file additional-datasets/law-enforcement/lee_1960_2025.csv),2026-09-14
TX0571200,Grand Prairie,Grand Prairie,TX,2017,267,129,396,193249,https://cde.ucr.cjis.gov/LATEST/webapp/#/pages/downloads (Law Enforcement Employees Data; file additional-datasets/law-enforcement/lee_1960_2025.csv),2026-09-14
TX0571200,Grand Prairie,Grand Prairie,TX,2018,260,246,506,196535,https://cde.ucr.cjis.gov/LATEST/webapp/#/pages/downloads (Law Enforcement Employees Data; file additional-datasets/law-enforcement/lee_1960_2025.csv),2026-09-14
TX0571200,Grand Prairie,Grand Prairie,TX,2019,279,143,422,196971,https://cde.ucr.cjis.gov/LATEST/webapp/#/pages/downloads (Law Enforcement Employees Data; file additional-datasets/law-enforcement/lee_1960_2025.csv),2026-09-14
TX0571200,Grand Prairie,Grand Prairie,TX,2020,274,139,413,196990,https://cde.ucr.cjis.gov/LATEST/webapp/#/pages/downloads (Law Enforcement Employees Data; file additional-datasets/law-enforcement/lee_1960_2025.csv),2026-09-14
TX0571200,Grand Prairie,Grand Prairie,TX,2021,278,162,440,196334,https://cde.ucr.cjis.gov/LATEST/webapp/#/pages/downloads (Law Enforcement Employees Data; file additional-datasets/law-enforcement/lee_1960_2025.csv),2026-09-14
TX0571200,Grand Prairie,Grand Prairie,TX,2022,286,164,450,199663,https://cde.ucr.cjis.gov/LATEST/webapp/#/pages/downloads (Law Enforcement Employees Data; file additional-datasets/law-enforcement/lee_1960_2025.csv),2026-09-14
TX0571200,Grand Prairie,Grand Prairie,TX,2023,295,181,476,205487,https://cde.ucr.cjis.gov/LATEST/webapp/#/pages/downloads (Law Enforcement Employees Data; file additional-datasets/law-enforcement/lee_1960_2025.csv),2026-09-14
TX0571200,Grand Prairie,Grand Prairie,TX,2024,285,186,471,206122,https://cde.ucr.cjis.gov/LATEST/webapp/#/pages/downloads (Law Enforcement Employees Data; file additional-datasets/law-enforcement/lee_1960_2025.csv),2026-09-14
TXHPD0000,Houston,Houston,TX,2017,5221,1113,6334,2338235,https://cde.ucr.cjis.gov/LATEST/webapp/#/pages/downloads (Law Enforcement Employees Data; file additional-datasets/law-enforcement/lee_1960_2025.csv),2026-09-14
TXHPD0000,Houston,Houston,TX,2018,5229,1029,6258,2344966,https://cde.ucr.cjis.gov/LATEST/webapp/#/pages/downloads (Law Enforcement Employees Data; file additional-datasets/law-enforcement/lee_1960_2025.csv),2026-09-14
TXHPD0000,Houston,Houston,TX,2019,5264,1073,6337,2355606,https://cde.ucr.cjis.gov/LATEST/webapp/#/pages/downloads (Law Enforcement Employees Data; file additional-datasets/law-enforcement/lee_1960_2025.csv),2026-09-14
TXHPD0000,Houston,Houston,TX,2020,5212,1011,6223,2346155,https://cde.ucr.cjis.gov/LATEST/webapp/#/pages/downloads (Law Enforcement Employees Data; file additional-datasets/law-enforcement/lee_1960_2025.csv),2026-09-14
TXHPD0000,Houston,Houston,TX,2021,5250,999,6249,2339252,https://cde.ucr.cjis.gov/LATEST/webapp/#/pages/downloads (Law Enforcement Employees Data; file additional-datasets/law-enforcement/lee_1960_2025.csv),2026-09-14
TXHPD0000,Houston,Houston,TX,2022,5223,1062,6285,2276533,https://cde.ucr.cjis.gov/LATEST/webapp/#/pages/downloads (Law Enforcement Employees Data; file additional-datasets/law-enforcement/lee_1960_2025.csv),2026-09-14
TXHPD0000,Houston,Houston,TX,2023,5174,1006,6180,2304406,https://cde.ucr.cjis.gov/LATEST/webapp/#/pages/downloads (Law Enforcement Employees Data; file additional-datasets/law-enforcement/lee_1960_2025.csv),2026-09-14
TXHPD0000,Houston,Houston,TX,2024,5276,1061,6337,2319160,https://cde.ucr.cjis.gov/LATEST/webapp/#/pages/downloads (Law Enforcement Employees Data; file additional-datasets/law-enforcement/lee_1960_2025.csv),2026-09-14
TX0571500,Irving,Irving,TX,2017,341,149,490,242062,https://cde.ucr.cjis.gov/LATEST/webapp/#/pages/downloads (Law Enforcement Employees Data; file additional-datasets/law-enforcement/lee_1960_2025.csv),2026-09-14
TX0571500,Irving,Irving,TX,2018,354,176,530,243940,https://cde.ucr.cjis.gov/LATEST/webapp/#/pages/downloads (Law Enforcement Employees Data; file additional-datasets/law-enforcement/lee_1960_2025.csv),2026-09-14
TX0571500,Irving,Irving,TX,2019,364,161,525,245423,https://cde.ucr.cjis.gov/LATEST/webapp/#/pages/downloads (Law Enforcement Employees Data; file additional-datasets/law-enforcement/lee_1960_2025.csv),2026-09-14
TX0571500,Irving,Irving,TX,2020,376,198,574,242976,https://cde.ucr.cjis.gov/LATEST/webapp/#/pages/downloads (Law Enforcement Employees Data; file additional-datasets/law-enforcement/lee_1960_2025.csv),2026-09-14
TX0571500,Irving,Irving,TX,2021,380,173,553,241692,https://cde.ucr.cjis.gov/LATEST/webapp/#/pages/downloads (Law Enforcement Employees Data; file additional-datasets/law-enforcement/lee_1960_2025.csv),2026-09-14
TX0571500,Irving,Irving,TX,2022,380,153,533,254141,https://cde.ucr.cjis.gov/LATEST/webapp/#/pages/downloads (Law Enforcement Employees Data; file additional-datasets/law-enforcement/lee_1960_2025.csv),2026-09-14
TX0571500,Irving,Irving,TX,2023,375,163,538,255203,https://cde.ucr.cjis.gov/LATEST/webapp/#/pages/downloads (Law Enforcement Employees Data; file additional-datasets/law-enforcement/lee_1960_2025.csv),2026-09-14
TX0571500,Irving,Irving,TX,2024,378,185,563,257460,https://cde.ucr.cjis.gov/LATEST/webapp/#/pages/downloads (Law Enforcement Employees Data; file additional-datasets/law-enforcement/lee_1960_2025.csv),2026-09-14
TX0140400,Killeen,Killeen,TX,2017,237,65,302,145912,https://cde.ucr.cjis.gov/LATEST/webapp/#/pages/downloads (Law Enforcement Employees Data; file additional-datasets/law-enforcement/lee_1960_2025.csv),2026-09-14
TX0140400,Killeen,Killeen,TX,2018,251,71,322,148007,https://cde.ucr.cjis.gov/LATEST/webapp/#/pages/downloads (Law Enforcement Employees Data; file additional-datasets/law-enforcement/lee_1960_2025.csv),2026-09-14
TX0140400,Killeen,Killeen,TX,2019,235,50,285,151832,https://cde.ucr.cjis.gov/LATEST/webapp/#/pages/downloads (Law Enforcement Employees Data; file additional-datasets/law-enforcement/lee_1960_2025.csv),2026-09-14
TX0140400,Killeen,Killeen,TX,2020,235,50,285,154417,https://cde.ucr.cjis.gov/LATEST/webapp/#/pages/downloads (Law Enforcement Employees Data; file additional-datasets/law-enforcement/lee_1960_2025.csv),2026-09-14
TX0140400,Killeen,Killeen,TX,2021,230,54,284,156741,https://cde.ucr.cjis.gov/LATEST/webapp/#/pages/downloads (Law Enforcement Employees Data; file additional-datasets/law-enforcement/lee_1960_2025.csv),2026-09-14
TX0140400,Killeen,Killeen,TX,2022,237,57,294,159546,https://cde.ucr.cjis.gov/LATEST/webapp/#/pages/downloads (Law Enforcement Employees Data; file additional-datasets/law-enforcement/lee_1960_2025.csv),2026-09-14
TX0140400,Killeen,Killeen,TX,2023,235,59,294,161968,https://cde.ucr.cjis.gov/LATEST/webapp/#/pages/downloads (Law Enforcement Employees Data; file additional-datasets/law-enforcement/lee_1960_2025.csv),2026-09-14
TX0140400,Killeen,Killeen,TX,2024,239,67,306,161667,https://cde.ucr.cjis.gov/LATEST/webapp/#/pages/downloads (Law Enforcement Employees Data; file additional-datasets/law-enforcement/lee_1960_2025.csv),2026-09-14
TX2400100,Laredo,Laredo,TX,2017,470,79,549,260669,https://cde.ucr.cjis.gov/LATEST/webapp/#/pages/downloads (Law Enforcement Employees Data; file additional-datasets/law-enforcement/lee_1960_2025.csv),2026-09-14
TX2400100,Laredo,Laredo,TX,2019,498,78,576,264916,https://cde.ucr.cjis.gov/LATEST/webapp/#/pages/downloads (Law Enforcement Employees Data; file additional-datasets/law-enforcement/lee_1960_2025.csv),2026-09-14
TX2400100,Laredo,Laredo,TX,2020,509,93,602,265515,https://cde.ucr.cjis.gov/LATEST/webapp/#/pages/downloads (Law Enforcement Employees Data; file additional-datasets/law-enforcement/lee_1960_2025.csv),2026-09-14
TX2400100,Laredo,Laredo,TX,2021,510,92,602,266489,https://cde.ucr.cjis.gov/LATEST/webapp/#/pages/downloads (Law Enforcement Employees Data; file additional-datasets/law-enforcement/lee_1960_2025.csv),2026-09-14
TX2400100,Laredo,Laredo,TX,2022,515,103,618,256973,https://cde.ucr.cjis.gov/LATEST/webapp/#/pages/downloads (Law Enforcement Employees Data; file additional-datasets/law-enforcement/lee_1960_2025.csv),2026-09-14
TX2400100,Laredo,Laredo,TX,2023,513,99,612,256542,https://cde.ucr.cjis.gov/LATEST/webapp/#/pages/downloads (Law Enforcement Employees Data; file additional-datasets/law-enforcement/lee_1960_2025.csv),2026-09-14
TX2400100,Laredo,Laredo,TX,2024,511,107,618,258311,https://cde.ucr.cjis.gov/LATEST/webapp/#/pages/downloads (Law Enforcement Employees Data; file additional-datasets/law-enforcement/lee_1960_2025.csv),2026-09-14
TX0840800,League City,League City,TX,2017,110,45,155,105351,https://cde.ucr.cjis.gov/LATEST/webapp/#/pages/downloads (Law Enforcement Employees Data; file additional-datasets/law-enforcement/lee_1960_2025.csv),2026-09-14
TX0840800,League City,League City,TX,2019,120,48,168,109401,https://cde.ucr.cjis.gov/LATEST/webapp/#/pages/downloads (Law Enforcement Employees Data; file additional-datasets/law-enforcement/lee_1960_2025.csv),2026-09-14
TX0840800,League City,League City,TX,2020,116,47,163,110518,https://cde.ucr.cjis.gov/LATEST/webapp/#/pages/downloads (Law Enforcement Employees Data; file additional-datasets/law-enforcement/lee_1960_2025.csv),2026-09-14
TX0840800,League City,League City,TX,2021,125,45,170,111279,https://cde.ucr.cjis.gov/LATEST/webapp/#/pages/downloads (Law Enforcement Employees Data; file additional-datasets/law-enforcement/lee_1960_2025.csv),2026-09-14
TX0840800,League City,League City,TX,2022,130,43,173,116511,https://cde.ucr.cjis.gov/LATEST/webapp/#/pages/downloads (Law Enforcement Employees Data; file additional-datasets/law-enforcement/lee_1960_2025.csv),2026-09-14
TX0840800,League City,League City,TX,2023,129,50,179,115791,https://cde.ucr.cjis.gov/LATEST/webapp/#/pages/downloads (Law Enforcement Employees Data; file additional-datasets/law-enforcement/lee_1960_2025.csv),2026-09-14
TX0840800,League City,League City,TX,2024,141,49,190,116881,https://cde.ucr.cjis.gov/LATEST/webapp/#/pages/downloads (Law Enforcement Employees Data; file additional-datasets/law-enforcement/lee_1960_2025.csv),2026-09-14
TX0610600,Lewisville,Lewisville,TX,2017,155,60,215,106199,https://cde.ucr.cjis.gov/LATEST/webapp/#/pages/downloads (Law Enforcement Employees Data; file additional-datasets/law-enforcement/lee_1960_2025.csv),2026-09-14
TX0610600,Lewisville,Lewisville,TX,2018,144,73,217,107560,https://cde.ucr.cjis.gov/LATEST/webapp/#/pages/downloads (Law Enforcement Employees Data; file additional-datasets/law-enforcement/lee_1960_2025.csv),2026-09-14
TX0610600,Lewisville,Lewisville,TX,2019,148,70,218,108000,https://cde.ucr.cjis.gov/LATEST/webapp/#/pages/downloads (Law Enforcement Employees Data; file additional-datasets/law-enforcement/lee_1960_2025.csv),2026-09-14
TX0610600,Lewisville,Lewisville,TX,2020,165,54,219,110800,https://cde.ucr.cjis.gov/LATEST/webapp/#/pages/downloads (Law Enforcement Employees Data; file additional-datasets/law-enforcement/lee_1960_2025.csv),2026-09-14
TX0610600,Lewisville,Lewisville,TX,2021,171,76,247,113998,https://cde.ucr.cjis.gov/LATEST/webapp/#/pages/downloads (Law Enforcement Employees Data; file additional-datasets/law-enforcement/lee_1960_2025.csv),2026-09-14
TX0610600,Lewisville,Lewisville,TX,2022,166,66,232,113568,https://cde.ucr.cjis.gov/LATEST/webapp/#/pages/downloads (Law Enforcement Employees Data; file additional-datasets/law-enforcement/lee_1960_2025.csv),2026-09-14
TX0610600,Lewisville,Lewisville,TX,2023,174,68,242,133694,https://cde.ucr.cjis.gov/LATEST/webapp/#/pages/downloads (Law Enforcement Employees Data; file additional-datasets/law-enforcement/lee_1960_2025.csv),2026-09-14
TX0610600,Lewisville,Lewisville,TX,2024,172,74,246,136046,https://cde.ucr.cjis.gov/LATEST/webapp/#/pages/downloads (Law Enforcement Employees Data; file additional-datasets/law-enforcement/lee_1960_2025.csv),2026-09-14
TX1520200,Lubbock,Lubbock,TX,2018,432,102,534,257372,https://cde.ucr.cjis.gov/LATEST/webapp/#/pages/downloads (Law Enforcement Employees Data; file additional-datasets/law-enforcement/lee_1960_2025.csv),2026-09-14
TX1520200,Lubbock,Lubbock,TX,2020,446,111,557,262146,https://cde.ucr.cjis.gov/LATEST/webapp/#/pages/downloads (Law Enforcement Employees Data; file additional-datasets/law-enforcement/lee_1960_2025.csv),2026-09-14
TX1520200,Lubbock,Lubbock,TX,2021,421,114,535,265990,https://cde.ucr.cjis.gov/LATEST/webapp/#/pages/downloads (Law Enforcement Employees Data; file additional-datasets/law-enforcement/lee_1960_2025.csv),2026-09-14
TX1520200,Lubbock,Lubbock,TX,2022,438,142,580,264142,https://cde.ucr.cjis.gov/LATEST/webapp/#/pages/downloads (Law Enforcement Employees Data; file additional-datasets/law-enforcement/lee_1960_2025.csv),2026-09-14
TX1520200,Lubbock,Lubbock,TX,2023,437,135,572,266960,https://cde.ucr.cjis.gov/LATEST/webapp/#/pages/downloads (Law Enforcement Employees Data; file additional-datasets/law-enforcement/lee_1960_2025.csv),2026-09-14
TX1520200,Lubbock,Lubbock,TX,2024,436,140,576,269900,https://cde.ucr.cjis.gov/LATEST/webapp/#/pages/downloads (Law Enforcement Employees Data; file additional-datasets/law-enforcement/lee_1960_2025.csv),2026-09-14
TX1080800,McAllen,McAllen,TX,2017,282,131,413,144162,https://cde.ucr.cjis.gov/LATEST/webapp/#/pages/downloads (Law Enforcement Employees Data; file additional-datasets/law-enforcement/lee_1960_2025.csv),2026-09-14
TX1080800,McAllen,McAllen,TX,2018,285,142,427,144363,https://cde.ucr.cjis.gov/LATEST/webapp/#/pages/downloads (Law Enforcement Employees Data; file additional-datasets/law-enforcement/lee_1960_2025.csv),2026-09-14
TX1080800,McAllen,McAllen,TX,2020,286,142,428,144569,https://cde.ucr.cjis.gov/LATEST/webapp/#/pages/downloads (Law Enforcement Employees Data; file additional-datasets/law-enforcement/lee_1960_2025.csv),2026-09-14
TX1080800,McAllen,McAllen,TX,2021,275,143,418,144973,https://cde.ucr.cjis.gov/LATEST/webapp/#/pages/downloads (Law Enforcement Employees Data; file additional-datasets/law-enforcement/lee_1960_2025.csv),2026-09-14
TX1080800,McAllen,McAllen,TX,2022,282,138,420,145510,https://cde.ucr.cjis.gov/LATEST/webapp/#/pages/downloads (Law Enforcement Employees Data; file additional-datasets/law-enforcement/lee_1960_2025.csv),2026-09-14
TX1080800,McAllen,McAllen,TX,2023,287,135,422,145684,https://cde.ucr.cjis.gov/LATEST/webapp/#/pages/downloads (Law Enforcement Employees Data; file additional-datasets/law-enforcement/lee_1960_2025.csv),2026-09-14
TX1080800,McAllen,McAllen,TX,2024,288,133,421,148017,https://cde.ucr.cjis.gov/LATEST/webapp/#/pages/downloads (Law Enforcement Employees Data; file additional-datasets/law-enforcement/lee_1960_2025.csv),2026-09-14
TX0430500,McKinney,McKinney,TX,2017,192,53,245,179934,https://cde.ucr.cjis.gov/LATEST/webapp/#/pages/downloads (Law Enforcement Employees Data; file additional-datasets/law-enforcement/lee_1960_2025.csv),2026-09-14
TX0430500,McKinney,McKinney,TX,2018,212,61,273,189555,https://cde.ucr.cjis.gov/LATEST/webapp/#/pages/downloads (Law Enforcement Employees Data; file additional-datasets/law-enforcement/lee_1960_2025.csv),2026-09-14
TX0430500,McKinney,McKinney,TX,2019,210,67,277,200615,https://cde.ucr.cjis.gov/LATEST/webapp/#/pages/downloads (Law Enforcement Employees Data; file additional-datasets/law-enforcement/lee_1960_2025.csv),2026-09-14
TX0430500,McKinney,McKinney,TX,2020,218,69,287,208335,https://cde.ucr.cjis.gov/LATEST/webapp/#/pages/downloads (Law Enforcement Employees Data; file additional-datasets/law-enforcement/lee_1960_2025.csv),2026-09-14
TX0430500,McKinney,McKinney,TX,2021,225,70,295,217841,https://cde.ucr.cjis.gov/LATEST/webapp/#/pages/downloads (Law Enforcement Employees Data; file additional-datasets/law-enforcement/lee_1960_2025.csv),2026-09-14
TX0430500,McKinney,McKinney,TX,2022,235,65,300,208415,https://cde.ucr.cjis.gov/LATEST/webapp/#/pages/downloads (Law Enforcement Employees Data; file additional-datasets/law-enforcement/lee_1960_2025.csv),2026-09-14
TX0430500,McKinney,McKinney,TX,2023,242,78,320,212716,https://cde.ucr.cjis.gov/LATEST/webapp/#/pages/downloads (Law Enforcement Employees Data; file additional-datasets/law-enforcement/lee_1960_2025.csv),2026-09-14
TX0430500,McKinney,McKinney,TX,2024,246,73,319,219132,https://cde.ucr.cjis.gov/LATEST/webapp/#/pages/downloads (Law Enforcement Employees Data; file additional-datasets/law-enforcement/lee_1960_2025.csv),2026-09-14
TX0571800,Mesquite,Mesquite,TX,2017,219,88,307,144406,https://cde.ucr.cjis.gov/LATEST/webapp/#/pages/downloads (Law Enforcement Employees Data; file additional-datasets/law-enforcement/lee_1960_2025.csv),2026-09-14
TX0571800,Mesquite,Mesquite,TX,2018,228,83,311,144558,https://cde.ucr.cjis.gov/LATEST/webapp/#/pages/downloads (Law Enforcement Employees Data; file additional-datasets/law-enforcement/lee_1960_2025.csv),2026-09-14
TX0571800,Mesquite,Mesquite,TX,2019,231,80,311,143078,https://cde.ucr.cjis.gov/LATEST/webapp/#/pages/downloads (Law Enforcement Employees Data; file additional-datasets/law-enforcement/lee_1960_2025.csv),2026-09-14
TX0571800,Mesquite,Mesquite,TX,2020,227,92,319,141325,https://cde.ucr.cjis.gov/LATEST/webapp/#/pages/downloads (Law Enforcement Employees Data; file additional-datasets/law-enforcement/lee_1960_2025.csv),2026-09-14
TX0571800,Mesquite,Mesquite,TX,2021,232,81,313,137796,https://cde.ucr.cjis.gov/LATEST/webapp/#/pages/downloads (Law Enforcement Employees Data; file additional-datasets/law-enforcement/lee_1960_2025.csv),2026-09-14
TX0571800,Mesquite,Mesquite,TX,2022,230,82,312,147226,https://cde.ucr.cjis.gov/LATEST/webapp/#/pages/downloads (Law Enforcement Employees Data; file additional-datasets/law-enforcement/lee_1960_2025.csv),2026-09-14
TX0571800,Mesquite,Mesquite,TX,2023,236,74,310,147926,https://cde.ucr.cjis.gov/LATEST/webapp/#/pages/downloads (Law Enforcement Employees Data; file additional-datasets/law-enforcement/lee_1960_2025.csv),2026-09-14
TX0571800,Mesquite,Mesquite,TX,2024,251,97,348,148803,https://cde.ucr.cjis.gov/LATEST/webapp/#/pages/downloads (Law Enforcement Employees Data; file additional-datasets/law-enforcement/lee_1960_2025.csv),2026-09-14
TX1650100,Midland,Midland,TX,2017,182,57,239,138954,https://cde.ucr.cjis.gov/LATEST/webapp/#/pages/downloads (Law Enforcement Employees Data; file additional-datasets/law-enforcement/lee_1960_2025.csv),2026-09-14
TX1650100,Midland,Midland,TX,2019,160,47,207,146806,https://cde.ucr.cjis.gov/LATEST/webapp/#/pages/downloads (Law Enforcement Employees Data; file additional-datasets/law-enforcement/lee_1960_2025.csv),2026-09-14
TX1650100,Midland,Midland,TX,2020,152,91,243,150529,https://cde.ucr.cjis.gov/LATEST/webapp/#/pages/downloads (Law Enforcement Employees Data; file additional-datasets/law-enforcement/lee_1960_2025.csv),2026-09-14
TX1650100,Midland,Midland,TX,2021,164,87,251,151243,https://cde.ucr.cjis.gov/LATEST/webapp/#/pages/downloads (Law Enforcement Employees Data; file additional-datasets/law-enforcement/lee_1960_2025.csv),2026-09-14
TX1650100,Midland,Midland,TX,2022,175,68,243,129945,https://cde.ucr.cjis.gov/LATEST/webapp/#/pages/downloads (Law Enforcement Employees Data; file additional-datasets/law-enforcement/lee_1960_2025.csv),2026-09-14
TX1650100,Midland,Midland,TX,2023,158,79,237,135253,https://cde.ucr.cjis.gov/LATEST/webapp/#/pages/downloads (Law Enforcement Employees Data; file additional-datasets/law-enforcement/lee_1960_2025.csv),2026-09-14
TX1650100,Midland,Midland,TX,2024,168,56,224,140303,https://cde.ucr.cjis.gov/LATEST/webapp/#/pages/downloads (Law Enforcement Employees Data; file additional-datasets/law-enforcement/lee_1960_2025.csv),2026-09-14
TX0460100,New Braunfels,New Braunfels,TX,2020,137,35,172,94751,https://cde.ucr.cjis.gov/LATEST/webapp/#/pages/downloads (Law Enforcement Employees Data; file additional-datasets/law-enforcement/lee_1960_2025.csv),2026-09-14
TX0460100,New Braunfels,New Braunfels,TX,2021,139,33,172,100427,https://cde.ucr.cjis.gov/LATEST/webapp/#/pages/downloads (Law Enforcement Employees Data; file additional-datasets/law-enforcement/lee_1960_2025.csv),2026-09-14
TX0460100,New Braunfels,New Braunfels,TX,2022,134,32,166,107017,https://cde.ucr.cjis.gov/LATEST/webapp/#/pages/downloads (Law Enforcement Employees Data; file additional-datasets/law-enforcement/lee_1960_2025.csv),2026-09-14
TX0460100,New Braunfels,New Braunfels,TX,2023,151,38,189,111942,https://cde.ucr.cjis.gov/LATEST/webapp/#/pages/downloads (Law Enforcement Employees Data; file additional-datasets/law-enforcement/lee_1960_2025.csv),2026-09-14
TX0460100,New Braunfels,New Braunfels,TX,2024,156,31,187,118268,https://cde.ucr.cjis.gov/LATEST/webapp/#/pages/downloads (Law Enforcement Employees Data; file additional-datasets/law-enforcement/lee_1960_2025.csv),2026-09-14
TX0680200,Odessa,Odessa,TX,2017,160,50,210,121194,https://cde.ucr.cjis.gov/LATEST/webapp/#/pages/downloads (Law Enforcement Employees Data; file additional-datasets/law-enforcement/lee_1960_2025.csv),2026-09-14
TX0680200,Odessa,Odessa,TX,2018,160,52,212,119545,https://cde.ucr.cjis.gov/LATEST/webapp/#/pages/downloads (Law Enforcement Employees Data; file additional-datasets/law-enforcement/lee_1960_2025.csv),2026-09-14
TX0680200,Odessa,Odessa,TX,2019,137,60,197,123468,https://cde.ucr.cjis.gov/LATEST/webapp/#/pages/downloads (Law Enforcement Employees Data; file additional-datasets/law-enforcement/lee_1960_2025.csv),2026-09-14
TX0680200,Odessa,Odessa,TX,2020,137,61,198,126288,https://cde.ucr.cjis.gov/LATEST/webapp/#/pages/downloads (Law Enforcement Employees Data; file additional-datasets/law-enforcement/lee_1960_2025.csv),2026-09-14
TX0680200,Odessa,Odessa,TX,2021,147,45,192,128328,https://cde.ucr.cjis.gov/LATEST/webapp/#/pages/downloads (Law Enforcement Employees Data; file additional-datasets/law-enforcement/lee_1960_2025.csv),2026-09-14
TX0680200,Odessa,Odessa,TX,2022,133,43,176,110163,https://cde.ucr.cjis.gov/LATEST/webapp/#/pages/downloads (Law Enforcement Employees Data; file additional-datasets/law-enforcement/lee_1960_2025.csv),2026-09-14
TX0680200,Odessa,Odessa,TX,2023,123,49,172,111922,https://cde.ucr.cjis.gov/LATEST/webapp/#/pages/downloads (Law Enforcement Employees Data; file additional-datasets/law-enforcement/lee_1960_2025.csv),2026-09-14
TX0680200,Odessa,Odessa,TX,2024,124,47,171,116039,https://cde.ucr.cjis.gov/LATEST/webapp/#/pages/downloads (Law Enforcement Employees Data; file additional-datasets/law-enforcement/lee_1960_2025.csv),2026-09-14
TX1011500,Pasadena,Pasadena,TX,2017,263,95,358,154000,https://cde.ucr.cjis.gov/LATEST/webapp/#/pages/downloads (Law Enforcement Employees Data; file additional-datasets/law-enforcement/lee_1960_2025.csv),2026-09-14
TX1011500,Pasadena,Pasadena,TX,2019,291,78,369,153689,https://cde.ucr.cjis.gov/LATEST/webapp/#/pages/downloads (Law Enforcement Employees Data; file additional-datasets/law-enforcement/lee_1960_2025.csv),2026-09-14
TX1011500,Pasadena,Pasadena,TX,2020,282,91,373,151421,https://cde.ucr.cjis.gov/LATEST/webapp/#/pages/downloads (Law Enforcement Employees Data; file additional-datasets/law-enforcement/lee_1960_2025.csv),2026-09-14
TX1011500,Pasadena,Pasadena,TX,2021,274,93,367,149428,https://cde.ucr.cjis.gov/LATEST/webapp/#/pages/downloads (Law Enforcement Employees Data; file additional-datasets/law-enforcement/lee_1960_2025.csv),2026-09-14
TX1011500,Pasadena,Pasadena,TX,2022,270,76,346,145954,https://cde.ucr.cjis.gov/LATEST/webapp/#/pages/downloads (Law Enforcement Employees Data; file additional-datasets/law-enforcement/lee_1960_2025.csv),2026-09-14
TX1011500,Pasadena,Pasadena,TX,2023,279,98,377,145850,https://cde.ucr.cjis.gov/LATEST/webapp/#/pages/downloads (Law Enforcement Employees Data; file additional-datasets/law-enforcement/lee_1960_2025.csv),2026-09-14
TX1011500,Pasadena,Pasadena,TX,2024,291,82,373,145199,https://cde.ucr.cjis.gov/LATEST/webapp/#/pages/downloads (Law Enforcement Employees Data; file additional-datasets/law-enforcement/lee_1960_2025.csv),2026-09-14
TX0201000,Pearland,Pearland,TX,2018,163,60,223,124179,https://cde.ucr.cjis.gov/LATEST/webapp/#/pages/downloads (Law Enforcement Employees Data; file additional-datasets/law-enforcement/lee_1960_2025.csv),2026-09-14
TX0201000,Pearland,Pearland,TX,2019,161,66,227,126206,https://cde.ucr.cjis.gov/LATEST/webapp/#/pages/downloads (Law Enforcement Employees Data; file additional-datasets/law-enforcement/lee_1960_2025.csv),2026-09-14
TX0201000,Pearland,Pearland,TX,2020,174,61,235,126111,https://cde.ucr.cjis.gov/LATEST/webapp/#/pages/downloads (Law Enforcement Employees Data; file additional-datasets/law-enforcement/lee_1960_2025.csv),2026-09-14
TX0201000,Pearland,Pearland,TX,2021,169,61,230,126983,https://cde.ucr.cjis.gov/LATEST/webapp/#/pages/downloads (Law Enforcement Employees Data; file additional-datasets/law-enforcement/lee_1960_2025.csv),2026-09-14
TX0201000,Pearland,Pearland,TX,2022,170,71,241,125894,https://cde.ucr.cjis.gov/LATEST/webapp/#/pages/downloads (Law Enforcement Employees Data; file additional-datasets/law-enforcement/lee_1960_2025.csv),2026-09-14
TX0201000,Pearland,Pearland,TX,2023,171,66,237,127433,https://cde.ucr.cjis.gov/LATEST/webapp/#/pages/downloads (Law Enforcement Employees Data; file additional-datasets/law-enforcement/lee_1960_2025.csv),2026-09-14
TX0201000,Pearland,Pearland,TX,2024,171,71,242,128322,https://cde.ucr.cjis.gov/LATEST/webapp/#/pages/downloads (Law Enforcement Employees Data; file additional-datasets/law-enforcement/lee_1960_2025.csv),2026-09-14
TX0430600,Plano,Plano,TX,2018,408,177,585,289897,https://cde.ucr.cjis.gov/LATEST/webapp/#/pages/downloads (Law Enforcement Employees Data; file additional-datasets/law-enforcement/lee_1960_2025.csv),2026-09-14
TX0430600,Plano,Plano,TX,2019,403,182,585,291611,https://cde.ucr.cjis.gov/LATEST/webapp/#/pages/downloads (Law Enforcement Employees Data; file additional-datasets/law-enforcement/lee_1960_2025.csv),2026-09-14
TX0430600,Plano,Plano,TX,2020,380,177,557,290786,https://cde.ucr.cjis.gov/LATEST/webapp/#/pages/downloads (Law Enforcement Employees Data; file additional-datasets/law-enforcement/lee_1960_2025.csv),2026-09-14
TX0430600,Plano,Plano,TX,2021,416,175,591,294496,https://cde.ucr.cjis.gov/LATEST/webapp/#/pages/downloads (Law Enforcement Employees Data; file additional-datasets/law-enforcement/lee_1960_2025.csv),2026-09-14
TX0430600,Plano,Plano,TX,2022,407,224,631,289847,https://cde.ucr.cjis.gov/LATEST/webapp/#/pages/downloads (Law Enforcement Employees Data; file additional-datasets/law-enforcement/lee_1960_2025.csv),2026-09-14
TX0430600,Plano,Plano,TX,2023,415,167,582,291140,https://cde.ucr.cjis.gov/LATEST/webapp/#/pages/downloads (Law Enforcement Employees Data; file additional-datasets/law-enforcement/lee_1960_2025.csv),2026-09-14
TX0430600,Plano,Plano,TX,2024,411,185,596,291463,https://cde.ucr.cjis.gov/LATEST/webapp/#/pages/downloads (Law Enforcement Employees Data; file additional-datasets/law-enforcement/lee_1960_2025.csv),2026-09-14
TX0572000,Richardson,Richardson,TX,2018,159,94,253,119480,https://cde.ucr.cjis.gov/LATEST/webapp/#/pages/downloads (Law Enforcement Employees Data; file additional-datasets/law-enforcement/lee_1960_2025.csv),2026-09-14
TX0572000,Richardson,Richardson,TX,2019,168,87,255,123893,https://cde.ucr.cjis.gov/LATEST/webapp/#/pages/downloads (Law Enforcement Employees Data; file additional-datasets/law-enforcement/lee_1960_2025.csv),2026-09-14
TX0572000,Richardson,Richardson,TX,2020,165,90,255,124190,https://cde.ucr.cjis.gov/LATEST/webapp/#/pages/downloads (Law Enforcement Employees Data; file additional-datasets/law-enforcement/lee_1960_2025.csv),2026-09-14
TX0572000,Richardson,Richardson,TX,2021,164,90,254,122872,https://cde.ucr.cjis.gov/LATEST/webapp/#/pages/downloads (Law Enforcement Employees Data; file additional-datasets/law-enforcement/lee_1960_2025.csv),2026-09-14
TX0572000,Richardson,Richardson,TX,2022,164,81,245,115771,https://cde.ucr.cjis.gov/LATEST/webapp/#/pages/downloads (Law Enforcement Employees Data; file additional-datasets/law-enforcement/lee_1960_2025.csv),2026-09-14
TX0572000,Richardson,Richardson,TX,2023,160,84,244,119008,https://cde.ucr.cjis.gov/LATEST/webapp/#/pages/downloads (Law Enforcement Employees Data; file additional-datasets/law-enforcement/lee_1960_2025.csv),2026-09-14
TX0572000,Richardson,Richardson,TX,2024,171,91,262,117962,https://cde.ucr.cjis.gov/LATEST/webapp/#/pages/downloads (Law Enforcement Employees Data; file additional-datasets/law-enforcement/lee_1960_2025.csv),2026-09-14
TX2460500,Round Rock,Round Rock,TX,2018,169,72,241,127354,https://cde.ucr.cjis.gov/LATEST/webapp/#/pages/downloads (Law Enforcement Employees Data; file additional-datasets/law-enforcement/lee_1960_2025.csv),2026-09-14
TX2460500,Round Rock,Round Rock,TX,2020,172,72,244,137593,https://cde.ucr.cjis.gov/LATEST/webapp/#/pages/downloads (Law Enforcement Employees Data; file additional-datasets/law-enforcement/lee_1960_2025.csv),2026-09-14
TX2460500,Round Rock,Round Rock,TX,2021,168,71,239,141927,https://cde.ucr.cjis.gov/LATEST/webapp/#/pages/downloads (Law Enforcement Employees Data; file additional-datasets/law-enforcement/lee_1960_2025.csv),2026-09-14
TX2460500,Round Rock,Round Rock,TX,2022,174,68,242,127349,https://cde.ucr.cjis.gov/LATEST/webapp/#/pages/downloads (Law Enforcement Employees Data; file additional-datasets/law-enforcement/lee_1960_2025.csv),2026-09-14
TX2460500,Round Rock,Round Rock,TX,2023,164,77,241,129898,https://cde.ucr.cjis.gov/LATEST/webapp/#/pages/downloads (Law Enforcement Employees Data; file additional-datasets/law-enforcement/lee_1960_2025.csv),2026-09-14
TX2460500,Round Rock,Round Rock,TX,2024,209,89,298,133868,https://cde.ucr.cjis.gov/LATEST/webapp/#/pages/downloads (Law Enforcement Employees Data; file additional-datasets/law-enforcement/lee_1960_2025.csv),2026-09-14
TX2260100,San Angelo,San Angelo,TX,2017,172,29,201,101931,https://cde.ucr.cjis.gov/LATEST/webapp/#/pages/downloads (Law Enforcement Employees Data; file additional-datasets/law-enforcement/lee_1960_2025.csv),2026-09-14
TX2260100,San Angelo,San Angelo,TX,2020,165,33,198,101860,https://cde.ucr.cjis.gov/LATEST/webapp/#/pages/downloads (Law Enforcement Employees Data; file additional-datasets/law-enforcement/lee_1960_2025.csv),2026-09-14
TX2260100,San Angelo,San Angelo,TX,2021,174,30,204,102448,https://cde.ucr.cjis.gov/LATEST/webapp/#/pages/downloads (Law Enforcement Employees Data; file additional-datasets/law-enforcement/lee_1960_2025.csv),2026-09-14
TX2260100,San Angelo,San Angelo,TX,2022,169,43,212,99243,https://cde.ucr.cjis.gov/LATEST/webapp/#/pages/downloads (Law Enforcement Employees Data; file additional-datasets/law-enforcement/lee_1960_2025.csv),2026-09-14
TX2260100,San Angelo,San Angelo,TX,2023,168,30,198,98642,https://cde.ucr.cjis.gov/LATEST/webapp/#/pages/downloads (Law Enforcement Employees Data; file additional-datasets/law-enforcement/lee_1960_2025.csv),2026-09-14
TX2260100,San Angelo,San Angelo,TX,2024,159,53,212,98996,https://cde.ucr.cjis.gov/LATEST/webapp/#/pages/downloads (Law Enforcement Employees Data; file additional-datasets/law-enforcement/lee_1960_2025.csv),2026-09-14
TXSPD0000,San Antonio,San Antonio,TX,2017,2305,624,2929,1520712,https://cde.ucr.cjis.gov/LATEST/webapp/#/pages/downloads (Law Enforcement Employees Data; file additional-datasets/law-enforcement/lee_1960_2025.csv),2026-09-14
TXSPD0000,San Antonio,San Antonio,TX,2018,2352,639,2991,1539328,https://cde.ucr.cjis.gov/LATEST/webapp/#/pages/downloads (Law Enforcement Employees Data; file additional-datasets/law-enforcement/lee_1960_2025.csv),2026-09-14
TXSPD0000,San Antonio,San Antonio,TX,2019,2297,1065,3362,1559166,https://cde.ucr.cjis.gov/LATEST/webapp/#/pages/downloads (Law Enforcement Employees Data; file additional-datasets/law-enforcement/lee_1960_2025.csv),2026-09-14
TXSPD0000,San Antonio,San Antonio,TX,2020,2379,708,3087,1573189,https://cde.ucr.cjis.gov/LATEST/webapp/#/pages/downloads (Law Enforcement Employees Data; file additional-datasets/law-enforcement/lee_1960_2025.csv),2026-09-14
TXSPD0000,San Antonio,San Antonio,TX,2021,2381,601,2982,1592693,https://cde.ucr.cjis.gov/LATEST/webapp/#/pages/downloads (Law Enforcement Employees Data; file additional-datasets/law-enforcement/lee_1960_2025.csv),2026-09-14
TXSPD0000,San Antonio,San Antonio,TX,2022,2373,753,3126,1465608,https://cde.ucr.cjis.gov/LATEST/webapp/#/pages/downloads (Law Enforcement Employees Data; file additional-datasets/law-enforcement/lee_1960_2025.csv),2026-09-14
TXSPD0000,San Antonio,San Antonio,TX,2023,2419,643,3062,1490047,https://cde.ucr.cjis.gov/LATEST/webapp/#/pages/downloads (Law Enforcement Employees Data; file additional-datasets/law-enforcement/lee_1960_2025.csv),2026-09-14
TXSPD0000,San Antonio,San Antonio,TX,2024,2514,652,3166,1514458,https://cde.ucr.cjis.gov/LATEST/webapp/#/pages/downloads (Law Enforcement Employees Data; file additional-datasets/law-enforcement/lee_1960_2025.csv),2026-09-14
TX0790500,Sugar Land,Sugar Land,TX,2019,168,22,190,119944,https://cde.ucr.cjis.gov/LATEST/webapp/#/pages/downloads (Law Enforcement Employees Data; file additional-datasets/law-enforcement/lee_1960_2025.csv),2026-09-14
TX0790500,Sugar Land,Sugar Land,TX,2020,166,28,194,119671,https://cde.ucr.cjis.gov/LATEST/webapp/#/pages/downloads (Law Enforcement Employees Data; file additional-datasets/law-enforcement/lee_1960_2025.csv),2026-09-14
TX0790500,Sugar Land,Sugar Land,TX,2021,155,31,186,118888,https://cde.ucr.cjis.gov/LATEST/webapp/#/pages/downloads (Law Enforcement Employees Data; file additional-datasets/law-enforcement/lee_1960_2025.csv),2026-09-14
TX0790500,Sugar Land,Sugar Land,TX,2022,172,21,193,107989,https://cde.ucr.cjis.gov/LATEST/webapp/#/pages/downloads (Law Enforcement Employees Data; file additional-datasets/law-enforcement/lee_1960_2025.csv),2026-09-14
TX0790500,Sugar Land,Sugar Land,TX,2023,168,54,222,108718,https://cde.ucr.cjis.gov/LATEST/webapp/#/pages/downloads (Law Enforcement Employees Data; file additional-datasets/law-enforcement/lee_1960_2025.csv),2026-09-14
TX0790500,Sugar Land,Sugar Land,TX,2024,165,58,223,107757,https://cde.ucr.cjis.gov/LATEST/webapp/#/pages/downloads (Law Enforcement Employees Data; file additional-datasets/law-enforcement/lee_1960_2025.csv),2026-09-14
TX0140700,Temple,Temple,TX,2023,141,43,184,93073,https://cde.ucr.cjis.gov/LATEST/webapp/#/pages/downloads (Law Enforcement Employees Data; file additional-datasets/law-enforcement/lee_1960_2025.csv),2026-09-14
TX0140700,Temple,Temple,TX,2024,142,45,187,96862,https://cde.ucr.cjis.gov/LATEST/webapp/#/pages/downloads (Law Enforcement Employees Data; file additional-datasets/law-enforcement/lee_1960_2025.csv),2026-09-14
TX2120400,Tyler,Tyler,TX,2017,187,44,231,106115,https://cde.ucr.cjis.gov/LATEST/webapp/#/pages/downloads (Law Enforcement Employees Data; file additional-datasets/law-enforcement/lee_1960_2025.csv),2026-09-14
TX2120400,Tyler,Tyler,TX,2019,193,45,238,106851,https://cde.ucr.cjis.gov/LATEST/webapp/#/pages/downloads (Law Enforcement Employees Data; file additional-datasets/law-enforcement/lee_1960_2025.csv),2026-09-14
TX2120400,Tyler,Tyler,TX,2020,185,45,230,108139,https://cde.ucr.cjis.gov/LATEST/webapp/#/pages/downloads (Law Enforcement Employees Data; file additional-datasets/law-enforcement/lee_1960_2025.csv),2026-09-14
TX2120400,Tyler,Tyler,TX,2021,191,45,236,109408,https://cde.ucr.cjis.gov/LATEST/webapp/#/pages/downloads (Law Enforcement Employees Data; file additional-datasets/law-enforcement/lee_1960_2025.csv),2026-09-14
TX2120400,Tyler,Tyler,TX,2022,193,49,242,108422,https://cde.ucr.cjis.gov/LATEST/webapp/#/pages/downloads (Law Enforcement Employees Data; file additional-datasets/law-enforcement/lee_1960_2025.csv),2026-09-14
TX2120400,Tyler,Tyler,TX,2023,179,52,231,110824,https://cde.ucr.cjis.gov/LATEST/webapp/#/pages/downloads (Law Enforcement Employees Data; file additional-datasets/law-enforcement/lee_1960_2025.csv),2026-09-14
TX2120400,Tyler,Tyler,TX,2024,191,44,235,111714,https://cde.ucr.cjis.gov/LATEST/webapp/#/pages/downloads (Law Enforcement Employees Data; file additional-datasets/law-enforcement/lee_1960_2025.csv),2026-09-14
TX1551200,Waco,Waco,TX,2017,248,90,338,135997,https://cde.ucr.cjis.gov/LATEST/webapp/#/pages/downloads (Law Enforcement Employees Data; file additional-datasets/law-enforcement/lee_1960_2025.csv),2026-09-14
TX1551200,Waco,Waco,TX,2018,249,98,347,138091,https://cde.ucr.cjis.gov/LATEST/webapp/#/pages/downloads (Law Enforcement Employees Data; file additional-datasets/law-enforcement/lee_1960_2025.csv),2026-09-14
TX1551200,Waco,Waco,TX,2019,241,93,334,139870,https://cde.ucr.cjis.gov/LATEST/webapp/#/pages/downloads (Law Enforcement Employees Data; file additional-datasets/law-enforcement/lee_1960_2025.csv),2026-09-14
TX1551200,Waco,Waco,TX,2020,253,95,348,140870,https://cde.ucr.cjis.gov/LATEST/webapp/#/pages/downloads (Law Enforcement Employees Data; file additional-datasets/law-enforcement/lee_1960_2025.csv),2026-09-14
TX1551200,Waco,Waco,TX,2021,253,96,349,143089,https://cde.ucr.cjis.gov/LATEST/webapp/#/pages/downloads (Law Enforcement Employees Data; file additional-datasets/law-enforcement/lee_1960_2025.csv),2026-09-14
TX1551200,Waco,Waco,TX,2022,254,89,343,140911,https://cde.ucr.cjis.gov/LATEST/webapp/#/pages/downloads (Law Enforcement Employees Data; file additional-datasets/law-enforcement/lee_1960_2025.csv),2026-09-14
TX1551200,Waco,Waco,TX,2023,261,87,348,145741,https://cde.ucr.cjis.gov/LATEST/webapp/#/pages/downloads (Law Enforcement Employees Data; file additional-datasets/law-enforcement/lee_1960_2025.csv),2026-09-14
TX1551200,Waco,Waco,TX,2024,263,81,344,146270,https://cde.ucr.cjis.gov/LATEST/webapp/#/pages/downloads (Law Enforcement Employees Data; file additional-datasets/law-enforcement/lee_1960_2025.csv),2026-09-14
TX2430500,Wichita Falls,Wichita Falls,TX,2017,193,82,275,104706,https://cde.ucr.cjis.gov/LATEST/webapp/#/pages/downloads (Law Enforcement Employees Data; file additional-datasets/law-enforcement/lee_1960_2025.csv),2026-09-14
TX2430500,Wichita Falls,Wichita Falls,TX,2018,190,82,272,104738,https://cde.ucr.cjis.gov/LATEST/webapp/#/pages/downloads (Law Enforcement Employees Data; file additional-datasets/law-enforcement/lee_1960_2025.csv),2026-09-14
TX2430500,Wichita Falls,Wichita Falls,TX,2019,197,85,282,104551,https://cde.ucr.cjis.gov/LATEST/webapp/#/pages/downloads (Law Enforcement Employees Data; file additional-datasets/law-enforcement/lee_1960_2025.csv),2026-09-14
TX2430500,Wichita Falls,Wichita Falls,TX,2020,203,89,292,104673,https://cde.ucr.cjis.gov/LATEST/webapp/#/pages/downloads (Law Enforcement Employees Data; file additional-datasets/law-enforcement/lee_1960_2025.csv),2026-09-14
TX2430500,Wichita Falls,Wichita Falls,TX,2021,197,68,265,105468,https://cde.ucr.cjis.gov/LATEST/webapp/#/pages/downloads (Law Enforcement Employees Data; file additional-datasets/law-enforcement/lee_1960_2025.csv),2026-09-14
TX2430500,Wichita Falls,Wichita Falls,TX,2022,194,76,270,103337,https://cde.ucr.cjis.gov/LATEST/webapp/#/pages/downloads (Law Enforcement Employees Data; file additional-datasets/law-enforcement/lee_1960_2025.csv),2026-09-14
TX2430500,Wichita Falls,Wichita Falls,TX,2023,185,76,261,102740,https://cde.ucr.cjis.gov/LATEST/webapp/#/pages/downloads (Law Enforcement Employees Data; file additional-datasets/law-enforcement/lee_1960_2025.csv),2026-09-14
TX2430500,Wichita Falls,Wichita Falls,TX,2024,185,85,270,102762,https://cde.ucr.cjis.gov/LATEST/webapp/#/pages/downloads (Law Enforcement Employees Data; file additional-datasets/law-enforcement/lee_1960_2025.csv),2026-09-14
UT0250200,Lehi,Lehi,UT,2024,67,7,74,95189,https://cde.ucr.cjis.gov/LATEST/webapp/#/pages/downloads (Law Enforcement Employees Data; file additional-datasets/law-enforcement/lee_1960_2025.csv),2026-09-14
UT0250300,Orem,Orem,UT,2017,88,34,122,99045,https://cde.ucr.cjis.gov/LATEST/webapp/#/pages/downloads (Law Enforcement Employees Data; file additional-datasets/law-enforcement/lee_1960_2025.csv),2026-09-14
UT0250300,Orem,Orem,UT,2018,86,33,119,99221,https://cde.ucr.cjis.gov/LATEST/webapp/#/pages/downloads (Law Enforcement Employees Data; file additional-datasets/law-enforcement/lee_1960_2025.csv),2026-09-14
UT0250300,Orem,Orem,UT,2019,85,30,115,98686,https://cde.ucr.cjis.gov/LATEST/webapp/#/pages/downloads (Law Enforcement Employees Data; file additional-datasets/law-enforcement/lee_1960_2025.csv),2026-09-14
UT0250300,Orem,Orem,UT,2020,91,32,123,98902,https://cde.ucr.cjis.gov/LATEST/webapp/#/pages/downloads (Law Enforcement Employees Data; file additional-datasets/law-enforcement/lee_1960_2025.csv),2026-09-14
UT0250300,Orem,Orem,UT,2021,96,38,134,100060,https://cde.ucr.cjis.gov/LATEST/webapp/#/pages/downloads (Law Enforcement Employees Data; file additional-datasets/law-enforcement/lee_1960_2025.csv),2026-09-14
UT0250300,Orem,Orem,UT,2022,96,27,123,97430,https://cde.ucr.cjis.gov/LATEST/webapp/#/pages/downloads (Law Enforcement Employees Data; file additional-datasets/law-enforcement/lee_1960_2025.csv),2026-09-14
UT0250300,Orem,Orem,UT,2023,101,25,126,94682,https://cde.ucr.cjis.gov/LATEST/webapp/#/pages/downloads (Law Enforcement Employees Data; file additional-datasets/law-enforcement/lee_1960_2025.csv),2026-09-14
UT0250300,Orem,Orem,UT,2024,102,17,119,94571,https://cde.ucr.cjis.gov/LATEST/webapp/#/pages/downloads (Law Enforcement Employees Data; file additional-datasets/law-enforcement/lee_1960_2025.csv),2026-09-14
UT0250600,Provo,Provo,UT,2017,105,51,156,117540,https://cde.ucr.cjis.gov/LATEST/webapp/#/pages/downloads (Law Enforcement Employees Data; file additional-datasets/law-enforcement/lee_1960_2025.csv),2026-09-14
UT0250600,Provo,Provo,UT,2018,101,26,127,117986,https://cde.ucr.cjis.gov/LATEST/webapp/#/pages/downloads (Law Enforcement Employees Data; file additional-datasets/law-enforcement/lee_1960_2025.csv),2026-09-14
UT0250600,Provo,Provo,UT,2019,109,49,158,117189,https://cde.ucr.cjis.gov/LATEST/webapp/#/pages/downloads (Law Enforcement Employees Data; file additional-datasets/law-enforcement/lee_1960_2025.csv),2026-09-14
UT0250600,Provo,Provo,UT,2020,198,30,228,117041,https://cde.ucr.cjis.gov/LATEST/webapp/#/pages/downloads (Law Enforcement Employees Data; file additional-datasets/law-enforcement/lee_1960_2025.csv),2026-09-14
UT0250600,Provo,Provo,UT,2021,98,29,127,116642,https://cde.ucr.cjis.gov/LATEST/webapp/#/pages/downloads (Law Enforcement Employees Data; file additional-datasets/law-enforcement/lee_1960_2025.csv),2026-09-14
UT0250600,Provo,Provo,UT,2022,114,29,143,114120,https://cde.ucr.cjis.gov/LATEST/webapp/#/pages/downloads (Law Enforcement Employees Data; file additional-datasets/law-enforcement/lee_1960_2025.csv),2026-09-14
UT0250600,Provo,Provo,UT,2023,113,65,178,112743,https://cde.ucr.cjis.gov/LATEST/webapp/#/pages/downloads (Law Enforcement Employees Data; file additional-datasets/law-enforcement/lee_1960_2025.csv),2026-09-14
UT0250600,Provo,Provo,UT,2024,101,61,162,112763,https://cde.ucr.cjis.gov/LATEST/webapp/#/pages/downloads (Law Enforcement Employees Data; file additional-datasets/law-enforcement/lee_1960_2025.csv),2026-09-14
UT0180300,Salt Lake City,Salt Lake City,UT,2017,450,112,562,194968,https://cde.ucr.cjis.gov/LATEST/webapp/#/pages/downloads (Law Enforcement Employees Data; file additional-datasets/law-enforcement/lee_1960_2025.csv),2026-09-14
UT0180300,Salt Lake City,Salt Lake City,UT,2018,474,109,583,202633,https://cde.ucr.cjis.gov/LATEST/webapp/#/pages/downloads (Law Enforcement Employees Data; file additional-datasets/law-enforcement/lee_1960_2025.csv),2026-09-14
UT0180300,Salt Lake City,Salt Lake City,UT,2019,503,144,647,202426,https://cde.ucr.cjis.gov/LATEST/webapp/#/pages/downloads (Law Enforcement Employees Data; file additional-datasets/law-enforcement/lee_1960_2025.csv),2026-09-14
UT0180300,Salt Lake City,Salt Lake City,UT,2020,523,121,644,202187,https://cde.ucr.cjis.gov/LATEST/webapp/#/pages/downloads (Law Enforcement Employees Data; file additional-datasets/law-enforcement/lee_1960_2025.csv),2026-09-14
UT0180300,Salt Lake City,Salt Lake City,UT,2021,490,137,627,205929,https://cde.ucr.cjis.gov/LATEST/webapp/#/pages/downloads (Law Enforcement Employees Data; file additional-datasets/law-enforcement/lee_1960_2025.csv),2026-09-14
UT0180300,Salt Lake City,Salt Lake City,UT,2022,554,127,681,201373,https://cde.ucr.cjis.gov/LATEST/webapp/#/pages/downloads (Law Enforcement Employees Data; file additional-datasets/law-enforcement/lee_1960_2025.csv),2026-09-14
UT0180300,Salt Lake City,Salt Lake City,UT,2023,569,149,718,206692,https://cde.ucr.cjis.gov/LATEST/webapp/#/pages/downloads (Law Enforcement Employees Data; file additional-datasets/law-enforcement/lee_1960_2025.csv),2026-09-14
UT0180300,Salt Lake City,Salt Lake City,UT,2024,585,156,741,212675,https://cde.ucr.cjis.gov/LATEST/webapp/#/pages/downloads (Law Enforcement Employees Data; file additional-datasets/law-enforcement/lee_1960_2025.csv),2026-09-14
UT0180500,Sandy,Sandy,UT,2017,109,35,144,96957,https://cde.ucr.cjis.gov/LATEST/webapp/#/pages/downloads (Law Enforcement Employees Data; file additional-datasets/law-enforcement/lee_1960_2025.csv),2026-09-14
UT0180500,Sandy,Sandy,UT,2018,100,26,126,97057,https://cde.ucr.cjis.gov/LATEST/webapp/#/pages/downloads (Law Enforcement Employees Data; file additional-datasets/law-enforcement/lee_1960_2025.csv),2026-09-14
UT0180500,Sandy,Sandy,UT,2019,109,38,147,97797,https://cde.ucr.cjis.gov/LATEST/webapp/#/pages/downloads (Law Enforcement Employees Data; file additional-datasets/law-enforcement/lee_1960_2025.csv),2026-09-14
UT0180500,Sandy,Sandy,UT,2020,110,32,142,97091,https://cde.ucr.cjis.gov/LATEST/webapp/#/pages/downloads (Law Enforcement Employees Data; file additional-datasets/law-enforcement/lee_1960_2025.csv),2026-09-14
UT0180500,Sandy,Sandy,UT,2021,110,33,143,95353,https://cde.ucr.cjis.gov/LATEST/webapp/#/pages/downloads (Law Enforcement Employees Data; file additional-datasets/law-enforcement/lee_1960_2025.csv),2026-09-14
UT0180500,Sandy,Sandy,UT,2022,118,32,150,93102,https://cde.ucr.cjis.gov/LATEST/webapp/#/pages/downloads (Law Enforcement Employees Data; file additional-datasets/law-enforcement/lee_1960_2025.csv),2026-09-14
UT0180500,Sandy,Sandy,UT,2023,114,33,147,91132,https://cde.ucr.cjis.gov/LATEST/webapp/#/pages/downloads (Law Enforcement Employees Data; file additional-datasets/law-enforcement/lee_1960_2025.csv),2026-09-14
UT0180500,Sandy,Sandy,UT,2024,114,28,142,90341,https://cde.ucr.cjis.gov/LATEST/webapp/#/pages/downloads (Law Enforcement Employees Data; file additional-datasets/law-enforcement/lee_1960_2025.csv),2026-09-14
UT0270100,St. George,St. George,UT,2020,115,48,163,91673,https://cde.ucr.cjis.gov/LATEST/webapp/#/pages/downloads (Law Enforcement Employees Data; file additional-datasets/law-enforcement/lee_1960_2025.csv),2026-09-14
UT0270100,St. George,St. George,UT,2021,120,49,169,94601,https://cde.ucr.cjis.gov/LATEST/webapp/#/pages/downloads (Law Enforcement Employees Data; file additional-datasets/law-enforcement/lee_1960_2025.csv),2026-09-14
UT0270100,St. George,St. George,UT,2022,134,53,187,104158,https://cde.ucr.cjis.gov/LATEST/webapp/#/pages/downloads (Law Enforcement Employees Data; file additional-datasets/law-enforcement/lee_1960_2025.csv),2026-09-14
UT0270100,St. George,St. George,UT,2023,139,54,193,105930,https://cde.ucr.cjis.gov/LATEST/webapp/#/pages/downloads (Law Enforcement Employees Data; file additional-datasets/law-enforcement/lee_1960_2025.csv),2026-09-14
UT0270100,St. George,St. George,UT,2024,145,57,202,107595,https://cde.ucr.cjis.gov/LATEST/webapp/#/pages/downloads (Law Enforcement Employees Data; file additional-datasets/law-enforcement/lee_1960_2025.csv),2026-09-14
UT0180600,West Jordan,West Jordan,UT,2017,110,35,145,115390,https://cde.ucr.cjis.gov/LATEST/webapp/#/pages/downloads (Law Enforcement Employees Data; file additional-datasets/law-enforcement/lee_1960_2025.csv),2026-09-14
UT0180600,West Jordan,West Jordan,UT,2018,114,32,146,115392,https://cde.ucr.cjis.gov/LATEST/webapp/#/pages/downloads (Law Enforcement Employees Data; file additional-datasets/law-enforcement/lee_1960_2025.csv),2026-09-14
UT0180600,West Jordan,West Jordan,UT,2019,117,36,153,117644,https://cde.ucr.cjis.gov/LATEST/webapp/#/pages/downloads (Law Enforcement Employees Data; file additional-datasets/law-enforcement/lee_1960_2025.csv),2026-09-14
UT0180600,West Jordan,West Jordan,UT,2020,121,25,146,117955,https://cde.ucr.cjis.gov/LATEST/webapp/#/pages/downloads (Law Enforcement Employees Data; file additional-datasets/law-enforcement/lee_1960_2025.csv),2026-09-14
UT0180600,West Jordan,West Jordan,UT,2021,115,23,138,117862,https://cde.ucr.cjis.gov/LATEST/webapp/#/pages/downloads (Law Enforcement Employees Data; file additional-datasets/law-enforcement/lee_1960_2025.csv),2026-09-14
UT0180600,West Jordan,West Jordan,UT,2022,124,34,158,115900,https://cde.ucr.cjis.gov/LATEST/webapp/#/pages/downloads (Law Enforcement Employees Data; file additional-datasets/law-enforcement/lee_1960_2025.csv),2026-09-14
UT0180600,West Jordan,West Jordan,UT,2023,115,26,141,116485,https://cde.ucr.cjis.gov/LATEST/webapp/#/pages/downloads (Law Enforcement Employees Data; file additional-datasets/law-enforcement/lee_1960_2025.csv),2026-09-14
UT0180600,West Jordan,West Jordan,UT,2024,124,27,151,114211,https://cde.ucr.cjis.gov/LATEST/webapp/#/pages/downloads (Law Enforcement Employees Data; file additional-datasets/law-enforcement/lee_1960_2025.csv),2026-09-14
UT0182500,West Valley,West Valley,UT,2017,197,42,239,137762,https://cde.ucr.cjis.gov/LATEST/webapp/#/pages/downloads (Law Enforcement Employees Data; file additional-datasets/law-enforcement/lee_1960_2025.csv),2026-09-14
UT0182500,West Valley,West Valley,UT,2018,207,43,250,137132,https://cde.ucr.cjis.gov/LATEST/webapp/#/pages/downloads (Law Enforcement Employees Data; file additional-datasets/law-enforcement/lee_1960_2025.csv),2026-09-14
UT0182500,West Valley,West Valley,UT,2019,203,43,246,137269,https://cde.ucr.cjis.gov/LATEST/webapp/#/pages/downloads (Law Enforcement Employees Data; file additional-datasets/law-enforcement/lee_1960_2025.csv),2026-09-14
UT0182500,West Valley,West Valley,UT,2020,217,45,262,135887,https://cde.ucr.cjis.gov/LATEST/webapp/#/pages/downloads (Law Enforcement Employees Data; file additional-datasets/law-enforcement/lee_1960_2025.csv),2026-09-14
UT0182500,West Valley,West Valley,UT,2021,203,45,248,134329,https://cde.ucr.cjis.gov/LATEST/webapp/#/pages/downloads (Law Enforcement Employees Data; file additional-datasets/law-enforcement/lee_1960_2025.csv),2026-09-14
UT0182500,West Valley,West Valley,UT,2022,229,53,282,138020,https://cde.ucr.cjis.gov/LATEST/webapp/#/pages/downloads (Law Enforcement Employees Data; file additional-datasets/law-enforcement/lee_1960_2025.csv),2026-09-14
UT0182500,West Valley,West Valley,UT,2023,215,130,345,135023,https://cde.ucr.cjis.gov/LATEST/webapp/#/pages/downloads (Law Enforcement Employees Data; file additional-datasets/law-enforcement/lee_1960_2025.csv),2026-09-14
UT0182500,West Valley,West Valley,UT,2024,218,48,266,132686,https://cde.ucr.cjis.gov/LATEST/webapp/#/pages/downloads (Law Enforcement Employees Data; file additional-datasets/law-enforcement/lee_1960_2025.csv),2026-09-14
VA0990000,Alexandria,Alexandria,VA,2017,317,98,415,158256,https://cde.ucr.cjis.gov/LATEST/webapp/#/pages/downloads (Law Enforcement Employees Data; file additional-datasets/law-enforcement/lee_1960_2025.csv),2026-09-14
VA0990000,Alexandria,Alexandria,VA,2018,320,88,408,162588,https://cde.ucr.cjis.gov/LATEST/webapp/#/pages/downloads (Law Enforcement Employees Data; file additional-datasets/law-enforcement/lee_1960_2025.csv),2026-09-14
VA0990000,Alexandria,Alexandria,VA,2019,322,91,413,162258,https://cde.ucr.cjis.gov/LATEST/webapp/#/pages/downloads (Law Enforcement Employees Data; file additional-datasets/law-enforcement/lee_1960_2025.csv),2026-09-14
VA0990000,Alexandria,Alexandria,VA,2020,314,109,423,161525,https://cde.ucr.cjis.gov/LATEST/webapp/#/pages/downloads (Law Enforcement Employees Data; file additional-datasets/law-enforcement/lee_1960_2025.csv),2026-09-14
VA0990000,Alexandria,Alexandria,VA,2021,295,84,379,160457,https://cde.ucr.cjis.gov/LATEST/webapp/#/pages/downloads (Law Enforcement Employees Data; file additional-datasets/law-enforcement/lee_1960_2025.csv),2026-09-14
VA0990000,Alexandria,Alexandria,VA,2022,301,81,382,150957,https://cde.ucr.cjis.gov/LATEST/webapp/#/pages/downloads (Law Enforcement Employees Data; file additional-datasets/law-enforcement/lee_1960_2025.csv),2026-09-14
VA0990000,Alexandria,Alexandria,VA,2023,293,79,372,153897,https://cde.ucr.cjis.gov/LATEST/webapp/#/pages/downloads (Law Enforcement Employees Data; file additional-datasets/law-enforcement/lee_1960_2025.csv),2026-09-14
VA0990000,Alexandria,Alexandria,VA,2024,314,84,398,155153,https://cde.ucr.cjis.gov/LATEST/webapp/#/pages/downloads (Law Enforcement Employees Data; file additional-datasets/law-enforcement/lee_1960_2025.csv),2026-09-14
VA1030000,Chesapeake,Chesapeake,VA,2017,379,182,561,240119,https://cde.ucr.cjis.gov/LATEST/webapp/#/pages/downloads (Law Enforcement Employees Data; file additional-datasets/law-enforcement/lee_1960_2025.csv),2026-09-14
VA1030000,Chesapeake,Chesapeake,VA,2018,373,146,519,242310,https://cde.ucr.cjis.gov/LATEST/webapp/#/pages/downloads (Law Enforcement Employees Data; file additional-datasets/law-enforcement/lee_1960_2025.csv),2026-09-14
VA1030000,Chesapeake,Chesapeake,VA,2019,388,189,577,243726,https://cde.ucr.cjis.gov/LATEST/webapp/#/pages/downloads (Law Enforcement Employees Data; file additional-datasets/law-enforcement/lee_1960_2025.csv),2026-09-14
VA1030000,Chesapeake,Chesapeake,VA,2020,371,143,514,247118,https://cde.ucr.cjis.gov/LATEST/webapp/#/pages/downloads (Law Enforcement Employees Data; file additional-datasets/law-enforcement/lee_1960_2025.csv),2026-09-14
VA1030000,Chesapeake,Chesapeake,VA,2021,378,139,517,249188,https://cde.ucr.cjis.gov/LATEST/webapp/#/pages/downloads (Law Enforcement Employees Data; file additional-datasets/law-enforcement/lee_1960_2025.csv),2026-09-14
VA1030000,Chesapeake,Chesapeake,VA,2022,394,130,524,253745,https://cde.ucr.cjis.gov/LATEST/webapp/#/pages/downloads (Law Enforcement Employees Data; file additional-datasets/law-enforcement/lee_1960_2025.csv),2026-09-14
VA1030000,Chesapeake,Chesapeake,VA,2023,360,131,491,254051,https://cde.ucr.cjis.gov/LATEST/webapp/#/pages/downloads (Law Enforcement Employees Data; file additional-datasets/law-enforcement/lee_1960_2025.csv),2026-09-14
VA1030000,Chesapeake,Chesapeake,VA,2024,329,159,488,257248,https://cde.ucr.cjis.gov/LATEST/webapp/#/pages/downloads (Law Enforcement Employees Data; file additional-datasets/law-enforcement/lee_1960_2025.csv),2026-09-14
VA1110000,Hampton,Hampton,VA,2017,265,96,361,134929,https://cde.ucr.cjis.gov/LATEST/webapp/#/pages/downloads (Law Enforcement Employees Data; file additional-datasets/law-enforcement/lee_1960_2025.csv),2026-09-14
VA1110000,Hampton,Hampton,VA,2018,270,101,371,133965,https://cde.ucr.cjis.gov/LATEST/webapp/#/pages/downloads (Law Enforcement Employees Data; file additional-datasets/law-enforcement/lee_1960_2025.csv),2026-09-14
VA1110000,Hampton,Hampton,VA,2019,285,92,377,133173,https://cde.ucr.cjis.gov/LATEST/webapp/#/pages/downloads (Law Enforcement Employees Data; file additional-datasets/law-enforcement/lee_1960_2025.csv),2026-09-14
VA1110000,Hampton,Hampton,VA,2020,325,101,426,134082,https://cde.ucr.cjis.gov/LATEST/webapp/#/pages/downloads (Law Enforcement Employees Data; file additional-datasets/law-enforcement/lee_1960_2025.csv),2026-09-14
VA1110000,Hampton,Hampton,VA,2021,297,99,396,135107,https://cde.ucr.cjis.gov/LATEST/webapp/#/pages/downloads (Law Enforcement Employees Data; file additional-datasets/law-enforcement/lee_1960_2025.csv),2026-09-14
VA1110000,Hampton,Hampton,VA,2022,271,127,398,138843,https://cde.ucr.cjis.gov/LATEST/webapp/#/pages/downloads (Law Enforcement Employees Data; file additional-datasets/law-enforcement/lee_1960_2025.csv),2026-09-14
VA1110000,Hampton,Hampton,VA,2023,260,99,359,138533,https://cde.ucr.cjis.gov/LATEST/webapp/#/pages/downloads (Law Enforcement Employees Data; file additional-datasets/law-enforcement/lee_1960_2025.csv),2026-09-14
VA1110000,Hampton,Hampton,VA,2024,264,102,366,138100,https://cde.ucr.cjis.gov/LATEST/webapp/#/pages/downloads (Law Enforcement Employees Data; file additional-datasets/law-enforcement/lee_1960_2025.csv),2026-09-14
VA1160000,Newport News,Newport News,VA,2017,431,148,579,181738,https://cde.ucr.cjis.gov/LATEST/webapp/#/pages/downloads (Law Enforcement Employees Data; file additional-datasets/law-enforcement/lee_1960_2025.csv),2026-09-14
VA1160000,Newport News,Newport News,VA,2018,421,146,567,178734,https://cde.ucr.cjis.gov/LATEST/webapp/#/pages/downloads (Law Enforcement Employees Data; file additional-datasets/law-enforcement/lee_1960_2025.csv),2026-09-14
VA1160000,Newport News,Newport News,VA,2019,445,158,603,177319,https://cde.ucr.cjis.gov/LATEST/webapp/#/pages/downloads (Law Enforcement Employees Data; file additional-datasets/law-enforcement/lee_1960_2025.csv),2026-09-14
VA1160000,Newport News,Newport News,VA,2020,449,174,623,178896,https://cde.ucr.cjis.gov/LATEST/webapp/#/pages/downloads (Law Enforcement Employees Data; file additional-datasets/law-enforcement/lee_1960_2025.csv),2026-09-14
VA1160000,Newport News,Newport News,VA,2021,437,176,613,178662,https://cde.ucr.cjis.gov/LATEST/webapp/#/pages/downloads (Law Enforcement Employees Data; file additional-datasets/law-enforcement/lee_1960_2025.csv),2026-09-14
VA1160000,Newport News,Newport News,VA,2022,428,179,607,183903,https://cde.ucr.cjis.gov/LATEST/webapp/#/pages/downloads (Law Enforcement Employees Data; file additional-datasets/law-enforcement/lee_1960_2025.csv),2026-09-14
VA1160000,Newport News,Newport News,VA,2023,436,160,596,183600,https://cde.ucr.cjis.gov/LATEST/webapp/#/pages/downloads (Law Enforcement Employees Data; file additional-datasets/law-enforcement/lee_1960_2025.csv),2026-09-14
VA1160000,Newport News,Newport News,VA,2024,441,170,611,183563,https://cde.ucr.cjis.gov/LATEST/webapp/#/pages/downloads (Law Enforcement Employees Data; file additional-datasets/law-enforcement/lee_1960_2025.csv),2026-09-14
VA1170000,Norfolk,Norfolk,VA,2017,713,86,799,245190,https://cde.ucr.cjis.gov/LATEST/webapp/#/pages/downloads (Law Enforcement Employees Data; file additional-datasets/law-enforcement/lee_1960_2025.csv),2026-09-14
VA1170000,Norfolk,Norfolk,VA,2018,702,99,801,244347,https://cde.ucr.cjis.gov/LATEST/webapp/#/pages/downloads (Law Enforcement Employees Data; file additional-datasets/law-enforcement/lee_1960_2025.csv),2026-09-14
VA1170000,Norfolk,Norfolk,VA,2019,691,92,783,242813,https://cde.ucr.cjis.gov/LATEST/webapp/#/pages/downloads (Law Enforcement Employees Data; file additional-datasets/law-enforcement/lee_1960_2025.csv),2026-09-14
VA1170000,Norfolk,Norfolk,VA,2020,656,151,807,242516,https://cde.ucr.cjis.gov/LATEST/webapp/#/pages/downloads (Law Enforcement Employees Data; file additional-datasets/law-enforcement/lee_1960_2025.csv),2026-09-14
VA1170000,Norfolk,Norfolk,VA,2021,568,149,717,242488,https://cde.ucr.cjis.gov/LATEST/webapp/#/pages/downloads (Law Enforcement Employees Data; file additional-datasets/law-enforcement/lee_1960_2025.csv),2026-09-14
VA1170000,Norfolk,Norfolk,VA,2022,490,84,574,233419,https://cde.ucr.cjis.gov/LATEST/webapp/#/pages/downloads (Law Enforcement Employees Data; file additional-datasets/law-enforcement/lee_1960_2025.csv),2026-09-14
VA1170000,Norfolk,Norfolk,VA,2023,514,107,621,230849,https://cde.ucr.cjis.gov/LATEST/webapp/#/pages/downloads (Law Enforcement Employees Data; file additional-datasets/law-enforcement/lee_1960_2025.csv),2026-09-14
VA1170000,Norfolk,Norfolk,VA,2024,519,150,669,230460,https://cde.ucr.cjis.gov/LATEST/webapp/#/pages/downloads (Law Enforcement Employees Data; file additional-datasets/law-enforcement/lee_1960_2025.csv),2026-09-14
VA1200000,Portsmouth,Portsmouth,VA,2017,222,75,297,95100,https://cde.ucr.cjis.gov/LATEST/webapp/#/pages/downloads (Law Enforcement Employees Data; file additional-datasets/law-enforcement/lee_1960_2025.csv),2026-09-14
VA1200000,Portsmouth,Portsmouth,VA,2018,232,118,350,94218,https://cde.ucr.cjis.gov/LATEST/webapp/#/pages/downloads (Law Enforcement Employees Data; file additional-datasets/law-enforcement/lee_1960_2025.csv),2026-09-14
VA1200000,Portsmouth,Portsmouth,VA,2019,220,54,274,93991,https://cde.ucr.cjis.gov/LATEST/webapp/#/pages/downloads (Law Enforcement Employees Data; file additional-datasets/law-enforcement/lee_1960_2025.csv),2026-09-14
VA1200000,Portsmouth,Portsmouth,VA,2020,199,50,249,94205,https://cde.ucr.cjis.gov/LATEST/webapp/#/pages/downloads (Law Enforcement Employees Data; file additional-datasets/law-enforcement/lee_1960_2025.csv),2026-09-14
VA1200000,Portsmouth,Portsmouth,VA,2021,175,44,219,94943,https://cde.ucr.cjis.gov/LATEST/webapp/#/pages/downloads (Law Enforcement Employees Data; file additional-datasets/law-enforcement/lee_1960_2025.csv),2026-09-14
VA1200000,Portsmouth,Portsmouth,VA,2022,160,55,215,98003,https://cde.ucr.cjis.gov/LATEST/webapp/#/pages/downloads (Law Enforcement Employees Data; file additional-datasets/law-enforcement/lee_1960_2025.csv),2026-09-14
VA1200000,Portsmouth,Portsmouth,VA,2023,168,39,207,96649,https://cde.ucr.cjis.gov/LATEST/webapp/#/pages/downloads (Law Enforcement Employees Data; file additional-datasets/law-enforcement/lee_1960_2025.csv),2026-09-14
VA1220000,Richmond,Richmond,VA,2017,695,140,835,226236,https://cde.ucr.cjis.gov/LATEST/webapp/#/pages/downloads (Law Enforcement Employees Data; file additional-datasets/law-enforcement/lee_1960_2025.csv),2026-09-14
VA1220000,Richmond,Richmond,VA,2018,737,104,841,229927,https://cde.ucr.cjis.gov/LATEST/webapp/#/pages/downloads (Law Enforcement Employees Data; file additional-datasets/law-enforcement/lee_1960_2025.csv),2026-09-14
VA1220000,Richmond,Richmond,VA,2019,734,117,851,230721,https://cde.ucr.cjis.gov/LATEST/webapp/#/pages/downloads (Law Enforcement Employees Data; file additional-datasets/law-enforcement/lee_1960_2025.csv),2026-09-14
VA1220000,Richmond,Richmond,VA,2020,846,202,1048,233350,https://cde.ucr.cjis.gov/LATEST/webapp/#/pages/downloads (Law Enforcement Employees Data; file additional-datasets/law-enforcement/lee_1960_2025.csv),2026-09-14
VA1220000,Richmond,Richmond,VA,2021,632,95,727,234928,https://cde.ucr.cjis.gov/LATEST/webapp/#/pages/downloads (Law Enforcement Employees Data; file additional-datasets/law-enforcement/lee_1960_2025.csv),2026-09-14
VA1220000,Richmond,Richmond,VA,2022,603,90,693,227323,https://cde.ucr.cjis.gov/LATEST/webapp/#/pages/downloads (Law Enforcement Employees Data; file additional-datasets/law-enforcement/lee_1960_2025.csv),2026-09-14
VA1220000,Richmond,Richmond,VA,2023,560,111,671,230789,https://cde.ucr.cjis.gov/LATEST/webapp/#/pages/downloads (Law Enforcement Employees Data; file additional-datasets/law-enforcement/lee_1960_2025.csv),2026-09-14
VA1220000,Richmond,Richmond,VA,2024,597,101,698,231805,https://cde.ucr.cjis.gov/LATEST/webapp/#/pages/downloads (Law Enforcement Employees Data; file additional-datasets/law-enforcement/lee_1960_2025.csv),2026-09-14
VA1230000,Roanoke,Roanoke,VA,2017,254,48,302,100027,https://cde.ucr.cjis.gov/LATEST/webapp/#/pages/downloads (Law Enforcement Employees Data; file additional-datasets/law-enforcement/lee_1960_2025.csv),2026-09-14
VA1230000,Roanoke,Roanoke,VA,2018,263,46,309,100042,https://cde.ucr.cjis.gov/LATEST/webapp/#/pages/downloads (Law Enforcement Employees Data; file additional-datasets/law-enforcement/lee_1960_2025.csv),2026-09-14
VA1230000,Roanoke,Roanoke,VA,2019,248,43,291,99752,https://cde.ucr.cjis.gov/LATEST/webapp/#/pages/downloads (Law Enforcement Employees Data; file additional-datasets/law-enforcement/lee_1960_2025.csv),2026-09-14
VA1230000,Roanoke,Roanoke,VA,2020,228,46,274,99335,https://cde.ucr.cjis.gov/LATEST/webapp/#/pages/downloads (Law Enforcement Employees Data; file additional-datasets/law-enforcement/lee_1960_2025.csv),2026-09-14
VA1230000,Roanoke,Roanoke,VA,2021,199,41,240,99175,https://cde.ucr.cjis.gov/LATEST/webapp/#/pages/downloads (Law Enforcement Employees Data; file additional-datasets/law-enforcement/lee_1960_2025.csv),2026-09-14
VA1230000,Roanoke,Roanoke,VA,2022,202,42,244,98204,https://cde.ucr.cjis.gov/LATEST/webapp/#/pages/downloads (Law Enforcement Employees Data; file additional-datasets/law-enforcement/lee_1960_2025.csv),2026-09-14
VA1230000,Roanoke,Roanoke,VA,2023,201,47,248,96925,https://cde.ucr.cjis.gov/LATEST/webapp/#/pages/downloads (Law Enforcement Employees Data; file additional-datasets/law-enforcement/lee_1960_2025.csv),2026-09-14
VA1230000,Roanoke,Roanoke,VA,2024,180,58,238,97027,https://cde.ucr.cjis.gov/LATEST/webapp/#/pages/downloads (Law Enforcement Employees Data; file additional-datasets/law-enforcement/lee_1960_2025.csv),2026-09-14
VA1270000,Suffolk,Suffolk,VA,2018,178,53,231,90817,https://cde.ucr.cjis.gov/LATEST/webapp/#/pages/downloads (Law Enforcement Employees Data; file additional-datasets/law-enforcement/lee_1960_2025.csv),2026-09-14
VA1270000,Suffolk,Suffolk,VA,2019,173,60,233,91486,https://cde.ucr.cjis.gov/LATEST/webapp/#/pages/downloads (Law Enforcement Employees Data; file additional-datasets/law-enforcement/lee_1960_2025.csv),2026-09-14
VA1270000,Suffolk,Suffolk,VA,2020,178,55,233,92881,https://cde.ucr.cjis.gov/LATEST/webapp/#/pages/downloads (Law Enforcement Employees Data; file additional-datasets/law-enforcement/lee_1960_2025.csv),2026-09-14
VA1270000,Suffolk,Suffolk,VA,2021,175,38,213,94755,https://cde.ucr.cjis.gov/LATEST/webapp/#/pages/downloads (Law Enforcement Employees Data; file additional-datasets/law-enforcement/lee_1960_2025.csv),2026-09-14
VA1270000,Suffolk,Suffolk,VA,2022,169,66,235,98065,https://cde.ucr.cjis.gov/LATEST/webapp/#/pages/downloads (Law Enforcement Employees Data; file additional-datasets/law-enforcement/lee_1960_2025.csv),2026-09-14
VA1270000,Suffolk,Suffolk,VA,2023,164,61,225,100598,https://cde.ucr.cjis.gov/LATEST/webapp/#/pages/downloads (Law Enforcement Employees Data; file additional-datasets/law-enforcement/lee_1960_2025.csv),2026-09-14
VA1270000,Suffolk,Suffolk,VA,2024,155,63,218,103506,https://cde.ucr.cjis.gov/LATEST/webapp/#/pages/downloads (Law Enforcement Employees Data; file additional-datasets/law-enforcement/lee_1960_2025.csv),2026-09-14
VA1280000,Virginia Beach,Virginia Beach,VA,2017,805,179,984,454353,https://cde.ucr.cjis.gov/LATEST/webapp/#/pages/downloads (Law Enforcement Employees Data; file additional-datasets/law-enforcement/lee_1960_2025.csv),2026-09-14
VA1280000,Virginia Beach,Virginia Beach,VA,2018,778,175,953,451001,https://cde.ucr.cjis.gov/LATEST/webapp/#/pages/downloads (Law Enforcement Employees Data; file additional-datasets/law-enforcement/lee_1960_2025.csv),2026-09-14
VA1280000,Virginia Beach,Virginia Beach,VA,2019,760,178,938,449038,https://cde.ucr.cjis.gov/LATEST/webapp/#/pages/downloads (Law Enforcement Employees Data; file additional-datasets/law-enforcement/lee_1960_2025.csv),2026-09-14
VA1280000,Virginia Beach,Virginia Beach,VA,2020,744,181,925,450858,https://cde.ucr.cjis.gov/LATEST/webapp/#/pages/downloads (Law Enforcement Employees Data; file additional-datasets/law-enforcement/lee_1960_2025.csv),2026-09-14
VA1280000,Virginia Beach,Virginia Beach,VA,2021,734,230,964,451938,https://cde.ucr.cjis.gov/LATEST/webapp/#/pages/downloads (Law Enforcement Employees Data; file additional-datasets/law-enforcement/lee_1960_2025.csv),2026-09-14
VA1280000,Virginia Beach,Virginia Beach,VA,2022,822,186,1008,457556,https://cde.ucr.cjis.gov/LATEST/webapp/#/pages/downloads (Law Enforcement Employees Data; file additional-datasets/law-enforcement/lee_1960_2025.csv),2026-09-14
VA1280000,Virginia Beach,Virginia Beach,VA,2023,714,197,911,453991,https://cde.ucr.cjis.gov/LATEST/webapp/#/pages/downloads (Law Enforcement Employees Data; file additional-datasets/law-enforcement/lee_1960_2025.csv),2026-09-14
VA1280000,Virginia Beach,Virginia Beach,VA,2024,710,103,813,455155,https://cde.ucr.cjis.gov/LATEST/webapp/#/pages/downloads (Law Enforcement Employees Data; file additional-datasets/law-enforcement/lee_1960_2025.csv),2026-09-14
WA0170200,Bellevue,Bellevue,WA,2017,172,40,212,143703,https://cde.ucr.cjis.gov/LATEST/webapp/#/pages/downloads (Law Enforcement Employees Data; file additional-datasets/law-enforcement/lee_1960_2025.csv),2026-09-14
WA0170200,Bellevue,Bellevue,WA,2018,172,38,210,146913,https://cde.ucr.cjis.gov/LATEST/webapp/#/pages/downloads (Law Enforcement Employees Data; file additional-datasets/law-enforcement/lee_1960_2025.csv),2026-09-14
WA0170200,Bellevue,Bellevue,WA,2019,185,36,221,150200,https://cde.ucr.cjis.gov/LATEST/webapp/#/pages/downloads (Law Enforcement Employees Data; file additional-datasets/law-enforcement/lee_1960_2025.csv),2026-09-14
WA0170200,Bellevue,Bellevue,WA,2020,173,40,213,150548,https://cde.ucr.cjis.gov/LATEST/webapp/#/pages/downloads (Law Enforcement Employees Data; file additional-datasets/law-enforcement/lee_1960_2025.csv),2026-09-14
WA0170200,Bellevue,Bellevue,WA,2021,174,38,212,150208,https://cde.ucr.cjis.gov/LATEST/webapp/#/pages/downloads (Law Enforcement Employees Data; file additional-datasets/law-enforcement/lee_1960_2025.csv),2026-09-14
WA0170200,Bellevue,Bellevue,WA,2022,172,40,212,147079,https://cde.ucr.cjis.gov/LATEST/webapp/#/pages/downloads (Law Enforcement Employees Data; file additional-datasets/law-enforcement/lee_1960_2025.csv),2026-09-14
WA0170200,Bellevue,Bellevue,WA,2023,158,33,191,153291,https://cde.ucr.cjis.gov/LATEST/webapp/#/pages/downloads (Law Enforcement Employees Data; file additional-datasets/law-enforcement/lee_1960_2025.csv),2026-09-14
WA0170200,Bellevue,Bellevue,WA,2024,187,36,223,151520,https://cde.ucr.cjis.gov/LATEST/webapp/#/pages/downloads (Law Enforcement Employees Data; file additional-datasets/law-enforcement/lee_1960_2025.csv),2026-09-14
WA0370100,Bellingham,Bellingham,WA,2018,115,59,174,90208,https://cde.ucr.cjis.gov/LATEST/webapp/#/pages/downloads (Law Enforcement Employees Data; file additional-datasets/law-enforcement/lee_1960_2025.csv),2026-09-14
WA0370100,Bellingham,Bellingham,WA,2019,117,56,173,91906,https://cde.ucr.cjis.gov/LATEST/webapp/#/pages/downloads (Law Enforcement Employees Data; file additional-datasets/law-enforcement/lee_1960_2025.csv),2026-09-14
WA0370100,Bellingham,Bellingham,WA,2020,118,62,180,93629,https://cde.ucr.cjis.gov/LATEST/webapp/#/pages/downloads (Law Enforcement Employees Data; file additional-datasets/law-enforcement/lee_1960_2025.csv),2026-09-14
WA0370100,Bellingham,Bellingham,WA,2021,115,57,172,95279,https://cde.ucr.cjis.gov/LATEST/webapp/#/pages/downloads (Law Enforcement Employees Data; file additional-datasets/law-enforcement/lee_1960_2025.csv),2026-09-14
WA0370100,Bellingham,Bellingham,WA,2022,110,58,168,93014,https://cde.ucr.cjis.gov/LATEST/webapp/#/pages/downloads (Law Enforcement Employees Data; file additional-datasets/law-enforcement/lee_1960_2025.csv),2026-09-14
WA0370100,Bellingham,Bellingham,WA,2023,128,55,183,94968,https://cde.ucr.cjis.gov/LATEST/webapp/#/pages/downloads (Law Enforcement Employees Data; file additional-datasets/law-enforcement/lee_1960_2025.csv),2026-09-14
WA0370100,Bellingham,Bellingham,WA,2024,119,59,178,95717,https://cde.ucr.cjis.gov/LATEST/webapp/#/pages/downloads (Law Enforcement Employees Data; file additional-datasets/law-enforcement/lee_1960_2025.csv),2026-09-14
WA0310300,Everett,Everett,WA,2017,192,39,231,110040,https://cde.ucr.cjis.gov/LATEST/webapp/#/pages/downloads (Law Enforcement Employees Data; file additional-datasets/law-enforcement/lee_1960_2025.csv),2026-09-14
WA0310300,Everett,Everett,WA,2018,194,36,230,111091,https://cde.ucr.cjis.gov/LATEST/webapp/#/pages/downloads (Law Enforcement Employees Data; file additional-datasets/law-enforcement/lee_1960_2025.csv),2026-09-14
WA0310300,Everett,Everett,WA,2019,199,40,239,112302,https://cde.ucr.cjis.gov/LATEST/webapp/#/pages/downloads (Law Enforcement Employees Data; file additional-datasets/law-enforcement/lee_1960_2025.csv),2026-09-14
WA0310300,Everett,Everett,WA,2020,197,41,238,112439,https://cde.ucr.cjis.gov/LATEST/webapp/#/pages/downloads (Law Enforcement Employees Data; file additional-datasets/law-enforcement/lee_1960_2025.csv),2026-09-14
WA0310300,Everett,Everett,WA,2021,192,33,225,113469,https://cde.ucr.cjis.gov/LATEST/webapp/#/pages/downloads (Law Enforcement Employees Data; file additional-datasets/law-enforcement/lee_1960_2025.csv),2026-09-14
WA0310300,Everett,Everett,WA,2022,190,33,223,110694,https://cde.ucr.cjis.gov/LATEST/webapp/#/pages/downloads (Law Enforcement Employees Data; file additional-datasets/law-enforcement/lee_1960_2025.csv),2026-09-14
WA0310300,Everett,Everett,WA,2023,190,35,225,111566,https://cde.ucr.cjis.gov/LATEST/webapp/#/pages/downloads (Law Enforcement Employees Data; file additional-datasets/law-enforcement/lee_1960_2025.csv),2026-09-14
WA0310300,Everett,Everett,WA,2024,198,39,237,111276,https://cde.ucr.cjis.gov/LATEST/webapp/#/pages/downloads (Law Enforcement Employees Data; file additional-datasets/law-enforcement/lee_1960_2025.csv),2026-09-14
WA0173600,Federal Way,Federal Way,WA,2017,127,29,156,98014,https://cde.ucr.cjis.gov/LATEST/webapp/#/pages/downloads (Law Enforcement Employees Data; file additional-datasets/law-enforcement/lee_1960_2025.csv),2026-09-14
WA0173600,Federal Way,Federal Way,WA,2018,126,29,155,97762,https://cde.ucr.cjis.gov/LATEST/webapp/#/pages/downloads (Law Enforcement Employees Data; file additional-datasets/law-enforcement/lee_1960_2025.csv),2026-09-14
WA0173600,Federal Way,Federal Way,WA,2019,128,27,155,98025,https://cde.ucr.cjis.gov/LATEST/webapp/#/pages/downloads (Law Enforcement Employees Data; file additional-datasets/law-enforcement/lee_1960_2025.csv),2026-09-14
WA0173600,Federal Way,Federal Way,WA,2020,129,31,160,97071,https://cde.ucr.cjis.gov/LATEST/webapp/#/pages/downloads (Law Enforcement Employees Data; file additional-datasets/law-enforcement/lee_1960_2025.csv),2026-09-14
WA0173600,Federal Way,Federal Way,WA,2021,123,30,153,97017,https://cde.ucr.cjis.gov/LATEST/webapp/#/pages/downloads (Law Enforcement Employees Data; file additional-datasets/law-enforcement/lee_1960_2025.csv),2026-09-14
WA0173600,Federal Way,Federal Way,WA,2022,136,32,168,97094,https://cde.ucr.cjis.gov/LATEST/webapp/#/pages/downloads (Law Enforcement Employees Data; file additional-datasets/law-enforcement/lee_1960_2025.csv),2026-09-14
WA0173600,Federal Way,Federal Way,WA,2023,126,34,160,96340,https://cde.ucr.cjis.gov/LATEST/webapp/#/pages/downloads (Law Enforcement Employees Data; file additional-datasets/law-enforcement/lee_1960_2025.csv),2026-09-14
WA0173600,Federal Way,Federal Way,WA,2024,131,35,166,96631,https://cde.ucr.cjis.gov/LATEST/webapp/#/pages/downloads (Law Enforcement Employees Data; file additional-datasets/law-enforcement/lee_1960_2025.csv),2026-09-14
WA0170700,Kent,Kent,WA,2017,146,55,201,128990,https://cde.ucr.cjis.gov/LATEST/webapp/#/pages/downloads (Law Enforcement Employees Data; file additional-datasets/law-enforcement/lee_1960_2025.csv),2026-09-14
WA0170700,Kent,Kent,WA,2018,143,54,197,129870,https://cde.ucr.cjis.gov/LATEST/webapp/#/pages/downloads (Law Enforcement Employees Data; file additional-datasets/law-enforcement/lee_1960_2025.csv),2026-09-14
WA0170700,Kent,Kent,WA,2019,152,55,207,131003,https://cde.ucr.cjis.gov/LATEST/webapp/#/pages/downloads (Law Enforcement Employees Data; file additional-datasets/law-enforcement/lee_1960_2025.csv),2026-09-14
WA0170700,Kent,Kent,WA,2020,151,56,207,133883,https://cde.ucr.cjis.gov/LATEST/webapp/#/pages/downloads (Law Enforcement Employees Data; file additional-datasets/law-enforcement/lee_1960_2025.csv),2026-09-14
WA0170700,Kent,Kent,WA,2021,145,49,194,131899,https://cde.ucr.cjis.gov/LATEST/webapp/#/pages/downloads (Law Enforcement Employees Data; file additional-datasets/law-enforcement/lee_1960_2025.csv),2026-09-14
WA0170700,Kent,Kent,WA,2022,156,52,208,133066,https://cde.ucr.cjis.gov/LATEST/webapp/#/pages/downloads (Law Enforcement Employees Data; file additional-datasets/law-enforcement/lee_1960_2025.csv),2026-09-14
WA0170700,Kent,Kent,WA,2023,155,59,214,133312,https://cde.ucr.cjis.gov/LATEST/webapp/#/pages/downloads (Law Enforcement Employees Data; file additional-datasets/law-enforcement/lee_1960_2025.csv),2026-09-14
WA0170700,Kent,Kent,WA,2024,161,59,220,132324,https://cde.ucr.cjis.gov/LATEST/webapp/#/pages/downloads (Law Enforcement Employees Data; file additional-datasets/law-enforcement/lee_1960_2025.csv),2026-09-14
WA0170800,Kirkland,Kirkland,WA,2019,108,39,147,90708,https://cde.ucr.cjis.gov/LATEST/webapp/#/pages/downloads (Law Enforcement Employees Data; file additional-datasets/law-enforcement/lee_1960_2025.csv),2026-09-14
WA0170800,Kirkland,Kirkland,WA,2020,109,41,150,94470,https://cde.ucr.cjis.gov/LATEST/webapp/#/pages/downloads (Law Enforcement Employees Data; file additional-datasets/law-enforcement/lee_1960_2025.csv),2026-09-14
WA0170800,Kirkland,Kirkland,WA,2021,105,37,142,97027,https://cde.ucr.cjis.gov/LATEST/webapp/#/pages/downloads (Law Enforcement Employees Data; file additional-datasets/law-enforcement/lee_1960_2025.csv),2026-09-14
WA0170800,Kirkland,Kirkland,WA,2022,107,41,148,91464,https://cde.ucr.cjis.gov/LATEST/webapp/#/pages/downloads (Law Enforcement Employees Data; file additional-datasets/law-enforcement/lee_1960_2025.csv),2026-09-14
WA0170800,Kirkland,Kirkland,WA,2023,100,41,141,91861,https://cde.ucr.cjis.gov/LATEST/webapp/#/pages/downloads (Law Enforcement Employees Data; file additional-datasets/law-enforcement/lee_1960_2025.csv),2026-09-14
WA0170800,Kirkland,Kirkland,WA,2024,102,41,143,90687,https://cde.ucr.cjis.gov/LATEST/webapp/#/pages/downloads (Law Enforcement Employees Data; file additional-datasets/law-enforcement/lee_1960_2025.csv),2026-09-14
WA0171300,Renton,Renton,WA,2017,121,30,151,102470,https://cde.ucr.cjis.gov/LATEST/webapp/#/pages/downloads (Law Enforcement Employees Data; file additional-datasets/law-enforcement/lee_1960_2025.csv),2026-09-14
WA0171300,Renton,Renton,WA,2018,124,30,154,102749,https://cde.ucr.cjis.gov/LATEST/webapp/#/pages/downloads (Law Enforcement Employees Data; file additional-datasets/law-enforcement/lee_1960_2025.csv),2026-09-14
WA0171300,Renton,Renton,WA,2019,125,32,157,103452,https://cde.ucr.cjis.gov/LATEST/webapp/#/pages/downloads (Law Enforcement Employees Data; file additional-datasets/law-enforcement/lee_1960_2025.csv),2026-09-14
WA0171300,Renton,Renton,WA,2020,120,33,153,102856,https://cde.ucr.cjis.gov/LATEST/webapp/#/pages/downloads (Law Enforcement Employees Data; file additional-datasets/law-enforcement/lee_1960_2025.csv),2026-09-14
WA0171300,Renton,Renton,WA,2021,114,34,148,102458,https://cde.ucr.cjis.gov/LATEST/webapp/#/pages/downloads (Law Enforcement Employees Data; file additional-datasets/law-enforcement/lee_1960_2025.csv),2026-09-14
WA0171300,Renton,Renton,WA,2022,116,29,145,103619,https://cde.ucr.cjis.gov/LATEST/webapp/#/pages/downloads (Law Enforcement Employees Data; file additional-datasets/law-enforcement/lee_1960_2025.csv),2026-09-14
WA0171300,Renton,Renton,WA,2023,123,34,157,102742,https://cde.ucr.cjis.gov/LATEST/webapp/#/pages/downloads (Law Enforcement Employees Data; file additional-datasets/law-enforcement/lee_1960_2025.csv),2026-09-14
WA0171300,Renton,Renton,WA,2024,130,35,165,103762,https://cde.ucr.cjis.gov/LATEST/webapp/#/pages/downloads (Law Enforcement Employees Data; file additional-datasets/law-enforcement/lee_1960_2025.csv),2026-09-14
WASPD0000,Seattle,Seattle,WA,2017,1448,515,1963,721365,https://cde.ucr.cjis.gov/LATEST/webapp/#/pages/downloads (Law Enforcement Employees Data; file additional-datasets/law-enforcement/lee_1960_2025.csv),2026-09-14
WASPD0000,Seattle,Seattle,WA,2018,1420,534,1954,742759,https://cde.ucr.cjis.gov/LATEST/webapp/#/pages/downloads (Law Enforcement Employees Data; file additional-datasets/law-enforcement/lee_1960_2025.csv),2026-09-14
WASPD0000,Seattle,Seattle,WA,2019,1416,544,1960,763706,https://cde.ucr.cjis.gov/LATEST/webapp/#/pages/downloads (Law Enforcement Employees Data; file additional-datasets/law-enforcement/lee_1960_2025.csv),2026-09-14
WASPD0000,Seattle,Seattle,WA,2020,1341,559,1900,771517,https://cde.ucr.cjis.gov/LATEST/webapp/#/pages/downloads (Law Enforcement Employees Data; file additional-datasets/law-enforcement/lee_1960_2025.csv),2026-09-14
WASPD0000,Seattle,Seattle,WA,2021,1178,419,1597,787749,https://cde.ucr.cjis.gov/LATEST/webapp/#/pages/downloads (Law Enforcement Employees Data; file additional-datasets/law-enforcement/lee_1960_2025.csv),2026-09-14
WASPD0000,Seattle,Seattle,WA,2022,1077,341,1418,729691,https://cde.ucr.cjis.gov/LATEST/webapp/#/pages/downloads (Law Enforcement Employees Data; file additional-datasets/law-enforcement/lee_1960_2025.csv),2026-09-14
WASPD0000,Seattle,Seattle,WA,2023,1065,413,1478,753786,https://cde.ucr.cjis.gov/LATEST/webapp/#/pages/downloads (Law Enforcement Employees Data; file additional-datasets/law-enforcement/lee_1960_2025.csv),2026-09-14
WASPD0000,Seattle,Seattle,WA,2024,1046,442,1488,760058,https://cde.ucr.cjis.gov/LATEST/webapp/#/pages/downloads (Law Enforcement Employees Data; file additional-datasets/law-enforcement/lee_1960_2025.csv),2026-09-14
WA0320400,Spokane,Spokane,WA,2017,319,90,409,217066,https://cde.ucr.cjis.gov/LATEST/webapp/#/pages/downloads (Law Enforcement Employees Data; file additional-datasets/law-enforcement/lee_1960_2025.csv),2026-09-14
WA0320400,Spokane,Spokane,WA,2018,326,84,410,218222,https://cde.ucr.cjis.gov/LATEST/webapp/#/pages/downloads (Law Enforcement Employees Data; file additional-datasets/law-enforcement/lee_1960_2025.csv),2026-09-14
WA0320400,Spokane,Spokane,WA,2019,332,80,412,220432,https://cde.ucr.cjis.gov/LATEST/webapp/#/pages/downloads (Law Enforcement Employees Data; file additional-datasets/law-enforcement/lee_1960_2025.csv),2026-09-14
WA0320400,Spokane,Spokane,WA,2020,342,80,422,223524,https://cde.ucr.cjis.gov/LATEST/webapp/#/pages/downloads (Law Enforcement Employees Data; file additional-datasets/law-enforcement/lee_1960_2025.csv),2026-09-14
WA0320400,Spokane,Spokane,WA,2021,344,89,433,223344,https://cde.ucr.cjis.gov/LATEST/webapp/#/pages/downloads (Law Enforcement Employees Data; file additional-datasets/law-enforcement/lee_1960_2025.csv),2026-09-14
WA0320400,Spokane,Spokane,WA,2022,341,89,430,229292,https://cde.ucr.cjis.gov/LATEST/webapp/#/pages/downloads (Law Enforcement Employees Data; file additional-datasets/law-enforcement/lee_1960_2025.csv),2026-09-14
WA0320400,Spokane,Spokane,WA,2023,339,91,430,230648,https://cde.ucr.cjis.gov/LATEST/webapp/#/pages/downloads (Law Enforcement Employees Data; file additional-datasets/law-enforcement/lee_1960_2025.csv),2026-09-14
WA0320400,Spokane,Spokane,WA,2024,327,99,426,229529,https://cde.ucr.cjis.gov/LATEST/webapp/#/pages/downloads (Law Enforcement Employees Data; file additional-datasets/law-enforcement/lee_1960_2025.csv),2026-09-14
WA0321500,Spokane Valley,Spokane Valley,WA,2017,97,30,127,97430,https://cde.ucr.cjis.gov/LATEST/webapp/#/pages/downloads (Law Enforcement Employees Data; file additional-datasets/law-enforcement/lee_1960_2025.csv),2026-09-14
WA0321500,Spokane Valley,Spokane Valley,WA,2018,103,30,133,99020,https://cde.ucr.cjis.gov/LATEST/webapp/#/pages/downloads (Law Enforcement Employees Data; file additional-datasets/law-enforcement/lee_1960_2025.csv),2026-09-14
WA0321500,Spokane Valley,Spokane Valley,WA,2019,109,23,132,100983,https://cde.ucr.cjis.gov/LATEST/webapp/#/pages/downloads (Law Enforcement Employees Data; file additional-datasets/law-enforcement/lee_1960_2025.csv),2026-09-14
WA0321500,Spokane Valley,Spokane Valley,WA,2020,106,24,130,102366,https://cde.ucr.cjis.gov/LATEST/webapp/#/pages/downloads (Law Enforcement Employees Data; file additional-datasets/law-enforcement/lee_1960_2025.csv),2026-09-14
WA0321500,Spokane Valley,Spokane Valley,WA,2021,97,20,117,104276,https://cde.ucr.cjis.gov/LATEST/webapp/#/pages/downloads (Law Enforcement Employees Data; file additional-datasets/law-enforcement/lee_1960_2025.csv),2026-09-14
WA0321500,Spokane Valley,Spokane Valley,WA,2022,104,26,130,108076,https://cde.ucr.cjis.gov/LATEST/webapp/#/pages/downloads (Law Enforcement Employees Data; file additional-datasets/law-enforcement/lee_1960_2025.csv),2026-09-14
WA0321500,Spokane Valley,Spokane Valley,WA,2023,108,26,134,109278,https://cde.ucr.cjis.gov/LATEST/webapp/#/pages/downloads (Law Enforcement Employees Data; file additional-datasets/law-enforcement/lee_1960_2025.csv),2026-09-14
WA0321500,Spokane Valley,Spokane Valley,WA,2024,107,30,137,109852,https://cde.ucr.cjis.gov/LATEST/webapp/#/pages/downloads (Law Enforcement Employees Data; file additional-datasets/law-enforcement/lee_1960_2025.csv),2026-09-14
WA0270300,Tacoma,Tacoma,WA,2017,334,38,372,213504,https://cde.ucr.cjis.gov/LATEST/webapp/#/pages/downloads (Law Enforcement Employees Data; file additional-datasets/law-enforcement/lee_1960_2025.csv),2026-09-14
WA0270300,Tacoma,Tacoma,WA,2018,346,40,386,215687,https://cde.ucr.cjis.gov/LATEST/webapp/#/pages/downloads (Law Enforcement Employees Data; file additional-datasets/law-enforcement/lee_1960_2025.csv),2026-09-14
WA0270300,Tacoma,Tacoma,WA,2019,359,41,400,218650,https://cde.ucr.cjis.gov/LATEST/webapp/#/pages/downloads (Law Enforcement Employees Data; file additional-datasets/law-enforcement/lee_1960_2025.csv),2026-09-14
WA0270300,Tacoma,Tacoma,WA,2020,341,42,383,220123,https://cde.ucr.cjis.gov/LATEST/webapp/#/pages/downloads (Law Enforcement Employees Data; file additional-datasets/law-enforcement/lee_1960_2025.csv),2026-09-14
WA0270300,Tacoma,Tacoma,WA,2021,321,38,359,222235,https://cde.ucr.cjis.gov/LATEST/webapp/#/pages/downloads (Law Enforcement Employees Data; file additional-datasets/law-enforcement/lee_1960_2025.csv),2026-09-14
WA0270300,Tacoma,Tacoma,WA,2022,324,39,363,219027,https://cde.ucr.cjis.gov/LATEST/webapp/#/pages/downloads (Law Enforcement Employees Data; file additional-datasets/law-enforcement/lee_1960_2025.csv),2026-09-14
WA0270300,Tacoma,Tacoma,WA,2023,314,37,351,222828,https://cde.ucr.cjis.gov/LATEST/webapp/#/pages/downloads (Law Enforcement Employees Data; file additional-datasets/law-enforcement/lee_1960_2025.csv),2026-09-14
WA0270300,Tacoma,Tacoma,WA,2024,343,46,389,223980,https://cde.ucr.cjis.gov/LATEST/webapp/#/pages/downloads (Law Enforcement Employees Data; file additional-datasets/law-enforcement/lee_1960_2025.csv),2026-09-14
WA0060300,Vancouver,Vancouver,WA,2017,205,49,254,176884,https://cde.ucr.cjis.gov/LATEST/webapp/#/pages/downloads (Law Enforcement Employees Data; file additional-datasets/law-enforcement/lee_1960_2025.csv),2026-09-14
WA0060300,Vancouver,Vancouver,WA,2018,205,53,258,177580,https://cde.ucr.cjis.gov/LATEST/webapp/#/pages/downloads (Law Enforcement Employees Data; file additional-datasets/law-enforcement/lee_1960_2025.csv),2026-09-14
WA0060300,Vancouver,Vancouver,WA,2019,213,52,265,185034,https://cde.ucr.cjis.gov/LATEST/webapp/#/pages/downloads (Law Enforcement Employees Data; file additional-datasets/law-enforcement/lee_1960_2025.csv),2026-09-14
WA0060300,Vancouver,Vancouver,WA,2020,218,46,264,186440,https://cde.ucr.cjis.gov/LATEST/webapp/#/pages/downloads (Law Enforcement Employees Data; file additional-datasets/law-enforcement/lee_1960_2025.csv),2026-09-14
WA0060300,Vancouver,Vancouver,WA,2021,214,48,262,188160,https://cde.ucr.cjis.gov/LATEST/webapp/#/pages/downloads (Law Enforcement Employees Data; file additional-datasets/law-enforcement/lee_1960_2025.csv),2026-09-14
WA0060300,Vancouver,Vancouver,WA,2022,212,49,261,193273,https://cde.ucr.cjis.gov/LATEST/webapp/#/pages/downloads (Law Enforcement Employees Data; file additional-datasets/law-enforcement/lee_1960_2025.csv),2026-09-14
WA0060300,Vancouver,Vancouver,WA,2023,212,68,280,196159,https://cde.ucr.cjis.gov/LATEST/webapp/#/pages/downloads (Law Enforcement Employees Data; file additional-datasets/law-enforcement/lee_1960_2025.csv),2026-09-14
WA0060300,Vancouver,Vancouver,WA,2024,226,46,272,198194,https://cde.ucr.cjis.gov/LATEST/webapp/#/pages/downloads (Law Enforcement Employees Data; file additional-datasets/law-enforcement/lee_1960_2025.csv),2026-09-14
WA0390500,Yakima,Yakima,WA,2017,138,46,184,94375,https://cde.ucr.cjis.gov/LATEST/webapp/#/pages/downloads (Law Enforcement Employees Data; file additional-datasets/law-enforcement/lee_1960_2025.csv),2026-09-14
WA0390500,Yakima,Yakima,WA,2018,129,44,173,93959,https://cde.ucr.cjis.gov/LATEST/webapp/#/pages/downloads (Law Enforcement Employees Data; file additional-datasets/law-enforcement/lee_1960_2025.csv),2026-09-14
WA0390500,Yakima,Yakima,WA,2019,131,40,171,94168,https://cde.ucr.cjis.gov/LATEST/webapp/#/pages/downloads (Law Enforcement Employees Data; file additional-datasets/law-enforcement/lee_1960_2025.csv),2026-09-14
WA0390500,Yakima,Yakima,WA,2020,133,40,173,93862,https://cde.ucr.cjis.gov/LATEST/webapp/#/pages/downloads (Law Enforcement Employees Data; file additional-datasets/law-enforcement/lee_1960_2025.csv),2026-09-14
WA0390500,Yakima,Yakima,WA,2021,135,38,173,94594,https://cde.ucr.cjis.gov/LATEST/webapp/#/pages/downloads (Law Enforcement Employees Data; file additional-datasets/law-enforcement/lee_1960_2025.csv),2026-09-14
WA0390500,Yakima,Yakima,WA,2022,123,40,163,96267,https://cde.ucr.cjis.gov/LATEST/webapp/#/pages/downloads (Law Enforcement Employees Data; file additional-datasets/law-enforcement/lee_1960_2025.csv),2026-09-14
WA0390500,Yakima,Yakima,WA,2023,122,41,163,96991,https://cde.ucr.cjis.gov/LATEST/webapp/#/pages/downloads (Law Enforcement Employees Data; file additional-datasets/law-enforcement/lee_1960_2025.csv),2026-09-14
WA0390500,Yakima,Yakima,WA,2024,130,39,169,96646,https://cde.ucr.cjis.gov/LATEST/webapp/#/pages/downloads (Law Enforcement Employees Data; file additional-datasets/law-enforcement/lee_1960_2025.csv),2026-09-14
WI0050200,Green Bay,Green Bay,WI,2017,185,39,224,105331,https://cde.ucr.cjis.gov/LATEST/webapp/#/pages/downloads (Law Enforcement Employees Data; file additional-datasets/law-enforcement/lee_1960_2025.csv),2026-09-14
WI0050200,Green Bay,Green Bay,WI,2018,180,40,220,105281,https://cde.ucr.cjis.gov/LATEST/webapp/#/pages/downloads (Law Enforcement Employees Data; file additional-datasets/law-enforcement/lee_1960_2025.csv),2026-09-14
WI0050200,Green Bay,Green Bay,WI,2019,181,37,218,104992,https://cde.ucr.cjis.gov/LATEST/webapp/#/pages/downloads (Law Enforcement Employees Data; file additional-datasets/law-enforcement/lee_1960_2025.csv),2026-09-14
WI0050200,Green Bay,Green Bay,WI,2020,181,38,219,104649,https://cde.ucr.cjis.gov/LATEST/webapp/#/pages/downloads (Law Enforcement Employees Data; file additional-datasets/law-enforcement/lee_1960_2025.csv),2026-09-14
WI0050200,Green Bay,Green Bay,WI,2021,175,38,213,103826,https://cde.ucr.cjis.gov/LATEST/webapp/#/pages/downloads (Law Enforcement Employees Data; file additional-datasets/law-enforcement/lee_1960_2025.csv),2026-09-14
WI0050200,Green Bay,Green Bay,WI,2022,163,37,200,106916,https://cde.ucr.cjis.gov/LATEST/webapp/#/pages/downloads (Law Enforcement Employees Data; file additional-datasets/law-enforcement/lee_1960_2025.csv),2026-09-14
WI0050200,Green Bay,Green Bay,WI,2023,183,39,222,105521,https://cde.ucr.cjis.gov/LATEST/webapp/#/pages/downloads (Law Enforcement Employees Data; file additional-datasets/law-enforcement/lee_1960_2025.csv),2026-09-14
WI0050200,Green Bay,Green Bay,WI,2024,176,45,221,105240,https://cde.ucr.cjis.gov/LATEST/webapp/#/pages/downloads (Law Enforcement Employees Data; file additional-datasets/law-enforcement/lee_1960_2025.csv),2026-09-14
WI0300100,Kenosha,Kenosha,WI,2017,199,11,210,99671,https://cde.ucr.cjis.gov/LATEST/webapp/#/pages/downloads (Law Enforcement Employees Data; file additional-datasets/law-enforcement/lee_1960_2025.csv),2026-09-14
WI0300100,Kenosha,Kenosha,WI,2018,196,11,207,99948,https://cde.ucr.cjis.gov/LATEST/webapp/#/pages/downloads (Law Enforcement Employees Data; file additional-datasets/law-enforcement/lee_1960_2025.csv),2026-09-14
WI0300100,Kenosha,Kenosha,WI,2019,206,12,218,100255,https://cde.ucr.cjis.gov/LATEST/webapp/#/pages/downloads (Law Enforcement Employees Data; file additional-datasets/law-enforcement/lee_1960_2025.csv),2026-09-14
WI0300100,Kenosha,Kenosha,WI,2020,199,13,212,100005,https://cde.ucr.cjis.gov/LATEST/webapp/#/pages/downloads (Law Enforcement Employees Data; file additional-datasets/law-enforcement/lee_1960_2025.csv),2026-09-14
WI0300100,Kenosha,Kenosha,WI,2021,207,220,427,99588,https://cde.ucr.cjis.gov/LATEST/webapp/#/pages/downloads (Law Enforcement Employees Data; file additional-datasets/law-enforcement/lee_1960_2025.csv),2026-09-14
WI0300100,Kenosha,Kenosha,WI,2022,204,13,217,98841,https://cde.ucr.cjis.gov/LATEST/webapp/#/pages/downloads (Law Enforcement Employees Data; file additional-datasets/law-enforcement/lee_1960_2025.csv),2026-09-14
WI0300100,Kenosha,Kenosha,WI,2023,211,13,224,97786,https://cde.ucr.cjis.gov/LATEST/webapp/#/pages/downloads (Law Enforcement Employees Data; file additional-datasets/law-enforcement/lee_1960_2025.csv),2026-09-14
WI0130100,Madison,Madison,WI,2017,484,109,593,255850,https://cde.ucr.cjis.gov/LATEST/webapp/#/pages/downloads (Law Enforcement Employees Data; file additional-datasets/law-enforcement/lee_1960_2025.csv),2026-09-14
WI0130100,Madison,Madison,WI,2018,482,113,595,258455,https://cde.ucr.cjis.gov/LATEST/webapp/#/pages/downloads (Law Enforcement Employees Data; file additional-datasets/law-enforcement/lee_1960_2025.csv),2026-09-14
WI0130100,Madison,Madison,WI,2019,501,186,687,261270,https://cde.ucr.cjis.gov/LATEST/webapp/#/pages/downloads (Law Enforcement Employees Data; file additional-datasets/law-enforcement/lee_1960_2025.csv),2026-09-14
WI0130100,Madison,Madison,WI,2020,505,112,617,262736,https://cde.ucr.cjis.gov/LATEST/webapp/#/pages/downloads (Law Enforcement Employees Data; file additional-datasets/law-enforcement/lee_1960_2025.csv),2026-09-14
WI0130100,Madison,Madison,WI,2021,484,111,595,266199,https://cde.ucr.cjis.gov/LATEST/webapp/#/pages/downloads (Law Enforcement Employees Data; file additional-datasets/law-enforcement/lee_1960_2025.csv),2026-09-14
WI0130100,Madison,Madison,WI,2022,500,111,611,269546,https://cde.ucr.cjis.gov/LATEST/webapp/#/pages/downloads (Law Enforcement Employees Data; file additional-datasets/law-enforcement/lee_1960_2025.csv),2026-09-14
WI0130100,Madison,Madison,WI,2023,510,86,596,274234,https://cde.ucr.cjis.gov/LATEST/webapp/#/pages/downloads (Law Enforcement Employees Data; file additional-datasets/law-enforcement/lee_1960_2025.csv),2026-09-14
WI0130100,Madison,Madison,WI,2024,509,89,598,282045,https://cde.ucr.cjis.gov/LATEST/webapp/#/pages/downloads (Law Enforcement Employees Data; file additional-datasets/law-enforcement/lee_1960_2025.csv),2026-09-14
WIMPD0000,Milwaukee,Milwaukee,WI,2017,1824,468,2292,595168,https://cde.ucr.cjis.gov/LATEST/webapp/#/pages/downloads (Law Enforcement Employees Data; file additional-datasets/law-enforcement/lee_1960_2025.csv),2026-09-14
WIMPD0000,Milwaukee,Milwaukee,WI,2018,1851,454,2305,595619,https://cde.ucr.cjis.gov/LATEST/webapp/#/pages/downloads (Law Enforcement Employees Data; file additional-datasets/law-enforcement/lee_1960_2025.csv),2026-09-14
WIMPD0000,Milwaukee,Milwaukee,WI,2019,1850,415,2265,590923,https://cde.ucr.cjis.gov/LATEST/webapp/#/pages/downloads (Law Enforcement Employees Data; file additional-datasets/law-enforcement/lee_1960_2025.csv),2026-09-14
WIMPD0000,Milwaukee,Milwaukee,WI,2020,1752,438,2190,589105,https://cde.ucr.cjis.gov/LATEST/webapp/#/pages/downloads (Law Enforcement Employees Data; file additional-datasets/law-enforcement/lee_1960_2025.csv),2026-09-14
WIMPD0000,Milwaukee,Milwaukee,WI,2021,1654,361,2015,593337,https://cde.ucr.cjis.gov/LATEST/webapp/#/pages/downloads (Law Enforcement Employees Data; file additional-datasets/law-enforcement/lee_1960_2025.csv),2026-09-14
WIMPD0000,Milwaukee,Milwaukee,WI,2022,1593,0,1593,561743,https://cde.ucr.cjis.gov/LATEST/webapp/#/pages/downloads (Law Enforcement Employees Data; file additional-datasets/law-enforcement/lee_1960_2025.csv),2026-09-14
WIMPD0000,Milwaukee,Milwaukee,WI,2023,1617,231,1848,558698,https://cde.ucr.cjis.gov/LATEST/webapp/#/pages/downloads (Law Enforcement Employees Data; file additional-datasets/law-enforcement/lee_1960_2025.csv),2026-09-14
WIMPD0000,Milwaukee,Milwaukee,WI,2024,1568,275,1843,560416,https://cde.ucr.cjis.gov/LATEST/webapp/#/pages/downloads (Law Enforcement Employees Data; file additional-datasets/law-enforcement/lee_1960_2025.csv),2026-09-14
