agency_name,city,state,fiscal_year,operating_budget_usd,sworn_officers,source,source_url,retrieved
Anchorage Police,Anchorage,AK,1993,35818680,244,"BJS LEMAS 1993, Data for Individual State and Local Agencies with 100 or More Officers (NCJ-148825), Table 7a",https://bjs.ojp.gov/content/pub/pdf/lemas93.pdf,2026-09-14
Anchorage Police,Anchorage,AK,1997,42066847,311,"BJS LEMAS 1997, Data for Individual State and Local Agencies with 100 or More Officers (NCJ 171681), Table 6a",https://bjs.ojp.gov/content/pub/pdf/lemas97.pdf,2026-09-14
Anchorage Police,Anchorage,AK,2000,44000000,341,"BJS LEMAS 2000, Data for Individual State and Local Agencies with 100 or More Officers (NCJ 203350), Table 5a",https://bjs.ojp.gov/content/pub/pdf/lemas00.pdf,2026-09-14
Birmingham Police,Birmingham,AL,1993,38938166,752,"BJS LEMAS 1993, Data for Individual State and Local Agencies with 100 or More Officers (NCJ-148825), Table 7a",https://bjs.ojp.gov/content/pub/pdf/lemas93.pdf,2026-09-14
Birmingham Police,Birmingham,AL,1997,51662302,914,"BJS LEMAS 1997, Data for Individual State and Local Agencies with 100 or More Officers (NCJ 171681), Table 6a",https://bjs.ojp.gov/content/pub/pdf/lemas97.pdf,2026-09-14
Birmingham Police,Birmingham,AL,2000,59016943,878,"BJS LEMAS 2000, Data for Individual State and Local Agencies with 100 or More Officers (NCJ 203350), Table 5a",https://bjs.ojp.gov/content/pub/pdf/lemas00.pdf,2026-09-14
Huntsville Police,Huntsville,AL,1993,19635355,343,"BJS LEMAS 1993, Data for Individual State and Local Agencies with 100 or More Officers (NCJ-148825), Table 7a",https://bjs.ojp.gov/content/pub/pdf/lemas93.pdf,2026-09-14
Huntsville Police,Huntsville,AL,1997,23013180,340,"BJS LEMAS 1997, Data for Individual State and Local Agencies with 100 or More Officers (NCJ 171681), Table 6a",https://bjs.ojp.gov/content/pub/pdf/lemas97.pdf,2026-09-14
Huntsville Police,Huntsville,AL,2000,27000000,348,"BJS LEMAS 2000, Data for Individual State and Local Agencies with 100 or More Officers (NCJ 203350), Table 5a",https://bjs.ojp.gov/content/pub/pdf/lemas00.pdf,2026-09-14
Mobile Police,Mobile,AL,1993,21798685,432,"BJS LEMAS 1993, Data for Individual State and Local Agencies with 100 or More Officers (NCJ-148825), Table 7a",https://bjs.ojp.gov/content/pub/pdf/lemas93.pdf,2026-09-14
Mobile Police,Mobile,AL,1997,27772512,447,"BJS LEMAS 1997, Data for Individual State and Local Agencies with 100 or More Officers (NCJ 171681), Table 6a",https://bjs.ojp.gov/content/pub/pdf/lemas97.pdf,2026-09-14
Mobile Police,Mobile,AL,2000,31827937,552,"BJS LEMAS 2000, Data for Individual State and Local Agencies with 100 or More Officers (NCJ 203350), Table 5a",https://bjs.ojp.gov/content/pub/pdf/lemas00.pdf,2026-09-14
Montgomery Police,Montgomery,AL,1993,18306000,416,"BJS LEMAS 1993, Data for Individual State and Local Agencies with 100 or More Officers (NCJ-148825), Table 7a",https://bjs.ojp.gov/content/pub/pdf/lemas93.pdf,2026-09-14
Montgomery Police,Montgomery,AL,1997,24635935,454,"BJS LEMAS 1997, Data for Individual State and Local Agencies with 100 or More Officers (NCJ 171681), Table 6a",https://bjs.ojp.gov/content/pub/pdf/lemas97.pdf,2026-09-14
Montgomery Police,Montgomery,AL,2000,30587864,481,"BJS LEMAS 2000, Data for Individual State and Local Agencies with 100 or More Officers (NCJ 203350), Table 5a",https://bjs.ojp.gov/content/pub/pdf/lemas00.pdf,2026-09-14
Little Rock Police,Little Rock,AR,1993,19575200,402,"BJS LEMAS 1993, Data for Individual State and Local Agencies with 100 or More Officers (NCJ-148825), Table 7a",https://bjs.ojp.gov/content/pub/pdf/lemas93.pdf,2026-09-14
Little Rock Police,Little Rock,AR,1997,28180087,549,"BJS LEMAS 1997, Data for Individual State and Local Agencies with 100 or More Officers (NCJ 171681), Table 6a",https://bjs.ojp.gov/content/pub/pdf/lemas97.pdf,2026-09-14
Little Rock Police,Little Rock,AR,2000,38959516,558,"BJS LEMAS 2000, Data for Individual State and Local Agencies with 100 or More Officers (NCJ 203350), Table 5a",https://bjs.ojp.gov/content/pub/pdf/lemas00.pdf,2026-09-14
Chandler Police,Chandler,AZ,1997,15108536,192,"BJS LEMAS 1997, Data for Individual State and Local Agencies with 100 or More Officers (NCJ 171681), Table 6a",https://bjs.ojp.gov/content/pub/pdf/lemas97.pdf,2026-09-14
Chandler Police,Chandler,AZ,2000,27240605,255,"BJS LEMAS 2000, Data for Individual State and Local Agencies with 100 or More Officers (NCJ 203350), Table 5a",https://bjs.ojp.gov/content/pub/pdf/lemas00.pdf,2026-09-14
Glendale Police,Glendale,AZ,1993,14733395,201,"BJS LEMAS 1993, Data for Individual State and Local Agencies with 100 or More Officers (NCJ-148825), Table 7a",https://bjs.ojp.gov/content/pub/pdf/lemas93.pdf,2026-09-14
Glendale Police,Glendale,AZ,1997,17745886,243,"BJS LEMAS 1997, Data for Individual State and Local Agencies with 100 or More Officers (NCJ 171681), Table 6a",https://bjs.ojp.gov/content/pub/pdf/lemas97.pdf,2026-09-14
Glendale Police,Glendale,AZ,2000,27653868,288,"BJS LEMAS 2000, Data for Individual State and Local Agencies with 100 or More Officers (NCJ 203350), Table 5a",https://bjs.ojp.gov/content/pub/pdf/lemas00.pdf,2026-09-14
Mesa Police,Mesa,AZ,1990,28953815,384,"BJS, Police Departments in Large Cities, 1990-2000 (NCJ 175703), appendix table C. Printed in constant 2000 dollars; converted to nominal FY1990 dollars by dividing by BJS's stated CPI factor 1.3393. The table prints only the city; agency name carried over from the LEMAS volumes.",https://bjs.ojp.gov/content/pub/pdf/pdlc00.pdf,2026-09-14
Mesa Police,Mesa,AZ,1993,36170000,444,"BJS LEMAS 1993, Data for Individual State and Local Agencies with 100 or More Officers (NCJ-148825), Table 7a",https://bjs.ojp.gov/content/pub/pdf/lemas93.pdf,2026-09-14
Mesa Police,Mesa,AZ,1997,60732606,625,"BJS LEMAS 1997, Data for Individual State and Local Agencies with 100 or More Officers (NCJ 171681), Table 6a",https://bjs.ojp.gov/content/pub/pdf/lemas97.pdf,2026-09-14
Mesa Police,Mesa,AZ,2000,90261296,717,"BJS LEMAS 2000, Data for Individual State and Local Agencies with 100 or More Officers (NCJ 203350), Table 5a",https://bjs.ojp.gov/content/pub/pdf/lemas00.pdf,2026-09-14
Phoenix Police,Phoenix,AZ,1990,137681165,1949,"BJS, Police Departments in Large Cities, 1990-2000 (NCJ 175703), appendix table C. Printed in constant 2000 dollars; converted to nominal FY1990 dollars by dividing by BJS's stated CPI factor 1.3393. The table prints only the city; agency name carried over from the LEMAS volumes.",https://bjs.ojp.gov/content/pub/pdf/pdlc00.pdf,2026-09-14
Phoenix Police,Phoenix,AZ,1993,157323710,1983,"BJS LEMAS 1993, Data for Individual State and Local Agencies with 100 or More Officers (NCJ-148825), Table 7a",https://bjs.ojp.gov/content/pub/pdf/lemas93.pdf,2026-09-14
Phoenix Police,Phoenix,AZ,1997,204693558,2428,"BJS LEMAS 1997, Data for Individual State and Local Agencies with 100 or More Officers (NCJ 171681), Table 6a",https://bjs.ojp.gov/content/pub/pdf/lemas97.pdf,2026-09-14
Phoenix Police,Phoenix,AZ,2000,217617984,2626,"BJS LEMAS 2000, Data for Individual State and Local Agencies with 100 or More Officers (NCJ 203350), Table 5a",https://bjs.ojp.gov/content/pub/pdf/lemas00.pdf,2026-09-14
Scottsdale Police,Scottsdale,AZ,1993,19533737,214,"BJS LEMAS 1993, Data for Individual State and Local Agencies with 100 or More Officers (NCJ-148825), Table 7a",https://bjs.ojp.gov/content/pub/pdf/lemas93.pdf,2026-09-14
Scottsdale Police,Scottsdale,AZ,1997,27830292,285,"BJS LEMAS 1997, Data for Individual State and Local Agencies with 100 or More Officers (NCJ 171681), Table 6a",https://bjs.ojp.gov/content/pub/pdf/lemas97.pdf,2026-09-14
Scottsdale Police,Scottsdale,AZ,2000,39619268,345,"BJS LEMAS 2000, Data for Individual State and Local Agencies with 100 or More Officers (NCJ 203350), Table 5a",https://bjs.ojp.gov/content/pub/pdf/lemas00.pdf,2026-09-14
Tempe Police,Tempe,AZ,1993,19858531,239,"BJS LEMAS 1993, Data for Individual State and Local Agencies with 100 or More Officers (NCJ-148825), Table 7a",https://bjs.ojp.gov/content/pub/pdf/lemas93.pdf,2026-09-14
Tempe Police,Tempe,AZ,1997,27501481,279,"BJS LEMAS 1997, Data for Individual State and Local Agencies with 100 or More Officers (NCJ 171681), Table 6a",https://bjs.ojp.gov/content/pub/pdf/lemas97.pdf,2026-09-14
Tempe Police,Tempe,AZ,2000,36387785,308,"BJS LEMAS 2000, Data for Individual State and Local Agencies with 100 or More Officers (NCJ 203350), Table 5a",https://bjs.ojp.gov/content/pub/pdf/lemas00.pdf,2026-09-14
Tucson Police,Tucson,AZ,1990,46229100,745,"BJS, Police Departments in Large Cities, 1990-2000 (NCJ 175703), appendix table C. Printed in constant 2000 dollars; converted to nominal FY1990 dollars by dividing by BJS's stated CPI factor 1.3393. The table prints only the city; agency name carried over from the LEMAS volumes.",https://bjs.ojp.gov/content/pub/pdf/pdlc00.pdf,2026-09-14
Tucson Police,Tucson,AZ,1993,52025600,745,"BJS LEMAS 1993, Data for Individual State and Local Agencies with 100 or More Officers (NCJ-148825), Table 7a",https://bjs.ojp.gov/content/pub/pdf/lemas93.pdf,2026-09-14
Tucson Police,Tucson,AZ,1997,63432427,802,"BJS LEMAS 1997, Data for Individual State and Local Agencies with 100 or More Officers (NCJ 171681), Table 6a",https://bjs.ojp.gov/content/pub/pdf/lemas97.pdf,2026-09-14
Tucson Police,Tucson,AZ,2000,88406720,928,"BJS LEMAS 2000, Data for Individual State and Local Agencies with 100 or More Officers (NCJ 203350), Table 5a",https://bjs.ojp.gov/content/pub/pdf/lemas00.pdf,2026-09-14
Anaheim Police,Anaheim,CA,1990,37315934,358,"BJS, Police Departments in Large Cities, 1990-2000 (NCJ 175703), appendix table C. Printed in constant 2000 dollars; converted to nominal FY1990 dollars by dividing by BJS's stated CPI factor 1.3393. The table prints only the city; agency name carried over from the LEMAS volumes.",https://bjs.ojp.gov/content/pub/pdf/pdlc00.pdf,2026-09-14
Anaheim Police,Anaheim,CA,1997,51188167,388,"BJS LEMAS 1997, Data for Individual State and Local Agencies with 100 or More Officers (NCJ 171681), Table 6a",https://bjs.ojp.gov/content/pub/pdf/lemas97.pdf,2026-09-14
Anaheim Police,Anaheim,CA,2000,65848988,397,"BJS LEMAS 2000, Data for Individual State and Local Agencies with 100 or More Officers (NCJ 203350), Table 5a",https://bjs.ojp.gov/content/pub/pdf/lemas00.pdf,2026-09-14
Bakersfield Police,Bakersfield,CA,1993,23044000,241,"BJS LEMAS 1993, Data for Individual State and Local Agencies with 100 or More Officers (NCJ-148825), Table 7a",https://bjs.ojp.gov/content/pub/pdf/lemas93.pdf,2026-09-14
Bakersfield Police,Bakersfield,CA,1997,29888469,280,"BJS LEMAS 1997, Data for Individual State and Local Agencies with 100 or More Officers (NCJ 171681), Table 6a",https://bjs.ojp.gov/content/pub/pdf/lemas97.pdf,2026-09-14
Bakersfield Police,Bakersfield,CA,2000,36773915,301,"BJS LEMAS 2000, Data for Individual State and Local Agencies with 100 or More Officers (NCJ 203350), Table 5a",https://bjs.ojp.gov/content/pub/pdf/lemas00.pdf,2026-09-14
Berkeley Police,Berkeley,CA,1993,21750263,180,"BJS LEMAS 1993, Data for Individual State and Local Agencies with 100 or More Officers (NCJ-148825), Table 7a",https://bjs.ojp.gov/content/pub/pdf/lemas93.pdf,2026-09-14
Berkeley Police,Berkeley,CA,1997,28540000,199,"BJS LEMAS 1997, Data for Individual State and Local Agencies with 100 or More Officers (NCJ 171681), Table 6a",https://bjs.ojp.gov/content/pub/pdf/lemas97.pdf,2026-09-14
Berkeley Police,Berkeley,CA,2000,31738827,194,"BJS LEMAS 2000, Data for Individual State and Local Agencies with 100 or More Officers (NCJ 203350), Table 5a",https://bjs.ojp.gov/content/pub/pdf/lemas00.pdf,2026-09-14
Burbank Police,Burbank,CA,2000,27167741,168,"BJS LEMAS 2000, Data for Individual State and Local Agencies with 100 or More Officers (NCJ 203350), Table 5a",https://bjs.ojp.gov/content/pub/pdf/lemas00.pdf,2026-09-14
Chula Vista Police,Chula Vista,CA,2000,24954558,196,"BJS LEMAS 2000, Data for Individual State and Local Agencies with 100 or More Officers (NCJ 203350), Table 5a",https://bjs.ojp.gov/content/pub/pdf/lemas00.pdf,2026-09-14
Concord Police,Concord,CA,1993,14745879,131,"BJS LEMAS 1993, Data for Individual State and Local Agencies with 100 or More Officers (NCJ-148825), Table 7a",https://bjs.ojp.gov/content/pub/pdf/lemas93.pdf,2026-09-14
Concord Police,Concord,CA,1997,18988016,154,"BJS LEMAS 1997, Data for Individual State and Local Agencies with 100 or More Officers (NCJ 171681), Table 6a",https://bjs.ojp.gov/content/pub/pdf/lemas97.pdf,2026-09-14
Concord Police,Concord,CA,2000,25000000,157,"BJS LEMAS 2000, Data for Individual State and Local Agencies with 100 or More Officers (NCJ 203350), Table 5a",https://bjs.ojp.gov/content/pub/pdf/lemas00.pdf,2026-09-14
Corona Police,Corona,CA,2000,18545083,138,"BJS LEMAS 2000, Data for Individual State and Local Agencies with 100 or More Officers (NCJ 203350), Table 5a",https://bjs.ojp.gov/content/pub/pdf/lemas00.pdf,2026-09-14
Costa Mesa Police,Costa Mesa,CA,1997,20600953,150,"BJS LEMAS 1997, Data for Individual State and Local Agencies with 100 or More Officers (NCJ 171681), Table 6a",https://bjs.ojp.gov/content/pub/pdf/lemas97.pdf,2026-09-14
Daly City Police,Daly City,CA,2000,13487602,112,"BJS LEMAS 2000, Data for Individual State and Local Agencies with 100 or More Officers (NCJ 203350), Table 5a",https://bjs.ojp.gov/content/pub/pdf/lemas00.pdf,2026-09-14
Downey Police,Downey,CA,2000,17000000,111,"BJS LEMAS 2000, Data for Individual State and Local Agencies with 100 or More Officers (NCJ 203350), Table 5a",https://bjs.ojp.gov/content/pub/pdf/lemas00.pdf,2026-09-14
El Monte Police,El Monte,CA,1993,9591419,120,"BJS LEMAS 1993, Data for Individual State and Local Agencies with 100 or More Officers (NCJ-148825), Table 7a",https://bjs.ojp.gov/content/pub/pdf/lemas93.pdf,2026-09-14
El Monte Police,El Monte,CA,1997,10500000,134,"BJS LEMAS 1997, Data for Individual State and Local Agencies with 100 or More Officers (NCJ 171681), Table 6a",https://bjs.ojp.gov/content/pub/pdf/lemas97.pdf,2026-09-14
El Monte Police,El Monte,CA,2000,13786000,143,"BJS LEMAS 2000, Data for Individual State and Local Agencies with 100 or More Officers (NCJ 203350), Table 5a",https://bjs.ojp.gov/content/pub/pdf/lemas00.pdf,2026-09-14
Escondido Police,Escondido,CA,2000,19774080,158,"BJS LEMAS 2000, Data for Individual State and Local Agencies with 100 or More Officers (NCJ 203350), Table 5a",https://bjs.ojp.gov/content/pub/pdf/lemas00.pdf,2026-09-14
Fontana Police,Fontana,CA,2000,15600000,126,"BJS LEMAS 2000, Data for Individual State and Local Agencies with 100 or More Officers (NCJ 203350), Table 5a",https://bjs.ojp.gov/content/pub/pdf/lemas00.pdf,2026-09-14
Fremont Police,Fremont,CA,1993,18850000,180,"BJS LEMAS 1993, Data for Individual State and Local Agencies with 100 or More Officers (NCJ-148825), Table 7a",https://bjs.ojp.gov/content/pub/pdf/lemas93.pdf,2026-09-14
Fremont Police,Fremont,CA,1997,25400000,196,"BJS LEMAS 1997, Data for Individual State and Local Agencies with 100 or More Officers (NCJ 171681), Table 6a",https://bjs.ojp.gov/content/pub/pdf/lemas97.pdf,2026-09-14
Fremont Police,Fremont,CA,2000,33182454,201,"BJS LEMAS 2000, Data for Individual State and Local Agencies with 100 or More Officers (NCJ 203350), Table 5a",https://bjs.ojp.gov/content/pub/pdf/lemas00.pdf,2026-09-14
Fresno Police,Fresno,CA,1990,45850800,429,"BJS, Police Departments in Large Cities, 1990-2000 (NCJ 175703), appendix table C. Printed in constant 2000 dollars; converted to nominal FY1990 dollars by dividing by BJS's stated CPI factor 1.3393. The table prints only the city; agency name carried over from the LEMAS volumes.",https://bjs.ojp.gov/content/pub/pdf/pdlc00.pdf,2026-09-14
Fresno Police,Fresno,CA,1993,60473700,425,"BJS LEMAS 1993, Data for Individual State and Local Agencies with 100 or More Officers (NCJ-148825), Table 7a",https://bjs.ojp.gov/content/pub/pdf/lemas93.pdf,2026-09-14
Fresno Police,Fresno,CA,1997,60188325,572,"BJS LEMAS 1997, Data for Individual State and Local Agencies with 100 or More Officers (NCJ 171681), Table 6a",https://bjs.ojp.gov/content/pub/pdf/lemas97.pdf,2026-09-14
Fresno Police,Fresno,CA,2000,75786100,683,"BJS LEMAS 2000, Data for Individual State and Local Agencies with 100 or More Officers (NCJ 203350), Table 5a",https://bjs.ojp.gov/content/pub/pdf/lemas00.pdf,2026-09-14
Fullerton Police,Fullerton,CA,1997,19210900,147,"BJS LEMAS 1997, Data for Individual State and Local Agencies with 100 or More Officers (NCJ 171681), Table 6a",https://bjs.ojp.gov/content/pub/pdf/lemas97.pdf,2026-09-14
Fullerton Police,Fullerton,CA,2000,21094204,153,"BJS LEMAS 2000, Data for Individual State and Local Agencies with 100 or More Officers (NCJ 203350), Table 5a",https://bjs.ojp.gov/content/pub/pdf/lemas00.pdf,2026-09-14
Garden Grove Police,Garden Grove,CA,1997,20418213,161,"BJS LEMAS 1997, Data for Individual State and Local Agencies with 100 or More Officers (NCJ 171681), Table 6a",https://bjs.ojp.gov/content/pub/pdf/lemas97.pdf,2026-09-14
Garden Grove Police,Garden Grove,CA,2000,25000000,153,"BJS LEMAS 2000, Data for Individual State and Local Agencies with 100 or More Officers (NCJ 203350), Table 5a",https://bjs.ojp.gov/content/pub/pdf/lemas00.pdf,2026-09-14
Glendale Police,Glendale,CA,1993,23800000,214,"BJS LEMAS 1993, Data for Individual State and Local Agencies with 100 or More Officers (NCJ-148825), Table 7a",https://bjs.ojp.gov/content/pub/pdf/lemas93.pdf,2026-09-14
Glendale Police,Glendale,CA,1997,26378418,228,"BJS LEMAS 1997, Data for Individual State and Local Agencies with 100 or More Officers (NCJ 171681), Table 6a",https://bjs.ojp.gov/content/pub/pdf/lemas97.pdf,2026-09-14
Glendale Police,Glendale,CA,2000,31256082,230,"BJS LEMAS 2000, Data for Individual State and Local Agencies with 100 or More Officers (NCJ 203350), Table 5a",https://bjs.ojp.gov/content/pub/pdf/lemas00.pdf,2026-09-14
Hayward Police,Hayward,CA,1993,20749843,155,"BJS LEMAS 1993, Data for Individual State and Local Agencies with 100 or More Officers (NCJ-148825), Table 7a",https://bjs.ojp.gov/content/pub/pdf/lemas93.pdf,2026-09-14
Hayward Police,Hayward,CA,1997,23560842,170,"BJS LEMAS 1997, Data for Individual State and Local Agencies with 100 or More Officers (NCJ 171681), Table 6a",https://bjs.ojp.gov/content/pub/pdf/lemas97.pdf,2026-09-14
Hayward Police,Hayward,CA,2000,27149450,188,"BJS LEMAS 2000, Data for Individual State and Local Agencies with 100 or More Officers (NCJ 203350), Table 5a",https://bjs.ojp.gov/content/pub/pdf/lemas00.pdf,2026-09-14
Huntington Beach Police,Huntington Beach,CA,1997,31912121,228,"BJS LEMAS 1997, Data for Individual State and Local Agencies with 100 or More Officers (NCJ 171681), Table 6a",https://bjs.ojp.gov/content/pub/pdf/lemas97.pdf,2026-09-14
Huntington Beach Police,Huntington Beach,CA,2000,36018892,227,"BJS LEMAS 2000, Data for Individual State and Local Agencies with 100 or More Officers (NCJ 203350), Table 5a",https://bjs.ojp.gov/content/pub/pdf/lemas00.pdf,2026-09-14
Inglewood Police,Inglewood,CA,1993,22727224,200,"BJS LEMAS 1993, Data for Individual State and Local Agencies with 100 or More Officers (NCJ-148825), Table 7a",https://bjs.ojp.gov/content/pub/pdf/lemas93.pdf,2026-09-14
Inglewood Police,Inglewood,CA,1997,31801575,206,"BJS LEMAS 1997, Data for Individual State and Local Agencies with 100 or More Officers (NCJ 171681), Table 6a",https://bjs.ojp.gov/content/pub/pdf/lemas97.pdf,2026-09-14
Inglewood Police,Inglewood,CA,2000,27945711,172,"BJS LEMAS 2000, Data for Individual State and Local Agencies with 100 or More Officers (NCJ 203350), Table 5a",https://bjs.ojp.gov/content/pub/pdf/lemas00.pdf,2026-09-14
Irvine Police,Irvine,CA,2000,28627995,158,"BJS LEMAS 2000, Data for Individual State and Local Agencies with 100 or More Officers (NCJ 203350), Table 5a",https://bjs.ojp.gov/content/pub/pdf/lemas00.pdf,2026-09-14
Long Beach Police,Long Beach,CA,1990,80872875,643,"BJS, Police Departments in Large Cities, 1990-2000 (NCJ 175703), appendix table C. Printed in constant 2000 dollars; converted to nominal FY1990 dollars by dividing by BJS's stated CPI factor 1.3393. The table prints only the city; agency name carried over from the LEMAS volumes.",https://bjs.ojp.gov/content/pub/pdf/pdlc00.pdf,2026-09-14
Long Beach Police,Long Beach,CA,1993,99077029,734,"BJS LEMAS 1993, Data for Individual State and Local Agencies with 100 or More Officers (NCJ-148825), Table 7a",https://bjs.ojp.gov/content/pub/pdf/lemas93.pdf,2026-09-14
Long Beach Police,Long Beach,CA,1997,99200650,838,"BJS LEMAS 1997, Data for Individual State and Local Agencies with 100 or More Officers (NCJ 171681), Table 6a",https://bjs.ojp.gov/content/pub/pdf/lemas97.pdf,2026-09-14
Long Beach Police,Long Beach,CA,2000,135574459,881,"BJS LEMAS 2000, Data for Individual State and Local Agencies with 100 or More Officers (NCJ 203350), Table 5a",https://bjs.ojp.gov/content/pub/pdf/lemas00.pdf,2026-09-14
Los Angeles Police,Los Angeles,CA,1990,488050479,8295,"BJS, Police Departments in Large Cities, 1990-2000 (NCJ 175703), appendix table C. Printed in constant 2000 dollars; converted to nominal FY1990 dollars by dividing by BJS's stated CPI factor 1.3393. The table prints only the city; agency name carried over from the LEMAS volumes.",https://bjs.ojp.gov/content/pub/pdf/pdlc00.pdf,2026-09-14
Los Angeles Police,Los Angeles,CA,1993,550277640,7662,"BJS LEMAS 1993, Data for Individual State and Local Agencies with 100 or More Officers (NCJ-148825), Table 7a",https://bjs.ojp.gov/content/pub/pdf/lemas93.pdf,2026-09-14
Los Angeles Police,Los Angeles,CA,1997,552512202,9423,"BJS LEMAS 1997, Data for Individual State and Local Agencies with 100 or More Officers (NCJ 171681), Table 6a",https://bjs.ojp.gov/content/pub/pdf/lemas97.pdf,2026-09-14
Los Angeles Police,Los Angeles,CA,2000,891679649,9341,"BJS LEMAS 2000, Data for Individual State and Local Agencies with 100 or More Officers (NCJ 203350), Table 5a",https://bjs.ojp.gov/content/pub/pdf/lemas00.pdf,2026-09-14
Modesto Police,Modesto,CA,2000,34149700,240,"BJS LEMAS 2000, Data for Individual State and Local Agencies with 100 or More Officers (NCJ 203350), Table 5a",https://bjs.ojp.gov/content/pub/pdf/lemas00.pdf,2026-09-14
Oakland Police,Oakland,CA,1990,82036263,616,"BJS, Police Departments in Large Cities, 1990-2000 (NCJ 175703), appendix table C. Printed in constant 2000 dollars; converted to nominal FY1990 dollars by dividing by BJS's stated CPI factor 1.3393. The table prints only the city; agency name carried over from the LEMAS volumes.",https://bjs.ojp.gov/content/pub/pdf/pdlc00.pdf,2026-09-14
Oakland Police,Oakland,CA,1993,103085029,675,"BJS LEMAS 1993, Data for Individual State and Local Agencies with 100 or More Officers (NCJ-148825), Table 7a",https://bjs.ojp.gov/content/pub/pdf/lemas93.pdf,2026-09-14
Oakland Police,Oakland,CA,1997,92300122,617,"BJS LEMAS 1997, Data for Individual State and Local Agencies with 100 or More Officers (NCJ 171681), Table 6a",https://bjs.ojp.gov/content/pub/pdf/lemas97.pdf,2026-09-14
Oakland Police,Oakland,CA,2000,127724062,710,"BJS LEMAS 2000, Data for Individual State and Local Agencies with 100 or More Officers (NCJ 203350), Table 5a",https://bjs.ojp.gov/content/pub/pdf/lemas00.pdf,2026-09-14
Oceanside Police,Oceanside,CA,2000,25713470,163,"BJS LEMAS 2000, Data for Individual State and Local Agencies with 100 or More Officers (NCJ 203350), Table 5a",https://bjs.ojp.gov/content/pub/pdf/lemas00.pdf,2026-09-14
Ontario Police,Ontario,CA,2000,34818384,222,"BJS LEMAS 2000, Data for Individual State and Local Agencies with 100 or More Officers (NCJ 203350), Table 5a",https://bjs.ojp.gov/content/pub/pdf/lemas00.pdf,2026-09-14
Orange Police,Orange,CA,2000,23000000,157,"BJS LEMAS 2000, Data for Individual State and Local Agencies with 100 or More Officers (NCJ 203350), Table 5a",https://bjs.ojp.gov/content/pub/pdf/lemas00.pdf,2026-09-14
Oxnard Police,Oxnard,CA,2000,28174729,191,"BJS LEMAS 2000, Data for Individual State and Local Agencies with 100 or More Officers (NCJ 203350), Table 5a",https://bjs.ojp.gov/content/pub/pdf/lemas00.pdf,2026-09-14
Pasadena Police,Pasadena,CA,1993,26360416,215,"BJS LEMAS 1993, Data for Individual State and Local Agencies with 100 or More Officers (NCJ-148825), Table 7a",https://bjs.ojp.gov/content/pub/pdf/lemas93.pdf,2026-09-14
Pasadena Police,Pasadena,CA,1997,29392486,221,"BJS LEMAS 1997, Data for Individual State and Local Agencies with 100 or More Officers (NCJ 171681), Table 6a",https://bjs.ojp.gov/content/pub/pdf/lemas97.pdf,2026-09-14
Pasadena Police,Pasadena,CA,2000,30086394,222,"BJS LEMAS 2000, Data for Individual State and Local Agencies with 100 or More Officers (NCJ 203350), Table 5a",https://bjs.ojp.gov/content/pub/pdf/lemas00.pdf,2026-09-14
Pomona Police,Pomona,CA,1993,20827649,174,"BJS LEMAS 1993, Data for Individual State and Local Agencies with 100 or More Officers (NCJ-148825), Table 7a",https://bjs.ojp.gov/content/pub/pdf/lemas93.pdf,2026-09-14
Pomona Police,Pomona,CA,1997,25684949,179,"BJS LEMAS 1997, Data for Individual State and Local Agencies with 100 or More Officers (NCJ 171681), Table 6a",https://bjs.ojp.gov/content/pub/pdf/lemas97.pdf,2026-09-14
Pomona Police,Pomona,CA,2000,25826467,164,"BJS LEMAS 2000, Data for Individual State and Local Agencies with 100 or More Officers (NCJ 203350), Table 5a",https://bjs.ojp.gov/content/pub/pdf/lemas00.pdf,2026-09-14
Riverside Police,Riverside,CA,2000,43028909,301,"BJS LEMAS 2000, Data for Individual State and Local Agencies with 100 or More Officers (NCJ 203350), Table 5a",https://bjs.ojp.gov/content/pub/pdf/lemas00.pdf,2026-09-14
Sacramento Police,Sacramento,CA,1990,55777528,635,"BJS, Police Departments in Large Cities, 1990-2000 (NCJ 175703), appendix table C. Printed in constant 2000 dollars; converted to nominal FY1990 dollars by dividing by BJS's stated CPI factor 1.3393. The table prints only the city; agency name carried over from the LEMAS volumes.",https://bjs.ojp.gov/content/pub/pdf/pdlc00.pdf,2026-09-14
Sacramento Police,Sacramento,CA,2000,75721000,650,"BJS LEMAS 2000, Data for Individual State and Local Agencies with 100 or More Officers (NCJ 203350), Table 5a",https://bjs.ojp.gov/content/pub/pdf/lemas00.pdf,2026-09-14
Salinas Police,Salinas,CA,1993,12854368,125,"BJS LEMAS 1993, Data for Individual State and Local Agencies with 100 or More Officers (NCJ-148825), Table 7a",https://bjs.ojp.gov/content/pub/pdf/lemas93.pdf,2026-09-14
Salinas Police,Salinas,CA,1997,17695342,149,"BJS LEMAS 1997, Data for Individual State and Local Agencies with 100 or More Officers (NCJ 171681), Table 6a",https://bjs.ojp.gov/content/pub/pdf/lemas97.pdf,2026-09-14
Salinas Police,Salinas,CA,2000,19489000,148,"BJS LEMAS 2000, Data for Individual State and Local Agencies with 100 or More Officers (NCJ 203350), Table 5a",https://bjs.ojp.gov/content/pub/pdf/lemas00.pdf,2026-09-14
San Bernardino Police,San Bernardino,CA,2000,36276800,286,"BJS LEMAS 2000, Data for Individual State and Local Agencies with 100 or More Officers (NCJ 203350), Table 5a",https://bjs.ojp.gov/content/pub/pdf/lemas00.pdf,2026-09-14
San Diego Police,San Diego,CA,1990,121928663,1816,"BJS, Police Departments in Large Cities, 1990-2000 (NCJ 175703), appendix table C. Printed in constant 2000 dollars; converted to nominal FY1990 dollars by dividing by BJS's stated CPI factor 1.3393. The table prints only the city; agency name carried over from the LEMAS volumes.",https://bjs.ojp.gov/content/pub/pdf/pdlc00.pdf,2026-09-14
San Diego Police,San Diego,CA,2000,232910664,2022,"BJS LEMAS 2000, Data for Individual State and Local Agencies with 100 or More Officers (NCJ 203350), Table 5a",https://bjs.ojp.gov/content/pub/pdf/lemas00.pdf,2026-09-14
San Francisco Police,San Francisco,CA,1990,178778013,1777,"BJS, Police Departments in Large Cities, 1990-2000 (NCJ 175703), appendix table C. Printed in constant 2000 dollars; converted to nominal FY1990 dollars by dividing by BJS's stated CPI factor 1.3393. The table prints only the city; agency name carried over from the LEMAS volumes.",https://bjs.ojp.gov/content/pub/pdf/pdlc00.pdf,2026-09-14
San Francisco Police,San Francisco,CA,2000,255706971,2227,"BJS LEMAS 2000, Data for Individual State and Local Agencies with 100 or More Officers (NCJ 203350), Table 5a",https://bjs.ojp.gov/content/pub/pdf/lemas00.pdf,2026-09-14
San Jose Police,San Jose,CA,1990,120582552,1110,"BJS, Police Departments in Large Cities, 1990-2000 (NCJ 175703), appendix table C. Printed in constant 2000 dollars; converted to nominal FY1990 dollars by dividing by BJS's stated CPI factor 1.3393. The table prints only the city; agency name carried over from the LEMAS volumes.",https://bjs.ojp.gov/content/pub/pdf/pdlc00.pdf,2026-09-14
San Jose Police,San Jose,CA,2000,182962392,1408,"BJS LEMAS 2000, Data for Individual State and Local Agencies with 100 or More Officers (NCJ 203350), Table 5a",https://bjs.ojp.gov/content/pub/pdf/lemas00.pdf,2026-09-14
Santa Ana Police,Santa Ana,CA,1990,40256284,382,"BJS, Police Departments in Large Cities, 1990-2000 (NCJ 175703), appendix table C. Printed in constant 2000 dollars; converted to nominal FY1990 dollars by dividing by BJS's stated CPI factor 1.3393. The table prints only the city; agency name carried over from the LEMAS volumes.",https://bjs.ojp.gov/content/pub/pdf/pdlc00.pdf,2026-09-14
Santa Ana Police,Santa Ana,CA,2000,80752086,404,"BJS LEMAS 2000, Data for Individual State and Local Agencies with 100 or More Officers (NCJ 203350), Table 5a",https://bjs.ojp.gov/content/pub/pdf/lemas00.pdf,2026-09-14
Santa Clara Police,Santa Clara,CA,2000,25000000,149,"BJS LEMAS 2000, Data for Individual State and Local Agencies with 100 or More Officers (NCJ 203350), Table 5a",https://bjs.ojp.gov/content/pub/pdf/lemas00.pdf,2026-09-14
Santa Rosa Police,Santa Rosa,CA,2000,29000000,166,"BJS LEMAS 2000, Data for Individual State and Local Agencies with 100 or More Officers (NCJ 203350), Table 5a",https://bjs.ojp.gov/content/pub/pdf/lemas00.pdf,2026-09-14
Simi Valley Police,Simi Valley,CA,2000,15731750,116,"BJS LEMAS 2000, Data for Individual State and Local Agencies with 100 or More Officers (NCJ 203350), Table 5a",https://bjs.ojp.gov/content/pub/pdf/lemas00.pdf,2026-09-14
Stockton Police,Stockton,CA,2000,51000000,374,"BJS LEMAS 2000, Data for Individual State and Local Agencies with 100 or More Officers (NCJ 203350), Table 5a",https://bjs.ojp.gov/content/pub/pdf/lemas00.pdf,2026-09-14
Sunnyvale Police,Sunnyvale,CA,2000,17915485,212,"BJS LEMAS 2000, Data for Individual State and Local Agencies with 100 or More Officers (NCJ 203350), Table 5a",https://bjs.ojp.gov/content/pub/pdf/lemas00.pdf,2026-09-14
Torrance Police,Torrance,CA,1993,29927501,245,"BJS LEMAS 1993, Data for Individual State and Local Agencies with 100 or More Officers (NCJ-148825), Table 7a",https://bjs.ojp.gov/content/pub/pdf/lemas93.pdf,2026-09-14
Torrance Police,Torrance,CA,1997,35528363,249,"BJS LEMAS 1997, Data for Individual State and Local Agencies with 100 or More Officers (NCJ 171681), Table 6a",https://bjs.ojp.gov/content/pub/pdf/lemas97.pdf,2026-09-14
Torrance Police,Torrance,CA,2000,38683557,248,"BJS LEMAS 2000, Data for Individual State and Local Agencies with 100 or More Officers (NCJ 203350), Table 5a",https://bjs.ojp.gov/content/pub/pdf/lemas00.pdf,2026-09-14
Vallejo Police,Vallejo,CA,2000,22952600,145,"BJS LEMAS 2000, Data for Individual State and Local Agencies with 100 or More Officers (NCJ 203350), Table 5a",https://bjs.ojp.gov/content/pub/pdf/lemas00.pdf,2026-09-14
Ventura Police,Ventura,CA,2000,17096962,127,"BJS LEMAS 2000, Data for Individual State and Local Agencies with 100 or More Officers (NCJ 203350), Table 5a",https://bjs.ojp.gov/content/pub/pdf/lemas00.pdf,2026-09-14
West Covina Police,West Covina,CA,1997,11300000,111,"BJS LEMAS 1997, Data for Individual State and Local Agencies with 100 or More Officers (NCJ 171681), Table 6a",https://bjs.ojp.gov/content/pub/pdf/lemas97.pdf,2026-09-14
West Covina Police,West Covina,CA,2000,16900000,120,"BJS LEMAS 2000, Data for Individual State and Local Agencies with 100 or More Officers (NCJ 203350), Table 5a",https://bjs.ojp.gov/content/pub/pdf/lemas00.pdf,2026-09-14
Arvada Police,Arvada,CO,2000,16765529,132,"BJS LEMAS 2000, Data for Individual State and Local Agencies with 100 or More Officers (NCJ 203350), Table 5a",https://bjs.ojp.gov/content/pub/pdf/lemas00.pdf,2026-09-14
Aurora Police,Aurora,CO,1993,31007748,401,"BJS LEMAS 1993, Data for Individual State and Local Agencies with 100 or More Officers (NCJ-148825), Table 7a",https://bjs.ojp.gov/content/pub/pdf/lemas93.pdf,2026-09-14
Aurora Police,Aurora,CO,1997,42162144,508,"BJS LEMAS 1997, Data for Individual State and Local Agencies with 100 or More Officers (NCJ 171681), Table 6a",https://bjs.ojp.gov/content/pub/pdf/lemas97.pdf,2026-09-14
Aurora Police,Aurora,CO,2000,52000000,507,"BJS LEMAS 2000, Data for Individual State and Local Agencies with 100 or More Officers (NCJ 203350), Table 5a",https://bjs.ojp.gov/content/pub/pdf/lemas00.pdf,2026-09-14
Colorado Springs Police,Colorado Springs,CO,1990,28811656,406,"BJS, Police Departments in Large Cities, 1990-2000 (NCJ 175703), appendix table C. Printed in constant 2000 dollars; converted to nominal FY1990 dollars by dividing by BJS's stated CPI factor 1.3393. The table prints only the city; agency name carried over from the LEMAS volumes.",https://bjs.ojp.gov/content/pub/pdf/pdlc00.pdf,2026-09-14
Colorado Springs Police,Colorado Springs,CO,1993,29457868,474,"BJS LEMAS 1993, Data for Individual State and Local Agencies with 100 or More Officers (NCJ-148825), Table 7a",https://bjs.ojp.gov/content/pub/pdf/lemas93.pdf,2026-09-14
Colorado Springs Police,Colorado Springs,CO,1997,43542769,528,"BJS LEMAS 1997, Data for Individual State and Local Agencies with 100 or More Officers (NCJ 171681), Table 6a",https://bjs.ojp.gov/content/pub/pdf/lemas97.pdf,2026-09-14
Colorado Springs Police,Colorado Springs,CO,2000,56182134,586,"BJS LEMAS 2000, Data for Individual State and Local Agencies with 100 or More Officers (NCJ 203350), Table 5a",https://bjs.ojp.gov/content/pub/pdf/lemas00.pdf,2026-09-14
Denver Police,Denver,CO,1990,80514715,1318,"BJS, Police Departments in Large Cities, 1990-2000 (NCJ 175703), appendix table C. Printed in constant 2000 dollars; converted to nominal FY1990 dollars by dividing by BJS's stated CPI factor 1.3393. The table prints only the city; agency name carried over from the LEMAS volumes.",https://bjs.ojp.gov/content/pub/pdf/pdlc00.pdf,2026-09-14
Denver Police,Denver,CO,1993,83091200,1388,"BJS LEMAS 1993, Data for Individual State and Local Agencies with 100 or More Officers (NCJ-148825), Table 7a",https://bjs.ojp.gov/content/pub/pdf/lemas93.pdf,2026-09-14
Denver Police,Denver,CO,1997,110356300,1412,"BJS LEMAS 1997, Data for Individual State and Local Agencies with 100 or More Officers (NCJ 171681), Table 6a",https://bjs.ojp.gov/content/pub/pdf/lemas97.pdf,2026-09-14
Denver Police,Denver,CO,2000,123318114,1489,"BJS LEMAS 2000, Data for Individual State and Local Agencies with 100 or More Officers (NCJ 203350), Table 5a",https://bjs.ojp.gov/content/pub/pdf/lemas00.pdf,2026-09-14
Fort Collins Police,Fort Collins,CO,1997,13740731,130,"BJS LEMAS 1997, Data for Individual State and Local Agencies with 100 or More Officers (NCJ 171681), Table 6a",https://bjs.ojp.gov/content/pub/pdf/lemas97.pdf,2026-09-14
Fort Collins Police,Fort Collins,CO,2000,18697421,144,"BJS LEMAS 2000, Data for Individual State and Local Agencies with 100 or More Officers (NCJ 203350), Table 5a",https://bjs.ojp.gov/content/pub/pdf/lemas00.pdf,2026-09-14
Lakewood Police,Lakewood,CO,1993,13576575,220,"BJS LEMAS 1993, Data for Individual State and Local Agencies with 100 or More Officers (NCJ-148825), Table 7a",https://bjs.ojp.gov/content/pub/pdf/lemas93.pdf,2026-09-14
Lakewood Police,Lakewood,CO,1997,18936301,228,"BJS LEMAS 1997, Data for Individual State and Local Agencies with 100 or More Officers (NCJ 171681), Table 6a",https://bjs.ojp.gov/content/pub/pdf/lemas97.pdf,2026-09-14
Lakewood Police,Lakewood,CO,2000,23208886,226,"BJS LEMAS 2000, Data for Individual State and Local Agencies with 100 or More Officers (NCJ 203350), Table 5a",https://bjs.ojp.gov/content/pub/pdf/lemas00.pdf,2026-09-14
Pueblo Police,Pueblo,CO,2000,12955214,192,"BJS LEMAS 2000, Data for Individual State and Local Agencies with 100 or More Officers (NCJ 203350), Table 5a",https://bjs.ojp.gov/content/pub/pdf/lemas00.pdf,2026-09-14
Westminster Police,Westminster,CO,2000,13288277,150,"BJS LEMAS 2000, Data for Individual State and Local Agencies with 100 or More Officers (NCJ 203350), Table 5a",https://bjs.ojp.gov/content/pub/pdf/lemas00.pdf,2026-09-14
Bridgeport Police,Bridgeport,CT,1993,21718766,396,"BJS LEMAS 1993, Data for Individual State and Local Agencies with 100 or More Officers (NCJ-148825), Table 7a",https://bjs.ojp.gov/content/pub/pdf/lemas93.pdf,2026-09-14
Bridgeport Police,Bridgeport,CT,1997,43141353,431,"BJS LEMAS 1997, Data for Individual State and Local Agencies with 100 or More Officers (NCJ 171681), Table 6a",https://bjs.ojp.gov/content/pub/pdf/lemas97.pdf,2026-09-14
Bridgeport Police,Bridgeport,CT,2000,32947897,420,"BJS LEMAS 2000, Data for Individual State and Local Agencies with 100 or More Officers (NCJ 203350), Table 5a",https://bjs.ojp.gov/content/pub/pdf/lemas00.pdf,2026-09-14
Hartford Police,Hartford,CT,1993,26457710,351,"BJS LEMAS 1993, Data for Individual State and Local Agencies with 100 or More Officers (NCJ-148825), Table 7a",https://bjs.ojp.gov/content/pub/pdf/lemas93.pdf,2026-09-14
Hartford Police,Hartford,CT,1997,30277990,473,"BJS LEMAS 1997, Data for Individual State and Local Agencies with 100 or More Officers (NCJ 171681), Table 6a",https://bjs.ojp.gov/content/pub/pdf/lemas97.pdf,2026-09-14
Hartford Police,Hartford,CT,2000,33656430,423,"BJS LEMAS 2000, Data for Individual State and Local Agencies with 100 or More Officers (NCJ 203350), Table 5a",https://bjs.ojp.gov/content/pub/pdf/lemas00.pdf,2026-09-14
New Haven Police,New Haven,CT,1997,26426133,433,"BJS LEMAS 1997, Data for Individual State and Local Agencies with 100 or More Officers (NCJ 171681), Table 6a",https://bjs.ojp.gov/content/pub/pdf/lemas97.pdf,2026-09-14
New Haven Police,New Haven,CT,2000,29000000,455,"BJS LEMAS 2000, Data for Individual State and Local Agencies with 100 or More Officers (NCJ 203350), Table 5a",https://bjs.ojp.gov/content/pub/pdf/lemas00.pdf,2026-09-14
Stamford Police,Stamford,CT,1993,14244700,286,"BJS LEMAS 1993, Data for Individual State and Local Agencies with 100 or More Officers (NCJ-148825), Table 7a",https://bjs.ojp.gov/content/pub/pdf/lemas93.pdf,2026-09-14
Stamford Police,Stamford,CT,1997,20947005,313,"BJS LEMAS 1997, Data for Individual State and Local Agencies with 100 or More Officers (NCJ 171681), Table 6a",https://bjs.ojp.gov/content/pub/pdf/lemas97.pdf,2026-09-14
Stamford Police,Stamford,CT,2000,27135697,308,"BJS LEMAS 2000, Data for Individual State and Local Agencies with 100 or More Officers (NCJ 203350), Table 5a",https://bjs.ojp.gov/content/pub/pdf/lemas00.pdf,2026-09-14
Waterbury Police,Waterbury,CT,1993,20056000,289,"BJS LEMAS 1993, Data for Individual State and Local Agencies with 100 or More Officers (NCJ-148825), Table 7a",https://bjs.ojp.gov/content/pub/pdf/lemas93.pdf,2026-09-14
Waterbury Police,Waterbury,CT,1997,25244982,322,"BJS LEMAS 1997, Data for Individual State and Local Agencies with 100 or More Officers (NCJ 171681), Table 6a",https://bjs.ojp.gov/content/pub/pdf/lemas97.pdf,2026-09-14
Waterbury Police,Waterbury,CT,2000,25000000,321,"BJS LEMAS 2000, Data for Individual State and Local Agencies with 100 or More Officers (NCJ 203350), Table 5a",https://bjs.ojp.gov/content/pub/pdf/lemas00.pdf,2026-09-14
Washington Metropolitan Police,Washington,DC,1990,208185000,4506,"BJS, Police Departments in Large Cities, 1990-2000 (NCJ 175703), appendix table C. Printed in constant 2000 dollars; converted to nominal FY1990 dollars by dividing by BJS's stated CPI factor 1.3393. The table prints only the city; agency name carried over from the LEMAS volumes.",https://bjs.ojp.gov/content/pub/pdf/pdlc00.pdf,2026-09-14
Washington Metropolitan Police,Washington,DC,1993,235470218,4271,"BJS LEMAS 1993, Data for Individual State and Local Agencies with 100 or More Officers (NCJ-148825), Table 7a",https://bjs.ojp.gov/content/pub/pdf/lemas93.pdf,2026-09-14
Washington Metropolitan Police,Washington,DC,1997,234305657,3618,"BJS LEMAS 1997, Data for Individual State and Local Agencies with 100 or More Officers (NCJ 171681), Table 6a",https://bjs.ojp.gov/content/pub/pdf/lemas97.pdf,2026-09-14
Washington Metropolitan Police,Washington,DC,2000,316666268,3612,"BJS LEMAS 2000, Data for Individual State and Local Agencies with 100 or More Officers (NCJ 203350), Table 5a",https://bjs.ojp.gov/content/pub/pdf/lemas00.pdf,2026-09-14
Cape Coral Police,Cape Coral,FL,2000,14400657,143,"BJS LEMAS 2000, Data for Individual State and Local Agencies with 100 or More Officers (NCJ 203350), Table 5a",https://bjs.ojp.gov/content/pub/pdf/lemas00.pdf,2026-09-14
Clearwater Police,Clearwater,FL,1997,17741982,258,"BJS LEMAS 1997, Data for Individual State and Local Agencies with 100 or More Officers (NCJ 171681), Table 6a",https://bjs.ojp.gov/content/pub/pdf/lemas97.pdf,2026-09-14
Clearwater Police,Clearwater,FL,2000,25971230,252,"BJS LEMAS 2000, Data for Individual State and Local Agencies with 100 or More Officers (NCJ 203350), Table 5a",https://bjs.ojp.gov/content/pub/pdf/lemas00.pdf,2026-09-14
Coral Springs Police,Coral Springs,FL,1997,17507325,158,"BJS LEMAS 1997, Data for Individual State and Local Agencies with 100 or More Officers (NCJ 171681), Table 6a",https://bjs.ojp.gov/content/pub/pdf/lemas97.pdf,2026-09-14
Coral Springs Police,Coral Springs,FL,2000,20000000,174,"BJS LEMAS 2000, Data for Individual State and Local Agencies with 100 or More Officers (NCJ 203350), Table 5a",https://bjs.ojp.gov/content/pub/pdf/lemas00.pdf,2026-09-14
Fort Lauderdale Police,Fort Lauderdale,FL,1993,43630498,465,"BJS LEMAS 1993, Data for Individual State and Local Agencies with 100 or More Officers (NCJ-148825), Table 7a",https://bjs.ojp.gov/content/pub/pdf/lemas93.pdf,2026-09-14
Fort Lauderdale Police,Fort Lauderdale,FL,1997,51315442,462,"BJS LEMAS 1997, Data for Individual State and Local Agencies with 100 or More Officers (NCJ 171681), Table 6a",https://bjs.ojp.gov/content/pub/pdf/lemas97.pdf,2026-09-14
Fort Lauderdale Police,Fort Lauderdale,FL,2000,58049356,496,"BJS LEMAS 2000, Data for Individual State and Local Agencies with 100 or More Officers (NCJ 203350), Table 5a",https://bjs.ojp.gov/content/pub/pdf/lemas00.pdf,2026-09-14
Hialeah Police,Hialeah,FL,1993,26124084,306,"BJS LEMAS 1993, Data for Individual State and Local Agencies with 100 or More Officers (NCJ-148825), Table 7a",https://bjs.ojp.gov/content/pub/pdf/lemas93.pdf,2026-09-14
Hialeah Police,Hialeah,FL,1997,25800000,322,"BJS LEMAS 1997, Data for Individual State and Local Agencies with 100 or More Officers (NCJ 171681), Table 6a",https://bjs.ojp.gov/content/pub/pdf/lemas97.pdf,2026-09-14
Hialeah Police,Hialeah,FL,2000,29975913,333,"BJS LEMAS 2000, Data for Individual State and Local Agencies with 100 or More Officers (NCJ 203350), Table 5a",https://bjs.ojp.gov/content/pub/pdf/lemas00.pdf,2026-09-14
Hollywood Police,Hollywood,FL,1997,33523330,307,"BJS LEMAS 1997, Data for Individual State and Local Agencies with 100 or More Officers (NCJ 171681), Table 6a",https://bjs.ojp.gov/content/pub/pdf/lemas97.pdf,2026-09-14
Hollywood Police,Hollywood,FL,2000,39086594,346,"BJS LEMAS 2000, Data for Individual State and Local Agencies with 100 or More Officers (NCJ 203350), Table 5a",https://bjs.ojp.gov/content/pub/pdf/lemas00.pdf,2026-09-14
Jacksonville Sheriff's Office,Jacksonville,FL,1990,101951181,1181,"BJS, Police Departments in Large Cities, 1990-2000 (NCJ 175703), appendix table C. Printed in constant 2000 dollars; converted to nominal FY1990 dollars by dividing by BJS's stated CPI factor 1.3393. The table prints only the city; agency name constructed.",https://bjs.ojp.gov/content/pub/pdf/pdlc00.pdf,2026-09-14
Miami Police,Miami,FL,1990,77565000,1110,"BJS, Police Departments in Large Cities, 1990-2000 (NCJ 175703), appendix table C. Printed in constant 2000 dollars; converted to nominal FY1990 dollars by dividing by BJS's stated CPI factor 1.3393. The table prints only the city; agency name carried over from the LEMAS volumes.",https://bjs.ojp.gov/content/pub/pdf/pdlc00.pdf,2026-09-14
Miami Police,Miami,FL,1993,83334627,1067,"BJS LEMAS 1993, Data for Individual State and Local Agencies with 100 or More Officers (NCJ-148825), Table 7a",https://bjs.ojp.gov/content/pub/pdf/lemas93.pdf,2026-09-14
Miami Police,Miami,FL,1997,79892287,1007,"BJS LEMAS 1997, Data for Individual State and Local Agencies with 100 or More Officers (NCJ 171681), Table 6a",https://bjs.ojp.gov/content/pub/pdf/lemas97.pdf,2026-09-14
Miami Police,Miami,FL,2000,86595193,1110,"BJS LEMAS 2000, Data for Individual State and Local Agencies with 100 or More Officers (NCJ 203350), Table 5a",https://bjs.ojp.gov/content/pub/pdf/lemas00.pdf,2026-09-14
Orlando Police,Orlando,FL,1997,51475643,600,"BJS LEMAS 1997, Data for Individual State and Local Agencies with 100 or More Officers (NCJ 171681), Table 6a",https://bjs.ojp.gov/content/pub/pdf/lemas97.pdf,2026-09-14
Orlando Police,Orlando,FL,2000,63964666,647,"BJS LEMAS 2000, Data for Individual State and Local Agencies with 100 or More Officers (NCJ 203350), Table 5a",https://bjs.ojp.gov/content/pub/pdf/lemas00.pdf,2026-09-14
Pembroke Pines Police,Pembroke Pines,FL,1997,13550954,183,"BJS LEMAS 1997, Data for Individual State and Local Agencies with 100 or More Officers (NCJ 171681), Table 6a",https://bjs.ojp.gov/content/pub/pdf/lemas97.pdf,2026-09-14
Pembroke Pines Police,Pembroke Pines,FL,2000,20000000,201,"BJS LEMAS 2000, Data for Individual State and Local Agencies with 100 or More Officers (NCJ 203350), Table 5a",https://bjs.ojp.gov/content/pub/pdf/lemas00.pdf,2026-09-14
St. Petersburg Police,St. Petersburg,FL,1997,48171161,511,"BJS LEMAS 1997, Data for Individual State and Local Agencies with 100 or More Officers (NCJ 171681), Table 6a",https://bjs.ojp.gov/content/pub/pdf/lemas97.pdf,2026-09-14
St. Petersburg Police,St. Petersburg,FL,2000,55104000,500,"BJS LEMAS 2000, Data for Individual State and Local Agencies with 100 or More Officers (NCJ 203350), Table 5a",https://bjs.ojp.gov/content/pub/pdf/lemas00.pdf,2026-09-14
Tallahassee Police,Tallahassee,FL,1993,21231078,309,"BJS LEMAS 1993, Data for Individual State and Local Agencies with 100 or More Officers (NCJ-148825), Table 7a",https://bjs.ojp.gov/content/pub/pdf/lemas93.pdf,2026-09-14
Tallahassee Police,Tallahassee,FL,1997,26615573,325,"BJS LEMAS 1997, Data for Individual State and Local Agencies with 100 or More Officers (NCJ 171681), Table 6a",https://bjs.ojp.gov/content/pub/pdf/lemas97.pdf,2026-09-14
Tallahassee Police,Tallahassee,FL,2000,29553533,321,"BJS LEMAS 2000, Data for Individual State and Local Agencies with 100 or More Officers (NCJ 203350), Table 5a",https://bjs.ojp.gov/content/pub/pdf/lemas00.pdf,2026-09-14
Tampa Police,Tampa,FL,1990,49266059,824,"BJS, Police Departments in Large Cities, 1990-2000 (NCJ 175703), appendix table C. Printed in constant 2000 dollars; converted to nominal FY1990 dollars by dividing by BJS's stated CPI factor 1.3393. The table prints only the city; agency name carried over from the LEMAS volumes.",https://bjs.ojp.gov/content/pub/pdf/pdlc00.pdf,2026-09-14
Tampa Police,Tampa,FL,1993,50415421,788,"BJS LEMAS 1993, Data for Individual State and Local Agencies with 100 or More Officers (NCJ-148825), Table 7a",https://bjs.ojp.gov/content/pub/pdf/lemas93.pdf,2026-09-14
Tampa Police,Tampa,FL,1997,70745794,916,"BJS LEMAS 1997, Data for Individual State and Local Agencies with 100 or More Officers (NCJ 171681), Table 6a",https://bjs.ojp.gov/content/pub/pdf/lemas97.pdf,2026-09-14
Tampa Police,Tampa,FL,2000,89570060,939,"BJS LEMAS 2000, Data for Individual State and Local Agencies with 100 or More Officers (NCJ 203350), Table 5a",https://bjs.ojp.gov/content/pub/pdf/lemas00.pdf,2026-09-14
Atlanta Police,Atlanta,GA,1990,69961569,1560,"BJS, Police Departments in Large Cities, 1990-2000 (NCJ 175703), appendix table C. Printed in constant 2000 dollars; converted to nominal FY1990 dollars by dividing by BJS's stated CPI factor 1.3393. The table prints only the city; agency name carried over from the LEMAS volumes.",https://bjs.ojp.gov/content/pub/pdf/pdlc00.pdf,2026-09-14
Atlanta Police,Atlanta,GA,1993,73933065,1602,"BJS LEMAS 1993, Data for Individual State and Local Agencies with 100 or More Officers (NCJ-148825), Table 7a",https://bjs.ojp.gov/content/pub/pdf/lemas93.pdf,2026-09-14
Atlanta Police,Atlanta,GA,1997,88612717,1612,"BJS LEMAS 1997, Data for Individual State and Local Agencies with 100 or More Officers (NCJ 171681), Table 6a",https://bjs.ojp.gov/content/pub/pdf/lemas97.pdf,2026-09-14
Atlanta Police,Atlanta,GA,2000,119407023,1474,"BJS LEMAS 2000, Data for Individual State and Local Agencies with 100 or More Officers (NCJ 203350), Table 5a",https://bjs.ojp.gov/content/pub/pdf/lemas00.pdf,2026-09-14
Columbus Police,Columbus,GA,1993,15657844,372,"BJS LEMAS 1993, Data for Individual State and Local Agencies with 100 or More Officers (NCJ-148825), Table 7a",https://bjs.ojp.gov/content/pub/pdf/lemas93.pdf,2026-09-14
Columbus Police,Columbus,GA,1997,20291969,387,"BJS LEMAS 1997, Data for Individual State and Local Agencies with 100 or More Officers (NCJ 171681), Table 6a",https://bjs.ojp.gov/content/pub/pdf/lemas97.pdf,2026-09-14
Columbus Police,Columbus,GA,2000,19613873,370,"BJS LEMAS 2000, Data for Individual State and Local Agencies with 100 or More Officers (NCJ 203350), Table 5a",https://bjs.ojp.gov/content/pub/pdf/lemas00.pdf,2026-09-14
Macon Police,Macon,GA,1993,12269916,284,"BJS LEMAS 1993, Data for Individual State and Local Agencies with 100 or More Officers (NCJ-148825), Table 7a",https://bjs.ojp.gov/content/pub/pdf/lemas93.pdf,2026-09-14
Macon Police,Macon,GA,1997,13585423,290,"BJS LEMAS 1997, Data for Individual State and Local Agencies with 100 or More Officers (NCJ 171681), Table 6a",https://bjs.ojp.gov/content/pub/pdf/lemas97.pdf,2026-09-14
Savannah Police,Savannah,GA,1993,19043000,374,"BJS LEMAS 1993, Data for Individual State and Local Agencies with 100 or More Officers (NCJ-148825), Table 7a",https://bjs.ojp.gov/content/pub/pdf/lemas93.pdf,2026-09-14
Savannah Police,Savannah,GA,1997,24970310,424,"BJS LEMAS 1997, Data for Individual State and Local Agencies with 100 or More Officers (NCJ 171681), Table 6a",https://bjs.ojp.gov/content/pub/pdf/lemas97.pdf,2026-09-14
Savannah Police,Savannah,GA,2000,27749090,385,"BJS LEMAS 2000, Data for Individual State and Local Agencies with 100 or More Officers (NCJ 203350), Table 5a",https://bjs.ojp.gov/content/pub/pdf/lemas00.pdf,2026-09-14
Honolulu Police,Honolulu,HI,1990,96584273,1781,"BJS, Police Departments in Large Cities, 1990-2000 (NCJ 175703), appendix table C. Printed in constant 2000 dollars; converted to nominal FY1990 dollars by dividing by BJS's stated CPI factor 1.3393. The table prints only the city; agency name carried over from the LEMAS volumes.",https://bjs.ojp.gov/content/pub/pdf/pdlc00.pdf,2026-09-14
Honolulu Police,Honolulu,HI,1993,116054557,1925,"BJS LEMAS 1993, Data for Individual State and Local Agencies with 100 or More Officers (NCJ-148825), Table 7a",https://bjs.ojp.gov/content/pub/pdf/lemas93.pdf,2026-09-14
Honolulu Police,Honolulu,HI,1997,163453375,1691,"BJS LEMAS 1997, Data for Individual State and Local Agencies with 100 or More Officers (NCJ 171681), Table 6a",https://bjs.ojp.gov/content/pub/pdf/lemas97.pdf,2026-09-14
Honolulu Police,Honolulu,HI,2000,140782160,1792,"BJS LEMAS 2000, Data for Individual State and Local Agencies with 100 or More Officers (NCJ 203350), Table 5a",https://bjs.ojp.gov/content/pub/pdf/lemas00.pdf,2026-09-14
Cedar Rapids Police,Cedar Rapids,IA,1993,9770162,169,"BJS LEMAS 1993, Data for Individual State and Local Agencies with 100 or More Officers (NCJ-148825), Table 7a",https://bjs.ojp.gov/content/pub/pdf/lemas93.pdf,2026-09-14
Cedar Rapids Police,Cedar Rapids,IA,1997,12283840,200,"BJS LEMAS 1997, Data for Individual State and Local Agencies with 100 or More Officers (NCJ 171681), Table 6a",https://bjs.ojp.gov/content/pub/pdf/lemas97.pdf,2026-09-14
Cedar Rapids Police,Cedar Rapids,IA,2000,15000000,197,"BJS LEMAS 2000, Data for Individual State and Local Agencies with 100 or More Officers (NCJ 203350), Table 5a",https://bjs.ojp.gov/content/pub/pdf/lemas00.pdf,2026-09-14
Des Moines Police,Des Moines,IA,1993,25455699,358,"BJS LEMAS 1993, Data for Individual State and Local Agencies with 100 or More Officers (NCJ-148825), Table 7a",https://bjs.ojp.gov/content/pub/pdf/lemas93.pdf,2026-09-14
Des Moines Police,Des Moines,IA,1997,29383813,345,"BJS LEMAS 1997, Data for Individual State and Local Agencies with 100 or More Officers (NCJ 171681), Table 6a",https://bjs.ojp.gov/content/pub/pdf/lemas97.pdf,2026-09-14
Des Moines Police,Des Moines,IA,2000,33000000,357,"BJS LEMAS 2000, Data for Individual State and Local Agencies with 100 or More Officers (NCJ 203350), Table 5a",https://bjs.ojp.gov/content/pub/pdf/lemas00.pdf,2026-09-14
Boise Police,Boise,ID,1993,11667372,177,"BJS LEMAS 1993, Data for Individual State and Local Agencies with 100 or More Officers (NCJ-148825), Table 7a",https://bjs.ojp.gov/content/pub/pdf/lemas93.pdf,2026-09-14
Boise Police,Boise,ID,1997,17222002,222,"BJS LEMAS 1997, Data for Individual State and Local Agencies with 100 or More Officers (NCJ 171681), Table 6a",https://bjs.ojp.gov/content/pub/pdf/lemas97.pdf,2026-09-14
Boise Police,Boise,ID,2000,23865373,108,"BJS LEMAS 2000, Data for Individual State and Local Agencies with 100 or More Officers (NCJ 203350), Table 5a",https://bjs.ojp.gov/content/pub/pdf/lemas00.pdf,2026-09-14
Aurora Police,Aurora,IL,1997,20996024,249,"BJS LEMAS 1997, Data for Individual State and Local Agencies with 100 or More Officers (NCJ 171681), Table 6a",https://bjs.ojp.gov/content/pub/pdf/lemas97.pdf,2026-09-14
Aurora Police,Aurora,IL,2000,33777500,264,"BJS LEMAS 2000, Data for Individual State and Local Agencies with 100 or More Officers (NCJ 203350), Table 5a",https://bjs.ojp.gov/content/pub/pdf/lemas00.pdf,2026-09-14
Chicago Police,Chicago,IL,1990,739405236,11837,"BJS, Police Departments in Large Cities, 1990-2000 (NCJ 175703), appendix table C. Printed in constant 2000 dollars; converted to nominal FY1990 dollars by dividing by BJS's stated CPI factor 1.3393. The table prints only the city; agency name carried over from the LEMAS volumes.",https://bjs.ojp.gov/content/pub/pdf/pdlc00.pdf,2026-09-14
Chicago Police,Chicago,IL,1993,686324515,12368,"BJS LEMAS 1993, Data for Individual State and Local Agencies with 100 or More Officers (NCJ-148825), Table 7a",https://bjs.ojp.gov/content/pub/pdf/lemas93.pdf,2026-09-14
Chicago Police,Chicago,IL,1997,702194102,13271,"BJS LEMAS 1997, Data for Individual State and Local Agencies with 100 or More Officers (NCJ 171681), Table 6a",https://bjs.ojp.gov/content/pub/pdf/lemas97.pdf,2026-09-14
Chicago Police,Chicago,IL,2000,910000000,13466,"BJS LEMAS 2000, Data for Individual State and Local Agencies with 100 or More Officers (NCJ 203350), Table 5a",https://bjs.ojp.gov/content/pub/pdf/lemas00.pdf,2026-09-14
Joliet Police,Joliet,IL,2000,20627682,246,"BJS LEMAS 2000, Data for Individual State and Local Agencies with 100 or More Officers (NCJ 203350), Table 5a",https://bjs.ojp.gov/content/pub/pdf/lemas00.pdf,2026-09-14
Naperville Police,Naperville,IL,1997,15834685,159,"BJS LEMAS 1997, Data for Individual State and Local Agencies with 100 or More Officers (NCJ 171681), Table 6a",https://bjs.ojp.gov/content/pub/pdf/lemas97.pdf,2026-09-14
Naperville Police,Naperville,IL,2000,22872103,175,"BJS LEMAS 2000, Data for Individual State and Local Agencies with 100 or More Officers (NCJ 203350), Table 5a",https://bjs.ojp.gov/content/pub/pdf/lemas00.pdf,2026-09-14
Peoria Police,Peoria,IL,1997,15988154,232,"BJS LEMAS 1997, Data for Individual State and Local Agencies with 100 or More Officers (NCJ 171681), Table 6a",https://bjs.ojp.gov/content/pub/pdf/lemas97.pdf,2026-09-14
Peoria Police,Peoria,IL,2000,17800000,230,"BJS LEMAS 2000, Data for Individual State and Local Agencies with 100 or More Officers (NCJ 203350), Table 5a",https://bjs.ojp.gov/content/pub/pdf/lemas00.pdf,2026-09-14
Rockford Police,Rockford,IL,1997,23349307,282,"BJS LEMAS 1997, Data for Individual State and Local Agencies with 100 or More Officers (NCJ 171681), Table 6a",https://bjs.ojp.gov/content/pub/pdf/lemas97.pdf,2026-09-14
Rockford Police,Rockford,IL,2000,21900000,291,"BJS LEMAS 2000, Data for Individual State and Local Agencies with 100 or More Officers (NCJ 203350), Table 5a",https://bjs.ojp.gov/content/pub/pdf/lemas00.pdf,2026-09-14
Springfield Police,Springfield,IL,1997,15518352,249,"BJS LEMAS 1997, Data for Individual State and Local Agencies with 100 or More Officers (NCJ 171681), Table 6a",https://bjs.ojp.gov/content/pub/pdf/lemas97.pdf,2026-09-14
Springfield Police,Springfield,IL,2000,18000000,256,"BJS LEMAS 2000, Data for Individual State and Local Agencies with 100 or More Officers (NCJ 203350), Table 5a",https://bjs.ojp.gov/content/pub/pdf/lemas00.pdf,2026-09-14
Evansville Police,Evansville,IN,1993,11987096,243,"BJS LEMAS 1993, Data for Individual State and Local Agencies with 100 or More Officers (NCJ-148825), Table 7a",https://bjs.ojp.gov/content/pub/pdf/lemas93.pdf,2026-09-14
Evansville Police,Evansville,IN,1997,10597377,272,"BJS LEMAS 1997, Data for Individual State and Local Agencies with 100 or More Officers (NCJ 171681), Table 6a",https://bjs.ojp.gov/content/pub/pdf/lemas97.pdf,2026-09-14
Evansville Police,Evansville,IN,2000,19535916,280,"BJS LEMAS 2000, Data for Individual State and Local Agencies with 100 or More Officers (NCJ 203350), Table 5a",https://bjs.ojp.gov/content/pub/pdf/lemas00.pdf,2026-09-14
Fort Wayne Police,Fort Wayne,IN,1997,26043672,378,"BJS LEMAS 1997, Data for Individual State and Local Agencies with 100 or More Officers (NCJ 171681), Table 6a",https://bjs.ojp.gov/content/pub/pdf/lemas97.pdf,2026-09-14
Fort Wayne Police,Fort Wayne,IN,2000,25601402,378,"BJS LEMAS 2000, Data for Individual State and Local Agencies with 100 or More Officers (NCJ 203350), Table 5a",https://bjs.ojp.gov/content/pub/pdf/lemas00.pdf,2026-09-14
Gary Police,Gary,IN,1997,10957941,243,"BJS LEMAS 1997, Data for Individual State and Local Agencies with 100 or More Officers (NCJ 171681), Table 6a",https://bjs.ojp.gov/content/pub/pdf/lemas97.pdf,2026-09-14
Gary Police,Gary,IN,2000,24903088,264,"BJS LEMAS 2000, Data for Individual State and Local Agencies with 100 or More Officers (NCJ 203350), Table 5a",https://bjs.ojp.gov/content/pub/pdf/lemas00.pdf,2026-09-14
Indianapolis Police,Indianapolis,IN,1990,82157995,1436,"BJS, Police Departments in Large Cities, 1990-2000 (NCJ 175703), appendix table C. Printed in constant 2000 dollars; converted to nominal FY1990 dollars by dividing by BJS's stated CPI factor 1.3393. The table prints only the city; agency name carried over from the LEMAS volumes.",https://bjs.ojp.gov/content/pub/pdf/pdlc00.pdf,2026-09-14
Indianapolis Police,Indianapolis,IN,1993,51972676,956,"BJS LEMAS 1993, Data for Individual State and Local Agencies with 100 or More Officers (NCJ-148825), Table 7a",https://bjs.ojp.gov/content/pub/pdf/lemas93.pdf,2026-09-14
Indianapolis Police,Indianapolis,IN,1997,69946850,970,"BJS LEMAS 1997, Data for Individual State and Local Agencies with 100 or More Officers (NCJ 171681), Table 6a",https://bjs.ojp.gov/content/pub/pdf/lemas97.pdf,2026-09-14
Indianapolis Police,Indianapolis,IN,2000,88435463,1045,"BJS LEMAS 2000, Data for Individual State and Local Agencies with 100 or More Officers (NCJ 203350), Table 5a",https://bjs.ojp.gov/content/pub/pdf/lemas00.pdf,2026-09-14
South Bend Police,South Bend,IN,1993,10165967,238,"BJS LEMAS 1993, Data for Individual State and Local Agencies with 100 or More Officers (NCJ-148825), Table 7a",https://bjs.ojp.gov/content/pub/pdf/lemas93.pdf,2026-09-14
South Bend Police,South Bend,IN,1997,13557798,246,"BJS LEMAS 1997, Data for Individual State and Local Agencies with 100 or More Officers (NCJ 171681), Table 6a",https://bjs.ojp.gov/content/pub/pdf/lemas97.pdf,2026-09-14
South Bend Police,South Bend,IN,2000,19000000,257,"BJS LEMAS 2000, Data for Individual State and Local Agencies with 100 or More Officers (NCJ 203350), Table 5a",https://bjs.ojp.gov/content/pub/pdf/lemas00.pdf,2026-09-14
Kansas City Police,Kansas City,KS,1993,22765665,330,"BJS LEMAS 1993, Data for Individual State and Local Agencies with 100 or More Officers (NCJ-148825), Table 7a",https://bjs.ojp.gov/content/pub/pdf/lemas93.pdf,2026-09-14
Kansas City Police,Kansas City,KS,1997,25263228,369,"BJS LEMAS 1997, Data for Individual State and Local Agencies with 100 or More Officers (NCJ 171681), Table 6a",https://bjs.ojp.gov/content/pub/pdf/lemas97.pdf,2026-09-14
Kansas City Police,Kansas City,KS,2000,32071917,354,"BJS LEMAS 2000, Data for Individual State and Local Agencies with 100 or More Officers (NCJ 203350), Table 5a",https://bjs.ojp.gov/content/pub/pdf/lemas00.pdf,2026-09-14
Topeka Police,Topeka,KS,1993,16364437,248,"BJS LEMAS 1993, Data for Individual State and Local Agencies with 100 or More Officers (NCJ-148825), Table 7a",https://bjs.ojp.gov/content/pub/pdf/lemas93.pdf,2026-09-14
Topeka Police,Topeka,KS,1997,17816468,278,"BJS LEMAS 1997, Data for Individual State and Local Agencies with 100 or More Officers (NCJ 171681), Table 6a",https://bjs.ojp.gov/content/pub/pdf/lemas97.pdf,2026-09-14
Topeka Police,Topeka,KS,2000,20243255,283,"BJS LEMAS 2000, Data for Individual State and Local Agencies with 100 or More Officers (NCJ 203350), Table 5a",https://bjs.ojp.gov/content/pub/pdf/lemas00.pdf,2026-09-14
Wichita Police,Wichita,KS,1990,22084646,423,"BJS, Police Departments in Large Cities, 1990-2000 (NCJ 175703), appendix table C. Printed in constant 2000 dollars; converted to nominal FY1990 dollars by dividing by BJS's stated CPI factor 1.3393. The table prints only the city; agency name carried over from the LEMAS volumes.",https://bjs.ojp.gov/content/pub/pdf/pdlc00.pdf,2026-09-14
Wichita Police,Wichita,KS,1993,27414976,467,"BJS LEMAS 1993, Data for Individual State and Local Agencies with 100 or More Officers (NCJ-148825), Table 7a",https://bjs.ojp.gov/content/pub/pdf/lemas93.pdf,2026-09-14
Wichita Police,Wichita,KS,1997,35030495,590,"BJS LEMAS 1997, Data for Individual State and Local Agencies with 100 or More Officers (NCJ 171681), Table 6a",https://bjs.ojp.gov/content/pub/pdf/lemas97.pdf,2026-09-14
Wichita Police,Wichita,KS,2000,48000000,609,"BJS LEMAS 2000, Data for Individual State and Local Agencies with 100 or More Officers (NCJ 203350), Table 5a",https://bjs.ojp.gov/content/pub/pdf/lemas00.pdf,2026-09-14
Louisville Police,Louisville,KY,1990,33659772,630,"BJS, Police Departments in Large Cities, 1990-2000 (NCJ 175703), appendix table C. Printed in constant 2000 dollars; converted to nominal FY1990 dollars by dividing by BJS's stated CPI factor 1.3393. The table prints only the city; agency name carried over from the LEMAS volumes.",https://bjs.ojp.gov/content/pub/pdf/pdlc00.pdf,2026-09-14
Louisville Police,Louisville,KY,1993,40235066,630,"BJS LEMAS 1993, Data for Individual State and Local Agencies with 100 or More Officers (NCJ-148825), Table 7a",https://bjs.ojp.gov/content/pub/pdf/lemas93.pdf,2026-09-14
Louisville Police,Louisville,KY,1997,51711420,654,"BJS LEMAS 1997, Data for Individual State and Local Agencies with 100 or More Officers (NCJ 171681), Table 6a",https://bjs.ojp.gov/content/pub/pdf/lemas97.pdf,2026-09-14
Louisville Police,Louisville,KY,2000,64721454,689,"BJS LEMAS 2000, Data for Individual State and Local Agencies with 100 or More Officers (NCJ 203350), Table 5a",https://bjs.ojp.gov/content/pub/pdf/lemas00.pdf,2026-09-14
Baton Rouge Police,Baton Rouge,LA,1993,30377120,649,"BJS LEMAS 1993, Data for Individual State and Local Agencies with 100 or More Officers (NCJ-148825), Table 7a",https://bjs.ojp.gov/content/pub/pdf/lemas93.pdf,2026-09-14
Baton Rouge Police,Baton Rouge,LA,1997,39659910,643,"BJS LEMAS 1997, Data for Individual State and Local Agencies with 100 or More Officers (NCJ 171681), Table 6a",https://bjs.ojp.gov/content/pub/pdf/lemas97.pdf,2026-09-14
Baton Rouge Police,Baton Rouge,LA,2000,48510590,599,"BJS LEMAS 2000, Data for Individual State and Local Agencies with 100 or More Officers (NCJ 203350), Table 5a",https://bjs.ojp.gov/content/pub/pdf/lemas00.pdf,2026-09-14
Lafayette Police,Lafayette,LA,2000,14750036,228,"BJS LEMAS 2000, Data for Individual State and Local Agencies with 100 or More Officers (NCJ 203350), Table 5a",https://bjs.ojp.gov/content/pub/pdf/lemas00.pdf,2026-09-14
New Orleans Police,New Orleans,LA,1990,75986080,1397,"BJS, Police Departments in Large Cities, 1990-2000 (NCJ 175703), appendix table C. Printed in constant 2000 dollars; converted to nominal FY1990 dollars by dividing by BJS's stated CPI factor 1.3393. The table prints only the city; agency name carried over from the LEMAS volumes.",https://bjs.ojp.gov/content/pub/pdf/pdlc00.pdf,2026-09-14
New Orleans Police,New Orleans,LA,1997,100433000,1576,"BJS LEMAS 1997, Data for Individual State and Local Agencies with 100 or More Officers (NCJ 171681), Table 6a",https://bjs.ojp.gov/content/pub/pdf/lemas97.pdf,2026-09-14
New Orleans Police,New Orleans,LA,2000,102000000,1664,"BJS LEMAS 2000, Data for Individual State and Local Agencies with 100 or More Officers (NCJ 203350), Table 5a",https://bjs.ojp.gov/content/pub/pdf/lemas00.pdf,2026-09-14
Shreveport Police,Shreveport,LA,1993,15106343,439,"BJS LEMAS 1993, Data for Individual State and Local Agencies with 100 or More Officers (NCJ-148825), Table 7a",https://bjs.ojp.gov/content/pub/pdf/lemas93.pdf,2026-09-14
Shreveport Police,Shreveport,LA,1997,23039124,501,"BJS LEMAS 1997, Data for Individual State and Local Agencies with 100 or More Officers (NCJ 171681), Table 6a",https://bjs.ojp.gov/content/pub/pdf/lemas97.pdf,2026-09-14
Shreveport Police,Shreveport,LA,2000,34896442,497,"BJS LEMAS 2000, Data for Individual State and Local Agencies with 100 or More Officers (NCJ 203350), Table 5a",https://bjs.ojp.gov/content/pub/pdf/lemas00.pdf,2026-09-14
Boston Police,Boston,MA,1990,119970309,2053,"BJS, Police Departments in Large Cities, 1990-2000 (NCJ 175703), appendix table C. Printed in constant 2000 dollars; converted to nominal FY1990 dollars by dividing by BJS's stated CPI factor 1.3393. The table prints only the city; agency name carried over from the LEMAS volumes.",https://bjs.ojp.gov/content/pub/pdf/pdlc00.pdf,2026-09-14
Boston Police,Boston,MA,1993,149357123,1952,"BJS LEMAS 1993, Data for Individual State and Local Agencies with 100 or More Officers (NCJ-148825), Table 7a",https://bjs.ojp.gov/content/pub/pdf/lemas93.pdf,2026-09-14
Boston Police,Boston,MA,2000,204000000,2164,"BJS LEMAS 2000, Data for Individual State and Local Agencies with 100 or More Officers (NCJ 203350), Table 5a",https://bjs.ojp.gov/content/pub/pdf/lemas00.pdf,2026-09-14
Cambridge Police,Cambridge,MA,2000,24884165,264,"BJS LEMAS 2000, Data for Individual State and Local Agencies with 100 or More Officers (NCJ 203350), Table 5a",https://bjs.ojp.gov/content/pub/pdf/lemas00.pdf,2026-09-14
Lowell Police,Lowell,MA,1993,9300984,162,"BJS LEMAS 1993, Data for Individual State and Local Agencies with 100 or More Officers (NCJ-148825), Table 7a",https://bjs.ojp.gov/content/pub/pdf/lemas93.pdf,2026-09-14
Lowell Police,Lowell,MA,1997,15232211,246,"BJS LEMAS 1997, Data for Individual State and Local Agencies with 100 or More Officers (NCJ 171681), Table 6a",https://bjs.ojp.gov/content/pub/pdf/lemas97.pdf,2026-09-14
Lowell Police,Lowell,MA,2000,18402726,249,"BJS LEMAS 2000, Data for Individual State and Local Agencies with 100 or More Officers (NCJ 203350), Table 5a",https://bjs.ojp.gov/content/pub/pdf/lemas00.pdf,2026-09-14
Springfield Police,Springfield,MA,1993,20004983,474,"BJS LEMAS 1993, Data for Individual State and Local Agencies with 100 or More Officers (NCJ-148825), Table 7a",https://bjs.ojp.gov/content/pub/pdf/lemas93.pdf,2026-09-14
Springfield Police,Springfield,MA,2000,36600000,607,"BJS LEMAS 2000, Data for Individual State and Local Agencies with 100 or More Officers (NCJ 203350), Table 5a",https://bjs.ojp.gov/content/pub/pdf/lemas00.pdf,2026-09-14
Worcester Police,Worcester,MA,1993,22806597,357,"BJS LEMAS 1993, Data for Individual State and Local Agencies with 100 or More Officers (NCJ-148825), Table 7a",https://bjs.ojp.gov/content/pub/pdf/lemas93.pdf,2026-09-14
Worcester Police,Worcester,MA,2000,27367000,458,"BJS LEMAS 2000, Data for Individual State and Local Agencies with 100 or More Officers (NCJ 203350), Table 5a",https://bjs.ojp.gov/content/pub/pdf/lemas00.pdf,2026-09-14
Baltimore Police,Baltimore,MD,1990,167857599,2861,"BJS, Police Departments in Large Cities, 1990-2000 (NCJ 175703), appendix table C. Printed in constant 2000 dollars; converted to nominal FY1990 dollars by dividing by BJS's stated CPI factor 1.3393. The table prints only the city; agency name carried over from the LEMAS volumes.",https://bjs.ojp.gov/content/pub/pdf/pdlc00.pdf,2026-09-14
Baltimore Police,Baltimore,MD,1993,189602813,2945,"BJS LEMAS 1993, Data for Individual State and Local Agencies with 100 or More Officers (NCJ-148825), Table 7a",https://bjs.ojp.gov/content/pub/pdf/lemas93.pdf,2026-09-14
Baltimore Police,Baltimore,MD,1997,181774737,3082,"BJS LEMAS 1997, Data for Individual State and Local Agencies with 100 or More Officers (NCJ 171681), Table 6a",https://bjs.ojp.gov/content/pub/pdf/lemas97.pdf,2026-09-14
Baltimore Police,Baltimore,MD,2000,231297485,3034,"BJS LEMAS 2000, Data for Individual State and Local Agencies with 100 or More Officers (NCJ 203350), Table 5a",https://bjs.ojp.gov/content/pub/pdf/lemas00.pdf,2026-09-14
Ann Arbor Police,Ann Arbor,MI,1993,13371197,179,"BJS LEMAS 1993, Data for Individual State and Local Agencies with 100 or More Officers (NCJ-148825), Table 7a",https://bjs.ojp.gov/content/pub/pdf/lemas93.pdf,2026-09-14
Ann Arbor Police,Ann Arbor,MI,1997,12261379,184,"BJS LEMAS 1997, Data for Individual State and Local Agencies with 100 or More Officers (NCJ 171681), Table 6a",https://bjs.ojp.gov/content/pub/pdf/lemas97.pdf,2026-09-14
Ann Arbor Police,Ann Arbor,MI,2000,19265367,187,"BJS LEMAS 2000, Data for Individual State and Local Agencies with 100 or More Officers (NCJ 203350), Table 5a",https://bjs.ojp.gov/content/pub/pdf/lemas00.pdf,2026-09-14
Detroit Police,Detroit,MI,1990,326893335,4595,"BJS, Police Departments in Large Cities, 1990-2000 (NCJ 175703), appendix table C. Printed in constant 2000 dollars; converted to nominal FY1990 dollars by dividing by BJS's stated CPI factor 1.3393. The table prints only the city; agency name carried over from the LEMAS volumes.",https://bjs.ojp.gov/content/pub/pdf/pdlc00.pdf,2026-09-14
Detroit Police,Detroit,MI,1993,315001500,3861,"BJS LEMAS 1993, Data for Individual State and Local Agencies with 100 or More Officers (NCJ-148825), Table 7a",https://bjs.ojp.gov/content/pub/pdf/lemas93.pdf,2026-09-14
Detroit Police,Detroit,MI,2000,352453163,4154,"BJS LEMAS 2000, Data for Individual State and Local Agencies with 100 or More Officers (NCJ 203350), Table 5a",https://bjs.ojp.gov/content/pub/pdf/lemas00.pdf,2026-09-14
Flint Police,Flint,MI,1993,16388800,296,"BJS LEMAS 1993, Data for Individual State and Local Agencies with 100 or More Officers (NCJ-148825), Table 7a",https://bjs.ojp.gov/content/pub/pdf/lemas93.pdf,2026-09-14
Flint Police,Flint,MI,1997,27064633,324,"BJS LEMAS 1997, Data for Individual State and Local Agencies with 100 or More Officers (NCJ 171681), Table 6a",https://bjs.ojp.gov/content/pub/pdf/lemas97.pdf,2026-09-14
Flint Police,Flint,MI,2000,29335193,337,"BJS LEMAS 2000, Data for Individual State and Local Agencies with 100 or More Officers (NCJ 203350), Table 5a",https://bjs.ojp.gov/content/pub/pdf/lemas00.pdf,2026-09-14
Grand Rapids Police,Grand Rapids,MI,1993,22264757,277,"BJS LEMAS 1993, Data for Individual State and Local Agencies with 100 or More Officers (NCJ-148825), Table 7a",https://bjs.ojp.gov/content/pub/pdf/lemas93.pdf,2026-09-14
Grand Rapids Police,Grand Rapids,MI,1997,27500000,347,"BJS LEMAS 1997, Data for Individual State and Local Agencies with 100 or More Officers (NCJ 171681), Table 6a",https://bjs.ojp.gov/content/pub/pdf/lemas97.pdf,2026-09-14
Grand Rapids Police,Grand Rapids,MI,2000,33343774,360,"BJS LEMAS 2000, Data for Individual State and Local Agencies with 100 or More Officers (NCJ 203350), Table 5a",https://bjs.ojp.gov/content/pub/pdf/lemas00.pdf,2026-09-14
Lansing Police,Lansing,MI,1993,20437497,253,"BJS LEMAS 1993, Data for Individual State and Local Agencies with 100 or More Officers (NCJ-148825), Table 7a",https://bjs.ojp.gov/content/pub/pdf/lemas93.pdf,2026-09-14
Lansing Police,Lansing,MI,2000,18800170,263,"BJS LEMAS 2000, Data for Individual State and Local Agencies with 100 or More Officers (NCJ 203350), Table 5a",https://bjs.ojp.gov/content/pub/pdf/lemas00.pdf,2026-09-14
Livonia Police,Livonia,MI,1993,13000000,153,"BJS LEMAS 1993, Data for Individual State and Local Agencies with 100 or More Officers (NCJ-148825), Table 7a",https://bjs.ojp.gov/content/pub/pdf/lemas93.pdf,2026-09-14
Livonia Police,Livonia,MI,1997,14291928,165,"BJS LEMAS 1997, Data for Individual State and Local Agencies with 100 or More Officers (NCJ 171681), Table 6a",https://bjs.ojp.gov/content/pub/pdf/lemas97.pdf,2026-09-14
Livonia Police,Livonia,MI,2000,16888000,168,"BJS LEMAS 2000, Data for Individual State and Local Agencies with 100 or More Officers (NCJ 203350), Table 5a",https://bjs.ojp.gov/content/pub/pdf/lemas00.pdf,2026-09-14
Sterling Heights Police,Sterling Heights,MI,1993,15060516,166,"BJS LEMAS 1993, Data for Individual State and Local Agencies with 100 or More Officers (NCJ-148825), Table 7a",https://bjs.ojp.gov/content/pub/pdf/lemas93.pdf,2026-09-14
Sterling Heights Police,Sterling Heights,MI,1997,17050000,155,"BJS LEMAS 1997, Data for Individual State and Local Agencies with 100 or More Officers (NCJ 171681), Table 6a",https://bjs.ojp.gov/content/pub/pdf/lemas97.pdf,2026-09-14
Sterling Heights Police,Sterling Heights,MI,2000,19000000,159,"BJS LEMAS 2000, Data for Individual State and Local Agencies with 100 or More Officers (NCJ 203350), Table 5a",https://bjs.ojp.gov/content/pub/pdf/lemas00.pdf,2026-09-14
Warren Police,Warren,MI,1993,20001555,226,"BJS LEMAS 1993, Data for Individual State and Local Agencies with 100 or More Officers (NCJ-148825), Table 7a",https://bjs.ojp.gov/content/pub/pdf/lemas93.pdf,2026-09-14
Warren Police,Warren,MI,2000,26500000,242,"BJS LEMAS 2000, Data for Individual State and Local Agencies with 100 or More Officers (NCJ 203350), Table 5a",https://bjs.ojp.gov/content/pub/pdf/lemas00.pdf,2026-09-14
Minneapolis Police,Minneapolis,MN,1990,45811753,806,"BJS, Police Departments in Large Cities, 1990-2000 (NCJ 175703), appendix table C. Printed in constant 2000 dollars; converted to nominal FY1990 dollars by dividing by BJS's stated CPI factor 1.3393. The table prints only the city; agency name carried over from the LEMAS volumes.",https://bjs.ojp.gov/content/pub/pdf/pdlc00.pdf,2026-09-14
Minneapolis Police,Minneapolis,MN,1993,57498480,850,"BJS LEMAS 1993, Data for Individual State and Local Agencies with 100 or More Officers (NCJ-148825), Table 7a",https://bjs.ojp.gov/content/pub/pdf/lemas93.pdf,2026-09-14
Minneapolis Police,Minneapolis,MN,1997,71174075,890,"BJS LEMAS 1997, Data for Individual State and Local Agencies with 100 or More Officers (NCJ 171681), Table 6a",https://bjs.ojp.gov/content/pub/pdf/lemas97.pdf,2026-09-14
Minneapolis Police,Minneapolis,MN,2000,91481322,902,"BJS LEMAS 2000, Data for Individual State and Local Agencies with 100 or More Officers (NCJ 203350), Table 5a",https://bjs.ojp.gov/content/pub/pdf/lemas00.pdf,2026-09-14
St. Paul Police,St. Paul,MN,1990,38271929,532,"BJS, Police Departments in Large Cities, 1990-2000 (NCJ 175703), appendix table C. Printed in constant 2000 dollars; converted to nominal FY1990 dollars by dividing by BJS's stated CPI factor 1.3393. The table prints only the city; agency name carried over from the LEMAS volumes.",https://bjs.ojp.gov/content/pub/pdf/pdlc00.pdf,2026-09-14
St. Paul Police,St. Paul,MN,1993,41387594,530,"BJS LEMAS 1993, Data for Individual State and Local Agencies with 100 or More Officers (NCJ-148825), Table 7a",https://bjs.ojp.gov/content/pub/pdf/lemas93.pdf,2026-09-14
St. Paul Police,St. Paul,MN,1997,47430720,581,"BJS LEMAS 1997, Data for Individual State and Local Agencies with 100 or More Officers (NCJ 171681), Table 6a",https://bjs.ojp.gov/content/pub/pdf/lemas97.pdf,2026-09-14
St. Paul Police,St. Paul,MN,2000,63607453,576,"BJS LEMAS 2000, Data for Individual State and Local Agencies with 100 or More Officers (NCJ 203350), Table 5a",https://bjs.ojp.gov/content/pub/pdf/lemas00.pdf,2026-09-14
Independence Police,Independence,MO,1993,10990660,159,"BJS LEMAS 1993, Data for Individual State and Local Agencies with 100 or More Officers (NCJ-148825), Table 7a",https://bjs.ojp.gov/content/pub/pdf/lemas93.pdf,2026-09-14
Independence Police,Independence,MO,2000,14900000,199,"BJS LEMAS 2000, Data for Individual State and Local Agencies with 100 or More Officers (NCJ 203350), Table 5a",https://bjs.ojp.gov/content/pub/pdf/lemas00.pdf,2026-09-14
Kansas City Police,Kansas City,MO,1990,85811183,1148,"BJS, Police Departments in Large Cities, 1990-2000 (NCJ 175703), appendix table C. Printed in constant 2000 dollars; converted to nominal FY1990 dollars by dividing by BJS's stated CPI factor 1.3393. The table prints only the city; agency name carried over from the LEMAS volumes.",https://bjs.ojp.gov/content/pub/pdf/pdlc00.pdf,2026-09-14
Kansas City Police,Kansas City,MO,1993,86312340,1171,"BJS LEMAS 1993, Data for Individual State and Local Agencies with 100 or More Officers (NCJ-148825), Table 7a",https://bjs.ojp.gov/content/pub/pdf/lemas93.pdf,2026-09-14
Kansas City Police,Kansas City,MO,1997,88710079,1172,"BJS LEMAS 1997, Data for Individual State and Local Agencies with 100 or More Officers (NCJ 171681), Table 6a",https://bjs.ojp.gov/content/pub/pdf/lemas97.pdf,2026-09-14
Kansas City Police,Kansas City,MO,2000,134445917,1253,"BJS LEMAS 2000, Data for Individual State and Local Agencies with 100 or More Officers (NCJ 203350), Table 5a",https://bjs.ojp.gov/content/pub/pdf/lemas00.pdf,2026-09-14
Springfield Police,Springfield,MO,1993,11196579,201,"BJS LEMAS 1993, Data for Individual State and Local Agencies with 100 or More Officers (NCJ-148825), Table 7a",https://bjs.ojp.gov/content/pub/pdf/lemas93.pdf,2026-09-14
Springfield Police,Springfield,MO,1997,14525101,253,"BJS LEMAS 1997, Data for Individual State and Local Agencies with 100 or More Officers (NCJ 171681), Table 6a",https://bjs.ojp.gov/content/pub/pdf/lemas97.pdf,2026-09-14
Springfield Police,Springfield,MO,2000,22679304,308,"BJS LEMAS 2000, Data for Individual State and Local Agencies with 100 or More Officers (NCJ 203350), Table 5a",https://bjs.ojp.gov/content/pub/pdf/lemas00.pdf,2026-09-14
St. Louis Police,St. Louis,MO,1990,82550660,1544,"BJS, Police Departments in Large Cities, 1990-2000 (NCJ 175703), appendix table C. Printed in constant 2000 dollars; converted to nominal FY1990 dollars by dividing by BJS's stated CPI factor 1.3393. The table prints only the city; agency name carried over from the LEMAS volumes.",https://bjs.ojp.gov/content/pub/pdf/pdlc00.pdf,2026-09-14
St. Louis Police,St. Louis,MO,1993,84256377,1510,"BJS LEMAS 1993, Data for Individual State and Local Agencies with 100 or More Officers (NCJ-148825), Table 7a",https://bjs.ojp.gov/content/pub/pdf/lemas93.pdf,2026-09-14
St. Louis Police,St. Louis,MO,1997,93425000,1608,"BJS LEMAS 1997, Data for Individual State and Local Agencies with 100 or More Officers (NCJ 171681), Table 6a",https://bjs.ojp.gov/content/pub/pdf/lemas97.pdf,2026-09-14
St. Louis Police,St. Louis,MO,2000,114000000,1489,"BJS LEMAS 2000, Data for Individual State and Local Agencies with 100 or More Officers (NCJ 203350), Table 5a",https://bjs.ojp.gov/content/pub/pdf/lemas00.pdf,2026-09-14
Jackson Police,Jackson,MS,1993,17769471,408,"BJS LEMAS 1993, Data for Individual State and Local Agencies with 100 or More Officers (NCJ-148825), Table 7a",https://bjs.ojp.gov/content/pub/pdf/lemas93.pdf,2026-09-14
Jackson Police,Jackson,MS,1997,21764388,417,"BJS LEMAS 1997, Data for Individual State and Local Agencies with 100 or More Officers (NCJ 171681), Table 6a",https://bjs.ojp.gov/content/pub/pdf/lemas97.pdf,2026-09-14
Jackson Police,Jackson,MS,2000,29000000,419,"BJS LEMAS 2000, Data for Individual State and Local Agencies with 100 or More Officers (NCJ 203350), Table 5a",https://bjs.ojp.gov/content/pub/pdf/lemas00.pdf,2026-09-14
Charlotte-Mecklenburg Police,Charlotte,NC,1990,42487526,930,"BJS, Police Departments in Large Cities, 1990-2000 (NCJ 175703), appendix table C. Printed in constant 2000 dollars; converted to nominal FY1990 dollars by dividing by BJS's stated CPI factor 1.3393. The table prints only the city; agency name carried over from the LEMAS volumes.",https://bjs.ojp.gov/content/pub/pdf/pdlc00.pdf,2026-09-14
Charlotte-Mecklenburg Police,Charlotte,NC,1997,87469457,1286,"BJS LEMAS 1997, Data for Individual State and Local Agencies with 100 or More Officers (NCJ 171681), Table 6a",https://bjs.ojp.gov/content/pub/pdf/lemas97.pdf,2026-09-14
Charlotte-Mecklenburg Police,Charlotte,NC,2000,111642098,1442,"BJS LEMAS 2000, Data for Individual State and Local Agencies with 100 or More Officers (NCJ 203350), Table 5a",https://bjs.ojp.gov/content/pub/pdf/lemas00.pdf,2026-09-14
Durham Police,Durham,NC,1993,17451902,305,"BJS LEMAS 1993, Data for Individual State and Local Agencies with 100 or More Officers (NCJ-148825), Table 7a",https://bjs.ojp.gov/content/pub/pdf/lemas93.pdf,2026-09-14
Durham Police,Durham,NC,1997,26546752,348,"BJS LEMAS 1997, Data for Individual State and Local Agencies with 100 or More Officers (NCJ 171681), Table 6a",https://bjs.ojp.gov/content/pub/pdf/lemas97.pdf,2026-09-14
Durham Police,Durham,NC,2000,31055470,459,"BJS LEMAS 2000, Data for Individual State and Local Agencies with 100 or More Officers (NCJ 203350), Table 5a",https://bjs.ojp.gov/content/pub/pdf/lemas00.pdf,2026-09-14
Fayetteville Police,Fayetteville,NC,2000,18603512,279,"BJS LEMAS 2000, Data for Individual State and Local Agencies with 100 or More Officers (NCJ 203350), Table 5a",https://bjs.ojp.gov/content/pub/pdf/lemas00.pdf,2026-09-14
Greensboro Police,Greensboro,NC,1993,26034005,425,"BJS LEMAS 1993, Data for Individual State and Local Agencies with 100 or More Officers (NCJ-148825), Table 7a",https://bjs.ojp.gov/content/pub/pdf/lemas93.pdf,2026-09-14
Greensboro Police,Greensboro,NC,1997,32858799,448,"BJS LEMAS 1997, Data for Individual State and Local Agencies with 100 or More Officers (NCJ 171681), Table 6a",https://bjs.ojp.gov/content/pub/pdf/lemas97.pdf,2026-09-14
Greensboro Police,Greensboro,NC,2000,46800000,497,"BJS LEMAS 2000, Data for Individual State and Local Agencies with 100 or More Officers (NCJ 203350), Table 5a",https://bjs.ojp.gov/content/pub/pdf/lemas00.pdf,2026-09-14
Raleigh Police,Raleigh,NC,1993,24718025,467,"BJS LEMAS 1993, Data for Individual State and Local Agencies with 100 or More Officers (NCJ-148825), Table 7a",https://bjs.ojp.gov/content/pub/pdf/lemas93.pdf,2026-09-14
Raleigh Police,Raleigh,NC,1997,26636165,571,"BJS LEMAS 1997, Data for Individual State and Local Agencies with 100 or More Officers (NCJ 171681), Table 6a",https://bjs.ojp.gov/content/pub/pdf/lemas97.pdf,2026-09-14
Raleigh Police,Raleigh,NC,2000,44035742,594,"BJS LEMAS 2000, Data for Individual State and Local Agencies with 100 or More Officers (NCJ 203350), Table 5a",https://bjs.ojp.gov/content/pub/pdf/lemas00.pdf,2026-09-14
Winston-Salem Police,Winston-Salem,NC,1993,27738920,404,"BJS LEMAS 1993, Data for Individual State and Local Agencies with 100 or More Officers (NCJ-148825), Table 7a",https://bjs.ojp.gov/content/pub/pdf/lemas93.pdf,2026-09-14
Winston-Salem Police,Winston-Salem,NC,1997,29584891,465,"BJS LEMAS 1997, Data for Individual State and Local Agencies with 100 or More Officers (NCJ 171681), Table 6a",https://bjs.ojp.gov/content/pub/pdf/lemas97.pdf,2026-09-14
Winston-Salem Police,Winston-Salem,NC,2000,35980190,431,"BJS LEMAS 2000, Data for Individual State and Local Agencies with 100 or More Officers (NCJ 203350), Table 5a",https://bjs.ojp.gov/content/pub/pdf/lemas00.pdf,2026-09-14
Lincoln Police,Lincoln,NE,1993,14327838,246,"BJS LEMAS 1993, Data for Individual State and Local Agencies with 100 or More Officers (NCJ-148825), Table 7a",https://bjs.ojp.gov/content/pub/pdf/lemas93.pdf,2026-09-14
Lincoln Police,Lincoln,NE,1997,18842926,277,"BJS LEMAS 1997, Data for Individual State and Local Agencies with 100 or More Officers (NCJ 171681), Table 6a",https://bjs.ojp.gov/content/pub/pdf/lemas97.pdf,2026-09-14
Lincoln Police,Lincoln,NE,2000,22532710,296,"BJS LEMAS 2000, Data for Individual State and Local Agencies with 100 or More Officers (NCJ 203350), Table 5a",https://bjs.ojp.gov/content/pub/pdf/lemas00.pdf,2026-09-14
Omaha Police,Omaha,NE,1990,27964905,594,"BJS, Police Departments in Large Cities, 1990-2000 (NCJ 175703), appendix table C. Printed in constant 2000 dollars; converted to nominal FY1990 dollars by dividing by BJS's stated CPI factor 1.3393. The table prints only the city; agency name carried over from the LEMAS volumes.",https://bjs.ojp.gov/content/pub/pdf/pdlc00.pdf,2026-09-14
Omaha Police,Omaha,NE,1993,42311113,628,"BJS LEMAS 1993, Data for Individual State and Local Agencies with 100 or More Officers (NCJ-148825), Table 7a",https://bjs.ojp.gov/content/pub/pdf/lemas93.pdf,2026-09-14
Omaha Police,Omaha,NE,1997,41066088,681,"BJS LEMAS 1997, Data for Individual State and Local Agencies with 100 or More Officers (NCJ 171681), Table 6a",https://bjs.ojp.gov/content/pub/pdf/lemas97.pdf,2026-09-14
Omaha Police,Omaha,NE,2000,63943172,750,"BJS LEMAS 2000, Data for Individual State and Local Agencies with 100 or More Officers (NCJ 203350), Table 5a",https://bjs.ojp.gov/content/pub/pdf/lemas00.pdf,2026-09-14
Manchester Police,Manchester,NH,1997,12145099,194,"BJS LEMAS 1997, Data for Individual State and Local Agencies with 100 or More Officers (NCJ 171681), Table 6a",https://bjs.ojp.gov/content/pub/pdf/lemas97.pdf,2026-09-14
Manchester Police,Manchester,NH,2000,14961491,192,"BJS LEMAS 2000, Data for Individual State and Local Agencies with 100 or More Officers (NCJ 203350), Table 5a",https://bjs.ojp.gov/content/pub/pdf/lemas00.pdf,2026-09-14
Elizabeth Police,Elizabeth,NJ,1997,18648425,346,"BJS LEMAS 1997, Data for Individual State and Local Agencies with 100 or More Officers (NCJ 171681), Table 6a",https://bjs.ojp.gov/content/pub/pdf/lemas97.pdf,2026-09-14
Elizabeth Police,Elizabeth,NJ,2000,23370000,359,"BJS LEMAS 2000, Data for Individual State and Local Agencies with 100 or More Officers (NCJ 203350), Table 5a",https://bjs.ojp.gov/content/pub/pdf/lemas00.pdf,2026-09-14
Jersey City Police,Jersey City,NJ,1993,73090400,819,"BJS LEMAS 1993, Data for Individual State and Local Agencies with 100 or More Officers (NCJ-148825), Table 7a",https://bjs.ojp.gov/content/pub/pdf/lemas93.pdf,2026-09-14
Jersey City Police,Jersey City,NJ,1997,60635275,858,"BJS LEMAS 1997, Data for Individual State and Local Agencies with 100 or More Officers (NCJ 171681), Table 6a",https://bjs.ojp.gov/content/pub/pdf/lemas97.pdf,2026-09-14
Jersey City Police,Jersey City,NJ,2000,75617426,875,"BJS LEMAS 2000, Data for Individual State and Local Agencies with 100 or More Officers (NCJ 203350), Table 5a",https://bjs.ojp.gov/content/pub/pdf/lemas00.pdf,2026-09-14
Newark Police,Newark,NJ,1990,52752033,1013,"BJS, Police Departments in Large Cities, 1990-2000 (NCJ 175703), appendix table C. Printed in constant 2000 dollars; converted to nominal FY1990 dollars by dividing by BJS's stated CPI factor 1.3393. The table prints only the city; agency name carried over from the LEMAS volumes.",https://bjs.ojp.gov/content/pub/pdf/pdlc00.pdf,2026-09-14
Newark Police,Newark,NJ,1993,59900000,1106,"BJS LEMAS 1993, Data for Individual State and Local Agencies with 100 or More Officers (NCJ-148825), Table 7a",https://bjs.ojp.gov/content/pub/pdf/lemas93.pdf,2026-09-14
Newark Police,Newark,NJ,1997,67324214,1407,"BJS LEMAS 1997, Data for Individual State and Local Agencies with 100 or More Officers (NCJ 171681), Table 6a",https://bjs.ojp.gov/content/pub/pdf/lemas97.pdf,2026-09-14
Newark Police,Newark,NJ,2000,114991157,1466,"BJS LEMAS 2000, Data for Individual State and Local Agencies with 100 or More Officers (NCJ 203350), Table 5a",https://bjs.ojp.gov/content/pub/pdf/lemas00.pdf,2026-09-14
Paterson Police,Paterson,NJ,1993,24700000,365,"BJS LEMAS 1993, Data for Individual State and Local Agencies with 100 or More Officers (NCJ-148825), Table 7a",https://bjs.ojp.gov/content/pub/pdf/lemas93.pdf,2026-09-14
Albuquerque Police,Albuquerque,NM,1990,46768264,808,"BJS, Police Departments in Large Cities, 1990-2000 (NCJ 175703), appendix table C. Printed in constant 2000 dollars; converted to nominal FY1990 dollars by dividing by BJS's stated CPI factor 1.3393. The table prints only the city; agency name carried over from the LEMAS volumes.",https://bjs.ojp.gov/content/pub/pdf/pdlc00.pdf,2026-09-14
Albuquerque Police,Albuquerque,NM,1993,50879740,809,"BJS LEMAS 1993, Data for Individual State and Local Agencies with 100 or More Officers (NCJ-148825), Table 7a",https://bjs.ojp.gov/content/pub/pdf/lemas93.pdf,2026-09-14
Albuquerque Police,Albuquerque,NM,1997,73744761,869,"BJS LEMAS 1997, Data for Individual State and Local Agencies with 100 or More Officers (NCJ 171681), Table 6a",https://bjs.ojp.gov/content/pub/pdf/lemas97.pdf,2026-09-14
Albuquerque Police,Albuquerque,NM,2000,76068000,859,"BJS LEMAS 2000, Data for Individual State and Local Agencies with 100 or More Officers (NCJ 203350), Table 5a",https://bjs.ojp.gov/content/pub/pdf/lemas00.pdf,2026-09-14
Henderson Police,Henderson,NV,2000,30233108,232,"BJS LEMAS 2000, Data for Individual State and Local Agencies with 100 or More Officers (NCJ 203350), Table 5a",https://bjs.ojp.gov/content/pub/pdf/lemas00.pdf,2026-09-14
Las Vegas Metropolitan Police,Las Vegas,NV,1990,103881338,1162,"BJS, Police Departments in Large Cities, 1990-2000 (NCJ 175703), appendix table C. Printed in constant 2000 dollars; converted to nominal FY1990 dollars by dividing by BJS's stated CPI factor 1.3393. The table prints only the city; agency name carried over from the LEMAS volumes.",https://bjs.ojp.gov/content/pub/pdf/pdlc00.pdf,2026-09-14
Las Vegas Metropolitan Police,Las Vegas,NV,1993,109215113,1428,"BJS LEMAS 1993, Data for Individual State and Local Agencies with 100 or More Officers (NCJ-148825), Table 7a",https://bjs.ojp.gov/content/pub/pdf/lemas93.pdf,2026-09-14
Las Vegas Metropolitan Police,Las Vegas,NV,1997,158338674,1709,"BJS LEMAS 1997, Data for Individual State and Local Agencies with 100 or More Officers (NCJ 171681), Table 6a",https://bjs.ojp.gov/content/pub/pdf/lemas97.pdf,2026-09-14
Las Vegas Metropolitan Police,Las Vegas,NV,2000,240714303,2168,"BJS LEMAS 2000, Data for Individual State and Local Agencies with 100 or More Officers (NCJ 203350), Table 5a",https://bjs.ojp.gov/content/pub/pdf/lemas00.pdf,2026-09-14
North Las Vegas Police,North Las Vegas,NV,2000,24150200,170,"BJS LEMAS 2000, Data for Individual State and Local Agencies with 100 or More Officers (NCJ 203350), Table 5a",https://bjs.ojp.gov/content/pub/pdf/lemas00.pdf,2026-09-14
Reno Police,Reno,NV,1993,30792521,288,"BJS LEMAS 1993, Data for Individual State and Local Agencies with 100 or More Officers (NCJ-148825), Table 7a",https://bjs.ojp.gov/content/pub/pdf/lemas93.pdf,2026-09-14
Reno Police,Reno,NV,1997,36852430,310,"BJS LEMAS 1997, Data for Individual State and Local Agencies with 100 or More Officers (NCJ 171681), Table 6a",https://bjs.ojp.gov/content/pub/pdf/lemas97.pdf,2026-09-14
Reno Police,Reno,NV,2000,44000000,320,"BJS LEMAS 2000, Data for Individual State and Local Agencies with 100 or More Officers (NCJ 203350), Table 5a",https://bjs.ojp.gov/content/pub/pdf/lemas00.pdf,2026-09-14
Albany Police,Albany,NY,1993,22660923,311,"BJS LEMAS 1993, Data for Individual State and Local Agencies with 100 or More Officers (NCJ-148825), Table 7a",https://bjs.ojp.gov/content/pub/pdf/lemas93.pdf,2026-09-14
Albany Police,Albany,NY,1997,24023296,320,"BJS LEMAS 1997, Data for Individual State and Local Agencies with 100 or More Officers (NCJ 171681), Table 6a",https://bjs.ojp.gov/content/pub/pdf/lemas97.pdf,2026-09-14
Amherst Police,Amherst,NY,1993,11350759,147,"BJS LEMAS 1993, Data for Individual State and Local Agencies with 100 or More Officers (NCJ-148825), Table 7a",https://bjs.ojp.gov/content/pub/pdf/lemas93.pdf,2026-09-14
Amherst Police,Amherst,NY,1997,9491729,147,"BJS LEMAS 1997, Data for Individual State and Local Agencies with 100 or More Officers (NCJ 171681), Table 6a",https://bjs.ojp.gov/content/pub/pdf/lemas97.pdf,2026-09-14
Amherst Police,Amherst,NY,2000,12929207,151,"BJS LEMAS 2000, Data for Individual State and Local Agencies with 100 or More Officers (NCJ 203350), Table 5a",https://bjs.ojp.gov/content/pub/pdf/lemas00.pdf,2026-09-14
Buffalo Police,Buffalo,NY,1990,65557458,1032,"BJS, Police Departments in Large Cities, 1990-2000 (NCJ 175703), appendix table C. Printed in constant 2000 dollars; converted to nominal FY1990 dollars by dividing by BJS's stated CPI factor 1.3393. The table prints only the city; agency name carried over from the LEMAS volumes.",https://bjs.ojp.gov/content/pub/pdf/pdlc00.pdf,2026-09-14
Buffalo Police,Buffalo,NY,1993,71996871,941,"BJS LEMAS 1993, Data for Individual State and Local Agencies with 100 or More Officers (NCJ-148825), Table 7a",https://bjs.ojp.gov/content/pub/pdf/lemas93.pdf,2026-09-14
Buffalo Police,Buffalo,NY,1997,59946048,928,"BJS LEMAS 1997, Data for Individual State and Local Agencies with 100 or More Officers (NCJ 171681), Table 6a",https://bjs.ojp.gov/content/pub/pdf/lemas97.pdf,2026-09-14
Buffalo Police,Buffalo,NY,2000,64510224,928,"BJS LEMAS 2000, Data for Individual State and Local Agencies with 100 or More Officers (NCJ 203350), Table 5a",https://bjs.ojp.gov/content/pub/pdf/lemas00.pdf,2026-09-14
New York City Police,New York,NY,1990,2037149000,31236,"BJS, Police Departments in Large Cities, 1990-2000 (NCJ 175703), appendix table C. Printed in constant 2000 dollars; converted to nominal FY1990 dollars by dividing by BJS's stated CPI factor 1.3393. The table prints only the city; agency name carried over from the LEMAS volumes.",https://bjs.ojp.gov/content/pub/pdf/pdlc00.pdf,2026-09-14
New York City Police,New York,NY,1993,1813405563,28079,"BJS LEMAS 1993, Data for Individual State and Local Agencies with 100 or More Officers (NCJ-148825), Table 7a",https://bjs.ojp.gov/content/pub/pdf/lemas93.pdf,2026-09-14
New York City Police,New York,NY,1997,2424000000,38328,"BJS LEMAS 1997, Data for Individual State and Local Agencies with 100 or More Officers (NCJ 171681), Table 6a",https://bjs.ojp.gov/content/pub/pdf/lemas97.pdf,2026-09-14
New York City Police,New York,NY,2000,3210000000,40435,"BJS LEMAS 2000, Data for Individual State and Local Agencies with 100 or More Officers (NCJ 203350), Table 5a",https://bjs.ojp.gov/content/pub/pdf/lemas00.pdf,2026-09-14
Ramapo Police,Ramapo,NY,2000,14084000,114,"BJS LEMAS 2000, Data for Individual State and Local Agencies with 100 or More Officers (NCJ 203350), Table 5a",https://bjs.ojp.gov/content/pub/pdf/lemas00.pdf,2026-09-14
Rochester Police,Rochester,NY,1993,41158400,660,"BJS LEMAS 1993, Data for Individual State and Local Agencies with 100 or More Officers (NCJ-148825), Table 7a",https://bjs.ojp.gov/content/pub/pdf/lemas93.pdf,2026-09-14
Rochester Police,Rochester,NY,1997,46719500,693,"BJS LEMAS 1997, Data for Individual State and Local Agencies with 100 or More Officers (NCJ 171681), Table 6a",https://bjs.ojp.gov/content/pub/pdf/lemas97.pdf,2026-09-14
Rochester Police,Rochester,NY,2000,52180100,707,"BJS LEMAS 2000, Data for Individual State and Local Agencies with 100 or More Officers (NCJ 203350), Table 5a",https://bjs.ojp.gov/content/pub/pdf/lemas00.pdf,2026-09-14
Syracuse Police,Syracuse,NY,1993,22763220,429,"BJS LEMAS 1993, Data for Individual State and Local Agencies with 100 or More Officers (NCJ-148825), Table 7a",https://bjs.ojp.gov/content/pub/pdf/lemas93.pdf,2026-09-14
Syracuse Police,Syracuse,NY,1997,24673017,520,"BJS LEMAS 1997, Data for Individual State and Local Agencies with 100 or More Officers (NCJ 171681), Table 6a",https://bjs.ojp.gov/content/pub/pdf/lemas97.pdf,2026-09-14
Syracuse Police,Syracuse,NY,2000,29000000,484,"BJS LEMAS 2000, Data for Individual State and Local Agencies with 100 or More Officers (NCJ 203350), Table 5a",https://bjs.ojp.gov/content/pub/pdf/lemas00.pdf,2026-09-14
Yonkers Police,Yonkers,NY,1993,35713633,504,"BJS LEMAS 1993, Data for Individual State and Local Agencies with 100 or More Officers (NCJ-148825), Table 7a",https://bjs.ojp.gov/content/pub/pdf/lemas93.pdf,2026-09-14
Yonkers Police,Yonkers,NY,1997,37812616,539,"BJS LEMAS 1997, Data for Individual State and Local Agencies with 100 or More Officers (NCJ 171681), Table 6a",https://bjs.ojp.gov/content/pub/pdf/lemas97.pdf,2026-09-14
Yonkers Police,Yonkers,NY,2000,52671377,607,"BJS LEMAS 2000, Data for Individual State and Local Agencies with 100 or More Officers (NCJ 203350), Table 5a",https://bjs.ojp.gov/content/pub/pdf/lemas00.pdf,2026-09-14
Akron Police,Akron,OH,1993,28905208,471,"BJS LEMAS 1993, Data for Individual State and Local Agencies with 100 or More Officers (NCJ-148825), Table 7a",https://bjs.ojp.gov/content/pub/pdf/lemas93.pdf,2026-09-14
Akron Police,Akron,OH,1997,35686670,500,"BJS LEMAS 1997, Data for Individual State and Local Agencies with 100 or More Officers (NCJ 171681), Table 6a",https://bjs.ojp.gov/content/pub/pdf/lemas97.pdf,2026-09-14
Akron Police,Akron,OH,2000,8744720,487,"BJS LEMAS 2000, Data for Individual State and Local Agencies with 100 or More Officers (NCJ 203350), Table 5a",https://bjs.ojp.gov/content/pub/pdf/lemas00.pdf,2026-09-14
Cincinnati Police,Cincinnati,OH,1990,43936210,938,"BJS, Police Departments in Large Cities, 1990-2000 (NCJ 175703), appendix table C. Printed in constant 2000 dollars; converted to nominal FY1990 dollars by dividing by BJS's stated CPI factor 1.3393. The table prints only the city; agency name carried over from the LEMAS volumes.",https://bjs.ojp.gov/content/pub/pdf/pdlc00.pdf,2026-09-14
Cincinnati Police,Cincinnati,OH,1993,52505429,944,"BJS LEMAS 1993, Data for Individual State and Local Agencies with 100 or More Officers (NCJ-148825), Table 7a",https://bjs.ojp.gov/content/pub/pdf/lemas93.pdf,2026-09-14
Cincinnati Police,Cincinnati,OH,1997,95203812,978,"BJS LEMAS 1997, Data for Individual State and Local Agencies with 100 or More Officers (NCJ 171681), Table 6a",https://bjs.ojp.gov/content/pub/pdf/lemas97.pdf,2026-09-14
Cincinnati Police,Cincinnati,OH,2000,78148540,1030,"BJS LEMAS 2000, Data for Individual State and Local Agencies with 100 or More Officers (NCJ 203350), Table 5a",https://bjs.ojp.gov/content/pub/pdf/lemas00.pdf,2026-09-14
Cleveland Police,Cleveland,OH,1990,99470665,1761,"BJS, Police Departments in Large Cities, 1990-2000 (NCJ 175703), appendix table C. Printed in constant 2000 dollars; converted to nominal FY1990 dollars by dividing by BJS's stated CPI factor 1.3393. The table prints only the city; agency name carried over from the LEMAS volumes.",https://bjs.ojp.gov/content/pub/pdf/pdlc00.pdf,2026-09-14
Cleveland Police,Cleveland,OH,1997,135352198,1798,"BJS LEMAS 1997, Data for Individual State and Local Agencies with 100 or More Officers (NCJ 171681), Table 6a",https://bjs.ojp.gov/content/pub/pdf/lemas97.pdf,2026-09-14
Cleveland Police,Cleveland,OH,2000,252000000,1822,"BJS LEMAS 2000, Data for Individual State and Local Agencies with 100 or More Officers (NCJ 203350), Table 5a",https://bjs.ojp.gov/content/pub/pdf/lemas00.pdf,2026-09-14
Columbus Police,Columbus,OH,1990,83317895,1381,"BJS, Police Departments in Large Cities, 1990-2000 (NCJ 175703), appendix table C. Printed in constant 2000 dollars; converted to nominal FY1990 dollars by dividing by BJS's stated CPI factor 1.3393. The table prints only the city; agency name carried over from the LEMAS volumes.",https://bjs.ojp.gov/content/pub/pdf/pdlc00.pdf,2026-09-14
Columbus Police,Columbus,OH,1993,105732674,1510,"BJS LEMAS 1993, Data for Individual State and Local Agencies with 100 or More Officers (NCJ-148825), Table 7a",https://bjs.ojp.gov/content/pub/pdf/lemas93.pdf,2026-09-14
Columbus Police,Columbus,OH,1997,128872648,1726,"BJS LEMAS 1997, Data for Individual State and Local Agencies with 100 or More Officers (NCJ 171681), Table 6a",https://bjs.ojp.gov/content/pub/pdf/lemas97.pdf,2026-09-14
Columbus Police,Columbus,OH,2000,177210599,1744,"BJS LEMAS 2000, Data for Individual State and Local Agencies with 100 or More Officers (NCJ 203350), Table 5a",https://bjs.ojp.gov/content/pub/pdf/lemas00.pdf,2026-09-14
Dayton Police,Dayton,OH,1993,33851300,485,"BJS LEMAS 1993, Data for Individual State and Local Agencies with 100 or More Officers (NCJ-148825), Table 7a",https://bjs.ojp.gov/content/pub/pdf/lemas93.pdf,2026-09-14
Dayton Police,Dayton,OH,1997,42690400,485,"BJS LEMAS 1997, Data for Individual State and Local Agencies with 100 or More Officers (NCJ 171681), Table 6a",https://bjs.ojp.gov/content/pub/pdf/lemas97.pdf,2026-09-14
Dayton Police,Dayton,OH,2000,53236500,511,"BJS LEMAS 2000, Data for Individual State and Local Agencies with 100 or More Officers (NCJ 203350), Table 5a",https://bjs.ojp.gov/content/pub/pdf/lemas00.pdf,2026-09-14
Toledo Police,Toledo,OH,1990,41348279,683,"BJS, Police Departments in Large Cities, 1990-2000 (NCJ 175703), appendix table C. Printed in constant 2000 dollars; converted to nominal FY1990 dollars by dividing by BJS's stated CPI factor 1.3393. The table prints only the city; agency name carried over from the LEMAS volumes.",https://bjs.ojp.gov/content/pub/pdf/pdlc00.pdf,2026-09-14
Toledo Police,Toledo,OH,1993,45121503,661,"BJS LEMAS 1993, Data for Individual State and Local Agencies with 100 or More Officers (NCJ-148825), Table 7a",https://bjs.ojp.gov/content/pub/pdf/lemas93.pdf,2026-09-14
Toledo Police,Toledo,OH,1997,84802825,731,"BJS LEMAS 1997, Data for Individual State and Local Agencies with 100 or More Officers (NCJ 171681), Table 6a",https://bjs.ojp.gov/content/pub/pdf/lemas97.pdf,2026-09-14
Toledo Police,Toledo,OH,2000,64182050,690,"BJS LEMAS 2000, Data for Individual State and Local Agencies with 100 or More Officers (NCJ 203350), Table 5a",https://bjs.ojp.gov/content/pub/pdf/lemas00.pdf,2026-09-14
Oklahoma City Police,Oklahoma City,OK,1990,44585459,863,"BJS, Police Departments in Large Cities, 1990-2000 (NCJ 175703), appendix table C. Printed in constant 2000 dollars; converted to nominal FY1990 dollars by dividing by BJS's stated CPI factor 1.3393. The table prints only the city; agency name carried over from the LEMAS volumes.",https://bjs.ojp.gov/content/pub/pdf/pdlc00.pdf,2026-09-14
Oklahoma City Police,Oklahoma City,OK,1993,56404511,967,"BJS LEMAS 1993, Data for Individual State and Local Agencies with 100 or More Officers (NCJ-148825), Table 7a",https://bjs.ojp.gov/content/pub/pdf/lemas93.pdf,2026-09-14
Oklahoma City Police,Oklahoma City,OK,1997,76829565,988,"BJS LEMAS 1997, Data for Individual State and Local Agencies with 100 or More Officers (NCJ 171681), Table 6a",https://bjs.ojp.gov/content/pub/pdf/lemas97.pdf,2026-09-14
Oklahoma City Police,Oklahoma City,OK,2000,93430016,1011,"BJS LEMAS 2000, Data for Individual State and Local Agencies with 100 or More Officers (NCJ 203350), Table 5a",https://bjs.ojp.gov/content/pub/pdf/lemas00.pdf,2026-09-14
Tulsa Police,Tulsa,OK,1990,44691044,702,"BJS, Police Departments in Large Cities, 1990-2000 (NCJ 175703), appendix table C. Printed in constant 2000 dollars; converted to nominal FY1990 dollars by dividing by BJS's stated CPI factor 1.3393. The table prints only the city; agency name carried over from the LEMAS volumes.",https://bjs.ojp.gov/content/pub/pdf/pdlc00.pdf,2026-09-14
Tulsa Police,Tulsa,OK,1993,41008307,720,"BJS LEMAS 1993, Data for Individual State and Local Agencies with 100 or More Officers (NCJ-148825), Table 7a",https://bjs.ojp.gov/content/pub/pdf/lemas93.pdf,2026-09-14
Tulsa Police,Tulsa,OK,1997,47457204,800,"BJS LEMAS 1997, Data for Individual State and Local Agencies with 100 or More Officers (NCJ 171681), Table 6a",https://bjs.ojp.gov/content/pub/pdf/lemas97.pdf,2026-09-14
Tulsa Police,Tulsa,OK,2000,63359000,819,"BJS LEMAS 2000, Data for Individual State and Local Agencies with 100 or More Officers (NCJ 203350), Table 5a",https://bjs.ojp.gov/content/pub/pdf/lemas00.pdf,2026-09-14
Eugene Police,Eugene,OR,1993,17294028,149,"BJS LEMAS 1993, Data for Individual State and Local Agencies with 100 or More Officers (NCJ-148825), Table 7a",https://bjs.ojp.gov/content/pub/pdf/lemas93.pdf,2026-09-14
Eugene Police,Eugene,OR,1997,15309548,169,"BJS LEMAS 1997, Data for Individual State and Local Agencies with 100 or More Officers (NCJ 171681), Table 6a",https://bjs.ojp.gov/content/pub/pdf/lemas97.pdf,2026-09-14
Eugene Police,Eugene,OR,2000,14407000,131,"BJS LEMAS 2000, Data for Individual State and Local Agencies with 100 or More Officers (NCJ 203350), Table 5a",https://bjs.ojp.gov/content/pub/pdf/lemas00.pdf,2026-09-14
Portland Police,Portland,OR,1990,58562444,769,"BJS, Police Departments in Large Cities, 1990-2000 (NCJ 175703), appendix table C. Printed in constant 2000 dollars; converted to nominal FY1990 dollars by dividing by BJS's stated CPI factor 1.3393. The table prints only the city; agency name carried over from the LEMAS volumes.",https://bjs.ojp.gov/content/pub/pdf/pdlc00.pdf,2026-09-14
Portland Police,Portland,OR,1997,99461436,962,"BJS LEMAS 1997, Data for Individual State and Local Agencies with 100 or More Officers (NCJ 171681), Table 6a",https://bjs.ojp.gov/content/pub/pdf/lemas97.pdf,2026-09-14
Portland Police,Portland,OR,2000,110000000,1007,"BJS LEMAS 2000, Data for Individual State and Local Agencies with 100 or More Officers (NCJ 203350), Table 5a",https://bjs.ojp.gov/content/pub/pdf/lemas00.pdf,2026-09-14
Salem Police,Salem,OR,1993,15207311,145,"BJS LEMAS 1993, Data for Individual State and Local Agencies with 100 or More Officers (NCJ-148825), Table 7a",https://bjs.ojp.gov/content/pub/pdf/lemas93.pdf,2026-09-14
Salem Police,Salem,OR,1997,20183611,171,"BJS LEMAS 1997, Data for Individual State and Local Agencies with 100 or More Officers (NCJ 171681), Table 6a",https://bjs.ojp.gov/content/pub/pdf/lemas97.pdf,2026-09-14
Salem Police,Salem,OR,2000,20500000,172,"BJS LEMAS 2000, Data for Individual State and Local Agencies with 100 or More Officers (NCJ 203350), Table 5a",https://bjs.ojp.gov/content/pub/pdf/lemas00.pdf,2026-09-14
Allentown Police,Allentown,PA,1993,8176000,207,"BJS LEMAS 1993, Data for Individual State and Local Agencies with 100 or More Officers (NCJ-148825), Table 7a",https://bjs.ojp.gov/content/pub/pdf/lemas93.pdf,2026-09-14
Allentown Police,Allentown,PA,1997,10995342,204,"BJS LEMAS 1997, Data for Individual State and Local Agencies with 100 or More Officers (NCJ 171681), Table 6a",https://bjs.ojp.gov/content/pub/pdf/lemas97.pdf,2026-09-14
Allentown Police,Allentown,PA,2000,11761429,211,"BJS LEMAS 2000, Data for Individual State and Local Agencies with 100 or More Officers (NCJ 203350), Table 5a",https://bjs.ojp.gov/content/pub/pdf/lemas00.pdf,2026-09-14
Erie Police,Erie,PA,1993,11818676,193,"BJS LEMAS 1993, Data for Individual State and Local Agencies with 100 or More Officers (NCJ-148825), Table 7a",https://bjs.ojp.gov/content/pub/pdf/lemas93.pdf,2026-09-14
Erie Police,Erie,PA,1997,15192826,187,"BJS LEMAS 1997, Data for Individual State and Local Agencies with 100 or More Officers (NCJ 171681), Table 6a",https://bjs.ojp.gov/content/pub/pdf/lemas97.pdf,2026-09-14
Erie Police,Erie,PA,2000,14230722,201,"BJS LEMAS 2000, Data for Individual State and Local Agencies with 100 or More Officers (NCJ 203350), Table 5a",https://bjs.ojp.gov/content/pub/pdf/lemas00.pdf,2026-09-14
Philadelphia Police,Philadelphia,PA,1990,287578503,6523,"BJS, Police Departments in Large Cities, 1990-2000 (NCJ 175703), appendix table C. Printed in constant 2000 dollars; converted to nominal FY1990 dollars by dividing by BJS's stated CPI factor 1.3393. The table prints only the city; agency name carried over from the LEMAS volumes.",https://bjs.ojp.gov/content/pub/pdf/pdlc00.pdf,2026-09-14
Philadelphia Police,Philadelphia,PA,1993,304700000,6076,"BJS LEMAS 1993, Data for Individual State and Local Agencies with 100 or More Officers (NCJ-148825), Table 7a",https://bjs.ojp.gov/content/pub/pdf/lemas93.pdf,2026-09-14
Philadelphia Police,Philadelphia,PA,1997,350678553,6782,"BJS LEMAS 1997, Data for Individual State and Local Agencies with 100 or More Officers (NCJ 171681), Table 6a",https://bjs.ojp.gov/content/pub/pdf/lemas97.pdf,2026-09-14
Philadelphia Police,Philadelphia,PA,2000,384625924,7024,"BJS LEMAS 2000, Data for Individual State and Local Agencies with 100 or More Officers (NCJ 203350), Table 5a",https://bjs.ojp.gov/content/pub/pdf/lemas00.pdf,2026-09-14
Pittsburgh Police,Pittsburgh,PA,1990,75935947,1153,"BJS, Police Departments in Large Cities, 1990-2000 (NCJ 175703), appendix table C. Printed in constant 2000 dollars; converted to nominal FY1990 dollars by dividing by BJS's stated CPI factor 1.3393. The table prints only the city; agency name carried over from the LEMAS volumes.",https://bjs.ojp.gov/content/pub/pdf/pdlc00.pdf,2026-09-14
Pittsburgh Police,Pittsburgh,PA,1993,57974864,1206,"BJS LEMAS 1993, Data for Individual State and Local Agencies with 100 or More Officers (NCJ-148825), Table 7a",https://bjs.ojp.gov/content/pub/pdf/lemas93.pdf,2026-09-14
Pittsburgh Police,Pittsburgh,PA,2000,65452306,1036,"BJS LEMAS 2000, Data for Individual State and Local Agencies with 100 or More Officers (NCJ 203350), Table 5a",https://bjs.ojp.gov/content/pub/pdf/lemas00.pdf,2026-09-14
Providence Police,Providence,RI,1993,22081787,409,"BJS LEMAS 1993, Data for Individual State and Local Agencies with 100 or More Officers (NCJ-148825), Table 7a",https://bjs.ojp.gov/content/pub/pdf/lemas93.pdf,2026-09-14
Providence Police,Providence,RI,1997,20841362,468,"BJS LEMAS 1997, Data for Individual State and Local Agencies with 100 or More Officers (NCJ 171681), Table 6a",https://bjs.ojp.gov/content/pub/pdf/lemas97.pdf,2026-09-14
Providence Police,Providence,RI,2000,28352400,463,"BJS LEMAS 2000, Data for Individual State and Local Agencies with 100 or More Officers (NCJ 203350), Table 5a",https://bjs.ojp.gov/content/pub/pdf/lemas00.pdf,2026-09-14
Columbia Police,Columbia,SC,1997,15215179,288,"BJS LEMAS 1997, Data for Individual State and Local Agencies with 100 or More Officers (NCJ 171681), Table 6a",https://bjs.ojp.gov/content/pub/pdf/lemas97.pdf,2026-09-14
Columbia Police,Columbia,SC,2000,18303747,292,"BJS LEMAS 2000, Data for Individual State and Local Agencies with 100 or More Officers (NCJ 203350), Table 5a",https://bjs.ojp.gov/content/pub/pdf/lemas00.pdf,2026-09-14
Sioux Falls Police,Sioux Falls,SD,1997,10381142,159,"BJS LEMAS 1997, Data for Individual State and Local Agencies with 100 or More Officers (NCJ 171681), Table 6a",https://bjs.ojp.gov/content/pub/pdf/lemas97.pdf,2026-09-14
Sioux Falls Police,Sioux Falls,SD,2000,11917688,170,"BJS LEMAS 2000, Data for Individual State and Local Agencies with 100 or More Officers (NCJ 203350), Table 5a",https://bjs.ojp.gov/content/pub/pdf/lemas00.pdf,2026-09-14
Chattanooga Police,Chattanooga,TN,1993,17388783,377,"BJS LEMAS 1993, Data for Individual State and Local Agencies with 100 or More Officers (NCJ-148825), Table 7a",https://bjs.ojp.gov/content/pub/pdf/lemas93.pdf,2026-09-14
Chattanooga Police,Chattanooga,TN,1997,19756577,418,"BJS LEMAS 1997, Data for Individual State and Local Agencies with 100 or More Officers (NCJ 171681), Table 6a",https://bjs.ojp.gov/content/pub/pdf/lemas97.pdf,2026-09-14
Chattanooga Police,Chattanooga,TN,2000,28434390,432,"BJS LEMAS 2000, Data for Individual State and Local Agencies with 100 or More Officers (NCJ 203350), Table 5a",https://bjs.ojp.gov/content/pub/pdf/lemas00.pdf,2026-09-14
Clarksville Police,Clarksville,TN,2000,11000000,207,"BJS LEMAS 2000, Data for Individual State and Local Agencies with 100 or More Officers (NCJ 203350), Table 5a",https://bjs.ojp.gov/content/pub/pdf/lemas00.pdf,2026-09-14
Knoxville Police,Knoxville,TN,1993,15972007,331,"BJS LEMAS 1993, Data for Individual State and Local Agencies with 100 or More Officers (NCJ-148825), Table 7a",https://bjs.ojp.gov/content/pub/pdf/lemas93.pdf,2026-09-14
Knoxville Police,Knoxville,TN,1997,22249117,395,"BJS LEMAS 1997, Data for Individual State and Local Agencies with 100 or More Officers (NCJ 171681), Table 6a",https://bjs.ojp.gov/content/pub/pdf/lemas97.pdf,2026-09-14
Knoxville Police,Knoxville,TN,2000,30269368,401,"BJS LEMAS 2000, Data for Individual State and Local Agencies with 100 or More Officers (NCJ 203350), Table 5a",https://bjs.ojp.gov/content/pub/pdf/lemas00.pdf,2026-09-14
Memphis Police,Memphis,TN,1990,70093265,1382,"BJS, Police Departments in Large Cities, 1990-2000 (NCJ 175703), appendix table C. Printed in constant 2000 dollars; converted to nominal FY1990 dollars by dividing by BJS's stated CPI factor 1.3393. The table prints only the city; agency name carried over from the LEMAS volumes.",https://bjs.ojp.gov/content/pub/pdf/pdlc00.pdf,2026-09-14
Memphis Police,Memphis,TN,1997,109873761,1498,"BJS LEMAS 1997, Data for Individual State and Local Agencies with 100 or More Officers (NCJ 171681), Table 6a",https://bjs.ojp.gov/content/pub/pdf/lemas97.pdf,2026-09-14
Memphis Police,Memphis,TN,2000,140000000,1904,"BJS LEMAS 2000, Data for Individual State and Local Agencies with 100 or More Officers (NCJ 203350), Table 5a",https://bjs.ojp.gov/content/pub/pdf/lemas00.pdf,2026-09-14
Nashville Metropolitan Police,Nashville,TN,1990,64552919,1020,"BJS, Police Departments in Large Cities, 1990-2000 (NCJ 175703), appendix table C. Printed in constant 2000 dollars; converted to nominal FY1990 dollars by dividing by BJS's stated CPI factor 1.3393. The table prints only the city; agency name carried over from the LEMAS volumes.",https://bjs.ojp.gov/content/pub/pdf/pdlc00.pdf,2026-09-14
Nashville Metropolitan Police,Nashville,TN,1993,67731279,1051,"BJS LEMAS 1993, Data for Individual State and Local Agencies with 100 or More Officers (NCJ-148825), Table 7a",https://bjs.ojp.gov/content/pub/pdf/lemas93.pdf,2026-09-14
Nashville Metropolitan Police,Nashville,TN,1997,71801906,1279,"BJS LEMAS 1997, Data for Individual State and Local Agencies with 100 or More Officers (NCJ 171681), Table 6a",https://bjs.ojp.gov/content/pub/pdf/lemas97.pdf,2026-09-14
Nashville Metropolitan Police,Nashville,TN,2000,101829813,1249,"BJS LEMAS 2000, Data for Individual State and Local Agencies with 100 or More Officers (NCJ 203350), Table 5a",https://bjs.ojp.gov/content/pub/pdf/lemas00.pdf,2026-09-14
Abilene Police,Abilene,TX,1993,8272000,158,"BJS LEMAS 1993, Data for Individual State and Local Agencies with 100 or More Officers (NCJ-148825), Table 7a",https://bjs.ojp.gov/content/pub/pdf/lemas93.pdf,2026-09-14
Abilene Police,Abilene,TX,1997,9627380,167,"BJS LEMAS 1997, Data for Individual State and Local Agencies with 100 or More Officers (NCJ 171681), Table 6a",https://bjs.ojp.gov/content/pub/pdf/lemas97.pdf,2026-09-14
Abilene Police,Abilene,TX,2000,12878860,189,"BJS LEMAS 2000, Data for Individual State and Local Agencies with 100 or More Officers (NCJ 203350), Table 5a",https://bjs.ojp.gov/content/pub/pdf/lemas00.pdf,2026-09-14
Amarillo Police,Amarillo,TX,1993,10676475,252,"BJS LEMAS 1993, Data for Individual State and Local Agencies with 100 or More Officers (NCJ-148825), Table 7a",https://bjs.ojp.gov/content/pub/pdf/lemas93.pdf,2026-09-14
Amarillo Police,Amarillo,TX,1997,16892768,261,"BJS LEMAS 1997, Data for Individual State and Local Agencies with 100 or More Officers (NCJ 171681), Table 6a",https://bjs.ojp.gov/content/pub/pdf/lemas97.pdf,2026-09-14
Amarillo Police,Amarillo,TX,2000,20309953,264,"BJS LEMAS 2000, Data for Individual State and Local Agencies with 100 or More Officers (NCJ 203350), Table 5a",https://bjs.ojp.gov/content/pub/pdf/lemas00.pdf,2026-09-14
Arlington Police,Arlington,TX,1990,20195376,356,"BJS, Police Departments in Large Cities, 1990-2000 (NCJ 175703), appendix table C. Printed in constant 2000 dollars; converted to nominal FY1990 dollars by dividing by BJS's stated CPI factor 1.3393. The table prints only the city; agency name carried over from the LEMAS volumes.",https://bjs.ojp.gov/content/pub/pdf/pdlc00.pdf,2026-09-14
Arlington Police,Arlington,TX,1993,24880000,358,"BJS LEMAS 1993, Data for Individual State and Local Agencies with 100 or More Officers (NCJ-148825), Table 7a",https://bjs.ojp.gov/content/pub/pdf/lemas93.pdf,2026-09-14
Arlington Police,Arlington,TX,1997,39030000,458,"BJS LEMAS 1997, Data for Individual State and Local Agencies with 100 or More Officers (NCJ 171681), Table 6a",https://bjs.ojp.gov/content/pub/pdf/lemas97.pdf,2026-09-14
Arlington Police,Arlington,TX,2000,44900000,485,"BJS LEMAS 2000, Data for Individual State and Local Agencies with 100 or More Officers (NCJ 203350), Table 5a",https://bjs.ojp.gov/content/pub/pdf/lemas00.pdf,2026-09-14
Austin Police,Austin,TX,1990,49661110,795,"BJS, Police Departments in Large Cities, 1990-2000 (NCJ 175703), appendix table C. Printed in constant 2000 dollars; converted to nominal FY1990 dollars by dividing by BJS's stated CPI factor 1.3393. The table prints only the city; agency name carried over from the LEMAS volumes.",https://bjs.ojp.gov/content/pub/pdf/pdlc00.pdf,2026-09-14
Austin Police,Austin,TX,1993,62493000,921,"BJS LEMAS 1993, Data for Individual State and Local Agencies with 100 or More Officers (NCJ-148825), Table 7a",https://bjs.ojp.gov/content/pub/pdf/lemas93.pdf,2026-09-14
Austin Police,Austin,TX,1997,75503597,976,"BJS LEMAS 1997, Data for Individual State and Local Agencies with 100 or More Officers (NCJ 171681), Table 6a",https://bjs.ojp.gov/content/pub/pdf/lemas97.pdf,2026-09-14
Austin Police,Austin,TX,2000,107687988,1144,"BJS LEMAS 2000, Data for Individual State and Local Agencies with 100 or More Officers (NCJ 203350), Table 5a",https://bjs.ojp.gov/content/pub/pdf/lemas00.pdf,2026-09-14
Beaumont Police,Beaumont,TX,1993,14427500,239,"BJS LEMAS 1993, Data for Individual State and Local Agencies with 100 or More Officers (NCJ-148825), Table 7a",https://bjs.ojp.gov/content/pub/pdf/lemas93.pdf,2026-09-14
Beaumont Police,Beaumont,TX,1997,17208031,262,"BJS LEMAS 1997, Data for Individual State and Local Agencies with 100 or More Officers (NCJ 171681), Table 6a",https://bjs.ojp.gov/content/pub/pdf/lemas97.pdf,2026-09-14
Beaumont Police,Beaumont,TX,2000,17980600,258,"BJS LEMAS 2000, Data for Individual State and Local Agencies with 100 or More Officers (NCJ 203350), Table 5a",https://bjs.ojp.gov/content/pub/pdf/lemas00.pdf,2026-09-14
Brownsville Police,Brownsville,TX,1997,12189000,180,"BJS LEMAS 1997, Data for Individual State and Local Agencies with 100 or More Officers (NCJ 171681), Table 6a",https://bjs.ojp.gov/content/pub/pdf/lemas97.pdf,2026-09-14
Brownsville Police,Brownsville,TX,2000,14500000,217,"BJS LEMAS 2000, Data for Individual State and Local Agencies with 100 or More Officers (NCJ 203350), Table 5a",https://bjs.ojp.gov/content/pub/pdf/lemas00.pdf,2026-09-14
Carrollton Police,Carrollton,TX,2000,13697131,143,"BJS LEMAS 2000, Data for Individual State and Local Agencies with 100 or More Officers (NCJ 203350), Table 5a",https://bjs.ojp.gov/content/pub/pdf/lemas00.pdf,2026-09-14
Corpus Christi Police,Corpus Christi,TX,1990,21522685,367,"BJS, Police Departments in Large Cities, 1990-2000 (NCJ 175703), appendix table C. Printed in constant 2000 dollars; converted to nominal FY1990 dollars by dividing by BJS's stated CPI factor 1.3393. The table prints only the city; agency name carried over from the LEMAS volumes.",https://bjs.ojp.gov/content/pub/pdf/pdlc00.pdf,2026-09-14
Corpus Christi Police,Corpus Christi,TX,1993,26029000,379,"BJS LEMAS 1993, Data for Individual State and Local Agencies with 100 or More Officers (NCJ-148825), Table 7a",https://bjs.ojp.gov/content/pub/pdf/lemas93.pdf,2026-09-14
Corpus Christi Police,Corpus Christi,TX,1997,30783674,394,"BJS LEMAS 1997, Data for Individual State and Local Agencies with 100 or More Officers (NCJ 171681), Table 6a",https://bjs.ojp.gov/content/pub/pdf/lemas97.pdf,2026-09-14
Corpus Christi Police,Corpus Christi,TX,2000,38531910,407,"BJS LEMAS 2000, Data for Individual State and Local Agencies with 100 or More Officers (NCJ 203350), Table 5a",https://bjs.ojp.gov/content/pub/pdf/lemas00.pdf,2026-09-14
Dallas Police,Dallas,TX,1990,152097263,2635,"BJS, Police Departments in Large Cities, 1990-2000 (NCJ 175703), appendix table C. Printed in constant 2000 dollars; converted to nominal FY1990 dollars by dividing by BJS's stated CPI factor 1.3393. The table prints only the city; agency name carried over from the LEMAS volumes.",https://bjs.ojp.gov/content/pub/pdf/pdlc00.pdf,2026-09-14
Dallas Police,Dallas,TX,1993,146563166,2810,"BJS LEMAS 1993, Data for Individual State and Local Agencies with 100 or More Officers (NCJ-148825), Table 7a",https://bjs.ojp.gov/content/pub/pdf/lemas93.pdf,2026-09-14
Dallas Police,Dallas,TX,1997,212314565,2817,"BJS LEMAS 1997, Data for Individual State and Local Agencies with 100 or More Officers (NCJ 171681), Table 6a",https://bjs.ojp.gov/content/pub/pdf/lemas97.pdf,2026-09-14
Dallas Police,Dallas,TX,2000,246000000,2862,"BJS LEMAS 2000, Data for Individual State and Local Agencies with 100 or More Officers (NCJ 203350), Table 5a",https://bjs.ojp.gov/content/pub/pdf/lemas00.pdf,2026-09-14
El Paso Police,El Paso,TX,1990,36031498,738,"BJS, Police Departments in Large Cities, 1990-2000 (NCJ 175703), appendix table C. Printed in constant 2000 dollars; converted to nominal FY1990 dollars by dividing by BJS's stated CPI factor 1.3393. The table prints only the city; agency name carried over from the LEMAS volumes.",https://bjs.ojp.gov/content/pub/pdf/pdlc00.pdf,2026-09-14
El Paso Police,El Paso,TX,1993,46853989,862,"BJS LEMAS 1993, Data for Individual State and Local Agencies with 100 or More Officers (NCJ-148825), Table 7a",https://bjs.ojp.gov/content/pub/pdf/lemas93.pdf,2026-09-14
El Paso Police,El Paso,TX,1997,64441861,1013,"BJS LEMAS 1997, Data for Individual State and Local Agencies with 100 or More Officers (NCJ 171681), Table 6a",https://bjs.ojp.gov/content/pub/pdf/lemas97.pdf,2026-09-14
El Paso Police,El Paso,TX,2000,82040937,1057,"BJS LEMAS 2000, Data for Individual State and Local Agencies with 100 or More Officers (NCJ 203350), Table 5a",https://bjs.ojp.gov/content/pub/pdf/lemas00.pdf,2026-09-14
Fort Worth Police,Fort Worth,TX,1990,47732638,950,"BJS, Police Departments in Large Cities, 1990-2000 (NCJ 175703), appendix table C. Printed in constant 2000 dollars; converted to nominal FY1990 dollars by dividing by BJS's stated CPI factor 1.3393. The table prints only the city; agency name carried over from the LEMAS volumes.",https://bjs.ojp.gov/content/pub/pdf/pdlc00.pdf,2026-09-14
Fort Worth Police,Fort Worth,TX,1993,59478994,1060,"BJS LEMAS 1993, Data for Individual State and Local Agencies with 100 or More Officers (NCJ-148825), Table 7a",https://bjs.ojp.gov/content/pub/pdf/lemas93.pdf,2026-09-14
Fort Worth Police,Fort Worth,TX,1997,86677000,1200,"BJS LEMAS 1997, Data for Individual State and Local Agencies with 100 or More Officers (NCJ 171681), Table 6a",https://bjs.ojp.gov/content/pub/pdf/lemas97.pdf,2026-09-14
Fort Worth Police,Fort Worth,TX,2000,119119884,1196,"BJS LEMAS 2000, Data for Individual State and Local Agencies with 100 or More Officers (NCJ 203350), Table 5a",https://bjs.ojp.gov/content/pub/pdf/lemas00.pdf,2026-09-14
Garland Police,Garland,TX,1993,15218750,241,"BJS LEMAS 1993, Data for Individual State and Local Agencies with 100 or More Officers (NCJ-148825), Table 7a",https://bjs.ojp.gov/content/pub/pdf/lemas93.pdf,2026-09-14
Garland Police,Garland,TX,1997,21018305,288,"BJS LEMAS 1997, Data for Individual State and Local Agencies with 100 or More Officers (NCJ 171681), Table 6a",https://bjs.ojp.gov/content/pub/pdf/lemas97.pdf,2026-09-14
Garland Police,Garland,TX,2000,26570004,280,"BJS LEMAS 2000, Data for Individual State and Local Agencies with 100 or More Officers (NCJ 203350), Table 5a",https://bjs.ojp.gov/content/pub/pdf/lemas00.pdf,2026-09-14
Grand Prairie Police,Grand Prairie,TX,1997,13562617,169,"BJS LEMAS 1997, Data for Individual State and Local Agencies with 100 or More Officers (NCJ 171681), Table 6a",https://bjs.ojp.gov/content/pub/pdf/lemas97.pdf,2026-09-14
Grand Prairie Police,Grand Prairie,TX,2000,19743560,181,"BJS LEMAS 2000, Data for Individual State and Local Agencies with 100 or More Officers (NCJ 203350), Table 5a",https://bjs.ojp.gov/content/pub/pdf/lemas00.pdf,2026-09-14
Houston Police,Houston,TX,1990,223299385,4104,"BJS, Police Departments in Large Cities, 1990-2000 (NCJ 175703), appendix table C. Printed in constant 2000 dollars; converted to nominal FY1990 dollars by dividing by BJS's stated CPI factor 1.3393. The table prints only the city; agency name carried over from the LEMAS volumes.",https://bjs.ojp.gov/content/pub/pdf/pdlc00.pdf,2026-09-14
Houston Police,Houston,TX,1993,305000000,4627,"BJS LEMAS 1993, Data for Individual State and Local Agencies with 100 or More Officers (NCJ-148825), Table 7a",https://bjs.ojp.gov/content/pub/pdf/lemas93.pdf,2026-09-14
Houston Police,Houston,TX,1997,376666719,5355,"BJS LEMAS 1997, Data for Individual State and Local Agencies with 100 or More Officers (NCJ 171681), Table 6a",https://bjs.ojp.gov/content/pub/pdf/lemas97.pdf,2026-09-14
Houston Police,Houston,TX,2000,425867364,5343,"BJS LEMAS 2000, Data for Individual State and Local Agencies with 100 or More Officers (NCJ 203350), Table 5a",https://bjs.ojp.gov/content/pub/pdf/lemas00.pdf,2026-09-14
Irving Police,Irving,TX,1993,13496322,269,"BJS LEMAS 1993, Data for Individual State and Local Agencies with 100 or More Officers (NCJ-148825), Table 7a",https://bjs.ojp.gov/content/pub/pdf/lemas93.pdf,2026-09-14
Irving Police,Irving,TX,1997,21764177,278,"BJS LEMAS 1997, Data for Individual State and Local Agencies with 100 or More Officers (NCJ 171681), Table 6a",https://bjs.ojp.gov/content/pub/pdf/lemas97.pdf,2026-09-14
Irving Police,Irving,TX,2000,30006271,308,"BJS LEMAS 2000, Data for Individual State and Local Agencies with 100 or More Officers (NCJ 203350), Table 5a",https://bjs.ojp.gov/content/pub/pdf/lemas00.pdf,2026-09-14
Laredo Police,Laredo,TX,1993,9410028,218,"BJS LEMAS 1993, Data for Individual State and Local Agencies with 100 or More Officers (NCJ-148825), Table 7a",https://bjs.ojp.gov/content/pub/pdf/lemas93.pdf,2026-09-14
Laredo Police,Laredo,TX,1997,8526802,269,"BJS LEMAS 1997, Data for Individual State and Local Agencies with 100 or More Officers (NCJ 171681), Table 6a",https://bjs.ojp.gov/content/pub/pdf/lemas97.pdf,2026-09-14
Laredo Police,Laredo,TX,2000,20000000,345,"BJS LEMAS 2000, Data for Individual State and Local Agencies with 100 or More Officers (NCJ 203350), Table 5a",https://bjs.ojp.gov/content/pub/pdf/lemas00.pdf,2026-09-14
Lubbock Police,Lubbock,TX,1993,16374548,313,"BJS LEMAS 1993, Data for Individual State and Local Agencies with 100 or More Officers (NCJ-148825), Table 7a",https://bjs.ojp.gov/content/pub/pdf/lemas93.pdf,2026-09-14
Lubbock Police,Lubbock,TX,2000,25470534,301,"BJS LEMAS 2000, Data for Individual State and Local Agencies with 100 or More Officers (NCJ 203350), Table 5a",https://bjs.ojp.gov/content/pub/pdf/lemas00.pdf,2026-09-14
McAllen Police,McAllen,TX,1997,11207360,195,"BJS LEMAS 1997, Data for Individual State and Local Agencies with 100 or More Officers (NCJ 171681), Table 6a",https://bjs.ojp.gov/content/pub/pdf/lemas97.pdf,2026-09-14
McAllen Police,McAllen,TX,2000,15697000,232,"BJS LEMAS 2000, Data for Individual State and Local Agencies with 100 or More Officers (NCJ 203350), Table 5a",https://bjs.ojp.gov/content/pub/pdf/lemas00.pdf,2026-09-14
Mesquite Police,Mesquite,TX,1993,11309624,164,"BJS LEMAS 1993, Data for Individual State and Local Agencies with 100 or More Officers (NCJ-148825), Table 7a",https://bjs.ojp.gov/content/pub/pdf/lemas93.pdf,2026-09-14
Mesquite Police,Mesquite,TX,1997,15621795,193,"BJS LEMAS 1997, Data for Individual State and Local Agencies with 100 or More Officers (NCJ 171681), Table 6a",https://bjs.ojp.gov/content/pub/pdf/lemas97.pdf,2026-09-14
Mesquite Police,Mesquite,TX,2000,19519205,200,"BJS LEMAS 2000, Data for Individual State and Local Agencies with 100 or More Officers (NCJ 203350), Table 5a",https://bjs.ojp.gov/content/pub/pdf/lemas00.pdf,2026-09-14
Pasadena Police,Pasadena,TX,1993,10044626,205,"BJS LEMAS 1993, Data for Individual State and Local Agencies with 100 or More Officers (NCJ-148825), Table 7a",https://bjs.ojp.gov/content/pub/pdf/lemas93.pdf,2026-09-14
Pasadena Police,Pasadena,TX,1997,12830343,230,"BJS LEMAS 1997, Data for Individual State and Local Agencies with 100 or More Officers (NCJ 171681), Table 6a",https://bjs.ojp.gov/content/pub/pdf/lemas97.pdf,2026-09-14
Pasadena Police,Pasadena,TX,2000,22000000,250,"BJS LEMAS 2000, Data for Individual State and Local Agencies with 100 or More Officers (NCJ 203350), Table 5a",https://bjs.ojp.gov/content/pub/pdf/lemas00.pdf,2026-09-14
Plano Police,Plano,TX,1993,9405219,181,"BJS LEMAS 1993, Data for Individual State and Local Agencies with 100 or More Officers (NCJ-148825), Table 7a",https://bjs.ojp.gov/content/pub/pdf/lemas93.pdf,2026-09-14
Plano Police,Plano,TX,1997,18454269,245,"BJS LEMAS 1997, Data for Individual State and Local Agencies with 100 or More Officers (NCJ 171681), Table 6a",https://bjs.ojp.gov/content/pub/pdf/lemas97.pdf,2026-09-14
Plano Police,Plano,TX,2000,29852188,292,"BJS LEMAS 2000, Data for Individual State and Local Agencies with 100 or More Officers (NCJ 203350), Table 5a",https://bjs.ojp.gov/content/pub/pdf/lemas00.pdf,2026-09-14
San Antonio Police,San Antonio,TX,1990,88038572,1576,"BJS, Police Departments in Large Cities, 1990-2000 (NCJ 175703), appendix table C. Printed in constant 2000 dollars; converted to nominal FY1990 dollars by dividing by BJS's stated CPI factor 1.3393. The table prints only the city; agency name carried over from the LEMAS volumes.",https://bjs.ojp.gov/content/pub/pdf/pdlc00.pdf,2026-09-14
San Antonio Police,San Antonio,TX,1993,121644884,1641,"BJS LEMAS 1993, Data for Individual State and Local Agencies with 100 or More Officers (NCJ-148825), Table 7a",https://bjs.ojp.gov/content/pub/pdf/lemas93.pdf,2026-09-14
San Antonio Police,San Antonio,TX,1997,159456679,1867,"BJS LEMAS 1997, Data for Individual State and Local Agencies with 100 or More Officers (NCJ 171681), Table 6a",https://bjs.ojp.gov/content/pub/pdf/lemas97.pdf,2026-09-14
San Antonio Police,San Antonio,TX,2000,197013318,1882,"BJS LEMAS 2000, Data for Individual State and Local Agencies with 100 or More Officers (NCJ 203350), Table 5a",https://bjs.ojp.gov/content/pub/pdf/lemas00.pdf,2026-09-14
Waco Police,Waco,TX,1993,10864866,188,"BJS LEMAS 1993, Data for Individual State and Local Agencies with 100 or More Officers (NCJ-148825), Table 7a",https://bjs.ojp.gov/content/pub/pdf/lemas93.pdf,2026-09-14
Waco Police,Waco,TX,1997,12690337,224,"BJS LEMAS 1997, Data for Individual State and Local Agencies with 100 or More Officers (NCJ 171681), Table 6a",https://bjs.ojp.gov/content/pub/pdf/lemas97.pdf,2026-09-14
Waco Police,Waco,TX,2000,17131873,202,"BJS LEMAS 2000, Data for Individual State and Local Agencies with 100 or More Officers (NCJ 203350), Table 5a",https://bjs.ojp.gov/content/pub/pdf/lemas00.pdf,2026-09-14
Wichita Falls Police,Wichita Falls,TX,1997,11112300,174,"BJS LEMAS 1997, Data for Individual State and Local Agencies with 100 or More Officers (NCJ 171681), Table 6a",https://bjs.ojp.gov/content/pub/pdf/lemas97.pdf,2026-09-14
Wichita Falls Police,Wichita Falls,TX,2000,13218314,175,"BJS LEMAS 2000, Data for Individual State and Local Agencies with 100 or More Officers (NCJ 203350), Table 5a",https://bjs.ojp.gov/content/pub/pdf/lemas00.pdf,2026-09-14
Salt Lake City Police,Salt Lake City,UT,1993,19228762,360,"BJS LEMAS 1993, Data for Individual State and Local Agencies with 100 or More Officers (NCJ-148825), Table 7a",https://bjs.ojp.gov/content/pub/pdf/lemas93.pdf,2026-09-14
Salt Lake City Police,Salt Lake City,UT,1997,33490208,394,"BJS LEMAS 1997, Data for Individual State and Local Agencies with 100 or More Officers (NCJ 171681), Table 6a",https://bjs.ojp.gov/content/pub/pdf/lemas97.pdf,2026-09-14
Salt Lake City Police,Salt Lake City,UT,2000,39000000,409,"BJS LEMAS 2000, Data for Individual State and Local Agencies with 100 or More Officers (NCJ 203350), Table 5a",https://bjs.ojp.gov/content/pub/pdf/lemas00.pdf,2026-09-14
West Valley City Police,West Valley City,UT,2000,11515340,153,"BJS LEMAS 2000, Data for Individual State and Local Agencies with 100 or More Officers (NCJ 203350), Table 5a",https://bjs.ojp.gov/content/pub/pdf/lemas00.pdf,2026-09-14
Alexandria Police,Alexandria,VA,1993,23800000,258,"BJS LEMAS 1993, Data for Individual State and Local Agencies with 100 or More Officers (NCJ-148825), Table 7a",https://bjs.ojp.gov/content/pub/pdf/lemas93.pdf,2026-09-14
Alexandria Police,Alexandria,VA,1997,24926000,272,"BJS LEMAS 1997, Data for Individual State and Local Agencies with 100 or More Officers (NCJ 171681), Table 6a",https://bjs.ojp.gov/content/pub/pdf/lemas97.pdf,2026-09-14
Alexandria Police,Alexandria,VA,2000,30963524,279,"BJS LEMAS 2000, Data for Individual State and Local Agencies with 100 or More Officers (NCJ 203350), Table 5a",https://bjs.ojp.gov/content/pub/pdf/lemas00.pdf,2026-09-14
Chesapeake Police,Chesapeake,VA,1993,12911393,265,"BJS LEMAS 1993, Data for Individual State and Local Agencies with 100 or More Officers (NCJ-148825), Table 7a",https://bjs.ojp.gov/content/pub/pdf/lemas93.pdf,2026-09-14
Chesapeake Police,Chesapeake,VA,1997,18343138,295,"BJS LEMAS 1997, Data for Individual State and Local Agencies with 100 or More Officers (NCJ 171681), Table 6a",https://bjs.ojp.gov/content/pub/pdf/lemas97.pdf,2026-09-14
Chesapeake Police,Chesapeake,VA,2000,25193785,332,"BJS LEMAS 2000, Data for Individual State and Local Agencies with 100 or More Officers (NCJ 203350), Table 5a",https://bjs.ojp.gov/content/pub/pdf/lemas00.pdf,2026-09-14
Hampton Police,Hampton,VA,1993,10155995,208,"BJS LEMAS 1993, Data for Individual State and Local Agencies with 100 or More Officers (NCJ-148825), Table 7a",https://bjs.ojp.gov/content/pub/pdf/lemas93.pdf,2026-09-14
Hampton Police,Hampton,VA,1997,10476139,255,"BJS LEMAS 1997, Data for Individual State and Local Agencies with 100 or More Officers (NCJ 171681), Table 6a",https://bjs.ojp.gov/content/pub/pdf/lemas97.pdf,2026-09-14
Hampton Police,Hampton,VA,2000,14371910,249,"BJS LEMAS 2000, Data for Individual State and Local Agencies with 100 or More Officers (NCJ 203350), Table 5a",https://bjs.ojp.gov/content/pub/pdf/lemas00.pdf,2026-09-14
Newport News Police,Newport News,VA,1993,16690167,307,"BJS LEMAS 1993, Data for Individual State and Local Agencies with 100 or More Officers (NCJ-148825), Table 7a",https://bjs.ojp.gov/content/pub/pdf/lemas93.pdf,2026-09-14
Newport News Police,Newport News,VA,1997,22751785,372,"BJS LEMAS 1997, Data for Individual State and Local Agencies with 100 or More Officers (NCJ 171681), Table 6a",https://bjs.ojp.gov/content/pub/pdf/lemas97.pdf,2026-09-14
Newport News Police,Newport News,VA,2000,29062251,377,"BJS LEMAS 2000, Data for Individual State and Local Agencies with 100 or More Officers (NCJ 203350), Table 5a",https://bjs.ojp.gov/content/pub/pdf/lemas00.pdf,2026-09-14
Norfolk Police,Norfolk,VA,1993,34528579,672,"BJS LEMAS 1993, Data for Individual State and Local Agencies with 100 or More Officers (NCJ-148825), Table 7a",https://bjs.ojp.gov/content/pub/pdf/lemas93.pdf,2026-09-14
Norfolk Police,Norfolk,VA,1997,40687615,711,"BJS LEMAS 1997, Data for Individual State and Local Agencies with 100 or More Officers (NCJ 171681), Table 6a",https://bjs.ojp.gov/content/pub/pdf/lemas97.pdf,2026-09-14
Norfolk Police,Norfolk,VA,2000,43031178,665,"BJS LEMAS 2000, Data for Individual State and Local Agencies with 100 or More Officers (NCJ 203350), Table 5a",https://bjs.ojp.gov/content/pub/pdf/lemas00.pdf,2026-09-14
Portsmouth Police,Portsmouth,VA,1993,8815141,214,"BJS LEMAS 1993, Data for Individual State and Local Agencies with 100 or More Officers (NCJ-148825), Table 7a",https://bjs.ojp.gov/content/pub/pdf/lemas93.pdf,2026-09-14
Portsmouth Police,Portsmouth,VA,1997,12488725,246,"BJS LEMAS 1997, Data for Individual State and Local Agencies with 100 or More Officers (NCJ 171681), Table 6a",https://bjs.ojp.gov/content/pub/pdf/lemas97.pdf,2026-09-14
Portsmouth Police,Portsmouth,VA,2000,15523464,246,"BJS LEMAS 2000, Data for Individual State and Local Agencies with 100 or More Officers (NCJ 203350), Table 5a",https://bjs.ojp.gov/content/pub/pdf/lemas00.pdf,2026-09-14
Richmond City Police,Richmond,VA,1993,38260122,632,"BJS LEMAS 1993, Data for Individual State and Local Agencies with 100 or More Officers (NCJ-148825), Table 7a",https://bjs.ojp.gov/content/pub/pdf/lemas93.pdf,2026-09-14
Richmond Police,Richmond,VA,1997,36016880,702,"BJS LEMAS 1997, Data for Individual State and Local Agencies with 100 or More Officers (NCJ 171681), Table 6a",https://bjs.ojp.gov/content/pub/pdf/lemas97.pdf,2026-09-14
Richmond Police,Richmond,VA,2000,50643201,703,"BJS LEMAS 2000, Data for Individual State and Local Agencies with 100 or More Officers (NCJ 203350), Table 5a",https://bjs.ojp.gov/content/pub/pdf/lemas00.pdf,2026-09-14
Virginia Beach Police,Virginia Beach,VA,1990,35618343,597,"BJS, Police Departments in Large Cities, 1990-2000 (NCJ 175703), appendix table C. Printed in constant 2000 dollars; converted to nominal FY1990 dollars by dividing by BJS's stated CPI factor 1.3393. The table prints only the city; agency name carried over from the LEMAS volumes.",https://bjs.ojp.gov/content/pub/pdf/pdlc00.pdf,2026-09-14
Virginia Beach Police,Virginia Beach,VA,1993,38947636,620,"BJS LEMAS 1993, Data for Individual State and Local Agencies with 100 or More Officers (NCJ-148825), Table 7a",https://bjs.ojp.gov/content/pub/pdf/lemas93.pdf,2026-09-14
Virginia Beach Police,Virginia Beach,VA,1997,50820241,708,"BJS LEMAS 1997, Data for Individual State and Local Agencies with 100 or More Officers (NCJ 171681), Table 6a",https://bjs.ojp.gov/content/pub/pdf/lemas97.pdf,2026-09-14
Virginia Beach Police,Virginia Beach,VA,2000,57960815,721,"BJS LEMAS 2000, Data for Individual State and Local Agencies with 100 or More Officers (NCJ 203350), Table 5a",https://bjs.ojp.gov/content/pub/pdf/lemas00.pdf,2026-09-14
Bellevue Police,Bellevue,WA,2000,27560957,166,"BJS LEMAS 2000, Data for Individual State and Local Agencies with 100 or More Officers (NCJ 203350), Table 5a",https://bjs.ojp.gov/content/pub/pdf/lemas00.pdf,2026-09-14
Seattle Police,Seattle,WA,1990,81600148,1271,"BJS, Police Departments in Large Cities, 1990-2000 (NCJ 175703), appendix table C. Printed in constant 2000 dollars; converted to nominal FY1990 dollars by dividing by BJS's stated CPI factor 1.3393. The table prints only the city; agency name carried over from the LEMAS volumes.",https://bjs.ojp.gov/content/pub/pdf/pdlc00.pdf,2026-09-14
Seattle Police,Seattle,WA,1997,116566847,1232,"BJS LEMAS 1997, Data for Individual State and Local Agencies with 100 or More Officers (NCJ 171681), Table 6a",https://bjs.ojp.gov/content/pub/pdf/lemas97.pdf,2026-09-14
Seattle Police,Seattle,WA,2000,135604854,1261,"BJS LEMAS 2000, Data for Individual State and Local Agencies with 100 or More Officers (NCJ 203350), Table 5a",https://bjs.ojp.gov/content/pub/pdf/lemas00.pdf,2026-09-14
Spokane Police,Spokane,WA,1993,22612209,252,"BJS LEMAS 1993, Data for Individual State and Local Agencies with 100 or More Officers (NCJ-148825), Table 7a",https://bjs.ojp.gov/content/pub/pdf/lemas93.pdf,2026-09-14
Spokane Police,Spokane,WA,1997,26703400,281,"BJS LEMAS 1997, Data for Individual State and Local Agencies with 100 or More Officers (NCJ 171681), Table 6a",https://bjs.ojp.gov/content/pub/pdf/lemas97.pdf,2026-09-14
Spokane Police,Spokane,WA,2000,32735760,292,"BJS LEMAS 2000, Data for Individual State and Local Agencies with 100 or More Officers (NCJ 203350), Table 5a",https://bjs.ojp.gov/content/pub/pdf/lemas00.pdf,2026-09-14
Tacoma Police,Tacoma,WA,1993,29668552,349,"BJS LEMAS 1993, Data for Individual State and Local Agencies with 100 or More Officers (NCJ-148825), Table 7a",https://bjs.ojp.gov/content/pub/pdf/lemas93.pdf,2026-09-14
Tacoma Police,Tacoma,WA,1997,39577361,388,"BJS LEMAS 1997, Data for Individual State and Local Agencies with 100 or More Officers (NCJ 171681), Table 6a",https://bjs.ojp.gov/content/pub/pdf/lemas97.pdf,2026-09-14
Tacoma Police,Tacoma,WA,2000,79469914,378,"BJS LEMAS 2000, Data for Individual State and Local Agencies with 100 or More Officers (NCJ 203350), Table 5a",https://bjs.ojp.gov/content/pub/pdf/lemas00.pdf,2026-09-14
Vancouver Police,Vancouver,WA,2000,16304780,160,"BJS LEMAS 2000, Data for Individual State and Local Agencies with 100 or More Officers (NCJ 203350), Table 5a",https://bjs.ojp.gov/content/pub/pdf/lemas00.pdf,2026-09-14
Green Bay Police,Green Bay,WI,1997,13721040,185,"BJS LEMAS 1997, Data for Individual State and Local Agencies with 100 or More Officers (NCJ 171681), Table 6a",https://bjs.ojp.gov/content/pub/pdf/lemas97.pdf,2026-09-14
Green Bay Police,Green Bay,WI,2000,18084000,191,"BJS LEMAS 2000, Data for Individual State and Local Agencies with 100 or More Officers (NCJ 203350), Table 5a",https://bjs.ojp.gov/content/pub/pdf/lemas00.pdf,2026-09-14
Madison Police,Madison,WI,1993,25497225,303,"BJS LEMAS 1993, Data for Individual State and Local Agencies with 100 or More Officers (NCJ-148825), Table 7a",https://bjs.ojp.gov/content/pub/pdf/lemas93.pdf,2026-09-14
Madison Police,Madison,WI,1997,30073241,327,"BJS LEMAS 1997, Data for Individual State and Local Agencies with 100 or More Officers (NCJ 171681), Table 6a",https://bjs.ojp.gov/content/pub/pdf/lemas97.pdf,2026-09-14
Madison Police,Madison,WI,2000,35197123,374,"BJS LEMAS 2000, Data for Individual State and Local Agencies with 100 or More Officers (NCJ 203350), Table 5a",https://bjs.ojp.gov/content/pub/pdf/lemas00.pdf,2026-09-14
Milwaukee Police,Milwaukee,WI,1990,109734622,1866,"BJS, Police Departments in Large Cities, 1990-2000 (NCJ 175703), appendix table C. Printed in constant 2000 dollars; converted to nominal FY1990 dollars by dividing by BJS's stated CPI factor 1.3393. The table prints only the city; agency name carried over from the LEMAS volumes.",https://bjs.ojp.gov/content/pub/pdf/pdlc00.pdf,2026-09-14
Milwaukee Police,Milwaukee,WI,1993,126372132,2039,"BJS LEMAS 1993, Data for Individual State and Local Agencies with 100 or More Officers (NCJ-148825), Table 7a",https://bjs.ojp.gov/content/pub/pdf/lemas93.pdf,2026-09-14
Milwaukee Police,Milwaukee,WI,1997,130711033,2151,"BJS LEMAS 1997, Data for Individual State and Local Agencies with 100 or More Officers (NCJ 171681), Table 6a",https://bjs.ojp.gov/content/pub/pdf/lemas97.pdf,2026-09-14
Milwaukee Police,Milwaukee,WI,2000,149812727,1998,"BJS LEMAS 2000, Data for Individual State and Local Agencies with 100 or More Officers (NCJ 203350), Table 5a",https://bjs.ojp.gov/content/pub/pdf/lemas00.pdf,2026-09-14
